runtime_family,runtime,runtime_provenance,domain,model,model_checkpoint,temperature,top_p,batch_size,isl,osl,context_profile,position_encoding,cuda_graph,setup_signature,attention_backend,method,k,tok_s_gpu,latency_s,acceptance_rate,mean_accept_len,job_id,source_status,source,baseline_tok_s_gpu,baseline_latency_s,throughput_speedup,latency_speedup,throughput_speedup_label,latency_speedup_label
vllm_native,vLLM 0.24.0,"{""cuda_version"":""13.0"",""environment"":{""VLLM_ATTENTION_BACKEND"":null,""VLLM_USE_V2_MODEL_RUNNER"":""0""},""gpu_count"":4,""gpu_names"":[""NVIDIA GB200"",""NVIDIA GB200"",""NVIDIA GB200"",""NVIDIA GB200""],""platform"":""Linux-6.17.0-1021-nvidia-64k-aarch64-with-glibc2.39"",""python"":""3.12.3"",""torch_version"":""2.11.0+cu130"",""vllm_version"":""0.24.0""}",Math,Qwen3-8B,/lustre/fsw/coreai_dlalgo_llm/users/sna/hf_home/hub/models--Qwen--Qwen3-8B/snapshots/b968826d9c46dd6066d109eabc6255188de91218,0.0,1.0,1,4096,32768,Native 32K,native,PIECEWISE,"{""attention_backend"":""TRITON_ATTN"",""cuda_profiler_range"":false,""cudagraph_mode"":""PIECEWISE"",""disable_custom_all_reduce"":true,""dtype"":""bfloat16"",""enable_chunked_prefill"":true,""enable_prefix_caching"":true,""enforce_eager"":false,""engine_gpus"":1,""gpu_memory_utilization"":0.9,""isl"":4096,""kv_cache_dtype"":""auto"",""max_model_len"":40960,""max_num_batched_tokens"":131072,""max_num_seqs"":32,""measure_repeats"":1,""model"":""/lustre/fsw/coreai_dlalgo_llm/users/sna/hf_home/hub/models--Qwen--Qwen3-8B/snapshots/b968826d9c46dd6066d109eabc6255188de91218"",""moe_backend"":""auto"",""osl"":32768,""pipeline_parallel_size"":1,""pp"":1,""prompt_jsonl"":""/lustre/fsw/coreai_dlalgo_llm/users/sna/vllm024-dynamicsd/datasets/math_500_data_prompts_qmath_20260617.jsonl"",""prompt_offset"":0,""seed"":0,""temperature"":0.0,""tensor_parallel_size"":1,""top_p"":1.0,""total_gpus"":4,""tp"":1,""warmup_repeats"":1}",TRITON_ATTN,suffix,32.0,111.63516043479724,73.38189839199185,1.0,17.0,2276621,partial,experiments/vllm_024_dynamicsd/report/20260704_q8_cg_piecewise_full_partial/math/suffix/matrix_cg-on-piecewise/suffix_t0p0/result.json,,,,,waiting matched baseline,waiting matched baseline
vllm_native,vLLM 0.24.0,"{""cuda_version"":""13.0"",""environment"":{""VLLM_ATTENTION_BACKEND"":null,""VLLM_USE_V2_MODEL_RUNNER"":""0""},""gpu_count"":4,""gpu_names"":[""NVIDIA GB200"",""NVIDIA GB200"",""NVIDIA GB200"",""NVIDIA GB200""],""platform"":""Linux-6.17.0-1021-nvidia-64k-aarch64-with-glibc2.39"",""python"":""3.12.3"",""torch_version"":""2.11.0+cu130"",""vllm_version"":""0.24.0""}",Math,Qwen3-8B,/lustre/fsw/coreai_dlalgo_llm/users/sna/hf_home/hub/models--Qwen--Qwen3-8B/snapshots/b968826d9c46dd6066d109eabc6255188de91218,1.0,1.0,1,4096,32768,Native 32K,native,PIECEWISE,"{""attention_backend"":""TRITON_ATTN"",""cuda_profiler_range"":false,""cudagraph_mode"":""PIECEWISE"",""disable_custom_all_reduce"":true,""dtype"":""bfloat16"",""enable_chunked_prefill"":true,""enable_prefix_caching"":true,""enforce_eager"":false,""engine_gpus"":1,""gpu_memory_utilization"":0.9,""isl"":4096,""kv_cache_dtype"":""auto"",""max_model_len"":40960,""max_num_batched_tokens"":131072,""max_num_seqs"":32,""measure_repeats"":1,""model"":""/lustre/fsw/coreai_dlalgo_llm/users/sna/hf_home/hub/models--Qwen--Qwen3-8B/snapshots/b968826d9c46dd6066d109eabc6255188de91218"",""moe_backend"":""auto"",""osl"":32768,""pipeline_parallel_size"":1,""pp"":1,""prompt_jsonl"":""/lustre/fsw/coreai_dlalgo_llm/users/sna/vllm024-dynamicsd/datasets/math_500_data_prompts_qmath_20260617.jsonl"",""prompt_offset"":0,""seed"":0,""temperature"":1.0,""tensor_parallel_size"":1,""top_p"":1.0,""total_gpus"":4,""tp"":1,""warmup_repeats"":1}",TRITON_ATTN,suffix,32.0,111.67136470138345,73.35810771101387,1.0,17.0,2276622,partial,experiments/vllm_024_dynamicsd/report/20260704_q8_cg_piecewise_full_partial/math/suffix/matrix_cg-on-piecewise/suffix_t1p0/result.json,,,,,waiting matched baseline,waiting matched baseline
vllm_native,vLLM 0.24.0,"{""cuda_version"":""13.0"",""environment"":{""VLLM_ATTENTION_BACKEND"":null,""VLLM_USE_V2_MODEL_RUNNER"":""0""},""gpu_count"":4,""gpu_names"":[""NVIDIA GB200"",""NVIDIA GB200"",""NVIDIA GB200"",""NVIDIA GB200""],""platform"":""Linux-6.17.0-1021-nvidia-64k-aarch64-with-glibc2.39"",""python"":""3.12.3"",""torch_version"":""2.11.0+cu130"",""vllm_version"":""0.24.0""}",Math,Qwen3-8B,/lustre/fsw/coreai_dlalgo_llm/users/sna/hf_home/hub/models--Qwen--Qwen3-8B/snapshots/b968826d9c46dd6066d109eabc6255188de91218,0.0,1.0,1,4096,32768,Native 32K,native,NONE,"{""attention_backend"":""TRITON_ATTN"",""cuda_profiler_range"":false,""cudagraph_mode"":""NONE"",""disable_custom_all_reduce"":true,""dtype"":""bfloat16"",""enable_chunked_prefill"":true,""enable_prefix_caching"":true,""enforce_eager"":true,""engine_gpus"":1,""gpu_memory_utilization"":0.9,""isl"":4096,""kv_cache_dtype"":""auto"",""max_model_len"":40960,""max_num_batched_tokens"":131072,""max_num_seqs"":32,""measure_repeats"":1,""model"":""/lustre/fsw/coreai_dlalgo_llm/users/sna/hf_home/hub/models--Qwen--Qwen3-8B/snapshots/b968826d9c46dd6066d109eabc6255188de91218"",""moe_backend"":""auto"",""osl"":32768,""pipeline_parallel_size"":1,""pp"":1,""prompt_jsonl"":""/lustre/fsw/coreai_dlalgo_llm/users/sna/vllm024-dynamicsd/datasets/math_500_data_prompts_qmath_20260617.jsonl"",""prompt_offset"":0,""seed"":0,""temperature"":0.0,""tensor_parallel_size"":1,""top_p"":1.0,""total_gpus"":4,""tp"":1,""warmup_repeats"":1}",TRITON_ATTN,baseline,,9.2310215835687,887.4424055709969,,,2270775,complete,experiments/vllm_024_dynamicsd/report/20260704_vllm_native_completed/native32k/math/baseline/matrix/baseline_t0p0/result.json,9.2310215835687,887.4424055709969,1.0,1.0,1.00x,1.00x
vllm_native,vLLM 0.24.0,"{""cuda_version"":""13.0"",""environment"":{""VLLM_ATTENTION_BACKEND"":null,""VLLM_USE_V2_MODEL_RUNNER"":""0""},""gpu_count"":4,""gpu_names"":[""NVIDIA GB200"",""NVIDIA GB200"",""NVIDIA GB200"",""NVIDIA GB200""],""platform"":""Linux-6.17.0-1021-nvidia-64k-aarch64-with-glibc2.39"",""python"":""3.12.3"",""torch_version"":""2.11.0+cu130"",""vllm_version"":""0.24.0""}",Math,Qwen3-8B,/lustre/fsw/coreai_dlalgo_llm/users/sna/hf_home/hub/models--Qwen--Qwen3-8B/snapshots/b968826d9c46dd6066d109eabc6255188de91218,0.0,1.0,2,4096,32768,Native 32K,native,NONE,"{""attention_backend"":""TRITON_ATTN"",""cuda_profiler_range"":false,""cudagraph_mode"":""NONE"",""disable_custom_all_reduce"":true,""dtype"":""bfloat16"",""enable_chunked_prefill"":true,""enable_prefix_caching"":true,""enforce_eager"":true,""engine_gpus"":1,""gpu_memory_utilization"":0.9,""isl"":4096,""kv_cache_dtype"":""auto"",""max_model_len"":40960,""max_num_batched_tokens"":131072,""max_num_seqs"":32,""measure_repeats"":1,""model"":""/lustre/fsw/coreai_dlalgo_llm/users/sna/hf_home/hub/models--Qwen--Qwen3-8B/snapshots/b968826d9c46dd6066d109eabc6255188de91218"",""moe_backend"":""auto"",""osl"":32768,""pipeline_parallel_size"":1,""pp"":1,""prompt_jsonl"":""/lustre/fsw/coreai_dlalgo_llm/users/sna/vllm024-dynamicsd/datasets/math_500_data_prompts_qmath_20260617.jsonl"",""prompt_offset"":0,""seed"":0,""temperature"":0.0,""tensor_parallel_size"":1,""top_p"":1.0,""total_gpus"":4,""tp"":1,""warmup_repeats"":1}",TRITON_ATTN,baseline,,18.704797684362756,875.9250047220266,,,2270775,complete,experiments/vllm_024_dynamicsd/report/20260704_vllm_native_completed/native32k/math/baseline/matrix/baseline_t0p0/result.json,18.704797684362756,875.9250047220266,1.0,1.0,1.00x,1.00x
vllm_native,vLLM 0.24.0,"{""cuda_version"":""13.0"",""environment"":{""VLLM_ATTENTION_BACKEND"":null,""VLLM_USE_V2_MODEL_RUNNER"":""0""},""gpu_count"":4,""gpu_names"":[""NVIDIA GB200"",""NVIDIA GB200"",""NVIDIA GB200"",""NVIDIA GB200""],""platform"":""Linux-6.17.0-1021-nvidia-64k-aarch64-with-glibc2.39"",""python"":""3.12.3"",""torch_version"":""2.11.0+cu130"",""vllm_version"":""0.24.0""}",Math,Qwen3-8B,/lustre/fsw/coreai_dlalgo_llm/users/sna/hf_home/hub/models--Qwen--Qwen3-8B/snapshots/b968826d9c46dd6066d109eabc6255188de91218,0.0,1.0,4,4096,32768,Native 32K,native,NONE,"{""attention_backend"":""TRITON_ATTN"",""cuda_profiler_range"":false,""cudagraph_mode"":""NONE"",""disable_custom_all_reduce"":true,""dtype"":""bfloat16"",""enable_chunked_prefill"":true,""enable_prefix_caching"":true,""enforce_eager"":true,""engine_gpus"":1,""gpu_memory_utilization"":0.9,""isl"":4096,""kv_cache_dtype"":""auto"",""max_model_len"":40960,""max_num_batched_tokens"":131072,""max_num_seqs"":32,""measure_repeats"":1,""model"":""/lustre/fsw/coreai_dlalgo_llm/users/sna/hf_home/hub/models--Qwen--Qwen3-8B/snapshots/b968826d9c46dd6066d109eabc6255188de91218"",""moe_backend"":""auto"",""osl"":32768,""pipeline_parallel_size"":1,""pp"":1,""prompt_jsonl"":""/lustre/fsw/coreai_dlalgo_llm/users/sna/vllm024-dynamicsd/datasets/math_500_data_prompts_qmath_20260617.jsonl"",""prompt_offset"":0,""seed"":0,""temperature"":0.0,""tensor_parallel_size"":1,""top_p"":1.0,""total_gpus"":4,""tp"":1,""warmup_repeats"":1}",TRITON_ATTN,baseline,,37.279732126789526,878.976272912987,,,2270775,complete,experiments/vllm_024_dynamicsd/report/20260704_vllm_native_completed/native32k/math/baseline/matrix/baseline_t0p0/result.json,37.279732126789526,878.976272912987,1.0,1.0,1.00x,1.00x
vllm_native,vLLM 0.24.0,"{""cuda_version"":""13.0"",""environment"":{""VLLM_ATTENTION_BACKEND"":null,""VLLM_USE_V2_MODEL_RUNNER"":""0""},""gpu_count"":4,""gpu_names"":[""NVIDIA GB200"",""NVIDIA GB200"",""NVIDIA GB200"",""NVIDIA GB200""],""platform"":""Linux-6.17.0-1021-nvidia-64k-aarch64-with-glibc2.39"",""python"":""3.12.3"",""torch_version"":""2.11.0+cu130"",""vllm_version"":""0.24.0""}",Math,Qwen3-8B,/lustre/fsw/coreai_dlalgo_llm/users/sna/hf_home/hub/models--Qwen--Qwen3-8B/snapshots/b968826d9c46dd6066d109eabc6255188de91218,0.0,1.0,8,4096,32768,Native 32K,native,NONE,"{""attention_backend"":""TRITON_ATTN"",""cuda_profiler_range"":false,""cudagraph_mode"":""NONE"",""disable_custom_all_reduce"":true,""dtype"":""bfloat16"",""enable_chunked_prefill"":true,""enable_prefix_caching"":true,""enforce_eager"":true,""engine_gpus"":1,""gpu_memory_utilization"":0.9,""isl"":4096,""kv_cache_dtype"":""auto"",""max_model_len"":40960,""max_num_batched_tokens"":131072,""max_num_seqs"":32,""measure_repeats"":1,""model"":""/lustre/fsw/coreai_dlalgo_llm/users/sna/hf_home/hub/models--Qwen--Qwen3-8B/snapshots/b968826d9c46dd6066d109eabc6255188de91218"",""moe_backend"":""auto"",""osl"":32768,""pipeline_parallel_size"":1,""pp"":1,""prompt_jsonl"":""/lustre/fsw/coreai_dlalgo_llm/users/sna/vllm024-dynamicsd/datasets/math_500_data_prompts_qmath_20260617.jsonl"",""prompt_offset"":0,""seed"":0,""temperature"":0.0,""tensor_parallel_size"":1,""top_p"":1.0,""total_gpus"":4,""tp"":1,""warmup_repeats"":1}",TRITON_ATTN,baseline,,74.10213105299202,884.4010161210317,,,2270775,complete,experiments/vllm_024_dynamicsd/report/20260704_vllm_native_completed/native32k/math/baseline/matrix/baseline_t0p0/result.json,74.10213105299202,884.4010161210317,1.0,1.0,1.00x,1.00x
vllm_native,vLLM 0.24.0,"{""cuda_version"":""13.0"",""environment"":{""VLLM_ATTENTION_BACKEND"":null,""VLLM_USE_V2_MODEL_RUNNER"":""0""},""gpu_count"":4,""gpu_names"":[""NVIDIA GB200"",""NVIDIA GB200"",""NVIDIA GB200"",""NVIDIA GB200""],""platform"":""Linux-6.17.0-1021-nvidia-64k-aarch64-with-glibc2.39"",""python"":""3.12.3"",""torch_version"":""2.11.0+cu130"",""vllm_version"":""0.24.0""}",Math,Qwen3-8B,/lustre/fsw/coreai_dlalgo_llm/users/sna/hf_home/hub/models--Qwen--Qwen3-8B/snapshots/b968826d9c46dd6066d109eabc6255188de91218,0.0,1.0,16,4096,32768,Native 32K,native,NONE,"{""attention_backend"":""TRITON_ATTN"",""cuda_profiler_range"":false,""cudagraph_mode"":""NONE"",""disable_custom_all_reduce"":true,""dtype"":""bfloat16"",""enable_chunked_prefill"":true,""enable_prefix_caching"":true,""enforce_eager"":true,""engine_gpus"":1,""gpu_memory_utilization"":0.9,""isl"":4096,""kv_cache_dtype"":""auto"",""max_model_len"":40960,""max_num_batched_tokens"":131072,""max_num_seqs"":32,""measure_repeats"":1,""model"":""/lustre/fsw/coreai_dlalgo_llm/users/sna/hf_home/hub/models--Qwen--Qwen3-8B/snapshots/b968826d9c46dd6066d109eabc6255188de91218"",""moe_backend"":""auto"",""osl"":32768,""pipeline_parallel_size"":1,""pp"":1,""prompt_jsonl"":""/lustre/fsw/coreai_dlalgo_llm/users/sna/vllm024-dynamicsd/datasets/math_500_data_prompts_qmath_20260617.jsonl"",""prompt_offset"":0,""seed"":0,""temperature"":0.0,""tensor_parallel_size"":1,""top_p"":1.0,""total_gpus"":4,""tp"":1,""warmup_repeats"":1}",TRITON_ATTN,baseline,,148.13048500995424,884.8414962739917,,,2270775,complete,experiments/vllm_024_dynamicsd/report/20260704_vllm_native_completed/native32k/math/baseline/matrix/baseline_t0p0/result.json,148.13048500995424,884.8414962739917,1.0,1.0,1.00x,1.00x
vllm_native,vLLM 0.24.0,"{""cuda_version"":""13.0"",""environment"":{""VLLM_ATTENTION_BACKEND"":null,""VLLM_USE_V2_MODEL_RUNNER"":""0""},""gpu_count"":4,""gpu_names"":[""NVIDIA GB200"",""NVIDIA GB200"",""NVIDIA GB200"",""NVIDIA GB200""],""platform"":""Linux-6.17.0-1021-nvidia-64k-aarch64-with-glibc2.39"",""python"":""3.12.3"",""torch_version"":""2.11.0+cu130"",""vllm_version"":""0.24.0""}",Math,Qwen3-8B,/lustre/fsw/coreai_dlalgo_llm/users/sna/hf_home/hub/models--Qwen--Qwen3-8B/snapshots/b968826d9c46dd6066d109eabc6255188de91218,0.0,1.0,32,4096,32768,Native 32K,native,NONE,"{""attention_backend"":""TRITON_ATTN"",""cuda_profiler_range"":false,""cudagraph_mode"":""NONE"",""disable_custom_all_reduce"":true,""dtype"":""bfloat16"",""enable_chunked_prefill"":true,""enable_prefix_caching"":true,""enforce_eager"":true,""engine_gpus"":1,""gpu_memory_utilization"":0.9,""isl"":4096,""kv_cache_dtype"":""auto"",""max_model_len"":40960,""max_num_batched_tokens"":131072,""max_num_seqs"":32,""measure_repeats"":1,""model"":""/lustre/fsw/coreai_dlalgo_llm/users/sna/hf_home/hub/models--Qwen--Qwen3-8B/snapshots/b968826d9c46dd6066d109eabc6255188de91218"",""moe_backend"":""auto"",""osl"":32768,""pipeline_parallel_size"":1,""pp"":1,""prompt_jsonl"":""/lustre/fsw/coreai_dlalgo_llm/users/sna/vllm024-dynamicsd/datasets/math_500_data_prompts_qmath_20260617.jsonl"",""prompt_offset"":0,""seed"":0,""temperature"":0.0,""tensor_parallel_size"":1,""top_p"":1.0,""total_gpus"":4,""tp"":1,""warmup_repeats"":1}",TRITON_ATTN,baseline,,164.68264711913437,1591.8131301979884,,,2270775,complete,experiments/vllm_024_dynamicsd/report/20260704_vllm_native_completed/native32k/math/baseline/matrix/baseline_t0p0/result.json,164.68264711913437,1591.8131301979884,1.0,1.0,1.00x,1.00x
vllm_native,vLLM 0.24.0,"{""cuda_version"":""13.0"",""environment"":{""VLLM_ATTENTION_BACKEND"":null,""VLLM_USE_V2_MODEL_RUNNER"":""0""},""gpu_count"":4,""gpu_names"":[""NVIDIA GB200"",""NVIDIA GB200"",""NVIDIA GB200"",""NVIDIA GB200""],""platform"":""Linux-6.17.0-1021-nvidia-64k-aarch64-with-glibc2.39"",""python"":""3.12.3"",""torch_version"":""2.11.0+cu130"",""vllm_version"":""0.24.0""}",Math,Qwen3-8B,/lustre/fsw/coreai_dlalgo_llm/users/sna/hf_home/hub/models--Qwen--Qwen3-8B/snapshots/b968826d9c46dd6066d109eabc6255188de91218,1.0,1.0,1,4096,32768,Native 32K,native,NONE,"{""attention_backend"":""TRITON_ATTN"",""cuda_profiler_range"":false,""cudagraph_mode"":""NONE"",""disable_custom_all_reduce"":true,""dtype"":""bfloat16"",""enable_chunked_prefill"":true,""enable_prefix_caching"":true,""enforce_eager"":true,""engine_gpus"":1,""gpu_memory_utilization"":0.9,""isl"":4096,""kv_cache_dtype"":""auto"",""max_model_len"":40960,""max_num_batched_tokens"":131072,""max_num_seqs"":32,""measure_repeats"":1,""model"":""/lustre/fsw/coreai_dlalgo_llm/users/sna/hf_home/hub/models--Qwen--Qwen3-8B/snapshots/b968826d9c46dd6066d109eabc6255188de91218"",""moe_backend"":""auto"",""osl"":32768,""pipeline_parallel_size"":1,""pp"":1,""prompt_jsonl"":""/lustre/fsw/coreai_dlalgo_llm/users/sna/vllm024-dynamicsd/datasets/math_500_data_prompts_qmath_20260617.jsonl"",""prompt_offset"":0,""seed"":0,""temperature"":1.0,""tensor_parallel_size"":1,""top_p"":1.0,""total_gpus"":4,""tp"":1,""warmup_repeats"":1}",TRITON_ATTN,baseline,,8.898419344856165,920.6129406269756,,,2270776,complete,experiments/vllm_024_dynamicsd/report/20260704_vllm_native_completed/native32k/math/baseline/matrix/baseline_t1p0/result.json,8.898419344856165,920.6129406269756,1.0,1.0,1.00x,1.00x
vllm_native,vLLM 0.24.0,"{""cuda_version"":""13.0"",""environment"":{""VLLM_ATTENTION_BACKEND"":null,""VLLM_USE_V2_MODEL_RUNNER"":""0""},""gpu_count"":4,""gpu_names"":[""NVIDIA GB200"",""NVIDIA GB200"",""NVIDIA GB200"",""NVIDIA GB200""],""platform"":""Linux-6.17.0-1021-nvidia-64k-aarch64-with-glibc2.39"",""python"":""3.12.3"",""torch_version"":""2.11.0+cu130"",""vllm_version"":""0.24.0""}",Math,Qwen3-8B,/lustre/fsw/coreai_dlalgo_llm/users/sna/hf_home/hub/models--Qwen--Qwen3-8B/snapshots/b968826d9c46dd6066d109eabc6255188de91218,1.0,1.0,2,4096,32768,Native 32K,native,NONE,"{""attention_backend"":""TRITON_ATTN"",""cuda_profiler_range"":false,""cudagraph_mode"":""NONE"",""disable_custom_all_reduce"":true,""dtype"":""bfloat16"",""enable_chunked_prefill"":true,""enable_prefix_caching"":true,""enforce_eager"":true,""engine_gpus"":1,""gpu_memory_utilization"":0.9,""isl"":4096,""kv_cache_dtype"":""auto"",""max_model_len"":40960,""max_num_batched_tokens"":131072,""max_num_seqs"":32,""measure_repeats"":1,""model"":""/lustre/fsw/coreai_dlalgo_llm/users/sna/hf_home/hub/models--Qwen--Qwen3-8B/snapshots/b968826d9c46dd6066d109eabc6255188de91218"",""moe_backend"":""auto"",""osl"":32768,""pipeline_parallel_size"":1,""pp"":1,""prompt_jsonl"":""/lustre/fsw/coreai_dlalgo_llm/users/sna/vllm024-dynamicsd/datasets/math_500_data_prompts_qmath_20260617.jsonl"",""prompt_offset"":0,""seed"":0,""temperature"":1.0,""tensor_parallel_size"":1,""top_p"":1.0,""total_gpus"":4,""tp"":1,""warmup_repeats"":1}",TRITON_ATTN,baseline,,17.94786290526943,912.8663443929981,,,2270776,complete,experiments/vllm_024_dynamicsd/report/20260704_vllm_native_completed/native32k/math/baseline/matrix/baseline_t1p0/result.json,17.94786290526943,912.8663443929981,1.0,1.0,1.00x,1.00x
vllm_native,vLLM 0.24.0,"{""cuda_version"":""13.0"",""environment"":{""VLLM_ATTENTION_BACKEND"":null,""VLLM_USE_V2_MODEL_RUNNER"":""0""},""gpu_count"":4,""gpu_names"":[""NVIDIA GB200"",""NVIDIA GB200"",""NVIDIA GB200"",""NVIDIA GB200""],""platform"":""Linux-6.17.0-1021-nvidia-64k-aarch64-with-glibc2.39"",""python"":""3.12.3"",""torch_version"":""2.11.0+cu130"",""vllm_version"":""0.24.0""}",Math,Qwen3-8B,/lustre/fsw/coreai_dlalgo_llm/users/sna/hf_home/hub/models--Qwen--Qwen3-8B/snapshots/b968826d9c46dd6066d109eabc6255188de91218,1.0,1.0,4,4096,32768,Native 32K,native,NONE,"{""attention_backend"":""TRITON_ATTN"",""cuda_profiler_range"":false,""cudagraph_mode"":""NONE"",""disable_custom_all_reduce"":true,""dtype"":""bfloat16"",""enable_chunked_prefill"":true,""enable_prefix_caching"":true,""enforce_eager"":true,""engine_gpus"":1,""gpu_memory_utilization"":0.9,""isl"":4096,""kv_cache_dtype"":""auto"",""max_model_len"":40960,""max_num_batched_tokens"":131072,""max_num_seqs"":32,""measure_repeats"":1,""model"":""/lustre/fsw/coreai_dlalgo_llm/users/sna/hf_home/hub/models--Qwen--Qwen3-8B/snapshots/b968826d9c46dd6066d109eabc6255188de91218"",""moe_backend"":""auto"",""osl"":32768,""pipeline_parallel_size"":1,""pp"":1,""prompt_jsonl"":""/lustre/fsw/coreai_dlalgo_llm/users/sna/vllm024-dynamicsd/datasets/math_500_data_prompts_qmath_20260617.jsonl"",""prompt_offset"":0,""seed"":0,""temperature"":1.0,""tensor_parallel_size"":1,""top_p"":1.0,""total_gpus"":4,""tp"":1,""warmup_repeats"":1}",TRITON_ATTN,baseline,,35.622118883207065,919.8779024750111,,,2270776,complete,experiments/vllm_024_dynamicsd/report/20260704_vllm_native_completed/native32k/math/baseline/matrix/baseline_t1p0/result.json,35.622118883207065,919.8779024750111,1.0,1.0,1.00x,1.00x
vllm_native,vLLM 0.24.0,"{""cuda_version"":""13.0"",""environment"":{""VLLM_ATTENTION_BACKEND"":null,""VLLM_USE_V2_MODEL_RUNNER"":""0""},""gpu_count"":4,""gpu_names"":[""NVIDIA GB200"",""NVIDIA GB200"",""NVIDIA GB200"",""NVIDIA GB200""],""platform"":""Linux-6.17.0-1021-nvidia-64k-aarch64-with-glibc2.39"",""python"":""3.12.3"",""torch_version"":""2.11.0+cu130"",""vllm_version"":""0.24.0""}",Math,Qwen3-8B,/lustre/fsw/coreai_dlalgo_llm/users/sna/hf_home/hub/models--Qwen--Qwen3-8B/snapshots/b968826d9c46dd6066d109eabc6255188de91218,1.0,1.0,8,4096,32768,Native 32K,native,NONE,"{""attention_backend"":""TRITON_ATTN"",""cuda_profiler_range"":false,""cudagraph_mode"":""NONE"",""disable_custom_all_reduce"":true,""dtype"":""bfloat16"",""enable_chunked_prefill"":true,""enable_prefix_caching"":true,""enforce_eager"":true,""engine_gpus"":1,""gpu_memory_utilization"":0.9,""isl"":4096,""kv_cache_dtype"":""auto"",""max_model_len"":40960,""max_num_batched_tokens"":131072,""max_num_seqs"":32,""measure_repeats"":1,""model"":""/lustre/fsw/coreai_dlalgo_llm/users/sna/hf_home/hub/models--Qwen--Qwen3-8B/snapshots/b968826d9c46dd6066d109eabc6255188de91218"",""moe_backend"":""auto"",""osl"":32768,""pipeline_parallel_size"":1,""pp"":1,""prompt_jsonl"":""/lustre/fsw/coreai_dlalgo_llm/users/sna/vllm024-dynamicsd/datasets/math_500_data_prompts_qmath_20260617.jsonl"",""prompt_offset"":0,""seed"":0,""temperature"":1.0,""tensor_parallel_size"":1,""top_p"":1.0,""total_gpus"":4,""tp"":1,""warmup_repeats"":1}",TRITON_ATTN,baseline,,70.54786410742828,928.9579610830406,,,2270776,complete,experiments/vllm_024_dynamicsd/report/20260704_vllm_native_completed/native32k/math/baseline/matrix/baseline_t1p0/result.json,70.54786410742828,928.9579610830406,1.0,1.0,1.00x,1.00x
vllm_native,vLLM 0.24.0,"{""cuda_version"":""13.0"",""environment"":{""VLLM_ATTENTION_BACKEND"":null,""VLLM_USE_V2_MODEL_RUNNER"":""0""},""gpu_count"":4,""gpu_names"":[""NVIDIA GB200"",""NVIDIA GB200"",""NVIDIA GB200"",""NVIDIA GB200""],""platform"":""Linux-6.17.0-1021-nvidia-64k-aarch64-with-glibc2.39"",""python"":""3.12.3"",""torch_version"":""2.11.0+cu130"",""vllm_version"":""0.24.0""}",Math,Qwen3-8B,/lustre/fsw/coreai_dlalgo_llm/users/sna/hf_home/hub/models--Qwen--Qwen3-8B/snapshots/b968826d9c46dd6066d109eabc6255188de91218,1.0,1.0,16,4096,32768,Native 32K,native,NONE,"{""attention_backend"":""TRITON_ATTN"",""cuda_profiler_range"":false,""cudagraph_mode"":""NONE"",""disable_custom_all_reduce"":true,""dtype"":""bfloat16"",""enable_chunked_prefill"":true,""enable_prefix_caching"":true,""enforce_eager"":true,""engine_gpus"":1,""gpu_memory_utilization"":0.9,""isl"":4096,""kv_cache_dtype"":""auto"",""max_model_len"":40960,""max_num_batched_tokens"":131072,""max_num_seqs"":32,""measure_repeats"":1,""model"":""/lustre/fsw/coreai_dlalgo_llm/users/sna/hf_home/hub/models--Qwen--Qwen3-8B/snapshots/b968826d9c46dd6066d109eabc6255188de91218"",""moe_backend"":""auto"",""osl"":32768,""pipeline_parallel_size"":1,""pp"":1,""prompt_jsonl"":""/lustre/fsw/coreai_dlalgo_llm/users/sna/vllm024-dynamicsd/datasets/math_500_data_prompts_qmath_20260617.jsonl"",""prompt_offset"":0,""seed"":0,""temperature"":1.0,""tensor_parallel_size"":1,""top_p"":1.0,""total_gpus"":4,""tp"":1,""warmup_repeats"":1}",TRITON_ATTN,baseline,,141.68324165012956,925.1058803670458,,,2270776,complete,experiments/vllm_024_dynamicsd/report/20260704_vllm_native_completed/native32k/math/baseline/matrix/baseline_t1p0/result.json,141.68324165012956,925.1058803670458,1.0,1.0,1.00x,1.00x
vllm_native,vLLM 0.24.0,"{""cuda_version"":""13.0"",""environment"":{""VLLM_ATTENTION_BACKEND"":null,""VLLM_USE_V2_MODEL_RUNNER"":""0""},""gpu_count"":4,""gpu_names"":[""NVIDIA GB200"",""NVIDIA GB200"",""NVIDIA GB200"",""NVIDIA GB200""],""platform"":""Linux-6.17.0-1021-nvidia-64k-aarch64-with-glibc2.39"",""python"":""3.12.3"",""torch_version"":""2.11.0+cu130"",""vllm_version"":""0.24.0""}",Math,Qwen3-8B,/lustre/fsw/coreai_dlalgo_llm/users/sna/hf_home/hub/models--Qwen--Qwen3-8B/snapshots/b968826d9c46dd6066d109eabc6255188de91218,1.0,1.0,32,4096,32768,Native 32K,native,NONE,"{""attention_backend"":""TRITON_ATTN"",""cuda_profiler_range"":false,""cudagraph_mode"":""NONE"",""disable_custom_all_reduce"":true,""dtype"":""bfloat16"",""enable_chunked_prefill"":true,""enable_prefix_caching"":true,""enforce_eager"":true,""engine_gpus"":1,""gpu_memory_utilization"":0.9,""isl"":4096,""kv_cache_dtype"":""auto"",""max_model_len"":40960,""max_num_batched_tokens"":131072,""max_num_seqs"":32,""measure_repeats"":1,""model"":""/lustre/fsw/coreai_dlalgo_llm/users/sna/hf_home/hub/models--Qwen--Qwen3-8B/snapshots/b968826d9c46dd6066d109eabc6255188de91218"",""moe_backend"":""auto"",""osl"":32768,""pipeline_parallel_size"":1,""pp"":1,""prompt_jsonl"":""/lustre/fsw/coreai_dlalgo_llm/users/sna/vllm024-dynamicsd/datasets/math_500_data_prompts_qmath_20260617.jsonl"",""prompt_offset"":0,""seed"":0,""temperature"":1.0,""tensor_parallel_size"":1,""top_p"":1.0,""total_gpus"":4,""tp"":1,""warmup_repeats"":1}",TRITON_ATTN,baseline,,162.29935860912556,1615.1881452060188,,,2270776,complete,experiments/vllm_024_dynamicsd/report/20260704_vllm_native_completed/native32k/math/baseline/matrix/baseline_t1p0/result.json,162.29935860912556,1615.1881452060188,1.0,1.0,1.00x,1.00x
vllm_native,vLLM 0.24.0,"{""cuda_version"":""13.0"",""environment"":{""VLLM_ATTENTION_BACKEND"":null,""VLLM_USE_V2_MODEL_RUNNER"":""0""},""gpu_count"":4,""gpu_names"":[""NVIDIA GB200"",""NVIDIA GB200"",""NVIDIA GB200"",""NVIDIA GB200""],""platform"":""Linux-6.17.0-1021-nvidia-64k-aarch64-with-glibc2.39"",""python"":""3.12.3"",""torch_version"":""2.11.0+cu130"",""vllm_version"":""0.24.0""}",Math,Qwen3-8B,/lustre/fsw/coreai_dlalgo_llm/users/sna/hf_home/hub/models--Qwen--Qwen3-8B/snapshots/b968826d9c46dd6066d109eabc6255188de91218,0.0,1.0,1,4096,32768,Native 32K,native,NONE,"{""attention_backend"":""TRITON_ATTN"",""cuda_profiler_range"":false,""cudagraph_mode"":""NONE"",""disable_custom_all_reduce"":true,""dtype"":""bfloat16"",""enable_chunked_prefill"":true,""enable_prefix_caching"":true,""enforce_eager"":true,""engine_gpus"":1,""gpu_memory_utilization"":0.9,""isl"":4096,""kv_cache_dtype"":""auto"",""max_model_len"":40960,""max_num_batched_tokens"":131072,""max_num_seqs"":32,""measure_repeats"":1,""model"":""/lustre/fsw/coreai_dlalgo_llm/users/sna/hf_home/hub/models--Qwen--Qwen3-8B/snapshots/b968826d9c46dd6066d109eabc6255188de91218"",""moe_backend"":""auto"",""osl"":32768,""pipeline_parallel_size"":1,""pp"":1,""prompt_jsonl"":""/lustre/fsw/coreai_dlalgo_llm/users/sna/vllm024-dynamicsd/datasets/math_500_data_prompts_qmath_20260617.jsonl"",""prompt_offset"":0,""seed"":0,""temperature"":0.0,""tensor_parallel_size"":1,""top_p"":1.0,""total_gpus"":4,""tp"":1,""warmup_repeats"":1}",TRITON_ATTN,dflash,15.0,27.968024559369113,292.9059212820139,0.28693212474371427,5.303981871155714,2270783,complete,experiments/vllm_024_dynamicsd/report/20260704_vllm_native_completed/native32k/math/dflash/matrix/dflash_t0p0/result.json,9.2310215835687,887.4424055709969,3.0297864982953184,3.029786498295318,3.03x,3.03x
vllm_native,vLLM 0.24.0,"{""cuda_version"":""13.0"",""environment"":{""VLLM_ATTENTION_BACKEND"":null,""VLLM_USE_V2_MODEL_RUNNER"":""0""},""gpu_count"":4,""gpu_names"":[""NVIDIA GB200"",""NVIDIA GB200"",""NVIDIA GB200"",""NVIDIA GB200""],""platform"":""Linux-6.17.0-1021-nvidia-64k-aarch64-with-glibc2.39"",""python"":""3.12.3"",""torch_version"":""2.11.0+cu130"",""vllm_version"":""0.24.0""}",Math,Qwen3-8B,/lustre/fsw/coreai_dlalgo_llm/users/sna/hf_home/hub/models--Qwen--Qwen3-8B/snapshots/b968826d9c46dd6066d109eabc6255188de91218,0.0,1.0,2,4096,32768,Native 32K,native,NONE,"{""attention_backend"":""TRITON_ATTN"",""cuda_profiler_range"":false,""cudagraph_mode"":""NONE"",""disable_custom_all_reduce"":true,""dtype"":""bfloat16"",""enable_chunked_prefill"":true,""enable_prefix_caching"":true,""enforce_eager"":true,""engine_gpus"":1,""gpu_memory_utilization"":0.9,""isl"":4096,""kv_cache_dtype"":""auto"",""max_model_len"":40960,""max_num_batched_tokens"":131072,""max_num_seqs"":32,""measure_repeats"":1,""model"":""/lustre/fsw/coreai_dlalgo_llm/users/sna/hf_home/hub/models--Qwen--Qwen3-8B/snapshots/b968826d9c46dd6066d109eabc6255188de91218"",""moe_backend"":""auto"",""osl"":32768,""pipeline_parallel_size"":1,""pp"":1,""prompt_jsonl"":""/lustre/fsw/coreai_dlalgo_llm/users/sna/vllm024-dynamicsd/datasets/math_500_data_prompts_qmath_20260617.jsonl"",""prompt_offset"":0,""seed"":0,""temperature"":0.0,""tensor_parallel_size"":1,""top_p"":1.0,""total_gpus"":4,""tp"":1,""warmup_repeats"":1}",TRITON_ATTN,dflash,15.0,28.87121861434865,567.4855716640013,0.18924945329584505,3.838741799437676,2270783,complete,experiments/vllm_024_dynamicsd/report/20260704_vllm_native_completed/native32k/math/dflash/matrix/dflash_t0p0/result.json,18.704797684362756,875.9250047220266,1.5435194275576174,1.5435194275576174,1.54x,1.54x
vllm_native,vLLM 0.24.0,"{""cuda_version"":""13.0"",""environment"":{""VLLM_ATTENTION_BACKEND"":null,""VLLM_USE_V2_MODEL_RUNNER"":""0""},""gpu_count"":4,""gpu_names"":[""NVIDIA GB200"",""NVIDIA GB200"",""NVIDIA GB200"",""NVIDIA GB200""],""platform"":""Linux-6.17.0-1021-nvidia-64k-aarch64-with-glibc2.39"",""python"":""3.12.3"",""torch_version"":""2.11.0+cu130"",""vllm_version"":""0.24.0""}",Math,Qwen3-8B,/lustre/fsw/coreai_dlalgo_llm/users/sna/hf_home/hub/models--Qwen--Qwen3-8B/snapshots/b968826d9c46dd6066d109eabc6255188de91218,0.0,1.0,4,4096,32768,Native 32K,native,NONE,"{""attention_backend"":""TRITON_ATTN"",""cuda_profiler_range"":false,""cudagraph_mode"":""NONE"",""disable_custom_all_reduce"":true,""dtype"":""bfloat16"",""enable_chunked_prefill"":true,""enable_prefix_caching"":true,""enforce_eager"":true,""engine_gpus"":1,""gpu_memory_utilization"":0.9,""isl"":4096,""kv_cache_dtype"":""auto"",""max_model_len"":40960,""max_num_batched_tokens"":131072,""max_num_seqs"":32,""measure_repeats"":1,""model"":""/lustre/fsw/coreai_dlalgo_llm/users/sna/hf_home/hub/models--Qwen--Qwen3-8B/snapshots/b968826d9c46dd6066d109eabc6255188de91218"",""moe_backend"":""auto"",""osl"":32768,""pipeline_parallel_size"":1,""pp"":1,""prompt_jsonl"":""/lustre/fsw/coreai_dlalgo_llm/users/sna/vllm024-dynamicsd/datasets/math_500_data_prompts_qmath_20260617.jsonl"",""prompt_offset"":0,""seed"":0,""temperature"":0.0,""tensor_parallel_size"":1,""top_p"":1.0,""total_gpus"":4,""tp"":1,""warmup_repeats"":1}",TRITON_ATTN,dflash,15.0,55.42745896256325,591.18712301302,0.25266530234371193,4.789979535155679,2270783,complete,experiments/vllm_024_dynamicsd/report/20260704_vllm_native_completed/native32k/math/dflash/matrix/dflash_t0p0/result.json,37.279732126789526,878.976272912987,1.486798745603985,1.486798745603985,1.49x,1.49x
vllm_native,vLLM 0.24.0,"{""cuda_version"":""13.0"",""environment"":{""VLLM_ATTENTION_BACKEND"":null,""VLLM_USE_V2_MODEL_RUNNER"":""0""},""gpu_count"":4,""gpu_names"":[""NVIDIA GB200"",""NVIDIA GB200"",""NVIDIA GB200"",""NVIDIA GB200""],""platform"":""Linux-6.17.0-1021-nvidia-64k-aarch64-with-glibc2.39"",""python"":""3.12.3"",""torch_version"":""2.11.0+cu130"",""vllm_version"":""0.24.0""}",Math,Qwen3-8B,/lustre/fsw/coreai_dlalgo_llm/users/sna/hf_home/hub/models--Qwen--Qwen3-8B/snapshots/b968826d9c46dd6066d109eabc6255188de91218,0.0,1.0,8,4096,32768,Native 32K,native,NONE,"{""attention_backend"":""TRITON_ATTN"",""cuda_profiler_range"":false,""cudagraph_mode"":""NONE"",""disable_custom_all_reduce"":true,""dtype"":""bfloat16"",""enable_chunked_prefill"":true,""enable_prefix_caching"":true,""enforce_eager"":true,""engine_gpus"":1,""gpu_memory_utilization"":0.9,""isl"":4096,""kv_cache_dtype"":""auto"",""max_model_len"":40960,""max_num_batched_tokens"":131072,""max_num_seqs"":32,""measure_repeats"":1,""model"":""/lustre/fsw/coreai_dlalgo_llm/users/sna/hf_home/hub/models--Qwen--Qwen3-8B/snapshots/b968826d9c46dd6066d109eabc6255188de91218"",""moe_backend"":""auto"",""osl"":32768,""pipeline_parallel_size"":1,""pp"":1,""prompt_jsonl"":""/lustre/fsw/coreai_dlalgo_llm/users/sna/vllm024-dynamicsd/datasets/math_500_data_prompts_qmath_20260617.jsonl"",""prompt_offset"":0,""seed"":0,""temperature"":0.0,""tensor_parallel_size"":1,""top_p"":1.0,""total_gpus"":4,""tp"":1,""warmup_repeats"":1}",TRITON_ATTN,dflash,15.0,115.75760302553626,566.148557737004,0.29192553380661224,5.3788830070991835,2270783,complete,experiments/vllm_024_dynamicsd/report/20260704_vllm_native_completed/native32k/math/dflash/matrix/dflash_t0p0/result.json,74.10213105299202,884.4010161210317,1.5621359518359266,1.5621359518359264,1.56x,1.56x
vllm_native,vLLM 0.24.0,"{""cuda_version"":""13.0"",""environment"":{""VLLM_ATTENTION_BACKEND"":null,""VLLM_USE_V2_MODEL_RUNNER"":""0""},""gpu_count"":4,""gpu_names"":[""NVIDIA GB200"",""NVIDIA GB200"",""NVIDIA GB200"",""NVIDIA GB200""],""platform"":""Linux-6.17.0-1021-nvidia-64k-aarch64-with-glibc2.39"",""python"":""3.12.3"",""torch_version"":""2.11.0+cu130"",""vllm_version"":""0.24.0""}",Math,Qwen3-8B,/lustre/fsw/coreai_dlalgo_llm/users/sna/hf_home/hub/models--Qwen--Qwen3-8B/snapshots/b968826d9c46dd6066d109eabc6255188de91218,0.0,1.0,16,4096,32768,Native 32K,native,NONE,"{""attention_backend"":""TRITON_ATTN"",""cuda_profiler_range"":false,""cudagraph_mode"":""NONE"",""disable_custom_all_reduce"":true,""dtype"":""bfloat16"",""enable_chunked_prefill"":true,""enable_prefix_caching"":true,""enforce_eager"":true,""engine_gpus"":1,""gpu_memory_utilization"":0.9,""isl"":4096,""kv_cache_dtype"":""auto"",""max_model_len"":40960,""max_num_batched_tokens"":131072,""max_num_seqs"":32,""measure_repeats"":1,""model"":""/lustre/fsw/coreai_dlalgo_llm/users/sna/hf_home/hub/models--Qwen--Qwen3-8B/snapshots/b968826d9c46dd6066d109eabc6255188de91218"",""moe_backend"":""auto"",""osl"":32768,""pipeline_parallel_size"":1,""pp"":1,""prompt_jsonl"":""/lustre/fsw/coreai_dlalgo_llm/users/sna/vllm024-dynamicsd/datasets/math_500_data_prompts_qmath_20260617.jsonl"",""prompt_offset"":0,""seed"":0,""temperature"":0.0,""tensor_parallel_size"":1,""top_p"":1.0,""total_gpus"":4,""tp"":1,""warmup_repeats"":1}",TRITON_ATTN,dflash,15.0,188.82343015579164,694.1511437000008,0.281573948619856,5.22360922929784,2270783,complete,experiments/vllm_024_dynamicsd/report/20260704_vllm_native_completed/native32k/math/dflash/matrix/dflash_t0p0/result.json,148.13048500995424,884.8414962739917,1.2747101323748644,1.2747101323748644,1.27x,1.27x
vllm_native,vLLM 0.24.0,"{""cuda_version"":""13.0"",""environment"":{""VLLM_ATTENTION_BACKEND"":null,""VLLM_USE_V2_MODEL_RUNNER"":""0""},""gpu_count"":4,""gpu_names"":[""NVIDIA GB200"",""NVIDIA GB200"",""NVIDIA GB200"",""NVIDIA GB200""],""platform"":""Linux-6.17.0-1021-nvidia-64k-aarch64-with-glibc2.39"",""python"":""3.12.3"",""torch_version"":""2.11.0+cu130"",""vllm_version"":""0.24.0""}",Math,Qwen3-8B,/lustre/fsw/coreai_dlalgo_llm/users/sna/hf_home/hub/models--Qwen--Qwen3-8B/snapshots/b968826d9c46dd6066d109eabc6255188de91218,0.0,1.0,32,4096,32768,Native 32K,native,NONE,"{""attention_backend"":""TRITON_ATTN"",""cuda_profiler_range"":false,""cudagraph_mode"":""NONE"",""disable_custom_all_reduce"":true,""dtype"":""bfloat16"",""enable_chunked_prefill"":true,""enable_prefix_caching"":true,""enforce_eager"":true,""engine_gpus"":1,""gpu_memory_utilization"":0.9,""isl"":4096,""kv_cache_dtype"":""auto"",""max_model_len"":40960,""max_num_batched_tokens"":131072,""max_num_seqs"":32,""measure_repeats"":1,""model"":""/lustre/fsw/coreai_dlalgo_llm/users/sna/hf_home/hub/models--Qwen--Qwen3-8B/snapshots/b968826d9c46dd6066d109eabc6255188de91218"",""moe_backend"":""auto"",""osl"":32768,""pipeline_parallel_size"":1,""pp"":1,""prompt_jsonl"":""/lustre/fsw/coreai_dlalgo_llm/users/sna/vllm024-dynamicsd/datasets/math_500_data_prompts_qmath_20260617.jsonl"",""prompt_offset"":0,""seed"":0,""temperature"":0.0,""tensor_parallel_size"":1,""top_p"":1.0,""total_gpus"":4,""tp"":1,""warmup_repeats"":1}",TRITON_ATTN,dflash,15.0,263.5092255081527,994.8190599189838,0.26393229166666665,4.958984375,2270783,complete,experiments/vllm_024_dynamicsd/report/20260704_vllm_native_completed/native32k/math/dflash/matrix/dflash_t0p0/result.json,164.68264711913437,1591.8131301979884,1.6001031688391882,1.6001031688391882,1.60x,1.60x
vllm_native,vLLM 0.24.0,"{""cuda_version"":""13.0"",""environment"":{""VLLM_ATTENTION_BACKEND"":null,""VLLM_USE_V2_MODEL_RUNNER"":""0""},""gpu_count"":4,""gpu_names"":[""NVIDIA GB200"",""NVIDIA GB200"",""NVIDIA GB200"",""NVIDIA GB200""],""platform"":""Linux-6.17.0-1021-nvidia-64k-aarch64-with-glibc2.39"",""python"":""3.12.3"",""torch_version"":""2.11.0+cu130"",""vllm_version"":""0.24.0""}",Math,Qwen3-8B,/lustre/fsw/coreai_dlalgo_llm/users/sna/hf_home/hub/models--Qwen--Qwen3-8B/snapshots/b968826d9c46dd6066d109eabc6255188de91218,1.0,1.0,1,4096,32768,Native 32K,native,NONE,"{""attention_backend"":""TRITON_ATTN"",""cuda_profiler_range"":false,""cudagraph_mode"":""NONE"",""disable_custom_all_reduce"":true,""dtype"":""bfloat16"",""enable_chunked_prefill"":true,""enable_prefix_caching"":true,""enforce_eager"":true,""engine_gpus"":1,""gpu_memory_utilization"":0.9,""isl"":4096,""kv_cache_dtype"":""auto"",""max_model_len"":40960,""max_num_batched_tokens"":131072,""max_num_seqs"":32,""measure_repeats"":1,""model"":""/lustre/fsw/coreai_dlalgo_llm/users/sna/hf_home/hub/models--Qwen--Qwen3-8B/snapshots/b968826d9c46dd6066d109eabc6255188de91218"",""moe_backend"":""auto"",""osl"":32768,""pipeline_parallel_size"":1,""pp"":1,""prompt_jsonl"":""/lustre/fsw/coreai_dlalgo_llm/users/sna/vllm024-dynamicsd/datasets/math_500_data_prompts_qmath_20260617.jsonl"",""prompt_offset"":0,""seed"":0,""temperature"":1.0,""tensor_parallel_size"":1,""top_p"":1.0,""total_gpus"":4,""tp"":1,""warmup_repeats"":1}",TRITON_ATTN,dflash,15.0,27.67145460318581,296.04515257599996,0.28693212474371427,5.303981871155714,2270784,complete,experiments/vllm_024_dynamicsd/report/20260704_vllm_native_completed/native32k/math/dflash/matrix/dflash_t1p0/result.json,8.898419344856165,920.6129406269756,3.109704491414154,3.109704491414154,3.11x,3.11x
vllm_native,vLLM 0.24.0,"{""cuda_version"":""13.0"",""environment"":{""VLLM_ATTENTION_BACKEND"":null,""VLLM_USE_V2_MODEL_RUNNER"":""0""},""gpu_count"":4,""gpu_names"":[""NVIDIA GB200"",""NVIDIA GB200"",""NVIDIA GB200"",""NVIDIA GB200""],""platform"":""Linux-6.17.0-1021-nvidia-64k-aarch64-with-glibc2.39"",""python"":""3.12.3"",""torch_version"":""2.11.0+cu130"",""vllm_version"":""0.24.0""}",Math,Qwen3-8B,/lustre/fsw/coreai_dlalgo_llm/users/sna/hf_home/hub/models--Qwen--Qwen3-8B/snapshots/b968826d9c46dd6066d109eabc6255188de91218,1.0,1.0,2,4096,32768,Native 32K,native,NONE,"{""attention_backend"":""TRITON_ATTN"",""cuda_profiler_range"":false,""cudagraph_mode"":""NONE"",""disable_custom_all_reduce"":true,""dtype"":""bfloat16"",""enable_chunked_prefill"":true,""enable_prefix_caching"":true,""enforce_eager"":true,""engine_gpus"":1,""gpu_memory_utilization"":0.9,""isl"":4096,""kv_cache_dtype"":""auto"",""max_model_len"":40960,""max_num_batched_tokens"":131072,""max_num_seqs"":32,""measure_repeats"":1,""model"":""/lustre/fsw/coreai_dlalgo_llm/users/sna/hf_home/hub/models--Qwen--Qwen3-8B/snapshots/b968826d9c46dd6066d109eabc6255188de91218"",""moe_backend"":""auto"",""osl"":32768,""pipeline_parallel_size"":1,""pp"":1,""prompt_jsonl"":""/lustre/fsw/coreai_dlalgo_llm/users/sna/vllm024-dynamicsd/datasets/math_500_data_prompts_qmath_20260617.jsonl"",""prompt_offset"":0,""seed"":0,""temperature"":1.0,""tensor_parallel_size"":1,""top_p"":1.0,""total_gpus"":4,""tp"":1,""warmup_repeats"":1}",TRITON_ATTN,dflash,15.0,30.676671162088933,534.0866325889947,0.20048099459900132,4.00721491898502,2270784,complete,experiments/vllm_024_dynamicsd/report/20260704_vllm_native_completed/native32k/math/dflash/matrix/dflash_t1p0/result.json,17.94786290526943,912.8663443929981,1.7092102454762101,1.7092102454762104,1.71x,1.71x
vllm_native,vLLM 0.24.0,"{""cuda_version"":""13.0"",""environment"":{""VLLM_ATTENTION_BACKEND"":null,""VLLM_USE_V2_MODEL_RUNNER"":""0""},""gpu_count"":4,""gpu_names"":[""NVIDIA GB200"",""NVIDIA GB200"",""NVIDIA GB200"",""NVIDIA GB200""],""platform"":""Linux-6.17.0-1021-nvidia-64k-aarch64-with-glibc2.39"",""python"":""3.12.3"",""torch_version"":""2.11.0+cu130"",""vllm_version"":""0.24.0""}",Math,Qwen3-8B,/lustre/fsw/coreai_dlalgo_llm/users/sna/hf_home/hub/models--Qwen--Qwen3-8B/snapshots/b968826d9c46dd6066d109eabc6255188de91218,1.0,1.0,4,4096,32768,Native 32K,native,NONE,"{""attention_backend"":""TRITON_ATTN"",""cuda_profiler_range"":false,""cudagraph_mode"":""NONE"",""disable_custom_all_reduce"":true,""dtype"":""bfloat16"",""enable_chunked_prefill"":true,""enable_prefix_caching"":true,""enforce_eager"":true,""engine_gpus"":1,""gpu_memory_utilization"":0.9,""isl"":4096,""kv_cache_dtype"":""auto"",""max_model_len"":40960,""max_num_batched_tokens"":131072,""max_num_seqs"":32,""measure_repeats"":1,""model"":""/lustre/fsw/coreai_dlalgo_llm/users/sna/hf_home/hub/models--Qwen--Qwen3-8B/snapshots/b968826d9c46dd6066d109eabc6255188de91218"",""moe_backend"":""auto"",""osl"":32768,""pipeline_parallel_size"":1,""pp"":1,""prompt_jsonl"":""/lustre/fsw/coreai_dlalgo_llm/users/sna/vllm024-dynamicsd/datasets/math_500_data_prompts_qmath_20260617.jsonl"",""prompt_offset"":0,""seed"":0,""temperature"":1.0,""tensor_parallel_size"":1,""top_p"":1.0,""total_gpus"":4,""tp"":1,""warmup_repeats"":1}",TRITON_ATTN,dflash,15.0,54.805659846515944,597.8944527219865,0.21011508816386865,4.15172632245803,2270784,complete,experiments/vllm_024_dynamicsd/report/20260704_vllm_native_completed/native32k/math/dflash/matrix/dflash_t1p0/result.json,35.622118883207065,919.8779024750111,1.5385289130667732,1.5385289130667732,1.54x,1.54x
vllm_native,vLLM 0.24.0,"{""cuda_version"":""13.0"",""environment"":{""VLLM_ATTENTION_BACKEND"":null,""VLLM_USE_V2_MODEL_RUNNER"":""0""},""gpu_count"":4,""gpu_names"":[""NVIDIA GB200"",""NVIDIA GB200"",""NVIDIA GB200"",""NVIDIA GB200""],""platform"":""Linux-6.17.0-1021-nvidia-64k-aarch64-with-glibc2.39"",""python"":""3.12.3"",""torch_version"":""2.11.0+cu130"",""vllm_version"":""0.24.0""}",Math,Qwen3-8B,/lustre/fsw/coreai_dlalgo_llm/users/sna/hf_home/hub/models--Qwen--Qwen3-8B/snapshots/b968826d9c46dd6066d109eabc6255188de91218,1.0,1.0,8,4096,32768,Native 32K,native,NONE,"{""attention_backend"":""TRITON_ATTN"",""cuda_profiler_range"":false,""cudagraph_mode"":""NONE"",""disable_custom_all_reduce"":true,""dtype"":""bfloat16"",""enable_chunked_prefill"":true,""enable_prefix_caching"":true,""enforce_eager"":true,""engine_gpus"":1,""gpu_memory_utilization"":0.9,""isl"":4096,""kv_cache_dtype"":""auto"",""max_model_len"":40960,""max_num_batched_tokens"":131072,""max_num_seqs"":32,""measure_repeats"":1,""model"":""/lustre/fsw/coreai_dlalgo_llm/users/sna/hf_home/hub/models--Qwen--Qwen3-8B/snapshots/b968826d9c46dd6066d109eabc6255188de91218"",""moe_backend"":""auto"",""osl"":32768,""pipeline_parallel_size"":1,""pp"":1,""prompt_jsonl"":""/lustre/fsw/coreai_dlalgo_llm/users/sna/vllm024-dynamicsd/datasets/math_500_data_prompts_qmath_20260617.jsonl"",""prompt_offset"":0,""seed"":0,""temperature"":1.0,""tensor_parallel_size"":1,""top_p"":1.0,""total_gpus"":4,""tp"":1,""warmup_repeats"":1}",TRITON_ATTN,dflash,15.0,86.14418024251718,760.7710679409793,0.18557338875738505,3.783600831360776,2270784,complete,experiments/vllm_024_dynamicsd/report/20260704_vllm_native_completed/native32k/math/dflash/matrix/dflash_t1p0/result.json,70.54786410742828,928.9579610830406,1.221074249836101,1.221074249836101,1.22x,1.22x
vllm_native,vLLM 0.24.0,"{""cuda_version"":""13.0"",""environment"":{""VLLM_ATTENTION_BACKEND"":null,""VLLM_USE_V2_MODEL_RUNNER"":""0""},""gpu_count"":4,""gpu_names"":[""NVIDIA GB200"",""NVIDIA GB200"",""NVIDIA GB200"",""NVIDIA GB200""],""platform"":""Linux-6.17.0-1021-nvidia-64k-aarch64-with-glibc2.39"",""python"":""3.12.3"",""torch_version"":""2.11.0+cu130"",""vllm_version"":""0.24.0""}",Math,Qwen3-8B,/lustre/fsw/coreai_dlalgo_llm/users/sna/hf_home/hub/models--Qwen--Qwen3-8B/snapshots/b968826d9c46dd6066d109eabc6255188de91218,1.0,1.0,16,4096,32768,Native 32K,native,NONE,"{""attention_backend"":""TRITON_ATTN"",""cuda_profiler_range"":false,""cudagraph_mode"":""NONE"",""disable_custom_all_reduce"":true,""dtype"":""bfloat16"",""enable_chunked_prefill"":true,""enable_prefix_caching"":true,""enforce_eager"":true,""engine_gpus"":1,""gpu_memory_utilization"":0.9,""isl"":4096,""kv_cache_dtype"":""auto"",""max_model_len"":40960,""max_num_batched_tokens"":131072,""max_num_seqs"":32,""measure_repeats"":1,""model"":""/lustre/fsw/coreai_dlalgo_llm/users/sna/hf_home/hub/models--Qwen--Qwen3-8B/snapshots/b968826d9c46dd6066d109eabc6255188de91218"",""moe_backend"":""auto"",""osl"":32768,""pipeline_parallel_size"":1,""pp"":1,""prompt_jsonl"":""/lustre/fsw/coreai_dlalgo_llm/users/sna/vllm024-dynamicsd/datasets/math_500_data_prompts_qmath_20260617.jsonl"",""prompt_offset"":0,""seed"":0,""temperature"":1.0,""tensor_parallel_size"":1,""top_p"":1.0,""total_gpus"":4,""tp"":1,""warmup_repeats"":1}",TRITON_ATTN,dflash,15.0,166.19684343815598,788.655171112041,0.23511707418151678,4.526756112722752,2270784,complete,experiments/vllm_024_dynamicsd/report/20260704_vllm_native_completed/native32k/math/dflash/matrix/dflash_t1p0/result.json,141.68324165012956,925.1058803670458,1.1730169461294508,1.1730169461294508,1.17x,1.17x
vllm_native,vLLM 0.24.0,"{""cuda_version"":""13.0"",""environment"":{""VLLM_ATTENTION_BACKEND"":null,""VLLM_USE_V2_MODEL_RUNNER"":""0""},""gpu_count"":4,""gpu_names"":[""NVIDIA GB200"",""NVIDIA GB200"",""NVIDIA GB200"",""NVIDIA GB200""],""platform"":""Linux-6.17.0-1021-nvidia-64k-aarch64-with-glibc2.39"",""python"":""3.12.3"",""torch_version"":""2.11.0+cu130"",""vllm_version"":""0.24.0""}",Math,Qwen3-8B,/lustre/fsw/coreai_dlalgo_llm/users/sna/hf_home/hub/models--Qwen--Qwen3-8B/snapshots/b968826d9c46dd6066d109eabc6255188de91218,1.0,1.0,32,4096,32768,Native 32K,native,NONE,"{""attention_backend"":""TRITON_ATTN"",""cuda_profiler_range"":false,""cudagraph_mode"":""NONE"",""disable_custom_all_reduce"":true,""dtype"":""bfloat16"",""enable_chunked_prefill"":true,""enable_prefix_caching"":true,""enforce_eager"":true,""engine_gpus"":1,""gpu_memory_utilization"":0.9,""isl"":4096,""kv_cache_dtype"":""auto"",""max_model_len"":40960,""max_num_batched_tokens"":131072,""max_num_seqs"":32,""measure_repeats"":1,""model"":""/lustre/fsw/coreai_dlalgo_llm/users/sna/hf_home/hub/models--Qwen--Qwen3-8B/snapshots/b968826d9c46dd6066d109eabc6255188de91218"",""moe_backend"":""auto"",""osl"":32768,""pipeline_parallel_size"":1,""pp"":1,""prompt_jsonl"":""/lustre/fsw/coreai_dlalgo_llm/users/sna/vllm024-dynamicsd/datasets/math_500_data_prompts_qmath_20260617.jsonl"",""prompt_offset"":0,""seed"":0,""temperature"":1.0,""tensor_parallel_size"":1,""top_p"":1.0,""total_gpus"":4,""tp"":1,""warmup_repeats"":1}",TRITON_ATTN,dflash,15.0,229.23693135759567,1143.5504674029653,0.23392845369040555,4.508926805356083,2270784,complete,experiments/vllm_024_dynamicsd/report/20260704_vllm_native_completed/native32k/math/dflash/matrix/dflash_t1p0/result.json,162.29935860912556,1615.1881452060188,1.412432762039926,1.4124327620399262,1.41x,1.41x
vllm_native,vLLM 0.24.0,"{""cuda_version"":""13.0"",""environment"":{""VLLM_ATTENTION_BACKEND"":null,""VLLM_USE_V2_MODEL_RUNNER"":""0""},""gpu_count"":4,""gpu_names"":[""NVIDIA GB200"",""NVIDIA GB200"",""NVIDIA GB200"",""NVIDIA GB200""],""platform"":""Linux-6.17.0-1021-nvidia-64k-aarch64-with-glibc2.39"",""python"":""3.12.3"",""torch_version"":""2.11.0+cu130"",""vllm_version"":""0.24.0""}",Math,Qwen3-8B,/lustre/fsw/coreai_dlalgo_llm/users/sna/hf_home/hub/models--Qwen--Qwen3-8B/snapshots/b968826d9c46dd6066d109eabc6255188de91218,0.0,1.0,1,4096,32768,Native 32K,native,NONE,"{""attention_backend"":""TRITON_ATTN"",""cuda_profiler_range"":false,""cudagraph_mode"":""NONE"",""disable_custom_all_reduce"":true,""dtype"":""bfloat16"",""enable_chunked_prefill"":true,""enable_prefix_caching"":true,""enforce_eager"":true,""engine_gpus"":1,""gpu_memory_utilization"":0.9,""isl"":4096,""kv_cache_dtype"":""auto"",""max_model_len"":40960,""max_num_batched_tokens"":131072,""max_num_seqs"":32,""measure_repeats"":1,""model"":""/lustre/fsw/coreai_dlalgo_llm/users/sna/hf_home/hub/models--Qwen--Qwen3-8B/snapshots/b968826d9c46dd6066d109eabc6255188de91218"",""moe_backend"":""auto"",""osl"":32768,""pipeline_parallel_size"":1,""pp"":1,""prompt_jsonl"":""/lustre/fsw/coreai_dlalgo_llm/users/sna/vllm024-dynamicsd/datasets/math_500_data_prompts_qmath_20260617.jsonl"",""prompt_offset"":0,""seed"":0,""temperature"":0.0,""tensor_parallel_size"":1,""top_p"":1.0,""total_gpus"":4,""tp"":1,""warmup_repeats"":1}",TRITON_ATTN,pard,12.0,19.951917683603163,410.58709893998457,0.2550392399834779,4.060470879801734,2270779,complete,experiments/vllm_024_dynamicsd/report/20260704_vllm_native_completed/native32k/math/pard/matrix/pard_t0p0/result.json,9.2310215835687,887.4424055709969,2.1613986602650517,2.1613986602650517,2.16x,2.16x
vllm_native,vLLM 0.24.0,"{""cuda_version"":""13.0"",""environment"":{""VLLM_ATTENTION_BACKEND"":null,""VLLM_USE_V2_MODEL_RUNNER"":""0""},""gpu_count"":4,""gpu_names"":[""NVIDIA GB200"",""NVIDIA GB200"",""NVIDIA GB200"",""NVIDIA GB200""],""platform"":""Linux-6.17.0-1021-nvidia-64k-aarch64-with-glibc2.39"",""python"":""3.12.3"",""torch_version"":""2.11.0+cu130"",""vllm_version"":""0.24.0""}",Math,Qwen3-8B,/lustre/fsw/coreai_dlalgo_llm/users/sna/hf_home/hub/models--Qwen--Qwen3-8B/snapshots/b968826d9c46dd6066d109eabc6255188de91218,0.0,1.0,2,4096,32768,Native 32K,native,NONE,"{""attention_backend"":""TRITON_ATTN"",""cuda_profiler_range"":false,""cudagraph_mode"":""NONE"",""disable_custom_all_reduce"":true,""dtype"":""bfloat16"",""enable_chunked_prefill"":true,""enable_prefix_caching"":true,""enforce_eager"":true,""engine_gpus"":1,""gpu_memory_utilization"":0.9,""isl"":4096,""kv_cache_dtype"":""auto"",""max_model_len"":40960,""max_num_batched_tokens"":131072,""max_num_seqs"":32,""measure_repeats"":1,""model"":""/lustre/fsw/coreai_dlalgo_llm/users/sna/hf_home/hub/models--Qwen--Qwen3-8B/snapshots/b968826d9c46dd6066d109eabc6255188de91218"",""moe_backend"":""auto"",""osl"":32768,""pipeline_parallel_size"":1,""pp"":1,""prompt_jsonl"":""/lustre/fsw/coreai_dlalgo_llm/users/sna/vllm024-dynamicsd/datasets/math_500_data_prompts_qmath_20260617.jsonl"",""prompt_offset"":0,""seed"":0,""temperature"":0.0,""tensor_parallel_size"":1,""top_p"":1.0,""total_gpus"":4,""tp"":1,""warmup_repeats"":1}",TRITON_ATTN,pard,12.0,31.26754120148024,523.9938725730171,0.22100399368440607,3.6520479242128725,2270779,complete,experiments/vllm_024_dynamicsd/report/20260704_vllm_native_completed/native32k/math/pard/matrix/pard_t0p0/result.json,18.704797684362756,875.9250047220266,1.671632151767135,1.671632151767135,1.67x,1.67x
vllm_native,vLLM 0.24.0,"{""cuda_version"":""13.0"",""environment"":{""VLLM_ATTENTION_BACKEND"":null,""VLLM_USE_V2_MODEL_RUNNER"":""0""},""gpu_count"":4,""gpu_names"":[""NVIDIA GB200"",""NVIDIA GB200"",""NVIDIA GB200"",""NVIDIA GB200""],""platform"":""Linux-6.17.0-1021-nvidia-64k-aarch64-with-glibc2.39"",""python"":""3.12.3"",""torch_version"":""2.11.0+cu130"",""vllm_version"":""0.24.0""}",Math,Qwen3-8B,/lustre/fsw/coreai_dlalgo_llm/users/sna/hf_home/hub/models--Qwen--Qwen3-8B/snapshots/b968826d9c46dd6066d109eabc6255188de91218,0.0,1.0,4,4096,32768,Native 32K,native,NONE,"{""attention_backend"":""TRITON_ATTN"",""cuda_profiler_range"":false,""cudagraph_mode"":""NONE"",""disable_custom_all_reduce"":true,""dtype"":""bfloat16"",""enable_chunked_prefill"":true,""enable_prefix_caching"":true,""enforce_eager"":true,""engine_gpus"":1,""gpu_memory_utilization"":0.9,""isl"":4096,""kv_cache_dtype"":""auto"",""max_model_len"":40960,""max_num_batched_tokens"":131072,""max_num_seqs"":32,""measure_repeats"":1,""model"":""/lustre/fsw/coreai_dlalgo_llm/users/sna/hf_home/hub/models--Qwen--Qwen3-8B/snapshots/b968826d9c46dd6066d109eabc6255188de91218"",""moe_backend"":""auto"",""osl"":32768,""pipeline_parallel_size"":1,""pp"":1,""prompt_jsonl"":""/lustre/fsw/coreai_dlalgo_llm/users/sna/vllm024-dynamicsd/datasets/math_500_data_prompts_qmath_20260617.jsonl"",""prompt_offset"":0,""seed"":0,""temperature"":0.0,""tensor_parallel_size"":1,""top_p"":1.0,""total_gpus"":4,""tp"":1,""warmup_repeats"":1}",TRITON_ATTN,pard,12.0,50.42066581616463,649.8922509169788,0.21868375453925418,3.6242050544710502,2270779,complete,experiments/vllm_024_dynamicsd/report/20260704_vllm_native_completed/native32k/math/pard/matrix/pard_t0p0/result.json,37.279732126789526,878.976272912987,1.3524953893091929,1.352495389309193,1.35x,1.35x
vllm_native,vLLM 0.24.0,"{""cuda_version"":""13.0"",""environment"":{""VLLM_ATTENTION_BACKEND"":null,""VLLM_USE_V2_MODEL_RUNNER"":""0""},""gpu_count"":4,""gpu_names"":[""NVIDIA GB200"",""NVIDIA GB200"",""NVIDIA GB200"",""NVIDIA GB200""],""platform"":""Linux-6.17.0-1021-nvidia-64k-aarch64-with-glibc2.39"",""python"":""3.12.3"",""torch_version"":""2.11.0+cu130"",""vllm_version"":""0.24.0""}",Math,Qwen3-8B,/lustre/fsw/coreai_dlalgo_llm/users/sna/hf_home/hub/models--Qwen--Qwen3-8B/snapshots/b968826d9c46dd6066d109eabc6255188de91218,0.0,1.0,8,4096,32768,Native 32K,native,NONE,"{""attention_backend"":""TRITON_ATTN"",""cuda_profiler_range"":false,""cudagraph_mode"":""NONE"",""disable_custom_all_reduce"":true,""dtype"":""bfloat16"",""enable_chunked_prefill"":true,""enable_prefix_caching"":true,""enforce_eager"":true,""engine_gpus"":1,""gpu_memory_utilization"":0.9,""isl"":4096,""kv_cache_dtype"":""auto"",""max_model_len"":40960,""max_num_batched_tokens"":131072,""max_num_seqs"":32,""measure_repeats"":1,""model"":""/lustre/fsw/coreai_dlalgo_llm/users/sna/hf_home/hub/models--Qwen--Qwen3-8B/snapshots/b968826d9c46dd6066d109eabc6255188de91218"",""moe_backend"":""auto"",""osl"":32768,""pipeline_parallel_size"":1,""pp"":1,""prompt_jsonl"":""/lustre/fsw/coreai_dlalgo_llm/users/sna/vllm024-dynamicsd/datasets/math_500_data_prompts_qmath_20260617.jsonl"",""prompt_offset"":0,""seed"":0,""temperature"":0.0,""tensor_parallel_size"":1,""top_p"":1.0,""total_gpus"":4,""tp"":1,""warmup_repeats"":1}",TRITON_ATTN,pard,12.0,95.47270323611748,686.4370419880142,0.21441503450594485,3.572980414071338,2270779,complete,experiments/vllm_024_dynamicsd/report/20260704_vllm_native_completed/native32k/math/pard/matrix/pard_t0p0/result.json,74.10213105299202,884.4010161210317,1.2883934898963014,1.2883934898963014,1.29x,1.29x
vllm_native,vLLM 0.24.0,"{""cuda_version"":""13.0"",""environment"":{""VLLM_ATTENTION_BACKEND"":null,""VLLM_USE_V2_MODEL_RUNNER"":""0""},""gpu_count"":4,""gpu_names"":[""NVIDIA GB200"",""NVIDIA GB200"",""NVIDIA GB200"",""NVIDIA GB200""],""platform"":""Linux-6.17.0-1021-nvidia-64k-aarch64-with-glibc2.39"",""python"":""3.12.3"",""torch_version"":""2.11.0+cu130"",""vllm_version"":""0.24.0""}",Math,Qwen3-8B,/lustre/fsw/coreai_dlalgo_llm/users/sna/hf_home/hub/models--Qwen--Qwen3-8B/snapshots/b968826d9c46dd6066d109eabc6255188de91218,0.0,1.0,16,4096,32768,Native 32K,native,NONE,"{""attention_backend"":""TRITON_ATTN"",""cuda_profiler_range"":false,""cudagraph_mode"":""NONE"",""disable_custom_all_reduce"":true,""dtype"":""bfloat16"",""enable_chunked_prefill"":true,""enable_prefix_caching"":true,""enforce_eager"":true,""engine_gpus"":1,""gpu_memory_utilization"":0.9,""isl"":4096,""kv_cache_dtype"":""auto"",""max_model_len"":40960,""max_num_batched_tokens"":131072,""max_num_seqs"":32,""measure_repeats"":1,""model"":""/lustre/fsw/coreai_dlalgo_llm/users/sna/hf_home/hub/models--Qwen--Qwen3-8B/snapshots/b968826d9c46dd6066d109eabc6255188de91218"",""moe_backend"":""auto"",""osl"":32768,""pipeline_parallel_size"":1,""pp"":1,""prompt_jsonl"":""/lustre/fsw/coreai_dlalgo_llm/users/sna/vllm024-dynamicsd/datasets/math_500_data_prompts_qmath_20260617.jsonl"",""prompt_offset"":0,""seed"":0,""temperature"":0.0,""tensor_parallel_size"":1,""top_p"":1.0,""total_gpus"":4,""tp"":1,""warmup_repeats"":1}",TRITON_ATTN,pard,12.0,163.7134606587361,800.618345447001,0.22686851690131846,3.7224222028158214,2270779,complete,experiments/vllm_024_dynamicsd/report/20260704_vllm_native_completed/native32k/math/pard/matrix/pard_t0p0/result.json,148.13048500995424,884.8414962739917,1.1051976279408975,1.1051976279408975,1.11x,1.11x
vllm_native,vLLM 0.24.0,"{""cuda_version"":""13.0"",""environment"":{""VLLM_ATTENTION_BACKEND"":null,""VLLM_USE_V2_MODEL_RUNNER"":""0""},""gpu_count"":4,""gpu_names"":[""NVIDIA GB200"",""NVIDIA GB200"",""NVIDIA GB200"",""NVIDIA GB200""],""platform"":""Linux-6.17.0-1021-nvidia-64k-aarch64-with-glibc2.39"",""python"":""3.12.3"",""torch_version"":""2.11.0+cu130"",""vllm_version"":""0.24.0""}",Math,Qwen3-8B,/lustre/fsw/coreai_dlalgo_llm/users/sna/hf_home/hub/models--Qwen--Qwen3-8B/snapshots/b968826d9c46dd6066d109eabc6255188de91218,0.0,1.0,32,4096,32768,Native 32K,native,NONE,"{""attention_backend"":""TRITON_ATTN"",""cuda_profiler_range"":false,""cudagraph_mode"":""NONE"",""disable_custom_all_reduce"":true,""dtype"":""bfloat16"",""enable_chunked_prefill"":true,""enable_prefix_caching"":true,""enforce_eager"":true,""engine_gpus"":1,""gpu_memory_utilization"":0.9,""isl"":4096,""kv_cache_dtype"":""auto"",""max_model_len"":40960,""max_num_batched_tokens"":131072,""max_num_seqs"":32,""measure_repeats"":1,""model"":""/lustre/fsw/coreai_dlalgo_llm/users/sna/hf_home/hub/models--Qwen--Qwen3-8B/snapshots/b968826d9c46dd6066d109eabc6255188de91218"",""moe_backend"":""auto"",""osl"":32768,""pipeline_parallel_size"":1,""pp"":1,""prompt_jsonl"":""/lustre/fsw/coreai_dlalgo_llm/users/sna/vllm024-dynamicsd/datasets/math_500_data_prompts_qmath_20260617.jsonl"",""prompt_offset"":0,""seed"":0,""temperature"":0.0,""tensor_parallel_size"":1,""top_p"":1.0,""total_gpus"":4,""tp"":1,""warmup_repeats"":1}",TRITON_ATTN,pard,12.0,179.0854325863133,1463.7929853599635,0.22579269054879847,3.7095122865855816,2270779,complete,experiments/vllm_024_dynamicsd/report/20260704_vllm_native_completed/native32k/math/pard/matrix/pard_t0p0/result.json,164.68264711913437,1591.8131301979884,1.0874578209613044,1.0874578209613044,1.09x,1.09x
vllm_native,vLLM 0.24.0,"{""cuda_version"":""13.0"",""environment"":{""VLLM_ATTENTION_BACKEND"":null,""VLLM_USE_V2_MODEL_RUNNER"":""0""},""gpu_count"":4,""gpu_names"":[""NVIDIA GB200"",""NVIDIA GB200"",""NVIDIA GB200"",""NVIDIA GB200""],""platform"":""Linux-6.17.0-1021-nvidia-64k-aarch64-with-glibc2.39"",""python"":""3.12.3"",""torch_version"":""2.11.0+cu130"",""vllm_version"":""0.24.0""}",Math,Qwen3-8B,/lustre/fsw/coreai_dlalgo_llm/users/sna/hf_home/hub/models--Qwen--Qwen3-8B/snapshots/b968826d9c46dd6066d109eabc6255188de91218,1.0,1.0,1,4096,32768,Native 32K,native,NONE,"{""attention_backend"":""TRITON_ATTN"",""cuda_profiler_range"":false,""cudagraph_mode"":""NONE"",""disable_custom_all_reduce"":true,""dtype"":""bfloat16"",""enable_chunked_prefill"":true,""enable_prefix_caching"":true,""enforce_eager"":true,""engine_gpus"":1,""gpu_memory_utilization"":0.9,""isl"":4096,""kv_cache_dtype"":""auto"",""max_model_len"":40960,""max_num_batched_tokens"":131072,""max_num_seqs"":32,""measure_repeats"":1,""model"":""/lustre/fsw/coreai_dlalgo_llm/users/sna/hf_home/hub/models--Qwen--Qwen3-8B/snapshots/b968826d9c46dd6066d109eabc6255188de91218"",""moe_backend"":""auto"",""osl"":32768,""pipeline_parallel_size"":1,""pp"":1,""prompt_jsonl"":""/lustre/fsw/coreai_dlalgo_llm/users/sna/vllm024-dynamicsd/datasets/math_500_data_prompts_qmath_20260617.jsonl"",""prompt_offset"":0,""seed"":0,""temperature"":1.0,""tensor_parallel_size"":1,""top_p"":1.0,""total_gpus"":4,""tp"":1,""warmup_repeats"":1}",TRITON_ATTN,pard,12.0,25.31513647243173,323.6008626270341,0.350656918838737,5.207883026064844,2270780,complete,experiments/vllm_024_dynamicsd/report/20260704_vllm_native_completed/native32k/math/pard/matrix/pard_t1p0/result.json,8.898419344856165,920.6129406269756,2.844902615998361,2.8449026159983615,2.84x,2.84x
vllm_native,vLLM 0.24.0,"{""cuda_version"":""13.0"",""environment"":{""VLLM_ATTENTION_BACKEND"":null,""VLLM_USE_V2_MODEL_RUNNER"":""0""},""gpu_count"":4,""gpu_names"":[""NVIDIA GB200"",""NVIDIA GB200"",""NVIDIA GB200"",""NVIDIA GB200""],""platform"":""Linux-6.17.0-1021-nvidia-64k-aarch64-with-glibc2.39"",""python"":""3.12.3"",""torch_version"":""2.11.0+cu130"",""vllm_version"":""0.24.0""}",Math,Qwen3-8B,/lustre/fsw/coreai_dlalgo_llm/users/sna/hf_home/hub/models--Qwen--Qwen3-8B/snapshots/b968826d9c46dd6066d109eabc6255188de91218,1.0,1.0,2,4096,32768,Native 32K,native,NONE,"{""attention_backend"":""TRITON_ATTN"",""cuda_profiler_range"":false,""cudagraph_mode"":""NONE"",""disable_custom_all_reduce"":true,""dtype"":""bfloat16"",""enable_chunked_prefill"":true,""enable_prefix_caching"":true,""enforce_eager"":true,""engine_gpus"":1,""gpu_memory_utilization"":0.9,""isl"":4096,""kv_cache_dtype"":""auto"",""max_model_len"":40960,""max_num_batched_tokens"":131072,""max_num_seqs"":32,""measure_repeats"":1,""model"":""/lustre/fsw/coreai_dlalgo_llm/users/sna/hf_home/hub/models--Qwen--Qwen3-8B/snapshots/b968826d9c46dd6066d109eabc6255188de91218"",""moe_backend"":""auto"",""osl"":32768,""pipeline_parallel_size"":1,""pp"":1,""prompt_jsonl"":""/lustre/fsw/coreai_dlalgo_llm/users/sna/vllm024-dynamicsd/datasets/math_500_data_prompts_qmath_20260617.jsonl"",""prompt_offset"":0,""seed"":0,""temperature"":1.0,""tensor_parallel_size"":1,""top_p"":1.0,""total_gpus"":4,""tp"":1,""warmup_repeats"":1}",TRITON_ATTN,pard,12.0,32.4162305012333,505.4258236279711,0.22884512785335925,3.746141534240311,2270780,complete,experiments/vllm_024_dynamicsd/report/20260704_vllm_native_completed/native32k/math/pard/matrix/pard_t1p0/result.json,17.94786290526943,912.8663443929981,1.8061331687415556,1.8061331687415558,1.81x,1.81x
vllm_native,vLLM 0.24.0,"{""cuda_version"":""13.0"",""environment"":{""VLLM_ATTENTION_BACKEND"":null,""VLLM_USE_V2_MODEL_RUNNER"":""0""},""gpu_count"":4,""gpu_names"":[""NVIDIA GB200"",""NVIDIA GB200"",""NVIDIA GB200"",""NVIDIA GB200""],""platform"":""Linux-6.17.0-1021-nvidia-64k-aarch64-with-glibc2.39"",""python"":""3.12.3"",""torch_version"":""2.11.0+cu130"",""vllm_version"":""0.24.0""}",Math,Qwen3-8B,/lustre/fsw/coreai_dlalgo_llm/users/sna/hf_home/hub/models--Qwen--Qwen3-8B/snapshots/b968826d9c46dd6066d109eabc6255188de91218,1.0,1.0,4,4096,32768,Native 32K,native,NONE,"{""attention_backend"":""TRITON_ATTN"",""cuda_profiler_range"":false,""cudagraph_mode"":""NONE"",""disable_custom_all_reduce"":true,""dtype"":""bfloat16"",""enable_chunked_prefill"":true,""enable_prefix_caching"":true,""enforce_eager"":true,""engine_gpus"":1,""gpu_memory_utilization"":0.9,""isl"":4096,""kv_cache_dtype"":""auto"",""max_model_len"":40960,""max_num_batched_tokens"":131072,""max_num_seqs"":32,""measure_repeats"":1,""model"":""/lustre/fsw/coreai_dlalgo_llm/users/sna/hf_home/hub/models--Qwen--Qwen3-8B/snapshots/b968826d9c46dd6066d109eabc6255188de91218"",""moe_backend"":""auto"",""osl"":32768,""pipeline_parallel_size"":1,""pp"":1,""prompt_jsonl"":""/lustre/fsw/coreai_dlalgo_llm/users/sna/vllm024-dynamicsd/datasets/math_500_data_prompts_qmath_20260617.jsonl"",""prompt_offset"":0,""seed"":0,""temperature"":1.0,""tensor_parallel_size"":1,""top_p"":1.0,""total_gpus"":4,""tp"":1,""warmup_repeats"":1}",TRITON_ATTN,pard,12.0,51.127461705259954,640.9080151270027,0.2301556550523315,3.761867860627978,2270780,complete,experiments/vllm_024_dynamicsd/report/20260704_vllm_native_completed/native32k/math/pard/matrix/pard_t1p0/result.json,35.622118883207065,919.8779024750111,1.4352728952730096,1.4352728952730096,1.44x,1.44x
vllm_native,vLLM 0.24.0,"{""cuda_version"":""13.0"",""environment"":{""VLLM_ATTENTION_BACKEND"":null,""VLLM_USE_V2_MODEL_RUNNER"":""0""},""gpu_count"":4,""gpu_names"":[""NVIDIA GB200"",""NVIDIA GB200"",""NVIDIA GB200"",""NVIDIA GB200""],""platform"":""Linux-6.17.0-1021-nvidia-64k-aarch64-with-glibc2.39"",""python"":""3.12.3"",""torch_version"":""2.11.0+cu130"",""vllm_version"":""0.24.0""}",Math,Qwen3-8B,/lustre/fsw/coreai_dlalgo_llm/users/sna/hf_home/hub/models--Qwen--Qwen3-8B/snapshots/b968826d9c46dd6066d109eabc6255188de91218,1.0,1.0,8,4096,32768,Native 32K,native,NONE,"{""attention_backend"":""TRITON_ATTN"",""cuda_profiler_range"":false,""cudagraph_mode"":""NONE"",""disable_custom_all_reduce"":true,""dtype"":""bfloat16"",""enable_chunked_prefill"":true,""enable_prefix_caching"":true,""enforce_eager"":true,""engine_gpus"":1,""gpu_memory_utilization"":0.9,""isl"":4096,""kv_cache_dtype"":""auto"",""max_model_len"":40960,""max_num_batched_tokens"":131072,""max_num_seqs"":32,""measure_repeats"":1,""model"":""/lustre/fsw/coreai_dlalgo_llm/users/sna/hf_home/hub/models--Qwen--Qwen3-8B/snapshots/b968826d9c46dd6066d109eabc6255188de91218"",""moe_backend"":""auto"",""osl"":32768,""pipeline_parallel_size"":1,""pp"":1,""prompt_jsonl"":""/lustre/fsw/coreai_dlalgo_llm/users/sna/vllm024-dynamicsd/datasets/math_500_data_prompts_qmath_20260617.jsonl"",""prompt_offset"":0,""seed"":0,""temperature"":1.0,""tensor_parallel_size"":1,""top_p"":1.0,""total_gpus"":4,""tp"":1,""warmup_repeats"":1}",TRITON_ATTN,pard,12.0,49.81118869281546,1315.6883366939728,0.15860143603374124,2.903217232404895,2270780,complete,experiments/vllm_024_dynamicsd/report/20260704_vllm_native_completed/native32k/math/pard/matrix/pard_t1p0/result.json,70.54786410742828,928.9579610830406,0.7060623212768625,0.7060623212768624,0.71x,0.71x
vllm_native,vLLM 0.24.0,"{""cuda_version"":""13.0"",""environment"":{""VLLM_ATTENTION_BACKEND"":null,""VLLM_USE_V2_MODEL_RUNNER"":""0""},""gpu_count"":4,""gpu_names"":[""NVIDIA GB200"",""NVIDIA GB200"",""NVIDIA GB200"",""NVIDIA GB200""],""platform"":""Linux-6.17.0-1021-nvidia-64k-aarch64-with-glibc2.39"",""python"":""3.12.3"",""torch_version"":""2.11.0+cu130"",""vllm_version"":""0.24.0""}",Math,Qwen3-8B,/lustre/fsw/coreai_dlalgo_llm/users/sna/hf_home/hub/models--Qwen--Qwen3-8B/snapshots/b968826d9c46dd6066d109eabc6255188de91218,1.0,1.0,16,4096,32768,Native 32K,native,NONE,"{""attention_backend"":""TRITON_ATTN"",""cuda_profiler_range"":false,""cudagraph_mode"":""NONE"",""disable_custom_all_reduce"":true,""dtype"":""bfloat16"",""enable_chunked_prefill"":true,""enable_prefix_caching"":true,""enforce_eager"":true,""engine_gpus"":1,""gpu_memory_utilization"":0.9,""isl"":4096,""kv_cache_dtype"":""auto"",""max_model_len"":40960,""max_num_batched_tokens"":131072,""max_num_seqs"":32,""measure_repeats"":1,""model"":""/lustre/fsw/coreai_dlalgo_llm/users/sna/hf_home/hub/models--Qwen--Qwen3-8B/snapshots/b968826d9c46dd6066d109eabc6255188de91218"",""moe_backend"":""auto"",""osl"":32768,""pipeline_parallel_size"":1,""pp"":1,""prompt_jsonl"":""/lustre/fsw/coreai_dlalgo_llm/users/sna/vllm024-dynamicsd/datasets/math_500_data_prompts_qmath_20260617.jsonl"",""prompt_offset"":0,""seed"":0,""temperature"":1.0,""tensor_parallel_size"":1,""top_p"":1.0,""total_gpus"":4,""tp"":1,""warmup_repeats"":1}",TRITON_ATTN,pard,12.0,164.53851956399254,796.6037396430038,0.22573823992001565,3.708858879040188,2270780,complete,experiments/vllm_024_dynamicsd/report/20260704_vllm_native_completed/native32k/math/pard/matrix/pard_t1p0/result.json,141.68324165012956,925.1058803670458,1.1613124999659554,1.1613124999659554,1.16x,1.16x
vllm_native,vLLM 0.24.0,"{""cuda_version"":""13.0"",""environment"":{""VLLM_ATTENTION_BACKEND"":null,""VLLM_USE_V2_MODEL_RUNNER"":""0""},""gpu_count"":4,""gpu_names"":[""NVIDIA GB200"",""NVIDIA GB200"",""NVIDIA GB200"",""NVIDIA GB200""],""platform"":""Linux-6.17.0-1021-nvidia-64k-aarch64-with-glibc2.39"",""python"":""3.12.3"",""torch_version"":""2.11.0+cu130"",""vllm_version"":""0.24.0""}",Math,Qwen3-8B,/lustre/fsw/coreai_dlalgo_llm/users/sna/hf_home/hub/models--Qwen--Qwen3-8B/snapshots/b968826d9c46dd6066d109eabc6255188de91218,1.0,1.0,32,4096,32768,Native 32K,native,NONE,"{""attention_backend"":""TRITON_ATTN"",""cuda_profiler_range"":false,""cudagraph_mode"":""NONE"",""disable_custom_all_reduce"":true,""dtype"":""bfloat16"",""enable_chunked_prefill"":true,""enable_prefix_caching"":true,""enforce_eager"":true,""engine_gpus"":1,""gpu_memory_utilization"":0.9,""isl"":4096,""kv_cache_dtype"":""auto"",""max_model_len"":40960,""max_num_batched_tokens"":131072,""max_num_seqs"":32,""measure_repeats"":1,""model"":""/lustre/fsw/coreai_dlalgo_llm/users/sna/hf_home/hub/models--Qwen--Qwen3-8B/snapshots/b968826d9c46dd6066d109eabc6255188de91218"",""moe_backend"":""auto"",""osl"":32768,""pipeline_parallel_size"":1,""pp"":1,""prompt_jsonl"":""/lustre/fsw/coreai_dlalgo_llm/users/sna/vllm024-dynamicsd/datasets/math_500_data_prompts_qmath_20260617.jsonl"",""prompt_offset"":0,""seed"":0,""temperature"":1.0,""tensor_parallel_size"":1,""top_p"":1.0,""total_gpus"":4,""tp"":1,""warmup_repeats"":1}",TRITON_ATTN,pard,12.0,178.0031295575179,1472.6932085499866,0.21958881662575866,3.635065799509104,2270780,complete,experiments/vllm_024_dynamicsd/report/20260704_vllm_native_completed/native32k/math/pard/matrix/pard_t1p0/result.json,162.29935860912556,1615.1881452060188,1.096758059199806,1.0967580591998063,1.10x,1.10x
vllm_native,vLLM 0.24.0,"{""cuda_version"":""13.0"",""environment"":{""VLLM_ATTENTION_BACKEND"":null,""VLLM_USE_V2_MODEL_RUNNER"":""0""},""gpu_count"":4,""gpu_names"":[""NVIDIA GB200"",""NVIDIA GB200"",""NVIDIA GB200"",""NVIDIA GB200""],""platform"":""Linux-6.17.0-1021-nvidia-64k-aarch64-with-glibc2.39"",""python"":""3.12.3"",""torch_version"":""2.11.0+cu130"",""vllm_version"":""0.24.0""}",Math,Qwen3-8B,/lustre/fsw/coreai_dlalgo_llm/users/sna/hf_home/hub/models--Qwen--Qwen3-8B/snapshots/b968826d9c46dd6066d109eabc6255188de91218,0.0,1.0,1,4096,32768,Native 32K,native,NONE,"{""attention_backend"":""TRITON_ATTN"",""cuda_profiler_range"":false,""cudagraph_mode"":""NONE"",""disable_custom_all_reduce"":true,""dtype"":""bfloat16"",""enable_chunked_prefill"":true,""enable_prefix_caching"":true,""enforce_eager"":true,""engine_gpus"":1,""gpu_memory_utilization"":0.9,""isl"":4096,""kv_cache_dtype"":""auto"",""max_model_len"":40960,""max_num_batched_tokens"":131072,""max_num_seqs"":32,""measure_repeats"":1,""model"":""/lustre/fsw/coreai_dlalgo_llm/users/sna/hf_home/hub/models--Qwen--Qwen3-8B/snapshots/b968826d9c46dd6066d109eabc6255188de91218"",""moe_backend"":""auto"",""osl"":32768,""pipeline_parallel_size"":1,""pp"":1,""prompt_jsonl"":""/lustre/fsw/coreai_dlalgo_llm/users/sna/vllm024-dynamicsd/datasets/math_500_data_prompts_qmath_20260617.jsonl"",""prompt_offset"":0,""seed"":0,""temperature"":0.0,""tensor_parallel_size"":1,""top_p"":1.0,""total_gpus"":4,""tp"":1,""warmup_repeats"":1}",TRITON_ATTN,pard2,15.0,5.088830207912223,1609.8002223109943,3.4605597964376594e-05,1.0005190839694655,2270781,partial,experiments/vllm_024_dynamicsd/report/20260704_vllm_native_completed/native32k/math/pard2/matrix/pard2_t0p0/result.json,9.2310215835687,887.4424055709969,0.5512748683168921,0.5512748683168921,0.55x,0.55x
vllm_native,vLLM 0.24.0,"{""cuda_version"":""13.0"",""environment"":{""VLLM_ATTENTION_BACKEND"":null,""VLLM_USE_V2_MODEL_RUNNER"":""0""},""gpu_count"":4,""gpu_names"":[""NVIDIA GB200"",""NVIDIA GB200"",""NVIDIA GB200"",""NVIDIA GB200""],""platform"":""Linux-6.17.0-1021-nvidia-64k-aarch64-with-glibc2.39"",""python"":""3.12.3"",""torch_version"":""2.11.0+cu130"",""vllm_version"":""0.24.0""}",Math,Qwen3-8B,/lustre/fsw/coreai_dlalgo_llm/users/sna/hf_home/hub/models--Qwen--Qwen3-8B/snapshots/b968826d9c46dd6066d109eabc6255188de91218,0.0,1.0,2,4096,32768,Native 32K,native,NONE,"{""attention_backend"":""TRITON_ATTN"",""cuda_profiler_range"":false,""cudagraph_mode"":""NONE"",""disable_custom_all_reduce"":true,""dtype"":""bfloat16"",""enable_chunked_prefill"":true,""enable_prefix_caching"":true,""enforce_eager"":true,""engine_gpus"":1,""gpu_memory_utilization"":0.9,""isl"":4096,""kv_cache_dtype"":""auto"",""max_model_len"":40960,""max_num_batched_tokens"":131072,""max_num_seqs"":32,""measure_repeats"":1,""model"":""/lustre/fsw/coreai_dlalgo_llm/users/sna/hf_home/hub/models--Qwen--Qwen3-8B/snapshots/b968826d9c46dd6066d109eabc6255188de91218"",""moe_backend"":""auto"",""osl"":32768,""pipeline_parallel_size"":1,""pp"":1,""prompt_jsonl"":""/lustre/fsw/coreai_dlalgo_llm/users/sna/vllm024-dynamicsd/datasets/math_500_data_prompts_qmath_20260617.jsonl"",""prompt_offset"":0,""seed"":0,""temperature"":0.0,""tensor_parallel_size"":1,""top_p"":1.0,""total_gpus"":4,""tp"":1,""warmup_repeats"":1}",TRITON_ATTN,pard2,15.0,9.874694297243726,1659.1906044699717,0.0010708342377541422,1.0160625135663122,2270781,partial,experiments/vllm_024_dynamicsd/report/20260704_vllm_native_completed/native32k/math/pard2/matrix/pard2_t0p0/result.json,18.704797684362756,875.9250047220266,0.5279230742762318,0.5279230742762316,0.53x,0.53x
vllm_native,vLLM 0.24.0,"{""cuda_version"":""13.0"",""environment"":{""VLLM_ATTENTION_BACKEND"":null,""VLLM_USE_V2_MODEL_RUNNER"":""0""},""gpu_count"":4,""gpu_names"":[""NVIDIA GB200"",""NVIDIA GB200"",""NVIDIA GB200"",""NVIDIA GB200""],""platform"":""Linux-6.17.0-1021-nvidia-64k-aarch64-with-glibc2.39"",""python"":""3.12.3"",""torch_version"":""2.11.0+cu130"",""vllm_version"":""0.24.0""}",Math,Qwen3-8B,/lustre/fsw/coreai_dlalgo_llm/users/sna/hf_home/hub/models--Qwen--Qwen3-8B/snapshots/b968826d9c46dd6066d109eabc6255188de91218,0.0,1.0,4,4096,32768,Native 32K,native,NONE,"{""attention_backend"":""TRITON_ATTN"",""cuda_profiler_range"":false,""cudagraph_mode"":""NONE"",""disable_custom_all_reduce"":true,""dtype"":""bfloat16"",""enable_chunked_prefill"":true,""enable_prefix_caching"":true,""enforce_eager"":true,""engine_gpus"":1,""gpu_memory_utilization"":0.9,""isl"":4096,""kv_cache_dtype"":""auto"",""max_model_len"":40960,""max_num_batched_tokens"":131072,""max_num_seqs"":32,""measure_repeats"":1,""model"":""/lustre/fsw/coreai_dlalgo_llm/users/sna/hf_home/hub/models--Qwen--Qwen3-8B/snapshots/b968826d9c46dd6066d109eabc6255188de91218"",""moe_backend"":""auto"",""osl"":32768,""pipeline_parallel_size"":1,""pp"":1,""prompt_jsonl"":""/lustre/fsw/coreai_dlalgo_llm/users/sna/vllm024-dynamicsd/datasets/math_500_data_prompts_qmath_20260617.jsonl"",""prompt_offset"":0,""seed"":0,""temperature"":0.0,""tensor_parallel_size"":1,""top_p"":1.0,""total_gpus"":4,""tp"":1,""warmup_repeats"":1}",TRITON_ATTN,pard2,15.0,19.580624269467688,1673.491077150975,0.001057708951772709,1.0158656342765906,2270781,partial,experiments/vllm_024_dynamicsd/report/20260704_vllm_native_completed/native32k/math/pard2/matrix/pard2_t0p0/result.json,37.279732126789526,878.976272912987,0.5252351117457973,0.5252351117457973,0.53x,0.53x
vllm_native,vLLM 0.24.0,"{""cuda_version"":""13.0"",""environment"":{""VLLM_ATTENTION_BACKEND"":null,""VLLM_USE_V2_MODEL_RUNNER"":""0""},""gpu_count"":4,""gpu_names"":[""NVIDIA GB200"",""NVIDIA GB200"",""NVIDIA GB200"",""NVIDIA GB200""],""platform"":""Linux-6.17.0-1021-nvidia-64k-aarch64-with-glibc2.39"",""python"":""3.12.3"",""torch_version"":""2.11.0+cu130"",""vllm_version"":""0.24.0""}",Math,Qwen3-8B,/lustre/fsw/coreai_dlalgo_llm/users/sna/hf_home/hub/models--Qwen--Qwen3-8B/snapshots/b968826d9c46dd6066d109eabc6255188de91218,0.0,1.0,8,4096,32768,Native 32K,native,NONE,"{""attention_backend"":""TRITON_ATTN"",""cuda_profiler_range"":false,""cudagraph_mode"":""NONE"",""disable_custom_all_reduce"":true,""dtype"":""bfloat16"",""enable_chunked_prefill"":true,""enable_prefix_caching"":true,""enforce_eager"":true,""engine_gpus"":1,""gpu_memory_utilization"":0.9,""isl"":4096,""kv_cache_dtype"":""auto"",""max_model_len"":40960,""max_num_batched_tokens"":131072,""max_num_seqs"":32,""measure_repeats"":1,""model"":""/lustre/fsw/coreai_dlalgo_llm/users/sna/hf_home/hub/models--Qwen--Qwen3-8B/snapshots/b968826d9c46dd6066d109eabc6255188de91218"",""moe_backend"":""auto"",""osl"":32768,""pipeline_parallel_size"":1,""pp"":1,""prompt_jsonl"":""/lustre/fsw/coreai_dlalgo_llm/users/sna/vllm024-dynamicsd/datasets/math_500_data_prompts_qmath_20260617.jsonl"",""prompt_offset"":0,""seed"":0,""temperature"":0.0,""tensor_parallel_size"":1,""top_p"":1.0,""total_gpus"":4,""tp"":1,""warmup_repeats"":1}",TRITON_ATTN,pard2,15.0,36.822565954623336,1779.7781958150445,0.0010346207983057633,1.0155193119745864,2270781,partial,experiments/vllm_024_dynamicsd/report/20260704_vllm_native_completed/native32k/math/pard2/matrix/pard2_t0p0/result.json,74.10213105299202,884.4010161210317,0.49691642374347816,0.49691642374347816,0.50x,0.50x
vllm_native,vLLM 0.24.0,"{""cuda_version"":""13.0"",""environment"":{""VLLM_ATTENTION_BACKEND"":null,""VLLM_USE_V2_MODEL_RUNNER"":""0""},""gpu_count"":4,""gpu_names"":[""NVIDIA GB200"",""NVIDIA GB200"",""NVIDIA GB200"",""NVIDIA GB200""],""platform"":""Linux-6.17.0-1021-nvidia-64k-aarch64-with-glibc2.39"",""python"":""3.12.3"",""torch_version"":""2.11.0+cu130"",""vllm_version"":""0.24.0""}",Math,Qwen3-8B,/lustre/fsw/coreai_dlalgo_llm/users/sna/hf_home/hub/models--Qwen--Qwen3-8B/snapshots/b968826d9c46dd6066d109eabc6255188de91218,1.0,1.0,1,4096,32768,Native 32K,native,NONE,"{""attention_backend"":""TRITON_ATTN"",""cuda_profiler_range"":false,""cudagraph_mode"":""NONE"",""disable_custom_all_reduce"":true,""dtype"":""bfloat16"",""enable_chunked_prefill"":true,""enable_prefix_caching"":true,""enforce_eager"":true,""engine_gpus"":1,""gpu_memory_utilization"":0.9,""isl"":4096,""kv_cache_dtype"":""auto"",""max_model_len"":40960,""max_num_batched_tokens"":131072,""max_num_seqs"":32,""measure_repeats"":1,""model"":""/lustre/fsw/coreai_dlalgo_llm/users/sna/hf_home/hub/models--Qwen--Qwen3-8B/snapshots/b968826d9c46dd6066d109eabc6255188de91218"",""moe_backend"":""auto"",""osl"":32768,""pipeline_parallel_size"":1,""pp"":1,""prompt_jsonl"":""/lustre/fsw/coreai_dlalgo_llm/users/sna/vllm024-dynamicsd/datasets/math_500_data_prompts_qmath_20260617.jsonl"",""prompt_offset"":0,""seed"":0,""temperature"":1.0,""tensor_parallel_size"":1,""top_p"":1.0,""total_gpus"":4,""tp"":1,""warmup_repeats"":1}",TRITON_ATTN,pard2,15.0,5.0378995489230265,1626.0745019720052,3.4605597964376594e-05,1.0005190839694655,2270782,partial,experiments/vllm_024_dynamicsd/report/20260704_vllm_native_completed/native32k/math/pard2/matrix/pard2_t1p0/result.json,8.898419344856165,920.6129406269756,0.5661566794820974,0.5661566794820974,0.57x,0.57x
vllm_native,vLLM 0.24.0,"{""cuda_version"":""13.0"",""environment"":{""VLLM_ATTENTION_BACKEND"":null,""VLLM_USE_V2_MODEL_RUNNER"":""0""},""gpu_count"":4,""gpu_names"":[""NVIDIA GB200"",""NVIDIA GB200"",""NVIDIA GB200"",""NVIDIA GB200""],""platform"":""Linux-6.17.0-1021-nvidia-64k-aarch64-with-glibc2.39"",""python"":""3.12.3"",""torch_version"":""2.11.0+cu130"",""vllm_version"":""0.24.0""}",Math,Qwen3-8B,/lustre/fsw/coreai_dlalgo_llm/users/sna/hf_home/hub/models--Qwen--Qwen3-8B/snapshots/b968826d9c46dd6066d109eabc6255188de91218,1.0,1.0,2,4096,32768,Native 32K,native,NONE,"{""attention_backend"":""TRITON_ATTN"",""cuda_profiler_range"":false,""cudagraph_mode"":""NONE"",""disable_custom_all_reduce"":true,""dtype"":""bfloat16"",""enable_chunked_prefill"":true,""enable_prefix_caching"":true,""enforce_eager"":true,""engine_gpus"":1,""gpu_memory_utilization"":0.9,""isl"":4096,""kv_cache_dtype"":""auto"",""max_model_len"":40960,""max_num_batched_tokens"":131072,""max_num_seqs"":32,""measure_repeats"":1,""model"":""/lustre/fsw/coreai_dlalgo_llm/users/sna/hf_home/hub/models--Qwen--Qwen3-8B/snapshots/b968826d9c46dd6066d109eabc6255188de91218"",""moe_backend"":""auto"",""osl"":32768,""pipeline_parallel_size"":1,""pp"":1,""prompt_jsonl"":""/lustre/fsw/coreai_dlalgo_llm/users/sna/vllm024-dynamicsd/datasets/math_500_data_prompts_qmath_20260617.jsonl"",""prompt_offset"":0,""seed"":0,""temperature"":1.0,""tensor_parallel_size"":1,""top_p"":1.0,""total_gpus"":4,""tp"":1,""warmup_repeats"":1}",TRITON_ATTN,pard2,15.0,10.01401221935341,1636.1074503519922,9.474182851729038e-05,1.0014211274277593,2270782,partial,experiments/vllm_024_dynamicsd/report/20260704_vllm_native_completed/native32k/math/pard2/matrix/pard2_t1p0/result.json,17.94786290526943,912.8663443929981,0.5579501176384253,0.5579501176384253,0.56x,0.56x
vllm_native,vLLM 0.24.0,"{""cuda_version"":""13.0"",""environment"":{""VLLM_ATTENTION_BACKEND"":null,""VLLM_USE_V2_MODEL_RUNNER"":""0""},""gpu_count"":4,""gpu_names"":[""NVIDIA GB200"",""NVIDIA GB200"",""NVIDIA GB200"",""NVIDIA GB200""],""platform"":""Linux-6.17.0-1021-nvidia-64k-aarch64-with-glibc2.39"",""python"":""3.12.3"",""torch_version"":""2.11.0+cu130"",""vllm_version"":""0.24.0""}",Math,Qwen3-8B,/lustre/fsw/coreai_dlalgo_llm/users/sna/hf_home/hub/models--Qwen--Qwen3-8B/snapshots/b968826d9c46dd6066d109eabc6255188de91218,1.0,1.0,4,4096,32768,Native 32K,native,NONE,"{""attention_backend"":""TRITON_ATTN"",""cuda_profiler_range"":false,""cudagraph_mode"":""NONE"",""disable_custom_all_reduce"":true,""dtype"":""bfloat16"",""enable_chunked_prefill"":true,""enable_prefix_caching"":true,""enforce_eager"":true,""engine_gpus"":1,""gpu_memory_utilization"":0.9,""isl"":4096,""kv_cache_dtype"":""auto"",""max_model_len"":40960,""max_num_batched_tokens"":131072,""max_num_seqs"":32,""measure_repeats"":1,""model"":""/lustre/fsw/coreai_dlalgo_llm/users/sna/hf_home/hub/models--Qwen--Qwen3-8B/snapshots/b968826d9c46dd6066d109eabc6255188de91218"",""moe_backend"":""auto"",""osl"":32768,""pipeline_parallel_size"":1,""pp"":1,""prompt_jsonl"":""/lustre/fsw/coreai_dlalgo_llm/users/sna/vllm024-dynamicsd/datasets/math_500_data_prompts_qmath_20260617.jsonl"",""prompt_offset"":0,""seed"":0,""temperature"":1.0,""tensor_parallel_size"":1,""top_p"":1.0,""total_gpus"":4,""tp"":1,""warmup_repeats"":1}",TRITON_ATTN,pard2,15.0,19.396388866574824,1689.3866288929712,0.0011849758112735772,1.0177746371691037,2270782,partial,experiments/vllm_024_dynamicsd/report/20260704_vllm_native_completed/native32k/math/pard2/matrix/pard2_t1p0/result.json,35.622118883207065,919.8779024750111,0.5445040742851107,0.5445040742851106,0.54x,0.54x
vllm_native,vLLM 0.24.0,"{""cuda_version"":""13.0"",""environment"":{""VLLM_ATTENTION_BACKEND"":null,""VLLM_USE_V2_MODEL_RUNNER"":""0""},""gpu_count"":4,""gpu_names"":[""NVIDIA GB200"",""NVIDIA GB200"",""NVIDIA GB200"",""NVIDIA GB200""],""platform"":""Linux-6.17.0-1021-nvidia-64k-aarch64-with-glibc2.39"",""python"":""3.12.3"",""torch_version"":""2.11.0+cu130"",""vllm_version"":""0.24.0""}",Math,Qwen3-8B,/lustre/fsw/coreai_dlalgo_llm/users/sna/hf_home/hub/models--Qwen--Qwen3-8B/snapshots/b968826d9c46dd6066d109eabc6255188de91218,1.0,1.0,8,4096,32768,Native 32K,native,NONE,"{""attention_backend"":""TRITON_ATTN"",""cuda_profiler_range"":false,""cudagraph_mode"":""NONE"",""disable_custom_all_reduce"":true,""dtype"":""bfloat16"",""enable_chunked_prefill"":true,""enable_prefix_caching"":true,""enforce_eager"":true,""engine_gpus"":1,""gpu_memory_utilization"":0.9,""isl"":4096,""kv_cache_dtype"":""auto"",""max_model_len"":40960,""max_num_batched_tokens"":131072,""max_num_seqs"":32,""measure_repeats"":1,""model"":""/lustre/fsw/coreai_dlalgo_llm/users/sna/hf_home/hub/models--Qwen--Qwen3-8B/snapshots/b968826d9c46dd6066d109eabc6255188de91218"",""moe_backend"":""auto"",""osl"":32768,""pipeline_parallel_size"":1,""pp"":1,""prompt_jsonl"":""/lustre/fsw/coreai_dlalgo_llm/users/sna/vllm024-dynamicsd/datasets/math_500_data_prompts_qmath_20260617.jsonl"",""prompt_offset"":0,""seed"":0,""temperature"":1.0,""tensor_parallel_size"":1,""top_p"":1.0,""total_gpus"":4,""tp"":1,""warmup_repeats"":1}",TRITON_ATTN,pard2,15.0,37.16542767061186,1763.3592321560136,0.0008750096622091675,1.0131251449331375,2270782,partial,experiments/vllm_024_dynamicsd/report/20260704_vllm_native_completed/native32k/math/pard2/matrix/pard2_t1p0/result.json,70.54786410742828,928.9579610830406,0.5268115220897036,0.5268115220897036,0.53x,0.53x
vllm_native,vLLM 0.24.0,"{""cuda_version"":""13.0"",""environment"":{""VLLM_ATTENTION_BACKEND"":null,""VLLM_USE_V2_MODEL_RUNNER"":""0""},""gpu_count"":4,""gpu_names"":[""NVIDIA GB200"",""NVIDIA GB200"",""NVIDIA GB200"",""NVIDIA GB200""],""platform"":""Linux-6.17.0-1021-nvidia-64k-aarch64-with-glibc2.39"",""python"":""3.12.3"",""torch_version"":""2.11.0+cu130"",""vllm_version"":""0.24.0""}",Math,Qwen3-8B,/lustre/fsw/coreai_dlalgo_llm/users/sna/hf_home/hub/models--Qwen--Qwen3-8B/snapshots/b968826d9c46dd6066d109eabc6255188de91218,0.0,1.0,1,4096,32768,Native 32K,native,NONE,"{""attention_backend"":""TRITON_ATTN"",""cuda_profiler_range"":false,""cudagraph_mode"":""NONE"",""disable_custom_all_reduce"":true,""dtype"":""bfloat16"",""enable_chunked_prefill"":true,""enable_prefix_caching"":true,""enforce_eager"":true,""engine_gpus"":1,""gpu_memory_utilization"":0.9,""isl"":4096,""kv_cache_dtype"":""auto"",""max_model_len"":40960,""max_num_batched_tokens"":131072,""max_num_seqs"":32,""measure_repeats"":1,""model"":""/lustre/fsw/coreai_dlalgo_llm/users/sna/hf_home/hub/models--Qwen--Qwen3-8B/snapshots/b968826d9c46dd6066d109eabc6255188de91218"",""moe_backend"":""auto"",""osl"":32768,""pipeline_parallel_size"":1,""pp"":1,""prompt_jsonl"":""/lustre/fsw/coreai_dlalgo_llm/users/sna/vllm024-dynamicsd/datasets/math_500_data_prompts_qmath_20260617.jsonl"",""prompt_offset"":0,""seed"":0,""temperature"":0.0,""tensor_parallel_size"":1,""top_p"":1.0,""total_gpus"":4,""tp"":1,""warmup_repeats"":1}",TRITON_ATTN,suffix,32.0,104.91148313937688,78.0848745519761,1.0,17.0,2270777,complete,experiments/vllm_024_dynamicsd/report/20260704_vllm_native_completed/native32k/math/suffix/matrix/suffix_t0p0/result.json,9.2310215835687,887.4424055709969,11.365099971829798,11.365099971829798,11.37x,11.37x
vllm_native,vLLM 0.24.0,"{""cuda_version"":""13.0"",""environment"":{""VLLM_ATTENTION_BACKEND"":null,""VLLM_USE_V2_MODEL_RUNNER"":""0""},""gpu_count"":4,""gpu_names"":[""NVIDIA GB200"",""NVIDIA GB200"",""NVIDIA GB200"",""NVIDIA GB200""],""platform"":""Linux-6.17.0-1021-nvidia-64k-aarch64-with-glibc2.39"",""python"":""3.12.3"",""torch_version"":""2.11.0+cu130"",""vllm_version"":""0.24.0""}",Math,Qwen3-8B,/lustre/fsw/coreai_dlalgo_llm/users/sna/hf_home/hub/models--Qwen--Qwen3-8B/snapshots/b968826d9c46dd6066d109eabc6255188de91218,0.0,1.0,2,4096,32768,Native 32K,native,NONE,"{""attention_backend"":""TRITON_ATTN"",""cuda_profiler_range"":false,""cudagraph_mode"":""NONE"",""disable_custom_all_reduce"":true,""dtype"":""bfloat16"",""enable_chunked_prefill"":true,""enable_prefix_caching"":true,""enforce_eager"":true,""engine_gpus"":1,""gpu_memory_utilization"":0.9,""isl"":4096,""kv_cache_dtype"":""auto"",""max_model_len"":40960,""max_num_batched_tokens"":131072,""max_num_seqs"":32,""measure_repeats"":1,""model"":""/lustre/fsw/coreai_dlalgo_llm/users/sna/hf_home/hub/models--Qwen--Qwen3-8B/snapshots/b968826d9c46dd6066d109eabc6255188de91218"",""moe_backend"":""auto"",""osl"":32768,""pipeline_parallel_size"":1,""pp"":1,""prompt_jsonl"":""/lustre/fsw/coreai_dlalgo_llm/users/sna/vllm024-dynamicsd/datasets/math_500_data_prompts_qmath_20260617.jsonl"",""prompt_offset"":0,""seed"":0,""temperature"":0.0,""tensor_parallel_size"":1,""top_p"":1.0,""total_gpus"":4,""tp"":1,""warmup_repeats"":1}",TRITON_ATTN,suffix,32.0,96.72806078308813,169.3820786580327,0.9009748901157397,10.630954316371321,2270777,complete,experiments/vllm_024_dynamicsd/report/20260704_vllm_native_completed/native32k/math/suffix/matrix/suffix_t0p0/result.json,18.704797684362756,875.9250047220266,5.171296819957211,5.1712968199572105,5.17x,5.17x
vllm_native,vLLM 0.24.0,"{""cuda_version"":""13.0"",""environment"":{""VLLM_ATTENTION_BACKEND"":null,""VLLM_USE_V2_MODEL_RUNNER"":""0""},""gpu_count"":4,""gpu_names"":[""NVIDIA GB200"",""NVIDIA GB200"",""NVIDIA GB200"",""NVIDIA GB200""],""platform"":""Linux-6.17.0-1021-nvidia-64k-aarch64-with-glibc2.39"",""python"":""3.12.3"",""torch_version"":""2.11.0+cu130"",""vllm_version"":""0.24.0""}",Math,Qwen3-8B,/lustre/fsw/coreai_dlalgo_llm/users/sna/hf_home/hub/models--Qwen--Qwen3-8B/snapshots/b968826d9c46dd6066d109eabc6255188de91218,0.0,1.0,4,4096,32768,Native 32K,native,NONE,"{""attention_backend"":""TRITON_ATTN"",""cuda_profiler_range"":false,""cudagraph_mode"":""NONE"",""disable_custom_all_reduce"":true,""dtype"":""bfloat16"",""enable_chunked_prefill"":true,""enable_prefix_caching"":true,""enforce_eager"":true,""engine_gpus"":1,""gpu_memory_utilization"":0.9,""isl"":4096,""kv_cache_dtype"":""auto"",""max_model_len"":40960,""max_num_batched_tokens"":131072,""max_num_seqs"":32,""measure_repeats"":1,""model"":""/lustre/fsw/coreai_dlalgo_llm/users/sna/hf_home/hub/models--Qwen--Qwen3-8B/snapshots/b968826d9c46dd6066d109eabc6255188de91218"",""moe_backend"":""auto"",""osl"":32768,""pipeline_parallel_size"":1,""pp"":1,""prompt_jsonl"":""/lustre/fsw/coreai_dlalgo_llm/users/sna/vllm024-dynamicsd/datasets/math_500_data_prompts_qmath_20260617.jsonl"",""prompt_offset"":0,""seed"":0,""temperature"":0.0,""tensor_parallel_size"":1,""top_p"":1.0,""total_gpus"":4,""tp"":1,""warmup_repeats"":1}",TRITON_ATTN,suffix,32.0,262.29398466299375,124.92852263501845,0.9747629804021379,15.392836171462125,2270777,complete,experiments/vllm_024_dynamicsd/report/20260704_vllm_native_completed/native32k/math/suffix/matrix/suffix_t0p0/result.json,37.279732126789526,878.976272912987,7.035833405962355,7.035833405962355,7.04x,7.04x
vllm_native,vLLM 0.24.0,"{""cuda_version"":""13.0"",""environment"":{""VLLM_ATTENTION_BACKEND"":null,""VLLM_USE_V2_MODEL_RUNNER"":""0""},""gpu_count"":4,""gpu_names"":[""NVIDIA GB200"",""NVIDIA GB200"",""NVIDIA GB200"",""NVIDIA GB200""],""platform"":""Linux-6.17.0-1021-nvidia-64k-aarch64-with-glibc2.39"",""python"":""3.12.3"",""torch_version"":""2.11.0+cu130"",""vllm_version"":""0.24.0""}",Math,Qwen3-8B,/lustre/fsw/coreai_dlalgo_llm/users/sna/hf_home/hub/models--Qwen--Qwen3-8B/snapshots/b968826d9c46dd6066d109eabc6255188de91218,0.0,1.0,8,4096,32768,Native 32K,native,NONE,"{""attention_backend"":""TRITON_ATTN"",""cuda_profiler_range"":false,""cudagraph_mode"":""NONE"",""disable_custom_all_reduce"":true,""dtype"":""bfloat16"",""enable_chunked_prefill"":true,""enable_prefix_caching"":true,""enforce_eager"":true,""engine_gpus"":1,""gpu_memory_utilization"":0.9,""isl"":4096,""kv_cache_dtype"":""auto"",""max_model_len"":40960,""max_num_batched_tokens"":131072,""max_num_seqs"":32,""measure_repeats"":1,""model"":""/lustre/fsw/coreai_dlalgo_llm/users/sna/hf_home/hub/models--Qwen--Qwen3-8B/snapshots/b968826d9c46dd6066d109eabc6255188de91218"",""moe_backend"":""auto"",""osl"":32768,""pipeline_parallel_size"":1,""pp"":1,""prompt_jsonl"":""/lustre/fsw/coreai_dlalgo_llm/users/sna/vllm024-dynamicsd/datasets/math_500_data_prompts_qmath_20260617.jsonl"",""prompt_offset"":0,""seed"":0,""temperature"":0.0,""tensor_parallel_size"":1,""top_p"":1.0,""total_gpus"":4,""tp"":1,""warmup_repeats"":1}",TRITON_ATTN,suffix,32.0,481.7295175855034,136.04314788198099,0.9865612648221344,16.06470588235294,2270777,complete,experiments/vllm_024_dynamicsd/report/20260704_vllm_native_completed/native32k/math/suffix/matrix/suffix_t0p0/result.json,74.10213105299202,884.4010161210317,6.500886151857203,6.500886151857203,6.50x,6.50x
vllm_native,vLLM 0.24.0,"{""cuda_version"":""13.0"",""environment"":{""VLLM_ATTENTION_BACKEND"":null,""VLLM_USE_V2_MODEL_RUNNER"":""0""},""gpu_count"":4,""gpu_names"":[""NVIDIA GB200"",""NVIDIA GB200"",""NVIDIA GB200"",""NVIDIA GB200""],""platform"":""Linux-6.17.0-1021-nvidia-64k-aarch64-with-glibc2.39"",""python"":""3.12.3"",""torch_version"":""2.11.0+cu130"",""vllm_version"":""0.24.0""}",Math,Qwen3-8B,/lustre/fsw/coreai_dlalgo_llm/users/sna/hf_home/hub/models--Qwen--Qwen3-8B/snapshots/b968826d9c46dd6066d109eabc6255188de91218,0.0,1.0,16,4096,32768,Native 32K,native,NONE,"{""attention_backend"":""TRITON_ATTN"",""cuda_profiler_range"":false,""cudagraph_mode"":""NONE"",""disable_custom_all_reduce"":true,""dtype"":""bfloat16"",""enable_chunked_prefill"":true,""enable_prefix_caching"":true,""enforce_eager"":true,""engine_gpus"":1,""gpu_memory_utilization"":0.9,""isl"":4096,""kv_cache_dtype"":""auto"",""max_model_len"":40960,""max_num_batched_tokens"":131072,""max_num_seqs"":32,""measure_repeats"":1,""model"":""/lustre/fsw/coreai_dlalgo_llm/users/sna/hf_home/hub/models--Qwen--Qwen3-8B/snapshots/b968826d9c46dd6066d109eabc6255188de91218"",""moe_backend"":""auto"",""osl"":32768,""pipeline_parallel_size"":1,""pp"":1,""prompt_jsonl"":""/lustre/fsw/coreai_dlalgo_llm/users/sna/vllm024-dynamicsd/datasets/math_500_data_prompts_qmath_20260617.jsonl"",""prompt_offset"":0,""seed"":0,""temperature"":0.0,""tensor_parallel_size"":1,""top_p"":1.0,""total_gpus"":4,""tp"":1,""warmup_repeats"":1}",TRITON_ATTN,suffix,32.0,692.7209761256863,189.2132684260141,0.9805038146882988,15.516290355990886,2270777,complete,experiments/vllm_024_dynamicsd/report/20260704_vllm_native_completed/native32k/math/suffix/matrix/suffix_t0p0/result.json,148.13048500995424,884.8414962739917,4.676424141047915,4.6764241410479155,4.68x,4.68x
vllm_native,vLLM 0.24.0,"{""cuda_version"":""13.0"",""environment"":{""VLLM_ATTENTION_BACKEND"":null,""VLLM_USE_V2_MODEL_RUNNER"":""0""},""gpu_count"":4,""gpu_names"":[""NVIDIA GB200"",""NVIDIA GB200"",""NVIDIA GB200"",""NVIDIA GB200""],""platform"":""Linux-6.17.0-1021-nvidia-64k-aarch64-with-glibc2.39"",""python"":""3.12.3"",""torch_version"":""2.11.0+cu130"",""vllm_version"":""0.24.0""}",Math,Qwen3-8B,/lustre/fsw/coreai_dlalgo_llm/users/sna/hf_home/hub/models--Qwen--Qwen3-8B/snapshots/b968826d9c46dd6066d109eabc6255188de91218,0.0,1.0,32,4096,32768,Native 32K,native,NONE,"{""attention_backend"":""TRITON_ATTN"",""cuda_profiler_range"":false,""cudagraph_mode"":""NONE"",""disable_custom_all_reduce"":true,""dtype"":""bfloat16"",""enable_chunked_prefill"":true,""enable_prefix_caching"":true,""enforce_eager"":true,""engine_gpus"":1,""gpu_memory_utilization"":0.9,""isl"":4096,""kv_cache_dtype"":""auto"",""max_model_len"":40960,""max_num_batched_tokens"":131072,""max_num_seqs"":32,""measure_repeats"":1,""model"":""/lustre/fsw/coreai_dlalgo_llm/users/sna/hf_home/hub/models--Qwen--Qwen3-8B/snapshots/b968826d9c46dd6066d109eabc6255188de91218"",""moe_backend"":""auto"",""osl"":32768,""pipeline_parallel_size"":1,""pp"":1,""prompt_jsonl"":""/lustre/fsw/coreai_dlalgo_llm/users/sna/vllm024-dynamicsd/datasets/math_500_data_prompts_qmath_20260617.jsonl"",""prompt_offset"":0,""seed"":0,""temperature"":0.0,""tensor_parallel_size"":1,""top_p"":1.0,""total_gpus"":4,""tp"":1,""warmup_repeats"":1}",TRITON_ATTN,suffix,32.0,918.6308197075648,285.36382012901595,0.9928518296776067,16.457098920411752,2270777,complete,experiments/vllm_024_dynamicsd/report/20260704_vllm_native_completed/native32k/math/suffix/matrix/suffix_t0p0/result.json,164.68264711913437,1591.8131301979884,5.57818832632081,5.578188326320811,5.58x,5.58x
vllm_native,vLLM 0.24.0,"{""cuda_version"":""13.0"",""environment"":{""VLLM_ATTENTION_BACKEND"":null,""VLLM_USE_V2_MODEL_RUNNER"":""0""},""gpu_count"":4,""gpu_names"":[""NVIDIA GB200"",""NVIDIA GB200"",""NVIDIA GB200"",""NVIDIA GB200""],""platform"":""Linux-6.17.0-1021-nvidia-64k-aarch64-with-glibc2.39"",""python"":""3.12.3"",""torch_version"":""2.11.0+cu130"",""vllm_version"":""0.24.0""}",Math,Qwen3-8B,/lustre/fsw/coreai_dlalgo_llm/users/sna/hf_home/hub/models--Qwen--Qwen3-8B/snapshots/b968826d9c46dd6066d109eabc6255188de91218,1.0,1.0,1,4096,32768,Native 32K,native,NONE,"{""attention_backend"":""TRITON_ATTN"",""cuda_profiler_range"":false,""cudagraph_mode"":""NONE"",""disable_custom_all_reduce"":true,""dtype"":""bfloat16"",""enable_chunked_prefill"":true,""enable_prefix_caching"":true,""enforce_eager"":true,""engine_gpus"":1,""gpu_memory_utilization"":0.9,""isl"":4096,""kv_cache_dtype"":""auto"",""max_model_len"":40960,""max_num_batched_tokens"":131072,""max_num_seqs"":32,""measure_repeats"":1,""model"":""/lustre/fsw/coreai_dlalgo_llm/users/sna/hf_home/hub/models--Qwen--Qwen3-8B/snapshots/b968826d9c46dd6066d109eabc6255188de91218"",""moe_backend"":""auto"",""osl"":32768,""pipeline_parallel_size"":1,""pp"":1,""prompt_jsonl"":""/lustre/fsw/coreai_dlalgo_llm/users/sna/vllm024-dynamicsd/datasets/math_500_data_prompts_qmath_20260617.jsonl"",""prompt_offset"":0,""seed"":0,""temperature"":1.0,""tensor_parallel_size"":1,""top_p"":1.0,""total_gpus"":4,""tp"":1,""warmup_repeats"":1}",TRITON_ATTN,suffix,32.0,104.38221958952816,78.48079905001214,1.0,17.0,2270778,complete,experiments/vllm_024_dynamicsd/report/20260704_vllm_native_completed/native32k/math/suffix/matrix/suffix_t1p0/result.json,8.898419344856165,920.6129406269756,11.730422622740017,11.730422622740017,11.73x,11.73x
vllm_native,vLLM 0.24.0,"{""cuda_version"":""13.0"",""environment"":{""VLLM_ATTENTION_BACKEND"":null,""VLLM_USE_V2_MODEL_RUNNER"":""0""},""gpu_count"":4,""gpu_names"":[""NVIDIA GB200"",""NVIDIA GB200"",""NVIDIA GB200"",""NVIDIA GB200""],""platform"":""Linux-6.17.0-1021-nvidia-64k-aarch64-with-glibc2.39"",""python"":""3.12.3"",""torch_version"":""2.11.0+cu130"",""vllm_version"":""0.24.0""}",Math,Qwen3-8B,/lustre/fsw/coreai_dlalgo_llm/users/sna/hf_home/hub/models--Qwen--Qwen3-8B/snapshots/b968826d9c46dd6066d109eabc6255188de91218,1.0,1.0,2,4096,32768,Native 32K,native,NONE,"{""attention_backend"":""TRITON_ATTN"",""cuda_profiler_range"":false,""cudagraph_mode"":""NONE"",""disable_custom_all_reduce"":true,""dtype"":""bfloat16"",""enable_chunked_prefill"":true,""enable_prefix_caching"":true,""enforce_eager"":true,""engine_gpus"":1,""gpu_memory_utilization"":0.9,""isl"":4096,""kv_cache_dtype"":""auto"",""max_model_len"":40960,""max_num_batched_tokens"":131072,""max_num_seqs"":32,""measure_repeats"":1,""model"":""/lustre/fsw/coreai_dlalgo_llm/users/sna/hf_home/hub/models--Qwen--Qwen3-8B/snapshots/b968826d9c46dd6066d109eabc6255188de91218"",""moe_backend"":""auto"",""osl"":32768,""pipeline_parallel_size"":1,""pp"":1,""prompt_jsonl"":""/lustre/fsw/coreai_dlalgo_llm/users/sna/vllm024-dynamicsd/datasets/math_500_data_prompts_qmath_20260617.jsonl"",""prompt_offset"":0,""seed"":0,""temperature"":1.0,""tensor_parallel_size"":1,""top_p"":1.0,""total_gpus"":4,""tp"":1,""warmup_repeats"":1}",TRITON_ATTN,suffix,32.0,56.96767594251142,287.6016921689734,0.7873172123546616,6.548104956268221,2270778,complete,experiments/vllm_024_dynamicsd/report/20260704_vllm_native_completed/native32k/math/suffix/matrix/suffix_t1p0/result.json,17.94786290526943,912.8663443929981,3.174064580456869,3.1740645804568692,3.17x,3.17x
vllm_native,vLLM 0.24.0,"{""cuda_version"":""13.0"",""environment"":{""VLLM_ATTENTION_BACKEND"":null,""VLLM_USE_V2_MODEL_RUNNER"":""0""},""gpu_count"":4,""gpu_names"":[""NVIDIA GB200"",""NVIDIA GB200"",""NVIDIA GB200"",""NVIDIA GB200""],""platform"":""Linux-6.17.0-1021-nvidia-64k-aarch64-with-glibc2.39"",""python"":""3.12.3"",""torch_version"":""2.11.0+cu130"",""vllm_version"":""0.24.0""}",Math,Qwen3-8B,/lustre/fsw/coreai_dlalgo_llm/users/sna/hf_home/hub/models--Qwen--Qwen3-8B/snapshots/b968826d9c46dd6066d109eabc6255188de91218,1.0,1.0,4,4096,32768,Native 32K,native,NONE,"{""attention_backend"":""TRITON_ATTN"",""cuda_profiler_range"":false,""cudagraph_mode"":""NONE"",""disable_custom_all_reduce"":true,""dtype"":""bfloat16"",""enable_chunked_prefill"":true,""enable_prefix_caching"":true,""enforce_eager"":true,""engine_gpus"":1,""gpu_memory_utilization"":0.9,""isl"":4096,""kv_cache_dtype"":""auto"",""max_model_len"":40960,""max_num_batched_tokens"":131072,""max_num_seqs"":32,""measure_repeats"":1,""model"":""/lustre/fsw/coreai_dlalgo_llm/users/sna/hf_home/hub/models--Qwen--Qwen3-8B/snapshots/b968826d9c46dd6066d109eabc6255188de91218"",""moe_backend"":""auto"",""osl"":32768,""pipeline_parallel_size"":1,""pp"":1,""prompt_jsonl"":""/lustre/fsw/coreai_dlalgo_llm/users/sna/vllm024-dynamicsd/datasets/math_500_data_prompts_qmath_20260617.jsonl"",""prompt_offset"":0,""seed"":0,""temperature"":1.0,""tensor_parallel_size"":1,""top_p"":1.0,""total_gpus"":4,""tp"":1,""warmup_repeats"":1}",TRITON_ATTN,suffix,32.0,164.6648992418103,198.99808733299142,0.9076193814872959,11.021541568495456,2270778,complete,experiments/vllm_024_dynamicsd/report/20260704_vllm_native_completed/native32k/math/suffix/matrix/suffix_t1p0/result.json,35.622118883207065,919.8779024750111,4.62254645159349,4.62254645159349,4.62x,4.62x
vllm_native,vLLM 0.24.0,"{""cuda_version"":""13.0"",""environment"":{""VLLM_ATTENTION_BACKEND"":null,""VLLM_USE_V2_MODEL_RUNNER"":""0""},""gpu_count"":4,""gpu_names"":[""NVIDIA GB200"",""NVIDIA GB200"",""NVIDIA GB200"",""NVIDIA GB200""],""platform"":""Linux-6.17.0-1021-nvidia-64k-aarch64-with-glibc2.39"",""python"":""3.12.3"",""torch_version"":""2.11.0+cu130"",""vllm_version"":""0.24.0""}",Math,Qwen3-8B,/lustre/fsw/coreai_dlalgo_llm/users/sna/hf_home/hub/models--Qwen--Qwen3-8B/snapshots/b968826d9c46dd6066d109eabc6255188de91218,1.0,1.0,8,4096,32768,Native 32K,native,NONE,"{""attention_backend"":""TRITON_ATTN"",""cuda_profiler_range"":false,""cudagraph_mode"":""NONE"",""disable_custom_all_reduce"":true,""dtype"":""bfloat16"",""enable_chunked_prefill"":true,""enable_prefix_caching"":true,""enforce_eager"":true,""engine_gpus"":1,""gpu_memory_utilization"":0.9,""isl"":4096,""kv_cache_dtype"":""auto"",""max_model_len"":40960,""max_num_batched_tokens"":131072,""max_num_seqs"":32,""measure_repeats"":1,""model"":""/lustre/fsw/coreai_dlalgo_llm/users/sna/hf_home/hub/models--Qwen--Qwen3-8B/snapshots/b968826d9c46dd6066d109eabc6255188de91218"",""moe_backend"":""auto"",""osl"":32768,""pipeline_parallel_size"":1,""pp"":1,""prompt_jsonl"":""/lustre/fsw/coreai_dlalgo_llm/users/sna/vllm024-dynamicsd/datasets/math_500_data_prompts_qmath_20260617.jsonl"",""prompt_offset"":0,""seed"":0,""temperature"":1.0,""tensor_parallel_size"":1,""top_p"":1.0,""total_gpus"":4,""tp"":1,""warmup_repeats"":1}",TRITON_ATTN,suffix,32.0,233.57780551870138,280.5746027730056,0.8703265534066192,10.70827868852459,2270778,complete,experiments/vllm_024_dynamicsd/report/20260704_vllm_native_completed/native32k/math/suffix/matrix/suffix_t1p0/result.json,70.54786410742828,928.9579610830406,3.310912505629026,3.310912505629026,3.31x,3.31x
vllm_native,vLLM 0.24.0,"{""cuda_version"":""13.0"",""environment"":{""VLLM_ATTENTION_BACKEND"":null,""VLLM_USE_V2_MODEL_RUNNER"":""0""},""gpu_count"":4,""gpu_names"":[""NVIDIA GB200"",""NVIDIA GB200"",""NVIDIA GB200"",""NVIDIA GB200""],""platform"":""Linux-6.17.0-1021-nvidia-64k-aarch64-with-glibc2.39"",""python"":""3.12.3"",""torch_version"":""2.11.0+cu130"",""vllm_version"":""0.24.0""}",Math,Qwen3-8B,/lustre/fsw/coreai_dlalgo_llm/users/sna/hf_home/hub/models--Qwen--Qwen3-8B/snapshots/b968826d9c46dd6066d109eabc6255188de91218,1.0,1.0,16,4096,32768,Native 32K,native,NONE,"{""attention_backend"":""TRITON_ATTN"",""cuda_profiler_range"":false,""cudagraph_mode"":""NONE"",""disable_custom_all_reduce"":true,""dtype"":""bfloat16"",""enable_chunked_prefill"":true,""enable_prefix_caching"":true,""enforce_eager"":true,""engine_gpus"":1,""gpu_memory_utilization"":0.9,""isl"":4096,""kv_cache_dtype"":""auto"",""max_model_len"":40960,""max_num_batched_tokens"":131072,""max_num_seqs"":32,""measure_repeats"":1,""model"":""/lustre/fsw/coreai_dlalgo_llm/users/sna/hf_home/hub/models--Qwen--Qwen3-8B/snapshots/b968826d9c46dd6066d109eabc6255188de91218"",""moe_backend"":""auto"",""osl"":32768,""pipeline_parallel_size"":1,""pp"":1,""prompt_jsonl"":""/lustre/fsw/coreai_dlalgo_llm/users/sna/vllm024-dynamicsd/datasets/math_500_data_prompts_qmath_20260617.jsonl"",""prompt_offset"":0,""seed"":0,""temperature"":1.0,""tensor_parallel_size"":1,""top_p"":1.0,""total_gpus"":4,""tp"":1,""warmup_repeats"":1}",TRITON_ATTN,suffix,32.0,220.66524875548842,593.9856898139697,0.8324200913242009,8.628746066527176,2270778,complete,experiments/vllm_024_dynamicsd/report/20260704_vllm_native_completed/native32k/math/suffix/matrix/suffix_t1p0/result.json,141.68324165012956,925.1058803670458,1.5574548280056708,1.5574548280056706,1.56x,1.56x
vllm_native,vLLM 0.24.0,"{""cuda_version"":""13.0"",""environment"":{""VLLM_ATTENTION_BACKEND"":null,""VLLM_USE_V2_MODEL_RUNNER"":""0""},""gpu_count"":4,""gpu_names"":[""NVIDIA GB200"",""NVIDIA GB200"",""NVIDIA GB200"",""NVIDIA GB200""],""platform"":""Linux-6.17.0-1021-nvidia-64k-aarch64-with-glibc2.39"",""python"":""3.12.3"",""torch_version"":""2.11.0+cu130"",""vllm_version"":""0.24.0""}",Math,Qwen3-8B,/lustre/fsw/coreai_dlalgo_llm/users/sna/hf_home/hub/models--Qwen--Qwen3-8B/snapshots/b968826d9c46dd6066d109eabc6255188de91218,1.0,1.0,32,4096,32768,Native 32K,native,NONE,"{""attention_backend"":""TRITON_ATTN"",""cuda_profiler_range"":false,""cudagraph_mode"":""NONE"",""disable_custom_all_reduce"":true,""dtype"":""bfloat16"",""enable_chunked_prefill"":true,""enable_prefix_caching"":true,""enforce_eager"":true,""engine_gpus"":1,""gpu_memory_utilization"":0.9,""isl"":4096,""kv_cache_dtype"":""auto"",""max_model_len"":40960,""max_num_batched_tokens"":131072,""max_num_seqs"":32,""measure_repeats"":1,""model"":""/lustre/fsw/coreai_dlalgo_llm/users/sna/hf_home/hub/models--Qwen--Qwen3-8B/snapshots/b968826d9c46dd6066d109eabc6255188de91218"",""moe_backend"":""auto"",""osl"":32768,""pipeline_parallel_size"":1,""pp"":1,""prompt_jsonl"":""/lustre/fsw/coreai_dlalgo_llm/users/sna/vllm024-dynamicsd/datasets/math_500_data_prompts_qmath_20260617.jsonl"",""prompt_offset"":0,""seed"":0,""temperature"":1.0,""tensor_parallel_size"":1,""top_p"":1.0,""total_gpus"":4,""tp"":1,""warmup_repeats"":1}",TRITON_ATTN,suffix,32.0,387.01218389415095,677.353351933998,0.8477110329860009,9.252038547071905,2270778,complete,experiments/vllm_024_dynamicsd/report/20260704_vllm_native_completed/native32k/math/suffix/matrix/suffix_t1p0/result.json,162.29935860912556,1615.1881452060188,2.384557691483018,2.3845576914830184,2.38x,2.38x
vllm_native,vLLM 0.24.0,"{""cuda_version"":""13.0"",""environment"":{""VLLM_ATTENTION_BACKEND"":null,""VLLM_USE_V2_MODEL_RUNNER"":""0""},""gpu_count"":4,""gpu_names"":[""NVIDIA GB200"",""NVIDIA GB200"",""NVIDIA GB200"",""NVIDIA GB200""],""platform"":""Linux-6.17.0-1021-nvidia-64k-aarch64-with-glibc2.39"",""python"":""3.12.3"",""torch_version"":""2.11.0+cu130"",""vllm_version"":""0.24.0""}",SWE,Qwen3-8B,/lustre/fsw/coreai_dlalgo_llm/users/sna/hf_home/hub/models--Qwen--Qwen3-8B/snapshots/b968826d9c46dd6066d109eabc6255188de91218,0.0,1.0,1,4096,32768,Native 32K,native,NONE,"{""attention_backend"":""TRITON_ATTN"",""cuda_profiler_range"":false,""cudagraph_mode"":""NONE"",""disable_custom_all_reduce"":true,""dtype"":""bfloat16"",""enable_chunked_prefill"":true,""enable_prefix_caching"":true,""enforce_eager"":true,""engine_gpus"":1,""gpu_memory_utilization"":0.9,""isl"":4096,""kv_cache_dtype"":""auto"",""max_model_len"":40960,""max_num_batched_tokens"":65536,""max_num_seqs"":32,""measure_repeats"":1,""model"":""/lustre/fsw/coreai_dlalgo_llm/users/sna/hf_home/hub/models--Qwen--Qwen3-8B/snapshots/b968826d9c46dd6066d109eabc6255188de91218"",""moe_backend"":""auto"",""osl"":32768,""pipeline_parallel_size"":1,""pp"":1,""prompt_jsonl"":""/lustre/fsw/coreai_dlalgo_llm/users/sna/vllm-benchmark/data/swebench_verified_prompts_all.jsonl"",""prompt_offset"":0,""seed"":0,""temperature"":0.0,""tensor_parallel_size"":1,""top_p"":1.0,""total_gpus"":4,""tp"":1,""warmup_repeats"":1}",TRITON_ATTN,baseline,,9.200810782159143,890.3563168459805,,,2270785,complete,experiments/vllm_024_dynamicsd/report/20260704_vllm_native_completed/native32k/swe/baseline/matrix/baseline_t0p0/result.json,9.200810782159143,890.3563168459805,1.0,1.0,1.00x,1.00x
vllm_native,vLLM 0.24.0,"{""cuda_version"":""13.0"",""environment"":{""VLLM_ATTENTION_BACKEND"":null,""VLLM_USE_V2_MODEL_RUNNER"":""0""},""gpu_count"":4,""gpu_names"":[""NVIDIA GB200"",""NVIDIA GB200"",""NVIDIA GB200"",""NVIDIA GB200""],""platform"":""Linux-6.17.0-1021-nvidia-64k-aarch64-with-glibc2.39"",""python"":""3.12.3"",""torch_version"":""2.11.0+cu130"",""vllm_version"":""0.24.0""}",SWE,Qwen3-8B,/lustre/fsw/coreai_dlalgo_llm/users/sna/hf_home/hub/models--Qwen--Qwen3-8B/snapshots/b968826d9c46dd6066d109eabc6255188de91218,0.0,1.0,2,4096,32768,Native 32K,native,NONE,"{""attention_backend"":""TRITON_ATTN"",""cuda_profiler_range"":false,""cudagraph_mode"":""NONE"",""disable_custom_all_reduce"":true,""dtype"":""bfloat16"",""enable_chunked_prefill"":true,""enable_prefix_caching"":true,""enforce_eager"":true,""engine_gpus"":1,""gpu_memory_utilization"":0.9,""isl"":4096,""kv_cache_dtype"":""auto"",""max_model_len"":40960,""max_num_batched_tokens"":65536,""max_num_seqs"":32,""measure_repeats"":1,""model"":""/lustre/fsw/coreai_dlalgo_llm/users/sna/hf_home/hub/models--Qwen--Qwen3-8B/snapshots/b968826d9c46dd6066d109eabc6255188de91218"",""moe_backend"":""auto"",""osl"":32768,""pipeline_parallel_size"":1,""pp"":1,""prompt_jsonl"":""/lustre/fsw/coreai_dlalgo_llm/users/sna/vllm-benchmark/data/swebench_verified_prompts_all.jsonl"",""prompt_offset"":0,""seed"":0,""temperature"":0.0,""tensor_parallel_size"":1,""top_p"":1.0,""total_gpus"":4,""tp"":1,""warmup_repeats"":1}",TRITON_ATTN,baseline,,18.62319686297093,879.7630246059853,,,2270785,complete,experiments/vllm_024_dynamicsd/report/20260704_vllm_native_completed/native32k/swe/baseline/matrix/baseline_t0p0/result.json,18.62319686297093,879.7630246059853,1.0,1.0,1.00x,1.00x
vllm_native,vLLM 0.24.0,"{""cuda_version"":""13.0"",""environment"":{""VLLM_ATTENTION_BACKEND"":null,""VLLM_USE_V2_MODEL_RUNNER"":""0""},""gpu_count"":4,""gpu_names"":[""NVIDIA GB200"",""NVIDIA GB200"",""NVIDIA GB200"",""NVIDIA GB200""],""platform"":""Linux-6.17.0-1021-nvidia-64k-aarch64-with-glibc2.39"",""python"":""3.12.3"",""torch_version"":""2.11.0+cu130"",""vllm_version"":""0.24.0""}",SWE,Qwen3-8B,/lustre/fsw/coreai_dlalgo_llm/users/sna/hf_home/hub/models--Qwen--Qwen3-8B/snapshots/b968826d9c46dd6066d109eabc6255188de91218,0.0,1.0,4,4096,32768,Native 32K,native,NONE,"{""attention_backend"":""TRITON_ATTN"",""cuda_profiler_range"":false,""cudagraph_mode"":""NONE"",""disable_custom_all_reduce"":true,""dtype"":""bfloat16"",""enable_chunked_prefill"":true,""enable_prefix_caching"":true,""enforce_eager"":true,""engine_gpus"":1,""gpu_memory_utilization"":0.9,""isl"":4096,""kv_cache_dtype"":""auto"",""max_model_len"":40960,""max_num_batched_tokens"":65536,""max_num_seqs"":32,""measure_repeats"":1,""model"":""/lustre/fsw/coreai_dlalgo_llm/users/sna/hf_home/hub/models--Qwen--Qwen3-8B/snapshots/b968826d9c46dd6066d109eabc6255188de91218"",""moe_backend"":""auto"",""osl"":32768,""pipeline_parallel_size"":1,""pp"":1,""prompt_jsonl"":""/lustre/fsw/coreai_dlalgo_llm/users/sna/vllm-benchmark/data/swebench_verified_prompts_all.jsonl"",""prompt_offset"":0,""seed"":0,""temperature"":0.0,""tensor_parallel_size"":1,""top_p"":1.0,""total_gpus"":4,""tp"":1,""warmup_repeats"":1}",TRITON_ATTN,baseline,,37.200706649847035,880.8434825830045,,,2270785,complete,experiments/vllm_024_dynamicsd/report/20260704_vllm_native_completed/native32k/swe/baseline/matrix/baseline_t0p0/result.json,37.200706649847035,880.8434825830045,1.0,1.0,1.00x,1.00x
vllm_native,vLLM 0.24.0,"{""cuda_version"":""13.0"",""environment"":{""VLLM_ATTENTION_BACKEND"":null,""VLLM_USE_V2_MODEL_RUNNER"":""0""},""gpu_count"":4,""gpu_names"":[""NVIDIA GB200"",""NVIDIA GB200"",""NVIDIA GB200"",""NVIDIA GB200""],""platform"":""Linux-6.17.0-1021-nvidia-64k-aarch64-with-glibc2.39"",""python"":""3.12.3"",""torch_version"":""2.11.0+cu130"",""vllm_version"":""0.24.0""}",SWE,Qwen3-8B,/lustre/fsw/coreai_dlalgo_llm/users/sna/hf_home/hub/models--Qwen--Qwen3-8B/snapshots/b968826d9c46dd6066d109eabc6255188de91218,0.0,1.0,8,4096,32768,Native 32K,native,NONE,"{""attention_backend"":""TRITON_ATTN"",""cuda_profiler_range"":false,""cudagraph_mode"":""NONE"",""disable_custom_all_reduce"":true,""dtype"":""bfloat16"",""enable_chunked_prefill"":true,""enable_prefix_caching"":true,""enforce_eager"":true,""engine_gpus"":1,""gpu_memory_utilization"":0.9,""isl"":4096,""kv_cache_dtype"":""auto"",""max_model_len"":40960,""max_num_batched_tokens"":65536,""max_num_seqs"":32,""measure_repeats"":1,""model"":""/lustre/fsw/coreai_dlalgo_llm/users/sna/hf_home/hub/models--Qwen--Qwen3-8B/snapshots/b968826d9c46dd6066d109eabc6255188de91218"",""moe_backend"":""auto"",""osl"":32768,""pipeline_parallel_size"":1,""pp"":1,""prompt_jsonl"":""/lustre/fsw/coreai_dlalgo_llm/users/sna/vllm-benchmark/data/swebench_verified_prompts_all.jsonl"",""prompt_offset"":0,""seed"":0,""temperature"":0.0,""tensor_parallel_size"":1,""top_p"":1.0,""total_gpus"":4,""tp"":1,""warmup_repeats"":1}",TRITON_ATTN,baseline,,73.93854687971597,886.3576952170115,,,2270785,complete,experiments/vllm_024_dynamicsd/report/20260704_vllm_native_completed/native32k/swe/baseline/matrix/baseline_t0p0/result.json,73.93854687971597,886.3576952170115,1.0,1.0,1.00x,1.00x
vllm_native,vLLM 0.24.0,"{""cuda_version"":""13.0"",""environment"":{""VLLM_ATTENTION_BACKEND"":null,""VLLM_USE_V2_MODEL_RUNNER"":""0""},""gpu_count"":4,""gpu_names"":[""NVIDIA GB200"",""NVIDIA GB200"",""NVIDIA GB200"",""NVIDIA GB200""],""platform"":""Linux-6.17.0-1021-nvidia-64k-aarch64-with-glibc2.39"",""python"":""3.12.3"",""torch_version"":""2.11.0+cu130"",""vllm_version"":""0.24.0""}",SWE,Qwen3-8B,/lustre/fsw/coreai_dlalgo_llm/users/sna/hf_home/hub/models--Qwen--Qwen3-8B/snapshots/b968826d9c46dd6066d109eabc6255188de91218,0.0,1.0,16,4096,32768,Native 32K,native,NONE,"{""attention_backend"":""TRITON_ATTN"",""cuda_profiler_range"":false,""cudagraph_mode"":""NONE"",""disable_custom_all_reduce"":true,""dtype"":""bfloat16"",""enable_chunked_prefill"":true,""enable_prefix_caching"":true,""enforce_eager"":true,""engine_gpus"":1,""gpu_memory_utilization"":0.9,""isl"":4096,""kv_cache_dtype"":""auto"",""max_model_len"":40960,""max_num_batched_tokens"":65536,""max_num_seqs"":32,""measure_repeats"":1,""model"":""/lustre/fsw/coreai_dlalgo_llm/users/sna/hf_home/hub/models--Qwen--Qwen3-8B/snapshots/b968826d9c46dd6066d109eabc6255188de91218"",""moe_backend"":""auto"",""osl"":32768,""pipeline_parallel_size"":1,""pp"":1,""prompt_jsonl"":""/lustre/fsw/coreai_dlalgo_llm/users/sna/vllm-benchmark/data/swebench_verified_prompts_all.jsonl"",""prompt_offset"":0,""seed"":0,""temperature"":0.0,""tensor_parallel_size"":1,""top_p"":1.0,""total_gpus"":4,""tp"":1,""warmup_repeats"":1}",TRITON_ATTN,baseline,,148.1062769163946,884.9861243490013,,,2270785,complete,experiments/vllm_024_dynamicsd/report/20260704_vllm_native_completed/native32k/swe/baseline/matrix/baseline_t0p0/result.json,148.1062769163946,884.9861243490013,1.0,1.0,1.00x,1.00x
vllm_native,vLLM 0.24.0,"{""cuda_version"":""13.0"",""environment"":{""VLLM_ATTENTION_BACKEND"":null,""VLLM_USE_V2_MODEL_RUNNER"":""0""},""gpu_count"":4,""gpu_names"":[""NVIDIA GB200"",""NVIDIA GB200"",""NVIDIA GB200"",""NVIDIA GB200""],""platform"":""Linux-6.17.0-1021-nvidia-64k-aarch64-with-glibc2.39"",""python"":""3.12.3"",""torch_version"":""2.11.0+cu130"",""vllm_version"":""0.24.0""}",SWE,Qwen3-8B,/lustre/fsw/coreai_dlalgo_llm/users/sna/hf_home/hub/models--Qwen--Qwen3-8B/snapshots/b968826d9c46dd6066d109eabc6255188de91218,0.0,1.0,32,4096,32768,Native 32K,native,NONE,"{""attention_backend"":""TRITON_ATTN"",""cuda_profiler_range"":false,""cudagraph_mode"":""NONE"",""disable_custom_all_reduce"":true,""dtype"":""bfloat16"",""enable_chunked_prefill"":true,""enable_prefix_caching"":true,""enforce_eager"":true,""engine_gpus"":1,""gpu_memory_utilization"":0.9,""isl"":4096,""kv_cache_dtype"":""auto"",""max_model_len"":40960,""max_num_batched_tokens"":65536,""max_num_seqs"":32,""measure_repeats"":1,""model"":""/lustre/fsw/coreai_dlalgo_llm/users/sna/hf_home/hub/models--Qwen--Qwen3-8B/snapshots/b968826d9c46dd6066d109eabc6255188de91218"",""moe_backend"":""auto"",""osl"":32768,""pipeline_parallel_size"":1,""pp"":1,""prompt_jsonl"":""/lustre/fsw/coreai_dlalgo_llm/users/sna/vllm-benchmark/data/swebench_verified_prompts_all.jsonl"",""prompt_offset"":0,""seed"":0,""temperature"":0.0,""tensor_parallel_size"":1,""top_p"":1.0,""total_gpus"":4,""tp"":1,""warmup_repeats"":1}",TRITON_ATTN,baseline,,169.18941707678965,1549.4113315670402,,,2270785,complete,experiments/vllm_024_dynamicsd/report/20260704_vllm_native_completed/native32k/swe/baseline/matrix/baseline_t0p0/result.json,169.18941707678965,1549.4113315670402,1.0,1.0,1.00x,1.00x
vllm_native,vLLM 0.24.0,"{""cuda_version"":""13.0"",""environment"":{""VLLM_ATTENTION_BACKEND"":null,""VLLM_USE_V2_MODEL_RUNNER"":""0""},""gpu_count"":4,""gpu_names"":[""NVIDIA GB200"",""NVIDIA GB200"",""NVIDIA GB200"",""NVIDIA GB200""],""platform"":""Linux-6.17.0-1021-nvidia-64k-aarch64-with-glibc2.39"",""python"":""3.12.3"",""torch_version"":""2.11.0+cu130"",""vllm_version"":""0.24.0""}",SWE,Qwen3-8B,/lustre/fsw/coreai_dlalgo_llm/users/sna/hf_home/hub/models--Qwen--Qwen3-8B/snapshots/b968826d9c46dd6066d109eabc6255188de91218,1.0,1.0,1,4096,32768,Native 32K,native,NONE,"{""attention_backend"":""TRITON_ATTN"",""cuda_profiler_range"":false,""cudagraph_mode"":""NONE"",""disable_custom_all_reduce"":true,""dtype"":""bfloat16"",""enable_chunked_prefill"":true,""enable_prefix_caching"":true,""enforce_eager"":true,""engine_gpus"":1,""gpu_memory_utilization"":0.9,""isl"":4096,""kv_cache_dtype"":""auto"",""max_model_len"":40960,""max_num_batched_tokens"":65536,""max_num_seqs"":32,""measure_repeats"":1,""model"":""/lustre/fsw/coreai_dlalgo_llm/users/sna/hf_home/hub/models--Qwen--Qwen3-8B/snapshots/b968826d9c46dd6066d109eabc6255188de91218"",""moe_backend"":""auto"",""osl"":32768,""pipeline_parallel_size"":1,""pp"":1,""prompt_jsonl"":""/lustre/fsw/coreai_dlalgo_llm/users/sna/vllm-benchmark/data/swebench_verified_prompts_all.jsonl"",""prompt_offset"":0,""seed"":0,""temperature"":1.0,""tensor_parallel_size"":1,""top_p"":1.0,""total_gpus"":4,""tp"":1,""warmup_repeats"":1}",TRITON_ATTN,baseline,,9.491578127489753,863.0809218410286,,,2270786,complete,experiments/vllm_024_dynamicsd/report/20260704_vllm_native_completed/native32k/swe/baseline/matrix/baseline_t1p0/result.json,9.491578127489753,863.0809218410286,1.0,1.0,1.00x,1.00x
vllm_native,vLLM 0.24.0,"{""cuda_version"":""13.0"",""environment"":{""VLLM_ATTENTION_BACKEND"":null,""VLLM_USE_V2_MODEL_RUNNER"":""0""},""gpu_count"":4,""gpu_names"":[""NVIDIA GB200"",""NVIDIA GB200"",""NVIDIA GB200"",""NVIDIA GB200""],""platform"":""Linux-6.17.0-1021-nvidia-64k-aarch64-with-glibc2.39"",""python"":""3.12.3"",""torch_version"":""2.11.0+cu130"",""vllm_version"":""0.24.0""}",SWE,Qwen3-8B,/lustre/fsw/coreai_dlalgo_llm/users/sna/hf_home/hub/models--Qwen--Qwen3-8B/snapshots/b968826d9c46dd6066d109eabc6255188de91218,1.0,1.0,2,4096,32768,Native 32K,native,NONE,"{""attention_backend"":""TRITON_ATTN"",""cuda_profiler_range"":false,""cudagraph_mode"":""NONE"",""disable_custom_all_reduce"":true,""dtype"":""bfloat16"",""enable_chunked_prefill"":true,""enable_prefix_caching"":true,""enforce_eager"":true,""engine_gpus"":1,""gpu_memory_utilization"":0.9,""isl"":4096,""kv_cache_dtype"":""auto"",""max_model_len"":40960,""max_num_batched_tokens"":65536,""max_num_seqs"":32,""measure_repeats"":1,""model"":""/lustre/fsw/coreai_dlalgo_llm/users/sna/hf_home/hub/models--Qwen--Qwen3-8B/snapshots/b968826d9c46dd6066d109eabc6255188de91218"",""moe_backend"":""auto"",""osl"":32768,""pipeline_parallel_size"":1,""pp"":1,""prompt_jsonl"":""/lustre/fsw/coreai_dlalgo_llm/users/sna/vllm-benchmark/data/swebench_verified_prompts_all.jsonl"",""prompt_offset"":0,""seed"":0,""temperature"":1.0,""tensor_parallel_size"":1,""top_p"":1.0,""total_gpus"":4,""tp"":1,""warmup_repeats"":1}",TRITON_ATTN,baseline,,19.182750199385055,854.1006805439829,,,2270786,complete,experiments/vllm_024_dynamicsd/report/20260704_vllm_native_completed/native32k/swe/baseline/matrix/baseline_t1p0/result.json,19.182750199385055,854.1006805439829,1.0,1.0,1.00x,1.00x
vllm_native,vLLM 0.24.0,"{""cuda_version"":""13.0"",""environment"":{""VLLM_ATTENTION_BACKEND"":null,""VLLM_USE_V2_MODEL_RUNNER"":""0""},""gpu_count"":4,""gpu_names"":[""NVIDIA GB200"",""NVIDIA GB200"",""NVIDIA GB200"",""NVIDIA GB200""],""platform"":""Linux-6.17.0-1021-nvidia-64k-aarch64-with-glibc2.39"",""python"":""3.12.3"",""torch_version"":""2.11.0+cu130"",""vllm_version"":""0.24.0""}",SWE,Qwen3-8B,/lustre/fsw/coreai_dlalgo_llm/users/sna/hf_home/hub/models--Qwen--Qwen3-8B/snapshots/b968826d9c46dd6066d109eabc6255188de91218,1.0,1.0,4,4096,32768,Native 32K,native,NONE,"{""attention_backend"":""TRITON_ATTN"",""cuda_profiler_range"":false,""cudagraph_mode"":""NONE"",""disable_custom_all_reduce"":true,""dtype"":""bfloat16"",""enable_chunked_prefill"":true,""enable_prefix_caching"":true,""enforce_eager"":true,""engine_gpus"":1,""gpu_memory_utilization"":0.9,""isl"":4096,""kv_cache_dtype"":""auto"",""max_model_len"":40960,""max_num_batched_tokens"":65536,""max_num_seqs"":32,""measure_repeats"":1,""model"":""/lustre/fsw/coreai_dlalgo_llm/users/sna/hf_home/hub/models--Qwen--Qwen3-8B/snapshots/b968826d9c46dd6066d109eabc6255188de91218"",""moe_backend"":""auto"",""osl"":32768,""pipeline_parallel_size"":1,""pp"":1,""prompt_jsonl"":""/lustre/fsw/coreai_dlalgo_llm/users/sna/vllm-benchmark/data/swebench_verified_prompts_all.jsonl"",""prompt_offset"":0,""seed"":0,""temperature"":1.0,""tensor_parallel_size"":1,""top_p"":1.0,""total_gpus"":4,""tp"":1,""warmup_repeats"":1}",TRITON_ATTN,baseline,,38.28879895317604,855.811644550995,,,2270786,complete,experiments/vllm_024_dynamicsd/report/20260704_vllm_native_completed/native32k/swe/baseline/matrix/baseline_t1p0/result.json,38.28879895317604,855.811644550995,1.0,1.0,1.00x,1.00x
vllm_native,vLLM 0.24.0,"{""cuda_version"":""13.0"",""environment"":{""VLLM_ATTENTION_BACKEND"":null,""VLLM_USE_V2_MODEL_RUNNER"":""0""},""gpu_count"":4,""gpu_names"":[""NVIDIA GB200"",""NVIDIA GB200"",""NVIDIA GB200"",""NVIDIA GB200""],""platform"":""Linux-6.17.0-1021-nvidia-64k-aarch64-with-glibc2.39"",""python"":""3.12.3"",""torch_version"":""2.11.0+cu130"",""vllm_version"":""0.24.0""}",SWE,Qwen3-8B,/lustre/fsw/coreai_dlalgo_llm/users/sna/hf_home/hub/models--Qwen--Qwen3-8B/snapshots/b968826d9c46dd6066d109eabc6255188de91218,1.0,1.0,8,4096,32768,Native 32K,native,NONE,"{""attention_backend"":""TRITON_ATTN"",""cuda_profiler_range"":false,""cudagraph_mode"":""NONE"",""disable_custom_all_reduce"":true,""dtype"":""bfloat16"",""enable_chunked_prefill"":true,""enable_prefix_caching"":true,""enforce_eager"":true,""engine_gpus"":1,""gpu_memory_utilization"":0.9,""isl"":4096,""kv_cache_dtype"":""auto"",""max_model_len"":40960,""max_num_batched_tokens"":65536,""max_num_seqs"":32,""measure_repeats"":1,""model"":""/lustre/fsw/coreai_dlalgo_llm/users/sna/hf_home/hub/models--Qwen--Qwen3-8B/snapshots/b968826d9c46dd6066d109eabc6255188de91218"",""moe_backend"":""auto"",""osl"":32768,""pipeline_parallel_size"":1,""pp"":1,""prompt_jsonl"":""/lustre/fsw/coreai_dlalgo_llm/users/sna/vllm-benchmark/data/swebench_verified_prompts_all.jsonl"",""prompt_offset"":0,""seed"":0,""temperature"":1.0,""tensor_parallel_size"":1,""top_p"":1.0,""total_gpus"":4,""tp"":1,""warmup_repeats"":1}",TRITON_ATTN,baseline,,75.82560831200878,864.2990337819792,,,2270786,complete,experiments/vllm_024_dynamicsd/report/20260704_vllm_native_completed/native32k/swe/baseline/matrix/baseline_t1p0/result.json,75.82560831200878,864.2990337819792,1.0,1.0,1.00x,1.00x
vllm_native,vLLM 0.24.0,"{""cuda_version"":""13.0"",""environment"":{""VLLM_ATTENTION_BACKEND"":null,""VLLM_USE_V2_MODEL_RUNNER"":""0""},""gpu_count"":4,""gpu_names"":[""NVIDIA GB200"",""NVIDIA GB200"",""NVIDIA GB200"",""NVIDIA GB200""],""platform"":""Linux-6.17.0-1021-nvidia-64k-aarch64-with-glibc2.39"",""python"":""3.12.3"",""torch_version"":""2.11.0+cu130"",""vllm_version"":""0.24.0""}",SWE,Qwen3-8B,/lustre/fsw/coreai_dlalgo_llm/users/sna/hf_home/hub/models--Qwen--Qwen3-8B/snapshots/b968826d9c46dd6066d109eabc6255188de91218,1.0,1.0,16,4096,32768,Native 32K,native,NONE,"{""attention_backend"":""TRITON_ATTN"",""cuda_profiler_range"":false,""cudagraph_mode"":""NONE"",""disable_custom_all_reduce"":true,""dtype"":""bfloat16"",""enable_chunked_prefill"":true,""enable_prefix_caching"":true,""enforce_eager"":true,""engine_gpus"":1,""gpu_memory_utilization"":0.9,""isl"":4096,""kv_cache_dtype"":""auto"",""max_model_len"":40960,""max_num_batched_tokens"":65536,""max_num_seqs"":32,""measure_repeats"":1,""model"":""/lustre/fsw/coreai_dlalgo_llm/users/sna/hf_home/hub/models--Qwen--Qwen3-8B/snapshots/b968826d9c46dd6066d109eabc6255188de91218"",""moe_backend"":""auto"",""osl"":32768,""pipeline_parallel_size"":1,""pp"":1,""prompt_jsonl"":""/lustre/fsw/coreai_dlalgo_llm/users/sna/vllm-benchmark/data/swebench_verified_prompts_all.jsonl"",""prompt_offset"":0,""seed"":0,""temperature"":1.0,""tensor_parallel_size"":1,""top_p"":1.0,""total_gpus"":4,""tp"":1,""warmup_repeats"":1}",TRITON_ATTN,baseline,,150.3009581988298,872.0636353269801,,,2270786,complete,experiments/vllm_024_dynamicsd/report/20260704_vllm_native_completed/native32k/swe/baseline/matrix/baseline_t1p0/result.json,150.3009581988298,872.0636353269801,1.0,1.0,1.00x,1.00x
vllm_native,vLLM 0.24.0,"{""cuda_version"":""13.0"",""environment"":{""VLLM_ATTENTION_BACKEND"":null,""VLLM_USE_V2_MODEL_RUNNER"":""0""},""gpu_count"":4,""gpu_names"":[""NVIDIA GB200"",""NVIDIA GB200"",""NVIDIA GB200"",""NVIDIA GB200""],""platform"":""Linux-6.17.0-1021-nvidia-64k-aarch64-with-glibc2.39"",""python"":""3.12.3"",""torch_version"":""2.11.0+cu130"",""vllm_version"":""0.24.0""}",SWE,Qwen3-8B,/lustre/fsw/coreai_dlalgo_llm/users/sna/hf_home/hub/models--Qwen--Qwen3-8B/snapshots/b968826d9c46dd6066d109eabc6255188de91218,1.0,1.0,32,4096,32768,Native 32K,native,NONE,"{""attention_backend"":""TRITON_ATTN"",""cuda_profiler_range"":false,""cudagraph_mode"":""NONE"",""disable_custom_all_reduce"":true,""dtype"":""bfloat16"",""enable_chunked_prefill"":true,""enable_prefix_caching"":true,""enforce_eager"":true,""engine_gpus"":1,""gpu_memory_utilization"":0.9,""isl"":4096,""kv_cache_dtype"":""auto"",""max_model_len"":40960,""max_num_batched_tokens"":65536,""max_num_seqs"":32,""measure_repeats"":1,""model"":""/lustre/fsw/coreai_dlalgo_llm/users/sna/hf_home/hub/models--Qwen--Qwen3-8B/snapshots/b968826d9c46dd6066d109eabc6255188de91218"",""moe_backend"":""auto"",""osl"":32768,""pipeline_parallel_size"":1,""pp"":1,""prompt_jsonl"":""/lustre/fsw/coreai_dlalgo_llm/users/sna/vllm-benchmark/data/swebench_verified_prompts_all.jsonl"",""prompt_offset"":0,""seed"":0,""temperature"":1.0,""tensor_parallel_size"":1,""top_p"":1.0,""total_gpus"":4,""tp"":1,""warmup_repeats"":1}",TRITON_ATTN,baseline,,168.59369575731418,1554.8861351099913,,,2270786,complete,experiments/vllm_024_dynamicsd/report/20260704_vllm_native_completed/native32k/swe/baseline/matrix/baseline_t1p0/result.json,168.59369575731418,1554.8861351099913,1.0,1.0,1.00x,1.00x
vllm_native,vLLM 0.24.0,"{""cuda_version"":""13.0"",""environment"":{""VLLM_ATTENTION_BACKEND"":null,""VLLM_USE_V2_MODEL_RUNNER"":""0""},""gpu_count"":4,""gpu_names"":[""NVIDIA GB200"",""NVIDIA GB200"",""NVIDIA GB200"",""NVIDIA GB200""],""platform"":""Linux-6.17.0-1021-nvidia-64k-aarch64-with-glibc2.39"",""python"":""3.12.3"",""torch_version"":""2.11.0+cu130"",""vllm_version"":""0.24.0""}",SWE,Qwen3-8B,/lustre/fsw/coreai_dlalgo_llm/users/sna/hf_home/hub/models--Qwen--Qwen3-8B/snapshots/b968826d9c46dd6066d109eabc6255188de91218,0.0,1.0,1,4096,32768,Native 32K,native,NONE,"{""attention_backend"":""TRITON_ATTN"",""cuda_profiler_range"":false,""cudagraph_mode"":""NONE"",""disable_custom_all_reduce"":true,""dtype"":""bfloat16"",""enable_chunked_prefill"":true,""enable_prefix_caching"":true,""enforce_eager"":true,""engine_gpus"":1,""gpu_memory_utilization"":0.9,""isl"":4096,""kv_cache_dtype"":""auto"",""max_model_len"":40960,""max_num_batched_tokens"":65536,""max_num_seqs"":32,""measure_repeats"":1,""model"":""/lustre/fsw/coreai_dlalgo_llm/users/sna/hf_home/hub/models--Qwen--Qwen3-8B/snapshots/b968826d9c46dd6066d109eabc6255188de91218"",""moe_backend"":""auto"",""osl"":32768,""pipeline_parallel_size"":1,""pp"":1,""prompt_jsonl"":""/lustre/fsw/coreai_dlalgo_llm/users/sna/vllm-benchmark/data/swebench_verified_prompts_all.jsonl"",""prompt_offset"":0,""seed"":0,""temperature"":0.0,""tensor_parallel_size"":1,""top_p"":1.0,""total_gpus"":4,""tp"":1,""warmup_repeats"":1}",TRITON_ATTN,dflash,15.0,23.75695535798379,344.82533121597953,0.22351222104144527,4.352683315621679,2270793,complete,experiments/vllm_024_dynamicsd/report/20260704_vllm_native_completed/native32k/swe/dflash/matrix/dflash_t0p0/result.json,9.200810782159143,890.3563168459805,2.5820502041026403,2.5820502041026403,2.58x,2.58x
vllm_native,vLLM 0.24.0,"{""cuda_version"":""13.0"",""environment"":{""VLLM_ATTENTION_BACKEND"":null,""VLLM_USE_V2_MODEL_RUNNER"":""0""},""gpu_count"":4,""gpu_names"":[""NVIDIA GB200"",""NVIDIA GB200"",""NVIDIA GB200"",""NVIDIA GB200""],""platform"":""Linux-6.17.0-1021-nvidia-64k-aarch64-with-glibc2.39"",""python"":""3.12.3"",""torch_version"":""2.11.0+cu130"",""vllm_version"":""0.24.0""}",SWE,Qwen3-8B,/lustre/fsw/coreai_dlalgo_llm/users/sna/hf_home/hub/models--Qwen--Qwen3-8B/snapshots/b968826d9c46dd6066d109eabc6255188de91218,0.0,1.0,2,4096,32768,Native 32K,native,NONE,"{""attention_backend"":""TRITON_ATTN"",""cuda_profiler_range"":false,""cudagraph_mode"":""NONE"",""disable_custom_all_reduce"":true,""dtype"":""bfloat16"",""enable_chunked_prefill"":true,""enable_prefix_caching"":true,""enforce_eager"":true,""engine_gpus"":1,""gpu_memory_utilization"":0.9,""isl"":4096,""kv_cache_dtype"":""auto"",""max_model_len"":40960,""max_num_batched_tokens"":65536,""max_num_seqs"":32,""measure_repeats"":1,""model"":""/lustre/fsw/coreai_dlalgo_llm/users/sna/hf_home/hub/models--Qwen--Qwen3-8B/snapshots/b968826d9c46dd6066d109eabc6255188de91218"",""moe_backend"":""auto"",""osl"":32768,""pipeline_parallel_size"":1,""pp"":1,""prompt_jsonl"":""/lustre/fsw/coreai_dlalgo_llm/users/sna/vllm-benchmark/data/swebench_verified_prompts_all.jsonl"",""prompt_offset"":0,""seed"":0,""temperature"":0.0,""tensor_parallel_size"":1,""top_p"":1.0,""total_gpus"":4,""tp"":1,""warmup_repeats"":1}",TRITON_ATTN,dflash,15.0,46.10021096365491,355.39967513200827,0.2306858141064906,4.460287211597359,2270793,complete,experiments/vllm_024_dynamicsd/report/20260704_vllm_native_completed/native32k/swe/dflash/matrix/dflash_t0p0/result.json,18.62319686297093,879.7630246059853,2.4754187641820704,2.4754187641820704,2.48x,2.48x
vllm_native,vLLM 0.24.0,"{""cuda_version"":""13.0"",""environment"":{""VLLM_ATTENTION_BACKEND"":null,""VLLM_USE_V2_MODEL_RUNNER"":""0""},""gpu_count"":4,""gpu_names"":[""NVIDIA GB200"",""NVIDIA GB200"",""NVIDIA GB200"",""NVIDIA GB200""],""platform"":""Linux-6.17.0-1021-nvidia-64k-aarch64-with-glibc2.39"",""python"":""3.12.3"",""torch_version"":""2.11.0+cu130"",""vllm_version"":""0.24.0""}",SWE,Qwen3-8B,/lustre/fsw/coreai_dlalgo_llm/users/sna/hf_home/hub/models--Qwen--Qwen3-8B/snapshots/b968826d9c46dd6066d109eabc6255188de91218,0.0,1.0,4,4096,32768,Native 32K,native,NONE,"{""attention_backend"":""TRITON_ATTN"",""cuda_profiler_range"":false,""cudagraph_mode"":""NONE"",""disable_custom_all_reduce"":true,""dtype"":""bfloat16"",""enable_chunked_prefill"":true,""enable_prefix_caching"":true,""enforce_eager"":true,""engine_gpus"":1,""gpu_memory_utilization"":0.9,""isl"":4096,""kv_cache_dtype"":""auto"",""max_model_len"":40960,""max_num_batched_tokens"":65536,""max_num_seqs"":32,""measure_repeats"":1,""model"":""/lustre/fsw/coreai_dlalgo_llm/users/sna/hf_home/hub/models--Qwen--Qwen3-8B/snapshots/b968826d9c46dd6066d109eabc6255188de91218"",""moe_backend"":""auto"",""osl"":32768,""pipeline_parallel_size"":1,""pp"":1,""prompt_jsonl"":""/lustre/fsw/coreai_dlalgo_llm/users/sna/vllm-benchmark/data/swebench_verified_prompts_all.jsonl"",""prompt_offset"":0,""seed"":0,""temperature"":0.0,""tensor_parallel_size"":1,""top_p"":1.0,""total_gpus"":4,""tp"":1,""warmup_repeats"":1}",TRITON_ATTN,dflash,15.0,79.799382864404,410.6297420329647,0.22089051239016685,4.313357685852503,2270793,complete,experiments/vllm_024_dynamicsd/report/20260704_vllm_native_completed/native32k/swe/dflash/matrix/dflash_t0p0/result.json,37.200706649847035,880.8434825830045,2.14510395233936,2.14510395233936,2.15x,2.15x
vllm_native,vLLM 0.24.0,"{""cuda_version"":""13.0"",""environment"":{""VLLM_ATTENTION_BACKEND"":null,""VLLM_USE_V2_MODEL_RUNNER"":""0""},""gpu_count"":4,""gpu_names"":[""NVIDIA GB200"",""NVIDIA GB200"",""NVIDIA GB200"",""NVIDIA GB200""],""platform"":""Linux-6.17.0-1021-nvidia-64k-aarch64-with-glibc2.39"",""python"":""3.12.3"",""torch_version"":""2.11.0+cu130"",""vllm_version"":""0.24.0""}",SWE,Qwen3-8B,/lustre/fsw/coreai_dlalgo_llm/users/sna/hf_home/hub/models--Qwen--Qwen3-8B/snapshots/b968826d9c46dd6066d109eabc6255188de91218,0.0,1.0,8,4096,32768,Native 32K,native,NONE,"{""attention_backend"":""TRITON_ATTN"",""cuda_profiler_range"":false,""cudagraph_mode"":""NONE"",""disable_custom_all_reduce"":true,""dtype"":""bfloat16"",""enable_chunked_prefill"":true,""enable_prefix_caching"":true,""enforce_eager"":true,""engine_gpus"":1,""gpu_memory_utilization"":0.9,""isl"":4096,""kv_cache_dtype"":""auto"",""max_model_len"":40960,""max_num_batched_tokens"":65536,""max_num_seqs"":32,""measure_repeats"":1,""model"":""/lustre/fsw/coreai_dlalgo_llm/users/sna/hf_home/hub/models--Qwen--Qwen3-8B/snapshots/b968826d9c46dd6066d109eabc6255188de91218"",""moe_backend"":""auto"",""osl"":32768,""pipeline_parallel_size"":1,""pp"":1,""prompt_jsonl"":""/lustre/fsw/coreai_dlalgo_llm/users/sna/vllm-benchmark/data/swebench_verified_prompts_all.jsonl"",""prompt_offset"":0,""seed"":0,""temperature"":0.0,""tensor_parallel_size"":1,""top_p"":1.0,""total_gpus"":4,""tp"":1,""warmup_repeats"":1}",TRITON_ATTN,dflash,15.0,111.5806131251959,587.3421749929548,0.1851248877427039,3.7768733161405583,2270793,complete,experiments/vllm_024_dynamicsd/report/20260704_vllm_native_completed/native32k/swe/dflash/matrix/dflash_t0p0/result.json,73.93854687971597,886.3576952170115,1.509099351204676,1.5090993512046762,1.51x,1.51x
vllm_native,vLLM 0.24.0,"{""cuda_version"":""13.0"",""environment"":{""VLLM_ATTENTION_BACKEND"":null,""VLLM_USE_V2_MODEL_RUNNER"":""0""},""gpu_count"":4,""gpu_names"":[""NVIDIA GB200"",""NVIDIA GB200"",""NVIDIA GB200"",""NVIDIA GB200""],""platform"":""Linux-6.17.0-1021-nvidia-64k-aarch64-with-glibc2.39"",""python"":""3.12.3"",""torch_version"":""2.11.0+cu130"",""vllm_version"":""0.24.0""}",SWE,Qwen3-8B,/lustre/fsw/coreai_dlalgo_llm/users/sna/hf_home/hub/models--Qwen--Qwen3-8B/snapshots/b968826d9c46dd6066d109eabc6255188de91218,0.0,1.0,16,4096,32768,Native 32K,native,NONE,"{""attention_backend"":""TRITON_ATTN"",""cuda_profiler_range"":false,""cudagraph_mode"":""NONE"",""disable_custom_all_reduce"":true,""dtype"":""bfloat16"",""enable_chunked_prefill"":true,""enable_prefix_caching"":true,""enforce_eager"":true,""engine_gpus"":1,""gpu_memory_utilization"":0.9,""isl"":4096,""kv_cache_dtype"":""auto"",""max_model_len"":40960,""max_num_batched_tokens"":65536,""max_num_seqs"":32,""measure_repeats"":1,""model"":""/lustre/fsw/coreai_dlalgo_llm/users/sna/hf_home/hub/models--Qwen--Qwen3-8B/snapshots/b968826d9c46dd6066d109eabc6255188de91218"",""moe_backend"":""auto"",""osl"":32768,""pipeline_parallel_size"":1,""pp"":1,""prompt_jsonl"":""/lustre/fsw/coreai_dlalgo_llm/users/sna/vllm-benchmark/data/swebench_verified_prompts_all.jsonl"",""prompt_offset"":0,""seed"":0,""temperature"":0.0,""tensor_parallel_size"":1,""top_p"":1.0,""total_gpus"":4,""tp"":1,""warmup_repeats"":1}",TRITON_ATTN,dflash,15.0,194.06404587238399,675.4058919610106,0.1948813113740045,3.9232196706100675,2270793,complete,experiments/vllm_024_dynamicsd/report/20260704_vllm_native_completed/native32k/swe/dflash/matrix/dflash_t0p0/result.json,148.1062769163946,884.9861243490013,1.310302641541198,1.3103026415411982,1.31x,1.31x
vllm_native,vLLM 0.24.0,"{""cuda_version"":""13.0"",""environment"":{""VLLM_ATTENTION_BACKEND"":null,""VLLM_USE_V2_MODEL_RUNNER"":""0""},""gpu_count"":4,""gpu_names"":[""NVIDIA GB200"",""NVIDIA GB200"",""NVIDIA GB200"",""NVIDIA GB200""],""platform"":""Linux-6.17.0-1021-nvidia-64k-aarch64-with-glibc2.39"",""python"":""3.12.3"",""torch_version"":""2.11.0+cu130"",""vllm_version"":""0.24.0""}",SWE,Qwen3-8B,/lustre/fsw/coreai_dlalgo_llm/users/sna/hf_home/hub/models--Qwen--Qwen3-8B/snapshots/b968826d9c46dd6066d109eabc6255188de91218,0.0,1.0,32,4096,32768,Native 32K,native,NONE,"{""attention_backend"":""TRITON_ATTN"",""cuda_profiler_range"":false,""cudagraph_mode"":""NONE"",""disable_custom_all_reduce"":true,""dtype"":""bfloat16"",""enable_chunked_prefill"":true,""enable_prefix_caching"":true,""enforce_eager"":true,""engine_gpus"":1,""gpu_memory_utilization"":0.9,""isl"":4096,""kv_cache_dtype"":""auto"",""max_model_len"":40960,""max_num_batched_tokens"":65536,""max_num_seqs"":32,""measure_repeats"":1,""model"":""/lustre/fsw/coreai_dlalgo_llm/users/sna/hf_home/hub/models--Qwen--Qwen3-8B/snapshots/b968826d9c46dd6066d109eabc6255188de91218"",""moe_backend"":""auto"",""osl"":32768,""pipeline_parallel_size"":1,""pp"":1,""prompt_jsonl"":""/lustre/fsw/coreai_dlalgo_llm/users/sna/vllm-benchmark/data/swebench_verified_prompts_all.jsonl"",""prompt_offset"":0,""seed"":0,""temperature"":0.0,""tensor_parallel_size"":1,""top_p"":1.0,""total_gpus"":4,""tp"":1,""warmup_repeats"":1}",TRITON_ATTN,dflash,15.0,245.03003712645344,1069.8443467349862,0.1921097410345538,3.8816461155183073,2270793,complete,experiments/vllm_024_dynamicsd/report/20260704_vllm_native_completed/native32k/swe/dflash/matrix/dflash_t0p0/result.json,169.18941707678965,1549.4113315670402,1.4482586521073133,1.4482586521073133,1.45x,1.45x
vllm_native,vLLM 0.24.0,"{""cuda_version"":""13.0"",""environment"":{""VLLM_ATTENTION_BACKEND"":null,""VLLM_USE_V2_MODEL_RUNNER"":""0""},""gpu_count"":4,""gpu_names"":[""NVIDIA GB200"",""NVIDIA GB200"",""NVIDIA GB200"",""NVIDIA GB200""],""platform"":""Linux-6.17.0-1021-nvidia-64k-aarch64-with-glibc2.39"",""python"":""3.12.3"",""torch_version"":""2.11.0+cu130"",""vllm_version"":""0.24.0""}",SWE,Qwen3-8B,/lustre/fsw/coreai_dlalgo_llm/users/sna/hf_home/hub/models--Qwen--Qwen3-8B/snapshots/b968826d9c46dd6066d109eabc6255188de91218,1.0,1.0,1,4096,32768,Native 32K,native,NONE,"{""attention_backend"":""TRITON_ATTN"",""cuda_profiler_range"":false,""cudagraph_mode"":""NONE"",""disable_custom_all_reduce"":true,""dtype"":""bfloat16"",""enable_chunked_prefill"":true,""enable_prefix_caching"":true,""enforce_eager"":true,""engine_gpus"":1,""gpu_memory_utilization"":0.9,""isl"":4096,""kv_cache_dtype"":""auto"",""max_model_len"":40960,""max_num_batched_tokens"":65536,""max_num_seqs"":32,""measure_repeats"":1,""model"":""/lustre/fsw/coreai_dlalgo_llm/users/sna/hf_home/hub/models--Qwen--Qwen3-8B/snapshots/b968826d9c46dd6066d109eabc6255188de91218"",""moe_backend"":""auto"",""osl"":32768,""pipeline_parallel_size"":1,""pp"":1,""prompt_jsonl"":""/lustre/fsw/coreai_dlalgo_llm/users/sna/vllm-benchmark/data/swebench_verified_prompts_all.jsonl"",""prompt_offset"":0,""seed"":0,""temperature"":1.0,""tensor_parallel_size"":1,""top_p"":1.0,""total_gpus"":4,""tp"":1,""warmup_repeats"":1}",TRITON_ATTN,dflash,15.0,24.488772823724982,334.5206417229492,0.23245241681500753,4.486786252225113,2270794,complete,experiments/vllm_024_dynamicsd/report/20260704_vllm_native_completed/native32k/swe/dflash/matrix/dflash_t1p0/result.json,9.491578127489753,863.0809218410286,2.5800528104804794,2.5800528104804794,2.58x,2.58x
vllm_native,vLLM 0.24.0,"{""cuda_version"":""13.0"",""environment"":{""VLLM_ATTENTION_BACKEND"":null,""VLLM_USE_V2_MODEL_RUNNER"":""0""},""gpu_count"":4,""gpu_names"":[""NVIDIA GB200"",""NVIDIA GB200"",""NVIDIA GB200"",""NVIDIA GB200""],""platform"":""Linux-6.17.0-1021-nvidia-64k-aarch64-with-glibc2.39"",""python"":""3.12.3"",""torch_version"":""2.11.0+cu130"",""vllm_version"":""0.24.0""}",SWE,Qwen3-8B,/lustre/fsw/coreai_dlalgo_llm/users/sna/hf_home/hub/models--Qwen--Qwen3-8B/snapshots/b968826d9c46dd6066d109eabc6255188de91218,1.0,1.0,2,4096,32768,Native 32K,native,NONE,"{""attention_backend"":""TRITON_ATTN"",""cuda_profiler_range"":false,""cudagraph_mode"":""NONE"",""disable_custom_all_reduce"":true,""dtype"":""bfloat16"",""enable_chunked_prefill"":true,""enable_prefix_caching"":true,""enforce_eager"":true,""engine_gpus"":1,""gpu_memory_utilization"":0.9,""isl"":4096,""kv_cache_dtype"":""auto"",""max_model_len"":40960,""max_num_batched_tokens"":65536,""max_num_seqs"":32,""measure_repeats"":1,""model"":""/lustre/fsw/coreai_dlalgo_llm/users/sna/hf_home/hub/models--Qwen--Qwen3-8B/snapshots/b968826d9c46dd6066d109eabc6255188de91218"",""moe_backend"":""auto"",""osl"":32768,""pipeline_parallel_size"":1,""pp"":1,""prompt_jsonl"":""/lustre/fsw/coreai_dlalgo_llm/users/sna/vllm-benchmark/data/swebench_verified_prompts_all.jsonl"",""prompt_offset"":0,""seed"":0,""temperature"":1.0,""tensor_parallel_size"":1,""top_p"":1.0,""total_gpus"":4,""tp"":1,""warmup_repeats"":1}",TRITON_ATTN,dflash,15.0,44.54283077387808,367.82574693497736,0.21337521099074847,4.200628164861227,2270794,complete,experiments/vllm_024_dynamicsd/report/20260704_vllm_native_completed/native32k/swe/dflash/matrix/dflash_t1p0/result.json,19.182750199385055,854.1006805439829,2.322025273274215,2.3220252732742144,2.32x,2.32x
vllm_native,vLLM 0.24.0,"{""cuda_version"":""13.0"",""environment"":{""VLLM_ATTENTION_BACKEND"":null,""VLLM_USE_V2_MODEL_RUNNER"":""0""},""gpu_count"":4,""gpu_names"":[""NVIDIA GB200"",""NVIDIA GB200"",""NVIDIA GB200"",""NVIDIA GB200""],""platform"":""Linux-6.17.0-1021-nvidia-64k-aarch64-with-glibc2.39"",""python"":""3.12.3"",""torch_version"":""2.11.0+cu130"",""vllm_version"":""0.24.0""}",SWE,Qwen3-8B,/lustre/fsw/coreai_dlalgo_llm/users/sna/hf_home/hub/models--Qwen--Qwen3-8B/snapshots/b968826d9c46dd6066d109eabc6255188de91218,1.0,1.0,4,4096,32768,Native 32K,native,NONE,"{""attention_backend"":""TRITON_ATTN"",""cuda_profiler_range"":false,""cudagraph_mode"":""NONE"",""disable_custom_all_reduce"":true,""dtype"":""bfloat16"",""enable_chunked_prefill"":true,""enable_prefix_caching"":true,""enforce_eager"":true,""engine_gpus"":1,""gpu_memory_utilization"":0.9,""isl"":4096,""kv_cache_dtype"":""auto"",""max_model_len"":40960,""max_num_batched_tokens"":65536,""max_num_seqs"":32,""measure_repeats"":1,""model"":""/lustre/fsw/coreai_dlalgo_llm/users/sna/hf_home/hub/models--Qwen--Qwen3-8B/snapshots/b968826d9c46dd6066d109eabc6255188de91218"",""moe_backend"":""auto"",""osl"":32768,""pipeline_parallel_size"":1,""pp"":1,""prompt_jsonl"":""/lustre/fsw/coreai_dlalgo_llm/users/sna/vllm-benchmark/data/swebench_verified_prompts_all.jsonl"",""prompt_offset"":0,""seed"":0,""temperature"":1.0,""tensor_parallel_size"":1,""top_p"":1.0,""total_gpus"":4,""tp"":1,""warmup_repeats"":1}",TRITON_ATTN,dflash,15.0,88.58550856936627,369.9024877679767,0.2290623166824602,4.435934750236903,2270794,complete,experiments/vllm_024_dynamicsd/report/20260704_vllm_native_completed/native32k/swe/dflash/matrix/dflash_t1p0/result.json,38.28879895317604,855.811644550995,2.313614189823474,2.313614189823474,2.31x,2.31x
vllm_native,vLLM 0.24.0,"{""cuda_version"":""13.0"",""environment"":{""VLLM_ATTENTION_BACKEND"":null,""VLLM_USE_V2_MODEL_RUNNER"":""0""},""gpu_count"":4,""gpu_names"":[""NVIDIA GB200"",""NVIDIA GB200"",""NVIDIA GB200"",""NVIDIA GB200""],""platform"":""Linux-6.17.0-1021-nvidia-64k-aarch64-with-glibc2.39"",""python"":""3.12.3"",""torch_version"":""2.11.0+cu130"",""vllm_version"":""0.24.0""}",SWE,Qwen3-8B,/lustre/fsw/coreai_dlalgo_llm/users/sna/hf_home/hub/models--Qwen--Qwen3-8B/snapshots/b968826d9c46dd6066d109eabc6255188de91218,1.0,1.0,8,4096,32768,Native 32K,native,NONE,"{""attention_backend"":""TRITON_ATTN"",""cuda_profiler_range"":false,""cudagraph_mode"":""NONE"",""disable_custom_all_reduce"":true,""dtype"":""bfloat16"",""enable_chunked_prefill"":true,""enable_prefix_caching"":true,""enforce_eager"":true,""engine_gpus"":1,""gpu_memory_utilization"":0.9,""isl"":4096,""kv_cache_dtype"":""auto"",""max_model_len"":40960,""max_num_batched_tokens"":65536,""max_num_seqs"":32,""measure_repeats"":1,""model"":""/lustre/fsw/coreai_dlalgo_llm/users/sna/hf_home/hub/models--Qwen--Qwen3-8B/snapshots/b968826d9c46dd6066d109eabc6255188de91218"",""moe_backend"":""auto"",""osl"":32768,""pipeline_parallel_size"":1,""pp"":1,""prompt_jsonl"":""/lustre/fsw/coreai_dlalgo_llm/users/sna/vllm-benchmark/data/swebench_verified_prompts_all.jsonl"",""prompt_offset"":0,""seed"":0,""temperature"":1.0,""tensor_parallel_size"":1,""top_p"":1.0,""total_gpus"":4,""tp"":1,""warmup_repeats"":1}",TRITON_ATTN,dflash,15.0,128.06342329457974,511.7464324629982,0.20865811777308674,4.129871766596301,2270794,complete,experiments/vllm_024_dynamicsd/report/20260704_vllm_native_completed/native32k/swe/dflash/matrix/dflash_t1p0/result.json,75.82560831200878,864.2990337819792,1.6889204866991863,1.6889204866991865,1.69x,1.69x
vllm_native,vLLM 0.24.0,"{""cuda_version"":""13.0"",""environment"":{""VLLM_ATTENTION_BACKEND"":null,""VLLM_USE_V2_MODEL_RUNNER"":""0""},""gpu_count"":4,""gpu_names"":[""NVIDIA GB200"",""NVIDIA GB200"",""NVIDIA GB200"",""NVIDIA GB200""],""platform"":""Linux-6.17.0-1021-nvidia-64k-aarch64-with-glibc2.39"",""python"":""3.12.3"",""torch_version"":""2.11.0+cu130"",""vllm_version"":""0.24.0""}",SWE,Qwen3-8B,/lustre/fsw/coreai_dlalgo_llm/users/sna/hf_home/hub/models--Qwen--Qwen3-8B/snapshots/b968826d9c46dd6066d109eabc6255188de91218,1.0,1.0,16,4096,32768,Native 32K,native,NONE,"{""attention_backend"":""TRITON_ATTN"",""cuda_profiler_range"":false,""cudagraph_mode"":""NONE"",""disable_custom_all_reduce"":true,""dtype"":""bfloat16"",""enable_chunked_prefill"":true,""enable_prefix_caching"":true,""enforce_eager"":true,""engine_gpus"":1,""gpu_memory_utilization"":0.9,""isl"":4096,""kv_cache_dtype"":""auto"",""max_model_len"":40960,""max_num_batched_tokens"":65536,""max_num_seqs"":32,""measure_repeats"":1,""model"":""/lustre/fsw/coreai_dlalgo_llm/users/sna/hf_home/hub/models--Qwen--Qwen3-8B/snapshots/b968826d9c46dd6066d109eabc6255188de91218"",""moe_backend"":""auto"",""osl"":32768,""pipeline_parallel_size"":1,""pp"":1,""prompt_jsonl"":""/lustre/fsw/coreai_dlalgo_llm/users/sna/vllm-benchmark/data/swebench_verified_prompts_all.jsonl"",""prompt_offset"":0,""seed"":0,""temperature"":1.0,""tensor_parallel_size"":1,""top_p"":1.0,""total_gpus"":4,""tp"":1,""warmup_repeats"":1}",TRITON_ATTN,dflash,15.0,186.0633255234781,704.4483357009594,0.2062997209379816,4.094495814069724,2270794,complete,experiments/vllm_024_dynamicsd/report/20260704_vllm_native_completed/native32k/swe/dflash/matrix/dflash_t1p0/result.json,150.3009581988298,872.0636353269801,1.2379383854448824,1.2379383854448822,1.24x,1.24x
vllm_native,vLLM 0.24.0,"{""cuda_version"":""13.0"",""environment"":{""VLLM_ATTENTION_BACKEND"":null,""VLLM_USE_V2_MODEL_RUNNER"":""0""},""gpu_count"":4,""gpu_names"":[""NVIDIA GB200"",""NVIDIA GB200"",""NVIDIA GB200"",""NVIDIA GB200""],""platform"":""Linux-6.17.0-1021-nvidia-64k-aarch64-with-glibc2.39"",""python"":""3.12.3"",""torch_version"":""2.11.0+cu130"",""vllm_version"":""0.24.0""}",SWE,Qwen3-8B,/lustre/fsw/coreai_dlalgo_llm/users/sna/hf_home/hub/models--Qwen--Qwen3-8B/snapshots/b968826d9c46dd6066d109eabc6255188de91218,1.0,1.0,32,4096,32768,Native 32K,native,NONE,"{""attention_backend"":""TRITON_ATTN"",""cuda_profiler_range"":false,""cudagraph_mode"":""NONE"",""disable_custom_all_reduce"":true,""dtype"":""bfloat16"",""enable_chunked_prefill"":true,""enable_prefix_caching"":true,""enforce_eager"":true,""engine_gpus"":1,""gpu_memory_utilization"":0.9,""isl"":4096,""kv_cache_dtype"":""auto"",""max_model_len"":40960,""max_num_batched_tokens"":65536,""max_num_seqs"":32,""measure_repeats"":1,""model"":""/lustre/fsw/coreai_dlalgo_llm/users/sna/hf_home/hub/models--Qwen--Qwen3-8B/snapshots/b968826d9c46dd6066d109eabc6255188de91218"",""moe_backend"":""auto"",""osl"":32768,""pipeline_parallel_size"":1,""pp"":1,""prompt_jsonl"":""/lustre/fsw/coreai_dlalgo_llm/users/sna/vllm-benchmark/data/swebench_verified_prompts_all.jsonl"",""prompt_offset"":0,""seed"":0,""temperature"":1.0,""tensor_parallel_size"":1,""top_p"":1.0,""total_gpus"":4,""tp"":1,""warmup_repeats"":1}",TRITON_ATTN,dflash,15.0,236.17387163156255,1109.9619030209724,0.20686387291153108,4.102958093672966,2270794,complete,experiments/vllm_024_dynamicsd/report/20260704_vllm_native_completed/native32k/swe/dflash/matrix/dflash_t1p0/result.json,168.59369575731418,1554.8861351099913,1.4008463992125073,1.4008463992125073,1.40x,1.40x
vllm_native,vLLM 0.24.0,"{""cuda_version"":""13.0"",""environment"":{""VLLM_ATTENTION_BACKEND"":null,""VLLM_USE_V2_MODEL_RUNNER"":""0""},""gpu_count"":4,""gpu_names"":[""NVIDIA GB200"",""NVIDIA GB200"",""NVIDIA GB200"",""NVIDIA GB200""],""platform"":""Linux-6.17.0-1021-nvidia-64k-aarch64-with-glibc2.39"",""python"":""3.12.3"",""torch_version"":""2.11.0+cu130"",""vllm_version"":""0.24.0""}",SWE,Qwen3-8B,/lustre/fsw/coreai_dlalgo_llm/users/sna/hf_home/hub/models--Qwen--Qwen3-8B/snapshots/b968826d9c46dd6066d109eabc6255188de91218,0.0,1.0,1,4096,32768,Native 32K,native,NONE,"{""attention_backend"":""TRITON_ATTN"",""cuda_profiler_range"":false,""cudagraph_mode"":""NONE"",""disable_custom_all_reduce"":true,""dtype"":""bfloat16"",""enable_chunked_prefill"":true,""enable_prefix_caching"":true,""enforce_eager"":true,""engine_gpus"":1,""gpu_memory_utilization"":0.9,""isl"":4096,""kv_cache_dtype"":""auto"",""max_model_len"":40960,""max_num_batched_tokens"":65536,""max_num_seqs"":32,""measure_repeats"":1,""model"":""/lustre/fsw/coreai_dlalgo_llm/users/sna/hf_home/hub/models--Qwen--Qwen3-8B/snapshots/b968826d9c46dd6066d109eabc6255188de91218"",""moe_backend"":""auto"",""osl"":32768,""pipeline_parallel_size"":1,""pp"":1,""prompt_jsonl"":""/lustre/fsw/coreai_dlalgo_llm/users/sna/vllm-benchmark/data/swebench_verified_prompts_all.jsonl"",""prompt_offset"":0,""seed"":0,""temperature"":0.0,""tensor_parallel_size"":1,""top_p"":1.0,""total_gpus"":4,""tp"":1,""warmup_repeats"":1}",TRITON_ATTN,pard,12.0,13.523278495504275,605.7702651559957,0.1548543265875785,2.858251919050942,2270789,complete,experiments/vllm_024_dynamicsd/report/20260704_vllm_native_completed/native32k/swe/pard/matrix/pard_t0p0/result.json,9.200810782159143,890.3563168459805,1.4697920450365771,1.469792045036577,1.47x,1.47x
vllm_native,vLLM 0.24.0,"{""cuda_version"":""13.0"",""environment"":{""VLLM_ATTENTION_BACKEND"":null,""VLLM_USE_V2_MODEL_RUNNER"":""0""},""gpu_count"":4,""gpu_names"":[""NVIDIA GB200"",""NVIDIA GB200"",""NVIDIA GB200"",""NVIDIA GB200""],""platform"":""Linux-6.17.0-1021-nvidia-64k-aarch64-with-glibc2.39"",""python"":""3.12.3"",""torch_version"":""2.11.0+cu130"",""vllm_version"":""0.24.0""}",SWE,Qwen3-8B,/lustre/fsw/coreai_dlalgo_llm/users/sna/hf_home/hub/models--Qwen--Qwen3-8B/snapshots/b968826d9c46dd6066d109eabc6255188de91218,0.0,1.0,2,4096,32768,Native 32K,native,NONE,"{""attention_backend"":""TRITON_ATTN"",""cuda_profiler_range"":false,""cudagraph_mode"":""NONE"",""disable_custom_all_reduce"":true,""dtype"":""bfloat16"",""enable_chunked_prefill"":true,""enable_prefix_caching"":true,""enforce_eager"":true,""engine_gpus"":1,""gpu_memory_utilization"":0.9,""isl"":4096,""kv_cache_dtype"":""auto"",""max_model_len"":40960,""max_num_batched_tokens"":65536,""max_num_seqs"":32,""measure_repeats"":1,""model"":""/lustre/fsw/coreai_dlalgo_llm/users/sna/hf_home/hub/models--Qwen--Qwen3-8B/snapshots/b968826d9c46dd6066d109eabc6255188de91218"",""moe_backend"":""auto"",""osl"":32768,""pipeline_parallel_size"":1,""pp"":1,""prompt_jsonl"":""/lustre/fsw/coreai_dlalgo_llm/users/sna/vllm-benchmark/data/swebench_verified_prompts_all.jsonl"",""prompt_offset"":0,""seed"":0,""temperature"":0.0,""tensor_parallel_size"":1,""top_p"":1.0,""total_gpus"":4,""tp"":1,""warmup_repeats"":1}",TRITON_ATTN,pard,12.0,26.70093198846248,613.61154011701,0.1543189730200174,2.851827676240209,2270789,complete,experiments/vllm_024_dynamicsd/report/20260704_vllm_native_completed/native32k/swe/pard/matrix/pard_t0p0/result.json,18.62319686297093,879.7630246059853,1.4337458914775667,1.4337458914775667,1.43x,1.43x
vllm_native,vLLM 0.24.0,"{""cuda_version"":""13.0"",""environment"":{""VLLM_ATTENTION_BACKEND"":null,""VLLM_USE_V2_MODEL_RUNNER"":""0""},""gpu_count"":4,""gpu_names"":[""NVIDIA GB200"",""NVIDIA GB200"",""NVIDIA GB200"",""NVIDIA GB200""],""platform"":""Linux-6.17.0-1021-nvidia-64k-aarch64-with-glibc2.39"",""python"":""3.12.3"",""torch_version"":""2.11.0+cu130"",""vllm_version"":""0.24.0""}",SWE,Qwen3-8B,/lustre/fsw/coreai_dlalgo_llm/users/sna/hf_home/hub/models--Qwen--Qwen3-8B/snapshots/b968826d9c46dd6066d109eabc6255188de91218,0.0,1.0,4,4096,32768,Native 32K,native,NONE,"{""attention_backend"":""TRITON_ATTN"",""cuda_profiler_range"":false,""cudagraph_mode"":""NONE"",""disable_custom_all_reduce"":true,""dtype"":""bfloat16"",""enable_chunked_prefill"":true,""enable_prefix_caching"":true,""enforce_eager"":true,""engine_gpus"":1,""gpu_memory_utilization"":0.9,""isl"":4096,""kv_cache_dtype"":""auto"",""max_model_len"":40960,""max_num_batched_tokens"":65536,""max_num_seqs"":32,""measure_repeats"":1,""model"":""/lustre/fsw/coreai_dlalgo_llm/users/sna/hf_home/hub/models--Qwen--Qwen3-8B/snapshots/b968826d9c46dd6066d109eabc6255188de91218"",""moe_backend"":""auto"",""osl"":32768,""pipeline_parallel_size"":1,""pp"":1,""prompt_jsonl"":""/lustre/fsw/coreai_dlalgo_llm/users/sna/vllm-benchmark/data/swebench_verified_prompts_all.jsonl"",""prompt_offset"":0,""seed"":0,""temperature"":0.0,""tensor_parallel_size"":1,""top_p"":1.0,""total_gpus"":4,""tp"":1,""warmup_repeats"":1}",TRITON_ATTN,pard,12.0,27.901972866927007,1174.3972426709952,0.1043030240561635,2.251636288673962,2270789,complete,experiments/vllm_024_dynamicsd/report/20260704_vllm_native_completed/native32k/swe/pard/matrix/pard_t0p0/result.json,37.200706649847035,880.8434825830045,0.7500387863476711,0.7500387863476711,0.75x,0.75x
vllm_native,vLLM 0.24.0,"{""cuda_version"":""13.0"",""environment"":{""VLLM_ATTENTION_BACKEND"":null,""VLLM_USE_V2_MODEL_RUNNER"":""0""},""gpu_count"":4,""gpu_names"":[""NVIDIA GB200"",""NVIDIA GB200"",""NVIDIA GB200"",""NVIDIA GB200""],""platform"":""Linux-6.17.0-1021-nvidia-64k-aarch64-with-glibc2.39"",""python"":""3.12.3"",""torch_version"":""2.11.0+cu130"",""vllm_version"":""0.24.0""}",SWE,Qwen3-8B,/lustre/fsw/coreai_dlalgo_llm/users/sna/hf_home/hub/models--Qwen--Qwen3-8B/snapshots/b968826d9c46dd6066d109eabc6255188de91218,0.0,1.0,8,4096,32768,Native 32K,native,NONE,"{""attention_backend"":""TRITON_ATTN"",""cuda_profiler_range"":false,""cudagraph_mode"":""NONE"",""disable_custom_all_reduce"":true,""dtype"":""bfloat16"",""enable_chunked_prefill"":true,""enable_prefix_caching"":true,""enforce_eager"":true,""engine_gpus"":1,""gpu_memory_utilization"":0.9,""isl"":4096,""kv_cache_dtype"":""auto"",""max_model_len"":40960,""max_num_batched_tokens"":65536,""max_num_seqs"":32,""measure_repeats"":1,""model"":""/lustre/fsw/coreai_dlalgo_llm/users/sna/hf_home/hub/models--Qwen--Qwen3-8B/snapshots/b968826d9c46dd6066d109eabc6255188de91218"",""moe_backend"":""auto"",""osl"":32768,""pipeline_parallel_size"":1,""pp"":1,""prompt_jsonl"":""/lustre/fsw/coreai_dlalgo_llm/users/sna/vllm-benchmark/data/swebench_verified_prompts_all.jsonl"",""prompt_offset"":0,""seed"":0,""temperature"":0.0,""tensor_parallel_size"":1,""top_p"":1.0,""total_gpus"":4,""tp"":1,""warmup_repeats"":1}",TRITON_ATTN,pard,12.0,52.6266134868883,1245.3014864110155,0.11156364869205239,2.3387637843046285,2270789,complete,experiments/vllm_024_dynamicsd/report/20260704_vllm_native_completed/native32k/swe/pard/matrix/pard_t0p0/result.json,73.93854687971597,886.3576952170115,0.7117615331621522,0.7117615331621523,0.71x,0.71x
vllm_native,vLLM 0.24.0,"{""cuda_version"":""13.0"",""environment"":{""VLLM_ATTENTION_BACKEND"":null,""VLLM_USE_V2_MODEL_RUNNER"":""0""},""gpu_count"":4,""gpu_names"":[""NVIDIA GB200"",""NVIDIA GB200"",""NVIDIA GB200"",""NVIDIA GB200""],""platform"":""Linux-6.17.0-1021-nvidia-64k-aarch64-with-glibc2.39"",""python"":""3.12.3"",""torch_version"":""2.11.0+cu130"",""vllm_version"":""0.24.0""}",SWE,Qwen3-8B,/lustre/fsw/coreai_dlalgo_llm/users/sna/hf_home/hub/models--Qwen--Qwen3-8B/snapshots/b968826d9c46dd6066d109eabc6255188de91218,0.0,1.0,16,4096,32768,Native 32K,native,NONE,"{""attention_backend"":""TRITON_ATTN"",""cuda_profiler_range"":false,""cudagraph_mode"":""NONE"",""disable_custom_all_reduce"":true,""dtype"":""bfloat16"",""enable_chunked_prefill"":true,""enable_prefix_caching"":true,""enforce_eager"":true,""engine_gpus"":1,""gpu_memory_utilization"":0.9,""isl"":4096,""kv_cache_dtype"":""auto"",""max_model_len"":40960,""max_num_batched_tokens"":65536,""max_num_seqs"":32,""measure_repeats"":1,""model"":""/lustre/fsw/coreai_dlalgo_llm/users/sna/hf_home/hub/models--Qwen--Qwen3-8B/snapshots/b968826d9c46dd6066d109eabc6255188de91218"",""moe_backend"":""auto"",""osl"":32768,""pipeline_parallel_size"":1,""pp"":1,""prompt_jsonl"":""/lustre/fsw/coreai_dlalgo_llm/users/sna/vllm-benchmark/data/swebench_verified_prompts_all.jsonl"",""prompt_offset"":0,""seed"":0,""temperature"":0.0,""tensor_parallel_size"":1,""top_p"":1.0,""total_gpus"":4,""tp"":1,""warmup_repeats"":1}",TRITON_ATTN,pard,12.0,90.07023155139399,1455.2199738179916,0.10153074321370038,2.218368918564405,2270789,complete,experiments/vllm_024_dynamicsd/report/20260704_vllm_native_completed/native32k/swe/pard/matrix/pard_t0p0/result.json,148.1062769163946,884.9861243490013,0.6081459437552285,0.6081459437552285,0.61x,0.61x
vllm_native,vLLM 0.24.0,"{""cuda_version"":""13.0"",""environment"":{""VLLM_ATTENTION_BACKEND"":null,""VLLM_USE_V2_MODEL_RUNNER"":""0""},""gpu_count"":4,""gpu_names"":[""NVIDIA GB200"",""NVIDIA GB200"",""NVIDIA GB200"",""NVIDIA GB200""],""platform"":""Linux-6.17.0-1021-nvidia-64k-aarch64-with-glibc2.39"",""python"":""3.12.3"",""torch_version"":""2.11.0+cu130"",""vllm_version"":""0.24.0""}",SWE,Qwen3-8B,/lustre/fsw/coreai_dlalgo_llm/users/sna/hf_home/hub/models--Qwen--Qwen3-8B/snapshots/b968826d9c46dd6066d109eabc6255188de91218,0.0,1.0,32,4096,32768,Native 32K,native,NONE,"{""attention_backend"":""TRITON_ATTN"",""cuda_profiler_range"":false,""cudagraph_mode"":""NONE"",""disable_custom_all_reduce"":true,""dtype"":""bfloat16"",""enable_chunked_prefill"":true,""enable_prefix_caching"":true,""enforce_eager"":true,""engine_gpus"":1,""gpu_memory_utilization"":0.9,""isl"":4096,""kv_cache_dtype"":""auto"",""max_model_len"":40960,""max_num_batched_tokens"":65536,""max_num_seqs"":32,""measure_repeats"":1,""model"":""/lustre/fsw/coreai_dlalgo_llm/users/sna/hf_home/hub/models--Qwen--Qwen3-8B/snapshots/b968826d9c46dd6066d109eabc6255188de91218"",""moe_backend"":""auto"",""osl"":32768,""pipeline_parallel_size"":1,""pp"":1,""prompt_jsonl"":""/lustre/fsw/coreai_dlalgo_llm/users/sna/vllm-benchmark/data/swebench_verified_prompts_all.jsonl"",""prompt_offset"":0,""seed"":0,""temperature"":0.0,""tensor_parallel_size"":1,""top_p"":1.0,""total_gpus"":4,""tp"":1,""warmup_repeats"":1}",TRITON_ATTN,pard,12.0,122.36085853835911,2142.3844449229655,0.1271119085752821,2.525342902903385,2270789,complete,experiments/vllm_024_dynamicsd/report/20260704_vllm_native_completed/native32k/swe/pard/matrix/pard_t0p0/result.json,169.18941707678965,1549.4113315670402,0.7232181578048906,0.7232181578048906,0.72x,0.72x
vllm_native,vLLM 0.24.0,"{""cuda_version"":""13.0"",""environment"":{""VLLM_ATTENTION_BACKEND"":null,""VLLM_USE_V2_MODEL_RUNNER"":""0""},""gpu_count"":4,""gpu_names"":[""NVIDIA GB200"",""NVIDIA GB200"",""NVIDIA GB200"",""NVIDIA GB200""],""platform"":""Linux-6.17.0-1021-nvidia-64k-aarch64-with-glibc2.39"",""python"":""3.12.3"",""torch_version"":""2.11.0+cu130"",""vllm_version"":""0.24.0""}",SWE,Qwen3-8B,/lustre/fsw/coreai_dlalgo_llm/users/sna/hf_home/hub/models--Qwen--Qwen3-8B/snapshots/b968826d9c46dd6066d109eabc6255188de91218,1.0,1.0,1,4096,32768,Native 32K,native,NONE,"{""attention_backend"":""TRITON_ATTN"",""cuda_profiler_range"":false,""cudagraph_mode"":""NONE"",""disable_custom_all_reduce"":true,""dtype"":""bfloat16"",""enable_chunked_prefill"":true,""enable_prefix_caching"":true,""enforce_eager"":true,""engine_gpus"":1,""gpu_memory_utilization"":0.9,""isl"":4096,""kv_cache_dtype"":""auto"",""max_model_len"":40960,""max_num_batched_tokens"":65536,""max_num_seqs"":32,""measure_repeats"":1,""model"":""/lustre/fsw/coreai_dlalgo_llm/users/sna/hf_home/hub/models--Qwen--Qwen3-8B/snapshots/b968826d9c46dd6066d109eabc6255188de91218"",""moe_backend"":""auto"",""osl"":32768,""pipeline_parallel_size"":1,""pp"":1,""prompt_jsonl"":""/lustre/fsw/coreai_dlalgo_llm/users/sna/vllm-benchmark/data/swebench_verified_prompts_all.jsonl"",""prompt_offset"":0,""seed"":0,""temperature"":1.0,""tensor_parallel_size"":1,""top_p"":1.0,""total_gpus"":4,""tp"":1,""warmup_repeats"":1}",TRITON_ATTN,pard,12.0,14.7215019261043,556.4649613280199,0.17043835192069393,3.045260223048327,2270790,complete,experiments/vllm_024_dynamicsd/report/20260704_vllm_native_completed/native32k/swe/pard/matrix/pard_t1p0/result.json,9.491578127489753,863.0809218410286,1.5510067691975804,1.5510067691975804,1.55x,1.55x
vllm_native,vLLM 0.24.0,"{""cuda_version"":""13.0"",""environment"":{""VLLM_ATTENTION_BACKEND"":null,""VLLM_USE_V2_MODEL_RUNNER"":""0""},""gpu_count"":4,""gpu_names"":[""NVIDIA GB200"",""NVIDIA GB200"",""NVIDIA GB200"",""NVIDIA GB200""],""platform"":""Linux-6.17.0-1021-nvidia-64k-aarch64-with-glibc2.39"",""python"":""3.12.3"",""torch_version"":""2.11.0+cu130"",""vllm_version"":""0.24.0""}",SWE,Qwen3-8B,/lustre/fsw/coreai_dlalgo_llm/users/sna/hf_home/hub/models--Qwen--Qwen3-8B/snapshots/b968826d9c46dd6066d109eabc6255188de91218,1.0,1.0,2,4096,32768,Native 32K,native,NONE,"{""attention_backend"":""TRITON_ATTN"",""cuda_profiler_range"":false,""cudagraph_mode"":""NONE"",""disable_custom_all_reduce"":true,""dtype"":""bfloat16"",""enable_chunked_prefill"":true,""enable_prefix_caching"":true,""enforce_eager"":true,""engine_gpus"":1,""gpu_memory_utilization"":0.9,""isl"":4096,""kv_cache_dtype"":""auto"",""max_model_len"":40960,""max_num_batched_tokens"":65536,""max_num_seqs"":32,""measure_repeats"":1,""model"":""/lustre/fsw/coreai_dlalgo_llm/users/sna/hf_home/hub/models--Qwen--Qwen3-8B/snapshots/b968826d9c46dd6066d109eabc6255188de91218"",""moe_backend"":""auto"",""osl"":32768,""pipeline_parallel_size"":1,""pp"":1,""prompt_jsonl"":""/lustre/fsw/coreai_dlalgo_llm/users/sna/vllm-benchmark/data/swebench_verified_prompts_all.jsonl"",""prompt_offset"":0,""seed"":0,""temperature"":1.0,""tensor_parallel_size"":1,""top_p"":1.0,""total_gpus"":4,""tp"":1,""warmup_repeats"":1}",TRITON_ATTN,pard,12.0,26.826559832420056,610.7380186780356,0.1542466031525065,2.850959237830078,2270790,complete,experiments/vllm_024_dynamicsd/report/20260704_vllm_native_completed/native32k/swe/pard/matrix/pard_t1p0/result.json,19.182750199385055,854.1006805439829,1.3984730840773834,1.3984730840773831,1.40x,1.40x
vllm_native,vLLM 0.24.0,"{""cuda_version"":""13.0"",""environment"":{""VLLM_ATTENTION_BACKEND"":null,""VLLM_USE_V2_MODEL_RUNNER"":""0""},""gpu_count"":4,""gpu_names"":[""NVIDIA GB200"",""NVIDIA GB200"",""NVIDIA GB200"",""NVIDIA GB200""],""platform"":""Linux-6.17.0-1021-nvidia-64k-aarch64-with-glibc2.39"",""python"":""3.12.3"",""torch_version"":""2.11.0+cu130"",""vllm_version"":""0.24.0""}",SWE,Qwen3-8B,/lustre/fsw/coreai_dlalgo_llm/users/sna/hf_home/hub/models--Qwen--Qwen3-8B/snapshots/b968826d9c46dd6066d109eabc6255188de91218,1.0,1.0,4,4096,32768,Native 32K,native,NONE,"{""attention_backend"":""TRITON_ATTN"",""cuda_profiler_range"":false,""cudagraph_mode"":""NONE"",""disable_custom_all_reduce"":true,""dtype"":""bfloat16"",""enable_chunked_prefill"":true,""enable_prefix_caching"":true,""enforce_eager"":true,""engine_gpus"":1,""gpu_memory_utilization"":0.9,""isl"":4096,""kv_cache_dtype"":""auto"",""max_model_len"":40960,""max_num_batched_tokens"":65536,""max_num_seqs"":32,""measure_repeats"":1,""model"":""/lustre/fsw/coreai_dlalgo_llm/users/sna/hf_home/hub/models--Qwen--Qwen3-8B/snapshots/b968826d9c46dd6066d109eabc6255188de91218"",""moe_backend"":""auto"",""osl"":32768,""pipeline_parallel_size"":1,""pp"":1,""prompt_jsonl"":""/lustre/fsw/coreai_dlalgo_llm/users/sna/vllm-benchmark/data/swebench_verified_prompts_all.jsonl"",""prompt_offset"":0,""seed"":0,""temperature"":1.0,""tensor_parallel_size"":1,""top_p"":1.0,""total_gpus"":4,""tp"":1,""warmup_repeats"":1}",TRITON_ATTN,pard,12.0,25.16840302497123,1301.949907886039,0.07700626345664513,1.9240751614797418,2270790,complete,experiments/vllm_024_dynamicsd/report/20260704_vllm_native_completed/native32k/swe/pard/matrix/pard_t1p0/result.json,38.28879895317604,855.811644550995,0.6573307001807515,0.6573307001807516,0.66x,0.66x
vllm_native,vLLM 0.24.0,"{""cuda_version"":""13.0"",""environment"":{""VLLM_ATTENTION_BACKEND"":null,""VLLM_USE_V2_MODEL_RUNNER"":""0""},""gpu_count"":4,""gpu_names"":[""NVIDIA GB200"",""NVIDIA GB200"",""NVIDIA GB200"",""NVIDIA GB200""],""platform"":""Linux-6.17.0-1021-nvidia-64k-aarch64-with-glibc2.39"",""python"":""3.12.3"",""torch_version"":""2.11.0+cu130"",""vllm_version"":""0.24.0""}",SWE,Qwen3-8B,/lustre/fsw/coreai_dlalgo_llm/users/sna/hf_home/hub/models--Qwen--Qwen3-8B/snapshots/b968826d9c46dd6066d109eabc6255188de91218,1.0,1.0,8,4096,32768,Native 32K,native,NONE,"{""attention_backend"":""TRITON_ATTN"",""cuda_profiler_range"":false,""cudagraph_mode"":""NONE"",""disable_custom_all_reduce"":true,""dtype"":""bfloat16"",""enable_chunked_prefill"":true,""enable_prefix_caching"":true,""enforce_eager"":true,""engine_gpus"":1,""gpu_memory_utilization"":0.9,""isl"":4096,""kv_cache_dtype"":""auto"",""max_model_len"":40960,""max_num_batched_tokens"":65536,""max_num_seqs"":32,""measure_repeats"":1,""model"":""/lustre/fsw/coreai_dlalgo_llm/users/sna/hf_home/hub/models--Qwen--Qwen3-8B/snapshots/b968826d9c46dd6066d109eabc6255188de91218"",""moe_backend"":""auto"",""osl"":32768,""pipeline_parallel_size"":1,""pp"":1,""prompt_jsonl"":""/lustre/fsw/coreai_dlalgo_llm/users/sna/vllm-benchmark/data/swebench_verified_prompts_all.jsonl"",""prompt_offset"":0,""seed"":0,""temperature"":1.0,""tensor_parallel_size"":1,""top_p"":1.0,""total_gpus"":4,""tp"":1,""warmup_repeats"":1}",TRITON_ATTN,pard,12.0,60.894915033242185,1076.2146554309875,0.12496821522109493,2.499618582653139,2270790,complete,experiments/vllm_024_dynamicsd/report/20260704_vllm_native_completed/native32k/swe/pard/matrix/pard_t1p0/result.json,75.82560831200878,864.2990337819792,0.80309167824504,0.80309167824504,0.80x,0.80x
vllm_native,vLLM 0.24.0,"{""cuda_version"":""13.0"",""environment"":{""VLLM_ATTENTION_BACKEND"":null,""VLLM_USE_V2_MODEL_RUNNER"":""0""},""gpu_count"":4,""gpu_names"":[""NVIDIA GB200"",""NVIDIA GB200"",""NVIDIA GB200"",""NVIDIA GB200""],""platform"":""Linux-6.17.0-1021-nvidia-64k-aarch64-with-glibc2.39"",""python"":""3.12.3"",""torch_version"":""2.11.0+cu130"",""vllm_version"":""0.24.0""}",SWE,Qwen3-8B,/lustre/fsw/coreai_dlalgo_llm/users/sna/hf_home/hub/models--Qwen--Qwen3-8B/snapshots/b968826d9c46dd6066d109eabc6255188de91218,1.0,1.0,16,4096,32768,Native 32K,native,NONE,"{""attention_backend"":""TRITON_ATTN"",""cuda_profiler_range"":false,""cudagraph_mode"":""NONE"",""disable_custom_all_reduce"":true,""dtype"":""bfloat16"",""enable_chunked_prefill"":true,""enable_prefix_caching"":true,""enforce_eager"":true,""engine_gpus"":1,""gpu_memory_utilization"":0.9,""isl"":4096,""kv_cache_dtype"":""auto"",""max_model_len"":40960,""max_num_batched_tokens"":65536,""max_num_seqs"":32,""measure_repeats"":1,""model"":""/lustre/fsw/coreai_dlalgo_llm/users/sna/hf_home/hub/models--Qwen--Qwen3-8B/snapshots/b968826d9c46dd6066d109eabc6255188de91218"",""moe_backend"":""auto"",""osl"":32768,""pipeline_parallel_size"":1,""pp"":1,""prompt_jsonl"":""/lustre/fsw/coreai_dlalgo_llm/users/sna/vllm-benchmark/data/swebench_verified_prompts_all.jsonl"",""prompt_offset"":0,""seed"":0,""temperature"":1.0,""tensor_parallel_size"":1,""top_p"":1.0,""total_gpus"":4,""tp"":1,""warmup_repeats"":1}",TRITON_ATTN,pard,12.0,83.53125785828176,1569.1371512970072,0.12472320242296099,2.4966784290755317,2270790,complete,experiments/vllm_024_dynamicsd/report/20260704_vllm_native_completed/native32k/swe/pard/matrix/pard_t1p0/result.json,150.3009581988298,872.0636353269801,0.555759982233647,0.555759982233647,0.56x,0.56x
vllm_native,vLLM 0.24.0,"{""cuda_version"":""13.0"",""environment"":{""VLLM_ATTENTION_BACKEND"":null,""VLLM_USE_V2_MODEL_RUNNER"":""0""},""gpu_count"":4,""gpu_names"":[""NVIDIA GB200"",""NVIDIA GB200"",""NVIDIA GB200"",""NVIDIA GB200""],""platform"":""Linux-6.17.0-1021-nvidia-64k-aarch64-with-glibc2.39"",""python"":""3.12.3"",""torch_version"":""2.11.0+cu130"",""vllm_version"":""0.24.0""}",SWE,Qwen3-8B,/lustre/fsw/coreai_dlalgo_llm/users/sna/hf_home/hub/models--Qwen--Qwen3-8B/snapshots/b968826d9c46dd6066d109eabc6255188de91218,1.0,1.0,32,4096,32768,Native 32K,native,NONE,"{""attention_backend"":""TRITON_ATTN"",""cuda_profiler_range"":false,""cudagraph_mode"":""NONE"",""disable_custom_all_reduce"":true,""dtype"":""bfloat16"",""enable_chunked_prefill"":true,""enable_prefix_caching"":true,""enforce_eager"":true,""engine_gpus"":1,""gpu_memory_utilization"":0.9,""isl"":4096,""kv_cache_dtype"":""auto"",""max_model_len"":40960,""max_num_batched_tokens"":65536,""max_num_seqs"":32,""measure_repeats"":1,""model"":""/lustre/fsw/coreai_dlalgo_llm/users/sna/hf_home/hub/models--Qwen--Qwen3-8B/snapshots/b968826d9c46dd6066d109eabc6255188de91218"",""moe_backend"":""auto"",""osl"":32768,""pipeline_parallel_size"":1,""pp"":1,""prompt_jsonl"":""/lustre/fsw/coreai_dlalgo_llm/users/sna/vllm-benchmark/data/swebench_verified_prompts_all.jsonl"",""prompt_offset"":0,""seed"":0,""temperature"":1.0,""tensor_parallel_size"":1,""top_p"":1.0,""total_gpus"":4,""tp"":1,""warmup_repeats"":1}",TRITON_ATTN,pard,12.0,128.57858713097858,2038.7842629890074,0.13090550376687082,2.57086604520245,2270790,complete,experiments/vllm_024_dynamicsd/report/20260704_vllm_native_completed/native32k/swe/pard/matrix/pard_t1p0/result.json,168.59369575731418,1554.8861351099913,0.7626535888747809,0.7626535888747807,0.76x,0.76x
vllm_native,vLLM 0.24.0,"{""cuda_version"":""13.0"",""environment"":{""VLLM_ATTENTION_BACKEND"":null,""VLLM_USE_V2_MODEL_RUNNER"":""0""},""gpu_count"":4,""gpu_names"":[""NVIDIA GB200"",""NVIDIA GB200"",""NVIDIA GB200"",""NVIDIA GB200""],""platform"":""Linux-6.17.0-1021-nvidia-64k-aarch64-with-glibc2.39"",""python"":""3.12.3"",""torch_version"":""2.11.0+cu130"",""vllm_version"":""0.24.0""}",SWE,Qwen3-8B,/lustre/fsw/coreai_dlalgo_llm/users/sna/hf_home/hub/models--Qwen--Qwen3-8B/snapshots/b968826d9c46dd6066d109eabc6255188de91218,0.0,1.0,1,4096,32768,Native 32K,native,NONE,"{""attention_backend"":""TRITON_ATTN"",""cuda_profiler_range"":false,""cudagraph_mode"":""NONE"",""disable_custom_all_reduce"":true,""dtype"":""bfloat16"",""enable_chunked_prefill"":true,""enable_prefix_caching"":true,""enforce_eager"":true,""engine_gpus"":1,""gpu_memory_utilization"":0.9,""isl"":4096,""kv_cache_dtype"":""auto"",""max_model_len"":40960,""max_num_batched_tokens"":65536,""max_num_seqs"":32,""measure_repeats"":1,""model"":""/lustre/fsw/coreai_dlalgo_llm/users/sna/hf_home/hub/models--Qwen--Qwen3-8B/snapshots/b968826d9c46dd6066d109eabc6255188de91218"",""moe_backend"":""auto"",""osl"":32768,""pipeline_parallel_size"":1,""pp"":1,""prompt_jsonl"":""/lustre/fsw/coreai_dlalgo_llm/users/sna/vllm-benchmark/data/swebench_verified_prompts_all.jsonl"",""prompt_offset"":0,""seed"":0,""temperature"":0.0,""tensor_parallel_size"":1,""top_p"":1.0,""total_gpus"":4,""tp"":1,""warmup_repeats"":1}",TRITON_ATTN,pard2,15.0,5.04873996653816,1622.5830710820155,0.0002511947065310624,1.003767920597966,2270791,partial,experiments/vllm_024_dynamicsd/report/20260704_vllm_native_completed/native32k/swe/pard2/matrix/pard2_t0p0/result.json,9.200810782159143,890.3563168459805,0.5487277247705097,0.5487277247705096,0.55x,0.55x
vllm_native,vLLM 0.24.0,"{""cuda_version"":""13.0"",""environment"":{""VLLM_ATTENTION_BACKEND"":null,""VLLM_USE_V2_MODEL_RUNNER"":""0""},""gpu_count"":4,""gpu_names"":[""NVIDIA GB200"",""NVIDIA GB200"",""NVIDIA GB200"",""NVIDIA GB200""],""platform"":""Linux-6.17.0-1021-nvidia-64k-aarch64-with-glibc2.39"",""python"":""3.12.3"",""torch_version"":""2.11.0+cu130"",""vllm_version"":""0.24.0""}",SWE,Qwen3-8B,/lustre/fsw/coreai_dlalgo_llm/users/sna/hf_home/hub/models--Qwen--Qwen3-8B/snapshots/b968826d9c46dd6066d109eabc6255188de91218,0.0,1.0,2,4096,32768,Native 32K,native,NONE,"{""attention_backend"":""TRITON_ATTN"",""cuda_profiler_range"":false,""cudagraph_mode"":""NONE"",""disable_custom_all_reduce"":true,""dtype"":""bfloat16"",""enable_chunked_prefill"":true,""enable_prefix_caching"":true,""enforce_eager"":true,""engine_gpus"":1,""gpu_memory_utilization"":0.9,""isl"":4096,""kv_cache_dtype"":""auto"",""max_model_len"":40960,""max_num_batched_tokens"":65536,""max_num_seqs"":32,""measure_repeats"":1,""model"":""/lustre/fsw/coreai_dlalgo_llm/users/sna/hf_home/hub/models--Qwen--Qwen3-8B/snapshots/b968826d9c46dd6066d109eabc6255188de91218"",""moe_backend"":""auto"",""osl"":32768,""pipeline_parallel_size"":1,""pp"":1,""prompt_jsonl"":""/lustre/fsw/coreai_dlalgo_llm/users/sna/vllm-benchmark/data/swebench_verified_prompts_all.jsonl"",""prompt_offset"":0,""seed"":0,""temperature"":0.0,""tensor_parallel_size"":1,""top_p"":1.0,""total_gpus"":4,""tp"":1,""warmup_repeats"":1}",TRITON_ATTN,pard2,15.0,10.035684666161792,1632.5742134209722,0.00019589238162284596,1.0029383857243428,2270791,partial,experiments/vllm_024_dynamicsd/report/20260704_vllm_native_completed/native32k/swe/pard2/matrix/pard2_t0p0/result.json,18.62319686297093,879.7630246059853,0.5388808774349613,0.5388808774349613,0.54x,0.54x
vllm_native,vLLM 0.24.0,"{""cuda_version"":""13.0"",""environment"":{""VLLM_ATTENTION_BACKEND"":null,""VLLM_USE_V2_MODEL_RUNNER"":""0""},""gpu_count"":4,""gpu_names"":[""NVIDIA GB200"",""NVIDIA GB200"",""NVIDIA GB200"",""NVIDIA GB200""],""platform"":""Linux-6.17.0-1021-nvidia-64k-aarch64-with-glibc2.39"",""python"":""3.12.3"",""torch_version"":""2.11.0+cu130"",""vllm_version"":""0.24.0""}",SWE,Qwen3-8B,/lustre/fsw/coreai_dlalgo_llm/users/sna/hf_home/hub/models--Qwen--Qwen3-8B/snapshots/b968826d9c46dd6066d109eabc6255188de91218,0.0,1.0,4,4096,32768,Native 32K,native,NONE,"{""attention_backend"":""TRITON_ATTN"",""cuda_profiler_range"":false,""cudagraph_mode"":""NONE"",""disable_custom_all_reduce"":true,""dtype"":""bfloat16"",""enable_chunked_prefill"":true,""enable_prefix_caching"":true,""enforce_eager"":true,""engine_gpus"":1,""gpu_memory_utilization"":0.9,""isl"":4096,""kv_cache_dtype"":""auto"",""max_model_len"":40960,""max_num_batched_tokens"":65536,""max_num_seqs"":32,""measure_repeats"":1,""model"":""/lustre/fsw/coreai_dlalgo_llm/users/sna/hf_home/hub/models--Qwen--Qwen3-8B/snapshots/b968826d9c46dd6066d109eabc6255188de91218"",""moe_backend"":""auto"",""osl"":32768,""pipeline_parallel_size"":1,""pp"":1,""prompt_jsonl"":""/lustre/fsw/coreai_dlalgo_llm/users/sna/vllm-benchmark/data/swebench_verified_prompts_all.jsonl"",""prompt_offset"":0,""seed"":0,""temperature"":0.0,""tensor_parallel_size"":1,""top_p"":1.0,""total_gpus"":4,""tp"":1,""warmup_repeats"":1}",TRITON_ATTN,pard2,15.0,19.756254322831712,1658.6139996249694,0.0001749219098616689,1.002623828647925,2270791,partial,experiments/vllm_024_dynamicsd/report/20260704_vllm_native_completed/native32k/swe/pard2/matrix/pard2_t0p0/result.json,37.200706649847035,880.8434825830045,0.5310720172277412,0.5310720172277412,0.53x,0.53x
vllm_native,vLLM 0.24.0,"{""cuda_version"":""13.0"",""environment"":{""VLLM_ATTENTION_BACKEND"":null,""VLLM_USE_V2_MODEL_RUNNER"":""0""},""gpu_count"":4,""gpu_names"":[""NVIDIA GB200"",""NVIDIA GB200"",""NVIDIA GB200"",""NVIDIA GB200""],""platform"":""Linux-6.17.0-1021-nvidia-64k-aarch64-with-glibc2.39"",""python"":""3.12.3"",""torch_version"":""2.11.0+cu130"",""vllm_version"":""0.24.0""}",SWE,Qwen3-8B,/lustre/fsw/coreai_dlalgo_llm/users/sna/hf_home/hub/models--Qwen--Qwen3-8B/snapshots/b968826d9c46dd6066d109eabc6255188de91218,0.0,1.0,8,4096,32768,Native 32K,native,NONE,"{""attention_backend"":""TRITON_ATTN"",""cuda_profiler_range"":false,""cudagraph_mode"":""NONE"",""disable_custom_all_reduce"":true,""dtype"":""bfloat16"",""enable_chunked_prefill"":true,""enable_prefix_caching"":true,""enforce_eager"":true,""engine_gpus"":1,""gpu_memory_utilization"":0.9,""isl"":4096,""kv_cache_dtype"":""auto"",""max_model_len"":40960,""max_num_batched_tokens"":65536,""max_num_seqs"":32,""measure_repeats"":1,""model"":""/lustre/fsw/coreai_dlalgo_llm/users/sna/hf_home/hub/models--Qwen--Qwen3-8B/snapshots/b968826d9c46dd6066d109eabc6255188de91218"",""moe_backend"":""auto"",""osl"":32768,""pipeline_parallel_size"":1,""pp"":1,""prompt_jsonl"":""/lustre/fsw/coreai_dlalgo_llm/users/sna/vllm-benchmark/data/swebench_verified_prompts_all.jsonl"",""prompt_offset"":0,""seed"":0,""temperature"":0.0,""tensor_parallel_size"":1,""top_p"":1.0,""total_gpus"":4,""tp"":1,""warmup_repeats"":1}",TRITON_ATTN,pard2,15.0,37.54650010983138,1745.4622883169795,0.0005215922532657186,1.0078238837989857,2270791,partial,experiments/vllm_024_dynamicsd/report/20260704_vllm_native_completed/native32k/swe/pard2/matrix/pard2_t0p0/result.json,73.93854687971597,886.3576952170115,0.5078068435793366,0.5078068435793367,0.51x,0.51x
vllm_native,vLLM 0.24.0,"{""cuda_version"":""13.0"",""environment"":{""VLLM_ATTENTION_BACKEND"":null,""VLLM_USE_V2_MODEL_RUNNER"":""0""},""gpu_count"":4,""gpu_names"":[""NVIDIA GB200"",""NVIDIA GB200"",""NVIDIA GB200"",""NVIDIA GB200""],""platform"":""Linux-6.17.0-1021-nvidia-64k-aarch64-with-glibc2.39"",""python"":""3.12.3"",""torch_version"":""2.11.0+cu130"",""vllm_version"":""0.24.0""}",SWE,Qwen3-8B,/lustre/fsw/coreai_dlalgo_llm/users/sna/hf_home/hub/models--Qwen--Qwen3-8B/snapshots/b968826d9c46dd6066d109eabc6255188de91218,0.0,1.0,16,4096,32768,Native 32K,native,NONE,"{""attention_backend"":""TRITON_ATTN"",""cuda_profiler_range"":false,""cudagraph_mode"":""NONE"",""disable_custom_all_reduce"":true,""dtype"":""bfloat16"",""enable_chunked_prefill"":true,""enable_prefix_caching"":true,""enforce_eager"":true,""engine_gpus"":1,""gpu_memory_utilization"":0.9,""isl"":4096,""kv_cache_dtype"":""auto"",""max_model_len"":40960,""max_num_batched_tokens"":65536,""max_num_seqs"":32,""measure_repeats"":1,""model"":""/lustre/fsw/coreai_dlalgo_llm/users/sna/hf_home/hub/models--Qwen--Qwen3-8B/snapshots/b968826d9c46dd6066d109eabc6255188de91218"",""moe_backend"":""auto"",""osl"":32768,""pipeline_parallel_size"":1,""pp"":1,""prompt_jsonl"":""/lustre/fsw/coreai_dlalgo_llm/users/sna/vllm-benchmark/data/swebench_verified_prompts_all.jsonl"",""prompt_offset"":0,""seed"":0,""temperature"":0.0,""tensor_parallel_size"":1,""top_p"":1.0,""total_gpus"":4,""tp"":1,""warmup_repeats"":1}",TRITON_ATTN,pard2,15.0,58.79981864308363,2229.1225215439918,0.0008413521897175792,1.0126202828457638,2270791,partial,experiments/vllm_024_dynamicsd/report/20260704_vllm_native_completed/native32k/swe/pard2/matrix/pard2_t0p0/result.json,148.1062769163946,884.9861243490013,0.3970109833783473,0.3970109833783473,0.40x,0.40x
vllm_native,vLLM 0.24.0,"{""cuda_version"":""13.0"",""environment"":{""VLLM_ATTENTION_BACKEND"":null,""VLLM_USE_V2_MODEL_RUNNER"":""0""},""gpu_count"":4,""gpu_names"":[""NVIDIA GB200"",""NVIDIA GB200"",""NVIDIA GB200"",""NVIDIA GB200""],""platform"":""Linux-6.17.0-1021-nvidia-64k-aarch64-with-glibc2.39"",""python"":""3.12.3"",""torch_version"":""2.11.0+cu130"",""vllm_version"":""0.24.0""}",SWE,Qwen3-8B,/lustre/fsw/coreai_dlalgo_llm/users/sna/hf_home/hub/models--Qwen--Qwen3-8B/snapshots/b968826d9c46dd6066d109eabc6255188de91218,1.0,1.0,1,4096,32768,Native 32K,native,NONE,"{""attention_backend"":""TRITON_ATTN"",""cuda_profiler_range"":false,""cudagraph_mode"":""NONE"",""disable_custom_all_reduce"":true,""dtype"":""bfloat16"",""enable_chunked_prefill"":true,""enable_prefix_caching"":true,""enforce_eager"":true,""engine_gpus"":1,""gpu_memory_utilization"":0.9,""isl"":4096,""kv_cache_dtype"":""auto"",""max_model_len"":40960,""max_num_batched_tokens"":65536,""max_num_seqs"":32,""measure_repeats"":1,""model"":""/lustre/fsw/coreai_dlalgo_llm/users/sna/hf_home/hub/models--Qwen--Qwen3-8B/snapshots/b968826d9c46dd6066d109eabc6255188de91218"",""moe_backend"":""auto"",""osl"":32768,""pipeline_parallel_size"":1,""pp"":1,""prompt_jsonl"":""/lustre/fsw/coreai_dlalgo_llm/users/sna/vllm-benchmark/data/swebench_verified_prompts_all.jsonl"",""prompt_offset"":0,""seed"":0,""temperature"":1.0,""tensor_parallel_size"":1,""top_p"":1.0,""total_gpus"":4,""tp"":1,""warmup_repeats"":1}",TRITON_ATTN,pard2,15.0,5.069984207881044,1615.7841255730018,1.628051324317999e-05,1.0002442076986477,2270792,partial,experiments/vllm_024_dynamicsd/report/20260704_vllm_native_completed/native32k/swe/pard2/matrix/pard2_t1p0/result.json,9.491578127489753,863.0809218410286,0.5341560844552525,0.5341560844552524,0.53x,0.53x
vllm_native,vLLM 0.24.0,"{""cuda_version"":""13.0"",""environment"":{""VLLM_ATTENTION_BACKEND"":null,""VLLM_USE_V2_MODEL_RUNNER"":""0""},""gpu_count"":4,""gpu_names"":[""NVIDIA GB200"",""NVIDIA GB200"",""NVIDIA GB200"",""NVIDIA GB200""],""platform"":""Linux-6.17.0-1021-nvidia-64k-aarch64-with-glibc2.39"",""python"":""3.12.3"",""torch_version"":""2.11.0+cu130"",""vllm_version"":""0.24.0""}",SWE,Qwen3-8B,/lustre/fsw/coreai_dlalgo_llm/users/sna/hf_home/hub/models--Qwen--Qwen3-8B/snapshots/b968826d9c46dd6066d109eabc6255188de91218,1.0,1.0,2,4096,32768,Native 32K,native,NONE,"{""attention_backend"":""TRITON_ATTN"",""cuda_profiler_range"":false,""cudagraph_mode"":""NONE"",""disable_custom_all_reduce"":true,""dtype"":""bfloat16"",""enable_chunked_prefill"":true,""enable_prefix_caching"":true,""enforce_eager"":true,""engine_gpus"":1,""gpu_memory_utilization"":0.9,""isl"":4096,""kv_cache_dtype"":""auto"",""max_model_len"":40960,""max_num_batched_tokens"":65536,""max_num_seqs"":32,""measure_repeats"":1,""model"":""/lustre/fsw/coreai_dlalgo_llm/users/sna/hf_home/hub/models--Qwen--Qwen3-8B/snapshots/b968826d9c46dd6066d109eabc6255188de91218"",""moe_backend"":""auto"",""osl"":32768,""pipeline_parallel_size"":1,""pp"":1,""prompt_jsonl"":""/lustre/fsw/coreai_dlalgo_llm/users/sna/vllm-benchmark/data/swebench_verified_prompts_all.jsonl"",""prompt_offset"":0,""seed"":0,""temperature"":1.0,""tensor_parallel_size"":1,""top_p"":1.0,""total_gpus"":4,""tp"":1,""warmup_repeats"":1}",TRITON_ATTN,pard2,15.0,10.166460032969391,1611.5737382399966,6.924714100958259e-05,1.0010387071151436,2270792,partial,experiments/vllm_024_dynamicsd/report/20260704_vllm_native_completed/native32k/swe/pard2/matrix/pard2_t1p0/result.json,19.182750199385055,854.1006805439829,0.5299792744679175,0.5299792744679175,0.53x,0.53x
vllm_native,vLLM 0.24.0,"{""cuda_version"":""13.0"",""environment"":{""VLLM_ATTENTION_BACKEND"":null,""VLLM_USE_V2_MODEL_RUNNER"":""0""},""gpu_count"":4,""gpu_names"":[""NVIDIA GB200"",""NVIDIA GB200"",""NVIDIA GB200"",""NVIDIA GB200""],""platform"":""Linux-6.17.0-1021-nvidia-64k-aarch64-with-glibc2.39"",""python"":""3.12.3"",""torch_version"":""2.11.0+cu130"",""vllm_version"":""0.24.0""}",SWE,Qwen3-8B,/lustre/fsw/coreai_dlalgo_llm/users/sna/hf_home/hub/models--Qwen--Qwen3-8B/snapshots/b968826d9c46dd6066d109eabc6255188de91218,1.0,1.0,4,4096,32768,Native 32K,native,NONE,"{""attention_backend"":""TRITON_ATTN"",""cuda_profiler_range"":false,""cudagraph_mode"":""NONE"",""disable_custom_all_reduce"":true,""dtype"":""bfloat16"",""enable_chunked_prefill"":true,""enable_prefix_caching"":true,""enforce_eager"":true,""engine_gpus"":1,""gpu_memory_utilization"":0.9,""isl"":4096,""kv_cache_dtype"":""auto"",""max_model_len"":40960,""max_num_batched_tokens"":65536,""max_num_seqs"":32,""measure_repeats"":1,""model"":""/lustre/fsw/coreai_dlalgo_llm/users/sna/hf_home/hub/models--Qwen--Qwen3-8B/snapshots/b968826d9c46dd6066d109eabc6255188de91218"",""moe_backend"":""auto"",""osl"":32768,""pipeline_parallel_size"":1,""pp"":1,""prompt_jsonl"":""/lustre/fsw/coreai_dlalgo_llm/users/sna/vllm-benchmark/data/swebench_verified_prompts_all.jsonl"",""prompt_offset"":0,""seed"":0,""temperature"":1.0,""tensor_parallel_size"":1,""top_p"":1.0,""total_gpus"":4,""tp"":1,""warmup_repeats"":1}",TRITON_ATTN,pard2,15.0,19.973546445134247,1640.569945353025,5.7016606086522696e-05,1.0008552490912979,2270792,partial,experiments/vllm_024_dynamicsd/report/20260704_vllm_native_completed/native32k/swe/pard2/matrix/pard2_t1p0/result.json,38.28879895317604,855.811644550995,0.5216550790626836,0.5216550790626837,0.52x,0.52x
vllm_native,vLLM 0.24.0,"{""cuda_version"":""13.0"",""environment"":{""VLLM_ATTENTION_BACKEND"":null,""VLLM_USE_V2_MODEL_RUNNER"":""0""},""gpu_count"":4,""gpu_names"":[""NVIDIA GB200"",""NVIDIA GB200"",""NVIDIA GB200"",""NVIDIA GB200""],""platform"":""Linux-6.17.0-1021-nvidia-64k-aarch64-with-glibc2.39"",""python"":""3.12.3"",""torch_version"":""2.11.0+cu130"",""vllm_version"":""0.24.0""}",SWE,Qwen3-8B,/lustre/fsw/coreai_dlalgo_llm/users/sna/hf_home/hub/models--Qwen--Qwen3-8B/snapshots/b968826d9c46dd6066d109eabc6255188de91218,1.0,1.0,8,4096,32768,Native 32K,native,NONE,"{""attention_backend"":""TRITON_ATTN"",""cuda_profiler_range"":false,""cudagraph_mode"":""NONE"",""disable_custom_all_reduce"":true,""dtype"":""bfloat16"",""enable_chunked_prefill"":true,""enable_prefix_caching"":true,""enforce_eager"":true,""engine_gpus"":1,""gpu_memory_utilization"":0.9,""isl"":4096,""kv_cache_dtype"":""auto"",""max_model_len"":40960,""max_num_batched_tokens"":65536,""max_num_seqs"":32,""measure_repeats"":1,""model"":""/lustre/fsw/coreai_dlalgo_llm/users/sna/hf_home/hub/models--Qwen--Qwen3-8B/snapshots/b968826d9c46dd6066d109eabc6255188de91218"",""moe_backend"":""auto"",""osl"":32768,""pipeline_parallel_size"":1,""pp"":1,""prompt_jsonl"":""/lustre/fsw/coreai_dlalgo_llm/users/sna/vllm-benchmark/data/swebench_verified_prompts_all.jsonl"",""prompt_offset"":0,""seed"":0,""temperature"":1.0,""tensor_parallel_size"":1,""top_p"":1.0,""total_gpus"":4,""tp"":1,""warmup_repeats"":1}",TRITON_ATTN,pard2,15.0,37.37181831739648,1753.6208552499884,0.0003921673963845389,1.005882510945768,2270792,partial,experiments/vllm_024_dynamicsd/report/20260704_vllm_native_completed/native32k/swe/pard2/matrix/pard2_t1p0/result.json,75.82560831200878,864.2990337819792,0.4928653940185768,0.4928653940185768,0.49x,0.49x
vllm_native,vLLM 0.24.0,"{""cuda_version"":""13.0"",""environment"":{""VLLM_ATTENTION_BACKEND"":null,""VLLM_USE_V2_MODEL_RUNNER"":""0""},""gpu_count"":4,""gpu_names"":[""NVIDIA GB200"",""NVIDIA GB200"",""NVIDIA GB200"",""NVIDIA GB200""],""platform"":""Linux-6.17.0-1021-nvidia-64k-aarch64-with-glibc2.39"",""python"":""3.12.3"",""torch_version"":""2.11.0+cu130"",""vllm_version"":""0.24.0""}",SWE,Qwen3-8B,/lustre/fsw/coreai_dlalgo_llm/users/sna/hf_home/hub/models--Qwen--Qwen3-8B/snapshots/b968826d9c46dd6066d109eabc6255188de91218,1.0,1.0,16,4096,32768,Native 32K,native,NONE,"{""attention_backend"":""TRITON_ATTN"",""cuda_profiler_range"":false,""cudagraph_mode"":""NONE"",""disable_custom_all_reduce"":true,""dtype"":""bfloat16"",""enable_chunked_prefill"":true,""enable_prefix_caching"":true,""enforce_eager"":true,""engine_gpus"":1,""gpu_memory_utilization"":0.9,""isl"":4096,""kv_cache_dtype"":""auto"",""max_model_len"":40960,""max_num_batched_tokens"":65536,""max_num_seqs"":32,""measure_repeats"":1,""model"":""/lustre/fsw/coreai_dlalgo_llm/users/sna/hf_home/hub/models--Qwen--Qwen3-8B/snapshots/b968826d9c46dd6066d109eabc6255188de91218"",""moe_backend"":""auto"",""osl"":32768,""pipeline_parallel_size"":1,""pp"":1,""prompt_jsonl"":""/lustre/fsw/coreai_dlalgo_llm/users/sna/vllm-benchmark/data/swebench_verified_prompts_all.jsonl"",""prompt_offset"":0,""seed"":0,""temperature"":1.0,""tensor_parallel_size"":1,""top_p"":1.0,""total_gpus"":4,""tp"":1,""warmup_repeats"":1}",TRITON_ATTN,pard2,15.0,58.425502498833175,2243.4038971700356,0.0004034922419853251,1.00605238362978,2270792,partial,experiments/vllm_024_dynamicsd/report/20260704_vllm_native_completed/native32k/swe/pard2/matrix/pard2_t1p0/result.json,150.3009581988298,872.0636353269801,0.3887234199900667,0.3887234199900667,0.39x,0.39x
vllm_native,vLLM 0.24.0,"{""cuda_version"":""13.0"",""environment"":{""VLLM_ATTENTION_BACKEND"":null,""VLLM_USE_V2_MODEL_RUNNER"":""0""},""gpu_count"":4,""gpu_names"":[""NVIDIA GB200"",""NVIDIA GB200"",""NVIDIA GB200"",""NVIDIA GB200""],""platform"":""Linux-6.17.0-1021-nvidia-64k-aarch64-with-glibc2.39"",""python"":""3.12.3"",""torch_version"":""2.11.0+cu130"",""vllm_version"":""0.24.0""}",SWE,Qwen3-8B,/lustre/fsw/coreai_dlalgo_llm/users/sna/hf_home/hub/models--Qwen--Qwen3-8B/snapshots/b968826d9c46dd6066d109eabc6255188de91218,0.0,1.0,1,4096,32768,Native 32K,native,NONE,"{""attention_backend"":""TRITON_ATTN"",""cuda_profiler_range"":false,""cudagraph_mode"":""NONE"",""disable_custom_all_reduce"":true,""dtype"":""bfloat16"",""enable_chunked_prefill"":true,""enable_prefix_caching"":true,""enforce_eager"":true,""engine_gpus"":1,""gpu_memory_utilization"":0.9,""isl"":4096,""kv_cache_dtype"":""auto"",""max_model_len"":40960,""max_num_batched_tokens"":65536,""max_num_seqs"":32,""measure_repeats"":1,""model"":""/lustre/fsw/coreai_dlalgo_llm/users/sna/hf_home/hub/models--Qwen--Qwen3-8B/snapshots/b968826d9c46dd6066d109eabc6255188de91218"",""moe_backend"":""auto"",""osl"":32768,""pipeline_parallel_size"":1,""pp"":1,""prompt_jsonl"":""/lustre/fsw/coreai_dlalgo_llm/users/sna/vllm-benchmark/data/swebench_verified_prompts_all.jsonl"",""prompt_offset"":0,""seed"":0,""temperature"":0.0,""tensor_parallel_size"":1,""top_p"":1.0,""total_gpus"":4,""tp"":1,""warmup_repeats"":1}",TRITON_ATTN,suffix,32.0,101.59359270623551,80.63500641903374,0.9634138708062093,16.41462193289935,2270787,complete,experiments/vllm_024_dynamicsd/report/20260704_vllm_native_completed/native32k/swe/suffix/matrix/suffix_t0p0/result.json,9.200810782159143,890.3563168459805,11.041808717904605,11.041808717904603,11.04x,11.04x
vllm_native,vLLM 0.24.0,"{""cuda_version"":""13.0"",""environment"":{""VLLM_ATTENTION_BACKEND"":null,""VLLM_USE_V2_MODEL_RUNNER"":""0""},""gpu_count"":4,""gpu_names"":[""NVIDIA GB200"",""NVIDIA GB200"",""NVIDIA GB200"",""NVIDIA GB200""],""platform"":""Linux-6.17.0-1021-nvidia-64k-aarch64-with-glibc2.39"",""python"":""3.12.3"",""torch_version"":""2.11.0+cu130"",""vllm_version"":""0.24.0""}",SWE,Qwen3-8B,/lustre/fsw/coreai_dlalgo_llm/users/sna/hf_home/hub/models--Qwen--Qwen3-8B/snapshots/b968826d9c46dd6066d109eabc6255188de91218,0.0,1.0,2,4096,32768,Native 32K,native,NONE,"{""attention_backend"":""TRITON_ATTN"",""cuda_profiler_range"":false,""cudagraph_mode"":""NONE"",""disable_custom_all_reduce"":true,""dtype"":""bfloat16"",""enable_chunked_prefill"":true,""enable_prefix_caching"":true,""enforce_eager"":true,""engine_gpus"":1,""gpu_memory_utilization"":0.9,""isl"":4096,""kv_cache_dtype"":""auto"",""max_model_len"":40960,""max_num_batched_tokens"":65536,""max_num_seqs"":32,""measure_repeats"":1,""model"":""/lustre/fsw/coreai_dlalgo_llm/users/sna/hf_home/hub/models--Qwen--Qwen3-8B/snapshots/b968826d9c46dd6066d109eabc6255188de91218"",""moe_backend"":""auto"",""osl"":32768,""pipeline_parallel_size"":1,""pp"":1,""prompt_jsonl"":""/lustre/fsw/coreai_dlalgo_llm/users/sna/vllm-benchmark/data/swebench_verified_prompts_all.jsonl"",""prompt_offset"":0,""seed"":0,""temperature"":0.0,""tensor_parallel_size"":1,""top_p"":1.0,""total_gpus"":4,""tp"":1,""warmup_repeats"":1}",TRITON_ATTN,suffix,32.0,199.09626706096861,82.29184927401366,0.9802418071905823,16.682870959531687,2270787,complete,experiments/vllm_024_dynamicsd/report/20260704_vllm_native_completed/native32k/swe/suffix/matrix/suffix_t0p0/result.json,18.62319686297093,879.7630246059853,10.690767461994552,10.690767461994552,10.69x,10.69x
vllm_native,vLLM 0.24.0,"{""cuda_version"":""13.0"",""environment"":{""VLLM_ATTENTION_BACKEND"":null,""VLLM_USE_V2_MODEL_RUNNER"":""0""},""gpu_count"":4,""gpu_names"":[""NVIDIA GB200"",""NVIDIA GB200"",""NVIDIA GB200"",""NVIDIA GB200""],""platform"":""Linux-6.17.0-1021-nvidia-64k-aarch64-with-glibc2.39"",""python"":""3.12.3"",""torch_version"":""2.11.0+cu130"",""vllm_version"":""0.24.0""}",SWE,Qwen3-8B,/lustre/fsw/coreai_dlalgo_llm/users/sna/hf_home/hub/models--Qwen--Qwen3-8B/snapshots/b968826d9c46dd6066d109eabc6255188de91218,0.0,1.0,4,4096,32768,Native 32K,native,NONE,"{""attention_backend"":""TRITON_ATTN"",""cuda_profiler_range"":false,""cudagraph_mode"":""NONE"",""disable_custom_all_reduce"":true,""dtype"":""bfloat16"",""enable_chunked_prefill"":true,""enable_prefix_caching"":true,""enforce_eager"":true,""engine_gpus"":1,""gpu_memory_utilization"":0.9,""isl"":4096,""kv_cache_dtype"":""auto"",""max_model_len"":40960,""max_num_batched_tokens"":65536,""max_num_seqs"":32,""measure_repeats"":1,""model"":""/lustre/fsw/coreai_dlalgo_llm/users/sna/hf_home/hub/models--Qwen--Qwen3-8B/snapshots/b968826d9c46dd6066d109eabc6255188de91218"",""moe_backend"":""auto"",""osl"":32768,""pipeline_parallel_size"":1,""pp"":1,""prompt_jsonl"":""/lustre/fsw/coreai_dlalgo_llm/users/sna/vllm-benchmark/data/swebench_verified_prompts_all.jsonl"",""prompt_offset"":0,""seed"":0,""temperature"":0.0,""tensor_parallel_size"":1,""top_p"":1.0,""total_gpus"":4,""tp"":1,""warmup_repeats"":1}",TRITON_ATTN,suffix,32.0,378.9196409046453,86.4774386510253,0.9880191053196775,16.80602564102564,2270787,complete,experiments/vllm_024_dynamicsd/report/20260704_vllm_native_completed/native32k/swe/suffix/matrix/suffix_t0p0/result.json,37.200706649847035,880.8434825830045,10.18581836284025,10.185818362840248,10.19x,10.19x
vllm_native,vLLM 0.24.0,"{""cuda_version"":""13.0"",""environment"":{""VLLM_ATTENTION_BACKEND"":null,""VLLM_USE_V2_MODEL_RUNNER"":""0""},""gpu_count"":4,""gpu_names"":[""NVIDIA GB200"",""NVIDIA GB200"",""NVIDIA GB200"",""NVIDIA GB200""],""platform"":""Linux-6.17.0-1021-nvidia-64k-aarch64-with-glibc2.39"",""python"":""3.12.3"",""torch_version"":""2.11.0+cu130"",""vllm_version"":""0.24.0""}",SWE,Qwen3-8B,/lustre/fsw/coreai_dlalgo_llm/users/sna/hf_home/hub/models--Qwen--Qwen3-8B/snapshots/b968826d9c46dd6066d109eabc6255188de91218,0.0,1.0,8,4096,32768,Native 32K,native,NONE,"{""attention_backend"":""TRITON_ATTN"",""cuda_profiler_range"":false,""cudagraph_mode"":""NONE"",""disable_custom_all_reduce"":true,""dtype"":""bfloat16"",""enable_chunked_prefill"":true,""enable_prefix_caching"":true,""enforce_eager"":true,""engine_gpus"":1,""gpu_memory_utilization"":0.9,""isl"":4096,""kv_cache_dtype"":""auto"",""max_model_len"":40960,""max_num_batched_tokens"":65536,""max_num_seqs"":32,""measure_repeats"":1,""model"":""/lustre/fsw/coreai_dlalgo_llm/users/sna/hf_home/hub/models--Qwen--Qwen3-8B/snapshots/b968826d9c46dd6066d109eabc6255188de91218"",""moe_backend"":""auto"",""osl"":32768,""pipeline_parallel_size"":1,""pp"":1,""prompt_jsonl"":""/lustre/fsw/coreai_dlalgo_llm/users/sna/vllm-benchmark/data/swebench_verified_prompts_all.jsonl"",""prompt_offset"":0,""seed"":0,""temperature"":0.0,""tensor_parallel_size"":1,""top_p"":1.0,""total_gpus"":4,""tp"":1,""warmup_repeats"":1}",TRITON_ATTN,suffix,32.0,693.758589542458,94.46513670298737,0.9900774608579723,16.760547174635644,2270787,complete,experiments/vllm_024_dynamicsd/report/20260704_vllm_native_completed/native32k/swe/suffix/matrix/suffix_t0p0/result.json,73.93854687971597,886.3576952170115,9.382908088132595,9.382908088132597,9.38x,9.38x
vllm_native,vLLM 0.24.0,"{""cuda_version"":""13.0"",""environment"":{""VLLM_ATTENTION_BACKEND"":null,""VLLM_USE_V2_MODEL_RUNNER"":""0""},""gpu_count"":4,""gpu_names"":[""NVIDIA GB200"",""NVIDIA GB200"",""NVIDIA GB200"",""NVIDIA GB200""],""platform"":""Linux-6.17.0-1021-nvidia-64k-aarch64-with-glibc2.39"",""python"":""3.12.3"",""torch_version"":""2.11.0+cu130"",""vllm_version"":""0.24.0""}",SWE,Qwen3-8B,/lustre/fsw/coreai_dlalgo_llm/users/sna/hf_home/hub/models--Qwen--Qwen3-8B/snapshots/b968826d9c46dd6066d109eabc6255188de91218,0.0,1.0,16,4096,32768,Native 32K,native,NONE,"{""attention_backend"":""TRITON_ATTN"",""cuda_profiler_range"":false,""cudagraph_mode"":""NONE"",""disable_custom_all_reduce"":true,""dtype"":""bfloat16"",""enable_chunked_prefill"":true,""enable_prefix_caching"":true,""enforce_eager"":true,""engine_gpus"":1,""gpu_memory_utilization"":0.9,""isl"":4096,""kv_cache_dtype"":""auto"",""max_model_len"":40960,""max_num_batched_tokens"":65536,""max_num_seqs"":32,""measure_repeats"":1,""model"":""/lustre/fsw/coreai_dlalgo_llm/users/sna/hf_home/hub/models--Qwen--Qwen3-8B/snapshots/b968826d9c46dd6066d109eabc6255188de91218"",""moe_backend"":""auto"",""osl"":32768,""pipeline_parallel_size"":1,""pp"":1,""prompt_jsonl"":""/lustre/fsw/coreai_dlalgo_llm/users/sna/vllm-benchmark/data/swebench_verified_prompts_all.jsonl"",""prompt_offset"":0,""seed"":0,""temperature"":0.0,""tensor_parallel_size"":1,""top_p"":1.0,""total_gpus"":4,""tp"":1,""warmup_repeats"":1}",TRITON_ATTN,suffix,32.0,921.1074917413105,142.2982672220096,0.9832165348360165,16.557004388595963,2270787,complete,experiments/vllm_024_dynamicsd/report/20260704_vllm_native_completed/native32k/swe/suffix/matrix/suffix_t0p0/result.json,148.1062769163946,884.9861243490013,6.219233316230561,6.219233316230561,6.22x,6.22x
vllm_native,vLLM 0.24.0,"{""cuda_version"":""13.0"",""environment"":{""VLLM_ATTENTION_BACKEND"":null,""VLLM_USE_V2_MODEL_RUNNER"":""0""},""gpu_count"":4,""gpu_names"":[""NVIDIA GB200"",""NVIDIA GB200"",""NVIDIA GB200"",""NVIDIA GB200""],""platform"":""Linux-6.17.0-1021-nvidia-64k-aarch64-with-glibc2.39"",""python"":""3.12.3"",""torch_version"":""2.11.0+cu130"",""vllm_version"":""0.24.0""}",SWE,Qwen3-8B,/lustre/fsw/coreai_dlalgo_llm/users/sna/hf_home/hub/models--Qwen--Qwen3-8B/snapshots/b968826d9c46dd6066d109eabc6255188de91218,0.0,1.0,32,4096,32768,Native 32K,native,NONE,"{""attention_backend"":""TRITON_ATTN"",""cuda_profiler_range"":false,""cudagraph_mode"":""NONE"",""disable_custom_all_reduce"":true,""dtype"":""bfloat16"",""enable_chunked_prefill"":true,""enable_prefix_caching"":true,""enforce_eager"":true,""engine_gpus"":1,""gpu_memory_utilization"":0.9,""isl"":4096,""kv_cache_dtype"":""auto"",""max_model_len"":40960,""max_num_batched_tokens"":65536,""max_num_seqs"":32,""measure_repeats"":1,""model"":""/lustre/fsw/coreai_dlalgo_llm/users/sna/hf_home/hub/models--Qwen--Qwen3-8B/snapshots/b968826d9c46dd6066d109eabc6255188de91218"",""moe_backend"":""auto"",""osl"":32768,""pipeline_parallel_size"":1,""pp"":1,""prompt_jsonl"":""/lustre/fsw/coreai_dlalgo_llm/users/sna/vllm-benchmark/data/swebench_verified_prompts_all.jsonl"",""prompt_offset"":0,""seed"":0,""temperature"":0.0,""tensor_parallel_size"":1,""top_p"":1.0,""total_gpus"":4,""tp"":1,""warmup_repeats"":1}",TRITON_ATTN,suffix,32.0,1039.8333918307299,252.1019252309925,0.9893738913369774,16.733123793417043,2270787,complete,experiments/vllm_024_dynamicsd/report/20260704_vllm_native_completed/native32k/swe/suffix/matrix/suffix_t0p0/result.json,169.18941707678965,1549.4113315670402,6.145971833207409,6.145971833207409,6.15x,6.15x
vllm_native,vLLM 0.24.0,"{""cuda_version"":""13.0"",""environment"":{""VLLM_ATTENTION_BACKEND"":null,""VLLM_USE_V2_MODEL_RUNNER"":""0""},""gpu_count"":4,""gpu_names"":[""NVIDIA GB200"",""NVIDIA GB200"",""NVIDIA GB200"",""NVIDIA GB200""],""platform"":""Linux-6.17.0-1021-nvidia-64k-aarch64-with-glibc2.39"",""python"":""3.12.3"",""torch_version"":""2.11.0+cu130"",""vllm_version"":""0.24.0""}",SWE,Qwen3-8B,/lustre/fsw/coreai_dlalgo_llm/users/sna/hf_home/hub/models--Qwen--Qwen3-8B/snapshots/b968826d9c46dd6066d109eabc6255188de91218,1.0,1.0,1,4096,32768,Native 32K,native,NONE,"{""attention_backend"":""TRITON_ATTN"",""cuda_profiler_range"":false,""cudagraph_mode"":""NONE"",""disable_custom_all_reduce"":true,""dtype"":""bfloat16"",""enable_chunked_prefill"":true,""enable_prefix_caching"":true,""enforce_eager"":true,""engine_gpus"":1,""gpu_memory_utilization"":0.9,""isl"":4096,""kv_cache_dtype"":""auto"",""max_model_len"":40960,""max_num_batched_tokens"":65536,""max_num_seqs"":32,""measure_repeats"":1,""model"":""/lustre/fsw/coreai_dlalgo_llm/users/sna/hf_home/hub/models--Qwen--Qwen3-8B/snapshots/b968826d9c46dd6066d109eabc6255188de91218"",""moe_backend"":""auto"",""osl"":32768,""pipeline_parallel_size"":1,""pp"":1,""prompt_jsonl"":""/lustre/fsw/coreai_dlalgo_llm/users/sna/vllm-benchmark/data/swebench_verified_prompts_all.jsonl"",""prompt_offset"":0,""seed"":0,""temperature"":1.0,""tensor_parallel_size"":1,""top_p"":1.0,""total_gpus"":4,""tp"":1,""warmup_repeats"":1}",TRITON_ATTN,suffix,32.0,50.40580155246619,162.52097472298192,0.8166613800859309,7.917684416218857,2270788,complete,experiments/vllm_024_dynamicsd/report/20260704_vllm_native_completed/native32k/swe/suffix/matrix/suffix_t1p0/result.json,9.491578127489753,863.0809218410286,5.310581746830867,5.310581746830867,5.31x,5.31x
vllm_native,vLLM 0.24.0,"{""cuda_version"":""13.0"",""environment"":{""VLLM_ATTENTION_BACKEND"":null,""VLLM_USE_V2_MODEL_RUNNER"":""0""},""gpu_count"":4,""gpu_names"":[""NVIDIA GB200"",""NVIDIA GB200"",""NVIDIA GB200"",""NVIDIA GB200""],""platform"":""Linux-6.17.0-1021-nvidia-64k-aarch64-with-glibc2.39"",""python"":""3.12.3"",""torch_version"":""2.11.0+cu130"",""vllm_version"":""0.24.0""}",SWE,Qwen3-8B,/lustre/fsw/coreai_dlalgo_llm/users/sna/hf_home/hub/models--Qwen--Qwen3-8B/snapshots/b968826d9c46dd6066d109eabc6255188de91218,1.0,1.0,2,4096,32768,Native 32K,native,NONE,"{""attention_backend"":""TRITON_ATTN"",""cuda_profiler_range"":false,""cudagraph_mode"":""NONE"",""disable_custom_all_reduce"":true,""dtype"":""bfloat16"",""enable_chunked_prefill"":true,""enable_prefix_caching"":true,""enforce_eager"":true,""engine_gpus"":1,""gpu_memory_utilization"":0.9,""isl"":4096,""kv_cache_dtype"":""auto"",""max_model_len"":40960,""max_num_batched_tokens"":65536,""max_num_seqs"":32,""measure_repeats"":1,""model"":""/lustre/fsw/coreai_dlalgo_llm/users/sna/hf_home/hub/models--Qwen--Qwen3-8B/snapshots/b968826d9c46dd6066d109eabc6255188de91218"",""moe_backend"":""auto"",""osl"":32768,""pipeline_parallel_size"":1,""pp"":1,""prompt_jsonl"":""/lustre/fsw/coreai_dlalgo_llm/users/sna/vllm-benchmark/data/swebench_verified_prompts_all.jsonl"",""prompt_offset"":0,""seed"":0,""temperature"":1.0,""tensor_parallel_size"":1,""top_p"":1.0,""total_gpus"":4,""tp"":1,""warmup_repeats"":1}",TRITON_ATTN,suffix,32.0,183.00015342898035,89.52997958200285,0.9749360288625057,15.706784943658596,2270788,complete,experiments/vllm_024_dynamicsd/report/20260704_vllm_native_completed/native32k/swe/suffix/matrix/suffix_t1p0/result.json,19.182750199385055,854.1006805439829,9.539828831991297,9.539828831991297,9.54x,9.54x
vllm_native,vLLM 0.24.0,"{""cuda_version"":""13.0"",""environment"":{""VLLM_ATTENTION_BACKEND"":null,""VLLM_USE_V2_MODEL_RUNNER"":""0""},""gpu_count"":4,""gpu_names"":[""NVIDIA GB200"",""NVIDIA GB200"",""NVIDIA GB200"",""NVIDIA GB200""],""platform"":""Linux-6.17.0-1021-nvidia-64k-aarch64-with-glibc2.39"",""python"":""3.12.3"",""torch_version"":""2.11.0+cu130"",""vllm_version"":""0.24.0""}",SWE,Qwen3-8B,/lustre/fsw/coreai_dlalgo_llm/users/sna/hf_home/hub/models--Qwen--Qwen3-8B/snapshots/b968826d9c46dd6066d109eabc6255188de91218,1.0,1.0,4,4096,32768,Native 32K,native,NONE,"{""attention_backend"":""TRITON_ATTN"",""cuda_profiler_range"":false,""cudagraph_mode"":""NONE"",""disable_custom_all_reduce"":true,""dtype"":""bfloat16"",""enable_chunked_prefill"":true,""enable_prefix_caching"":true,""enforce_eager"":true,""engine_gpus"":1,""gpu_memory_utilization"":0.9,""isl"":4096,""kv_cache_dtype"":""auto"",""max_model_len"":40960,""max_num_batched_tokens"":65536,""max_num_seqs"":32,""measure_repeats"":1,""model"":""/lustre/fsw/coreai_dlalgo_llm/users/sna/hf_home/hub/models--Qwen--Qwen3-8B/snapshots/b968826d9c46dd6066d109eabc6255188de91218"",""moe_backend"":""auto"",""osl"":32768,""pipeline_parallel_size"":1,""pp"":1,""prompt_jsonl"":""/lustre/fsw/coreai_dlalgo_llm/users/sna/vllm-benchmark/data/swebench_verified_prompts_all.jsonl"",""prompt_offset"":0,""seed"":0,""temperature"":1.0,""tensor_parallel_size"":1,""top_p"":1.0,""total_gpus"":4,""tp"":1,""warmup_repeats"":1}",TRITON_ATTN,suffix,32.0,169.890236128751,192.87747634400148,0.9310312797529201,12.34600509385907,2270788,complete,experiments/vllm_024_dynamicsd/report/20260704_vllm_native_completed/native32k/swe/suffix/matrix/suffix_t1p0/result.json,38.28879895317604,855.811644550995,4.437074047073463,4.437074047073464,4.44x,4.44x
vllm_native,vLLM 0.24.0,"{""cuda_version"":""13.0"",""environment"":{""VLLM_ATTENTION_BACKEND"":null,""VLLM_USE_V2_MODEL_RUNNER"":""0""},""gpu_count"":4,""gpu_names"":[""NVIDIA GB200"",""NVIDIA GB200"",""NVIDIA GB200"",""NVIDIA GB200""],""platform"":""Linux-6.17.0-1021-nvidia-64k-aarch64-with-glibc2.39"",""python"":""3.12.3"",""torch_version"":""2.11.0+cu130"",""vllm_version"":""0.24.0""}",SWE,Qwen3-8B,/lustre/fsw/coreai_dlalgo_llm/users/sna/hf_home/hub/models--Qwen--Qwen3-8B/snapshots/b968826d9c46dd6066d109eabc6255188de91218,1.0,1.0,8,4096,32768,Native 32K,native,NONE,"{""attention_backend"":""TRITON_ATTN"",""cuda_profiler_range"":false,""cudagraph_mode"":""NONE"",""disable_custom_all_reduce"":true,""dtype"":""bfloat16"",""enable_chunked_prefill"":true,""enable_prefix_caching"":true,""enforce_eager"":true,""engine_gpus"":1,""gpu_memory_utilization"":0.9,""isl"":4096,""kv_cache_dtype"":""auto"",""max_model_len"":40960,""max_num_batched_tokens"":65536,""max_num_seqs"":32,""measure_repeats"":1,""model"":""/lustre/fsw/coreai_dlalgo_llm/users/sna/hf_home/hub/models--Qwen--Qwen3-8B/snapshots/b968826d9c46dd6066d109eabc6255188de91218"",""moe_backend"":""auto"",""osl"":32768,""pipeline_parallel_size"":1,""pp"":1,""prompt_jsonl"":""/lustre/fsw/coreai_dlalgo_llm/users/sna/vllm-benchmark/data/swebench_verified_prompts_all.jsonl"",""prompt_offset"":0,""seed"":0,""temperature"":1.0,""tensor_parallel_size"":1,""top_p"":1.0,""total_gpus"":4,""tp"":1,""warmup_repeats"":1}",TRITON_ATTN,suffix,32.0,362.65915835516137,180.7096235959907,0.9607827662000955,14.108867711193668,2270788,complete,experiments/vllm_024_dynamicsd/report/20260704_vllm_native_completed/native32k/swe/suffix/matrix/suffix_t1p0/result.json,75.82560831200878,864.2990337819792,4.78280578855212,4.78280578855212,4.78x,4.78x
vllm_native,vLLM 0.24.0,"{""cuda_version"":""13.0"",""environment"":{""VLLM_ATTENTION_BACKEND"":null,""VLLM_USE_V2_MODEL_RUNNER"":""0""},""gpu_count"":4,""gpu_names"":[""NVIDIA GB200"",""NVIDIA GB200"",""NVIDIA GB200"",""NVIDIA GB200""],""platform"":""Linux-6.17.0-1021-nvidia-64k-aarch64-with-glibc2.39"",""python"":""3.12.3"",""torch_version"":""2.11.0+cu130"",""vllm_version"":""0.24.0""}",SWE,Qwen3-8B,/lustre/fsw/coreai_dlalgo_llm/users/sna/hf_home/hub/models--Qwen--Qwen3-8B/snapshots/b968826d9c46dd6066d109eabc6255188de91218,1.0,1.0,16,4096,32768,Native 32K,native,NONE,"{""attention_backend"":""TRITON_ATTN"",""cuda_profiler_range"":false,""cudagraph_mode"":""NONE"",""disable_custom_all_reduce"":true,""dtype"":""bfloat16"",""enable_chunked_prefill"":true,""enable_prefix_caching"":true,""enforce_eager"":true,""engine_gpus"":1,""gpu_memory_utilization"":0.9,""isl"":4096,""kv_cache_dtype"":""auto"",""max_model_len"":40960,""max_num_batched_tokens"":65536,""max_num_seqs"":32,""measure_repeats"":1,""model"":""/lustre/fsw/coreai_dlalgo_llm/users/sna/hf_home/hub/models--Qwen--Qwen3-8B/snapshots/b968826d9c46dd6066d109eabc6255188de91218"",""moe_backend"":""auto"",""osl"":32768,""pipeline_parallel_size"":1,""pp"":1,""prompt_jsonl"":""/lustre/fsw/coreai_dlalgo_llm/users/sna/vllm-benchmark/data/swebench_verified_prompts_all.jsonl"",""prompt_offset"":0,""seed"":0,""temperature"":1.0,""tensor_parallel_size"":1,""top_p"":1.0,""total_gpus"":4,""tp"":1,""warmup_repeats"":1}",TRITON_ATTN,suffix,32.0,437.122922337954,299.85158247698564,0.9393267326732673,13.807032793362307,2270788,complete,experiments/vllm_024_dynamicsd/report/20260704_vllm_native_completed/native32k/swe/suffix/matrix/suffix_t1p0/result.json,150.3009581988298,872.0636353269801,2.9083176020720627,2.9083176020720627,2.91x,2.91x
vllm_native,vLLM 0.24.0,"{""cuda_version"":""13.0"",""environment"":{""VLLM_ATTENTION_BACKEND"":null,""VLLM_USE_V2_MODEL_RUNNER"":""0""},""gpu_count"":4,""gpu_names"":[""NVIDIA GB200"",""NVIDIA GB200"",""NVIDIA GB200"",""NVIDIA GB200""],""platform"":""Linux-6.17.0-1021-nvidia-64k-aarch64-with-glibc2.39"",""python"":""3.12.3"",""torch_version"":""2.11.0+cu130"",""vllm_version"":""0.24.0""}",SWE,Qwen3-8B,/lustre/fsw/coreai_dlalgo_llm/users/sna/hf_home/hub/models--Qwen--Qwen3-8B/snapshots/b968826d9c46dd6066d109eabc6255188de91218,1.0,1.0,32,4096,32768,Native 32K,native,NONE,"{""attention_backend"":""TRITON_ATTN"",""cuda_profiler_range"":false,""cudagraph_mode"":""NONE"",""disable_custom_all_reduce"":true,""dtype"":""bfloat16"",""enable_chunked_prefill"":true,""enable_prefix_caching"":true,""enforce_eager"":true,""engine_gpus"":1,""gpu_memory_utilization"":0.9,""isl"":4096,""kv_cache_dtype"":""auto"",""max_model_len"":40960,""max_num_batched_tokens"":65536,""max_num_seqs"":32,""measure_repeats"":1,""model"":""/lustre/fsw/coreai_dlalgo_llm/users/sna/hf_home/hub/models--Qwen--Qwen3-8B/snapshots/b968826d9c46dd6066d109eabc6255188de91218"",""moe_backend"":""auto"",""osl"":32768,""pipeline_parallel_size"":1,""pp"":1,""prompt_jsonl"":""/lustre/fsw/coreai_dlalgo_llm/users/sna/vllm-benchmark/data/swebench_verified_prompts_all.jsonl"",""prompt_offset"":0,""seed"":0,""temperature"":1.0,""tensor_parallel_size"":1,""top_p"":1.0,""total_gpus"":4,""tp"":1,""warmup_repeats"":1}",TRITON_ATTN,suffix,32.0,744.5377514971566,352.0896011959994,0.9409413949017305,13.545698855267577,2270788,complete,experiments/vllm_024_dynamicsd/report/20260704_vllm_native_completed/native32k/swe/suffix/matrix/suffix_t1p0/result.json,168.59369575731418,1554.8861351099913,4.416166026568973,4.416166026568973,4.42x,4.42x
vllm_native,vLLM 0.24.0,"{""cuda_version"":""13.0"",""environment"":{""VLLM_ATTENTION_BACKEND"":null,""VLLM_USE_V2_MODEL_RUNNER"":""0""},""gpu_count"":4,""gpu_names"":[""NVIDIA GB200"",""NVIDIA GB200"",""NVIDIA GB200"",""NVIDIA GB200""],""platform"":""Linux-6.17.0-1021-nvidia-64k-aarch64-with-glibc2.39"",""python"":""3.12.3"",""torch_version"":""2.11.0+cu130"",""vllm_version"":""0.24.0""}",Math,Qwen3-8B,/lustre/fsw/coreai_dlalgo_llm/users/sna/vllm024-dynamicsd/long-context-models/yarn4/qwen3-8b,0.0,1.0,1,4096,126976,YaRN total-128K,yarn4,NONE,"{""attention_backend"":""TRITON_ATTN"",""cuda_profiler_range"":false,""cudagraph_mode"":""NONE"",""disable_custom_all_reduce"":true,""dtype"":""bfloat16"",""enable_chunked_prefill"":true,""enable_prefix_caching"":true,""enforce_eager"":true,""engine_gpus"":1,""gpu_memory_utilization"":0.9,""isl"":4096,""kv_cache_dtype"":""auto"",""max_model_len"":131072,""max_num_batched_tokens"":131072,""max_num_seqs"":1,""measure_repeats"":1,""model"":""/lustre/fsw/coreai_dlalgo_llm/users/sna/vllm024-dynamicsd/long-context-models/yarn4/qwen3-8b"",""moe_backend"":""auto"",""osl"":126976,""pipeline_parallel_size"":1,""pp"":1,""prompt_jsonl"":""/lustre/fsw/coreai_dlalgo_llm/users/sna/vllm024-dynamicsd/datasets/math_500_data_prompts_qmath_20260617.jsonl"",""prompt_offset"":0,""seed"":0,""temperature"":0.0,""tensor_parallel_size"":1,""top_p"":1.0,""total_gpus"":4,""tp"":1,""warmup_repeats"":0}",TRITON_ATTN,baseline,,9.172212265780027,3460.888069329958,,,2271280,complete,experiments/vllm_024_dynamicsd/report/20260704_vllm_native_completed/yarn128k/math/baseline/matrix/baseline_t0p0/result.json,9.172212265780027,3460.888069329958,1.0,1.0,1.00x,1.00x
vllm_native,vLLM 0.24.0,"{""cuda_version"":""13.0"",""environment"":{""VLLM_ATTENTION_BACKEND"":null,""VLLM_USE_V2_MODEL_RUNNER"":""0""},""gpu_count"":4,""gpu_names"":[""NVIDIA GB200"",""NVIDIA GB200"",""NVIDIA GB200"",""NVIDIA GB200""],""platform"":""Linux-6.17.0-1021-nvidia-64k-aarch64-with-glibc2.39"",""python"":""3.12.3"",""torch_version"":""2.11.0+cu130"",""vllm_version"":""0.24.0""}",Math,Qwen3-8B,/lustre/fsw/coreai_dlalgo_llm/users/sna/vllm024-dynamicsd/long-context-models/yarn4/qwen3-8b,1.0,1.0,1,4096,126976,YaRN total-128K,yarn4,NONE,"{""attention_backend"":""TRITON_ATTN"",""cuda_profiler_range"":false,""cudagraph_mode"":""NONE"",""disable_custom_all_reduce"":true,""dtype"":""bfloat16"",""enable_chunked_prefill"":true,""enable_prefix_caching"":true,""enforce_eager"":true,""engine_gpus"":1,""gpu_memory_utilization"":0.9,""isl"":4096,""kv_cache_dtype"":""auto"",""max_model_len"":131072,""max_num_batched_tokens"":131072,""max_num_seqs"":1,""measure_repeats"":1,""model"":""/lustre/fsw/coreai_dlalgo_llm/users/sna/vllm024-dynamicsd/long-context-models/yarn4/qwen3-8b"",""moe_backend"":""auto"",""osl"":126976,""pipeline_parallel_size"":1,""pp"":1,""prompt_jsonl"":""/lustre/fsw/coreai_dlalgo_llm/users/sna/vllm024-dynamicsd/datasets/math_500_data_prompts_qmath_20260617.jsonl"",""prompt_offset"":0,""seed"":0,""temperature"":1.0,""tensor_parallel_size"":1,""top_p"":1.0,""total_gpus"":4,""tp"":1,""warmup_repeats"":0}",TRITON_ATTN,baseline,,9.427836482911268,3367.050336260989,,,2271281,complete,experiments/vllm_024_dynamicsd/report/20260704_vllm_native_completed/yarn128k/math/baseline/matrix/baseline_t1p0/result.json,9.427836482911268,3367.050336260989,1.0,1.0,1.00x,1.00x
vllm_native,vLLM 0.24.0,"{""cuda_version"":""13.0"",""environment"":{""VLLM_ATTENTION_BACKEND"":null,""VLLM_USE_V2_MODEL_RUNNER"":""0""},""gpu_count"":4,""gpu_names"":[""NVIDIA GB200"",""NVIDIA GB200"",""NVIDIA GB200"",""NVIDIA GB200""],""platform"":""Linux-6.17.0-1021-nvidia-64k-aarch64-with-glibc2.39"",""python"":""3.12.3"",""torch_version"":""2.11.0+cu130"",""vllm_version"":""0.24.0""}",Math,Qwen3-8B,/lustre/fsw/coreai_dlalgo_llm/users/sna/vllm024-dynamicsd/long-context-models/yarn4/qwen3-8b,0.0,1.0,1,4096,126976,YaRN total-128K,yarn4,NONE,"{""attention_backend"":""TRITON_ATTN"",""cuda_profiler_range"":false,""cudagraph_mode"":""NONE"",""disable_custom_all_reduce"":true,""dtype"":""bfloat16"",""enable_chunked_prefill"":true,""enable_prefix_caching"":true,""enforce_eager"":true,""engine_gpus"":1,""gpu_memory_utilization"":0.9,""isl"":4096,""kv_cache_dtype"":""auto"",""max_model_len"":131072,""max_num_batched_tokens"":131072,""max_num_seqs"":1,""measure_repeats"":1,""model"":""/lustre/fsw/coreai_dlalgo_llm/users/sna/vllm024-dynamicsd/long-context-models/yarn4/qwen3-8b"",""moe_backend"":""auto"",""osl"":126976,""pipeline_parallel_size"":1,""pp"":1,""prompt_jsonl"":""/lustre/fsw/coreai_dlalgo_llm/users/sna/vllm024-dynamicsd/datasets/math_500_data_prompts_qmath_20260617.jsonl"",""prompt_offset"":0,""seed"":0,""temperature"":0.0,""tensor_parallel_size"":1,""top_p"":1.0,""total_gpus"":4,""tp"":1,""warmup_repeats"":0}",TRITON_ATTN,dflash,15.0,13.344680228988699,2378.7756210929947,0.41030900723208413,7.149783208513993,2271288,complete,experiments/vllm_024_dynamicsd/report/20260704_vllm_native_completed/yarn128k/math/dflash/matrix/dflash_t0p0/result.json,9.172212265780027,3460.888069329958,1.4549031184957901,1.4549031184957901,1.45x,1.45x
vllm_native,vLLM 0.24.0,"{""cuda_version"":""13.0"",""environment"":{""VLLM_ATTENTION_BACKEND"":null,""VLLM_USE_V2_MODEL_RUNNER"":""0""},""gpu_count"":4,""gpu_names"":[""NVIDIA GB200"",""NVIDIA GB200"",""NVIDIA GB200"",""NVIDIA GB200""],""platform"":""Linux-6.17.0-1021-nvidia-64k-aarch64-with-glibc2.39"",""python"":""3.12.3"",""torch_version"":""2.11.0+cu130"",""vllm_version"":""0.24.0""}",Math,Qwen3-8B,/lustre/fsw/coreai_dlalgo_llm/users/sna/vllm024-dynamicsd/long-context-models/yarn4/qwen3-8b,1.0,1.0,1,4096,126976,YaRN total-128K,yarn4,NONE,"{""attention_backend"":""TRITON_ATTN"",""cuda_profiler_range"":false,""cudagraph_mode"":""NONE"",""disable_custom_all_reduce"":true,""dtype"":""bfloat16"",""enable_chunked_prefill"":true,""enable_prefix_caching"":true,""enforce_eager"":true,""engine_gpus"":1,""gpu_memory_utilization"":0.9,""isl"":4096,""kv_cache_dtype"":""auto"",""max_model_len"":131072,""max_num_batched_tokens"":131072,""max_num_seqs"":1,""measure_repeats"":1,""model"":""/lustre/fsw/coreai_dlalgo_llm/users/sna/vllm024-dynamicsd/long-context-models/yarn4/qwen3-8b"",""moe_backend"":""auto"",""osl"":126976,""pipeline_parallel_size"":1,""pp"":1,""prompt_jsonl"":""/lustre/fsw/coreai_dlalgo_llm/users/sna/vllm024-dynamicsd/datasets/math_500_data_prompts_qmath_20260617.jsonl"",""prompt_offset"":0,""seed"":0,""temperature"":1.0,""tensor_parallel_size"":1,""top_p"":1.0,""total_gpus"":4,""tp"":1,""warmup_repeats"":0}",TRITON_ATTN,dflash,15.0,7.67590219773609,4135.539925112971,0.19895182802447828,3.9829668433765173,2271289,complete,experiments/vllm_024_dynamicsd/report/20260704_vllm_native_completed/yarn128k/math/dflash/matrix/dflash_t1p0/result.json,9.427836482911268,3367.050336260989,0.8141743030491988,0.8141743030491988,0.81x,0.81x
vllm_native,vLLM 0.24.0,"{""cuda_version"":""13.0"",""environment"":{""VLLM_ATTENTION_BACKEND"":null,""VLLM_USE_V2_MODEL_RUNNER"":""0""},""gpu_count"":4,""gpu_names"":[""NVIDIA GB200"",""NVIDIA GB200"",""NVIDIA GB200"",""NVIDIA GB200""],""platform"":""Linux-6.17.0-1021-nvidia-64k-aarch64-with-glibc2.39"",""python"":""3.12.3"",""torch_version"":""2.11.0+cu130"",""vllm_version"":""0.24.0""}",Math,Qwen3-8B,/lustre/fsw/coreai_dlalgo_llm/users/sna/vllm024-dynamicsd/long-context-models/yarn4/qwen3-8b,0.0,1.0,1,4096,126976,YaRN total-128K,yarn4,NONE,"{""attention_backend"":""TRITON_ATTN"",""cuda_profiler_range"":false,""cudagraph_mode"":""NONE"",""disable_custom_all_reduce"":true,""dtype"":""bfloat16"",""enable_chunked_prefill"":true,""enable_prefix_caching"":true,""enforce_eager"":true,""engine_gpus"":1,""gpu_memory_utilization"":0.9,""isl"":4096,""kv_cache_dtype"":""auto"",""max_model_len"":131072,""max_num_batched_tokens"":131072,""max_num_seqs"":1,""measure_repeats"":1,""model"":""/lustre/fsw/coreai_dlalgo_llm/users/sna/vllm024-dynamicsd/long-context-models/yarn4/qwen3-8b"",""moe_backend"":""auto"",""osl"":126976,""pipeline_parallel_size"":1,""pp"":1,""prompt_jsonl"":""/lustre/fsw/coreai_dlalgo_llm/users/sna/vllm024-dynamicsd/datasets/math_500_data_prompts_qmath_20260617.jsonl"",""prompt_offset"":0,""seed"":0,""temperature"":0.0,""tensor_parallel_size"":1,""top_p"":1.0,""total_gpus"":4,""tp"":1,""warmup_repeats"":0}",TRITON_ATTN,pard,12.0,3.797258911861258,8359.714398415992,0.07509963788460723,1.9011214421536482,2271284,complete,experiments/vllm_024_dynamicsd/report/20260704_vllm_native_completed/yarn128k/math/pard/matrix/pard_t0p0/result.json,9.172212265780027,3460.888069329958,0.41399596976491576,0.41399596976491576,0.41x,0.41x
vllm_native,vLLM 0.24.0,"{""cuda_version"":""13.0"",""environment"":{""VLLM_ATTENTION_BACKEND"":null,""VLLM_USE_V2_MODEL_RUNNER"":""0""},""gpu_count"":4,""gpu_names"":[""NVIDIA GB200"",""NVIDIA GB200"",""NVIDIA GB200"",""NVIDIA GB200""],""platform"":""Linux-6.17.0-1021-nvidia-64k-aarch64-with-glibc2.39"",""python"":""3.12.3"",""torch_version"":""2.11.0+cu130"",""vllm_version"":""0.24.0""}",Math,Qwen3-8B,/lustre/fsw/coreai_dlalgo_llm/users/sna/vllm024-dynamicsd/long-context-models/yarn4/qwen3-8b,1.0,1.0,1,4096,126976,YaRN total-128K,yarn4,NONE,"{""attention_backend"":""TRITON_ATTN"",""cuda_profiler_range"":false,""cudagraph_mode"":""NONE"",""disable_custom_all_reduce"":true,""dtype"":""bfloat16"",""enable_chunked_prefill"":true,""enable_prefix_caching"":true,""enforce_eager"":true,""engine_gpus"":1,""gpu_memory_utilization"":0.9,""isl"":4096,""kv_cache_dtype"":""auto"",""max_model_len"":131072,""max_num_batched_tokens"":131072,""max_num_seqs"":1,""measure_repeats"":1,""model"":""/lustre/fsw/coreai_dlalgo_llm/users/sna/vllm024-dynamicsd/long-context-models/yarn4/qwen3-8b"",""moe_backend"":""auto"",""osl"":126976,""pipeline_parallel_size"":1,""pp"":1,""prompt_jsonl"":""/lustre/fsw/coreai_dlalgo_llm/users/sna/vllm024-dynamicsd/datasets/math_500_data_prompts_qmath_20260617.jsonl"",""prompt_offset"":0,""seed"":0,""temperature"":1.0,""tensor_parallel_size"":1,""top_p"":1.0,""total_gpus"":4,""tp"":1,""warmup_repeats"":0}",TRITON_ATTN,pard,12.0,3.1670737544920042,10023.132538349018,0.056789011682701965,1.6814185073361938,2271285,complete,experiments/vllm_024_dynamicsd/report/20260704_vllm_native_completed/yarn128k/math/pard/matrix/pard_t1p0/result.json,9.427836482911268,3367.050336260989,0.335927947014417,0.3359279470144171,0.34x,0.34x
vllm_native,vLLM 0.24.0,"{""cuda_version"":""13.0"",""environment"":{""VLLM_ATTENTION_BACKEND"":null,""VLLM_USE_V2_MODEL_RUNNER"":""0""},""gpu_count"":4,""gpu_names"":[""NVIDIA GB200"",""NVIDIA GB200"",""NVIDIA GB200"",""NVIDIA GB200""],""platform"":""Linux-6.17.0-1021-nvidia-64k-aarch64-with-glibc2.39"",""python"":""3.12.3"",""torch_version"":""2.11.0+cu130"",""vllm_version"":""0.24.0""}",Math,Qwen3-8B,/lustre/fsw/coreai_dlalgo_llm/users/sna/vllm024-dynamicsd/long-context-models/yarn4/qwen3-8b,0.0,1.0,1,4096,126976,YaRN total-128K,yarn4,NONE,"{""attention_backend"":""TRITON_ATTN"",""cuda_profiler_range"":false,""cudagraph_mode"":""NONE"",""disable_custom_all_reduce"":true,""dtype"":""bfloat16"",""enable_chunked_prefill"":true,""enable_prefix_caching"":true,""enforce_eager"":true,""engine_gpus"":1,""gpu_memory_utilization"":0.9,""isl"":4096,""kv_cache_dtype"":""auto"",""max_model_len"":131072,""max_num_batched_tokens"":131072,""max_num_seqs"":1,""measure_repeats"":1,""model"":""/lustre/fsw/coreai_dlalgo_llm/users/sna/vllm024-dynamicsd/long-context-models/yarn4/qwen3-8b"",""moe_backend"":""auto"",""osl"":126976,""pipeline_parallel_size"":1,""pp"":1,""prompt_jsonl"":""/lustre/fsw/coreai_dlalgo_llm/users/sna/vllm024-dynamicsd/datasets/math_500_data_prompts_qmath_20260617.jsonl"",""prompt_offset"":0,""seed"":0,""temperature"":0.0,""tensor_parallel_size"":1,""top_p"":1.0,""total_gpus"":4,""tp"":1,""warmup_repeats"":0}",TRITON_ATTN,pard2,15.0,2.1386058131535677,14843.315119017003,0.00019114719914062745,1.002867049466476,2271286,complete,experiments/vllm_024_dynamicsd/report/20260704_vllm_native_completed/yarn128k/math/pard2/matrix/pard2_t0p0/result.json,9.172212265780027,3460.888069329958,0.23316139565722266,0.23316139565722263,0.23x,0.23x
vllm_native,vLLM 0.24.0,"{""cuda_version"":""13.0"",""environment"":{""VLLM_ATTENTION_BACKEND"":null,""VLLM_USE_V2_MODEL_RUNNER"":""0""},""gpu_count"":4,""gpu_names"":[""NVIDIA GB200"",""NVIDIA GB200"",""NVIDIA GB200"",""NVIDIA GB200""],""platform"":""Linux-6.17.0-1021-nvidia-64k-aarch64-with-glibc2.39"",""python"":""3.12.3"",""torch_version"":""2.11.0+cu130"",""vllm_version"":""0.24.0""}",Math,Qwen3-8B,/lustre/fsw/coreai_dlalgo_llm/users/sna/vllm024-dynamicsd/long-context-models/yarn4/qwen3-8b,1.0,1.0,1,4096,126976,YaRN total-128K,yarn4,NONE,"{""attention_backend"":""TRITON_ATTN"",""cuda_profiler_range"":false,""cudagraph_mode"":""NONE"",""disable_custom_all_reduce"":true,""dtype"":""bfloat16"",""enable_chunked_prefill"":true,""enable_prefix_caching"":true,""enforce_eager"":true,""engine_gpus"":1,""gpu_memory_utilization"":0.9,""isl"":4096,""kv_cache_dtype"":""auto"",""max_model_len"":131072,""max_num_batched_tokens"":131072,""max_num_seqs"":1,""measure_repeats"":1,""model"":""/lustre/fsw/coreai_dlalgo_llm/users/sna/vllm024-dynamicsd/long-context-models/yarn4/qwen3-8b"",""moe_backend"":""auto"",""osl"":126976,""pipeline_parallel_size"":1,""pp"":1,""prompt_jsonl"":""/lustre/fsw/coreai_dlalgo_llm/users/sna/vllm024-dynamicsd/datasets/math_500_data_prompts_qmath_20260617.jsonl"",""prompt_offset"":0,""seed"":0,""temperature"":1.0,""tensor_parallel_size"":1,""top_p"":1.0,""total_gpus"":4,""tp"":1,""warmup_repeats"":0}",TRITON_ATTN,pard2,15.0,2.1529273507493425,14744.575560782978,0.0008206894535558337,1.012309654787531,2271287,complete,experiments/vllm_024_dynamicsd/report/20260704_vllm_native_completed/yarn128k/math/pard2/matrix/pard2_t1p0/result.json,9.427836482911268,3367.050336260989,0.22835857989812416,0.2283585798981242,0.23x,0.23x
vllm_native,vLLM 0.24.0,"{""cuda_version"":""13.0"",""environment"":{""VLLM_ATTENTION_BACKEND"":null,""VLLM_USE_V2_MODEL_RUNNER"":""0""},""gpu_count"":4,""gpu_names"":[""NVIDIA GB200"",""NVIDIA GB200"",""NVIDIA GB200"",""NVIDIA GB200""],""platform"":""Linux-6.17.0-1021-nvidia-64k-aarch64-with-glibc2.39"",""python"":""3.12.3"",""torch_version"":""2.11.0+cu130"",""vllm_version"":""0.24.0""}",Math,Qwen3-8B,/lustre/fsw/coreai_dlalgo_llm/users/sna/vllm024-dynamicsd/long-context-models/yarn4/qwen3-8b,0.0,1.0,1,4096,126976,YaRN total-128K,yarn4,NONE,"{""attention_backend"":""TRITON_ATTN"",""cuda_profiler_range"":false,""cudagraph_mode"":""NONE"",""disable_custom_all_reduce"":true,""dtype"":""bfloat16"",""enable_chunked_prefill"":true,""enable_prefix_caching"":true,""enforce_eager"":true,""engine_gpus"":1,""gpu_memory_utilization"":0.9,""isl"":4096,""kv_cache_dtype"":""auto"",""max_model_len"":131072,""max_num_batched_tokens"":131072,""max_num_seqs"":1,""measure_repeats"":1,""model"":""/lustre/fsw/coreai_dlalgo_llm/users/sna/vllm024-dynamicsd/long-context-models/yarn4/qwen3-8b"",""moe_backend"":""auto"",""osl"":126976,""pipeline_parallel_size"":1,""pp"":1,""prompt_jsonl"":""/lustre/fsw/coreai_dlalgo_llm/users/sna/vllm024-dynamicsd/datasets/math_500_data_prompts_qmath_20260617.jsonl"",""prompt_offset"":0,""seed"":0,""temperature"":0.0,""tensor_parallel_size"":1,""top_p"":1.0,""total_gpus"":4,""tp"":1,""warmup_repeats"":0}",TRITON_ATTN,suffix,32.0,37.43826848513686,847.902461423997,0.9985709390852339,16.961528185947103,2271282,complete,experiments/vllm_024_dynamicsd/report/20260704_vllm_native_completed/yarn128k/math/suffix/matrix/suffix_t0p0/result.json,9.172212265780027,3460.888069329958,4.081705416348977,4.081705416348977,4.08x,4.08x
vllm_native,vLLM 0.24.0,"{""cuda_version"":""13.0"",""environment"":{""VLLM_ATTENTION_BACKEND"":null,""VLLM_USE_V2_MODEL_RUNNER"":""0""},""gpu_count"":4,""gpu_names"":[""NVIDIA GB200"",""NVIDIA GB200"",""NVIDIA GB200"",""NVIDIA GB200""],""platform"":""Linux-6.17.0-1021-nvidia-64k-aarch64-with-glibc2.39"",""python"":""3.12.3"",""torch_version"":""2.11.0+cu130"",""vllm_version"":""0.24.0""}",Math,Qwen3-8B,/lustre/fsw/coreai_dlalgo_llm/users/sna/vllm024-dynamicsd/long-context-models/yarn4/qwen3-8b,1.0,1.0,1,4096,126976,YaRN total-128K,yarn4,NONE,"{""attention_backend"":""TRITON_ATTN"",""cuda_profiler_range"":false,""cudagraph_mode"":""NONE"",""disable_custom_all_reduce"":true,""dtype"":""bfloat16"",""enable_chunked_prefill"":true,""enable_prefix_caching"":true,""enforce_eager"":true,""engine_gpus"":1,""gpu_memory_utilization"":0.9,""isl"":4096,""kv_cache_dtype"":""auto"",""max_model_len"":131072,""max_num_batched_tokens"":131072,""max_num_seqs"":1,""measure_repeats"":1,""model"":""/lustre/fsw/coreai_dlalgo_llm/users/sna/vllm024-dynamicsd/long-context-models/yarn4/qwen3-8b"",""moe_backend"":""auto"",""osl"":126976,""pipeline_parallel_size"":1,""pp"":1,""prompt_jsonl"":""/lustre/fsw/coreai_dlalgo_llm/users/sna/vllm024-dynamicsd/datasets/math_500_data_prompts_qmath_20260617.jsonl"",""prompt_offset"":0,""seed"":0,""temperature"":1.0,""tensor_parallel_size"":1,""top_p"":1.0,""total_gpus"":4,""tp"":1,""warmup_repeats"":0}",TRITON_ATTN,suffix,32.0,21.63041559878165,1467.5631106130022,0.811952197084257,8.597293770176524,2271283,complete,experiments/vllm_024_dynamicsd/report/20260704_vllm_native_completed/yarn128k/math/suffix/matrix/suffix_t1p0/result.json,9.427836482911268,3367.050336260989,2.2943138267182044,2.2943138267182044,2.29x,2.29x
vllm_native,vLLM 0.24.0,"{""cuda_version"":""13.0"",""environment"":{""VLLM_ATTENTION_BACKEND"":null,""VLLM_USE_V2_MODEL_RUNNER"":""0""},""gpu_count"":4,""gpu_names"":[""NVIDIA GB200"",""NVIDIA GB200"",""NVIDIA GB200"",""NVIDIA GB200""],""platform"":""Linux-6.17.0-1021-nvidia-64k-aarch64-with-glibc2.39"",""python"":""3.12.3"",""torch_version"":""2.11.0+cu130"",""vllm_version"":""0.24.0""}",SWE,Qwen3-8B,/lustre/fsw/coreai_dlalgo_llm/users/sna/vllm024-dynamicsd/long-context-models/yarn4/qwen3-8b,0.0,1.0,1,4096,126976,YaRN total-128K,yarn4,NONE,"{""attention_backend"":""TRITON_ATTN"",""cuda_profiler_range"":false,""cudagraph_mode"":""NONE"",""disable_custom_all_reduce"":true,""dtype"":""bfloat16"",""enable_chunked_prefill"":true,""enable_prefix_caching"":true,""enforce_eager"":true,""engine_gpus"":1,""gpu_memory_utilization"":0.9,""isl"":4096,""kv_cache_dtype"":""auto"",""max_model_len"":131072,""max_num_batched_tokens"":65536,""max_num_seqs"":1,""measure_repeats"":1,""model"":""/lustre/fsw/coreai_dlalgo_llm/users/sna/vllm024-dynamicsd/long-context-models/yarn4/qwen3-8b"",""moe_backend"":""auto"",""osl"":126976,""pipeline_parallel_size"":1,""pp"":1,""prompt_jsonl"":""/lustre/fsw/coreai_dlalgo_llm/users/sna/vllm-benchmark/data/swebench_verified_prompts_all.jsonl"",""prompt_offset"":0,""seed"":0,""temperature"":0.0,""tensor_parallel_size"":1,""top_p"":1.0,""total_gpus"":4,""tp"":1,""warmup_repeats"":0}",TRITON_ATTN,baseline,,9.149397683712376,3469.518005158985,,,2271290,complete,experiments/vllm_024_dynamicsd/report/20260704_vllm_native_completed/yarn128k/swe/baseline/matrix/baseline_t0p0/result.json,9.149397683712376,3469.518005158985,1.0,1.0,1.00x,1.00x
vllm_native,vLLM 0.24.0,"{""cuda_version"":""13.0"",""environment"":{""VLLM_ATTENTION_BACKEND"":null,""VLLM_USE_V2_MODEL_RUNNER"":""0""},""gpu_count"":4,""gpu_names"":[""NVIDIA GB200"",""NVIDIA GB200"",""NVIDIA GB200"",""NVIDIA GB200""],""platform"":""Linux-6.17.0-1021-nvidia-64k-aarch64-with-glibc2.39"",""python"":""3.12.3"",""torch_version"":""2.11.0+cu130"",""vllm_version"":""0.24.0""}",SWE,Qwen3-8B,/lustre/fsw/coreai_dlalgo_llm/users/sna/vllm024-dynamicsd/long-context-models/yarn4/qwen3-8b,1.0,1.0,1,4096,126976,YaRN total-128K,yarn4,NONE,"{""attention_backend"":""TRITON_ATTN"",""cuda_profiler_range"":false,""cudagraph_mode"":""NONE"",""disable_custom_all_reduce"":true,""dtype"":""bfloat16"",""enable_chunked_prefill"":true,""enable_prefix_caching"":true,""enforce_eager"":true,""engine_gpus"":1,""gpu_memory_utilization"":0.9,""isl"":4096,""kv_cache_dtype"":""auto"",""max_model_len"":131072,""max_num_batched_tokens"":65536,""max_num_seqs"":1,""measure_repeats"":1,""model"":""/lustre/fsw/coreai_dlalgo_llm/users/sna/vllm024-dynamicsd/long-context-models/yarn4/qwen3-8b"",""moe_backend"":""auto"",""osl"":126976,""pipeline_parallel_size"":1,""pp"":1,""prompt_jsonl"":""/lustre/fsw/coreai_dlalgo_llm/users/sna/vllm-benchmark/data/swebench_verified_prompts_all.jsonl"",""prompt_offset"":0,""seed"":0,""temperature"":1.0,""tensor_parallel_size"":1,""top_p"":1.0,""total_gpus"":4,""tp"":1,""warmup_repeats"":0}",TRITON_ATTN,baseline,,9.304987500287343,3411.503776767,,,2271291,complete,experiments/vllm_024_dynamicsd/report/20260704_vllm_native_completed/yarn128k/swe/baseline/matrix/baseline_t1p0/result.json,9.304987500287343,3411.503776767,1.0,1.0,1.00x,1.00x
vllm_native,vLLM 0.24.0,"{""cuda_version"":""13.0"",""environment"":{""VLLM_ATTENTION_BACKEND"":null,""VLLM_USE_V2_MODEL_RUNNER"":""0""},""gpu_count"":4,""gpu_names"":[""NVIDIA GB200"",""NVIDIA GB200"",""NVIDIA GB200"",""NVIDIA GB200""],""platform"":""Linux-6.17.0-1021-nvidia-64k-aarch64-with-glibc2.39"",""python"":""3.12.3"",""torch_version"":""2.11.0+cu130"",""vllm_version"":""0.24.0""}",SWE,Qwen3-8B,/lustre/fsw/coreai_dlalgo_llm/users/sna/vllm024-dynamicsd/long-context-models/yarn4/qwen3-8b,0.0,1.0,1,4096,126976,YaRN total-128K,yarn4,NONE,"{""attention_backend"":""TRITON_ATTN"",""cuda_profiler_range"":false,""cudagraph_mode"":""NONE"",""disable_custom_all_reduce"":true,""dtype"":""bfloat16"",""enable_chunked_prefill"":true,""enable_prefix_caching"":true,""enforce_eager"":true,""engine_gpus"":1,""gpu_memory_utilization"":0.9,""isl"":4096,""kv_cache_dtype"":""auto"",""max_model_len"":131072,""max_num_batched_tokens"":65536,""max_num_seqs"":1,""measure_repeats"":1,""model"":""/lustre/fsw/coreai_dlalgo_llm/users/sna/vllm024-dynamicsd/long-context-models/yarn4/qwen3-8b"",""moe_backend"":""auto"",""osl"":126976,""pipeline_parallel_size"":1,""pp"":1,""prompt_jsonl"":""/lustre/fsw/coreai_dlalgo_llm/users/sna/vllm-benchmark/data/swebench_verified_prompts_all.jsonl"",""prompt_offset"":0,""seed"":0,""temperature"":0.0,""tensor_parallel_size"":1,""top_p"":1.0,""total_gpus"":4,""tp"":1,""warmup_repeats"":0}",TRITON_ATTN,dflash,15.0,8.038753594875374,3948.870882201998,0.23804346521702607,4.568853225864489,2271298,complete,experiments/vllm_024_dynamicsd/report/20260704_vllm_native_completed/yarn128k/swe/dflash/matrix/dflash_t0p0/result.json,9.149397683712376,3469.518005158985,0.8786101416474491,0.8786101416474492,0.88x,0.88x
vllm_native,vLLM 0.24.0,"{""cuda_version"":""13.0"",""environment"":{""VLLM_ATTENTION_BACKEND"":null,""VLLM_USE_V2_MODEL_RUNNER"":""0""},""gpu_count"":4,""gpu_names"":[""NVIDIA GB200"",""NVIDIA GB200"",""NVIDIA GB200"",""NVIDIA GB200""],""platform"":""Linux-6.17.0-1021-nvidia-64k-aarch64-with-glibc2.39"",""python"":""3.12.3"",""torch_version"":""2.11.0+cu130"",""vllm_version"":""0.24.0""}",SWE,Qwen3-8B,/lustre/fsw/coreai_dlalgo_llm/users/sna/vllm024-dynamicsd/long-context-models/yarn4/qwen3-8b,1.0,1.0,1,4096,126976,YaRN total-128K,yarn4,NONE,"{""attention_backend"":""TRITON_ATTN"",""cuda_profiler_range"":false,""cudagraph_mode"":""NONE"",""disable_custom_all_reduce"":true,""dtype"":""bfloat16"",""enable_chunked_prefill"":true,""enable_prefix_caching"":true,""enforce_eager"":true,""engine_gpus"":1,""gpu_memory_utilization"":0.9,""isl"":4096,""kv_cache_dtype"":""auto"",""max_model_len"":131072,""max_num_batched_tokens"":65536,""max_num_seqs"":1,""measure_repeats"":1,""model"":""/lustre/fsw/coreai_dlalgo_llm/users/sna/vllm024-dynamicsd/long-context-models/yarn4/qwen3-8b"",""moe_backend"":""auto"",""osl"":126976,""pipeline_parallel_size"":1,""pp"":1,""prompt_jsonl"":""/lustre/fsw/coreai_dlalgo_llm/users/sna/vllm-benchmark/data/swebench_verified_prompts_all.jsonl"",""prompt_offset"":0,""seed"":0,""temperature"":1.0,""tensor_parallel_size"":1,""top_p"":1.0,""total_gpus"":4,""tp"":1,""warmup_repeats"":0}",TRITON_ATTN,dflash,15.0,8.888346066713174,3571.4180975559866,0.254216425926628,4.811223523170778,2271299,complete,experiments/vllm_024_dynamicsd/report/20260704_vllm_native_completed/yarn128k/swe/dflash/matrix/dflash_t1p0/result.json,9.304987500287343,3411.503776767,0.9552238588647967,0.9552238588647965,0.96x,0.96x
vllm_native,vLLM 0.24.0,"{""cuda_version"":""13.0"",""environment"":{""VLLM_ATTENTION_BACKEND"":null,""VLLM_USE_V2_MODEL_RUNNER"":""0""},""gpu_count"":4,""gpu_names"":[""NVIDIA GB200"",""NVIDIA GB200"",""NVIDIA GB200"",""NVIDIA GB200""],""platform"":""Linux-6.17.0-1021-nvidia-64k-aarch64-with-glibc2.39"",""python"":""3.12.3"",""torch_version"":""2.11.0+cu130"",""vllm_version"":""0.24.0""}",SWE,Qwen3-8B,/lustre/fsw/coreai_dlalgo_llm/users/sna/vllm024-dynamicsd/long-context-models/yarn4/qwen3-8b,0.0,1.0,1,4096,126976,YaRN total-128K,yarn4,NONE,"{""attention_backend"":""TRITON_ATTN"",""cuda_profiler_range"":false,""cudagraph_mode"":""NONE"",""disable_custom_all_reduce"":true,""dtype"":""bfloat16"",""enable_chunked_prefill"":true,""enable_prefix_caching"":true,""enforce_eager"":true,""engine_gpus"":1,""gpu_memory_utilization"":0.9,""isl"":4096,""kv_cache_dtype"":""auto"",""max_model_len"":131072,""max_num_batched_tokens"":65536,""max_num_seqs"":1,""measure_repeats"":1,""model"":""/lustre/fsw/coreai_dlalgo_llm/users/sna/vllm024-dynamicsd/long-context-models/yarn4/qwen3-8b"",""moe_backend"":""auto"",""osl"":126976,""pipeline_parallel_size"":1,""pp"":1,""prompt_jsonl"":""/lustre/fsw/coreai_dlalgo_llm/users/sna/vllm-benchmark/data/swebench_verified_prompts_all.jsonl"",""prompt_offset"":0,""seed"":0,""temperature"":0.0,""tensor_parallel_size"":1,""top_p"":1.0,""total_gpus"":4,""tp"":1,""warmup_repeats"":0}",TRITON_ATTN,pard,12.0,3.24537929939112,9781.291205609043,0.04691882354148073,1.5629877643467343,2271294,complete,experiments/vllm_024_dynamicsd/report/20260704_vllm_native_completed/yarn128k/swe/pard/matrix/pard_t0p0/result.json,9.149397683712376,3469.518005158985,0.3547096116685907,0.3547096116685907,0.35x,0.35x
vllm_native,vLLM 0.24.0,"{""cuda_version"":""13.0"",""environment"":{""VLLM_ATTENTION_BACKEND"":null,""VLLM_USE_V2_MODEL_RUNNER"":""0""},""gpu_count"":4,""gpu_names"":[""NVIDIA GB200"",""NVIDIA GB200"",""NVIDIA GB200"",""NVIDIA GB200""],""platform"":""Linux-6.17.0-1021-nvidia-64k-aarch64-with-glibc2.39"",""python"":""3.12.3"",""torch_version"":""2.11.0+cu130"",""vllm_version"":""0.24.0""}",SWE,Qwen3-8B,/lustre/fsw/coreai_dlalgo_llm/users/sna/vllm024-dynamicsd/long-context-models/yarn4/qwen3-8b,1.0,1.0,1,4096,126976,YaRN total-128K,yarn4,NONE,"{""attention_backend"":""TRITON_ATTN"",""cuda_profiler_range"":false,""cudagraph_mode"":""NONE"",""disable_custom_all_reduce"":true,""dtype"":""bfloat16"",""enable_chunked_prefill"":true,""enable_prefix_caching"":true,""enforce_eager"":true,""engine_gpus"":1,""gpu_memory_utilization"":0.9,""isl"":4096,""kv_cache_dtype"":""auto"",""max_model_len"":131072,""max_num_batched_tokens"":65536,""max_num_seqs"":1,""measure_repeats"":1,""model"":""/lustre/fsw/coreai_dlalgo_llm/users/sna/vllm024-dynamicsd/long-context-models/yarn4/qwen3-8b"",""moe_backend"":""auto"",""osl"":126976,""pipeline_parallel_size"":1,""pp"":1,""prompt_jsonl"":""/lustre/fsw/coreai_dlalgo_llm/users/sna/vllm-benchmark/data/swebench_verified_prompts_all.jsonl"",""prompt_offset"":0,""seed"":0,""temperature"":1.0,""tensor_parallel_size"":1,""top_p"":1.0,""total_gpus"":4,""tp"":1,""warmup_repeats"":0}",TRITON_ATTN,pard,12.0,2.564668193525262,12377.42959504103,0.018614514230472144,1.2233623339210529,2271295,complete,experiments/vllm_024_dynamicsd/report/20260704_vllm_native_completed/yarn128k/swe/pard/matrix/pard_t1p0/result.json,9.304987500287343,3411.503776767,0.2756229595629294,0.2756229595629294,0.28x,0.28x
vllm_native,vLLM 0.24.0,"{""cuda_version"":""13.0"",""environment"":{""VLLM_ATTENTION_BACKEND"":null,""VLLM_USE_V2_MODEL_RUNNER"":""0""},""gpu_count"":4,""gpu_names"":[""NVIDIA GB200"",""NVIDIA GB200"",""NVIDIA GB200"",""NVIDIA GB200""],""platform"":""Linux-6.17.0-1021-nvidia-64k-aarch64-with-glibc2.39"",""python"":""3.12.3"",""torch_version"":""2.11.0+cu130"",""vllm_version"":""0.24.0""}",SWE,Qwen3-8B,/lustre/fsw/coreai_dlalgo_llm/users/sna/vllm024-dynamicsd/long-context-models/yarn4/qwen3-8b,0.0,1.0,1,4096,126976,YaRN total-128K,yarn4,NONE,"{""attention_backend"":""TRITON_ATTN"",""cuda_profiler_range"":false,""cudagraph_mode"":""NONE"",""disable_custom_all_reduce"":true,""dtype"":""bfloat16"",""enable_chunked_prefill"":true,""enable_prefix_caching"":true,""enforce_eager"":true,""engine_gpus"":1,""gpu_memory_utilization"":0.9,""isl"":4096,""kv_cache_dtype"":""auto"",""max_model_len"":131072,""max_num_batched_tokens"":65536,""max_num_seqs"":1,""measure_repeats"":1,""model"":""/lustre/fsw/coreai_dlalgo_llm/users/sna/vllm024-dynamicsd/long-context-models/yarn4/qwen3-8b"",""moe_backend"":""auto"",""osl"":126976,""pipeline_parallel_size"":1,""pp"":1,""prompt_jsonl"":""/lustre/fsw/coreai_dlalgo_llm/users/sna/vllm-benchmark/data/swebench_verified_prompts_all.jsonl"",""prompt_offset"":0,""seed"":0,""temperature"":0.0,""tensor_parallel_size"":1,""top_p"":1.0,""total_gpus"":4,""tp"":1,""warmup_repeats"":0}",TRITON_ATTN,pard2,15.0,2.1385304459973598,14843.838234529016,0.00019748483316481293,1.0029621087054401,2271296,complete,experiments/vllm_024_dynamicsd/report/20260704_vllm_native_completed/yarn128k/swe/pard2/matrix/pard2_t0p0/result.json,9.149397683712376,3469.518005158985,0.23373456045137708,0.2337345604513771,0.23x,0.23x
vllm_native,vLLM 0.24.0,"{""cuda_version"":""13.0"",""environment"":{""VLLM_ATTENTION_BACKEND"":null,""VLLM_USE_V2_MODEL_RUNNER"":""0""},""gpu_count"":4,""gpu_names"":[""NVIDIA GB200"",""NVIDIA GB200"",""NVIDIA GB200"",""NVIDIA GB200""],""platform"":""Linux-6.17.0-1021-nvidia-64k-aarch64-with-glibc2.39"",""python"":""3.12.3"",""torch_version"":""2.11.0+cu130"",""vllm_version"":""0.24.0""}",SWE,Qwen3-8B,/lustre/fsw/coreai_dlalgo_llm/users/sna/vllm024-dynamicsd/long-context-models/yarn4/qwen3-8b,1.0,1.0,1,4096,126976,YaRN total-128K,yarn4,NONE,"{""attention_backend"":""TRITON_ATTN"",""cuda_profiler_range"":false,""cudagraph_mode"":""NONE"",""disable_custom_all_reduce"":true,""dtype"":""bfloat16"",""enable_chunked_prefill"":true,""enable_prefix_caching"":true,""enforce_eager"":true,""engine_gpus"":1,""gpu_memory_utilization"":0.9,""isl"":4096,""kv_cache_dtype"":""auto"",""max_model_len"":131072,""max_num_batched_tokens"":65536,""max_num_seqs"":1,""measure_repeats"":1,""model"":""/lustre/fsw/coreai_dlalgo_llm/users/sna/vllm024-dynamicsd/long-context-models/yarn4/qwen3-8b"",""moe_backend"":""auto"",""osl"":126976,""pipeline_parallel_size"":1,""pp"":1,""prompt_jsonl"":""/lustre/fsw/coreai_dlalgo_llm/users/sna/vllm-benchmark/data/swebench_verified_prompts_all.jsonl"",""prompt_offset"":0,""seed"":0,""temperature"":1.0,""tensor_parallel_size"":1,""top_p"":1.0,""total_gpus"":4,""tp"":1,""warmup_repeats"":0}",TRITON_ATTN,pard2,15.0,2.1172274197968397,14993.193316495977,8.517014313315721e-05,1.0012774816263446,2271297,complete,experiments/vllm_024_dynamicsd/report/20260704_vllm_native_completed/yarn128k/swe/pard2/matrix/pard2_t1p0/result.json,9.304987500287343,3411.503776767,0.22753683653325257,0.22753683653325257,0.23x,0.23x
vllm_native,vLLM 0.24.0,"{""cuda_version"":""13.0"",""environment"":{""VLLM_ATTENTION_BACKEND"":null,""VLLM_USE_V2_MODEL_RUNNER"":""0""},""gpu_count"":4,""gpu_names"":[""NVIDIA GB200"",""NVIDIA GB200"",""NVIDIA GB200"",""NVIDIA GB200""],""platform"":""Linux-6.17.0-1021-nvidia-64k-aarch64-with-glibc2.39"",""python"":""3.12.3"",""torch_version"":""2.11.0+cu130"",""vllm_version"":""0.24.0""}",SWE,Qwen3-8B,/lustre/fsw/coreai_dlalgo_llm/users/sna/vllm024-dynamicsd/long-context-models/yarn4/qwen3-8b,0.0,1.0,1,4096,126976,YaRN total-128K,yarn4,NONE,"{""attention_backend"":""TRITON_ATTN"",""cuda_profiler_range"":false,""cudagraph_mode"":""NONE"",""disable_custom_all_reduce"":true,""dtype"":""bfloat16"",""enable_chunked_prefill"":true,""enable_prefix_caching"":true,""enforce_eager"":true,""engine_gpus"":1,""gpu_memory_utilization"":0.9,""isl"":4096,""kv_cache_dtype"":""auto"",""max_model_len"":131072,""max_num_batched_tokens"":65536,""max_num_seqs"":1,""measure_repeats"":1,""model"":""/lustre/fsw/coreai_dlalgo_llm/users/sna/vllm024-dynamicsd/long-context-models/yarn4/qwen3-8b"",""moe_backend"":""auto"",""osl"":126976,""pipeline_parallel_size"":1,""pp"":1,""prompt_jsonl"":""/lustre/fsw/coreai_dlalgo_llm/users/sna/vllm-benchmark/data/swebench_verified_prompts_all.jsonl"",""prompt_offset"":0,""seed"":0,""temperature"":0.0,""tensor_parallel_size"":1,""top_p"":1.0,""total_gpus"":4,""tp"":1,""warmup_repeats"":0}",TRITON_ATTN,suffix,32.0,37.319893684581416,850.5919193739537,0.9919057274872852,16.694674556213016,2271292,complete,experiments/vllm_024_dynamicsd/report/20260704_vllm_native_completed/yarn128k/swe/suffix/matrix/suffix_t0p0/result.json,9.149397683712376,3469.518005158985,4.0789454098183695,4.0789454098183695,4.08x,4.08x
vllm_native,vLLM 0.24.0,"{""cuda_version"":""13.0"",""environment"":{""VLLM_ATTENTION_BACKEND"":null,""VLLM_USE_V2_MODEL_RUNNER"":""0""},""gpu_count"":4,""gpu_names"":[""NVIDIA GB200"",""NVIDIA GB200"",""NVIDIA GB200"",""NVIDIA GB200""],""platform"":""Linux-6.17.0-1021-nvidia-64k-aarch64-with-glibc2.39"",""python"":""3.12.3"",""torch_version"":""2.11.0+cu130"",""vllm_version"":""0.24.0""}",SWE,Qwen3-8B,/lustre/fsw/coreai_dlalgo_llm/users/sna/vllm024-dynamicsd/long-context-models/yarn4/qwen3-8b,1.0,1.0,1,4096,126976,YaRN total-128K,yarn4,NONE,"{""attention_backend"":""TRITON_ATTN"",""cuda_profiler_range"":false,""cudagraph_mode"":""NONE"",""disable_custom_all_reduce"":true,""dtype"":""bfloat16"",""enable_chunked_prefill"":true,""enable_prefix_caching"":true,""enforce_eager"":true,""engine_gpus"":1,""gpu_memory_utilization"":0.9,""isl"":4096,""kv_cache_dtype"":""auto"",""max_model_len"":131072,""max_num_batched_tokens"":65536,""max_num_seqs"":1,""measure_repeats"":1,""model"":""/lustre/fsw/coreai_dlalgo_llm/users/sna/vllm024-dynamicsd/long-context-models/yarn4/qwen3-8b"",""moe_backend"":""auto"",""osl"":126976,""pipeline_parallel_size"":1,""pp"":1,""prompt_jsonl"":""/lustre/fsw/coreai_dlalgo_llm/users/sna/vllm-benchmark/data/swebench_verified_prompts_all.jsonl"",""prompt_offset"":0,""seed"":0,""temperature"":1.0,""tensor_parallel_size"":1,""top_p"":1.0,""total_gpus"":4,""tp"":1,""warmup_repeats"":0}",TRITON_ATTN,suffix,32.0,24.684770988579892,1285.9750659500132,0.8538774642325567,9.194286547150561,2271293,complete,experiments/vllm_024_dynamicsd/report/20260704_vllm_native_completed/yarn128k/swe/suffix/matrix/suffix_t1p0/result.json,9.304987500287343,3411.503776767,2.6528537505093492,2.6528537505093492,2.65x,2.65x
vllm_native,vLLM 0.24.0,"{""cuda_version"":""13.0"",""environment"":{""VLLM_ATTENTION_BACKEND"":null,""VLLM_USE_V2_MODEL_RUNNER"":""0""},""gpu_count"":4,""gpu_names"":[""NVIDIA GB200"",""NVIDIA GB200"",""NVIDIA GB200"",""NVIDIA GB200""],""platform"":""Linux-6.17.0-1021-nvidia-64k-aarch64-with-glibc2.39"",""python"":""3.12.3"",""torch_version"":""2.11.0+cu130"",""vllm_version"":""0.24.0""}",Math,Qwen3-8B,/lustre/fsw/coreai_dlalgo_llm/users/sna/vllm024-dynamicsd/long-context-models/yarn4/qwen3-8b,0.0,1.0,1,4096,65536,YaRN 64K,yarn4,NONE,"{""attention_backend"":""TRITON_ATTN"",""cuda_profiler_range"":false,""cudagraph_mode"":""NONE"",""disable_custom_all_reduce"":true,""dtype"":""bfloat16"",""enable_chunked_prefill"":true,""enable_prefix_caching"":true,""enforce_eager"":true,""engine_gpus"":1,""gpu_memory_utilization"":0.9,""isl"":4096,""kv_cache_dtype"":""auto"",""max_model_len"":69632,""max_num_batched_tokens"":131072,""max_num_seqs"":1,""measure_repeats"":1,""model"":""/lustre/fsw/coreai_dlalgo_llm/users/sna/vllm024-dynamicsd/long-context-models/yarn4/qwen3-8b"",""moe_backend"":""auto"",""osl"":65536,""pipeline_parallel_size"":1,""pp"":1,""prompt_jsonl"":""/lustre/fsw/coreai_dlalgo_llm/users/sna/vllm024-dynamicsd/datasets/math_500_data_prompts_qmath_20260617.jsonl"",""prompt_offset"":0,""seed"":0,""temperature"":0.0,""tensor_parallel_size"":1,""top_p"":1.0,""total_gpus"":4,""tp"":1,""warmup_repeats"":0}",TRITON_ATTN,baseline,,9.537541356128607,1717.843140934012,,,2271260,complete,experiments/vllm_024_dynamicsd/report/20260704_vllm_native_completed/yarn64k/math/baseline/matrix/baseline_t0p0/result.json,9.537541356128607,1717.843140934012,1.0,1.0,1.00x,1.00x
vllm_native,vLLM 0.24.0,"{""cuda_version"":""13.0"",""environment"":{""VLLM_ATTENTION_BACKEND"":null,""VLLM_USE_V2_MODEL_RUNNER"":""0""},""gpu_count"":4,""gpu_names"":[""NVIDIA GB200"",""NVIDIA GB200"",""NVIDIA GB200"",""NVIDIA GB200""],""platform"":""Linux-6.17.0-1021-nvidia-64k-aarch64-with-glibc2.39"",""python"":""3.12.3"",""torch_version"":""2.11.0+cu130"",""vllm_version"":""0.24.0""}",Math,Qwen3-8B,/lustre/fsw/coreai_dlalgo_llm/users/sna/vllm024-dynamicsd/long-context-models/yarn4/qwen3-8b,1.0,1.0,1,4096,65536,YaRN 64K,yarn4,NONE,"{""attention_backend"":""TRITON_ATTN"",""cuda_profiler_range"":false,""cudagraph_mode"":""NONE"",""disable_custom_all_reduce"":true,""dtype"":""bfloat16"",""enable_chunked_prefill"":true,""enable_prefix_caching"":true,""enforce_eager"":true,""engine_gpus"":1,""gpu_memory_utilization"":0.9,""isl"":4096,""kv_cache_dtype"":""auto"",""max_model_len"":69632,""max_num_batched_tokens"":131072,""max_num_seqs"":1,""measure_repeats"":1,""model"":""/lustre/fsw/coreai_dlalgo_llm/users/sna/vllm024-dynamicsd/long-context-models/yarn4/qwen3-8b"",""moe_backend"":""auto"",""osl"":65536,""pipeline_parallel_size"":1,""pp"":1,""prompt_jsonl"":""/lustre/fsw/coreai_dlalgo_llm/users/sna/vllm024-dynamicsd/datasets/math_500_data_prompts_qmath_20260617.jsonl"",""prompt_offset"":0,""seed"":0,""temperature"":1.0,""tensor_parallel_size"":1,""top_p"":1.0,""total_gpus"":4,""tp"":1,""warmup_repeats"":0}",TRITON_ATTN,baseline,,9.196808459001076,1781.4875750690117,,,2271261,complete,experiments/vllm_024_dynamicsd/report/20260704_vllm_native_completed/yarn64k/math/baseline/matrix/baseline_t1p0/result.json,9.196808459001076,1781.4875750690117,1.0,1.0,1.00x,1.00x
vllm_native,vLLM 0.24.0,"{""cuda_version"":""13.0"",""environment"":{""VLLM_ATTENTION_BACKEND"":null,""VLLM_USE_V2_MODEL_RUNNER"":""0""},""gpu_count"":4,""gpu_names"":[""NVIDIA GB200"",""NVIDIA GB200"",""NVIDIA GB200"",""NVIDIA GB200""],""platform"":""Linux-6.17.0-1021-nvidia-64k-aarch64-with-glibc2.39"",""python"":""3.12.3"",""torch_version"":""2.11.0+cu130"",""vllm_version"":""0.24.0""}",Math,Qwen3-8B,/lustre/fsw/coreai_dlalgo_llm/users/sna/vllm024-dynamicsd/long-context-models/yarn4/qwen3-8b,0.0,1.0,1,4096,65536,YaRN 64K,yarn4,NONE,"{""attention_backend"":""TRITON_ATTN"",""cuda_profiler_range"":false,""cudagraph_mode"":""NONE"",""disable_custom_all_reduce"":true,""dtype"":""bfloat16"",""enable_chunked_prefill"":true,""enable_prefix_caching"":true,""enforce_eager"":true,""engine_gpus"":1,""gpu_memory_utilization"":0.9,""isl"":4096,""kv_cache_dtype"":""auto"",""max_model_len"":69632,""max_num_batched_tokens"":131072,""max_num_seqs"":1,""measure_repeats"":1,""model"":""/lustre/fsw/coreai_dlalgo_llm/users/sna/vllm024-dynamicsd/long-context-models/yarn4/qwen3-8b"",""moe_backend"":""auto"",""osl"":65536,""pipeline_parallel_size"":1,""pp"":1,""prompt_jsonl"":""/lustre/fsw/coreai_dlalgo_llm/users/sna/vllm024-dynamicsd/datasets/math_500_data_prompts_qmath_20260617.jsonl"",""prompt_offset"":0,""seed"":0,""temperature"":0.0,""tensor_parallel_size"":1,""top_p"":1.0,""total_gpus"":4,""tp"":1,""warmup_repeats"":0}",TRITON_ATTN,dflash,15.0,33.71855094959032,485.9046293090796,0.604909799097991,10.054157717091131,2271268,complete,experiments/vllm_024_dynamicsd/report/20260704_vllm_native_completed/yarn64k/math/dflash/matrix/dflash_t0p0/result.json,9.537541356128607,1717.843140934012,3.5353504315788418,3.535350431578842,3.54x,3.54x
vllm_native,vLLM 0.24.0,"{""cuda_version"":""13.0"",""environment"":{""VLLM_ATTENTION_BACKEND"":null,""VLLM_USE_V2_MODEL_RUNNER"":""0""},""gpu_count"":4,""gpu_names"":[""NVIDIA GB200"",""NVIDIA GB200"",""NVIDIA GB200"",""NVIDIA GB200""],""platform"":""Linux-6.17.0-1021-nvidia-64k-aarch64-with-glibc2.39"",""python"":""3.12.3"",""torch_version"":""2.11.0+cu130"",""vllm_version"":""0.24.0""}",Math,Qwen3-8B,/lustre/fsw/coreai_dlalgo_llm/users/sna/vllm024-dynamicsd/long-context-models/yarn4/qwen3-8b,1.0,1.0,1,4096,65536,YaRN 64K,yarn4,NONE,"{""attention_backend"":""TRITON_ATTN"",""cuda_profiler_range"":false,""cudagraph_mode"":""NONE"",""disable_custom_all_reduce"":true,""dtype"":""bfloat16"",""enable_chunked_prefill"":true,""enable_prefix_caching"":true,""enforce_eager"":true,""engine_gpus"":1,""gpu_memory_utilization"":0.9,""isl"":4096,""kv_cache_dtype"":""auto"",""max_model_len"":69632,""max_num_batched_tokens"":131072,""max_num_seqs"":1,""measure_repeats"":1,""model"":""/lustre/fsw/coreai_dlalgo_llm/users/sna/vllm024-dynamicsd/long-context-models/yarn4/qwen3-8b"",""moe_backend"":""auto"",""osl"":65536,""pipeline_parallel_size"":1,""pp"":1,""prompt_jsonl"":""/lustre/fsw/coreai_dlalgo_llm/users/sna/vllm024-dynamicsd/datasets/math_500_data_prompts_qmath_20260617.jsonl"",""prompt_offset"":0,""seed"":0,""temperature"":1.0,""tensor_parallel_size"":1,""top_p"":1.0,""total_gpus"":4,""tp"":1,""warmup_repeats"":0}",TRITON_ATTN,dflash,15.0,15.973466667400873,1025.700954035041,0.2666093564812224,4.994893292682927,2271269,complete,experiments/vllm_024_dynamicsd/report/20260704_vllm_native_completed/yarn64k/math/dflash/matrix/dflash_t1p0/result.json,9.196808459001076,1781.4875750690117,1.7368489012911172,1.7368489012911172,1.74x,1.74x
vllm_native,vLLM 0.24.0,"{""cuda_version"":""13.0"",""environment"":{""VLLM_ATTENTION_BACKEND"":null,""VLLM_USE_V2_MODEL_RUNNER"":""0""},""gpu_count"":4,""gpu_names"":[""NVIDIA GB200"",""NVIDIA GB200"",""NVIDIA GB200"",""NVIDIA GB200""],""platform"":""Linux-6.17.0-1021-nvidia-64k-aarch64-with-glibc2.39"",""python"":""3.12.3"",""torch_version"":""2.11.0+cu130"",""vllm_version"":""0.24.0""}",Math,Qwen3-8B,/lustre/fsw/coreai_dlalgo_llm/users/sna/vllm024-dynamicsd/long-context-models/yarn4/qwen3-8b,0.0,1.0,1,4096,65536,YaRN 64K,yarn4,NONE,"{""attention_backend"":""TRITON_ATTN"",""cuda_profiler_range"":false,""cudagraph_mode"":""NONE"",""disable_custom_all_reduce"":true,""dtype"":""bfloat16"",""enable_chunked_prefill"":true,""enable_prefix_caching"":true,""enforce_eager"":true,""engine_gpus"":1,""gpu_memory_utilization"":0.9,""isl"":4096,""kv_cache_dtype"":""auto"",""max_model_len"":69632,""max_num_batched_tokens"":131072,""max_num_seqs"":1,""measure_repeats"":1,""model"":""/lustre/fsw/coreai_dlalgo_llm/users/sna/vllm024-dynamicsd/long-context-models/yarn4/qwen3-8b"",""moe_backend"":""auto"",""osl"":65536,""pipeline_parallel_size"":1,""pp"":1,""prompt_jsonl"":""/lustre/fsw/coreai_dlalgo_llm/users/sna/vllm024-dynamicsd/datasets/math_500_data_prompts_qmath_20260617.jsonl"",""prompt_offset"":0,""seed"":0,""temperature"":0.0,""tensor_parallel_size"":1,""top_p"":1.0,""total_gpus"":4,""tp"":1,""warmup_repeats"":0}",TRITON_ATTN,pard,12.0,6.854171969999859,2390.3689711479965,0.09006377179751793,2.0805765445425104,2271264,complete,experiments/vllm_024_dynamicsd/report/20260704_vllm_native_completed/yarn64k/math/pard/matrix/pard_t0p0/result.json,9.537541356128607,1717.843140934012,0.71865187411172,0.7186518741117202,0.72x,0.72x
vllm_native,vLLM 0.24.0,"{""cuda_version"":""13.0"",""environment"":{""VLLM_ATTENTION_BACKEND"":null,""VLLM_USE_V2_MODEL_RUNNER"":""0""},""gpu_count"":4,""gpu_names"":[""NVIDIA GB200"",""NVIDIA GB200"",""NVIDIA GB200"",""NVIDIA GB200""],""platform"":""Linux-6.17.0-1021-nvidia-64k-aarch64-with-glibc2.39"",""python"":""3.12.3"",""torch_version"":""2.11.0+cu130"",""vllm_version"":""0.24.0""}",Math,Qwen3-8B,/lustre/fsw/coreai_dlalgo_llm/users/sna/vllm024-dynamicsd/long-context-models/yarn4/qwen3-8b,1.0,1.0,1,4096,65536,YaRN 64K,yarn4,NONE,"{""attention_backend"":""TRITON_ATTN"",""cuda_profiler_range"":false,""cudagraph_mode"":""NONE"",""disable_custom_all_reduce"":true,""dtype"":""bfloat16"",""enable_chunked_prefill"":true,""enable_prefix_caching"":true,""enforce_eager"":true,""engine_gpus"":1,""gpu_memory_utilization"":0.9,""isl"":4096,""kv_cache_dtype"":""auto"",""max_model_len"":69632,""max_num_batched_tokens"":131072,""max_num_seqs"":1,""measure_repeats"":1,""model"":""/lustre/fsw/coreai_dlalgo_llm/users/sna/vllm024-dynamicsd/long-context-models/yarn4/qwen3-8b"",""moe_backend"":""auto"",""osl"":65536,""pipeline_parallel_size"":1,""pp"":1,""prompt_jsonl"":""/lustre/fsw/coreai_dlalgo_llm/users/sna/vllm024-dynamicsd/datasets/math_500_data_prompts_qmath_20260617.jsonl"",""prompt_offset"":0,""seed"":0,""temperature"":1.0,""tensor_parallel_size"":1,""top_p"":1.0,""total_gpus"":4,""tp"":1,""warmup_repeats"":0}",TRITON_ATTN,pard,12.0,7.203884028375612,2274.328672625008,0.09659412291251367,2.1589194531378686,2271265,complete,experiments/vllm_024_dynamicsd/report/20260704_vllm_native_completed/yarn64k/math/pard/matrix/pard_t1p0/result.json,9.196808459001076,1781.4875750690117,0.783302605516922,0.7833026055169221,0.78x,0.78x
vllm_native,vLLM 0.24.0,"{""cuda_version"":""13.0"",""environment"":{""VLLM_ATTENTION_BACKEND"":null,""VLLM_USE_V2_MODEL_RUNNER"":""0""},""gpu_count"":4,""gpu_names"":[""NVIDIA GB200"",""NVIDIA GB200"",""NVIDIA GB200"",""NVIDIA GB200""],""platform"":""Linux-6.17.0-1021-nvidia-64k-aarch64-with-glibc2.39"",""python"":""3.12.3"",""torch_version"":""2.11.0+cu130"",""vllm_version"":""0.24.0""}",Math,Qwen3-8B,/lustre/fsw/coreai_dlalgo_llm/users/sna/vllm024-dynamicsd/long-context-models/yarn4/qwen3-8b,0.0,1.0,1,4096,65536,YaRN 64K,yarn4,NONE,"{""attention_backend"":""TRITON_ATTN"",""cuda_profiler_range"":false,""cudagraph_mode"":""NONE"",""disable_custom_all_reduce"":true,""dtype"":""bfloat16"",""enable_chunked_prefill"":true,""enable_prefix_caching"":true,""enforce_eager"":true,""engine_gpus"":1,""gpu_memory_utilization"":0.9,""isl"":4096,""kv_cache_dtype"":""auto"",""max_model_len"":69632,""max_num_batched_tokens"":131072,""max_num_seqs"":1,""measure_repeats"":1,""model"":""/lustre/fsw/coreai_dlalgo_llm/users/sna/vllm024-dynamicsd/long-context-models/yarn4/qwen3-8b"",""moe_backend"":""auto"",""osl"":65536,""pipeline_parallel_size"":1,""pp"":1,""prompt_jsonl"":""/lustre/fsw/coreai_dlalgo_llm/users/sna/vllm024-dynamicsd/datasets/math_500_data_prompts_qmath_20260617.jsonl"",""prompt_offset"":0,""seed"":0,""temperature"":0.0,""tensor_parallel_size"":1,""top_p"":1.0,""total_gpus"":4,""tp"":1,""warmup_repeats"":0}",TRITON_ATTN,pard2,15.0,3.5351348077516187,4634.618166208034,0.00035491459547918583,1.0053231472532866,2271266,complete,experiments/vllm_024_dynamicsd/report/20260704_vllm_native_completed/yarn64k/math/pard2/matrix/pard2_t0p0/result.json,9.537541356128607,1717.843140934012,0.3706547291121335,0.3706547291121335,0.37x,0.37x
vllm_native,vLLM 0.24.0,"{""cuda_version"":""13.0"",""environment"":{""VLLM_ATTENTION_BACKEND"":null,""VLLM_USE_V2_MODEL_RUNNER"":""0""},""gpu_count"":4,""gpu_names"":[""NVIDIA GB200"",""NVIDIA GB200"",""NVIDIA GB200"",""NVIDIA GB200""],""platform"":""Linux-6.17.0-1021-nvidia-64k-aarch64-with-glibc2.39"",""python"":""3.12.3"",""torch_version"":""2.11.0+cu130"",""vllm_version"":""0.24.0""}",Math,Qwen3-8B,/lustre/fsw/coreai_dlalgo_llm/users/sna/vllm024-dynamicsd/long-context-models/yarn4/qwen3-8b,1.0,1.0,1,4096,65536,YaRN 64K,yarn4,NONE,"{""attention_backend"":""TRITON_ATTN"",""cuda_profiler_range"":false,""cudagraph_mode"":""NONE"",""disable_custom_all_reduce"":true,""dtype"":""bfloat16"",""enable_chunked_prefill"":true,""enable_prefix_caching"":true,""enforce_eager"":true,""engine_gpus"":1,""gpu_memory_utilization"":0.9,""isl"":4096,""kv_cache_dtype"":""auto"",""max_model_len"":69632,""max_num_batched_tokens"":131072,""max_num_seqs"":1,""measure_repeats"":1,""model"":""/lustre/fsw/coreai_dlalgo_llm/users/sna/vllm024-dynamicsd/long-context-models/yarn4/qwen3-8b"",""moe_backend"":""auto"",""osl"":65536,""pipeline_parallel_size"":1,""pp"":1,""prompt_jsonl"":""/lustre/fsw/coreai_dlalgo_llm/users/sna/vllm024-dynamicsd/datasets/math_500_data_prompts_qmath_20260617.jsonl"",""prompt_offset"":0,""seed"":0,""temperature"":1.0,""tensor_parallel_size"":1,""top_p"":1.0,""total_gpus"":4,""tp"":1,""warmup_repeats"":0}",TRITON_ATTN,pard2,15.0,3.491038868984525,4693.158860407013,0.0001141430354913501,1.0017119623368287,2271267,complete,experiments/vllm_024_dynamicsd/report/20260704_vllm_native_completed/yarn64k/math/pard2/matrix/pard2_t1p0/result.json,9.196808459001076,1781.4875750690117,0.37959242975945473,0.37959242975945473,0.38x,0.38x
vllm_native,vLLM 0.24.0,"{""cuda_version"":""13.0"",""environment"":{""VLLM_ATTENTION_BACKEND"":null,""VLLM_USE_V2_MODEL_RUNNER"":""0""},""gpu_count"":4,""gpu_names"":[""NVIDIA GB200"",""NVIDIA GB200"",""NVIDIA GB200"",""NVIDIA GB200""],""platform"":""Linux-6.17.0-1021-nvidia-64k-aarch64-with-glibc2.39"",""python"":""3.12.3"",""torch_version"":""2.11.0+cu130"",""vllm_version"":""0.24.0""}",Math,Qwen3-8B,/lustre/fsw/coreai_dlalgo_llm/users/sna/vllm024-dynamicsd/long-context-models/yarn4/qwen3-8b,0.0,1.0,1,4096,65536,YaRN 64K,yarn4,NONE,"{""attention_backend"":""TRITON_ATTN"",""cuda_profiler_range"":false,""cudagraph_mode"":""NONE"",""disable_custom_all_reduce"":true,""dtype"":""bfloat16"",""enable_chunked_prefill"":true,""enable_prefix_caching"":true,""enforce_eager"":true,""engine_gpus"":1,""gpu_memory_utilization"":0.9,""isl"":4096,""kv_cache_dtype"":""auto"",""max_model_len"":69632,""max_num_batched_tokens"":131072,""max_num_seqs"":1,""measure_repeats"":1,""model"":""/lustre/fsw/coreai_dlalgo_llm/users/sna/vllm024-dynamicsd/long-context-models/yarn4/qwen3-8b"",""moe_backend"":""auto"",""osl"":65536,""pipeline_parallel_size"":1,""pp"":1,""prompt_jsonl"":""/lustre/fsw/coreai_dlalgo_llm/users/sna/vllm024-dynamicsd/datasets/math_500_data_prompts_qmath_20260617.jsonl"",""prompt_offset"":0,""seed"":0,""temperature"":0.0,""tensor_parallel_size"":1,""top_p"":1.0,""total_gpus"":4,""tp"":1,""warmup_repeats"":0}",TRITON_ATTN,suffix,32.0,64.58816134848429,253.66877858003136,0.9977993527508091,16.933850129198966,2271262,complete,experiments/vllm_024_dynamicsd/report/20260704_vllm_native_completed/yarn64k/math/suffix/matrix/suffix_t0p0/result.json,9.537541356128607,1717.843140934012,6.7719927952901,6.7719927952901,6.77x,6.77x
vllm_native,vLLM 0.24.0,"{""cuda_version"":""13.0"",""environment"":{""VLLM_ATTENTION_BACKEND"":null,""VLLM_USE_V2_MODEL_RUNNER"":""0""},""gpu_count"":4,""gpu_names"":[""NVIDIA GB200"",""NVIDIA GB200"",""NVIDIA GB200"",""NVIDIA GB200""],""platform"":""Linux-6.17.0-1021-nvidia-64k-aarch64-with-glibc2.39"",""python"":""3.12.3"",""torch_version"":""2.11.0+cu130"",""vllm_version"":""0.24.0""}",Math,Qwen3-8B,/lustre/fsw/coreai_dlalgo_llm/users/sna/vllm024-dynamicsd/long-context-models/yarn4/qwen3-8b,1.0,1.0,1,4096,65536,YaRN 64K,yarn4,NONE,"{""attention_backend"":""TRITON_ATTN"",""cuda_profiler_range"":false,""cudagraph_mode"":""NONE"",""disable_custom_all_reduce"":true,""dtype"":""bfloat16"",""enable_chunked_prefill"":true,""enable_prefix_caching"":true,""enforce_eager"":true,""engine_gpus"":1,""gpu_memory_utilization"":0.9,""isl"":4096,""kv_cache_dtype"":""auto"",""max_model_len"":69632,""max_num_batched_tokens"":131072,""max_num_seqs"":1,""measure_repeats"":1,""model"":""/lustre/fsw/coreai_dlalgo_llm/users/sna/vllm024-dynamicsd/long-context-models/yarn4/qwen3-8b"",""moe_backend"":""auto"",""osl"":65536,""pipeline_parallel_size"":1,""pp"":1,""prompt_jsonl"":""/lustre/fsw/coreai_dlalgo_llm/users/sna/vllm024-dynamicsd/datasets/math_500_data_prompts_qmath_20260617.jsonl"",""prompt_offset"":0,""seed"":0,""temperature"":1.0,""tensor_parallel_size"":1,""top_p"":1.0,""total_gpus"":4,""tp"":1,""warmup_repeats"":0}",TRITON_ATTN,suffix,32.0,22.339327791798507,733.4150853910251,0.7738184330205515,6.353778751369113,2271263,complete,experiments/vllm_024_dynamicsd/report/20260704_vllm_native_completed/yarn64k/math/suffix/matrix/suffix_t1p0/result.json,9.196808459001076,1781.4875750690117,2.4290304502247864,2.4290304502247864,2.43x,2.43x
vllm_native,vLLM 0.24.0,"{""cuda_version"":""13.0"",""environment"":{""VLLM_ATTENTION_BACKEND"":null,""VLLM_USE_V2_MODEL_RUNNER"":""0""},""gpu_count"":4,""gpu_names"":[""NVIDIA GB200"",""NVIDIA GB200"",""NVIDIA GB200"",""NVIDIA GB200""],""platform"":""Linux-6.17.0-1021-nvidia-64k-aarch64-with-glibc2.39"",""python"":""3.12.3"",""torch_version"":""2.11.0+cu130"",""vllm_version"":""0.24.0""}",SWE,Qwen3-8B,/lustre/fsw/coreai_dlalgo_llm/users/sna/vllm024-dynamicsd/long-context-models/yarn4/qwen3-8b,0.0,1.0,1,4096,65536,YaRN 64K,yarn4,NONE,"{""attention_backend"":""TRITON_ATTN"",""cuda_profiler_range"":false,""cudagraph_mode"":""NONE"",""disable_custom_all_reduce"":true,""dtype"":""bfloat16"",""enable_chunked_prefill"":true,""enable_prefix_caching"":true,""enforce_eager"":true,""engine_gpus"":1,""gpu_memory_utilization"":0.9,""isl"":4096,""kv_cache_dtype"":""auto"",""max_model_len"":69632,""max_num_batched_tokens"":65536,""max_num_seqs"":1,""measure_repeats"":1,""model"":""/lustre/fsw/coreai_dlalgo_llm/users/sna/vllm024-dynamicsd/long-context-models/yarn4/qwen3-8b"",""moe_backend"":""auto"",""osl"":65536,""pipeline_parallel_size"":1,""pp"":1,""prompt_jsonl"":""/lustre/fsw/coreai_dlalgo_llm/users/sna/vllm-benchmark/data/swebench_verified_prompts_all.jsonl"",""prompt_offset"":0,""seed"":0,""temperature"":0.0,""tensor_parallel_size"":1,""top_p"":1.0,""total_gpus"":4,""tp"":1,""warmup_repeats"":0}",TRITON_ATTN,baseline,,9.300215760853996,1761.6795589799876,,,2271270,complete,experiments/vllm_024_dynamicsd/report/20260704_vllm_native_completed/yarn64k/swe/baseline/matrix/baseline_t0p0/result.json,9.300215760853996,1761.6795589799876,1.0,1.0,1.00x,1.00x
vllm_native,vLLM 0.24.0,"{""cuda_version"":""13.0"",""environment"":{""VLLM_ATTENTION_BACKEND"":null,""VLLM_USE_V2_MODEL_RUNNER"":""0""},""gpu_count"":4,""gpu_names"":[""NVIDIA GB200"",""NVIDIA GB200"",""NVIDIA GB200"",""NVIDIA GB200""],""platform"":""Linux-6.17.0-1021-nvidia-64k-aarch64-with-glibc2.39"",""python"":""3.12.3"",""torch_version"":""2.11.0+cu130"",""vllm_version"":""0.24.0""}",SWE,Qwen3-8B,/lustre/fsw/coreai_dlalgo_llm/users/sna/vllm024-dynamicsd/long-context-models/yarn4/qwen3-8b,1.0,1.0,1,4096,65536,YaRN 64K,yarn4,NONE,"{""attention_backend"":""TRITON_ATTN"",""cuda_profiler_range"":false,""cudagraph_mode"":""NONE"",""disable_custom_all_reduce"":true,""dtype"":""bfloat16"",""enable_chunked_prefill"":true,""enable_prefix_caching"":true,""enforce_eager"":true,""engine_gpus"":1,""gpu_memory_utilization"":0.9,""isl"":4096,""kv_cache_dtype"":""auto"",""max_model_len"":69632,""max_num_batched_tokens"":65536,""max_num_seqs"":1,""measure_repeats"":1,""model"":""/lustre/fsw/coreai_dlalgo_llm/users/sna/vllm024-dynamicsd/long-context-models/yarn4/qwen3-8b"",""moe_backend"":""auto"",""osl"":65536,""pipeline_parallel_size"":1,""pp"":1,""prompt_jsonl"":""/lustre/fsw/coreai_dlalgo_llm/users/sna/vllm-benchmark/data/swebench_verified_prompts_all.jsonl"",""prompt_offset"":0,""seed"":0,""temperature"":1.0,""tensor_parallel_size"":1,""top_p"":1.0,""total_gpus"":4,""tp"":1,""warmup_repeats"":0}",TRITON_ATTN,baseline,,9.066270040656667,1807.13787770801,,,2271271,complete,experiments/vllm_024_dynamicsd/report/20260704_vllm_native_completed/yarn64k/swe/baseline/matrix/baseline_t1p0/result.json,9.066270040656667,1807.13787770801,1.0,1.0,1.00x,1.00x
vllm_native,vLLM 0.24.0,"{""cuda_version"":""13.0"",""environment"":{""VLLM_ATTENTION_BACKEND"":null,""VLLM_USE_V2_MODEL_RUNNER"":""0""},""gpu_count"":4,""gpu_names"":[""NVIDIA GB200"",""NVIDIA GB200"",""NVIDIA GB200"",""NVIDIA GB200""],""platform"":""Linux-6.17.0-1021-nvidia-64k-aarch64-with-glibc2.39"",""python"":""3.12.3"",""torch_version"":""2.11.0+cu130"",""vllm_version"":""0.24.0""}",SWE,Qwen3-8B,/lustre/fsw/coreai_dlalgo_llm/users/sna/vllm024-dynamicsd/long-context-models/yarn4/qwen3-8b,0.0,1.0,1,4096,65536,YaRN 64K,yarn4,NONE,"{""attention_backend"":""TRITON_ATTN"",""cuda_profiler_range"":false,""cudagraph_mode"":""NONE"",""disable_custom_all_reduce"":true,""dtype"":""bfloat16"",""enable_chunked_prefill"":true,""enable_prefix_caching"":true,""enforce_eager"":true,""engine_gpus"":1,""gpu_memory_utilization"":0.9,""isl"":4096,""kv_cache_dtype"":""auto"",""max_model_len"":69632,""max_num_batched_tokens"":65536,""max_num_seqs"":1,""measure_repeats"":1,""model"":""/lustre/fsw/coreai_dlalgo_llm/users/sna/vllm024-dynamicsd/long-context-models/yarn4/qwen3-8b"",""moe_backend"":""auto"",""osl"":65536,""pipeline_parallel_size"":1,""pp"":1,""prompt_jsonl"":""/lustre/fsw/coreai_dlalgo_llm/users/sna/vllm-benchmark/data/swebench_verified_prompts_all.jsonl"",""prompt_offset"":0,""seed"":0,""temperature"":0.0,""tensor_parallel_size"":1,""top_p"":1.0,""total_gpus"":4,""tp"":1,""warmup_repeats"":0}",TRITON_ATTN,dflash,15.0,25.847438791370497,633.8732488059904,0.45344923394458997,7.790418449833571,2271278,complete,experiments/vllm_024_dynamicsd/report/20260704_vllm_native_completed/yarn64k/swe/dflash/matrix/dflash_t0p0/result.json,9.300215760853996,1761.6795589799876,2.7792300153041873,2.7792300153041873,2.78x,2.78x
vllm_native,vLLM 0.24.0,"{""cuda_version"":""13.0"",""environment"":{""VLLM_ATTENTION_BACKEND"":null,""VLLM_USE_V2_MODEL_RUNNER"":""0""},""gpu_count"":4,""gpu_names"":[""NVIDIA GB200"",""NVIDIA GB200"",""NVIDIA GB200"",""NVIDIA GB200""],""platform"":""Linux-6.17.0-1021-nvidia-64k-aarch64-with-glibc2.39"",""python"":""3.12.3"",""torch_version"":""2.11.0+cu130"",""vllm_version"":""0.24.0""}",SWE,Qwen3-8B,/lustre/fsw/coreai_dlalgo_llm/users/sna/vllm024-dynamicsd/long-context-models/yarn4/qwen3-8b,1.0,1.0,1,4096,65536,YaRN 64K,yarn4,NONE,"{""attention_backend"":""TRITON_ATTN"",""cuda_profiler_range"":false,""cudagraph_mode"":""NONE"",""disable_custom_all_reduce"":true,""dtype"":""bfloat16"",""enable_chunked_prefill"":true,""enable_prefix_caching"":true,""enforce_eager"":true,""engine_gpus"":1,""gpu_memory_utilization"":0.9,""isl"":4096,""kv_cache_dtype"":""auto"",""max_model_len"":69632,""max_num_batched_tokens"":65536,""max_num_seqs"":1,""measure_repeats"":1,""model"":""/lustre/fsw/coreai_dlalgo_llm/users/sna/vllm024-dynamicsd/long-context-models/yarn4/qwen3-8b"",""moe_backend"":""auto"",""osl"":65536,""pipeline_parallel_size"":1,""pp"":1,""prompt_jsonl"":""/lustre/fsw/coreai_dlalgo_llm/users/sna/vllm-benchmark/data/swebench_verified_prompts_all.jsonl"",""prompt_offset"":0,""seed"":0,""temperature"":1.0,""tensor_parallel_size"":1,""top_p"":1.0,""total_gpus"":4,""tp"":1,""warmup_repeats"":0}",TRITON_ATTN,dflash,15.0,22.274749902445823,735.5413673219737,0.39496230536179805,6.915681722245673,2271279,complete,experiments/vllm_024_dynamicsd/report/20260704_vllm_native_completed/yarn64k/swe/dflash/matrix/dflash_t1p0/result.json,9.066270040656667,1807.13787770801,2.4568813638417137,2.456881363841714,2.46x,2.46x
vllm_native,vLLM 0.24.0,"{""cuda_version"":""13.0"",""environment"":{""VLLM_ATTENTION_BACKEND"":null,""VLLM_USE_V2_MODEL_RUNNER"":""0""},""gpu_count"":4,""gpu_names"":[""NVIDIA GB200"",""NVIDIA GB200"",""NVIDIA GB200"",""NVIDIA GB200""],""platform"":""Linux-6.17.0-1021-nvidia-64k-aarch64-with-glibc2.39"",""python"":""3.12.3"",""torch_version"":""2.11.0+cu130"",""vllm_version"":""0.24.0""}",SWE,Qwen3-8B,/lustre/fsw/coreai_dlalgo_llm/users/sna/vllm024-dynamicsd/long-context-models/yarn4/qwen3-8b,0.0,1.0,1,4096,65536,YaRN 64K,yarn4,NONE,"{""attention_backend"":""TRITON_ATTN"",""cuda_profiler_range"":false,""cudagraph_mode"":""NONE"",""disable_custom_all_reduce"":true,""dtype"":""bfloat16"",""enable_chunked_prefill"":true,""enable_prefix_caching"":true,""enforce_eager"":true,""engine_gpus"":1,""gpu_memory_utilization"":0.9,""isl"":4096,""kv_cache_dtype"":""auto"",""max_model_len"":69632,""max_num_batched_tokens"":65536,""max_num_seqs"":1,""measure_repeats"":1,""model"":""/lustre/fsw/coreai_dlalgo_llm/users/sna/vllm024-dynamicsd/long-context-models/yarn4/qwen3-8b"",""moe_backend"":""auto"",""osl"":65536,""pipeline_parallel_size"":1,""pp"":1,""prompt_jsonl"":""/lustre/fsw/coreai_dlalgo_llm/users/sna/vllm-benchmark/data/swebench_verified_prompts_all.jsonl"",""prompt_offset"":0,""seed"":0,""temperature"":0.0,""tensor_parallel_size"":1,""top_p"":1.0,""total_gpus"":4,""tp"":1,""warmup_repeats"":0}",TRITON_ATTN,pard,12.0,5.675518623557812,2886.7846423750016,0.0528592152901614,1.634223585446747,2271274,complete,experiments/vllm_024_dynamicsd/report/20260704_vllm_native_completed/yarn64k/swe/pard/matrix/pard_t0p0/result.json,9.300215760853996,1761.6795589799876,0.6102566617268087,0.6102566617268087,0.61x,0.61x
vllm_native,vLLM 0.24.0,"{""cuda_version"":""13.0"",""environment"":{""VLLM_ATTENTION_BACKEND"":null,""VLLM_USE_V2_MODEL_RUNNER"":""0""},""gpu_count"":4,""gpu_names"":[""NVIDIA GB200"",""NVIDIA GB200"",""NVIDIA GB200"",""NVIDIA GB200""],""platform"":""Linux-6.17.0-1021-nvidia-64k-aarch64-with-glibc2.39"",""python"":""3.12.3"",""torch_version"":""2.11.0+cu130"",""vllm_version"":""0.24.0""}",SWE,Qwen3-8B,/lustre/fsw/coreai_dlalgo_llm/users/sna/vllm024-dynamicsd/long-context-models/yarn4/qwen3-8b,1.0,1.0,1,4096,65536,YaRN 64K,yarn4,NONE,"{""attention_backend"":""TRITON_ATTN"",""cuda_profiler_range"":false,""cudagraph_mode"":""NONE"",""disable_custom_all_reduce"":true,""dtype"":""bfloat16"",""enable_chunked_prefill"":true,""enable_prefix_caching"":true,""enforce_eager"":true,""engine_gpus"":1,""gpu_memory_utilization"":0.9,""isl"":4096,""kv_cache_dtype"":""auto"",""max_model_len"":69632,""max_num_batched_tokens"":65536,""max_num_seqs"":1,""measure_repeats"":1,""model"":""/lustre/fsw/coreai_dlalgo_llm/users/sna/vllm024-dynamicsd/long-context-models/yarn4/qwen3-8b"",""moe_backend"":""auto"",""osl"":65536,""pipeline_parallel_size"":1,""pp"":1,""prompt_jsonl"":""/lustre/fsw/coreai_dlalgo_llm/users/sna/vllm-benchmark/data/swebench_verified_prompts_all.jsonl"",""prompt_offset"":0,""seed"":0,""temperature"":1.0,""tensor_parallel_size"":1,""top_p"":1.0,""total_gpus"":4,""tp"":1,""warmup_repeats"":0}",TRITON_ATTN,pard,12.0,4.2764043152799225,3831.2560721769696,0.021148835889242858,1.2537593265735603,2271275,complete,experiments/vllm_024_dynamicsd/report/20260704_vllm_native_completed/yarn64k/swe/pard/matrix/pard_t1p0/result.json,9.066270040656667,1807.13787770801,0.47168287466652425,0.47168287466652437,0.47x,0.47x
vllm_native,vLLM 0.24.0,"{""cuda_version"":""13.0"",""environment"":{""VLLM_ATTENTION_BACKEND"":null,""VLLM_USE_V2_MODEL_RUNNER"":""0""},""gpu_count"":4,""gpu_names"":[""NVIDIA GB200"",""NVIDIA GB200"",""NVIDIA GB200"",""NVIDIA GB200""],""platform"":""Linux-6.17.0-1021-nvidia-64k-aarch64-with-glibc2.39"",""python"":""3.12.3"",""torch_version"":""2.11.0+cu130"",""vllm_version"":""0.24.0""}",SWE,Qwen3-8B,/lustre/fsw/coreai_dlalgo_llm/users/sna/vllm024-dynamicsd/long-context-models/yarn4/qwen3-8b,0.0,1.0,1,4096,65536,YaRN 64K,yarn4,NONE,"{""attention_backend"":""TRITON_ATTN"",""cuda_profiler_range"":false,""cudagraph_mode"":""NONE"",""disable_custom_all_reduce"":true,""dtype"":""bfloat16"",""enable_chunked_prefill"":true,""enable_prefix_caching"":true,""enforce_eager"":true,""engine_gpus"":1,""gpu_memory_utilization"":0.9,""isl"":4096,""kv_cache_dtype"":""auto"",""max_model_len"":69632,""max_num_batched_tokens"":65536,""max_num_seqs"":1,""measure_repeats"":1,""model"":""/lustre/fsw/coreai_dlalgo_llm/users/sna/vllm024-dynamicsd/long-context-models/yarn4/qwen3-8b"",""moe_backend"":""auto"",""osl"":65536,""pipeline_parallel_size"":1,""pp"":1,""prompt_jsonl"":""/lustre/fsw/coreai_dlalgo_llm/users/sna/vllm-benchmark/data/swebench_verified_prompts_all.jsonl"",""prompt_offset"":0,""seed"":0,""temperature"":0.0,""tensor_parallel_size"":1,""top_p"":1.0,""total_gpus"":4,""tp"":1,""warmup_repeats"":0}",TRITON_ATTN,pard2,15.0,3.523105845120826,4650.4421724060085,0.0003837180746561886,1.0057551527801225,2271276,complete,experiments/vllm_024_dynamicsd/report/20260704_vllm_native_completed/yarn64k/swe/pard2/matrix/pard2_t0p0/result.json,9.300215760853996,1761.6795589799876,0.37881979684279016,0.3788197968427901,0.38x,0.38x
vllm_native,vLLM 0.24.0,"{""cuda_version"":""13.0"",""environment"":{""VLLM_ATTENTION_BACKEND"":null,""VLLM_USE_V2_MODEL_RUNNER"":""0""},""gpu_count"":4,""gpu_names"":[""NVIDIA GB200"",""NVIDIA GB200"",""NVIDIA GB200"",""NVIDIA GB200""],""platform"":""Linux-6.17.0-1021-nvidia-64k-aarch64-with-glibc2.39"",""python"":""3.12.3"",""torch_version"":""2.11.0+cu130"",""vllm_version"":""0.24.0""}",SWE,Qwen3-8B,/lustre/fsw/coreai_dlalgo_llm/users/sna/vllm024-dynamicsd/long-context-models/yarn4/qwen3-8b,1.0,1.0,1,4096,65536,YaRN 64K,yarn4,NONE,"{""attention_backend"":""TRITON_ATTN"",""cuda_profiler_range"":false,""cudagraph_mode"":""NONE"",""disable_custom_all_reduce"":true,""dtype"":""bfloat16"",""enable_chunked_prefill"":true,""enable_prefix_caching"":true,""enforce_eager"":true,""engine_gpus"":1,""gpu_memory_utilization"":0.9,""isl"":4096,""kv_cache_dtype"":""auto"",""max_model_len"":69632,""max_num_batched_tokens"":65536,""max_num_seqs"":1,""measure_repeats"":1,""model"":""/lustre/fsw/coreai_dlalgo_llm/users/sna/vllm024-dynamicsd/long-context-models/yarn4/qwen3-8b"",""moe_backend"":""auto"",""osl"":65536,""pipeline_parallel_size"":1,""pp"":1,""prompt_jsonl"":""/lustre/fsw/coreai_dlalgo_llm/users/sna/vllm-benchmark/data/swebench_verified_prompts_all.jsonl"",""prompt_offset"":0,""seed"":0,""temperature"":1.0,""tensor_parallel_size"":1,""top_p"":1.0,""total_gpus"":4,""tp"":1,""warmup_repeats"":0}",TRITON_ATTN,pard2,15.0,3.5256080925385227,4647.141590885993,0.00016522603839975522,1.0024781251912134,2271277,complete,experiments/vllm_024_dynamicsd/report/20260704_vllm_native_completed/yarn64k/swe/pard2/matrix/pard2_t1p0/result.json,9.066270040656667,1807.13787770801,0.388870845091568,0.38887084509156805,0.39x,0.39x
vllm_native,vLLM 0.24.0,"{""cuda_version"":""13.0"",""environment"":{""VLLM_ATTENTION_BACKEND"":null,""VLLM_USE_V2_MODEL_RUNNER"":""0""},""gpu_count"":4,""gpu_names"":[""NVIDIA GB200"",""NVIDIA GB200"",""NVIDIA GB200"",""NVIDIA GB200""],""platform"":""Linux-6.17.0-1021-nvidia-64k-aarch64-with-glibc2.39"",""python"":""3.12.3"",""torch_version"":""2.11.0+cu130"",""vllm_version"":""0.24.0""}",SWE,Qwen3-8B,/lustre/fsw/coreai_dlalgo_llm/users/sna/vllm024-dynamicsd/long-context-models/yarn4/qwen3-8b,0.0,1.0,1,4096,65536,YaRN 64K,yarn4,NONE,"{""attention_backend"":""TRITON_ATTN"",""cuda_profiler_range"":false,""cudagraph_mode"":""NONE"",""disable_custom_all_reduce"":true,""dtype"":""bfloat16"",""enable_chunked_prefill"":true,""enable_prefix_caching"":true,""enforce_eager"":true,""engine_gpus"":1,""gpu_memory_utilization"":0.9,""isl"":4096,""kv_cache_dtype"":""auto"",""max_model_len"":69632,""max_num_batched_tokens"":65536,""max_num_seqs"":1,""measure_repeats"":1,""model"":""/lustre/fsw/coreai_dlalgo_llm/users/sna/vllm024-dynamicsd/long-context-models/yarn4/qwen3-8b"",""moe_backend"":""auto"",""osl"":65536,""pipeline_parallel_size"":1,""pp"":1,""prompt_jsonl"":""/lustre/fsw/coreai_dlalgo_llm/users/sna/vllm-benchmark/data/swebench_verified_prompts_all.jsonl"",""prompt_offset"":0,""seed"":0,""temperature"":0.0,""tensor_parallel_size"":1,""top_p"":1.0,""total_gpus"":4,""tp"":1,""warmup_repeats"":0}",TRITON_ATTN,suffix,32.0,63.3252940056228,258.72757888096385,0.9792429403712075,16.360299625468166,2271272,complete,experiments/vllm_024_dynamicsd/report/20260704_vllm_native_completed/yarn64k/swe/suffix/matrix/suffix_t0p0/result.json,9.300215760853996,1761.6795589799876,6.809013428717264,6.809013428717263,6.81x,6.81x
vllm_native,vLLM 0.24.0,"{""cuda_version"":""13.0"",""environment"":{""VLLM_ATTENTION_BACKEND"":null,""VLLM_USE_V2_MODEL_RUNNER"":""0""},""gpu_count"":4,""gpu_names"":[""NVIDIA GB200"",""NVIDIA GB200"",""NVIDIA GB200"",""NVIDIA GB200""],""platform"":""Linux-6.17.0-1021-nvidia-64k-aarch64-with-glibc2.39"",""python"":""3.12.3"",""torch_version"":""2.11.0+cu130"",""vllm_version"":""0.24.0""}",SWE,Qwen3-8B,/lustre/fsw/coreai_dlalgo_llm/users/sna/vllm024-dynamicsd/long-context-models/yarn4/qwen3-8b,1.0,1.0,1,4096,65536,YaRN 64K,yarn4,NONE,"{""attention_backend"":""TRITON_ATTN"",""cuda_profiler_range"":false,""cudagraph_mode"":""NONE"",""disable_custom_all_reduce"":true,""dtype"":""bfloat16"",""enable_chunked_prefill"":true,""enable_prefix_caching"":true,""enforce_eager"":true,""engine_gpus"":1,""gpu_memory_utilization"":0.9,""isl"":4096,""kv_cache_dtype"":""auto"",""max_model_len"":69632,""max_num_batched_tokens"":65536,""max_num_seqs"":1,""measure_repeats"":1,""model"":""/lustre/fsw/coreai_dlalgo_llm/users/sna/vllm024-dynamicsd/long-context-models/yarn4/qwen3-8b"",""moe_backend"":""auto"",""osl"":65536,""pipeline_parallel_size"":1,""pp"":1,""prompt_jsonl"":""/lustre/fsw/coreai_dlalgo_llm/users/sna/vllm-benchmark/data/swebench_verified_prompts_all.jsonl"",""prompt_offset"":0,""seed"":0,""temperature"":1.0,""tensor_parallel_size"":1,""top_p"":1.0,""total_gpus"":4,""tp"":1,""warmup_repeats"":0}",TRITON_ATTN,suffix,32.0,33.1253114678941,494.60667006496806,0.7885096459614162,7.196246112838739,2271273,complete,experiments/vllm_024_dynamicsd/report/20260704_vllm_native_completed/yarn64k/swe/suffix/matrix/suffix_t1p0/result.json,9.066270040656667,1807.13787770801,3.6536868325504726,3.653686832550473,3.65x,3.65x
