job_id,model,mode,method,max_steps,max_new_tokens,min_tokens,temperature,top_p,top_k,target_model,draft_model,num_speculative_tokens,num_nodes,gpus_per_node,segment,gres_flag,use_system_env,ray_use_existing_env,system_pydeps_site,config,run_id,remote_repo,container,log_dir,dependency,manifest,enforce_eager,vllm_enable_prefix_caching,vllm_moe_backend,vllm_max_num_seqs,vllm_max_num_batched_tokens,wandb_enabled,wandb_project,wandb_name,wandb_url,label,step_filter,steps,completed_steps,incomplete_steps,first_step,last_step,max_steps_metric,completed_step_span,incomplete_step_span,partial_result_state,draft_training_enabled_steps,draft_refit_steps,error_count_sum,latest_error,vllm_accepted_tokens_sum_weighted,vllm_drafted_tokens_sum_weighted,vllm_token_acceptance_pct,log_path,total_step_time_s_mean,generation_time_s_mean,policy_training_time_s_mean,policy_and_reference_logprobs_time_s_mean,prepare_for_generation_total_s_mean,e2e_tokens_per_sec_per_gpu_mean,generation_worker_tokens_per_sec_per_gpu_mean,policy_training_tokens_per_sec_per_gpu_mean,policy_logprobs_tokens_per_sec_per_gpu_mean,mean_generation_length_mean,draft_loss_mean,generation_kl_error_mean,avg_reward_mean,vllm_acceptance_rate_pct_mean_weighted_mean,vllm_acceptance_length_mean_weighted_mean,vllm_acceptance_rate_pos1_weighted_mean,vllm_acceptance_rate_pos2_weighted_mean,vllm_acceptance_rate_pos3_weighted_mean,vllm_acceptance_rate_pos4_weighted_mean,vllm_acceptance_rate_pos5_weighted_mean,summary_source,exposed_generation_time_s_mean,exposed_generation_ratio_pct_mean,job_name,slurm_state,exit_code,elapsed,start,end,method_k,model_name,cluster,source_group,config_basis,source_priority,completed_last_step,gen_tps_speedup,e2e_tps_speedup,generation_time_speedup,e2e_step_time_speedup,isl,comparison_group,metric_state,notes,nodes_x_gpus,metric_window,cuda_graph_state,strict_match_eligible,baseline_match_state,evidence_period,canonical_snapshot,baseline_job_id,k,raw_state,result_state,exposed_generation_time_speedup,mean_generation_length,error_count,source_file,source_row_index,basis,resource_shape,config_segment_size,target_tensor_parallel_size,draft_tensor_parallel_size,attention_backend,moe_backend,max_num_seqs,max_num_batched_tokens,cohort,fuse_allreduce_rms,num_prompts_per_step,num_generations_per_prompt,strict_match_ready,alternate_source_groups,alternate_manifests
2258657,Qwen3-235B-A22B,sync,eagle3_k7,20.0,8192.0,,1.0,1.0,,,,,32.0,4.0,16.0,,,,,,,,,,,docs/lyris_qwen235b_sync_eagle3_absolute_metrics_20260702.csv,False,,,,,true,,,https://wandb.ai/nvidia/sna-nemorl-specdec-lyris/runs/bra22f2d,,2-20,,19.0,,,20.0,,2-20,,,,,,,,,17.2267,,230.7437,114.5979,,,,108.7242,196.3758,,,,,0.00693,0.58389,,2.2059,,,,,,,,,,COMPLETED,,,,,eagle3_k7,Qwen3-235B-A22B,lyris,Lyris Qwen235B sync Eagle-3 PerfCfg CG-on absolute 2026-07-02,"normalized July performance-recipe result; resource=32x4, segment=16, attention=TRITON_ATTN, MoE=triton",-10.0,19/20 last 20,,,,,,Lyris Qwen235B sync Eagle-3 PerfCfg CG-on absolute 2026-07-02,completed,"Exact Qwen3-235B sync performance recipe with CUDA Graph enabled, TRITON_ATTN, Triton MoE, segment 16, and no gres. Absolute Step 2-20 means; speedup intentionally omitted until a matched Step 2-20 baseline completes.",32x4,steps 2-20 (19 metrics),CG-on,True,unmatched_baseline,july-current,,,7.0,COMPLETED,completed,,5520.4135,0.0,docs/lyris_qwen235b_sync_eagle3_absolute_metrics_20260702.csv,2.0,,32x4,16.0,8.0,1.0,TRITON_ATTN,triton,,,standard,True,,,False,,
2258658,Qwen3-235B-A22B,sync,eagle3_k9,20.0,8192.0,,1.0,1.0,,,,,32.0,4.0,16.0,,,,,,,,,,,docs/lyris_qwen235b_sync_eagle3_absolute_metrics_20260702.csv,False,,,,,true,,,https://wandb.ai/nvidia/sna-nemorl-specdec-lyris/runs/y99qvnc9,,2-20,,19.0,,,20.0,,2-20,,,,,,,,,13.408,,262.3216,131.1116,,,,95.8089,174.2063,,,,,0.00688,0.58265,,2.2067,,,,,,,,,,COMPLETED,,,,,eagle3_k9,Qwen3-235B-A22B,lyris,Lyris Qwen235B sync Eagle-3 PerfCfg CG-on absolute 2026-07-02,"normalized July performance-recipe result; resource=32x4, segment=16, attention=TRITON_ATTN, MoE=triton",-10.0,19/20 last 20,,,,,,Lyris Qwen235B sync Eagle-3 PerfCfg CG-on absolute 2026-07-02,completed,"Exact Qwen3-235B sync performance recipe with CUDA Graph enabled, TRITON_ATTN, Triton MoE, segment 16, and no gres. Absolute Step 2-20 means; speedup intentionally omitted until a matched Step 2-20 baseline completes.",32x4,steps 2-20 (19 metrics),CG-on,True,unmatched_baseline,july-current,,,9.0,COMPLETED,completed,,5518.3136,0.0,docs/lyris_qwen235b_sync_eagle3_absolute_metrics_20260702.csv,3.0,,32x4,16.0,8.0,1.0,TRITON_ATTN,triton,,,standard,True,,,False,,
2260469,Qwen3-30B-A3B,async-1off,baseline,20.0,4096.0,,1.0,1.0,,,,,4.0,4.0,4.0,,,,,,,,,,,docs/lyris_qwen30_async1off_strict_matched_live_metrics_20260702.csv,False,,,,,true,,,https://wandb.ai/nvidia/sna-nemorl-specdec-lyris/runs/cj9hx0zo,,2-20,,19.0,,,20.0,,2-20,,,,,,,,,,,300.2195,,,,,1384.4428,2826.5247,,,,,0.001913,0.525416,,,,,,,,,1.4737,,,COMPLETED,,,,,baseline,Qwen3-30B-A3B,lyris,Lyris Qwen30 async-1off PerfCfg CG-on matched 2026-07-02,"normalized July performance-recipe result; resource=4x4, segment=4, attention=TRITON_ATTN, MoE=triton",-10.0,19/20 last 20,1.0,1.0,,1.0,,Lyris Qwen30 async-1off PerfCfg CG-on matched 2026-07-02,completed,Completed 20/20 with SLURM exit 0:0. Async runs expose generation-worker throughput and exposed-generation time rather than the sync generation_time metric.,4x4,steps 2-20 (19 metrics),CG-on,True,baseline,july-current,,,0.0,COMPLETED,completed,1.0,,,docs/lyris_qwen30_async1off_strict_matched_live_metrics_20260702.csv,2.0,final matched Step 2-20 means from W&B sampledHistory,4x4,2.0,1.0,,TRITON_ATTN,triton,128.0,32768.0,standard,True,,,True,,
2260470,Qwen3-30B-A3B,async-1off,eagle3,20.0,4096.0,,1.0,1.0,,,,,4.0,4.0,4.0,,,,,,,,,,,docs/lyris_qwen30_async1off_strict_matched_live_metrics_20260702.csv,False,,,,,true,,,https://wandb.ai/nvidia/sna-nemorl-specdec-lyris/runs/4nbdgivx,,2-20,,19.0,,,20.0,,2-20,,,,,,,,,,,298.2111,,,,,1390.8812,2844.8575,,,,,0.001894,0.524774,,,,,,,,,1.4705,,,COMPLETED,,,,,eagle3_k5,Qwen3-30B-A3B,lyris,Lyris Qwen30 async-1off PerfCfg CG-on matched 2026-07-02,"normalized July performance-recipe result; resource=4x4, segment=4, attention=TRITON_ATTN, MoE=triton",-10.0,19/20 last 20,1.0065,1.0047,,1.0067,,Lyris Qwen30 async-1off PerfCfg CG-on matched 2026-07-02,completed,Completed 20/20 with SLURM exit 0:0. Exact async performance recipe plus static Eagle-3 K5; performance is statistically near neutral and reward/KL match the baseline.,4x4,steps 2-20 (19 metrics),CG-on,True,matched,july-current,,,5.0,COMPLETED,completed,1.0022,,,docs/lyris_qwen30_async1off_strict_matched_live_metrics_20260702.csv,3.0,final matched Step 2-20 means from W&B sampledHistory,4x4,2.0,1.0,1.0,TRITON_ATTN,triton,128.0,32768.0,standard,True,,,True,,
2261964,Qwen3-30B-A3B,async-1off,eagle3,20.0,4096.0,,1.0,1.0,,,,,4.0,4.0,4.0,,,,,,,,,,,docs/lyris_qwen30_async1off_strict_matched_live_metrics_20260702.csv,False,,,,,true,,,https://wandb.ai/nvidia/sna-nemorl-specdec-lyris/runs/2x8v2abe,,2-20,,19.0,,,20.0,,2-20,,,,,,,,,,,284.3413,,,,,1458.6898,2982.8691,,,,,0.001901,0.52593,,,,,,,,,1.5219,,,COMPLETED,,,,,eagle3_k7,Qwen3-30B-A3B,lyris,Lyris Qwen30 async-1off PerfCfg CG-on matched 2026-07-02,"normalized July performance-recipe result; resource=4x4, segment=4, attention=TRITON_ATTN, MoE=triton",-10.0,19/20 last 20,1.0553,1.0536,,1.0558,,Lyris Qwen30 async-1off PerfCfg CG-on matched 2026-07-02,completed,Completed 20/20 with exit 0:0. Async-1off Eagle K7 improves E2E throughput by 5.4% and generation-worker throughput by 5.5%; reward and KL remain aligned with the matched baseline. Acceptance metrics are not emitted by the current async path.,4x4,steps 2-20 (19 metrics),CG-on,True,matched,july-current,,,7.0,COMPLETED,completed,0.9683,,,docs/lyris_qwen30_async1off_strict_matched_live_metrics_20260702.csv,8.0,final matched Step 2-20 means from W&B sampled history,4x4,2.0,1.0,1.0,TRITON_ATTN,triton,128.0,32768.0,standard,True,,,True,,
2261870,Qwen3-30B-A3B,async-1off,eagle3,20.0,4096.0,,1.0,1.0,,,,,4.0,4.0,4.0,,,,,,,,,,,docs/lyris_qwen30_async1off_strict_matched_live_metrics_20260702.csv,False,,,,,true,,,https://wandb.ai/nvidia/sna-nemorl-specdec-lyris/runs/6ikyrt2d,,2-20,,19.0,,,20.0,,2-20,,,,,,,,,,,279.3265,,,,,1484.8788,3036.1276,,,,,0.001887,0.525442,,,,,,,,,1.4576,,,COMPLETED,,,,,eagle3_k9,Qwen3-30B-A3B,lyris,Lyris Qwen30 async-1off PerfCfg CG-on matched 2026-07-02,"normalized July performance-recipe result; resource=4x4, segment=4, attention=TRITON_ATTN, MoE=triton",-10.0,19/20 last 20,1.0742,1.0725,,1.0748,,Lyris Qwen30 async-1off PerfCfg CG-on matched 2026-07-02,completed,Completed 20/20 with exit 0:0. Async-1off Eagle K9 improves E2E throughput by 7.3% and generation-worker throughput by 7.4%; reward and KL remain aligned with the matched baseline. Acceptance metrics are not emitted by the current async path.,4x4,steps 2-20 (19 metrics),CG-on,True,matched,july-current,,,9.0,COMPLETED,completed,1.0111,,,docs/lyris_qwen30_async1off_strict_matched_live_metrics_20260702.csv,9.0,final matched Step 2-20 means from W&B sampled history,4x4,2.0,1.0,1.0,TRITON_ATTN,triton,128.0,32768.0,standard,True,,,True,,
2260582,Qwen3-30B-A3B,async-1off,pard,20.0,4096.0,,1.0,1.0,,,,,4.0,4.0,4.0,,,,,,,,,,,docs/lyris_qwen30_async1off_strict_matched_live_metrics_20260702.csv,False,,,,,true,,,https://wandb.ai/nvidia/sna-nemorl-specdec-lyris/runs/jswiovrk,,2-20,,19.0,,,20.0,,2-20,,,,,,,,,,,344.5351,,,,,1205.5599,2457.6866,,,,,0.001903,0.525776,,,,,,,,,1.584,,,COMPLETED,,,,,pard_k1,Qwen3-30B-A3B,lyris,Lyris Qwen30 async-1off PerfCfg CG-on matched 2026-07-02,"normalized July performance-recipe result; resource=4x4, segment=4, attention=TRITON_ATTN, MoE=triton",-10.0,19/20 last 20,0.8695,0.8708,,0.8714,,Lyris Qwen30 async-1off PerfCfg CG-on matched 2026-07-02,completed,Completed 20/20 with exit 0:0. PARD K1 preserves async overlap but remains about 13% slower than the matched baseline.,4x4,steps 2-20 (19 metrics),CG-on,True,matched,july-current,,,1.0,COMPLETED,completed,0.9304,,,docs/lyris_qwen30_async1off_strict_matched_live_metrics_20260702.csv,4.0,final matched Step 2-20 means from W&B sampledHistory,4x4,2.0,1.0,1.0,TRITON_ATTN,triton,128.0,32768.0,standard,True,,,True,,
2260883,Qwen3-30B-A3B,async-1off,pard,20.0,4096.0,,1.0,1.0,,,,,4.0,4.0,4.0,,,,,,,,,,,docs/lyris_qwen30_async1off_strict_matched_live_metrics_20260702.csv,False,,,,,true,,,https://wandb.ai/nvidia/sna-nemorl-specdec-lyris/runs/xneksrne,,2-20,,19.0,,,20.0,,2-20,,,,,,,,,,,284.3689,,,,,1459.9322,2984.4527,,,,,0.001897,0.526958,,,,,,,,,1.4367,,,COMPLETED_REPLICATE,,,,,pard_k1,Qwen3-30B-A3B,lyris,Lyris Qwen30 async-1off PerfCfg CG-on matched 2026-07-02,"normalized July performance-recipe result; resource=4x4, segment=4, attention=TRITON_ATTN, MoE=triton",-10.0,19/20 last 20,1.0559,1.0545,,1.0557,,Lyris Qwen30 async-1off PerfCfg CG-on matched 2026-07-02,completed,Completed 20/20 with exit 0:0. Independent five-hour K1 replicate improves E2E and generation-worker throughput by about 5.5%; correctness metrics remain aligned.,4x4,steps 2-20 (19 metrics),CG-on,True,matched,july-current,,,1.0,COMPLETED_REPLICATE,completed,1.0258,,,docs/lyris_qwen30_async1off_strict_matched_live_metrics_20260702.csv,10.0,final matched Step 2-20 means from W&B sampled history,4x4,2.0,1.0,1.0,TRITON_ATTN,triton,128.0,32768.0,standard,True,,,True,,
2260471,Qwen3-30B-A3B,async-1off,pard,20.0,4096.0,,1.0,1.0,,,,,4.0,4.0,4.0,,,,,,,,,,,docs/lyris_qwen30_async1off_strict_matched_live_metrics_20260702.csv,False,,,,,true,,,https://wandb.ai/nvidia/sna-nemorl-specdec-lyris/runs/sglqd4lf,,2-20,,19.0,,,20.0,,2-20,,,,,,,,,,,449.1708,,,,,946.8545,1923.0951,,,,,0.001903,0.523206,,,,,,,,,144.2359,,,COMPLETED,,,,,pard_k16,Qwen3-30B-A3B,lyris,Lyris Qwen30 async-1off PerfCfg CG-on matched 2026-07-02,"normalized July performance-recipe result; resource=4x4, segment=4, attention=TRITON_ATTN, MoE=triton",-10.0,19/20 last 20,0.6804,0.6839,,0.6684,,Lyris Qwen30 async-1off PerfCfg CG-on matched 2026-07-02,completed,Completed 20/20 with exit 0:0. The 144.24s exposed-generation mean confirms async overlap collapse for PARD K16.,4x4,steps 2-20 (19 metrics),CG-on,True,matched,july-current,,,16.0,COMPLETED,completed,0.0102,,,docs/lyris_qwen30_async1off_strict_matched_live_metrics_20260702.csv,7.0,final matched Step 2-20 means from W&B sampledHistory,4x4,2.0,1.0,1.0,TRITON_ATTN,triton,128.0,32768.0,standard,True,,,True,,
2260887,Qwen3-30B-A3B,async-1off,pard,20.0,4096.0,,1.0,1.0,,,,,4.0,4.0,4.0,,,,,,,,,,,docs/lyris_qwen30_async1off_strict_matched_live_metrics_20260702.csv,False,,,,,true,,,https://wandb.ai/nvidia/sna-nemorl-specdec-lyris/runs/af3lth34,,2-20,,19.0,,,20.0,,2-20,,,,,,,,,,,442.5463,,,,,986.6718,2004.0225,,,,,0.001902,0.524928,,,,,,,,,169.0774,,,COMPLETED_REPLICATE,,,,,pard_k16,Qwen3-30B-A3B,lyris,Lyris Qwen30 async-1off PerfCfg CG-on matched 2026-07-02,"normalized July performance-recipe result; resource=4x4, segment=4, attention=TRITON_ATTN, MoE=triton",-10.0,19/20 last 20,0.709,0.7127,,0.6784,,Lyris Qwen30 async-1off PerfCfg CG-on matched 2026-07-02,completed,Completed 20/20 with exit 0:0. Independent five-hour K16 replicate remains substantially slower and confirms async overlap collapse; correctness metrics remain aligned.,4x4,steps 2-20 (19 metrics),CG-on,True,matched,july-current,,,16.0,COMPLETED_REPLICATE,completed,0.0087,,,docs/lyris_qwen30_async1off_strict_matched_live_metrics_20260702.csv,13.0,final matched Step 2-20 means from W&B sampled history,4x4,2.0,1.0,1.0,TRITON_ATTN,triton,128.0,32768.0,standard,True,,,True,,
2260583,Qwen3-30B-A3B,async-1off,pard,20.0,4096.0,,1.0,1.0,,,,,4.0,4.0,4.0,,,,,,,,,,,docs/lyris_qwen30_async1off_strict_matched_live_metrics_20260702.csv,False,,,,,true,,,https://wandb.ai/nvidia/sna-nemorl-specdec-lyris/runs/sney9zbd,,2-20,,19.0,,,20.0,,2-20,,,,,,,,,,,327.9526,,,,,1264.9375,2582.8196,,,,,0.001895,0.527601,,,,,,,,,1.5556,,,COMPLETED,,,,,pard_k7,Qwen3-30B-A3B,lyris,Lyris Qwen30 async-1off PerfCfg CG-on matched 2026-07-02,"normalized July performance-recipe result; resource=4x4, segment=4, attention=TRITON_ATTN, MoE=triton",-10.0,19/20 last 20,0.9138,0.9137,,0.9154,,Lyris Qwen30 async-1off PerfCfg CG-on matched 2026-07-02,completed,Completed 20/20 with exit 0:0. PARD K7 preserves async overlap but remains about 8.6% slower than the matched baseline.,4x4,steps 2-20 (19 metrics),CG-on,True,matched,july-current,,,7.0,COMPLETED,completed,0.9474,,,docs/lyris_qwen30_async1off_strict_matched_live_metrics_20260702.csv,5.0,final matched Step 2-20 means from W&B sampledHistory,4x4,2.0,1.0,1.0,TRITON_ATTN,triton,128.0,32768.0,standard,True,,,True,,
2260885,Qwen3-30B-A3B,async-1off,pard,20.0,4096.0,,1.0,1.0,,,,,4.0,4.0,4.0,,,,,,,,,,,docs/lyris_qwen30_async1off_strict_matched_live_metrics_20260702.csv,False,,,,,true,,,https://wandb.ai/nvidia/sna-nemorl-specdec-lyris/runs/kkrw6f37,,2-20,,19.0,,,20.0,,2-20,,,,,,,,,,,292.6591,,,,,1420.0158,2901.7432,,,,,0.001889,0.524106,,,,,,,,,4.5765,,,COMPLETED_REPLICATE,,,,,pard_k7,Qwen3-30B-A3B,lyris,Lyris Qwen30 async-1off PerfCfg CG-on matched 2026-07-02,"normalized July performance-recipe result; resource=4x4, segment=4, attention=TRITON_ATTN, MoE=triton",-10.0,19/20 last 20,1.0266,1.0257,,1.0258,,Lyris Qwen30 async-1off PerfCfg CG-on matched 2026-07-02,completed,Completed 20/20 with exit 0:0. Independent five-hour K7 replicate improves E2E and generation-worker throughput by about 2.6% despite a larger exposed-generation tail; correctness metrics remain aligned.,4x4,steps 2-20 (19 metrics),CG-on,True,matched,july-current,,,7.0,COMPLETED_REPLICATE,completed,0.322,,,docs/lyris_qwen30_async1off_strict_matched_live_metrics_20260702.csv,11.0,final matched Step 2-20 means from W&B sampled history,4x4,2.0,1.0,1.0,TRITON_ATTN,triton,128.0,32768.0,standard,True,,,True,,
2260584,Qwen3-30B-A3B,async-1off,pard,20.0,4096.0,,1.0,1.0,,,,,4.0,4.0,4.0,,,,,,,,,,,docs/lyris_qwen30_async1off_strict_matched_live_metrics_20260702.csv,False,,,,,true,,,https://wandb.ai/nvidia/sna-nemorl-specdec-lyris/runs/36v544xg,,2-20,,19.0,,,20.0,,2-20,,,,,,,,,,,345.1118,,,,,1220.5244,2489.1621,,,,,0.001905,0.522692,,,,,,,,,42.4648,,,COMPLETED,,,,,pard_k9,Qwen3-30B-A3B,lyris,Lyris Qwen30 async-1off PerfCfg CG-on matched 2026-07-02,"normalized July performance-recipe result; resource=4x4, segment=4, attention=TRITON_ATTN, MoE=triton",-10.0,19/20 last 20,0.8806,0.8816,,0.8699,,Lyris Qwen30 async-1off PerfCfg CG-on matched 2026-07-02,completed,Completed 20/20 with exit 0:0. PARD K9 is 11.8% lower in E2E throughput and 11.9% lower in generation-worker throughput than the matched baseline; async overlap is also substantially worse.,4x4,steps 2-20 (19 metrics),CG-on,True,matched,july-current,,,9.0,COMPLETED,completed,0.0347,,,docs/lyris_qwen30_async1off_strict_matched_live_metrics_20260702.csv,6.0,final matched Step 2-20 means from W&B sampledHistory,4x4,2.0,1.0,1.0,TRITON_ATTN,triton,128.0,32768.0,standard,True,,,True,,
2260886,Qwen3-30B-A3B,async-1off,pard,20.0,4096.0,,1.0,1.0,,,,,4.0,4.0,4.0,,,,,,,,,,,docs/lyris_qwen30_async1off_strict_matched_live_metrics_20260702.csv,False,,,,,true,,,https://wandb.ai/nvidia/sna-nemorl-specdec-lyris/runs/dwl4molb,,2-20,,19.0,,,20.0,,2-20,,,,,,,,,,,313.733,,,,,1339.7333,2737.1653,,,,,0.001892,0.52575,,,,,,,,,35.7309,,,COMPLETED_REPLICATE,,,,,pard_k9,Qwen3-30B-A3B,lyris,Lyris Qwen30 async-1off PerfCfg CG-on matched 2026-07-02,"normalized July performance-recipe result; resource=4x4, segment=4, attention=TRITON_ATTN, MoE=triton",-10.0,19/20 last 20,0.9684,0.9677,,0.9569,,Lyris Qwen30 async-1off PerfCfg CG-on matched 2026-07-02,completed,Completed 20/20 with exit 0:0. Independent five-hour K9 replicate is near throughput parity but async exposed-generation overlap remains unstable; correctness metrics remain aligned.,4x4,steps 2-20 (19 metrics),CG-on,True,matched,july-current,,,9.0,COMPLETED_REPLICATE,completed,0.0412,,,docs/lyris_qwen30_async1off_strict_matched_live_metrics_20260702.csv,12.0,final matched Step 2-20 means from W&B sampled history,4x4,2.0,1.0,1.0,TRITON_ATTN,triton,128.0,32768.0,standard,True,,,True,,
2250928,Qwen3-30B-A3B,sync,baseline,20.0,4096.0,,1.0,1.0,,,,,4.0,4.0,4.0,,,,,,,,,,,docs/lyris_qwen30_sync_pard_strict_matched_metrics_20260702.csv,False,,,,,true,,,https://wandb.ai/nvidia/sna-nemorl-specdec-lyris/runs/stgi2wkt,,2-20,,19.0,,,20.0,,2-20,,,,,,,,,,,219.3241,79.513,,,,1874.7453,5173.5995,,,,,0.001906,0.524106,,,,,,,,,,,,COMPLETED,,,,,baseline,Qwen3-30B-A3B,lyris,Lyris Qwen30 sync PerfCfg CG-on matched 2026-07-02,"normalized July performance-recipe result; resource=4x4, segment=4, attention=TRITON_ATTN, MoE=triton",-10.0,19/20 last 20,1.0,1.0,1.0,1.0,,Lyris Qwen30 sync PerfCfg CG-on matched 2026-07-02,completed,Exact current-source sync performance recipe; steady-state Steps 2-20 exclude the cold-start first step.,4x4,steps 2-20 (19 metrics),CG-on,True,baseline,july-current,,,0.0,COMPLETED,completed,,,,docs/lyris_qwen30_sync_pard_strict_matched_metrics_20260702.csv,2.0,,4x4,4.0,1.0,,TRITON_ATTN,triton,128.0,32768.0,standard,True,,,True,,
2250930,Qwen3-30B-A3B,sync,eagle3,20.0,4096.0,,1.0,1.0,,,,,4.0,4.0,4.0,,,,,,,,,,,docs/lyris_qwen30_sync_pard_strict_matched_metrics_20260702.csv,False,,,,,true,,,https://wandb.ai/nvidia/sna-nemorl-specdec-lyris/runs/ralmmgb2,,2-20,,19.0,,,20.0,,2-20,,,,,,,,,50.1483,,226.978,87.5781,,,,1810.253,4695.6313,,,,,0.001906,0.521459,,3.507,,,,,,,,,,COMPLETED,,,,,eagle3_k5,Qwen3-30B-A3B,lyris,Lyris Qwen30 sync PerfCfg CG-on matched 2026-07-02,"normalized July performance-recipe result; resource=4x4, segment=4, attention=TRITON_ATTN, MoE=triton",-10.0,19/20 last 20,0.9076,0.9656,0.9079,0.9663,,Lyris Qwen30 sync PerfCfg CG-on matched 2026-07-02,completed,Completed matched 20-step Eagle-3 K5 run; slower than the CUDA Graph baseline in this sync setup.,4x4,steps 2-20 (19 metrics),CG-on,True,matched,july-current,,,5.0,COMPLETED,completed,,,,docs/lyris_qwen30_sync_pard_strict_matched_metrics_20260702.csv,3.0,,4x4,4.0,1.0,1.0,TRITON_ATTN,triton,128.0,32768.0,standard,True,,,True,,
2261867,Qwen3-30B-A3B,sync,eagle3,20.0,4096.0,,1.0,1.0,,,,,4.0,4.0,4.0,,,,,,,,,,,docs/lyris_qwen30_sync_pard_strict_matched_metrics_20260702.csv,False,,,,,true,,,https://wandb.ai/nvidia/sna-nemorl-specdec-lyris/runs/msirzddx,,2-20,,19.0,,,20.0,,2-20,,,,,,,,,39.6131,,229.7117,88.0687,,,,1787.4195,4664.8857,,,,,0.001904,0.525082,,3.772,,,,,,,,,,COMPLETED,,,,,eagle3_k7,Qwen3-30B-A3B,lyris,Lyris Qwen30 sync PerfCfg CG-on matched 2026-07-02,"normalized July performance-recipe result; resource=4x4, segment=4, attention=TRITON_ATTN, MoE=triton",-10.0,19/20 last 20,0.9017,0.9534,0.9029,0.9548,,Lyris Qwen30 sync PerfCfg CG-on matched 2026-07-02,completed,Completed matched Steps 2-20 with exit 0:0. Eagle-3 K7 is 4.7% below baseline E2E throughput and 9.8% below generation throughput despite mean accepted length 3.77.,4x4,steps 2-20 (19 metrics),CG-on,True,matched,july-current,,,7.0,COMPLETED,completed,,,,docs/lyris_qwen30_sync_pard_strict_matched_metrics_20260702.csv,8.0,,4x4,4.0,1.0,1.0,TRITON_ATTN,triton,128.0,32768.0,standard,True,,,True,,
2261868,Qwen3-30B-A3B,sync,eagle3,20.0,4096.0,,1.0,1.0,,,,,4.0,4.0,4.0,,,,,,,,,,,docs/lyris_qwen30_sync_pard_strict_matched_metrics_20260702.csv,False,,,,,true,,,https://wandb.ai/nvidia/sna-nemorl-specdec-lyris/runs/nar6qcjq,,2-20,,19.0,,,20.0,,2-20,,,,,,,,,31.8113,,240.2795,92.9789,,,,1708.3763,4419.5606,,,,,0.001912,0.523412,,3.8616,,,,,,,,,,COMPLETED,,,,,eagle3_k9,Qwen3-30B-A3B,lyris,Lyris Qwen30 sync PerfCfg CG-on matched 2026-07-02,"normalized July performance-recipe result; resource=4x4, segment=4, attention=TRITON_ATTN, MoE=triton",-10.0,19/20 last 20,0.8543,0.9113,0.8552,0.9128,,Lyris Qwen30 sync PerfCfg CG-on matched 2026-07-02,completed,Completed matched Steps 2-20 with exit 0:0. Eagle-3 K9 is 8.9% below baseline E2E throughput and 14.6% below generation throughput despite mean accepted length 3.86.,4x4,steps 2-20 (19 metrics),CG-on,True,matched,july-current,,,9.0,COMPLETED,completed,,,,docs/lyris_qwen30_sync_pard_strict_matched_metrics_20260702.csv,9.0,,4x4,4.0,1.0,1.0,TRITON_ATTN,triton,128.0,32768.0,standard,True,,,True,,
2260579,Qwen3-30B-A3B,sync,pard,20.0,4096.0,,1.0,1.0,,,,,4.0,4.0,4.0,,,,,,,,,,,docs/lyris_qwen30_sync_pard_strict_matched_metrics_20260702.csv,False,,,,,true,,,https://wandb.ai/nvidia/sna-nemorl-specdec-lyris/runs/4qb849yn,,2-20,,19.0,,,20.0,,2-20,,,,,,,,,79.6762,,284.0035,118.0237,,,,1448.2466,3484.3581,,,,,0.001904,0.523592,,1.7968,,,,,,,,,,COMPLETED,,,,,pard_k1,Qwen3-30B-A3B,lyris,Lyris Qwen30 sync PerfCfg CG-on matched 2026-07-02,"normalized July performance-recipe result; resource=4x4, segment=4, attention=TRITON_ATTN, MoE=triton",-10.0,19/20 last 20,0.6735,0.7725,0.6737,0.7723,,Lyris Qwen30 sync PerfCfg CG-on matched 2026-07-02,completed,Completed 20/20 with exit 0:0. High K1 acceptance does not offset the 28-layer dense PARD proposer cost.,4x4,steps 2-20 (19 metrics),CG-on,True,matched,july-current,,,1.0,COMPLETED,completed,,,,docs/lyris_qwen30_sync_pard_strict_matched_metrics_20260702.csv,4.0,,4x4,4.0,1.0,1.0,TRITON_ATTN,triton,128.0,32768.0,standard,True,,,True,,
2250929,Qwen3-30B-A3B,sync,pard,20.0,4096.0,,1.0,1.0,,,,,4.0,4.0,4.0,,,,,,,,,,,docs/lyris_qwen30_sync_pard_strict_matched_metrics_20260702.csv,False,,,,,true,,,https://wandb.ai/nvidia/sna-nemorl-specdec-lyris/runs/15z0ex91,,2-20,,19.0,,,20.0,,2-20,,,,,,,,,15.482,,350.9565,211.9851,,,,1171.5213,1950.7648,,,,,0.001904,0.521896,,3.4771,,,,,,,,,,COMPLETED,,,,,pard_k16,Qwen3-30B-A3B,lyris,Lyris Qwen30 sync PerfCfg CG-on matched 2026-07-02,"normalized July performance-recipe result; resource=4x4, segment=4, attention=TRITON_ATTN, MoE=triton",-10.0,19/20 last 20,0.3771,0.6249,0.3751,0.6249,,Lyris Qwen30 sync PerfCfg CG-on matched 2026-07-02,completed,Completed matched 20-step PARD K16 run; accepted length saturates while proposer and verification cost grow.,4x4,steps 2-20 (19 metrics),CG-on,True,matched,july-current,,,16.0,COMPLETED,completed,,,,docs/lyris_qwen30_sync_pard_strict_matched_metrics_20260702.csv,7.0,,4x4,4.0,1.0,1.0,TRITON_ATTN,triton,128.0,32768.0,standard,True,,,True,,
2260580,Qwen3-30B-A3B,sync,pard,20.0,4096.0,,1.0,1.0,,,,,4.0,4.0,4.0,,,,,,,,,,,docs/lyris_qwen30_sync_pard_strict_matched_metrics_20260702.csv,False,,,,,true,,,https://wandb.ai/nvidia/sna-nemorl-specdec-lyris/runs/5fcagel9,,2-20,,19.0,,,20.0,,2-20,,,,,,,,,35.6872,,307.9243,156.5021,,,,1335.4227,2639.4231,,,,,0.001909,0.522692,,3.4981,,,,,,,,,,COMPLETED,,,,,pard_k7,Qwen3-30B-A3B,lyris,Lyris Qwen30 sync PerfCfg CG-on matched 2026-07-02,"normalized July performance-recipe result; resource=4x4, segment=4, attention=TRITON_ATTN, MoE=triton",-10.0,19/20 last 20,0.5102,0.7123,0.5081,0.7123,,Lyris Qwen30 sync PerfCfg CG-on matched 2026-07-02,completed,Completed 20/20 with exit 0:0; acceptance length improves over K1 but added draft and verification work increases the regression.,4x4,steps 2-20 (19 metrics),CG-on,True,matched,july-current,,,7.0,COMPLETED,completed,,,,docs/lyris_qwen30_sync_pard_strict_matched_metrics_20260702.csv,5.0,,4x4,4.0,1.0,1.0,TRITON_ATTN,triton,128.0,32768.0,standard,True,,,True,,
2260581,Qwen3-30B-A3B,sync,pard,20.0,4096.0,,1.0,1.0,,,,,4.0,4.0,4.0,,,,,,,,,,,docs/lyris_qwen30_sync_pard_strict_matched_metrics_20260702.csv,False,,,,,true,,,https://wandb.ai/nvidia/sna-nemorl-specdec-lyris/runs/9k68z30k,,2-20,,19.0,,,20.0,,2-20,,,,,,,,,28.2817,,337.9638,170.229,,,,1218.42,2440.4987,,,,,0.001902,0.52354,,3.5454,,,,,,,,,,COMPLETED,,,,,pard_k9,Qwen3-30B-A3B,lyris,Lyris Qwen30 sync PerfCfg CG-on matched 2026-07-02,"normalized July performance-recipe result; resource=4x4, segment=4, attention=TRITON_ATTN, MoE=triton",-10.0,19/20 last 20,0.4717,0.6499,0.4671,0.649,,Lyris Qwen30 sync PerfCfg CG-on matched 2026-07-02,completed,Completed 20/20 with exit 0:0; K9 remains slower than the matched CUDA Graph baseline despite mean accepted length 3.55.,4x4,steps 2-20 (19 metrics),CG-on,True,matched,july-current,,,9.0,COMPLETED,completed,,,,docs/lyris_qwen30_sync_pard_strict_matched_metrics_20260702.csv,6.0,,4x4,4.0,1.0,1.0,TRITON_ATTN,triton,128.0,32768.0,standard,True,,,True,,
2259823,Qwen3-32B,async-1off,baseline,20.0,4096.0,,1.0,1.0,,,,,8.0,4.0,8.0,,,,,,,,,,,docs/lyris_qwen32_async1off_eagle3_matched_live_metrics_20260702.csv,False,,,,,true,,,https://wandb.ai/nvidia/sna-nemorl-specdec-lyris/runs/bk9t4dpo,,2-20,,19.0,,,20.0,,2-20,,,,,,,,,,,191.1905,,,,,1116.0888,2288.0488,,,,,0.000993,0.522975,,,,,,,,,24.7608,,,COMPLETED,,,,,baseline,Qwen3-32B,lyris,Lyris Qwen32 async-1off PerfCfg CG-on matched 2026-07-02,"normalized July performance-recipe result; resource=8x4, segment=8, attention=TRITON_ATTN, MoE=triton",-10.0,19/20 last 20,1.0,1.0,,1.0,,Lyris Qwen32 async-1off PerfCfg CG-on matched 2026-07-02,completed,Completed 20/20. Refreshed after W&B uploaded Step 20; this excludes cold Step 1 and uses exactly Steps 2-20.,8x4,steps 2-20 (19 metrics),CG-on,True,baseline,july-current,,,0.0,COMPLETED,completed,1.0,,,docs/lyris_qwen32_async1off_eagle3_matched_live_metrics_20260702.csv,2.0,final matched Step 2-20 means from fully uploaded W&B sampledHistory,8x4,4.0,1.0,,TRITON_ATTN,triton,64.0,32768.0,standard,True,,,True,,
2259822,Qwen3-32B,async-1off,eagle3,20.0,4096.0,,1.0,1.0,,,,,8.0,4.0,8.0,,,,,,,,,,,docs/lyris_qwen32_async1off_eagle3_matched_live_metrics_20260702.csv,False,,,,,true,,,https://wandb.ai/nvidia/sna-nemorl-specdec-lyris/runs/ibtx92sp,,2-20,,19.0,,,20.0,,2-20,,,,,,,,,,,183.9365,,,,,1158.6339,2377.8998,,,,,0.000984,0.525108,,,,,,,,,20.6673,,,COMPLETED,,,,,eagle3_k7,Qwen3-32B,lyris,Lyris Qwen32 async-1off PerfCfg CG-on matched 2026-07-02,"normalized July performance-recipe result; resource=8x4, segment=8, attention=TRITON_ATTN, MoE=triton",-10.0,19/20 last 20,1.0393,1.0381,,1.0394,,Lyris Qwen32 async-1off PerfCfg CG-on matched 2026-07-02,completed,Completed 20/20. Refreshed after W&B uploaded Step 20; Eagle K7 improves E2E and generation throughput by about 3.8-3.9%.,8x4,steps 2-20 (19 metrics),CG-on,True,matched,july-current,,,7.0,COMPLETED,completed,1.1981,,,docs/lyris_qwen32_async1off_eagle3_matched_live_metrics_20260702.csv,3.0,final matched Step 2-20 means from fully uploaded W&B sampledHistory,8x4,4.0,1.0,1.0,TRITON_ATTN,triton,64.0,32768.0,standard,True,,,True,,
2259824,Qwen3-32B,async-1off,eagle3,20.0,4096.0,,1.0,1.0,,,,,8.0,4.0,8.0,,,,,,,,,,,docs/lyris_qwen32_async1off_eagle3_matched_live_metrics_20260702.csv,False,,,,,true,,,https://wandb.ai/nvidia/sna-nemorl-specdec-lyris/runs/vwp4cg4f,,2-20,,19.0,,,20.0,,2-20,,,,,,,,,,,228.827,,,,,966.5162,1976.4056,,,,,0.000982,0.525879,,,,,,,,,63.3105,,,COMPLETED,,,,,eagle3_k9,Qwen3-32B,lyris,Lyris Qwen32 async-1off PerfCfg CG-on matched 2026-07-02,"normalized July performance-recipe result; resource=8x4, segment=8, attention=TRITON_ATTN, MoE=triton",-10.0,19/20 last 20,0.8638,0.866,,0.8355,,Lyris Qwen32 async-1off PerfCfg CG-on matched 2026-07-02,completed,Completed 20/20. Refreshed after W&B uploaded Step 20; Eagle K9 regresses both E2E and generation throughput by about 13-14%.,8x4,steps 2-20 (19 metrics),CG-on,True,matched,july-current,,,9.0,COMPLETED,completed,0.3911,,,docs/lyris_qwen32_async1off_eagle3_matched_live_metrics_20260702.csv,4.0,final matched Step 2-20 means from fully uploaded W&B sampledHistory,8x4,4.0,1.0,1.0,TRITON_ATTN,triton,64.0,32768.0,standard,True,,,True,,
2260761,Qwen3-32B,async-1off,pard,20.0,4096.0,,1.0,1.0,,,,,8.0,4.0,8.0,,,,,,,,,,,docs/lyris_qwen32_async1off_eagle3_matched_live_metrics_20260702.csv,False,,,,,true,,,https://wandb.ai/nvidia/sna-nemorl-specdec-lyris/runs/cdal6939,,2-20,,19.0,,,20.0,,2-20,,,,,,,,,,,174.5472,,,,,1213.409,2483.261,,,,,0.000987,0.526778,,,,,,,,,12.0567,,,COMPLETED,,,,,pard_k1,Qwen3-32B,lyris,Lyris Qwen32 async-1off PerfCfg CG-on matched 2026-07-02,"normalized July performance-recipe result; resource=8x4, segment=8, attention=TRITON_ATTN, MoE=triton",-10.0,19/20 last 20,1.0853,1.0872,,1.0953,,Lyris Qwen32 async-1off PerfCfg CG-on matched 2026-07-02,completed,"Completed 20/20 in 1:10:37 with exit 0:0. With target and PARD draft both TP1, K1 improves E2E throughput by 8.7%, generation-worker throughput by 8.5%, and E2E step time by 9.5%.",8x4,steps 2-20 (19 metrics),CG-on,True,matched,july-current,,,1.0,COMPLETED,completed,2.0537,,,docs/lyris_qwen32_async1off_eagle3_matched_live_metrics_20260702.csv,5.0,final matched Step 2-20 means from W&B sampledHistory,8x4,4.0,1.0,1.0,TRITON_ATTN,triton,64.0,32768.0,standard,True,,,True,,
2260767,Qwen3-32B,async-1off,pard,20.0,4096.0,,1.0,1.0,,,,,8.0,4.0,8.0,,,,,,,,,,,docs/lyris_qwen32_async1off_eagle3_matched_live_metrics_20260702.csv,False,,,,,true,,,https://wandb.ai/nvidia/sna-nemorl-specdec-lyris/runs/21l6n8rw,,2-20,,19.0,,,20.0,,2-20,,,,,,,,,,,458.7579,,,,,477.0666,965.4924,,,,,0.000991,0.525442,,,,,,,,,294.6928,,,COMPLETED,,,,,pard_k16,Qwen3-32B,lyris,Lyris Qwen32 async-1off PerfCfg CG-on matched 2026-07-02,"normalized July performance-recipe result; resource=8x4, segment=8, attention=TRITON_ATTN, MoE=triton",-10.0,19/20 last 20,0.422,0.4274,,0.4168,,Lyris Qwen32 async-1off PerfCfg CG-on matched 2026-07-02,completed,Completed 20/20 in 2:47:33 with exit 0:0. PARD K16 regresses E2E throughput by 57.3% and generation-worker throughput by 57.8%; exposed generation time is 11.9x baseline while reward and generation KL remain matched.,8x4,steps 2-20 (19 metrics),CG-on,True,matched,july-current,,,16.0,COMPLETED,completed,0.084,,,docs/lyris_qwen32_async1off_eagle3_matched_live_metrics_20260702.csv,8.0,final matched Step 2-20 means from fully uploaded W&B sampledHistory,8x4,4.0,1.0,1.0,TRITON_ATTN,triton,64.0,32768.0,standard,True,,,True,,
2260763,Qwen3-32B,async-1off,pard,20.0,4096.0,,1.0,1.0,,,,,8.0,4.0,8.0,,,,,,,,,,,docs/lyris_qwen32_async1off_eagle3_matched_live_metrics_20260702.csv,False,,,,,true,,,https://wandb.ai/nvidia/sna-nemorl-specdec-lyris/runs/5hppceor,,2-20,,19.0,,,20.0,,2-20,,,,,,,,,,,221.8004,,,,,993.6288,2054.2906,,,,,0.000985,0.524311,,,,,,,,,54.8051,,,COMPLETED,,,,,pard_k7,Qwen3-32B,lyris,Lyris Qwen32 async-1off PerfCfg CG-on matched 2026-07-02,"normalized July performance-recipe result; resource=8x4, segment=8, attention=TRITON_ATTN, MoE=triton",-10.0,19/20 last 20,0.8978,0.8903,,0.862,,Lyris Qwen32 async-1off PerfCfg CG-on matched 2026-07-02,completed,"Completed 20/20 in 1:27:40 with exit 0:0. With target and PARD draft both TP1, K7 regresses E2E throughput by 11.0%, generation-worker throughput by 10.2%, and E2E step time by 13.8%.",8x4,steps 2-20 (19 metrics),CG-on,True,matched,july-current,,,7.0,COMPLETED,completed,0.4518,,,docs/lyris_qwen32_async1off_eagle3_matched_live_metrics_20260702.csv,6.0,final matched Step 2-20 means from fully uploaded W&B sampledHistory,8x4,4.0,1.0,1.0,TRITON_ATTN,triton,64.0,32768.0,standard,True,,,True,,
2260765,Qwen3-32B,async-1off,pard,20.0,4096.0,,1.0,1.0,,,,,8.0,4.0,8.0,,,,,,,,,,,docs/lyris_qwen32_async1off_eagle3_matched_live_metrics_20260702.csv,False,,,,,true,,,https://wandb.ai/nvidia/sna-nemorl-specdec-lyris/runs/aea9zk18,,2-20,,19.0,,,20.0,,2-20,,,,,,,,,,,276.0464,,,,,818.2018,1670.2723,,,,,0.000989,0.525288,,,,,,,,,113.091,,,COMPLETED,,,,,pard_k9,Qwen3-32B,lyris,Lyris Qwen32 async-1off PerfCfg CG-on matched 2026-07-02,"normalized July performance-recipe result; resource=8x4, segment=8, attention=TRITON_ATTN, MoE=triton",-10.0,19/20 last 20,0.73,0.7331,,0.6926,,Lyris Qwen32 async-1off PerfCfg CG-on matched 2026-07-02,completed,"Completed 20/20 in 1:35:15 with exit 0:0. PARD K9 regresses E2E throughput by 26.7%, generation-worker throughput by 27.0%, and E2E step time by 30.7%; exposed generation time is 4.57x baseline while reward and generation KL remain matched.",8x4,steps 2-20 (19 metrics),CG-on,True,matched,july-current,,,9.0,COMPLETED,completed,0.2189,,,docs/lyris_qwen32_async1off_eagle3_matched_live_metrics_20260702.csv,7.0,final matched Step 2-20 means from fully uploaded W&B sampledHistory,8x4,4.0,1.0,1.0,TRITON_ATTN,triton,64.0,32768.0,standard,True,,,True,,
2258830,Qwen3-32B,sync,baseline,20.0,4096.0,,1.0,1.0,,,,,4.0,4.0,4.0,,,,,,,,,,,docs/lyris_qwen32_sync_eagle3_matched_live_metrics_20260702.csv,False,,,,,true,,,https://wandb.ai/nvidia/sna-nemorl-specdec-lyris/runs/2h6kn8e9,,steps2-20,,19.0,,,20.0,,2-20,,,,,,,,,,,518.8986,315.2595,,,,797.7866,1313.8265,,,,,0.000942,0.52349,,,,,,,,,,,,COMPLETED,,,,,baseline,Qwen3-32B,lyris,Lyris Qwen32 sync Eagle-3 PerfCfg CG-on matched 2026-07-02,"normalized July performance-recipe result; resource=4x4, segment=4, attention=TRITON_ATTN, MoE=triton",-10.0,19/20 last 20,1.0,1.0,1.0,1.0,,Lyris Qwen32 sync Eagle-3 PerfCfg CG-on matched 2026-07-02,completed,Completed 20/20. Exact current-source sync performance recipe; steady-state Steps 2-20 exclude the cold-start first step.,4x4,steps 2-20 (19 metrics),CG-on,True,baseline,july-current,,2258830,0.0,,completed,,,,docs/lyris_qwen32_sync_eagle3_matched_live_metrics_20260702.csv,2.0,,4x4,4.0,2.0,,TRITON_ATTN,triton,64.0,32768.0,standard,True,,,True,,
2261208,Qwen3-32B,sync,baseline,20.0,4096.0,,1.0,1.0,,,,,4.0,4.0,4.0,,,,,,,,,,,docs/lyris_qwen32_sync_pard_tp2_noarrms_matched_live_metrics_20260702.csv,False,,,,,true,,,https://wandb.ai/nvidia/sna-nemorl-specdec-lyris/runs/9y0we3tp,,steps2-20,,19.0,,,20.0,,2-20,,,,,,,,,0.0,,509.9979,325.8815,,,,811.3301,1270.6404,,,,,0.000981,0.523669,,1.0,,,,,,,,,,COMPLETED,,,,,baseline,Qwen3-32B,lyris,Lyris Qwen32 sync PARD TP2 no-AR-RMS CG-on matched 2026-07-02,"normalized July performance-recipe result; resource=4x4, segment=4, attention=TRITON_ATTN, MoE=triton",-10.0,19/20 last 20,1.0,1.0,1.0,1.0,,Lyris Qwen32 sync PARD TP2 no-AR-RMS CG-on matched 2026-07-02,completed,Final steady-state Steps 2-20; SLURM completed 20/20 with exit code 0.,4x4,steps 2-20 (19 metrics),CG-on,True,baseline,july-current,,,0.0,COMPLETED,completed,,3121.731,,docs/lyris_qwen32_sync_pard_tp2_noarrms_matched_live_metrics_20260702.csv,2.0,,4x4,4.0,2.0,,TRITON_ATTN,triton,64.0,32768.0,noarrms,False,,,True,,
2260441,Qwen3-32B,sync,eagle3,20.0,4096.0,,1.0,1.0,,,,,4.0,4.0,4.0,,,,,,,,,,,docs/lyris_qwen32_sync_eagle3_matched_live_metrics_20260702.csv,False,,,,,true,,,https://wandb.ai/nvidia/sna-nemorl-specdec-lyris/runs/plypepot,,steps2-14,,13.0,,,14.0,,2-14,,,,,,,,,31.2489,,453.9559,247.9344,,,,918.4627,1683.1895,,,,,0.000944,0.50447,,2.5624,,,,,,,,,,TIMEOUT_PARTIAL,,,,,eagle3_k5,Qwen3-32B,lyris,Lyris Qwen32 sync Eagle-3 PerfCfg CG-on matched 2026-07-02,"normalized July performance-recipe result; resource=4x4, segment=4, attention=TRITON_ATTN, MoE=triton",-10.0,13/20 last 14,1.2811,1.1513,1.2715,1.1431,,Lyris Qwen32 sync Eagle-3 PerfCfg CG-on matched 2026-07-02,partial,Final partial telemetry before the two-hour SLURM timeout. Exact TRITON_ATTN/Triton-MoE sync recipe with CUDA Graph enabled; the independent five-hour replacement is queued for a full Steps 2-20 result.,4x4,steps 2-14 (13 metrics),CG-on,True,matched,july-current,,2258830,5.0,,partial,,,,docs/lyris_qwen32_sync_eagle3_matched_live_metrics_20260702.csv,3.0,,4x4,4.0,2.0,1.0,TRITON_ATTN,triton,64.0,32768.0,standard,True,,,True,,
2260838,Qwen3-32B,sync,eagle3,20.0,4096.0,,1.0,1.0,,,,,4.0,4.0,4.0,,,,,,,,,,,docs/lyris_qwen32_sync_eagle3_matched_live_metrics_20260702.csv,False,,,,,true,,,https://wandb.ai/nvidia/sna-nemorl-specdec-lyris/runs/zbv22k5m,,steps2-20,,19.0,,,20.0,,2-20,,,,,,,,,31.2973,,426.9813,236.0997,,,,966.7476,1749.2764,,,,,0.000945,0.523155,,2.5649,,,,,,,,,,COMPLETED,,,,,eagle3_k5,Qwen3-32B,lyris,Lyris Qwen32 sync Eagle-3 PerfCfg CG-on matched 2026-07-02,"normalized July performance-recipe result; resource=4x4, segment=4, attention=TRITON_ATTN, MoE=triton",-10.0,19/20 last 20,1.3314,1.2118,1.3353,1.2153,,Lyris Qwen32 sync Eagle-3 PerfCfg CG-on matched 2026-07-02,completed,Completed 20/20 in 2:32:20 with exit 0:0. Final Steps 2-20 improve E2E throughput by 21.2% and generation throughput by 33.1%; reward and generation KL remain matched to baseline.,4x4,steps 2-20 (19 metrics),CG-on,True,matched,july-current,,2258830,5.0,,completed,,3225.4826,,docs/lyris_qwen32_sync_eagle3_matched_live_metrics_20260702.csv,6.0,,4x4,4.0,2.0,1.0,TRITON_ATTN,triton,64.0,32768.0,standard,True,,,True,,
2260481,Qwen3-32B,sync,eagle3,20.0,4096.0,,1.0,1.0,,,,,4.0,4.0,4.0,,,,,,,,,,,docs/lyris_qwen32_sync_eagle3_matched_live_metrics_20260702.csv,False,,,,,true,,,https://wandb.ai/nvidia/sna-nemorl-specdec-lyris/runs/j8cpyjon,,steps2-13,,12.0,,,13.0,,2-13,,,,,,,,,23.11,,491.6958,283.7355,,,,843.4616,1462.5321,,,,,0.000949,0.50806,,2.6177,,,,,,,,,,TIMEOUT_PARTIAL,,,,,eagle3_k7,Qwen3-32B,lyris,Lyris Qwen32 sync Eagle-3 PerfCfg CG-on matched 2026-07-02,"normalized July performance-recipe result; resource=4x4, segment=4, attention=TRITON_ATTN, MoE=triton",-10.0,12/20 last 13,1.1132,1.0573,1.1111,1.0553,,Lyris Qwen32 sync Eagle-3 PerfCfg CG-on matched 2026-07-02,partial,Final partial telemetry before the two-hour SLURM timeout. Exact TRITON_ATTN/Triton-MoE sync recipe with CUDA Graph enabled; the independent five-hour replacement is queued for a full Steps 2-20 result.,4x4,steps 2-13 (12 metrics),CG-on,True,matched,july-current,,2258830,7.0,,partial,,,,docs/lyris_qwen32_sync_eagle3_matched_live_metrics_20260702.csv,4.0,,4x4,4.0,2.0,1.0,TRITON_ATTN,triton,64.0,32768.0,standard,True,,,True,,
2260839,Qwen3-32B,sync,eagle3,20.0,4096.0,,1.0,1.0,,,,,4.0,4.0,4.0,,,,,,,,,,,docs/lyris_qwen32_sync_eagle3_matched_live_metrics_20260702.csv,False,,,,,true,,,https://wandb.ai/nvidia/sna-nemorl-specdec-lyris/runs/3ofgy0x3,,steps2-20,,19.0,,,20.0,,2-20,,,,,,,,,23.1398,,454.3782,270.7045,,,,909.7752,1527.7171,,,,,0.000944,0.523617,,2.6198,,,,,,,,,,COMPLETED,,,,,eagle3_k7,Qwen3-32B,lyris,Lyris Qwen32 sync Eagle-3 PerfCfg CG-on matched 2026-07-02,"normalized July performance-recipe result; resource=4x4, segment=4, attention=TRITON_ATTN, MoE=triton",-10.0,19/20 last 20,1.1628,1.1404,1.1646,1.142,,Lyris Qwen32 sync Eagle-3 PerfCfg CG-on matched 2026-07-02,completed,Completed 20/20 in 2:41:57 with exit 0:0. Final Steps 2-20 improve E2E throughput by 14.0% and generation throughput by 16.3%; reward and generation KL remain matched to baseline.,4x4,steps 2-20 (19 metrics),CG-on,True,matched,july-current,,2258830,7.0,,completed,,3119.3054,,docs/lyris_qwen32_sync_eagle3_matched_live_metrics_20260702.csv,7.0,,4x4,4.0,2.0,1.0,TRITON_ATTN,triton,64.0,32768.0,standard,True,,,True,,
2260482,Qwen3-32B,sync,eagle3,20.0,4096.0,,1.0,1.0,,,,,4.0,4.0,4.0,,,,,,,,,,,docs/lyris_qwen32_sync_eagle3_matched_live_metrics_20260702.csv,False,,,,,true,,,https://wandb.ai/nvidia/sna-nemorl-specdec-lyris/runs/r5mxw3oy,,steps2-11,,10.0,,,11.0,,2-11,,,,,,,,,18.0368,,598.9579,408.6759,,,,688.2501,1009.9127,,,,,0.000954,0.50195,,2.6233,,,,,,,,,,TIMEOUT_PARTIAL,,,,,eagle3_k9,Qwen3-32B,lyris,Lyris Qwen32 sync Eagle-3 PerfCfg CG-on matched 2026-07-02,"normalized July performance-recipe result; resource=4x4, segment=4, attention=TRITON_ATTN, MoE=triton",-10.0,10/20 last 11,0.7687,0.8627,0.7714,0.8663,,Lyris Qwen32 sync Eagle-3 PerfCfg CG-on matched 2026-07-02,partial,Final partial telemetry before the two-hour SLURM timeout. K9 is slower than the matched baseline at the observed acceptance rate; the independent five-hour replacement is queued for a full Steps 2-20 result.,4x4,steps 2-11 (10 metrics),CG-on,True,matched,july-current,,2258830,9.0,,partial,,,,docs/lyris_qwen32_sync_eagle3_matched_live_metrics_20260702.csv,5.0,,4x4,4.0,2.0,1.0,TRITON_ATTN,triton,64.0,32768.0,standard,True,,,True,,
2260840,Qwen3-32B,sync,eagle3,20.0,4096.0,,1.0,1.0,,,,,4.0,4.0,4.0,,,,,,,,,,,docs/lyris_qwen32_sync_eagle3_matched_live_metrics_20260702.csv,False,,,,,true,,,https://wandb.ai/nvidia/sna-nemorl-specdec-lyris/runs/7qcxaxrm,,steps2-20,,19.0,,,20.0,,2-20,,,,,,,,,18.1415,,559.0139,369.0835,,,,737.9724,1118.3437,,,,,0.000944,0.524106,,2.6327,,,,,,,,,,COMPLETED,,,,,eagle3_k9,Qwen3-32B,lyris,Lyris Qwen32 sync Eagle-3 PerfCfg CG-on matched 2026-07-02,"normalized July performance-recipe result; resource=4x4, segment=4, attention=TRITON_ATTN, MoE=triton",-10.0,19/20 last 20,0.8512,0.925,0.8542,0.9282,,Lyris Qwen32 sync Eagle-3 PerfCfg CG-on matched 2026-07-02,completed,Completed 20/20 in 3:16:51 with exit 0:0. Final Steps 2-20 regress E2E throughput by 7.5% and generation throughput by 14.9%; reward and generation KL remain matched to baseline.,4x4,steps 2-20 (19 metrics),CG-on,True,matched,july-current,,2258830,9.0,,completed,,3112.2573,,docs/lyris_qwen32_sync_eagle3_matched_live_metrics_20260702.csv,8.0,,4x4,4.0,2.0,1.0,TRITON_ATTN,triton,64.0,32768.0,standard,True,,,True,,
2261209,Qwen3-32B,sync,pard,20.0,4096.0,,1.0,1.0,,,,,4.0,4.0,4.0,,,,,,,,,,,docs/lyris_qwen32_sync_pard_tp2_noarrms_matched_live_metrics_20260702.csv,False,,,,,true,,,https://wandb.ai/nvidia/sna-nemorl-specdec-lyris/runs/g2ndp90k,,steps2-20,,19.0,,,20.0,,2-20,,,,,,,,,76.2473,,484.9762,300.0442,,,,852.3964,1378.2096,,,,,0.000979,0.524131,,1.7625,,,,,,,,,,COMPLETED,,,,,pard_k1,Qwen3-32B,lyris,Lyris Qwen32 sync PARD TP2 no-AR-RMS CG-on matched 2026-07-02,"normalized July performance-recipe result; resource=4x4, segment=4, attention=TRITON_ATTN, MoE=triton",-10.0,19/20 last 20,1.0847,1.0506,1.0861,1.0516,,Lyris Qwen32 sync PARD TP2 no-AR-RMS CG-on matched 2026-07-02,completed,Final matched Steps 2-20. PARD K1 improves E2E throughput by 5.1% and generation throughput by 8.5%; mean generation length differs from baseline by less than 0.1%.,4x4,steps 2-20 (19 metrics),CG-on,True,matched,july-current,,,1.0,COMPLETED,completed,,3119.5135,,docs/lyris_qwen32_sync_pard_tp2_noarrms_matched_live_metrics_20260702.csv,3.0,,4x4,4.0,2.0,2.0,TRITON_ATTN,triton,64.0,32768.0,noarrms,False,,,True,,
2261212,Qwen3-32B,sync,pard,20.0,4096.0,,1.0,1.0,,,,,4.0,4.0,4.0,,,,,,,,,,,docs/lyris_qwen32_sync_pard_tp2_noarrms_matched_live_metrics_20260702.csv,False,,,,,true,,,https://wandb.ai/nvidia/sna-nemorl-specdec-lyris/runs/ulns0tgc,,steps2-20,,19.0,,,20.0,,2-20,,,,,,,,,13.2936,,691.3206,504.8813,,,,599.2691,823.0599,,,,,0.00098,0.52187,,3.127,,,,,,,,,,COMPLETED,,,,,pard_k16,Qwen3-32B,lyris,Lyris Qwen32 sync PARD TP2 no-AR-RMS CG-on matched 2026-07-02,"normalized July performance-recipe result; resource=4x4, segment=4, attention=TRITON_ATTN, MoE=triton",-10.0,19/20 last 20,0.6478,0.7386,0.6455,0.7377,,Lyris Qwen32 sync PARD TP2 no-AR-RMS CG-on matched 2026-07-02,completed,Final matched Steps 2-20; completed 20/20 with exit 0:0. Default CUDA Graph cap 512 leaves 1088 proposer tokens outside graph coverage and generation throughput is 35.2% below baseline despite aligned reward KL and generation length.,4x4,steps 2-20 (19 metrics),CG-on,True,matched,july-current,,,16.0,COMPLETED,completed,,3113.3545,,docs/lyris_qwen32_sync_pard_tp2_noarrms_matched_live_metrics_20260702.csv,8.0,,4x4,4.0,2.0,2.0,TRITON_ATTN,triton,64.0,32768.0,noarrms,False,,,True,,
2262238,Qwen3-32B,sync,pard,3.0,4096.0,,1.0,1.0,,,,,4.0,4.0,4.0,,,,,,,,,,,docs/lyris_qwen32_sync_pard_tp2_noarrms_matched_live_metrics_20260702.csv,False,,,,,true,,,https://wandb.ai/nvidia/sna-nemorl-specdec-lyris/runs/oi29x3mg,,steps2-3,,2.0,,,3.0,,2-3,,,,,,,,,12.8991,,658.6634,468.9407,,,,631.967,887.5822,,,,,0.000992,0.463867,,3.0639,,,,,,,,,,COMPLETED_SMOKE,,,,,pard_k16,Qwen3-32B,lyris,Lyris Qwen32 sync PARD TP2 no-AR-RMS CG-on matched 2026-07-02,"normalized July performance-recipe result; resource=4x4, segment=4, attention=TRITON_ATTN, MoE=triton",-10.0,2/3 last 3,,,,,,Lyris Qwen32 sync PARD TP2 no-AR-RMS CG-on matched 2026-07-02,completed,Final matched smoke Steps 2-3. Raising max_cudagraph_capture_size from 512 to 1088 recovers 1.0740x generation and 1.0529x E2E throughput versus original K16 over the same steps but remains below baseline; unchanged acceptance indicates residual K16 verification and draft TP2 overhead.,4x4,steps 2-3 (2 metrics),CG-on,True,unmatched_baseline,july-current,,,16.0,COMPLETED_SMOKE,completed,,3131.2566,,docs/lyris_qwen32_sync_pard_tp2_noarrms_matched_live_metrics_20260702.csv,9.0,,4x4,4.0,2.0,2.0,TRITON_ATTN,triton,64.0,32768.0,noarrms_cgcap1088_smoke,False,,,True,,
2262687,Qwen3-32B,sync,pard,20.0,4096.0,,1.0,1.0,,,,,4.0,4.0,4.0,,,,,,,,,,,docs/lyris_qwen32_sync_pard_tp2_noarrms_matched_live_metrics_20260702.csv,False,,,,,true,,,https://wandb.ai/nvidia/sna-nemorl-specdec-lyris/runs/jz9194w0,,steps2-20,,19.0,,,20.0,,2-20,,,,,,,,,13.1633,,660.9419,477.4339,,,,627.5358,872.3526,,,,,0.000981,0.521921,,3.1061,,,,,,,,,,COMPLETED,,,,,pard_k16,Qwen3-32B,lyris,Lyris Qwen32 sync PARD TP2 no-AR-RMS CG-on matched 2026-07-02,"normalized July performance-recipe result; resource=4x4, segment=4, attention=TRITON_ATTN, MoE=triton",-10.0,19/20 last 20,0.6865,0.7735,0.6826,0.7716,,Lyris Qwen32 sync PARD TP2 no-AR-RMS CG-on matched 2026-07-02,completed,Final matched Steps 2-20; SLURM completed in 3:53:11 with exit 0:0. Cap 1088 improves generation 1.0599x and E2E 1.0472x versus default-cap K16 but finishes at 0.6865x generation and 0.7735x E2E throughput versus baseline; 13.16% acceptance and mean accepted length 3.11 leave K16 verification and draft TP2 overhead dominant while reward generation KL and generation length remain aligned.,4x4,steps 2-20 (19 metrics),CG-on,True,matched,july-current,,,16.0,COMPLETED,completed,,3112.0323,,docs/lyris_qwen32_sync_pard_tp2_noarrms_matched_live_metrics_20260702.csv,10.0,,4x4,4.0,2.0,2.0,TRITON_ATTN,triton,64.0,32768.0,noarrms_cgcap1088_full,False,,,True,,
2261210,Qwen3-32B,sync,pard,20.0,4096.0,,1.0,1.0,,,,,4.0,4.0,4.0,,,,,,,,,,,docs/lyris_qwen32_sync_pard_tp2_noarrms_matched_live_metrics_20260702.csv,False,,,,,true,,,https://wandb.ai/nvidia/sna-nemorl-specdec-lyris/runs/4i9dk9s5,,steps2-20,,19.0,,,20.0,,2-20,,,,,,,,,30.7683,,473.1951,289.1349,,,,875.5541,1436.829,,,,,0.000984,0.519891,,3.1538,,,,,,,,,,COMPLETED,,,,,pard_k7,Qwen3-32B,lyris,Lyris Qwen32 sync PARD TP2 no-AR-RMS CG-on matched 2026-07-02,"normalized July performance-recipe result; resource=4x4, segment=4, attention=TRITON_ATTN, MoE=triton",-10.0,19/20 last 20,1.1308,1.0792,1.1271,1.0778,,Lyris Qwen32 sync PARD TP2 no-AR-RMS CG-on matched 2026-07-02,completed,Final matched Steps 2-20; completed 20/20 with exit 0:0. PARD K7 improves E2E throughput by 7.9% and generation throughput by 13.1%.,4x4,steps 2-20 (19 metrics),CG-on,True,matched,july-current,,,7.0,COMPLETED,completed,,3120.3902,,docs/lyris_qwen32_sync_pard_tp2_noarrms_matched_live_metrics_20260702.csv,4.0,,4x4,4.0,2.0,2.0,TRITON_ATTN,triton,64.0,32768.0,noarrms,False,,,True,,
2261211,Qwen3-32B,sync,pard,20.0,4096.0,,1.0,1.0,,,,,4.0,4.0,4.0,,,,,,,,,,,docs/lyris_qwen32_sync_pard_tp2_noarrms_matched_live_metrics_20260702.csv,False,,,,,true,,,https://wandb.ai/nvidia/sna-nemorl-specdec-lyris/runs/2hf41hvj,,steps2-20,,19.0,,,20.0,,2-20,,,,,,,,,24.5233,,619.6607,432.103,,,,668.066,960.1689,,,,,0.000981,0.522075,,3.2071,,,,,,,,,,COMPLETED,,,,,pard_k9,Qwen3-32B,lyris,Lyris Qwen32 sync PARD TP2 no-AR-RMS CG-on matched 2026-07-02,"normalized July performance-recipe result; resource=4x4, segment=4, attention=TRITON_ATTN, MoE=triton",-10.0,19/20 last 20,0.7557,0.8234,0.7542,0.823,,Lyris Qwen32 sync PARD TP2 no-AR-RMS CG-on matched 2026-07-02,completed,Final matched Steps 2-20; completed 20/20 with exit 0:0. Default CUDA Graph cap 512 leaves 640 proposer tokens outside graph coverage so generation throughput is 24.4% below baseline despite aligned correctness metrics.,4x4,steps 2-20 (19 metrics),CG-on,True,matched,july-current,,,9.0,COMPLETED,completed,,3116.0632,,docs/lyris_qwen32_sync_pard_tp2_noarrms_matched_live_metrics_20260702.csv,5.0,,4x4,4.0,2.0,2.0,TRITON_ATTN,triton,64.0,32768.0,noarrms,False,,,True,,
2262236,Qwen3-32B,sync,pard,3.0,4096.0,,1.0,1.0,,,,,4.0,4.0,4.0,,,,,,,,,,,docs/lyris_qwen32_sync_pard_tp2_noarrms_matched_live_metrics_20260702.csv,False,,,,,true,,,https://wandb.ai/nvidia/sna-nemorl-specdec-lyris/runs/jp37lzgg,,steps2-3,,2.0,,,3.0,,2-3,,,,,,,,,23.6524,,516.0344,331.3286,,,,804.6453,1253.2374,,,,,0.000983,0.455811,,3.1287,,,,,,,,,,COMPLETED_SMOKE,,,,,pard_k9,Qwen3-32B,lyris,Lyris Qwen32 sync PARD TP2 no-AR-RMS CG-on matched 2026-07-02,"normalized July performance-recipe result; resource=4x4, segment=4, attention=TRITON_ATTN, MoE=triton",-10.0,2/3 last 3,,,,,,Lyris Qwen32 sync PARD TP2 no-AR-RMS CG-on matched 2026-07-02,completed,Final matched smoke Steps 2-3. Raising max_cudagraph_capture_size from 512 to 640 recovers 1.3166x generation and 1.2172x E2E throughput versus original K9 over the same steps and reaches baseline parity without changing reward KL generation length or acceptance.,4x4,steps 2-3 (2 metrics),CG-on,True,unmatched_baseline,july-current,,,9.0,COMPLETED_SMOKE,completed,,3123.4612,,docs/lyris_qwen32_sync_pard_tp2_noarrms_matched_live_metrics_20260702.csv,6.0,,4x4,4.0,2.0,2.0,TRITON_ATTN,triton,64.0,32768.0,noarrms_cgcap640_smoke,False,,,True,,
2262387,Qwen3-32B,sync,pard,20.0,4096.0,,1.0,1.0,,,,,4.0,4.0,4.0,,,,,,,,,,,docs/lyris_qwen32_sync_pard_tp2_noarrms_matched_live_metrics_20260702.csv,False,,,,,true,,,https://wandb.ai/nvidia/sna-nemorl-specdec-lyris/runs/8mid8w9h,,steps2-20,,19.0,,,20.0,,2-20,,,,,,,,,24.464,,519.7623,331.4937,,,,797.4102,1254.7242,,,,,0.000981,0.519506,,3.2018,,,,,,,,,,COMPLETED,,,,,pard_k9,Qwen3-32B,lyris,Lyris Qwen32 sync PARD TP2 no-AR-RMS CG-on matched 2026-07-02,"normalized July performance-recipe result; resource=4x4, segment=4, attention=TRITON_ATTN, MoE=triton",-10.0,19/20 last 20,0.9875,0.9828,0.9831,0.9812,,Lyris Qwen32 sync PARD TP2 no-AR-RMS CG-on matched 2026-07-02,completed,Final matched Steps 2-20; SLURM completed in 3:05:38 with exit 0:0. Cap 640 recovers 1.3068x generation and 1.1936x E2E throughput versus default-cap K9 but finishes at 0.9875x generation and 0.9828x E2E throughput versus baseline; reward generation KL and generation length remain aligned.,4x4,steps 2-20 (19 metrics),CG-on,True,matched,july-current,,,9.0,COMPLETED,completed,,3117.8808,,docs/lyris_qwen32_sync_pard_tp2_noarrms_matched_live_metrics_20260702.csv,7.0,,4x4,4.0,2.0,2.0,TRITON_ATTN,triton,64.0,32768.0,noarrms_cgcap640_full,False,,,True,,
2319103,Qwen3-32B,sync,baseline,20.0,32768.0,,1.0,1.0,,,,,4.0,4.0,4.0,,,,,,,,,,,docs/pretyche_qwen32_sync_osl32k_matched_live_metrics_20260702.csv,False,,,,,true,,,https://wandb.ai/nvidia/sna-nemorl-specdec-pretyche/runs/ja5ai9eg,,steps2-20,,19.0,,,20.0,,2-20,,,,,,,,,,,828.1931,750.3235,,,,168.0307,187.4478,,,,,0.000743,0.615337,,,,,,,,,,,,COMPLETED,,,,,baseline,Qwen3-32B,pretyche,Pretyche Qwen32 sync OSL32768 PerfCfg CG-on matched 2026-07-02,"normalized July performance-recipe result; resource=4x4, segment=4, attention=TRITON_ATTN, MoE=triton",-10.0,19/20 last 20,1.0,1.0,1.0,1.0,,Pretyche Qwen32 sync OSL32768 PerfCfg CG-on matched 2026-07-02,completed,Final matched Steps 2-20 baseline; completed 20/20 with exit 0:0. Eagle partial rows are compared against this baseline using each Eagle row's available step span until they stop.,4x4,steps 2-20 (19 metrics),CG-on,True,baseline,july-current,,,0.0,COMPLETED,completed,,8239.8594,,docs/pretyche_qwen32_sync_osl32k_matched_live_metrics_20260702.csv,2.0,,4x4,4.0,2.0,,TRITON_ATTN,triton,,,standard,True,16.0,16.0,False,,
2319107,Qwen3-32B,sync,baseline,20.0,32768.0,,1.0,1.0,,,,,4.0,4.0,4.0,,,,,,,,,,,docs/pretyche_qwen32_sync_osl32k_matched_live_metrics_20260702.csv,False,,,,,true,,,https://wandb.ai/nvidia/sna-nemorl-specdec-pretyche/runs/h99vv647,,steps2-20,,19.0,,,20.0,,2-20,,,,,,,,,,,855.6561,775.4619,,,,161.0914,179.1785,,,,,0.000774,0.611842,,,,,,,,,,,,COMPLETED,,,,,baseline,Qwen3-32B,pretyche,Pretyche Qwen32 sync OSL32768 PerfCfg CG-on matched 2026-07-02,"normalized July performance-recipe result; resource=4x4, segment=4, attention=TRITON_ATTN, MoE=triton",-10.0,19/20 last 20,1.0,1.0,1.0,1.0,,Pretyche Qwen32 sync OSL32768 PerfCfg CG-on matched 2026-07-02,completed,Final Steps 2-20 no-fused-all-reduce-RMS baseline; completed 20/20 with exit 0:0. Each PARD speedup uses exactly the PARD row's available step span.,4x4,steps 2-20 (19 metrics),CG-on,True,baseline,july-current,,,0.0,COMPLETED,completed,,8228.4957,,docs/pretyche_qwen32_sync_osl32k_matched_live_metrics_20260702.csv,6.0,,4x4,4.0,2.0,,TRITON_ATTN,triton,,,noarrms,False,16.0,16.0,False,,
2319104,Qwen3-32B,sync,eagle3,20.0,32768.0,,1.0,1.0,,,,,4.0,4.0,4.0,,,,,,,,,,,docs/pretyche_qwen32_sync_osl32k_matched_live_metrics_20260702.csv,False,,,,,true,,,https://wandb.ai/nvidia/sna-nemorl-specdec-pretyche/runs/688kzbcs,,steps2-14,,13.0,,,14.0,,2-14,,,,,,,,,27.8297,,1201.5833,1121.0668,,,,122.4366,133.5828,,,,,0.000757,0.614784,,2.3915,,,,,,,,,,TIMEOUT_PARTIAL,,,,,eagle3_k5,Qwen3-32B,pretyche,Pretyche Qwen32 sync OSL32768 PerfCfg CG-on matched 2026-07-02,"normalized July performance-recipe result; resource=4x4, segment=4, attention=TRITON_ATTN, MoE=triton",-10.0,13/20 last 14,0.7038,0.7222,0.6692,0.6896,,Pretyche Qwen32 sync OSL32768 PerfCfg CG-on matched 2026-07-02,partial,Final timeout partial over matched Steps 2-14. Mean generation length reward and KL align with baseline while generation throughput is 29.6% lower.,4x4,steps 2-14 (13 metrics),CG-on,True,precomputed,july-current,,,5.0,TIMEOUT_PARTIAL,partial,,8179.5565,,docs/pretyche_qwen32_sync_osl32k_matched_live_metrics_20260702.csv,3.0,,4x4,4.0,2.0,1.0,TRITON_ATTN,triton,,,standard,True,16.0,16.0,False,,
2319105,Qwen3-32B,sync,eagle3,20.0,32768.0,,1.0,1.0,,,,,4.0,4.0,4.0,,,,,,,,,,,docs/pretyche_qwen32_sync_osl32k_matched_live_metrics_20260702.csv,False,,,,,true,,,https://wandb.ai/nvidia/sna-nemorl-specdec-pretyche/runs/xmbal99w,,steps2-13,,12.0,,,13.0,,2-13,,,,,,,,,20.5231,,1162.4524,1081.9928,,,,125.6255,137.0695,,,,,0.000754,0.609701,,2.4366,,,,,,,,,,TIMEOUT_PARTIAL,,,,,eagle3_k7,Qwen3-32B,pretyche,Pretyche Qwen32 sync OSL32768 PerfCfg CG-on matched 2026-07-02,"normalized July performance-recipe result; resource=4x4, segment=4, attention=TRITON_ATTN, MoE=triton",-10.0,12/20 last 13,0.6982,0.7182,0.6671,0.689,,Pretyche Qwen32 sync OSL32768 PerfCfg CG-on matched 2026-07-02,partial,Final timeout partial over matched Steps 2-13. Correctness metrics align with baseline while generation throughput is 30.2% lower.,4x4,steps 2-13 (12 metrics),CG-on,True,precomputed,july-current,,,7.0,TIMEOUT_PARTIAL,partial,,8269.8665,,docs/pretyche_qwen32_sync_osl32k_matched_live_metrics_20260702.csv,4.0,,4x4,4.0,2.0,1.0,TRITON_ATTN,triton,,,standard,True,16.0,16.0,False,,
2319106,Qwen3-32B,sync,eagle3,20.0,32768.0,,1.0,1.0,,,,,4.0,4.0,4.0,,,,,,,,,,,docs/pretyche_qwen32_sync_osl32k_matched_live_metrics_20260702.csv,False,,,,,true,,,https://wandb.ai/nvidia/sna-nemorl-specdec-pretyche/runs/x23jih5q,,steps2-13,,12.0,,,13.0,,2-13,,,,,,,,,16.1318,,1247.7869,1168.0265,,,,111.7247,120.2586,,,,,0.000753,0.608073,,2.4519,,,,,,,,,,TIMEOUT_PARTIAL,,,,,eagle3_k9,Qwen3-32B,pretyche,Pretyche Qwen32 sync OSL32768 PerfCfg CG-on matched 2026-07-02,"normalized July performance-recipe result; resource=4x4, segment=4, attention=TRITON_ATTN, MoE=triton",-10.0,12/20 last 13,0.6126,0.6388,0.618,0.6419,,Pretyche Qwen32 sync OSL32768 PerfCfg CG-on matched 2026-07-02,partial,Final timeout partial over matched Steps 2-13. K9 has the lowest Eagle acceptance and generation throughput is 38.7% lower.,4x4,steps 2-13 (12 metrics),CG-on,True,precomputed,july-current,,,9.0,TIMEOUT_PARTIAL,partial,,8267.8291,,docs/pretyche_qwen32_sync_osl32k_matched_live_metrics_20260702.csv,5.0,,4x4,4.0,2.0,1.0,TRITON_ATTN,triton,,,standard,True,16.0,16.0,False,,
2319108,Qwen3-32B,sync,pard,20.0,32768.0,,1.0,1.0,,,,,4.0,4.0,4.0,,,,,,,,,,,docs/pretyche_qwen32_sync_osl32k_matched_live_metrics_20260702.csv,False,,,,,true,,,https://wandb.ai/nvidia/sna-nemorl-specdec-pretyche/runs/9oi3su74,,steps2-6,,5.0,,,6.0,,2-6,,,,,,,,,60.8265,,2531.6325,2446.6945,,,,60.1123,62.7628,,,,,0.000755,0.646094,,1.6083,,,,,,,,,,TIMEOUT_PARTIAL,,,,,pard_k1,Qwen3-32B,pretyche,Pretyche Qwen32 sync OSL32768 PerfCfg CG-on matched 2026-07-02,"normalized July performance-recipe result; resource=4x4, segment=4, attention=TRITON_ATTN, MoE=triton",-10.0,5/20 last 6,0.3652,0.3882,0.3441,0.3668,,Pretyche Qwen32 sync OSL32768 PerfCfg CG-on matched 2026-07-02,partial,Final timeout partial over matched Steps 2-6. High K1 acceptance does not offset target and draft TP2 overhead; generation throughput is 63.5% lower.,4x4,steps 2-6 (5 metrics),CG-on,True,precomputed,july-current,,,1.0,TIMEOUT_PARTIAL,partial,,8658.2906,,docs/pretyche_qwen32_sync_osl32k_matched_live_metrics_20260702.csv,7.0,,4x4,4.0,2.0,2.0,TRITON_ATTN,triton,,,noarrms,False,16.0,16.0,False,,
2319111,Qwen3-32B,sync,pard,20.0,32768.0,,1.0,1.0,,,,,4.0,4.0,4.0,,,,,,,,,,,docs/pretyche_qwen32_sync_osl32k_matched_live_metrics_20260702.csv,False,,,,,true,,,https://wandb.ai/nvidia/sna-nemorl-specdec-pretyche/runs/gy6xnay8,,steps2-6,,5.0,,,6.0,,2-6,,,,,,,,,8.5032,,2750.3418,2662.6712,,,,59.6802,62.6409,,,,,0.000746,0.655469,,2.3605,,,,,,,,,,TIMEOUT_PARTIAL,,,,,pard_k16,Qwen3-32B,pretyche,Pretyche Qwen32 sync OSL32768 PerfCfg CG-on matched 2026-07-02,"normalized July performance-recipe result; resource=4x4, segment=4, attention=TRITON_ATTN, MoE=triton",-10.0,5/20 last 6,0.3644,0.3854,0.3162,0.3376,,Pretyche Qwen32 sync OSL32768 PerfCfg CG-on matched 2026-07-02,partial,Final timeout partial over matched Steps 2-6. K16 has the lowest PARD acceptance and generation throughput is 63.6% lower with aligned correctness metrics.,4x4,steps 2-6 (5 metrics),CG-on,True,precomputed,july-current,,,16.0,TIMEOUT_PARTIAL,partial,,8805.6859,,docs/pretyche_qwen32_sync_osl32k_matched_live_metrics_20260702.csv,10.0,,4x4,4.0,2.0,2.0,TRITON_ATTN,triton,,,noarrms,False,16.0,16.0,False,,
2319109,Qwen3-32B,sync,pard,20.0,32768.0,,1.0,1.0,,,,,4.0,4.0,4.0,,,,,,,,,,,docs/pretyche_qwen32_sync_osl32k_matched_live_metrics_20260702.csv,False,,,,,true,,,https://wandb.ai/nvidia/sna-nemorl-specdec-pretyche/runs/wsrjtx1s,,steps2-8,,7.0,,,8.0,,2-8,,,,,,,,,19.2545,,2009.4161,1924.9377,,,,76.4595,81.1998,,,,,0.000769,0.626674,,2.3478,,,,,,,,,,TIMEOUT_PARTIAL,,,,,pard_k7,Qwen3-32B,pretyche,Pretyche Qwen32 sync OSL32768 PerfCfg CG-on matched 2026-07-02,"normalized July performance-recipe result; resource=4x4, segment=4, attention=TRITON_ATTN, MoE=triton",-10.0,7/20 last 8,0.439,0.4626,0.4013,0.4263,,Pretyche Qwen32 sync OSL32768 PerfCfg CG-on matched 2026-07-02,partial,Final timeout partial over matched Steps 2-8. Generation length and correctness metrics align with baseline while generation throughput is 56.1% lower.,4x4,steps 2-8 (7 metrics),CG-on,True,precomputed,july-current,,,7.0,TIMEOUT_PARTIAL,partial,,8482.2416,,docs/pretyche_qwen32_sync_osl32k_matched_live_metrics_20260702.csv,8.0,,4x4,4.0,2.0,2.0,TRITON_ATTN,triton,,,noarrms,False,16.0,16.0,False,,
2319110,Qwen3-32B,sync,pard,20.0,32768.0,,1.0,1.0,,,,,4.0,4.0,4.0,,,,,,,,,,,docs/pretyche_qwen32_sync_osl32k_matched_live_metrics_20260702.csv,False,,,,,true,,,https://wandb.ai/nvidia/sna-nemorl-specdec-pretyche/runs/nbawsebv,,steps2-7,,6.0,,,7.0,,2-7,,,,,,,,,15.084,,2252.2625,2168.881,,,,66.3264,69.4948,,,,,0.000754,0.630208,,2.3576,,,,,,,,,,TIMEOUT_PARTIAL,,,,,pard_k9,Qwen3-32B,pretyche,Pretyche Qwen32 sync OSL32768 PerfCfg CG-on matched 2026-07-02,"normalized July performance-recipe result; resource=4x4, segment=4, attention=TRITON_ATTN, MoE=triton",-10.0,6/20 last 7,0.4034,0.4273,0.3787,0.4026,,Pretyche Qwen32 sync OSL32768 PerfCfg CG-on matched 2026-07-02,partial,Final timeout partial over matched Steps 2-7. Generation length reward and KL align with baseline while generation throughput is 59.7% lower.,4x4,steps 2-7 (6 metrics),CG-on,True,precomputed,july-current,,,9.0,TIMEOUT_PARTIAL,partial,,8585.4961,,docs/pretyche_qwen32_sync_osl32k_matched_live_metrics_20260702.csv,9.0,,4x4,4.0,2.0,2.0,TRITON_ATTN,triton,,,noarrms,False,16.0,16.0,False,,
2174831,qwen235b,async1off,baseline,20.0,8192.0,default,1.0,1.0,-1.0,/lustre/fsw/coreai_dlalgo_llm/users/sna/hf_home/hub/models--Qwen--Qwen3-235B-A22B/snapshots/8efa61729e24bd65b1d152b5ab5409052aa80e65,/lustre/fsw/coreai_dlalgo_llm/users/sna/hf_home/hub/models--Qwen--Qwen3-235B-A22B/snapshots/8efa61729e24bd65b1d152b5ab5409052aa80e65,0.0,32.0,4.0,16.0,none,True,True,/lustre/fsw/coreai_dlalgo_llm/users/sna/nemorl_reference_runs/pard2_cache/system_pydeps_cbor2_py313,examples/configs/recipes/llm/performance/grpo-qwen3-235b-32n4g-async-1off.yaml,20260621_lyris_nemorl_qwen235b_pr2879_async1off_bestk_step20_osl8192_temp1,/lustre/fsw/coreai_dlalgo_llm/users/sna/RL-latest-main-canary-pr2879-20260621,/lustre/fsw/coreai_dlalgo_llm/users/sna/containers/nemo_rl_nightly.sqsh,/lustre/fsw/coreai_dlalgo_llm/users/sna/nemorl_reference_runs/20260621_lyris_nemorl_qwen235b_pr2879_async1off_bestk_step20_osl8192_temp1/logs/qwen235b_async1off_baseline,,latest_lyris_nemorl_qwen235b_pr2879_async1off_bestk_step20_osl8192_temp1_20260621_jobs.csv,,,,,,,,,,,,,,,,,,,,,,,,,,,,,,,,,,,,,,,,,,,,,,,,,,,,,SUBMITTED,,,,,baseline,Qwen3-235B-A22B,lyris,Lyris Qwen235B PR2879 OSL8192 2026-06-21,"performance recipe default, latest main plus PR2879 topology-aware fix",0.0,0/0,,,,,,,,,,not parsed,CG-unknown,False,baseline,pre-july-canonical,docs/lyris_nemorl_perfcfg_specdec_combined_prejuly_20260701.csv,,,,submitted,,,,,,,,,,,,,,,,,,,False,,
2182165,qwen235b,async1off,baseline,20.0,8192.0,default,1.0,1.0,-1.0,/lustre/fsw/coreai_dlalgo_llm/users/sna/hf_home/hub/models--Qwen--Qwen3-235B-A22B/snapshots/8efa61729e24bd65b1d152b5ab5409052aa80e65,/lustre/fsw/coreai_dlalgo_llm/users/sna/hf_home/hub/models--Qwen--Qwen3-235B-A22B/snapshots/8efa61729e24bd65b1d152b5ab5409052aa80e65,0.0,32.0,4.0,16.0,none,True,True,,examples/configs/recipes/llm/performance/grpo-qwen3-235b-32n4g-async-1off.yaml,20260622_lyris_nemorl_perfcfg_eagerfalse_triton_mnbt32768_maxseq64_core_step20_recipe_osl_temp1_wandb,/lustre/fsw/coreai_dlalgo_llm/users/sna/RL-latest-main-canary-pr2879-20260621,/lustre/fsw/coreai_dlalgo_llm/users/sna/containers/nemo_rl_nightly.sqsh,/lustre/fsw/coreai_dlalgo_llm/users/sna/nemorl_reference_runs/20260622_lyris_nemorl_perfcfg_eagerfalse_triton_mnbt32768_maxseq64_core_step20_recipe_osl_temp1_wandb/logs/qwen235b_async1off_baseline,,docs/latest_lyris_nemorl_perfcfg_eagerfalse_triton_mnbt32768_maxseq64_core_step20_recipe_osl_temp1_wandb_20260622_jobs.csv,False,,triton,64.0,32768.0,True,nemo-rl-perfcfg-specdec-lyris,qwen235b_PerfCfg_async1off_baseline_20260622_lyris_nemorl_perfcfg_eagerfalse_triton_mnbt32768_maxseq64_core_step20_recipe_osl_temp1_wandb,,,,,,,,,,,,,,,,,,,,,,,,,,,,,,,,,,,,,,,,,,,,,SUBMITTED,,,,,baseline,Qwen3-235B-A22B,lyris,Lyris PerfCfg enforce_eager=false triton W&B matrix 2026-06-22,"performance recipe default plus latest-main+PR2879 topology-aware fix; enforce_eager=false, MoE backend=triton, max_num_seqs=64, max_num_batched_tokens=32768, W&B enabled",0.0,0/0,,,,,,,,,,not parsed,CG-on,False,baseline,pre-july-canonical,docs/lyris_nemorl_perfcfg_specdec_combined_prejuly_20260701.csv,,,,submitted,,,,,,,,,,,,,,,,,,,False,,
2174833,qwen235b,async1off,eagle3,20.0,8192.0,default,1.0,1.0,-1.0,/lustre/fsw/coreai_dlalgo_llm/users/sna/hf_home/hub/models--Qwen--Qwen3-235B-A22B/snapshots/8efa61729e24bd65b1d152b5ab5409052aa80e65,/lustre/fsw/coreai_dlalgo_llm/users/sna/hf_home/hub/models--nvidia--Qwen3-235B-A22B-Eagle3/snapshots/33f3c01ce807376d1171301b9a148b1b28f239ba,3.0,32.0,4.0,16.0,none,True,True,/lustre/fsw/coreai_dlalgo_llm/users/sna/nemorl_reference_runs/pard2_cache/system_pydeps_cbor2_py313,examples/configs/recipes/llm/performance/grpo-qwen3-235b-32n4g-async-1off.yaml,20260621_lyris_nemorl_qwen235b_pr2879_async1off_bestk_step20_osl8192_temp1,/lustre/fsw/coreai_dlalgo_llm/users/sna/RL-latest-main-canary-pr2879-20260621,/lustre/fsw/coreai_dlalgo_llm/users/sna/containers/nemo_rl_nightly.sqsh,/lustre/fsw/coreai_dlalgo_llm/users/sna/nemorl_reference_runs/20260621_lyris_nemorl_qwen235b_pr2879_async1off_bestk_step20_osl8192_temp1/logs/qwen235b_async1off_eagle3,,latest_lyris_nemorl_qwen235b_pr2879_async1off_bestk_step20_osl8192_temp1_20260621_jobs.csv,,,,,,,,,,,,,,,,,,,,,,,,,,,,,,,,,,,,,,,,,,,,,,,,,,,,,SUBMITTED,,,,,eagle3_k3,Qwen3-235B-A22B,lyris,Lyris Qwen235B PR2879 OSL8192 2026-06-21,"performance recipe default, latest main plus PR2879 topology-aware fix",0.0,0/0,,,,,,,,,,not parsed,CG-unknown,False,unmatched_baseline,pre-july-canonical,docs/lyris_nemorl_perfcfg_specdec_combined_prejuly_20260701.csv,,,,submitted,,,,,,,,,,,,,,,,,,,False,,
2182167,qwen235b,async1off,eagle3,20.0,8192.0,default,1.0,1.0,-1.0,/lustre/fsw/coreai_dlalgo_llm/users/sna/hf_home/hub/models--Qwen--Qwen3-235B-A22B/snapshots/8efa61729e24bd65b1d152b5ab5409052aa80e65,/lustre/fsw/coreai_dlalgo_llm/users/sna/hf_home/hub/models--nvidia--Qwen3-235B-A22B-Eagle3/snapshots/33f3c01ce807376d1171301b9a148b1b28f239ba,5.0,32.0,4.0,16.0,none,True,True,,examples/configs/recipes/llm/performance/grpo-qwen3-235b-32n4g-async-1off.yaml,20260622_lyris_nemorl_perfcfg_eagerfalse_triton_mnbt32768_maxseq64_core_step20_recipe_osl_temp1_wandb,/lustre/fsw/coreai_dlalgo_llm/users/sna/RL-latest-main-canary-pr2879-20260621,/lustre/fsw/coreai_dlalgo_llm/users/sna/containers/nemo_rl_nightly.sqsh,/lustre/fsw/coreai_dlalgo_llm/users/sna/nemorl_reference_runs/20260622_lyris_nemorl_perfcfg_eagerfalse_triton_mnbt32768_maxseq64_core_step20_recipe_osl_temp1_wandb/logs/qwen235b_async1off_eagle3,,docs/latest_lyris_nemorl_perfcfg_eagerfalse_triton_mnbt32768_maxseq64_core_step20_recipe_osl_temp1_wandb_20260622_jobs.csv,False,,triton,64.0,32768.0,True,nemo-rl-perfcfg-specdec-lyris,qwen235b_PerfCfg_async1off_eagle3_20260622_lyris_nemorl_perfcfg_eagerfalse_triton_mnbt32768_maxseq64_core_step20_recipe_osl_temp1_wandb,,,,,,,,,,,,,,,,,,,,,,,,,,,,,,,,,,,,,,,,,,,,,SUBMITTED,,,,,eagle3_k5,Qwen3-235B-A22B,lyris,Lyris PerfCfg enforce_eager=false triton W&B matrix 2026-06-22,"performance recipe default plus latest-main+PR2879 topology-aware fix; enforce_eager=false, MoE backend=triton, max_num_seqs=64, max_num_batched_tokens=32768, W&B enabled",0.0,0/0,,,,,,,,,,not parsed,CG-on,False,unmatched_baseline,pre-july-canonical,docs/lyris_nemorl_perfcfg_specdec_combined_prejuly_20260701.csv,,,,submitted,,,,,,,,,,,,,,,,,,,False,,
2174835,qwen235b,async1off,pard2,20.0,8192.0,default,1.0,1.0,-1.0,/lustre/fsw/coreai_dlalgo_llm/users/sna/hf_home/hub/models--Qwen--Qwen3-235B-A22B/snapshots/8efa61729e24bd65b1d152b5ab5409052aa80e65,/lustre/fsw/coreai_dlalgo_llm/users/sna/hf_home/hub/models--amd--PARD2-Qwen3-8B/snapshots/edc551468a897638df7b22335ef1162af94ecbb0,16.0,32.0,4.0,16.0,none,True,True,/lustre/fsw/coreai_dlalgo_llm/users/sna/nemorl_reference_runs/pard2_cache/system_pydeps_cbor2_py313,examples/configs/recipes/llm/performance/grpo-qwen3-235b-32n4g-async-1off.yaml,20260621_lyris_nemorl_qwen235b_pr2879_async1off_bestk_step20_osl8192_temp1,/lustre/fsw/coreai_dlalgo_llm/users/sna/RL-latest-main-canary-pr2879-20260621,/lustre/fsw/coreai_dlalgo_llm/users/sna/containers/nemo_rl_nightly.sqsh,/lustre/fsw/coreai_dlalgo_llm/users/sna/nemorl_reference_runs/20260621_lyris_nemorl_qwen235b_pr2879_async1off_bestk_step20_osl8192_temp1/logs/qwen235b_async1off_pard2,,latest_lyris_nemorl_qwen235b_pr2879_async1off_bestk_step20_osl8192_temp1_20260621_jobs.csv,,,,,,,,,,,,,,,,,,,,,,,,,,,,,,,,,,,,,,,,,,,,,,,,,,,,,SUBMITTED,,,,,pard2_k16,Qwen3-235B-A22B,lyris,Lyris Qwen235B PR2879 OSL8192 2026-06-21,"performance recipe default, latest main plus PR2879 topology-aware fix",0.0,0/0,,,,,,,,,,not parsed,CG-unknown,False,unmatched_baseline,pre-july-canonical,docs/lyris_nemorl_perfcfg_specdec_combined_prejuly_20260701.csv,,,,submitted,,,,,,,,,,,,,,,,,,,False,,
2174834,qwen235b,async1off,pard,20.0,8192.0,default,1.0,1.0,-1.0,/lustre/fsw/coreai_dlalgo_llm/users/sna/hf_home/hub/models--Qwen--Qwen3-235B-A22B/snapshots/8efa61729e24bd65b1d152b5ab5409052aa80e65,/lustre/fsw/coreai_dlalgo_llm/users/sna/hf_home/hub/models--amd--PARD-Qwen3-0.6B/snapshots/34e73caf94c021c3d4b8bad86ebd3616850ab4fd,16.0,32.0,4.0,16.0,none,True,True,/lustre/fsw/coreai_dlalgo_llm/users/sna/nemorl_reference_runs/pard2_cache/system_pydeps_cbor2_py313,examples/configs/recipes/llm/performance/grpo-qwen3-235b-32n4g-async-1off.yaml,20260621_lyris_nemorl_qwen235b_pr2879_async1off_bestk_step20_osl8192_temp1,/lustre/fsw/coreai_dlalgo_llm/users/sna/RL-latest-main-canary-pr2879-20260621,/lustre/fsw/coreai_dlalgo_llm/users/sna/containers/nemo_rl_nightly.sqsh,/lustre/fsw/coreai_dlalgo_llm/users/sna/nemorl_reference_runs/20260621_lyris_nemorl_qwen235b_pr2879_async1off_bestk_step20_osl8192_temp1/logs/qwen235b_async1off_pard,,latest_lyris_nemorl_qwen235b_pr2879_async1off_bestk_step20_osl8192_temp1_20260621_jobs.csv,,,,,,,,,,,,,,,,,,,,,,,,,,,,,,,,,,,,,,,,,,,,,,,,,,,,,SUBMITTED,,,,,pard_k16,Qwen3-235B-A22B,lyris,Lyris Qwen235B PR2879 OSL8192 2026-06-21,"performance recipe default, latest main plus PR2879 topology-aware fix",0.0,0/0,,,,,,,,,,not parsed,CG-unknown,False,unmatched_baseline,pre-july-canonical,docs/lyris_nemorl_perfcfg_specdec_combined_prejuly_20260701.csv,,,,submitted,,,,,,,,,,,,,,,,,,,False,,
2182166,qwen235b,async1off,pard,20.0,8192.0,default,1.0,1.0,-1.0,/lustre/fsw/coreai_dlalgo_llm/users/sna/hf_home/hub/models--Qwen--Qwen3-235B-A22B/snapshots/8efa61729e24bd65b1d152b5ab5409052aa80e65,/lustre/fsw/coreai_dlalgo_llm/users/sna/hf_home/hub/models--amd--PARD-Qwen3-0.6B/snapshots/34e73caf94c021c3d4b8bad86ebd3616850ab4fd,16.0,32.0,4.0,16.0,none,True,True,,examples/configs/recipes/llm/performance/grpo-qwen3-235b-32n4g-async-1off.yaml,20260622_lyris_nemorl_perfcfg_eagerfalse_triton_mnbt32768_maxseq64_core_step20_recipe_osl_temp1_wandb,/lustre/fsw/coreai_dlalgo_llm/users/sna/RL-latest-main-canary-pr2879-20260621,/lustre/fsw/coreai_dlalgo_llm/users/sna/containers/nemo_rl_nightly.sqsh,/lustre/fsw/coreai_dlalgo_llm/users/sna/nemorl_reference_runs/20260622_lyris_nemorl_perfcfg_eagerfalse_triton_mnbt32768_maxseq64_core_step20_recipe_osl_temp1_wandb/logs/qwen235b_async1off_pard,,docs/latest_lyris_nemorl_perfcfg_eagerfalse_triton_mnbt32768_maxseq64_core_step20_recipe_osl_temp1_wandb_20260622_jobs.csv,False,,triton,64.0,32768.0,True,nemo-rl-perfcfg-specdec-lyris,qwen235b_PerfCfg_async1off_pard_20260622_lyris_nemorl_perfcfg_eagerfalse_triton_mnbt32768_maxseq64_core_step20_recipe_osl_temp1_wandb,,,,,,,,,,,,,,,,,,,,,,,,,,,,,,,,,,,,,,,,,,,,,SUBMITTED,,,,,pard_k16,Qwen3-235B-A22B,lyris,Lyris PerfCfg enforce_eager=false triton W&B matrix 2026-06-22,"performance recipe default plus latest-main+PR2879 topology-aware fix; enforce_eager=false, MoE backend=triton, max_num_seqs=64, max_num_batched_tokens=32768, W&B enabled",0.0,0/0,,,,,,,,,,not parsed,CG-on,False,unmatched_baseline,pre-july-canonical,docs/lyris_nemorl_perfcfg_specdec_combined_prejuly_20260701.csv,,,,submitted,,,,,,,,,,,,,,,,,,,False,,
2174832,qwen235b,async1off,suffix,20.0,8192.0,default,1.0,1.0,-1.0,/lustre/fsw/coreai_dlalgo_llm/users/sna/hf_home/hub/models--Qwen--Qwen3-235B-A22B/snapshots/8efa61729e24bd65b1d152b5ab5409052aa80e65,/lustre/fsw/coreai_dlalgo_llm/users/sna/hf_home/hub/models--Qwen--Qwen3-235B-A22B/snapshots/8efa61729e24bd65b1d152b5ab5409052aa80e65,32.0,32.0,4.0,16.0,none,True,True,/lustre/fsw/coreai_dlalgo_llm/users/sna/nemorl_reference_runs/pard2_cache/system_pydeps_cbor2_py313,examples/configs/recipes/llm/performance/grpo-qwen3-235b-32n4g-async-1off.yaml,20260621_lyris_nemorl_qwen235b_pr2879_async1off_bestk_step20_osl8192_temp1,/lustre/fsw/coreai_dlalgo_llm/users/sna/RL-latest-main-canary-pr2879-20260621,/lustre/fsw/coreai_dlalgo_llm/users/sna/containers/nemo_rl_nightly.sqsh,/lustre/fsw/coreai_dlalgo_llm/users/sna/nemorl_reference_runs/20260621_lyris_nemorl_qwen235b_pr2879_async1off_bestk_step20_osl8192_temp1/logs/qwen235b_async1off_suffix,,latest_lyris_nemorl_qwen235b_pr2879_async1off_bestk_step20_osl8192_temp1_20260621_jobs.csv,,,,,,,,,,,,,,,,,,,,,,,,,,,,,,,,,,,,,,,,,,,,,,,,,,,,,SUBMITTED,,,,,suffix_k32,Qwen3-235B-A22B,lyris,Lyris Qwen235B PR2879 OSL8192 2026-06-21,"performance recipe default, latest main plus PR2879 topology-aware fix",0.0,0/0,,,,,,,,,,not parsed,CG-unknown,False,unmatched_baseline,pre-july-canonical,docs/lyris_nemorl_perfcfg_specdec_combined_prejuly_20260701.csv,,,,submitted,,,,,,,,,,,,,,,,,,,False,,
2182168,qwen235b,async1off,suffix,20.0,8192.0,default,1.0,1.0,-1.0,/lustre/fsw/coreai_dlalgo_llm/users/sna/hf_home/hub/models--Qwen--Qwen3-235B-A22B/snapshots/8efa61729e24bd65b1d152b5ab5409052aa80e65,/lustre/fsw/coreai_dlalgo_llm/users/sna/hf_home/hub/models--Qwen--Qwen3-235B-A22B/snapshots/8efa61729e24bd65b1d152b5ab5409052aa80e65,32.0,32.0,4.0,16.0,none,True,True,,examples/configs/recipes/llm/performance/grpo-qwen3-235b-32n4g-async-1off.yaml,20260622_lyris_nemorl_perfcfg_eagerfalse_triton_mnbt32768_maxseq64_core_step20_recipe_osl_temp1_wandb,/lustre/fsw/coreai_dlalgo_llm/users/sna/RL-latest-main-canary-pr2879-20260621,/lustre/fsw/coreai_dlalgo_llm/users/sna/containers/nemo_rl_nightly.sqsh,/lustre/fsw/coreai_dlalgo_llm/users/sna/nemorl_reference_runs/20260622_lyris_nemorl_perfcfg_eagerfalse_triton_mnbt32768_maxseq64_core_step20_recipe_osl_temp1_wandb/logs/qwen235b_async1off_suffix,,docs/latest_lyris_nemorl_perfcfg_eagerfalse_triton_mnbt32768_maxseq64_core_step20_recipe_osl_temp1_wandb_20260622_jobs.csv,False,,triton,64.0,32768.0,True,nemo-rl-perfcfg-specdec-lyris,qwen235b_PerfCfg_async1off_suffix_20260622_lyris_nemorl_perfcfg_eagerfalse_triton_mnbt32768_maxseq64_core_step20_recipe_osl_temp1_wandb,,,,,,,,,,,,,,,,,,,,,,,,,,,,,,,,,,,,,,,,,,,,,SUBMITTED,,,,,suffix_k32,Qwen3-235B-A22B,lyris,Lyris PerfCfg enforce_eager=false triton W&B matrix 2026-06-22,"performance recipe default plus latest-main+PR2879 topology-aware fix; enforce_eager=false, MoE backend=triton, max_num_seqs=64, max_num_batched_tokens=32768, W&B enabled",0.0,0/0,,,,,,,,,,not parsed,CG-on,False,unmatched_baseline,pre-july-canonical,docs/lyris_nemorl_perfcfg_specdec_combined_prejuly_20260701.csv,,,,submitted,,,,,,,,,,,,,,,,,,,False,,
2172803,qwen235b,sync,baseline,20.0,8192.0,default,1.0,1.0,-1.0,/lustre/fsw/coreai_dlalgo_llm/users/sna/hf_home/hub/models--Qwen--Qwen3-235B-A22B/snapshots/8efa61729e24bd65b1d152b5ab5409052aa80e65,/lustre/fsw/coreai_dlalgo_llm/users/sna/hf_home/hub/models--Qwen--Qwen3-235B-A22B/snapshots/8efa61729e24bd65b1d152b5ab5409052aa80e65,0.0,32.0,4.0,16.0,none,True,True,,examples/configs/recipes/llm/performance/grpo-qwen3-235b-32n4g.yaml,20260621_lyris_nemorl_qwen235b_pr2879_step20_fixedquote_osl8192_temp1_core,/lustre/fsw/coreai_dlalgo_llm/users/sna/RL-latest-main-canary-pr2879-20260621,/lustre/fsw/coreai_dlalgo_llm/users/sna/containers/nemo_rl_nightly.sqsh,/lustre/fsw/coreai_dlalgo_llm/users/sna/nemorl_reference_runs/20260621_lyris_nemorl_qwen235b_pr2879_step20_fixedquote_osl8192_temp1_core/logs/qwen235b_sync_baseline,,latest_lyris_nemorl_qwen235b_pr2879_step20_fixedquote_osl8192_temp1_core_20260621_jobs.csv,,,,,,,,,,,step>=2,12.0,11.0,1.0,2.0,13.0,20.0,2-12,13.0,partial_usable,0.0,0.0,0.0,,,,,tmp/lyris_qwen235b_pr2879_20260621_logs/lustre/fsw/coreai_dlalgo_llm/users/sna/nemorl_reference_runs/20260621_lyris_nemorl_qwen235b_pr2879_step20_fixedquote_osl8192_temp1_core/logs/qwen235b_sync_baseline/2172803-logs/ray-driver.log,1420.5727272727272,1346.4545454545455,36.92545454545455,12.827272727272726,21.91090909090909,16.487272727272728,17.447272727272725,618.8318181818181,1792.5290909090909,5578.213954545455,,0.0067818181818181,0.5760000000000001,,,,,,,,docs/lyris_qwen235b_pr2879_live_summary_skip_step1_20260621.csv,,,online-qwen235b-perfcfg-sync-baseline-step20-osl8192-temp1.0-N32xG4,TIMEOUT,0:0,05:00:24,2026-06-21T16:10:35,2026-06-21T21:10:59,baseline,Qwen3-235B-A22B,lyris,Lyris Qwen235B PR2879 OSL8192 2026-06-21,"performance recipe default, latest main plus PR2879 topology-aware fix",0.0,11/13,1.0,1.0,1.0,1.0,,,,,,steps 2-12 (11 metrics),CG-unknown,False,baseline,pre-july-canonical,docs/lyris_nemorl_perfcfg_specdec_combined_prejuly_20260701.csv,,,,partial,,,,,,,,,,,,,,,,,,,False,,
2182161,qwen235b,sync,baseline,20.0,8192.0,default,1.0,1.0,-1.0,/lustre/fsw/coreai_dlalgo_llm/users/sna/hf_home/hub/models--Qwen--Qwen3-235B-A22B/snapshots/8efa61729e24bd65b1d152b5ab5409052aa80e65,/lustre/fsw/coreai_dlalgo_llm/users/sna/hf_home/hub/models--Qwen--Qwen3-235B-A22B/snapshots/8efa61729e24bd65b1d152b5ab5409052aa80e65,0.0,32.0,4.0,16.0,none,True,True,,examples/configs/recipes/llm/performance/grpo-qwen3-235b-32n4g.yaml,20260622_lyris_nemorl_perfcfg_eagerfalse_triton_mnbt32768_maxseq64_core_step20_recipe_osl_temp1_wandb,/lustre/fsw/coreai_dlalgo_llm/users/sna/RL-latest-main-canary-pr2879-20260621,/lustre/fsw/coreai_dlalgo_llm/users/sna/containers/nemo_rl_nightly.sqsh,/lustre/fsw/coreai_dlalgo_llm/users/sna/nemorl_reference_runs/20260622_lyris_nemorl_perfcfg_eagerfalse_triton_mnbt32768_maxseq64_core_step20_recipe_osl_temp1_wandb/logs/qwen235b_sync_baseline,,docs/latest_lyris_nemorl_perfcfg_eagerfalse_triton_mnbt32768_maxseq64_core_step20_recipe_osl_temp1_wandb_20260622_jobs.csv,False,,triton,64.0,32768.0,True,nemo-rl-perfcfg-specdec-lyris,qwen235b_PerfCfg_sync_baseline_20260622_lyris_nemorl_perfcfg_eagerfalse_triton_mnbt32768_maxseq64_core_step20_recipe_osl_temp1_wandb,,,,,,,,,,,,,,,,,,,,,,,,,,,,,,,,,,,,,,,,,,,,,SUBMITTED,,,,,baseline,Qwen3-235B-A22B,lyris,Lyris PerfCfg enforce_eager=false triton W&B matrix 2026-06-22,"performance recipe default plus latest-main+PR2879 topology-aware fix; enforce_eager=false, MoE backend=triton, max_num_seqs=64, max_num_batched_tokens=32768, W&B enabled",0.0,0/0,,,,,,,,,,not parsed,CG-on,False,baseline,pre-july-canonical,docs/lyris_nemorl_perfcfg_specdec_combined_prejuly_20260701.csv,,,,submitted,,,,,,,,,,,,,,,,,,,False,,
2191515,qwen235b,sync,baseline,20.0,8192.0,default,1.0,1.0,-1.0,/lustre/fsw/coreai_dlalgo_llm/users/sna/hf_home/hub/models--Qwen--Qwen3-235B-A22B/snapshots/8efa61729e24bd65b1d152b5ab5409052aa80e65,/lustre/fsw/coreai_dlalgo_llm/users/sna/hf_home/hub/models--Qwen--Qwen3-235B-A22B/snapshots/8efa61729e24bd65b1d152b5ab5409052aa80e65,0.0,32.0,4.0,16.0,none,True,True,,examples/configs/recipes/llm/performance/grpo-qwen3-235b-32n4g.yaml,20260623_lyris_nemorl_perfcfg_cudagraph_off_eagertrue_wandb_best_positive_qwen235b_sync,/lustre/fsw/coreai_dlalgo_llm/users/sna/RL-latest-main-canary-pr2879-20260621,/lustre/fsw/coreai_dlalgo_llm/users/sna/containers/nemo_rl_nightly.sqsh,/lustre/fsw/coreai_dlalgo_llm/users/sna/nemorl_reference_runs/20260623_lyris_nemorl_perfcfg_cudagraph_off_eagertrue_wandb_best_positive_qwen235b_sync/logs/qwen235b_sync_baseline,,docs/latest_lyris_nemorl_cudagraphoff_wandb_best_qwen235b_sync_20260623_jobs.csv,True,False,triton,,,True,nemo-rl-perfcfg-specdec-lyris,qwen235b_PerfCfg_sync_baseline_20260623_lyris_nemorl_perfcfg_cudagraph_off_eagertrue_wandb_best_positive_qwen235b_sync,,,,,,,,,,,,,,,,,,,,,,,,,,,,,,,,,,,,,,,,,,,,,SUBMITTED,,,,,baseline,Qwen3-235B-A22B,lyris,Lyris PerfCfg CUDA-graph-disabled triton W&B matrix 2026-06-23,"performance recipe default plus latest-main+PR2879 topology-aware fix; enforce_eager=true (CUDA graph disabled), MoE backend=triton, W&B enabled",0.0,0/0,,,,,,,,,,not parsed,CG-off,False,baseline,pre-july-canonical,docs/lyris_nemorl_perfcfg_specdec_combined_prejuly_20260701.csv,,,,submitted,,,,,,,,,,,,,,,,,,,False,,
2172082,qwen235b,sync,eagle3,3.0,8192.0,default,1.0,1.0,-1.0,/lustre/fsw/coreai_dlalgo_llm/users/sna/hf_home/hub/models--Qwen--Qwen3-235B-A22B/snapshots/8efa61729e24bd65b1d152b5ab5409052aa80e65,/lustre/fsw/coreai_dlalgo_llm/users/sna/hf_home/hub/models--nvidia--Qwen3-235B-A22B-Eagle3/snapshots/33f3c01ce807376d1171301b9a148b1b28f239ba,3.0,32.0,4.0,16.0,none,True,True,,examples/configs/recipes/llm/performance/grpo-qwen3-235b-32n4g.yaml,20260621_lyris_nemorl_qwen235b_specdec_pr2879_bestk_recipe_osl8192_step3,/lustre/fsw/coreai_dlalgo_llm/users/sna/RL-latest-main-canary-pr2879-20260621,/lustre/fsw/coreai_dlalgo_llm/users/sna/containers/nemo_rl_nightly.sqsh,/lustre/fsw/coreai_dlalgo_llm/users/sna/nemorl_reference_runs/20260621_lyris_nemorl_qwen235b_specdec_pr2879_bestk_recipe_osl8192_step3/logs/qwen235b_sync_eagle3,,latest_lyris_nemorl_qwen235b_specdec_pr2879_bestk_recipe_osl8192_step3_20260621_jobs.csv,,,,,,,,,,,,,,,,,,,,,,,,,,,,,,,,,,,,,,,,,,,,,,,,,,,,online-qwen235b-perfcfg-sync-eagle3-step3-osl8192-temp1.0-N32xG4,FAILED,1:0,00:38:46,2026-06-21T13:02:02,2026-06-21T13:40:48,eagle3_k3,Qwen3-235B-A22B,lyris,Lyris Qwen235B PR2879 OSL8192 2026-06-21,"performance recipe default, latest main plus PR2879 topology-aware fix",0.0,0/0,,,,,,,,,,not parsed,CG-unknown,False,unmatched_baseline,pre-july-canonical,docs/lyris_nemorl_perfcfg_specdec_combined_prejuly_20260701.csv,,,,failed,,,,,,,,,,,,,,,,,,,False,,
2172136,qwen235b,sync,eagle3,3.0,8192.0,default,1.0,1.0,-1.0,/lustre/fsw/coreai_dlalgo_llm/users/sna/hf_home/hub/models--Qwen--Qwen3-235B-A22B/snapshots/8efa61729e24bd65b1d152b5ab5409052aa80e65,/lustre/fsw/coreai_dlalgo_llm/users/sna/hf_home/hub/models--nvidia--Qwen3-235B-A22B-Eagle3/snapshots/33f3c01ce807376d1171301b9a148b1b28f239ba,3.0,32.0,4.0,16.0,none,True,True,,examples/configs/recipes/llm/performance/grpo-qwen3-235b-32n4g.yaml,20260621_lyris_nemorl_qwen235b_pr2879_k_sweep_osl8192_step3_eagle3k3,/lustre/fsw/coreai_dlalgo_llm/users/sna/RL-latest-main-canary-pr2879-20260621,/lustre/fsw/coreai_dlalgo_llm/users/sna/containers/nemo_rl_nightly.sqsh,/lustre/fsw/coreai_dlalgo_llm/users/sna/nemorl_reference_runs/20260621_lyris_nemorl_qwen235b_pr2879_k_sweep_osl8192_step3_eagle3k3/logs/qwen235b_sync_eagle3,,latest_lyris_nemorl_qwen235b_pr2879_eagle3k3_20260621_jobs.csv,,,,,,,,,,,step>=2,2.0,2.0,0.0,2.0,3.0,3.0,2-3,,partial_usable,0.0,0.0,0.0,,,,,tmp/lyris_qwen235b_pr2879_20260621_logs/lustre/fsw/coreai_dlalgo_llm/users/sna/nemorl_reference_runs/20260621_lyris_nemorl_qwen235b_pr2879_k_sweep_osl8192_step3_eagle3k3/logs/qwen235b_sync_eagle3/2172136-logs/ray-driver.log,1152.3049999999998,1093.795,30.86,11.775,13.45,17.26,18.19,659.155,1699.3649999999998,4940.765649999999,,0.00635,0.7275499999999999,,,,,,,,docs/lyris_qwen235b_pr2879_live_summary_skip_step1_20260621.csv,,,online-qwen235b-perfcfg-sync-eagle3-step3-osl8192-temp1.0-N32xG4,COMPLETED,0:0,01:13:18,2026-06-21T14:30:42,2026-06-21T15:44:00,eagle3_k3,Qwen3-235B-A22B,lyris,Lyris Qwen235B PR2879 OSL8192 2026-06-21,"performance recipe default, latest main plus PR2879 topology-aware fix",0.0,2/3,,,,,,,,,,steps 2-3 (2 metrics),CG-unknown,False,unmatched_baseline,pre-july-canonical,docs/lyris_nemorl_perfcfg_specdec_combined_prejuly_20260701.csv,,,,completed,,,,,,,,,,,,,,,,,,,False,,
2172806,qwen235b,sync,eagle3,20.0,8192.0,default,1.0,1.0,-1.0,/lustre/fsw/coreai_dlalgo_llm/users/sna/hf_home/hub/models--Qwen--Qwen3-235B-A22B/snapshots/8efa61729e24bd65b1d152b5ab5409052aa80e65,/lustre/fsw/coreai_dlalgo_llm/users/sna/hf_home/hub/models--nvidia--Qwen3-235B-A22B-Eagle3/snapshots/33f3c01ce807376d1171301b9a148b1b28f239ba,3.0,32.0,4.0,16.0,none,True,True,,examples/configs/recipes/llm/performance/grpo-qwen3-235b-32n4g.yaml,20260621_lyris_nemorl_qwen235b_pr2879_step20_fixedquote_osl8192_temp1_core,/lustre/fsw/coreai_dlalgo_llm/users/sna/RL-latest-main-canary-pr2879-20260621,/lustre/fsw/coreai_dlalgo_llm/users/sna/containers/nemo_rl_nightly.sqsh,/lustre/fsw/coreai_dlalgo_llm/users/sna/nemorl_reference_runs/20260621_lyris_nemorl_qwen235b_pr2879_step20_fixedquote_osl8192_temp1_core/logs/qwen235b_sync_eagle3,,latest_lyris_nemorl_qwen235b_pr2879_step20_fixedquote_osl8192_temp1_core_20260621_jobs.csv,,,,,,,,,,,,,,,,,,,,,,,,,,,,,,,,,,,,,,,,,,,,,,,,,,,,online-qwen235b-perfcfg-sync-eagle3-step20-osl8192-temp1.0-N32xG4,PENDING,0:0,00:00:00,Unknown,Unknown,eagle3_k3,Qwen3-235B-A22B,lyris,Lyris Qwen235B PR2879 OSL8192 2026-06-21,"performance recipe default, latest main plus PR2879 topology-aware fix",0.0,0/0,,,,,,,,,,not parsed,CG-unknown,False,unmatched_baseline,pre-july-canonical,docs/lyris_nemorl_perfcfg_specdec_combined_prejuly_20260701.csv,,,,pending,,,,,,,,,,,,,,,,,,,False,,
2172137,qwen235b,sync,eagle3,3.0,8192.0,default,1.0,1.0,-1.0,/lustre/fsw/coreai_dlalgo_llm/users/sna/hf_home/hub/models--Qwen--Qwen3-235B-A22B/snapshots/8efa61729e24bd65b1d152b5ab5409052aa80e65,/lustre/fsw/coreai_dlalgo_llm/users/sna/hf_home/hub/models--nvidia--Qwen3-235B-A22B-Eagle3/snapshots/33f3c01ce807376d1171301b9a148b1b28f239ba,5.0,32.0,4.0,16.0,none,True,True,,examples/configs/recipes/llm/performance/grpo-qwen3-235b-32n4g.yaml,20260621_lyris_nemorl_qwen235b_pr2879_k_sweep_osl8192_step3_eagle3k5,/lustre/fsw/coreai_dlalgo_llm/users/sna/RL-latest-main-canary-pr2879-20260621,/lustre/fsw/coreai_dlalgo_llm/users/sna/containers/nemo_rl_nightly.sqsh,/lustre/fsw/coreai_dlalgo_llm/users/sna/nemorl_reference_runs/20260621_lyris_nemorl_qwen235b_pr2879_k_sweep_osl8192_step3_eagle3k5/logs/qwen235b_sync_eagle3,,latest_lyris_nemorl_qwen235b_pr2879_eagle3k5_20260621_jobs.csv,,,,,,,,,,,step>=2,2.0,2.0,0.0,2.0,3.0,3.0,2-3,,partial_usable,0.0,0.0,0.0,,,,,tmp/lyris_qwen235b_pr2879_20260621_logs/lustre/fsw/coreai_dlalgo_llm/users/sna/nemorl_reference_runs/20260621_lyris_nemorl_qwen235b_pr2879_k_sweep_osl8192_step3_eagle3k5/logs/qwen235b_sync_eagle3/2172137-logs/ray-driver.log,1104.07,1045.635,30.43,12.135,13.405,18.185,19.205,666.235,1660.005,4982.6797,,0.00635,0.7285,,,,,,,,docs/lyris_qwen235b_pr2879_live_summary_skip_step1_20260621.csv,,,online-qwen235b-perfcfg-sync-eagle3-step3-osl8192-temp1.0-N32xG4,COMPLETED,0:0,01:10:44,2026-06-21T14:59:43,2026-06-21T16:10:27,eagle3_k5,Qwen3-235B-A22B,lyris,Lyris Qwen235B PR2879 OSL8192 2026-06-21,"performance recipe default, latest main plus PR2879 topology-aware fix",0.0,2/3,,,,,,,,,,steps 2-3 (2 metrics),CG-unknown,False,unmatched_baseline,pre-july-canonical,docs/lyris_nemorl_perfcfg_specdec_combined_prejuly_20260701.csv,,,,completed,,,,,,,,,,,,,,,,,,,False,,
2172802,qwen235b,sync,eagle3,20.0,8192.0,default,1.0,1.0,-1.0,/lustre/fsw/coreai_dlalgo_llm/users/sna/hf_home/hub/models--Qwen--Qwen3-235B-A22B/snapshots/8efa61729e24bd65b1d152b5ab5409052aa80e65,/lustre/fsw/coreai_dlalgo_llm/users/sna/hf_home/hub/models--nvidia--Qwen3-235B-A22B-Eagle3/snapshots/33f3c01ce807376d1171301b9a148b1b28f239ba,5.0,32.0,4.0,16.0,none,True,True,,examples/configs/recipes/llm/performance/grpo-qwen3-235b-32n4g.yaml,20260621_lyris_nemorl_qwen235b_pr2879_step20_fixedquote_osl8192_temp1_eagle3k5,/lustre/fsw/coreai_dlalgo_llm/users/sna/RL-latest-main-canary-pr2879-20260621,/lustre/fsw/coreai_dlalgo_llm/users/sna/containers/nemo_rl_nightly.sqsh,/lustre/fsw/coreai_dlalgo_llm/users/sna/nemorl_reference_runs/20260621_lyris_nemorl_qwen235b_pr2879_step20_fixedquote_osl8192_temp1_eagle3k5/logs/qwen235b_sync_eagle3,,latest_lyris_nemorl_qwen235b_pr2879_step20_fixedquote_osl8192_temp1_eagle3k5_20260621_jobs.csv,,,,,,,,,,,step>=2,19.0,19.0,0.0,2.0,20.0,20.0,2-20,,partial_usable,0.0,0.0,0.0,,,,,tmp/lyris_qwen235b_pr2879_20260621_logs/lustre/fsw/coreai_dlalgo_llm/users/sna/nemorl_reference_runs/20260621_lyris_nemorl_qwen235b_pr2879_step20_fixedquote_osl8192_temp1_eagle3k5/logs/qwen235b_sync_eagle3/2172802-logs/ray-driver.log,768.6536842105263,713.0331578947367,30.772105263157897,11.691578947368422,10.732631578947368,29.27578947368421,31.575263157894735,732.35,1924.9015789473683,5508.400910526316,,0.0068684210526315,0.583878947368421,,,,,,,,docs/lyris_qwen235b_pr2879_live_summary_skip_step1_20260621.csv,,,online-qwen235b-perfcfg-sync-eagle3-step20-osl8192-temp1.0-N32xG4,COMPLETED,0:0,04:37:09,2026-06-21T15:57:36,2026-06-21T20:34:45,eagle3_k5,Qwen3-235B-A22B,lyris,Lyris Qwen235B PR2879 OSL8192 2026-06-21,"performance recipe default, latest main plus PR2879 topology-aware fix",0.0,19/20,1.809753515719269,1.7756599261718475,1.8883477304618128,1.84813103280937,,,,,,steps 2-20 (19 metrics),CG-unknown,False,precomputed,pre-july-canonical,docs/lyris_nemorl_perfcfg_specdec_combined_prejuly_20260701.csv,,,,completed,,,,,,,,,,,,,,,,,,,False,,
2182163,qwen235b,sync,eagle3,20.0,8192.0,default,1.0,1.0,-1.0,/lustre/fsw/coreai_dlalgo_llm/users/sna/hf_home/hub/models--Qwen--Qwen3-235B-A22B/snapshots/8efa61729e24bd65b1d152b5ab5409052aa80e65,/lustre/fsw/coreai_dlalgo_llm/users/sna/hf_home/hub/models--nvidia--Qwen3-235B-A22B-Eagle3/snapshots/33f3c01ce807376d1171301b9a148b1b28f239ba,5.0,32.0,4.0,16.0,none,True,True,,examples/configs/recipes/llm/performance/grpo-qwen3-235b-32n4g.yaml,20260622_lyris_nemorl_perfcfg_eagerfalse_triton_mnbt32768_maxseq64_core_step20_recipe_osl_temp1_wandb,/lustre/fsw/coreai_dlalgo_llm/users/sna/RL-latest-main-canary-pr2879-20260621,/lustre/fsw/coreai_dlalgo_llm/users/sna/containers/nemo_rl_nightly.sqsh,/lustre/fsw/coreai_dlalgo_llm/users/sna/nemorl_reference_runs/20260622_lyris_nemorl_perfcfg_eagerfalse_triton_mnbt32768_maxseq64_core_step20_recipe_osl_temp1_wandb/logs/qwen235b_sync_eagle3,,docs/latest_lyris_nemorl_perfcfg_eagerfalse_triton_mnbt32768_maxseq64_core_step20_recipe_osl_temp1_wandb_20260622_jobs.csv,False,,triton,64.0,32768.0,True,nemo-rl-perfcfg-specdec-lyris,qwen235b_PerfCfg_sync_eagle3_20260622_lyris_nemorl_perfcfg_eagerfalse_triton_mnbt32768_maxseq64_core_step20_recipe_osl_temp1_wandb,,,,,,,,,,,,,,,,,,,,,,,,,,,,,,,,,,,,,,,,,,,,,SUBMITTED,,,,,eagle3_k5,Qwen3-235B-A22B,lyris,Lyris PerfCfg enforce_eager=false triton W&B matrix 2026-06-22,"performance recipe default plus latest-main+PR2879 topology-aware fix; enforce_eager=false, MoE backend=triton, max_num_seqs=64, max_num_batched_tokens=32768, W&B enabled",0.0,0/0,,,,,,,,,,not parsed,CG-on,False,unmatched_baseline,pre-july-canonical,docs/lyris_nemorl_perfcfg_specdec_combined_prejuly_20260701.csv,,,,submitted,,,,,,,,,,,,,,,,,,,False,,
2191516,qwen235b,sync,eagle3,20.0,8192.0,default,1.0,1.0,-1.0,/lustre/fsw/coreai_dlalgo_llm/users/sna/hf_home/hub/models--Qwen--Qwen3-235B-A22B/snapshots/8efa61729e24bd65b1d152b5ab5409052aa80e65,/lustre/fsw/coreai_dlalgo_llm/users/sna/hf_home/hub/models--nvidia--Qwen3-235B-A22B-Eagle3/snapshots/33f3c01ce807376d1171301b9a148b1b28f239ba,5.0,32.0,4.0,16.0,none,True,True,,examples/configs/recipes/llm/performance/grpo-qwen3-235b-32n4g.yaml,20260623_lyris_nemorl_perfcfg_cudagraph_off_eagertrue_wandb_best_positive_qwen235b_sync,/lustre/fsw/coreai_dlalgo_llm/users/sna/RL-latest-main-canary-pr2879-20260621,/lustre/fsw/coreai_dlalgo_llm/users/sna/containers/nemo_rl_nightly.sqsh,/lustre/fsw/coreai_dlalgo_llm/users/sna/nemorl_reference_runs/20260623_lyris_nemorl_perfcfg_cudagraph_off_eagertrue_wandb_best_positive_qwen235b_sync/logs/qwen235b_sync_eagle3,,docs/latest_lyris_nemorl_cudagraphoff_wandb_best_qwen235b_sync_20260623_jobs.csv,True,False,triton,,,True,nemo-rl-perfcfg-specdec-lyris,qwen235b_PerfCfg_sync_eagle3_20260623_lyris_nemorl_perfcfg_cudagraph_off_eagertrue_wandb_best_positive_qwen235b_sync,,,,,,,,,,,,,,,,,,,,,,,,,,,,,,,,,,,,,,,,,,,,,SUBMITTED,,,,,eagle3_k5,Qwen3-235B-A22B,lyris,Lyris PerfCfg CUDA-graph-disabled triton W&B matrix 2026-06-23,"performance recipe default plus latest-main+PR2879 topology-aware fix; enforce_eager=true (CUDA graph disabled), MoE backend=triton, W&B enabled",0.0,0/0,,,,,,,,,,not parsed,CG-off,False,unmatched_baseline,pre-july-canonical,docs/lyris_nemorl_perfcfg_specdec_combined_prejuly_20260701.csv,,,,submitted,,,,,,,,,,,,,,,,,,,False,,
2172084,qwen235b,sync,pard2,3.0,8192.0,default,1.0,1.0,-1.0,/lustre/fsw/coreai_dlalgo_llm/users/sna/hf_home/hub/models--Qwen--Qwen3-235B-A22B/snapshots/8efa61729e24bd65b1d152b5ab5409052aa80e65,amd/PARD2-Qwen3-8B,1.0,32.0,4.0,16.0,none,True,True,,examples/configs/recipes/llm/performance/grpo-qwen3-235b-32n4g.yaml,20260621_lyris_nemorl_qwen235b_specdec_pr2879_bestk_recipe_osl8192_step3,/lustre/fsw/coreai_dlalgo_llm/users/sna/RL-latest-main-canary-pr2879-20260621,/lustre/fsw/coreai_dlalgo_llm/users/sna/containers/nemo_rl_nightly.sqsh,/lustre/fsw/coreai_dlalgo_llm/users/sna/nemorl_reference_runs/20260621_lyris_nemorl_qwen235b_specdec_pr2879_bestk_recipe_osl8192_step3/logs/qwen235b_sync_pard2,,latest_lyris_nemorl_qwen235b_specdec_pr2879_bestk_recipe_osl8192_step3_pard2_20260621_jobs.csv,,,,,,,,,,,,,,,,,,,,,,,,,,,,,,,,,,,,,,,,,,,,,,,,,,,,online-qwen235b-perfcfg-sync-pard2-step3-osl8192-temp1.0-N32xG4,FAILED,2:0,00:02:25,2026-06-21T13:41:01,2026-06-21T13:43:26,pard2_k1,Qwen3-235B-A22B,lyris,Lyris Qwen235B PR2879 OSL8192 2026-06-21,"performance recipe default, latest main plus PR2879 topology-aware fix",0.0,0/0,,,,,,,,,,not parsed,CG-unknown,False,unmatched_baseline,pre-july-canonical,docs/lyris_nemorl_perfcfg_specdec_combined_prejuly_20260701.csv,,,,failed,,,,,,,,,,,,,,,,,,,False,,
2172135,qwen235b,sync,pard2,3.0,8192.0,default,1.0,1.0,-1.0,/lustre/fsw/coreai_dlalgo_llm/users/sna/hf_home/hub/models--Qwen--Qwen3-235B-A22B/snapshots/8efa61729e24bd65b1d152b5ab5409052aa80e65,amd/PARD2-Qwen3-8B,16.0,32.0,4.0,16.0,none,True,True,,examples/configs/recipes/llm/performance/grpo-qwen3-235b-32n4g.yaml,20260621_lyris_nemorl_qwen235b_pr2879_k_sweep_osl8192_step3_pard16_pard2k16,/lustre/fsw/coreai_dlalgo_llm/users/sna/RL-latest-main-canary-pr2879-20260621,/lustre/fsw/coreai_dlalgo_llm/users/sna/containers/nemo_rl_nightly.sqsh,/lustre/fsw/coreai_dlalgo_llm/users/sna/nemorl_reference_runs/20260621_lyris_nemorl_qwen235b_pr2879_k_sweep_osl8192_step3_pard16_pard2k16/logs/qwen235b_sync_pard2,,latest_lyris_nemorl_qwen235b_pr2879_pard16_pard2k16_20260621_jobs.csv,,,,,,,,,,,,,,,,,,,,,,,,,,,,,,,,,,,,,,,,,,,,,,,,,,,,online-qwen235b-perfcfg-sync-pard2-step3-osl8192-temp1.0-N32xG4,FAILED,2:0,00:02:44,2026-06-21T14:27:32,2026-06-21T14:30:16,pard2_k16,Qwen3-235B-A22B,lyris,Lyris Qwen235B PR2879 OSL8192 2026-06-21,"performance recipe default, latest main plus PR2879 topology-aware fix",0.0,0/0,,,,,,,,,,not parsed,CG-unknown,False,unmatched_baseline,pre-july-canonical,docs/lyris_nemorl_perfcfg_specdec_combined_prejuly_20260701.csv,,,,failed,,,,,,,,,,,,,,,,,,,False,,
2173557,qwen235b,sync,pard2,20.0,8192.0,default,1.0,1.0,-1.0,/lustre/fsw/coreai_dlalgo_llm/users/sna/hf_home/hub/models--Qwen--Qwen3-235B-A22B/snapshots/8efa61729e24bd65b1d152b5ab5409052aa80e65,/lustre/fsw/coreai_dlalgo_llm/users/sna/hf_home/hub/models--amd--PARD2-Qwen3-8B/snapshots/edc551468a897638df7b22335ef1162af94ecbb0,16.0,32.0,4.0,16.0,none,True,True,,examples/configs/recipes/llm/performance/grpo-qwen3-235b-32n4g.yaml,20260621_lyris_nemorl_qwen235b_pr2879_pard_pard2_k16_fixed_sched_step20_osl8192_temp1,/lustre/fsw/coreai_dlalgo_llm/users/sna/RL-latest-main-canary-pr2879-20260621,/lustre/fsw/coreai_dlalgo_llm/users/sna/containers/nemo_rl_nightly.sqsh,/lustre/fsw/coreai_dlalgo_llm/users/sna/nemorl_reference_runs/20260621_lyris_nemorl_qwen235b_pr2879_pard_pard2_k16_fixed_sched_step20_osl8192_temp1/logs/qwen235b_sync_pard2,,latest_lyris_nemorl_qwen235b_pr2879_pard_pard2_k16_fixed_sched_step20_osl8192_temp1_20260621_jobs.csv,,,,,,,,,,,,,,,,,,,,,,,,,,,,,,,,,,,,,,,,,,,,,,,,,,,,online-qwen235b-perfcfg-sync-pard2k16-step20-osl8192-temp1.0-N32xG4,RUNNING,0:0,00:00:43,2026-06-21T21:12:00,Unknown,pard2_k16,Qwen3-235B-A22B,lyris,Lyris Qwen235B PR2879 OSL8192 2026-06-21,"performance recipe default, latest main plus PR2879 topology-aware fix",0.0,0/0,,,,,,,,,,not parsed,CG-unknown,False,unmatched_baseline,pre-july-canonical,docs/lyris_nemorl_perfcfg_specdec_combined_prejuly_20260701.csv,,,,running,,,,,,,,,,,,,,,,,,,False,,
2174830,qwen235b,sync,pard2,20.0,8192.0,default,1.0,1.0,-1.0,/lustre/fsw/coreai_dlalgo_llm/users/sna/hf_home/hub/models--Qwen--Qwen3-235B-A22B/snapshots/8efa61729e24bd65b1d152b5ab5409052aa80e65,/lustre/fsw/coreai_dlalgo_llm/users/sna/hf_home/hub/models--amd--PARD2-Qwen3-8B/snapshots/edc551468a897638df7b22335ef1162af94ecbb0,16.0,32.0,4.0,16.0,none,True,True,/lustre/fsw/coreai_dlalgo_llm/users/sna/nemorl_reference_runs/pard2_cache/system_pydeps_cbor2_py313,examples/configs/recipes/llm/performance/grpo-qwen3-235b-32n4g.yaml,20260621_lyris_nemorl_qwen235b_pr2879_pard2_k16_cbor2fix_step20_osl8192_temp1,/lustre/fsw/coreai_dlalgo_llm/users/sna/RL-latest-main-canary-pr2879-20260621,/lustre/fsw/coreai_dlalgo_llm/users/sna/containers/nemo_rl_nightly.sqsh,/lustre/fsw/coreai_dlalgo_llm/users/sna/nemorl_reference_runs/20260621_lyris_nemorl_qwen235b_pr2879_pard2_k16_cbor2fix_step20_osl8192_temp1/logs/qwen235b_sync_pard2,,latest_lyris_nemorl_qwen235b_pr2879_pard2_k16_cbor2fix_step20_osl8192_temp1_20260621_jobs.csv,,,,,,,,,,,,,,,,,,,,,,,,,,,,,,,,,,,,,,,,,,,,,,,,,,,,,SUBMITTED,,,,,pard2_k16,Qwen3-235B-A22B,lyris,Lyris Qwen235B PR2879 OSL8192 2026-06-21,"performance recipe default, latest main plus PR2879 topology-aware fix",0.0,0/0,,,,,,,,,,not parsed,CG-unknown,False,unmatched_baseline,pre-july-canonical,docs/lyris_nemorl_perfcfg_specdec_combined_prejuly_20260701.csv,,,,submitted,,,,,,,,,,,,,,,,,,,False,,
2173548,qwen235b,sync,pard2,20.0,8192.0,default,1.0,1.0,-1.0,/lustre/fsw/coreai_dlalgo_llm/users/sna/hf_home/hub/models--Qwen--Qwen3-235B-A22B/snapshots/8efa61729e24bd65b1d152b5ab5409052aa80e65,/lustre/fsw/coreai_dlalgo_llm/users/sna/hf_home/hub/models--amd--PARD2-Qwen3-8B/snapshots/edc551468a897638df7b22335ef1162af94ecbb0,5.0,32.0,4.0,16.0,none,True,True,,examples/configs/recipes/llm/performance/grpo-qwen3-235b-32n4g.yaml,20260621_lyris_nemorl_qwen235b_pr2879_pard2k5_step20_osl8192_temp1_retry,/lustre/fsw/coreai_dlalgo_llm/users/sna/RL-latest-main-canary-pr2879-20260621,/lustre/fsw/coreai_dlalgo_llm/users/sna/containers/nemo_rl_nightly.sqsh,/lustre/fsw/coreai_dlalgo_llm/users/sna/nemorl_reference_runs/20260621_lyris_nemorl_qwen235b_pr2879_pard2k5_step20_osl8192_temp1_retry/logs/qwen235b_sync_pard2,,latest_lyris_nemorl_qwen235b_pr2879_pard2k5_step20_osl8192_temp1_retry_20260621_jobs.csv,,,,,,,,,,,,,,,,,,,,,,,,,,,,,,,,,,,,,,,,,,,,,,,,,,,,online-qwen235b-perfcfg-sync-pard2-step20-osl8192-temp1.0-N32xG4,FAILED,2:0,00:02:46,2026-06-21T19:52:45,2026-06-21T19:55:31,pard2_k5,Qwen3-235B-A22B,lyris,Lyris Qwen235B PR2879 OSL8192 2026-06-21,"performance recipe default, latest main plus PR2879 topology-aware fix",0.0,0/0,,,,,,,,,,not parsed,CG-unknown,False,unmatched_baseline,pre-july-canonical,docs/lyris_nemorl_perfcfg_specdec_combined_prejuly_20260701.csv,,,,failed,,,,,,,,,,,,,,,,,,,False,,
2172134,qwen235b,sync,pard,3.0,8192.0,default,1.0,1.0,-1.0,/lustre/fsw/coreai_dlalgo_llm/users/sna/hf_home/hub/models--Qwen--Qwen3-235B-A22B/snapshots/8efa61729e24bd65b1d152b5ab5409052aa80e65,/lustre/fsw/coreai_dlalgo_llm/users/sna/hf_home/hub/models--amd--PARD-Qwen3-0.6B/snapshots/34e73caf94c021c3d4b8bad86ebd3616850ab4fd,16.0,32.0,4.0,16.0,none,True,True,,examples/configs/recipes/llm/performance/grpo-qwen3-235b-32n4g.yaml,20260621_lyris_nemorl_qwen235b_pr2879_k_sweep_osl8192_step3_pard16_pard2k16,/lustre/fsw/coreai_dlalgo_llm/users/sna/RL-latest-main-canary-pr2879-20260621,/lustre/fsw/coreai_dlalgo_llm/users/sna/containers/nemo_rl_nightly.sqsh,/lustre/fsw/coreai_dlalgo_llm/users/sna/nemorl_reference_runs/20260621_lyris_nemorl_qwen235b_pr2879_k_sweep_osl8192_step3_pard16_pard2k16/logs/qwen235b_sync_pard,,latest_lyris_nemorl_qwen235b_pr2879_pard16_pard2k16_20260621_jobs.csv,,,,,,,,,,,,,,,,,,,,,,,,,,,,,,,,,,,,,,,,,,,,,,,,,,,,online-qwen235b-perfcfg-sync-pard-step3-osl8192-temp1.0-N32xG4,FAILED,1:0,00:04:19,2026-06-21T14:49:41,2026-06-21T14:54:00,pard_k16,Qwen3-235B-A22B,lyris,Lyris Qwen235B PR2879 OSL8192 2026-06-21,"performance recipe default, latest main plus PR2879 topology-aware fix",0.0,0/0,,,,,,,,,,not parsed,CG-unknown,False,unmatched_baseline,pre-july-canonical,docs/lyris_nemorl_perfcfg_specdec_combined_prejuly_20260701.csv,,,,failed,,,,,,,,,,,,,,,,,,,False,,
2173556,qwen235b,sync,pard,20.0,8192.0,default,1.0,1.0,-1.0,/lustre/fsw/coreai_dlalgo_llm/users/sna/hf_home/hub/models--Qwen--Qwen3-235B-A22B/snapshots/8efa61729e24bd65b1d152b5ab5409052aa80e65,/lustre/fsw/coreai_dlalgo_llm/users/sna/hf_home/hub/models--amd--PARD-Qwen3-0.6B/snapshots/34e73caf94c021c3d4b8bad86ebd3616850ab4fd,16.0,32.0,4.0,16.0,none,True,True,,examples/configs/recipes/llm/performance/grpo-qwen3-235b-32n4g.yaml,20260621_lyris_nemorl_qwen235b_pr2879_pard_pard2_k16_fixed_sched_step20_osl8192_temp1,/lustre/fsw/coreai_dlalgo_llm/users/sna/RL-latest-main-canary-pr2879-20260621,/lustre/fsw/coreai_dlalgo_llm/users/sna/containers/nemo_rl_nightly.sqsh,/lustre/fsw/coreai_dlalgo_llm/users/sna/nemorl_reference_runs/20260621_lyris_nemorl_qwen235b_pr2879_pard_pard2_k16_fixed_sched_step20_osl8192_temp1/logs/qwen235b_sync_pard,,latest_lyris_nemorl_qwen235b_pr2879_pard_pard2_k16_fixed_sched_step20_osl8192_temp1_20260621_jobs.csv,,,,,,,,,,,step>=2,3.0,2.0,1.0,2.0,4.0,20.0,2-3,4.0,partial_usable,0.0,0.0,0.0,,,,,tmp/lyris_qwen235b_pr2879_20260621_logs/lustre/fsw/coreai_dlalgo_llm/users/sna/nemorl_reference_runs/20260621_lyris_nemorl_qwen235b_pr2879_pard_pard2_k16_fixed_sched_step20_osl8192_temp1/logs/qwen235b_sync_pard/2173556-logs/ray-driver.log,738.49,677.48,30.800000000000004,14.02,13.775,27.65,30.215,665.2049999999999,1446.235,5017.53715,,0.0063999999999999,0.7294499999999999,,,,,,,,docs/lyris_qwen235b_pr2879_live_summary_skip_step1_20260621.csv,,,online-qwen235b-perfcfg-sync-pardk16-step20-osl8192-temp1.0-N32xG4,RUNNING,0:0,01:16:46,2026-06-21T19:55:57,Unknown,pard_k16,Qwen3-235B-A22B,lyris,Lyris Qwen235B PR2879 OSL8192 2026-06-21,"performance recipe default, latest main plus PR2879 topology-aware fix",0.0,2/4,1.7317892872030014,1.677051168945743,1.987445452935209,1.9236180954010575,,,,,,steps 2-3 (2 metrics),CG-unknown,False,precomputed,pre-july-canonical,docs/lyris_nemorl_perfcfg_specdec_combined_prejuly_20260701.csv,,,,running,,,,,,,,,,,,,,,,,,,False,,
2182162,qwen235b,sync,pard,20.0,8192.0,default,1.0,1.0,-1.0,/lustre/fsw/coreai_dlalgo_llm/users/sna/hf_home/hub/models--Qwen--Qwen3-235B-A22B/snapshots/8efa61729e24bd65b1d152b5ab5409052aa80e65,/lustre/fsw/coreai_dlalgo_llm/users/sna/hf_home/hub/models--amd--PARD-Qwen3-0.6B/snapshots/34e73caf94c021c3d4b8bad86ebd3616850ab4fd,16.0,32.0,4.0,16.0,none,True,True,,examples/configs/recipes/llm/performance/grpo-qwen3-235b-32n4g.yaml,20260622_lyris_nemorl_perfcfg_eagerfalse_triton_mnbt32768_maxseq64_core_step20_recipe_osl_temp1_wandb,/lustre/fsw/coreai_dlalgo_llm/users/sna/RL-latest-main-canary-pr2879-20260621,/lustre/fsw/coreai_dlalgo_llm/users/sna/containers/nemo_rl_nightly.sqsh,/lustre/fsw/coreai_dlalgo_llm/users/sna/nemorl_reference_runs/20260622_lyris_nemorl_perfcfg_eagerfalse_triton_mnbt32768_maxseq64_core_step20_recipe_osl_temp1_wandb/logs/qwen235b_sync_pard,,docs/latest_lyris_nemorl_perfcfg_eagerfalse_triton_mnbt32768_maxseq64_core_step20_recipe_osl_temp1_wandb_20260622_jobs.csv,False,,triton,64.0,32768.0,True,nemo-rl-perfcfg-specdec-lyris,qwen235b_PerfCfg_sync_pard_20260622_lyris_nemorl_perfcfg_eagerfalse_triton_mnbt32768_maxseq64_core_step20_recipe_osl_temp1_wandb,,,,,,,,,,,,,,,,,,,,,,,,,,,,,,,,,,,,,,,,,,,,,SUBMITTED,,,,,pard_k16,Qwen3-235B-A22B,lyris,Lyris PerfCfg enforce_eager=false triton W&B matrix 2026-06-22,"performance recipe default plus latest-main+PR2879 topology-aware fix; enforce_eager=false, MoE backend=triton, max_num_seqs=64, max_num_batched_tokens=32768, W&B enabled",0.0,0/0,,,,,,,,,,not parsed,CG-on,False,unmatched_baseline,pre-july-canonical,docs/lyris_nemorl_perfcfg_specdec_combined_prejuly_20260701.csv,,,,submitted,,,,,,,,,,,,,,,,,,,False,,
2191517,qwen235b,sync,pard,20.0,8192.0,default,1.0,1.0,-1.0,/lustre/fsw/coreai_dlalgo_llm/users/sna/hf_home/hub/models--Qwen--Qwen3-235B-A22B/snapshots/8efa61729e24bd65b1d152b5ab5409052aa80e65,/lustre/fsw/coreai_dlalgo_llm/users/sna/hf_home/hub/models--amd--PARD-Qwen3-0.6B/snapshots/34e73caf94c021c3d4b8bad86ebd3616850ab4fd,16.0,32.0,4.0,16.0,none,True,True,,examples/configs/recipes/llm/performance/grpo-qwen3-235b-32n4g.yaml,20260623_lyris_nemorl_perfcfg_cudagraph_off_eagertrue_wandb_best_positive_qwen235b_sync,/lustre/fsw/coreai_dlalgo_llm/users/sna/RL-latest-main-canary-pr2879-20260621,/lustre/fsw/coreai_dlalgo_llm/users/sna/containers/nemo_rl_nightly.sqsh,/lustre/fsw/coreai_dlalgo_llm/users/sna/nemorl_reference_runs/20260623_lyris_nemorl_perfcfg_cudagraph_off_eagertrue_wandb_best_positive_qwen235b_sync/logs/qwen235b_sync_pard,,docs/latest_lyris_nemorl_cudagraphoff_wandb_best_qwen235b_sync_20260623_jobs.csv,True,False,triton,,,True,nemo-rl-perfcfg-specdec-lyris,qwen235b_PerfCfg_sync_pard_20260623_lyris_nemorl_perfcfg_cudagraph_off_eagertrue_wandb_best_positive_qwen235b_sync,,,,,,,,,,,,,,,,,,,,,,,,,,,,,,,,,,,,,,,,,,,,,SUBMITTED,,,,,pard_k16,Qwen3-235B-A22B,lyris,Lyris PerfCfg CUDA-graph-disabled triton W&B matrix 2026-06-23,"performance recipe default plus latest-main+PR2879 topology-aware fix; enforce_eager=true (CUDA graph disabled), MoE backend=triton, W&B enabled",0.0,0/0,,,,,,,,,,not parsed,CG-off,False,unmatched_baseline,pre-july-canonical,docs/lyris_nemorl_perfcfg_specdec_combined_prejuly_20260701.csv,,,,submitted,,,,,,,,,,,,,,,,,,,False,,
2172083,qwen235b,sync,pard,3.0,8192.0,default,1.0,1.0,-1.0,/lustre/fsw/coreai_dlalgo_llm/users/sna/hf_home/hub/models--Qwen--Qwen3-235B-A22B/snapshots/8efa61729e24bd65b1d152b5ab5409052aa80e65,/lustre/fsw/coreai_dlalgo_llm/users/sna/hf_home/hub/models--amd--PARD-Qwen3-0.6B/snapshots/34e73caf94c021c3d4b8bad86ebd3616850ab4fd,5.0,32.0,4.0,16.0,none,True,True,,examples/configs/recipes/llm/performance/grpo-qwen3-235b-32n4g.yaml,20260621_lyris_nemorl_qwen235b_specdec_pr2879_bestk_recipe_osl8192_step3,/lustre/fsw/coreai_dlalgo_llm/users/sna/RL-latest-main-canary-pr2879-20260621,/lustre/fsw/coreai_dlalgo_llm/users/sna/containers/nemo_rl_nightly.sqsh,/lustre/fsw/coreai_dlalgo_llm/users/sna/nemorl_reference_runs/20260621_lyris_nemorl_qwen235b_specdec_pr2879_bestk_recipe_osl8192_step3/logs/qwen235b_sync_pard,,latest_lyris_nemorl_qwen235b_specdec_pr2879_bestk_recipe_osl8192_step3_20260621_jobs.csv,,,,,,,,,,,step>=2,2.0,2.0,0.0,2.0,3.0,3.0,2-3,,partial_usable_with_errors,0.0,0.0,6.0,"[rank122]:[W621 14:37:19.438823220 ProcessGroupNCCL.cpp:1826] [PG ID 0 PG GUID 0(default_pg) Rank 122] Failed to check the ""should dump"" flag on TCPStore, (maybe TCPStore server has shut down too early), with error: Failed to recv, got 0 bytes. Connection was likely closed. Did the remote server shu",,,,tmp/lyris_qwen235b_pr2879_20260621_logs/lustre/fsw/coreai_dlalgo_llm/users/sna/nemorl_reference_runs/20260621_lyris_nemorl_qwen235b_specdec_pr2879_bestk_recipe_osl8192_step3/logs/qwen235b_sync_pard/2172083-logs/ray-driver.log,797.8599999999999,739.635,30.175,12.625,13.02,24.95,26.924999999999997,673.965,1607.625,4946.7461,,0.00625,0.7217,,,,,,,,docs/lyris_qwen235b_pr2879_live_summary_skip_step1_20260621.csv,,,online-qwen235b-perfcfg-sync-pard-step3-osl8192-temp1.0-N32xG4,COMPLETED,0:0,01:01:01,2026-06-21T13:36:26,2026-06-21T14:37:27,pard_k5,Qwen3-235B-A22B,lyris,Lyris Qwen235B PR2879 OSL8192 2026-06-21,"performance recipe default, latest main plus PR2879 topology-aware fix",0.0,2/3,,,,,,,,,,steps 2-3 (2 metrics),CG-unknown,False,unmatched_baseline,pre-july-canonical,docs/lyris_nemorl_perfcfg_specdec_combined_prejuly_20260701.csv,,,,completed,,,,,,,,,,,,,,,,,,,False,,
2172804,qwen235b,sync,pard,20.0,8192.0,default,1.0,1.0,-1.0,/lustre/fsw/coreai_dlalgo_llm/users/sna/hf_home/hub/models--Qwen--Qwen3-235B-A22B/snapshots/8efa61729e24bd65b1d152b5ab5409052aa80e65,/lustre/fsw/coreai_dlalgo_llm/users/sna/hf_home/hub/models--amd--PARD-Qwen3-0.6B/snapshots/34e73caf94c021c3d4b8bad86ebd3616850ab4fd,5.0,32.0,4.0,16.0,none,True,True,,examples/configs/recipes/llm/performance/grpo-qwen3-235b-32n4g.yaml,20260621_lyris_nemorl_qwen235b_pr2879_step20_fixedquote_osl8192_temp1_core,/lustre/fsw/coreai_dlalgo_llm/users/sna/RL-latest-main-canary-pr2879-20260621,/lustre/fsw/coreai_dlalgo_llm/users/sna/containers/nemo_rl_nightly.sqsh,/lustre/fsw/coreai_dlalgo_llm/users/sna/nemorl_reference_runs/20260621_lyris_nemorl_qwen235b_pr2879_step20_fixedquote_osl8192_temp1_core/logs/qwen235b_sync_pard,,latest_lyris_nemorl_qwen235b_pr2879_step20_fixedquote_osl8192_temp1_core_20260621_jobs.csv,,,,,,,,,,,step>=2,12.0,11.0,1.0,2.0,13.0,20.0,2-12,13.0,partial_usable,0.0,0.0,0.0,,,,,tmp/lyris_qwen235b_pr2879_20260621_logs/lustre/fsw/coreai_dlalgo_llm/users/sna/nemorl_reference_runs/20260621_lyris_nemorl_qwen235b_pr2879_step20_fixedquote_osl8192_temp1_core/logs/qwen235b_sync_pard/2172804-logs/ray-driver.log,1134.9281818181817,1076.7372727272727,32.71545454545455,11.978181818181817,11.044545454545457,21.23090909090909,22.560909090909092,696.2445454545455,1908.828181818182,5580.287281818182,,0.0067636363636363,0.5777636363636364,,,,,,,,docs/lyris_qwen235b_pr2879_live_summary_skip_step1_20260621.csv,,,online-qwen235b-perfcfg-sync-pard-step20-osl8192-temp1.0-N32xG4,RUNNING,0:0,04:20:11,2026-06-21T16:52:32,Unknown,pard_k5,Qwen3-235B-A22B,lyris,Lyris Qwen235B PR2879 OSL8192 2026-06-21,"performance recipe default, latest main plus PR2879 topology-aware fix",0.0,11/13,1.293090871196332,1.287715041905602,1.250494971762336,1.2516851286545163,,,,,,steps 2-12 (11 metrics),CG-unknown,False,precomputed,pre-july-canonical,docs/lyris_nemorl_perfcfg_specdec_combined_prejuly_20260701.csv,,,,running,,,,,,,,,,,,,,,,,,,False,,
2172081,qwen235b,sync,suffix,3.0,8192.0,default,1.0,1.0,-1.0,/lustre/fsw/coreai_dlalgo_llm/users/sna/hf_home/hub/models--Qwen--Qwen3-235B-A22B/snapshots/8efa61729e24bd65b1d152b5ab5409052aa80e65,/lustre/fsw/coreai_dlalgo_llm/users/sna/hf_home/hub/models--Qwen--Qwen3-235B-A22B/snapshots/8efa61729e24bd65b1d152b5ab5409052aa80e65,32.0,32.0,4.0,16.0,none,True,True,,examples/configs/recipes/llm/performance/grpo-qwen3-235b-32n4g.yaml,20260621_lyris_nemorl_qwen235b_specdec_pr2879_bestk_recipe_osl8192_step3,/lustre/fsw/coreai_dlalgo_llm/users/sna/RL-latest-main-canary-pr2879-20260621,/lustre/fsw/coreai_dlalgo_llm/users/sna/containers/nemo_rl_nightly.sqsh,/lustre/fsw/coreai_dlalgo_llm/users/sna/nemorl_reference_runs/20260621_lyris_nemorl_qwen235b_specdec_pr2879_bestk_recipe_osl8192_step3/logs/qwen235b_sync_suffix,,latest_lyris_nemorl_qwen235b_specdec_pr2879_bestk_recipe_osl8192_step3_20260621_jobs.csv,,,,,,,,,,,,,,,,,,,,,,,,,,,,,,,,,,,,,,,,,,,,,,,,,,,,online-qwen235b-perfcfg-sync-suffix-step3-osl8192-temp1.0-N32xG4,FAILED,1:0,00:34:11,2026-06-21T13:02:01,2026-06-21T13:36:12,suffix_k32,Qwen3-235B-A22B,lyris,Lyris Qwen235B PR2879 OSL8192 2026-06-21,"performance recipe default, latest main plus PR2879 topology-aware fix",0.0,0/0,,,,,,,,,,not parsed,CG-unknown,False,unmatched_baseline,pre-july-canonical,docs/lyris_nemorl_perfcfg_specdec_combined_prejuly_20260701.csv,,,,failed,,,,,,,,,,,,,,,,,,,False,,
2172805,qwen235b,sync,suffix,20.0,8192.0,default,1.0,1.0,-1.0,/lustre/fsw/coreai_dlalgo_llm/users/sna/hf_home/hub/models--Qwen--Qwen3-235B-A22B/snapshots/8efa61729e24bd65b1d152b5ab5409052aa80e65,/lustre/fsw/coreai_dlalgo_llm/users/sna/hf_home/hub/models--Qwen--Qwen3-235B-A22B/snapshots/8efa61729e24bd65b1d152b5ab5409052aa80e65,32.0,32.0,4.0,16.0,none,True,True,,examples/configs/recipes/llm/performance/grpo-qwen3-235b-32n4g.yaml,20260621_lyris_nemorl_qwen235b_pr2879_step20_fixedquote_osl8192_temp1_core,/lustre/fsw/coreai_dlalgo_llm/users/sna/RL-latest-main-canary-pr2879-20260621,/lustre/fsw/coreai_dlalgo_llm/users/sna/containers/nemo_rl_nightly.sqsh,/lustre/fsw/coreai_dlalgo_llm/users/sna/nemorl_reference_runs/20260621_lyris_nemorl_qwen235b_pr2879_step20_fixedquote_osl8192_temp1_core/logs/qwen235b_sync_suffix,,latest_lyris_nemorl_qwen235b_pr2879_step20_fixedquote_osl8192_temp1_core_20260621_jobs.csv,,,,,,,,,,,step>=2,7.0,6.0,1.0,2.0,8.0,20.0,2-7,8.0,partial_usable,0.0,0.0,0.0,,,,,tmp/lyris_qwen235b_pr2879_20260621_logs/lustre/fsw/coreai_dlalgo_llm/users/sna/nemorl_reference_runs/20260621_lyris_nemorl_qwen235b_pr2879_step20_fixedquote_osl8192_temp1_core/logs/qwen235b_sync_suffix/2172805-logs/ray-driver.log,966.6016666666666,908.0483333333332,32.656666666666666,11.766666666666666,11.726666666666668,22.791666666666668,24.27333333333333,674.4733333333334,1870.6416666666669,5380.577133333333,,0.0069833333333333,0.6129666666666667,,,,,,,,docs/lyris_qwen235b_pr2879_live_summary_skip_step1_20260621.csv,,,online-qwen235b-perfcfg-sync-suffix-step20-osl8192-temp1.0-N32xG4,RUNNING,0:0,02:17:33,2026-06-21T18:55:10,Unknown,suffix_k32,Qwen3-235B-A22B,lyris,Lyris Qwen235B PR2879 OSL8192 2026-06-21,"performance recipe default, latest main plus PR2879 topology-aware fix",0.0,6/8,1.391239405307767,1.3823794294956624,1.4828005250688334,1.4696568154817935,,,,,,steps 2-7 (6 metrics),CG-unknown,False,precomputed,pre-july-canonical,docs/lyris_nemorl_perfcfg_specdec_combined_prejuly_20260701.csv,,,,running,,,,,,,,,,,,,,,,,,,False,,
2182164,qwen235b,sync,suffix,20.0,8192.0,default,1.0,1.0,-1.0,/lustre/fsw/coreai_dlalgo_llm/users/sna/hf_home/hub/models--Qwen--Qwen3-235B-A22B/snapshots/8efa61729e24bd65b1d152b5ab5409052aa80e65,/lustre/fsw/coreai_dlalgo_llm/users/sna/hf_home/hub/models--Qwen--Qwen3-235B-A22B/snapshots/8efa61729e24bd65b1d152b5ab5409052aa80e65,32.0,32.0,4.0,16.0,none,True,True,,examples/configs/recipes/llm/performance/grpo-qwen3-235b-32n4g.yaml,20260622_lyris_nemorl_perfcfg_eagerfalse_triton_mnbt32768_maxseq64_core_step20_recipe_osl_temp1_wandb,/lustre/fsw/coreai_dlalgo_llm/users/sna/RL-latest-main-canary-pr2879-20260621,/lustre/fsw/coreai_dlalgo_llm/users/sna/containers/nemo_rl_nightly.sqsh,/lustre/fsw/coreai_dlalgo_llm/users/sna/nemorl_reference_runs/20260622_lyris_nemorl_perfcfg_eagerfalse_triton_mnbt32768_maxseq64_core_step20_recipe_osl_temp1_wandb/logs/qwen235b_sync_suffix,,docs/latest_lyris_nemorl_perfcfg_eagerfalse_triton_mnbt32768_maxseq64_core_step20_recipe_osl_temp1_wandb_20260622_jobs.csv,False,,triton,64.0,32768.0,True,nemo-rl-perfcfg-specdec-lyris,qwen235b_PerfCfg_sync_suffix_20260622_lyris_nemorl_perfcfg_eagerfalse_triton_mnbt32768_maxseq64_core_step20_recipe_osl_temp1_wandb,,,,,,,,,,,,,,,,,,,,,,,,,,,,,,,,,,,,,,,,,,,,,SUBMITTED,,,,,suffix_k32,Qwen3-235B-A22B,lyris,Lyris PerfCfg enforce_eager=false triton W&B matrix 2026-06-22,"performance recipe default plus latest-main+PR2879 topology-aware fix; enforce_eager=false, MoE backend=triton, max_num_seqs=64, max_num_batched_tokens=32768, W&B enabled",0.0,0/0,,,,,,,,,,not parsed,CG-on,False,unmatched_baseline,pre-july-canonical,docs/lyris_nemorl_perfcfg_specdec_combined_prejuly_20260701.csv,,,,submitted,,,,,,,,,,,,,,,,,,,False,,
2191518,qwen235b,sync,suffix,20.0,8192.0,default,1.0,1.0,-1.0,/lustre/fsw/coreai_dlalgo_llm/users/sna/hf_home/hub/models--Qwen--Qwen3-235B-A22B/snapshots/8efa61729e24bd65b1d152b5ab5409052aa80e65,/lustre/fsw/coreai_dlalgo_llm/users/sna/hf_home/hub/models--Qwen--Qwen3-235B-A22B/snapshots/8efa61729e24bd65b1d152b5ab5409052aa80e65,32.0,32.0,4.0,16.0,none,True,True,,examples/configs/recipes/llm/performance/grpo-qwen3-235b-32n4g.yaml,20260623_lyris_nemorl_perfcfg_cudagraph_off_eagertrue_wandb_best_positive_qwen235b_sync,/lustre/fsw/coreai_dlalgo_llm/users/sna/RL-latest-main-canary-pr2879-20260621,/lustre/fsw/coreai_dlalgo_llm/users/sna/containers/nemo_rl_nightly.sqsh,/lustre/fsw/coreai_dlalgo_llm/users/sna/nemorl_reference_runs/20260623_lyris_nemorl_perfcfg_cudagraph_off_eagertrue_wandb_best_positive_qwen235b_sync/logs/qwen235b_sync_suffix,,docs/latest_lyris_nemorl_cudagraphoff_wandb_best_qwen235b_sync_20260623_jobs.csv,True,False,triton,,,True,nemo-rl-perfcfg-specdec-lyris,qwen235b_PerfCfg_sync_suffix_20260623_lyris_nemorl_perfcfg_cudagraph_off_eagertrue_wandb_best_positive_qwen235b_sync,,,,,,,,,,,,,,,,,,,,,,,,,,,,,,,,,,,,,,,,,,,,,SUBMITTED,,,,,suffix_k32,Qwen3-235B-A22B,lyris,Lyris PerfCfg CUDA-graph-disabled triton W&B matrix 2026-06-23,"performance recipe default plus latest-main+PR2879 topology-aware fix; enforce_eager=true (CUDA graph disabled), MoE backend=triton, W&B enabled",0.0,0/0,,,,,,,,,,not parsed,CG-off,False,unmatched_baseline,pre-july-canonical,docs/lyris_nemorl_perfcfg_specdec_combined_prejuly_20260701.csv,,,,submitted,,,,,,,,,,,,,,,,,,,False,,
2182149,qwen30ba3b,async1off,baseline,20.0,4096.0,default,1.0,1.0,-1.0,/lustre/fsw/coreai_dlalgo_llm/users/sna/hf_home/hub/models--Qwen--Qwen3-30B-A3B/snapshots/ad44e777bcd18fa416d9da3bd8f70d33ebb85d39,/lustre/fsw/coreai_dlalgo_llm/users/sna/hf_home/hub/models--Qwen--Qwen3-30B-A3B/snapshots/ad44e777bcd18fa416d9da3bd8f70d33ebb85d39,0.0,4.0,4.0,4.0,none,True,True,,examples/configs/recipes/llm/performance/grpo-qwen3-30ba3b-4n4g-async-1off.yaml,20260622_lyris_nemorl_perfcfg_eagerfalse_triton_mnbt32768_maxseq64_core_step20_recipe_osl_temp1_wandb,/lustre/fsw/coreai_dlalgo_llm/users/sna/RL-latest-main-canary-pr2879-20260621,/lustre/fsw/coreai_dlalgo_llm/users/sna/containers/nemo_rl_nightly.sqsh,/lustre/fsw/coreai_dlalgo_llm/users/sna/nemorl_reference_runs/20260622_lyris_nemorl_perfcfg_eagerfalse_triton_mnbt32768_maxseq64_core_step20_recipe_osl_temp1_wandb/logs/qwen30ba3b_async1off_baseline,,docs/latest_lyris_nemorl_perfcfg_eagerfalse_triton_mnbt32768_maxseq64_core_step20_recipe_osl_temp1_wandb_20260622_jobs.csv,False,,triton,64.0,32768.0,True,nemo-rl-perfcfg-specdec-lyris,qwen30ba3b_PerfCfg_async1off_baseline_20260622_lyris_nemorl_perfcfg_eagerfalse_triton_mnbt32768_maxseq64_core_step20_recipe_osl_temp1_wandb,https://wandb.ai/nvidia/nemo-rl-perfcfg-specdec-lyris/runs/yx9yziip,qwen30_async_baseline_eagerfalse,step>=2,19.0,19.0,0.0,2.0,20.0,20.0,2-20,,partial_usable_with_errors,0.0,0.0,2.0,"[rank0]:[W623 07:51:11.562082272 ProcessGroupNCCL.cpp:1575] Warning: WARNING: destroy_process_group() was not called before program exit, which can leak resources. For more info, please see https://pytorch.org/docs/stable/distributed.html#shutdown (function operator()) [repeated 7x across cluster]WA",,,,tmp/lyris_20260623_current_logs/lustre/fsw/coreai_dlalgo_llm/users/sna/nemorl_reference_runs/20260622_lyris_nemorl_perfcfg_eagerfalse_triton_mnbt32768_maxseq64_core_step20_recipe_osl_temp1_wandb/logs/qwen30ba3b_async1off_baseline/2182149-logs/ray-driver.log,301.11842105263156,,208.3205263157895,84.92157894736842,,1378.1931578947367,2815.7152631578947,3984.5389473684218,9774.928421052631,,,0.0018894736842105,0.5252263157894737,,,,,,,,docs/lyris_20260623_current_plus_eagerfalse_summary_skip_step1.csv,,,,SUBMITTED,,,,,baseline,Qwen3-30B-A3B,lyris,Lyris PerfCfg enforce_eager=false triton W&B matrix 2026-06-22,"performance recipe default plus latest-main+PR2879 topology-aware fix; enforce_eager=false, MoE backend=triton, max_num_seqs=64, max_num_batched_tokens=32768, W&B enabled",0.0,19/20,1.0,1.0,,1.0,,,,,,steps 2-20 (19 metrics),CG-on,False,baseline,pre-july-canonical,docs/lyris_nemorl_perfcfg_specdec_combined_prejuly_20260701.csv,,,,submitted,,,,,,,,,,,,,,,,,,,False,,
2191506,qwen30ba3b,async1off,baseline,20.0,4096.0,default,1.0,1.0,-1.0,/lustre/fsw/coreai_dlalgo_llm/users/sna/hf_home/hub/models--Qwen--Qwen3-30B-A3B/snapshots/ad44e777bcd18fa416d9da3bd8f70d33ebb85d39,/lustre/fsw/coreai_dlalgo_llm/users/sna/hf_home/hub/models--Qwen--Qwen3-30B-A3B/snapshots/ad44e777bcd18fa416d9da3bd8f70d33ebb85d39,0.0,4.0,4.0,4.0,none,True,True,,examples/configs/recipes/llm/performance/grpo-qwen3-30ba3b-4n4g-async-1off.yaml,20260623_lyris_nemorl_perfcfg_cudagraph_off_eagertrue_wandb_best_positive_qwen30_async,/lustre/fsw/coreai_dlalgo_llm/users/sna/RL-latest-main-canary-pr2879-20260621,/lustre/fsw/coreai_dlalgo_llm/users/sna/containers/nemo_rl_nightly.sqsh,/lustre/fsw/coreai_dlalgo_llm/users/sna/nemorl_reference_runs/20260623_lyris_nemorl_perfcfg_cudagraph_off_eagertrue_wandb_best_positive_qwen30_async/logs/qwen30ba3b_async1off_baseline,,docs/latest_lyris_nemorl_cudagraphoff_wandb_best_qwen30_async_20260623_jobs.csv,True,False,triton,,,True,nemo-rl-perfcfg-specdec-lyris,qwen30ba3b_PerfCfg_async1off_baseline_20260623_lyris_nemorl_perfcfg_cudagraph_off_eagertrue_wandb_best_positive_qwen30_async,https://wandb.ai/nvidia/nemo-rl-perfcfg-specdec-lyris/runs/wnxmitja,qwen30_async_baseline_eagertrue_live,step>=2,6.0,5.0,1.0,2.0,7.0,20.0,2-6,7.0,partial_usable,0.0,0.0,0.0,,,,,tmp/lyris_20260623_current_logs/lustre/fsw/coreai_dlalgo_llm/users/sna/nemorl_reference_runs/20260623_lyris_nemorl_perfcfg_cudagraph_off_eagertrue_wandb_best_positive_qwen30_async/logs/qwen30ba3b_async1off_baseline/2191506-logs/ray-driver.log,435.386,,258.534,100.976,,959.842,1957.248,3175.018,8142.282000000001,,,0.00196,0.52218,,,,,,,,docs/lyris_20260623_current_plus_eagerfalse_summary_skip_step1.csv,,,,SUBMITTED,,,,,baseline,Qwen3-30B-A3B,lyris,Lyris PerfCfg CUDA-graph-disabled triton W&B matrix 2026-06-23,"performance recipe default plus latest-main+PR2879 topology-aware fix; enforce_eager=true (CUDA graph disabled), MoE backend=triton, W&B enabled",0.0,5/7,0.695115740433533,0.6964495466413501,,0.6916125485262079,,,,,,steps 2-6 (5 metrics),CG-off,False,baseline,pre-july-canonical,docs/lyris_nemorl_perfcfg_specdec_combined_prejuly_20260701.csv,,,,submitted,,,,,,,,,,,,,,,,,,,False,,
2182151,qwen30ba3b,async1off,eagle3,20.0,4096.0,default,1.0,1.0,-1.0,/lustre/fsw/coreai_dlalgo_llm/users/sna/hf_home/hub/models--Qwen--Qwen3-30B-A3B/snapshots/ad44e777bcd18fa416d9da3bd8f70d33ebb85d39,/lustre/fsw/coreai_dlalgo_llm/users/sna/hf_home/hub/models--RedHatAI--Qwen3-30B-A3B-Thinking-2507-speculator.eagle3/snapshots/a7ec796dd65236f1ecd4ed2958a7f0689e5da5cf,5.0,4.0,4.0,4.0,none,True,True,,examples/configs/recipes/llm/performance/grpo-qwen3-30ba3b-4n4g-async-1off.yaml,20260622_lyris_nemorl_perfcfg_eagerfalse_triton_mnbt32768_maxseq64_core_step20_recipe_osl_temp1_wandb,/lustre/fsw/coreai_dlalgo_llm/users/sna/RL-latest-main-canary-pr2879-20260621,/lustre/fsw/coreai_dlalgo_llm/users/sna/containers/nemo_rl_nightly.sqsh,/lustre/fsw/coreai_dlalgo_llm/users/sna/nemorl_reference_runs/20260622_lyris_nemorl_perfcfg_eagerfalse_triton_mnbt32768_maxseq64_core_step20_recipe_osl_temp1_wandb/logs/qwen30ba3b_async1off_eagle3,,docs/latest_lyris_nemorl_perfcfg_eagerfalse_triton_mnbt32768_maxseq64_core_step20_recipe_osl_temp1_wandb_20260622_jobs.csv,False,,triton,64.0,32768.0,True,nemo-rl-perfcfg-specdec-lyris,qwen30ba3b_PerfCfg_async1off_eagle3_20260622_lyris_nemorl_perfcfg_eagerfalse_triton_mnbt32768_maxseq64_core_step20_recipe_osl_temp1_wandb,https://wandb.ai/nvidia/nemo-rl-perfcfg-specdec-lyris/runs/p2i13z4l,qwen30_async_eagle3k5_eagerfalse,step>=2,19.0,19.0,0.0,2.0,20.0,20.0,2-20,,partial_usable_with_errors,0.0,0.0,2.0,"[rank0]:[W623 11:00:46.505325420 ProcessGroupNCCL.cpp:1575] Warning: WARNING: destroy_process_group() was not called before program exit, which can leak resources. For more info, please see https://pytorch.org/docs/stable/distributed.html#shutdown (function operator()) [repeated 7x across cluster]",,,,tmp/lyris_20260623_current_logs/lustre/fsw/coreai_dlalgo_llm/users/sna/nemorl_reference_runs/20260622_lyris_nemorl_perfcfg_eagerfalse_triton_mnbt32768_maxseq64_core_step20_recipe_osl_temp1_wandb/logs/qwen30ba3b_async1off_eagle3/2182151-logs/ray-driver.log,298.0652631578947,,206.09736842105264,84.07157894736842,,1392.2684210526315,2844.513684210526,4027.75,9872.966315789474,,,0.0018947368421052,0.5231105263157895,,,,,,,,docs/lyris_20260623_current_plus_eagerfalse_summary_skip_step1.csv,,,,SUBMITTED,,,,,eagle3_k5,Qwen3-30B-A3B,lyris,Lyris PerfCfg enforce_eager=false triton W&B matrix 2026-06-22,"performance recipe default plus latest-main+PR2879 topology-aware fix; enforce_eager=false, MoE backend=triton, max_num_seqs=64, max_num_batched_tokens=32768, W&B enabled",0.0,19/20,1.0102277461891986,1.0102128377849413,,1.01024325297886,,,,,,steps 2-20 (19 metrics),CG-on,False,precomputed,pre-july-canonical,docs/lyris_nemorl_perfcfg_specdec_combined_prejuly_20260701.csv,,,,submitted,,,,,,,,,,,,,,,,,,,False,,
2188270,qwen30ba3b,async1off,eagle3,20.0,4096.0,,1.0,1.0,,/lustre/fsw/coreai_dlalgo_llm/users/sna/hf_home/hub/models--Qwen--Qwen3-30B-A3B/snapshots/ad44e777bcd18fa416d9da3bd8f70d33ebb85d39,/lustre/fsw/coreai_dlalgo_llm/users/sna/hf_home/hub/models--RedHatAI--Qwen3-30B-A3B-Thinking-2507-speculator.eagle3/snapshots/a7ec796dd65236f1ecd4ed2958a7f0689e5da5cf,7.0,4.0,4.0,4.0,,,,,examples/configs/recipes/llm/performance/grpo-qwen3-30ba3b-4n4g-async-1off.yaml,20260623_lyris_nemorl_eagerfalse_triton_mnbt32768_maxseq64_eagle3k7k9_wandbmetrics_step20,/lustre/fsw/coreai_dlalgo_llm/users/sna/RL-latest-main-canary-pr2879-20260621,/lustre/fsw/coreai_dlalgo_llm/users/sna/containers/nemo_rl_nightly.sqsh,/lustre/fsw/coreai_dlalgo_llm/users/sna/nemorl_reference_runs/20260623_lyris_nemorl_eagerfalse_triton_mnbt32768_maxseq64_eagle3k7k9_wandbmetrics_step20/logs/qwen30ba3b_async1off_eagle3_k7,,docs/latest_lyris_nemorl_eagerfalse_triton_mnbt32768_maxseq64_eagle3k7k9_wandbmetrics_step20_20260623_jobs.csv,False,,triton,64.0,32768.0,,nemo-rl-perfcfg-specdec-lyris,qwen30ba3b_PerfCfg_async1off_eagle3k7_wandbmetrics_20260623_lyris_nemorl_eagerfalse_triton_mnbt32768_maxseq64_eagle3k7k9_wandbmetrics_step20,,,,,,,,,,,,,,,,,,,,,,,,,,,,,,,,,,,,,,,,,,,,,SUBMITTED,,,,,eagle3_k7,Qwen3-30B-A3B,lyris,Lyris PerfCfg enforce_eager=false triton W&B matrix 2026-06-23,"performance recipe default plus latest-main+PR2879 topology-aware fix; enforce_eager=false, MoE backend=triton, max_num_seqs=64, max_num_batched_tokens=32768, W&B enabled",0.0,0/0,,,,,,,,,,not parsed,CG-on,False,unmatched_baseline,pre-july-canonical,docs/lyris_nemorl_perfcfg_specdec_combined_prejuly_20260701.csv,,,,submitted,,,,,,,,,,,,,,,,,,,False,,
2188290,qwen30ba3b,async1off,eagle3,20.0,4096.0,,1.0,1.0,,/lustre/fsw/coreai_dlalgo_llm/users/sna/hf_home/hub/models--Qwen--Qwen3-30B-A3B/snapshots/ad44e777bcd18fa416d9da3bd8f70d33ebb85d39,/lustre/fsw/coreai_dlalgo_llm/users/sna/hf_home/hub/models--RedHatAI--Qwen3-30B-A3B-Thinking-2507-speculator.eagle3/snapshots/a7ec796dd65236f1ecd4ed2958a7f0689e5da5cf,7.0,4.0,4.0,4.0,,,,,examples/configs/recipes/llm/performance/grpo-qwen3-30ba3b-4n4g-async-1off.yaml,20260623_lyris_nemorl_eagerfalse_triton_mnbt32768_maxseq64_eagle3k7k9_wandbmetrics_step20_hffix,/lustre/fsw/coreai_dlalgo_llm/users/sna/RL-latest-main-canary-pr2879-20260621,/lustre/fsw/coreai_dlalgo_llm/users/sna/containers/nemo_rl_nightly.sqsh,/lustre/fsw/coreai_dlalgo_llm/users/sna/nemorl_reference_runs/20260623_lyris_nemorl_eagerfalse_triton_mnbt32768_maxseq64_eagle3k7k9_wandbmetrics_step20_hffix/logs/qwen30ba3b_async1off_eagle3_k7,,docs/latest_lyris_nemorl_eagerfalse_triton_mnbt32768_maxseq64_eagle3k7k9_wandbmetrics_step20_hffix_20260623_jobs.csv,False,,triton,64.0,32768.0,,nemo-rl-perfcfg-specdec-lyris,qwen30ba3b_PerfCfg_async1off_eagle3k7_wandbmetrics_20260623_lyris_nemorl_eagerfalse_triton_mnbt32768_maxseq64_eagle3k7k9_wandbmetrics_step20_hffix,,,,,,,,,,,,,,,,,,,,,,,,,,,,,,,,,,,,,,,,,,,,,SUBMITTED,,,,,eagle3_k7,Qwen3-30B-A3B,lyris,Lyris PerfCfg enforce_eager=false triton W&B matrix 2026-06-23,"performance recipe default plus latest-main+PR2879 topology-aware fix; enforce_eager=false, MoE backend=triton, max_num_seqs=64, max_num_batched_tokens=32768, W&B enabled",0.0,0/0,,,,,,,,,,not parsed,CG-on,False,unmatched_baseline,pre-july-canonical,docs/lyris_nemorl_perfcfg_specdec_combined_prejuly_20260701.csv,,,,submitted,,,,,,,,,,,,,,,,,,,False,,
2188274,qwen30ba3b,async1off,eagle3,20.0,4096.0,,1.0,1.0,,/lustre/fsw/coreai_dlalgo_llm/users/sna/hf_home/hub/models--Qwen--Qwen3-30B-A3B/snapshots/ad44e777bcd18fa416d9da3bd8f70d33ebb85d39,/lustre/fsw/coreai_dlalgo_llm/users/sna/hf_home/hub/models--RedHatAI--Qwen3-30B-A3B-Thinking-2507-speculator.eagle3/snapshots/a7ec796dd65236f1ecd4ed2958a7f0689e5da5cf,9.0,4.0,4.0,4.0,,,,,examples/configs/recipes/llm/performance/grpo-qwen3-30ba3b-4n4g-async-1off.yaml,20260623_lyris_nemorl_eagerfalse_triton_mnbt32768_maxseq64_eagle3k7k9_wandbmetrics_step20,/lustre/fsw/coreai_dlalgo_llm/users/sna/RL-latest-main-canary-pr2879-20260621,/lustre/fsw/coreai_dlalgo_llm/users/sna/containers/nemo_rl_nightly.sqsh,/lustre/fsw/coreai_dlalgo_llm/users/sna/nemorl_reference_runs/20260623_lyris_nemorl_eagerfalse_triton_mnbt32768_maxseq64_eagle3k7k9_wandbmetrics_step20/logs/qwen30ba3b_async1off_eagle3_k9,,docs/latest_lyris_nemorl_eagerfalse_triton_mnbt32768_maxseq64_eagle3k7k9_wandbmetrics_step20_20260623_jobs.csv,False,,triton,64.0,32768.0,,nemo-rl-perfcfg-specdec-lyris,qwen30ba3b_PerfCfg_async1off_eagle3k9_wandbmetrics_20260623_lyris_nemorl_eagerfalse_triton_mnbt32768_maxseq64_eagle3k7k9_wandbmetrics_step20,,,,,,,,,,,,,,,,,,,,,,,,,,,,,,,,,,,,,,,,,,,,,SUBMITTED,,,,,eagle3_k9,Qwen3-30B-A3B,lyris,Lyris PerfCfg enforce_eager=false triton W&B matrix 2026-06-23,"performance recipe default plus latest-main+PR2879 topology-aware fix; enforce_eager=false, MoE backend=triton, max_num_seqs=64, max_num_batched_tokens=32768, W&B enabled",0.0,0/0,,,,,,,,,,not parsed,CG-on,False,unmatched_baseline,pre-july-canonical,docs/lyris_nemorl_perfcfg_specdec_combined_prejuly_20260701.csv,,,,submitted,,,,,,,,,,,,,,,,,,,False,,
2188295,qwen30ba3b,async1off,eagle3,20.0,4096.0,,1.0,1.0,,/lustre/fsw/coreai_dlalgo_llm/users/sna/hf_home/hub/models--Qwen--Qwen3-30B-A3B/snapshots/ad44e777bcd18fa416d9da3bd8f70d33ebb85d39,/lustre/fsw/coreai_dlalgo_llm/users/sna/hf_home/hub/models--RedHatAI--Qwen3-30B-A3B-Thinking-2507-speculator.eagle3/snapshots/a7ec796dd65236f1ecd4ed2958a7f0689e5da5cf,9.0,4.0,4.0,4.0,,,,,examples/configs/recipes/llm/performance/grpo-qwen3-30ba3b-4n4g-async-1off.yaml,20260623_lyris_nemorl_eagerfalse_triton_mnbt32768_maxseq64_eagle3k7k9_wandbmetrics_step20_hffix,/lustre/fsw/coreai_dlalgo_llm/users/sna/RL-latest-main-canary-pr2879-20260621,/lustre/fsw/coreai_dlalgo_llm/users/sna/containers/nemo_rl_nightly.sqsh,/lustre/fsw/coreai_dlalgo_llm/users/sna/nemorl_reference_runs/20260623_lyris_nemorl_eagerfalse_triton_mnbt32768_maxseq64_eagle3k7k9_wandbmetrics_step20_hffix/logs/qwen30ba3b_async1off_eagle3_k9,,docs/latest_lyris_nemorl_eagerfalse_triton_mnbt32768_maxseq64_eagle3k7k9_wandbmetrics_step20_hffix_20260623_jobs.csv,False,,triton,64.0,32768.0,,nemo-rl-perfcfg-specdec-lyris,qwen30ba3b_PerfCfg_async1off_eagle3k9_wandbmetrics_20260623_lyris_nemorl_eagerfalse_triton_mnbt32768_maxseq64_eagle3k7k9_wandbmetrics_step20_hffix,,,,,,,,,,,,,,,,,,,,,,,,,,,,,,,,,,,,,,,,,,,,,SUBMITTED,,,,,eagle3_k9,Qwen3-30B-A3B,lyris,Lyris PerfCfg enforce_eager=false triton W&B matrix 2026-06-23,"performance recipe default plus latest-main+PR2879 topology-aware fix; enforce_eager=false, MoE backend=triton, max_num_seqs=64, max_num_batched_tokens=32768, W&B enabled",0.0,0/0,,,,,,,,,,not parsed,CG-on,False,unmatched_baseline,pre-july-canonical,docs/lyris_nemorl_perfcfg_specdec_combined_prejuly_20260701.csv,,,,submitted,,,,,,,,,,,,,,,,,,,False,,
2191507,qwen30ba3b,async1off,eagle3,20.0,4096.0,default,1.0,1.0,-1.0,/lustre/fsw/coreai_dlalgo_llm/users/sna/hf_home/hub/models--Qwen--Qwen3-30B-A3B/snapshots/ad44e777bcd18fa416d9da3bd8f70d33ebb85d39,/lustre/fsw/coreai_dlalgo_llm/users/sna/hf_home/hub/models--RedHatAI--Qwen3-30B-A3B-Thinking-2507-speculator.eagle3/snapshots/a7ec796dd65236f1ecd4ed2958a7f0689e5da5cf,9.0,4.0,4.0,4.0,none,True,True,,examples/configs/recipes/llm/performance/grpo-qwen3-30ba3b-4n4g-async-1off.yaml,20260623_lyris_nemorl_perfcfg_cudagraph_off_eagertrue_wandb_best_positive_qwen30_async,/lustre/fsw/coreai_dlalgo_llm/users/sna/RL-latest-main-canary-pr2879-20260621,/lustre/fsw/coreai_dlalgo_llm/users/sna/containers/nemo_rl_nightly.sqsh,/lustre/fsw/coreai_dlalgo_llm/users/sna/nemorl_reference_runs/20260623_lyris_nemorl_perfcfg_cudagraph_off_eagertrue_wandb_best_positive_qwen30_async/logs/qwen30ba3b_async1off_eagle3,,docs/latest_lyris_nemorl_cudagraphoff_wandb_best_qwen30_async_20260623_jobs.csv,True,False,triton,,,True,nemo-rl-perfcfg-specdec-lyris,qwen30ba3b_PerfCfg_async1off_eagle3_20260623_lyris_nemorl_perfcfg_cudagraph_off_eagertrue_wandb_best_positive_qwen30_async,https://wandb.ai/nvidia/nemo-rl-perfcfg-specdec-lyris/runs/wd0prcvj,qwen30_async_eagle3k9_eagertrue_live,step>=2,7.0,6.0,1.0,2.0,8.0,20.0,2-7,8.0,partial_usable,0.0,0.0,0.0,,,,,tmp/lyris_20260623_current_logs/lustre/fsw/coreai_dlalgo_llm/users/sna/nemorl_reference_runs/20260623_lyris_nemorl_perfcfg_cudagraph_off_eagertrue_wandb_best_positive_qwen30_async/logs/qwen30ba3b_async1off_eagle3/2191507-logs/ray-driver.log,358.92333333333335,,253.895,92.16333333333334,,1158.7116666666668,2370.733333333333,3273.036666666667,9037.025,,,0.0019166666666666,0.5129499999999999,,,,,,,,docs/lyris_20260623_current_plus_eagerfalse_summary_skip_step1.csv,,,,SUBMITTED,,,,,eagle3_k9,Qwen3-30B-A3B,lyris,Lyris PerfCfg CUDA-graph-disabled triton W&B matrix 2026-06-23,"performance recipe default plus latest-main+PR2879 topology-aware fix; enforce_eager=true (CUDA graph disabled), MoE backend=triton, W&B enabled",0.0,6/8,0.8419648692298868,0.8407469301593838,,0.838949137845496,,,,,,steps 2-7 (6 metrics),CG-off,False,precomputed,pre-july-canonical,docs/lyris_nemorl_perfcfg_specdec_combined_prejuly_20260701.csv,,,,submitted,,,,,,,,,,,,,,,,,,,False,,
2182150,qwen30ba3b,async1off,pard,20.0,4096.0,default,1.0,1.0,-1.0,/lustre/fsw/coreai_dlalgo_llm/users/sna/hf_home/hub/models--Qwen--Qwen3-30B-A3B/snapshots/ad44e777bcd18fa416d9da3bd8f70d33ebb85d39,/lustre/fsw/coreai_dlalgo_llm/users/sna/hf_home/hub/models--amd--PARD-Qwen3-0.6B/snapshots/34e73caf94c021c3d4b8bad86ebd3616850ab4fd,16.0,4.0,4.0,4.0,none,True,True,,examples/configs/recipes/llm/performance/grpo-qwen3-30ba3b-4n4g-async-1off.yaml,20260622_lyris_nemorl_perfcfg_eagerfalse_triton_mnbt32768_maxseq64_core_step20_recipe_osl_temp1_wandb,/lustre/fsw/coreai_dlalgo_llm/users/sna/RL-latest-main-canary-pr2879-20260621,/lustre/fsw/coreai_dlalgo_llm/users/sna/containers/nemo_rl_nightly.sqsh,/lustre/fsw/coreai_dlalgo_llm/users/sna/nemorl_reference_runs/20260622_lyris_nemorl_perfcfg_eagerfalse_triton_mnbt32768_maxseq64_core_step20_recipe_osl_temp1_wandb/logs/qwen30ba3b_async1off_pard,,docs/latest_lyris_nemorl_perfcfg_eagerfalse_triton_mnbt32768_maxseq64_core_step20_recipe_osl_temp1_wandb_20260622_jobs.csv,False,,triton,64.0,32768.0,True,nemo-rl-perfcfg-specdec-lyris,qwen30ba3b_PerfCfg_async1off_pard_20260622_lyris_nemorl_perfcfg_eagerfalse_triton_mnbt32768_maxseq64_core_step20_recipe_osl_temp1_wandb,,,,,,,,,,,,,,,,,,,,,,,,,,,,,,,,,,,,,,,,,,,,,SUBMITTED,,,,,pard_k16,Qwen3-30B-A3B,lyris,Lyris PerfCfg enforce_eager=false triton W&B matrix 2026-06-22,"performance recipe default plus latest-main+PR2879 topology-aware fix; enforce_eager=false, MoE backend=triton, max_num_seqs=64, max_num_batched_tokens=32768, W&B enabled",0.0,0/0,,,,,,,,,,not parsed,CG-on,False,unmatched_baseline,pre-july-canonical,docs/lyris_nemorl_perfcfg_specdec_combined_prejuly_20260701.csv,,,,submitted,,,,,,,,,,,,,,,,,,,False,,
2194143,qwen30ba3b,async1off,pard,20.0,4096.0,default,1.0,1.0,-1.0,/lustre/fsw/coreai_dlalgo_llm/users/sna/hf_home/hub/models--Qwen--Qwen3-30B-A3B/snapshots/ad44e777bcd18fa416d9da3bd8f70d33ebb85d39,/lustre/fsw/coreai_dlalgo_llm/users/sna/hf_home/hub/models--amd--PARD-Qwen3-0.6B/snapshots/34e73caf94c021c3d4b8bad86ebd3616850ab4fd,16.0,4.0,4.0,4.0,none,True,True,,examples/configs/recipes/llm/performance/grpo-qwen3-30ba3b-4n4g-async-1off.yaml,20260623_lyris_nemorl_qwen30_qwen32_pardk16_eagerfalse_triton_mnbt32768_maxseq64_clean_rerun,/lustre/fsw/coreai_dlalgo_llm/users/sna/RL-latest-main-canary-pr2879-20260621,/lustre/fsw/coreai_dlalgo_llm/users/sna/containers/nemo_rl_nightly.sqsh,/lustre/fsw/coreai_dlalgo_llm/users/sna/nemorl_reference_runs/20260623_lyris_nemorl_qwen30_qwen32_pardk16_eagerfalse_triton_mnbt32768_maxseq64_clean_rerun/logs/qwen30ba3b_async1off_pard,,docs/latest_lyris_nemorl_qwen30_qwen32_pardk16_eagerfalse_clean_rerun_20260623_jobs.csv,False,,triton,64.0,32768.0,True,nemo-rl-perfcfg-specdec-lyris,qwen30ba3b_PerfCfg_async1off_pard_20260623_lyris_nemorl_qwen30_qwen32_pardk16_eagerfalse_triton_mnbt32768_maxseq64_clean_rerun,,,,,,,,,,,,,,,,,,,,,,,,,,,,,,,,,,,,,,,,,,,,,SUBMITTED,,,,,pard_k16,Qwen3-30B-A3B,lyris,Lyris PerfCfg enforce_eager=false triton W&B matrix 2026-06-23,"performance recipe default plus latest-main+PR2879 topology-aware fix; enforce_eager=false, MoE backend=triton, max_num_seqs=64, max_num_batched_tokens=32768, W&B enabled",0.0,0/0,,,,,,,,,,not parsed,CG-on,False,unmatched_baseline,pre-july-canonical,docs/lyris_nemorl_perfcfg_specdec_combined_prejuly_20260701.csv,,,,submitted,,,,,,,,,,,,,,,,,,,False,,
2182152,qwen30ba3b,async1off,suffix,20.0,4096.0,default,1.0,1.0,-1.0,/lustre/fsw/coreai_dlalgo_llm/users/sna/hf_home/hub/models--Qwen--Qwen3-30B-A3B/snapshots/ad44e777bcd18fa416d9da3bd8f70d33ebb85d39,/lustre/fsw/coreai_dlalgo_llm/users/sna/hf_home/hub/models--Qwen--Qwen3-30B-A3B/snapshots/ad44e777bcd18fa416d9da3bd8f70d33ebb85d39,32.0,4.0,4.0,4.0,none,True,True,,examples/configs/recipes/llm/performance/grpo-qwen3-30ba3b-4n4g-async-1off.yaml,20260622_lyris_nemorl_perfcfg_eagerfalse_triton_mnbt32768_maxseq64_core_step20_recipe_osl_temp1_wandb,/lustre/fsw/coreai_dlalgo_llm/users/sna/RL-latest-main-canary-pr2879-20260621,/lustre/fsw/coreai_dlalgo_llm/users/sna/containers/nemo_rl_nightly.sqsh,/lustre/fsw/coreai_dlalgo_llm/users/sna/nemorl_reference_runs/20260622_lyris_nemorl_perfcfg_eagerfalse_triton_mnbt32768_maxseq64_core_step20_recipe_osl_temp1_wandb/logs/qwen30ba3b_async1off_suffix,,docs/latest_lyris_nemorl_perfcfg_eagerfalse_triton_mnbt32768_maxseq64_core_step20_recipe_osl_temp1_wandb_20260622_jobs.csv,False,,triton,64.0,32768.0,True,nemo-rl-perfcfg-specdec-lyris,qwen30ba3b_PerfCfg_async1off_suffix_20260622_lyris_nemorl_perfcfg_eagerfalse_triton_mnbt32768_maxseq64_core_step20_recipe_osl_temp1_wandb,,,,,,,,,,,,,,,,,,,,,,,,,,,,,,,,,,,,,,,,,,,,,SUBMITTED,,,,,suffix_k32,Qwen3-30B-A3B,lyris,Lyris PerfCfg enforce_eager=false triton W&B matrix 2026-06-22,"performance recipe default plus latest-main+PR2879 topology-aware fix; enforce_eager=false, MoE backend=triton, max_num_seqs=64, max_num_batched_tokens=32768, W&B enabled",0.0,0/0,,,,,,,,,,not parsed,CG-on,False,unmatched_baseline,pre-july-canonical,docs/lyris_nemorl_perfcfg_specdec_combined_prejuly_20260701.csv,,,,submitted,,,,,,,,,,,,,,,,,,,False,,
2182145,qwen30ba3b,sync,baseline,20.0,4096.0,default,1.0,1.0,-1.0,/lustre/fsw/coreai_dlalgo_llm/users/sna/hf_home/hub/models--Qwen--Qwen3-30B-A3B/snapshots/ad44e777bcd18fa416d9da3bd8f70d33ebb85d39,/lustre/fsw/coreai_dlalgo_llm/users/sna/hf_home/hub/models--Qwen--Qwen3-30B-A3B/snapshots/ad44e777bcd18fa416d9da3bd8f70d33ebb85d39,0.0,4.0,4.0,4.0,none,True,True,,examples/configs/recipes/llm/performance/grpo-qwen3-30ba3b-4n4g.yaml,20260622_lyris_nemorl_perfcfg_eagerfalse_triton_mnbt32768_maxseq64_core_step20_recipe_osl_temp1_wandb,/lustre/fsw/coreai_dlalgo_llm/users/sna/RL-latest-main-canary-pr2879-20260621,/lustre/fsw/coreai_dlalgo_llm/users/sna/containers/nemo_rl_nightly.sqsh,/lustre/fsw/coreai_dlalgo_llm/users/sna/nemorl_reference_runs/20260622_lyris_nemorl_perfcfg_eagerfalse_triton_mnbt32768_maxseq64_core_step20_recipe_osl_temp1_wandb/logs/qwen30ba3b_sync_baseline,,docs/latest_lyris_nemorl_perfcfg_eagerfalse_triton_mnbt32768_maxseq64_core_step20_recipe_osl_temp1_wandb_20260622_jobs.csv,False,,triton,64.0,32768.0,True,nemo-rl-perfcfg-specdec-lyris,qwen30ba3b_PerfCfg_sync_baseline_20260622_lyris_nemorl_perfcfg_eagerfalse_triton_mnbt32768_maxseq64_core_step20_recipe_osl_temp1_wandb,https://wandb.ai/nvidia/nemo-rl-perfcfg-specdec-lyris/runs/5cpkkvty,qwen30_sync_baseline_eagerfalse,step>=2,19.0,19.0,0.0,2.0,20.0,20.0,2-20,,partial_usable_with_errors,0.0,0.0,4.0,"[rank5]:[W623 04:07:07.888991578 ProcessGroupNCCL.cpp:1826] [PG ID 0 PG GUID 0(default_pg) Rank 5] Failed to check the ""should dump"" flag on TCPStore, (maybe TCPStore server has shut down too early), with error: Connection reset by peer",,,,tmp/lyris_20260623_current_logs/lustre/fsw/coreai_dlalgo_llm/users/sna/nemorl_reference_runs/20260622_lyris_nemorl_perfcfg_eagerfalse_triton_mnbt32768_maxseq64_core_step20_recipe_osl_temp1_wandb/logs/qwen30ba3b_sync_baseline/2182145-logs/ray-driver.log,249.4521052631579,100.94894736842105,94.37842105263158,45.27368421052632,6.832105263157895,1647.1705263157896,4071.9005263157896,4355.176842105263,9085.257894736842,3101.361336842105,,0.0019105263157894,0.5221736842105263,,,,,,,,docs/lyris_20260623_current_plus_eagerfalse_summary_skip_step1.csv,,,,SUBMITTED,,,,,baseline,Qwen3-30B-A3B,lyris,Lyris PerfCfg enforce_eager=false triton W&B matrix 2026-06-22,"performance recipe default plus latest-main+PR2879 topology-aware fix; enforce_eager=false, MoE backend=triton, max_num_seqs=64, max_num_batched_tokens=32768, W&B enabled",0.0,19/20,1.0,1.0,1.0,1.0,,,,,,steps 2-20 (19 metrics),CG-on,False,baseline,pre-july-canonical,docs/lyris_nemorl_perfcfg_specdec_combined_prejuly_20260701.csv,,,,submitted,,,,,,,,,,,,,,,,,,,False,,
2191503,qwen30ba3b,sync,baseline,20.0,4096.0,default,1.0,1.0,-1.0,/lustre/fsw/coreai_dlalgo_llm/users/sna/hf_home/hub/models--Qwen--Qwen3-30B-A3B/snapshots/ad44e777bcd18fa416d9da3bd8f70d33ebb85d39,/lustre/fsw/coreai_dlalgo_llm/users/sna/hf_home/hub/models--Qwen--Qwen3-30B-A3B/snapshots/ad44e777bcd18fa416d9da3bd8f70d33ebb85d39,0.0,4.0,4.0,4.0,none,True,True,,examples/configs/recipes/llm/performance/grpo-qwen3-30ba3b-4n4g.yaml,20260623_lyris_nemorl_perfcfg_cudagraph_off_eagertrue_wandb_best_positive_qwen30_sync,/lustre/fsw/coreai_dlalgo_llm/users/sna/RL-latest-main-canary-pr2879-20260621,/lustre/fsw/coreai_dlalgo_llm/users/sna/containers/nemo_rl_nightly.sqsh,/lustre/fsw/coreai_dlalgo_llm/users/sna/nemorl_reference_runs/20260623_lyris_nemorl_perfcfg_cudagraph_off_eagertrue_wandb_best_positive_qwen30_sync/logs/qwen30ba3b_sync_baseline,,docs/latest_lyris_nemorl_cudagraphoff_wandb_best_qwen30_sync_20260623_jobs.csv,True,False,triton,,,True,nemo-rl-perfcfg-specdec-lyris,qwen30ba3b_PerfCfg_sync_baseline_20260623_lyris_nemorl_perfcfg_cudagraph_off_eagertrue_wandb_best_positive_qwen30_sync,https://wandb.ai/nvidia/nemo-rl-perfcfg-specdec-lyris/runs/z7osk7c9,qwen30_sync_baseline_eagertrue,step>=2,19.0,18.0,1.0,2.0,20.0,20.0,2-19,20.0,partial_usable,0.0,0.0,0.0,,,,,tmp/lyris_20260623_current_logs/lustre/fsw/coreai_dlalgo_llm/users/sna/nemorl_reference_runs/20260623_lyris_nemorl_perfcfg_cudagraph_off_eagertrue_wandb_best_positive_qwen30_sync/logs/qwen30ba3b_sync_baseline/2191503-logs/ray-driver.log,413.9616666666667,262.875,95.42333333333336,45.705,7.754444444444445,994.1283333333334,1566.9205555555554,4312.735,9015.717777777778,3104.134988888889,,0.0019055555555555,0.5237666666666666,,,,,,,,docs/lyris_20260623_current_plus_eagerfalse_summary_skip_step1.csv,,,,SUBMITTED,,,,,baseline,Qwen3-30B-A3B,lyris,Lyris PerfCfg CUDA-graph-disabled triton W&B matrix 2026-06-23,"performance recipe default plus latest-main+PR2879 topology-aware fix; enforce_eager=true (CUDA graph disabled), MoE backend=triton, W&B enabled",0.0,18/20,0.3848130732636751,0.6035369850606122,0.3840188202317491,0.6025971130897576,,,,,,steps 2-19 (18 metrics),CG-off,False,baseline,pre-july-canonical,docs/lyris_nemorl_perfcfg_specdec_combined_prejuly_20260701.csv,,,,submitted,,,,,,,,,,,,,,,,,,,False,,
2182147,qwen30ba3b,sync,eagle3,20.0,4096.0,default,1.0,1.0,-1.0,/lustre/fsw/coreai_dlalgo_llm/users/sna/hf_home/hub/models--Qwen--Qwen3-30B-A3B/snapshots/ad44e777bcd18fa416d9da3bd8f70d33ebb85d39,/lustre/fsw/coreai_dlalgo_llm/users/sna/hf_home/hub/models--RedHatAI--Qwen3-30B-A3B-Thinking-2507-speculator.eagle3/snapshots/a7ec796dd65236f1ecd4ed2958a7f0689e5da5cf,5.0,4.0,4.0,4.0,none,True,True,,examples/configs/recipes/llm/performance/grpo-qwen3-30ba3b-4n4g.yaml,20260622_lyris_nemorl_perfcfg_eagerfalse_triton_mnbt32768_maxseq64_core_step20_recipe_osl_temp1_wandb,/lustre/fsw/coreai_dlalgo_llm/users/sna/RL-latest-main-canary-pr2879-20260621,/lustre/fsw/coreai_dlalgo_llm/users/sna/containers/nemo_rl_nightly.sqsh,/lustre/fsw/coreai_dlalgo_llm/users/sna/nemorl_reference_runs/20260622_lyris_nemorl_perfcfg_eagerfalse_triton_mnbt32768_maxseq64_core_step20_recipe_osl_temp1_wandb/logs/qwen30ba3b_sync_eagle3,,docs/latest_lyris_nemorl_perfcfg_eagerfalse_triton_mnbt32768_maxseq64_core_step20_recipe_osl_temp1_wandb_20260622_jobs.csv,False,,triton,64.0,32768.0,True,nemo-rl-perfcfg-specdec-lyris,qwen30ba3b_PerfCfg_sync_eagle3_20260622_lyris_nemorl_perfcfg_eagerfalse_triton_mnbt32768_maxseq64_core_step20_recipe_osl_temp1_wandb,https://wandb.ai/nvidia/nemo-rl-perfcfg-specdec-lyris/runs/lseuvql7,qwen30_sync_eagle3k5_eagerfalse,step>=2,19.0,19.0,0.0,2.0,20.0,20.0,2-20,,partial_usable,0.0,0.0,0.0,,94853577.0,192443150.0,49.28914175433109,tmp/lyris_20260623_current_logs/lustre/fsw/coreai_dlalgo_llm/users/sna/nemorl_reference_runs/20260622_lyris_nemorl_perfcfg_eagerfalse_triton_mnbt32768_maxseq64_core_step20_recipe_osl_temp1_wandb/logs/qwen30ba3b_sync_eagle3/2182147-logs/ray-driver.log,207.45,57.991052631578945,94.0621052631579,46.073157894736845,7.1352631578947365,1982.5842105263157,7112.582105263158,4374.854210526316,8929.007368421053,3101.0226263157897,,0.0019105263157894,0.5234105263157895,48.7596341933048,3.4373791528121047,0.7549411809264892,0.5861497228893962,0.4578257783775642,0.3581236981411602,0.2805337056288958,docs/lyris_20260623_current_plus_eagerfalse_summary_skip_step1.csv,,,,SUBMITTED,,,,,eagle3_k5,Qwen3-30B-A3B,lyris,Lyris PerfCfg enforce_eager=false triton W&B matrix 2026-06-22,"performance recipe default plus latest-main+PR2879 topology-aware fix; enforce_eager=false, MoE backend=triton, max_num_seqs=64, max_num_batched_tokens=32768, W&B enabled",0.0,19/20,1.7467475099885466,1.203630212447246,1.7407676320303491,1.202468572008474,,,,,,steps 2-20 (19 metrics),CG-on,False,precomputed,pre-july-canonical,docs/lyris_nemorl_perfcfg_specdec_combined_prejuly_20260701.csv,,,,submitted,,,,,,,,,,,,,,,,,,,False,,
2188269,qwen30ba3b,sync,eagle3,20.0,4096.0,,1.0,1.0,,/lustre/fsw/coreai_dlalgo_llm/users/sna/hf_home/hub/models--Qwen--Qwen3-30B-A3B/snapshots/ad44e777bcd18fa416d9da3bd8f70d33ebb85d39,/lustre/fsw/coreai_dlalgo_llm/users/sna/hf_home/hub/models--RedHatAI--Qwen3-30B-A3B-Thinking-2507-speculator.eagle3/snapshots/a7ec796dd65236f1ecd4ed2958a7f0689e5da5cf,7.0,4.0,4.0,4.0,,,,,examples/configs/recipes/llm/performance/grpo-qwen3-30ba3b-4n4g.yaml,20260623_lyris_nemorl_eagerfalse_triton_mnbt32768_maxseq64_eagle3k7k9_wandbmetrics_step20,/lustre/fsw/coreai_dlalgo_llm/users/sna/RL-latest-main-canary-pr2879-20260621,/lustre/fsw/coreai_dlalgo_llm/users/sna/containers/nemo_rl_nightly.sqsh,/lustre/fsw/coreai_dlalgo_llm/users/sna/nemorl_reference_runs/20260623_lyris_nemorl_eagerfalse_triton_mnbt32768_maxseq64_eagle3k7k9_wandbmetrics_step20/logs/qwen30ba3b_sync_eagle3_k7,,docs/latest_lyris_nemorl_eagerfalse_triton_mnbt32768_maxseq64_eagle3k7k9_wandbmetrics_step20_20260623_jobs.csv,False,,triton,64.0,32768.0,,nemo-rl-perfcfg-specdec-lyris,qwen30ba3b_PerfCfg_sync_eagle3k7_wandbmetrics_20260623_lyris_nemorl_eagerfalse_triton_mnbt32768_maxseq64_eagle3k7k9_wandbmetrics_step20,,,,,,,,,,,,,,,,,,,,,,,,,,,,,,,,,,,,,,,,,,,,,SUBMITTED,,,,,eagle3_k7,Qwen3-30B-A3B,lyris,Lyris PerfCfg enforce_eager=false triton W&B matrix 2026-06-23,"performance recipe default plus latest-main+PR2879 topology-aware fix; enforce_eager=false, MoE backend=triton, max_num_seqs=64, max_num_batched_tokens=32768, W&B enabled",0.0,0/0,,,,,,,,,,not parsed,CG-on,False,unmatched_baseline,pre-july-canonical,docs/lyris_nemorl_perfcfg_specdec_combined_prejuly_20260701.csv,,,,submitted,,,,,,,,,,,,,,,,,,,False,,
2188289,qwen30ba3b,sync,eagle3,20.0,4096.0,,1.0,1.0,,/lustre/fsw/coreai_dlalgo_llm/users/sna/hf_home/hub/models--Qwen--Qwen3-30B-A3B/snapshots/ad44e777bcd18fa416d9da3bd8f70d33ebb85d39,/lustre/fsw/coreai_dlalgo_llm/users/sna/hf_home/hub/models--RedHatAI--Qwen3-30B-A3B-Thinking-2507-speculator.eagle3/snapshots/a7ec796dd65236f1ecd4ed2958a7f0689e5da5cf,7.0,4.0,4.0,4.0,,,,,examples/configs/recipes/llm/performance/grpo-qwen3-30ba3b-4n4g.yaml,20260623_lyris_nemorl_eagerfalse_triton_mnbt32768_maxseq64_eagle3k7k9_wandbmetrics_step20_hffix,/lustre/fsw/coreai_dlalgo_llm/users/sna/RL-latest-main-canary-pr2879-20260621,/lustre/fsw/coreai_dlalgo_llm/users/sna/containers/nemo_rl_nightly.sqsh,/lustre/fsw/coreai_dlalgo_llm/users/sna/nemorl_reference_runs/20260623_lyris_nemorl_eagerfalse_triton_mnbt32768_maxseq64_eagle3k7k9_wandbmetrics_step20_hffix/logs/qwen30ba3b_sync_eagle3_k7,,docs/latest_lyris_nemorl_eagerfalse_triton_mnbt32768_maxseq64_eagle3k7k9_wandbmetrics_step20_hffix_20260623_jobs.csv,False,,triton,64.0,32768.0,,nemo-rl-perfcfg-specdec-lyris,qwen30ba3b_PerfCfg_sync_eagle3k7_wandbmetrics_20260623_lyris_nemorl_eagerfalse_triton_mnbt32768_maxseq64_eagle3k7k9_wandbmetrics_step20_hffix,,,,,,,,,,,,,,,,,,,,,,,,,,,,,,,,,,,,,,,,,,,,,SUBMITTED,,,,,eagle3_k7,Qwen3-30B-A3B,lyris,Lyris PerfCfg enforce_eager=false triton W&B matrix 2026-06-23,"performance recipe default plus latest-main+PR2879 topology-aware fix; enforce_eager=false, MoE backend=triton, max_num_seqs=64, max_num_batched_tokens=32768, W&B enabled",0.0,0/0,,,,,,,,,,not parsed,CG-on,False,unmatched_baseline,pre-july-canonical,docs/lyris_nemorl_perfcfg_specdec_combined_prejuly_20260701.csv,,,,submitted,,,,,,,,,,,,,,,,,,,False,,
2188298,qwen30ba3b,sync,eagle3,2.0,4096.0,,1.0,1.0,,/lustre/fsw/coreai_dlalgo_llm/users/sna/hf_home/hub/models--Qwen--Qwen3-30B-A3B/snapshots/ad44e777bcd18fa416d9da3bd8f70d33ebb85d39,/lustre/fsw/coreai_dlalgo_llm/users/sna/hf_home/hub/models--RedHatAI--Qwen3-30B-A3B-Thinking-2507-speculator.eagle3/snapshots/a7ec796dd65236f1ecd4ed2958a7f0689e5da5cf,7.0,4.0,4.0,4.0,,,,,examples/configs/recipes/llm/performance/grpo-qwen3-30ba3b-4n4g.yaml,20260623_lyris_nemorl_eagerfalse_wandb_specmetrics_smoke2_hffix,/lustre/fsw/coreai_dlalgo_llm/users/sna/RL-latest-main-canary-pr2879-20260621,/lustre/fsw/coreai_dlalgo_llm/users/sna/containers/nemo_rl_nightly.sqsh,/lustre/fsw/coreai_dlalgo_llm/users/sna/nemorl_reference_runs/20260623_lyris_nemorl_eagerfalse_wandb_specmetrics_smoke2_hffix/logs/qwen30ba3b_sync_eagle3_k7,,docs/latest_lyris_nemorl_eagerfalse_wandb_specmetrics_smoke2_hffix_20260623_jobs.csv,False,,triton,64.0,32768.0,,nemo-rl-perfcfg-specdec-lyris,qwen30ba3b_PerfCfg_sync_eagle3k7_wandbmetrics_smoke2_20260623_lyris_nemorl_eagerfalse_wandb_specmetrics_smoke2_hffix,,,,,,,,,,,,,,,,,,,,,,,,,,,,,,,,,,,,,,,,,,,,,SUBMITTED,,,,,eagle3_k7,Qwen3-30B-A3B,lyris,Lyris PerfCfg enforce_eager=false triton W&B matrix 2026-06-23,"performance recipe default plus latest-main+PR2879 topology-aware fix; enforce_eager=false, MoE backend=triton, max_num_seqs=64, max_num_batched_tokens=32768, W&B enabled",0.0,0/0,,,,,,,,,,not parsed,CG-on,False,unmatched_baseline,pre-july-canonical,docs/lyris_nemorl_perfcfg_specdec_combined_prejuly_20260701.csv,,,,submitted,,,,,,,,,,,,,,,,,,,False,,
2188609,qwen30ba3b,sync,eagle3,3.0,4096.0,default,1.0,1.0,-1.0,/lustre/fsw/coreai_dlalgo_llm/users/sna/hf_home/hub/models--Qwen--Qwen3-30B-A3B/snapshots/ad44e777bcd18fa416d9da3bd8f70d33ebb85d39,/lustre/fsw/coreai_dlalgo_llm/users/sna/hf_home/hub/models--RedHatAI--Qwen3-30B-A3B-Thinking-2507-speculator.eagle3/snapshots/a7ec796dd65236f1ecd4ed2958a7f0689e5da5cf,7.0,4.0,4.0,4.0,none,True,True,,examples/configs/recipes/llm/performance/grpo-qwen3-30ba3b-4n4g.yaml,20260623_lyris_nemorl_eagerfalse_wandb_specmetrics_smoke5_rebuildvenv,/lustre/fsw/coreai_dlalgo_llm/users/sna/RL-latest-main-canary-pr2879-20260621,/lustre/fsw/coreai_dlalgo_llm/users/sna/containers/nemo_rl_nightly.sqsh,/lustre/fsw/coreai_dlalgo_llm/users/sna/nemorl_reference_runs/20260623_lyris_nemorl_eagerfalse_wandb_specmetrics_smoke5_rebuildvenv/logs/qwen30ba3b_sync_eagle3,,docs/latest_lyris_nemorl_eagerfalse_wandb_specmetrics_smoke5_rebuildvenv_20260623_jobs.csv,False,,triton,64.0,32768.0,True,nemo-rl-perfcfg-specdec-lyris,qwen30ba3b_PerfCfg_sync_eagle3_20260623_lyris_nemorl_eagerfalse_wandb_specmetrics_smoke5_rebuildvenv,,,,,,,,,,,,,,,,,,,,,,,,,,,,,,,,,,,,,,,,,,,,,SUBMITTED,,,,,eagle3_k7,Qwen3-30B-A3B,lyris,Lyris PerfCfg enforce_eager=false triton W&B matrix 2026-06-23,"performance recipe default plus latest-main+PR2879 topology-aware fix; enforce_eager=false, MoE backend=triton, max_num_seqs=64, max_num_batched_tokens=32768, W&B enabled",0.0,0/0,,,,,,,,,,not parsed,CG-on,False,unmatched_baseline,pre-july-canonical,docs/lyris_nemorl_perfcfg_specdec_combined_prejuly_20260701.csv,,,,submitted,,,,,,,,,,,,,,,,,,,False,,
2188621,qwen30ba3b,sync,eagle3,3.0,4096.0,default,1.0,1.0,-1.0,/lustre/fsw/coreai_dlalgo_llm/users/sna/hf_home/hub/models--Qwen--Qwen3-30B-A3B/snapshots/ad44e777bcd18fa416d9da3bd8f70d33ebb85d39,/lustre/fsw/coreai_dlalgo_llm/users/sna/hf_home/hub/models--RedHatAI--Qwen3-30B-A3B-Thinking-2507-speculator.eagle3/snapshots/a7ec796dd65236f1ecd4ed2958a7f0689e5da5cf,7.0,4.0,4.0,4.0,none,True,True,,examples/configs/recipes/llm/performance/grpo-qwen3-30ba3b-4n4g.yaml,20260623_lyris_nemorl_eagerfalse_wandb_specmetrics_smoke6_netrc_rebuildvenv,/lustre/fsw/coreai_dlalgo_llm/users/sna/RL-latest-main-canary-pr2879-20260621,/lustre/fsw/coreai_dlalgo_llm/users/sna/containers/nemo_rl_nightly.sqsh,/lustre/fsw/coreai_dlalgo_llm/users/sna/nemorl_reference_runs/20260623_lyris_nemorl_eagerfalse_wandb_specmetrics_smoke6_netrc_rebuildvenv/logs/qwen30ba3b_sync_eagle3,,docs/latest_lyris_nemorl_eagerfalse_wandb_specmetrics_smoke6_netrc_rebuildvenv_20260623_jobs.csv,False,,triton,64.0,32768.0,True,nemo-rl-perfcfg-specdec-lyris,qwen30ba3b_PerfCfg_sync_eagle3_20260623_lyris_nemorl_eagerfalse_wandb_specmetrics_smoke6_netrc_rebuildvenv,,,,,,,,,,,,,,,,,,,,,,,,,,,,,,,,,,,,,,,,,,,,,SUBMITTED,,,,,eagle3_k7,Qwen3-30B-A3B,lyris,Lyris PerfCfg enforce_eager=false triton W&B matrix 2026-06-23,"performance recipe default plus latest-main+PR2879 topology-aware fix; enforce_eager=false, MoE backend=triton, max_num_seqs=64, max_num_batched_tokens=32768, W&B enabled",0.0,0/0,,,,,,,,,,not parsed,CG-on,False,unmatched_baseline,pre-july-canonical,docs/lyris_nemorl_perfcfg_specdec_combined_prejuly_20260701.csv,,,,submitted,,,,,,,,,,,,,,,,,,,False,,
2191801,qwen30ba3b,sync,eagle3,20.0,4096.0,default,1.0,1.0,-1.0,/lustre/fsw/coreai_dlalgo_llm/users/sna/hf_home/hub/models--Qwen--Qwen3-30B-A3B/snapshots/ad44e777bcd18fa416d9da3bd8f70d33ebb85d39,/lustre/fsw/coreai_dlalgo_llm/users/sna/hf_home/hub/models--RedHatAI--Qwen3-30B-A3B-Thinking-2507-speculator.eagle3/snapshots/a7ec796dd65236f1ecd4ed2958a7f0689e5da5cf,7.0,4.0,4.0,4.0,none,True,True,,examples/configs/recipes/llm/performance/grpo-qwen3-30ba3b-4n4g.yaml,20260623_lyris_nemorl_qwen30ba3b_sync_eagle3k7_eagerfalse_step20_fullrerun,/lustre/fsw/coreai_dlalgo_llm/users/sna/RL-latest-main-canary-pr2879-20260621,/lustre/fsw/coreai_dlalgo_llm/users/sna/containers/nemo_rl_nightly.sqsh,/lustre/fsw/coreai_dlalgo_llm/users/sna/nemorl_reference_runs/20260623_lyris_nemorl_qwen30ba3b_sync_eagle3k7_eagerfalse_step20_fullrerun/logs/qwen30ba3b_sync_eagle3,,docs/latest_lyris_nemorl_qwen30ba3b_sync_eagle3k7_eagerfalse_step20_fullrerun_20260623_jobs.csv,False,False,triton,64.0,32768.0,True,nemo-rl-perfcfg-specdec-lyris,qwen30ba3b_PerfCfg_sync_eagle3_20260623_lyris_nemorl_qwen30ba3b_sync_eagle3k7_eagerfalse_step20_fullrerun,https://wandb.ai/nvidia/nemo-rl-perfcfg-specdec-lyris/runs/pnq3aguc,qwen30_sync_eagle3k7_eagerfalse_live,step>=2,6.0,5.0,1.0,2.0,7.0,20.0,2-6,7.0,partial_usable,0.0,0.0,0.0,,25750374.0,68529310.0,37.575708846331594,tmp/lyris_20260623_current_logs/lustre/fsw/coreai_dlalgo_llm/users/sna/nemorl_reference_runs/20260623_lyris_nemorl_qwen30ba3b_sync_eagle3k7_eagerfalse_step20_fullrerun/logs/qwen30ba3b_sync_eagle3/2191801-logs/ray-driver.log,249.314,64.174,121.612,52.984,8.012,1619.642,6334.374,3322.168,7626.152,3038.43562,,0.00192,0.51906,37.084815159441085,3.5960733172254775,0.7322635146024348,0.5528380180773207,0.4206670120029803,0.3204021322613031,0.2443349008943571,docs/lyris_20260623_current_plus_eagerfalse_summary_skip_step1.csv,,,,SUBMITTED,,,,,eagle3_k7,Qwen3-30B-A3B,lyris,Lyris PerfCfg enforce_eager=false triton W&B matrix 2026-06-23,"performance recipe default plus latest-main+PR2879 topology-aware fix; enforce_eager=false, MoE backend=triton, max_num_seqs=64, max_num_batched_tokens=32768, W&B enabled",0.0,5/7,1.555630831122309,0.9832873853216872,1.5730505713906104,1.0005539410669193,,,,,,steps 2-6 (5 metrics),CG-on,False,precomputed,pre-july-canonical,docs/lyris_nemorl_perfcfg_specdec_combined_prejuly_20260701.csv,,,,submitted,,,,,,,,,,,,,,,,,,,False,,
2194176,qwen30ba3b,sync,eagle3,20.0,4096.0,default,1.0,1.0,-1.0,/lustre/fsw/coreai_dlalgo_llm/users/sna/hf_home/hub/models--Qwen--Qwen3-30B-A3B/snapshots/ad44e777bcd18fa416d9da3bd8f70d33ebb85d39,/lustre/fsw/coreai_dlalgo_llm/users/sna/hf_home/hub/models--RedHatAI--Qwen3-30B-A3B-Thinking-2507-speculator.eagle3/snapshots/a7ec796dd65236f1ecd4ed2958a7f0689e5da5cf,7.0,4.0,4.0,4.0,none,True,True,,examples/configs/recipes/llm/performance/grpo-qwen3-30ba3b-4n4g.yaml,20260623_lyris_nemorl_qwen30_sync_eagle3k7_eagerfalse_triton_mnbt32768_maxseq64_clean_rerun,/lustre/fsw/coreai_dlalgo_llm/users/sna/RL-latest-main-canary-pr2879-20260621,/lustre/fsw/coreai_dlalgo_llm/users/sna/containers/nemo_rl_nightly.sqsh,/lustre/fsw/coreai_dlalgo_llm/users/sna/nemorl_reference_runs/20260623_lyris_nemorl_qwen30_sync_eagle3k7_eagerfalse_triton_mnbt32768_maxseq64_clean_rerun/logs/qwen30ba3b_sync_eagle3,,docs/latest_lyris_nemorl_qwen30_sync_eagle3k7_eagerfalse_clean_rerun_20260623_jobs.csv,False,,triton,64.0,32768.0,True,nemo-rl-perfcfg-specdec-lyris,qwen30ba3b_PerfCfg_sync_eagle3_20260623_lyris_nemorl_qwen30_sync_eagle3k7_eagerfalse_triton_mnbt32768_maxseq64_clean_rerun,,,,,,,,,,,,,,,,,,,,,,,,,,,,,,,,,,,,,,,,,,,,,SUBMITTED,,,,,eagle3_k7,Qwen3-30B-A3B,lyris,Lyris PerfCfg enforce_eager=false triton W&B matrix 2026-06-23,"performance recipe default plus latest-main+PR2879 topology-aware fix; enforce_eager=false, MoE backend=triton, max_num_seqs=64, max_num_batched_tokens=32768, W&B enabled",0.0,0/0,,,,,,,,,,not parsed,CG-on,False,unmatched_baseline,pre-july-canonical,docs/lyris_nemorl_perfcfg_specdec_combined_prejuly_20260701.csv,,,,submitted,,,,,,,,,,,,,,,,,,,False,,
2188273,qwen30ba3b,sync,eagle3,20.0,4096.0,,1.0,1.0,,/lustre/fsw/coreai_dlalgo_llm/users/sna/hf_home/hub/models--Qwen--Qwen3-30B-A3B/snapshots/ad44e777bcd18fa416d9da3bd8f70d33ebb85d39,/lustre/fsw/coreai_dlalgo_llm/users/sna/hf_home/hub/models--RedHatAI--Qwen3-30B-A3B-Thinking-2507-speculator.eagle3/snapshots/a7ec796dd65236f1ecd4ed2958a7f0689e5da5cf,9.0,4.0,4.0,4.0,,,,,examples/configs/recipes/llm/performance/grpo-qwen3-30ba3b-4n4g.yaml,20260623_lyris_nemorl_eagerfalse_triton_mnbt32768_maxseq64_eagle3k7k9_wandbmetrics_step20,/lustre/fsw/coreai_dlalgo_llm/users/sna/RL-latest-main-canary-pr2879-20260621,/lustre/fsw/coreai_dlalgo_llm/users/sna/containers/nemo_rl_nightly.sqsh,/lustre/fsw/coreai_dlalgo_llm/users/sna/nemorl_reference_runs/20260623_lyris_nemorl_eagerfalse_triton_mnbt32768_maxseq64_eagle3k7k9_wandbmetrics_step20/logs/qwen30ba3b_sync_eagle3_k9,,docs/latest_lyris_nemorl_eagerfalse_triton_mnbt32768_maxseq64_eagle3k7k9_wandbmetrics_step20_20260623_jobs.csv,False,,triton,64.0,32768.0,,nemo-rl-perfcfg-specdec-lyris,qwen30ba3b_PerfCfg_sync_eagle3k9_wandbmetrics_20260623_lyris_nemorl_eagerfalse_triton_mnbt32768_maxseq64_eagle3k7k9_wandbmetrics_step20,,,,,,,,,,,,,,,,,,,,,,,,,,,,,,,,,,,,,,,,,,,,,SUBMITTED,,,,,eagle3_k9,Qwen3-30B-A3B,lyris,Lyris PerfCfg enforce_eager=false triton W&B matrix 2026-06-23,"performance recipe default plus latest-main+PR2879 topology-aware fix; enforce_eager=false, MoE backend=triton, max_num_seqs=64, max_num_batched_tokens=32768, W&B enabled",0.0,0/0,,,,,,,,,,not parsed,CG-on,False,unmatched_baseline,pre-july-canonical,docs/lyris_nemorl_perfcfg_specdec_combined_prejuly_20260701.csv,,,,submitted,,,,,,,,,,,,,,,,,,,False,,
2188294,qwen30ba3b,sync,eagle3,20.0,4096.0,,1.0,1.0,,/lustre/fsw/coreai_dlalgo_llm/users/sna/hf_home/hub/models--Qwen--Qwen3-30B-A3B/snapshots/ad44e777bcd18fa416d9da3bd8f70d33ebb85d39,/lustre/fsw/coreai_dlalgo_llm/users/sna/hf_home/hub/models--RedHatAI--Qwen3-30B-A3B-Thinking-2507-speculator.eagle3/snapshots/a7ec796dd65236f1ecd4ed2958a7f0689e5da5cf,9.0,4.0,4.0,4.0,,,,,examples/configs/recipes/llm/performance/grpo-qwen3-30ba3b-4n4g.yaml,20260623_lyris_nemorl_eagerfalse_triton_mnbt32768_maxseq64_eagle3k7k9_wandbmetrics_step20_hffix,/lustre/fsw/coreai_dlalgo_llm/users/sna/RL-latest-main-canary-pr2879-20260621,/lustre/fsw/coreai_dlalgo_llm/users/sna/containers/nemo_rl_nightly.sqsh,/lustre/fsw/coreai_dlalgo_llm/users/sna/nemorl_reference_runs/20260623_lyris_nemorl_eagerfalse_triton_mnbt32768_maxseq64_eagle3k7k9_wandbmetrics_step20_hffix/logs/qwen30ba3b_sync_eagle3_k9,,docs/latest_lyris_nemorl_eagerfalse_triton_mnbt32768_maxseq64_eagle3k7k9_wandbmetrics_step20_hffix_20260623_jobs.csv,False,,triton,64.0,32768.0,,nemo-rl-perfcfg-specdec-lyris,qwen30ba3b_PerfCfg_sync_eagle3k9_wandbmetrics_20260623_lyris_nemorl_eagerfalse_triton_mnbt32768_maxseq64_eagle3k7k9_wandbmetrics_step20_hffix,,,,,,,,,,,,,,,,,,,,,,,,,,,,,,,,,,,,,,,,,,,,,SUBMITTED,,,,,eagle3_k9,Qwen3-30B-A3B,lyris,Lyris PerfCfg enforce_eager=false triton W&B matrix 2026-06-23,"performance recipe default plus latest-main+PR2879 topology-aware fix; enforce_eager=false, MoE backend=triton, max_num_seqs=64, max_num_batched_tokens=32768, W&B enabled",0.0,0/0,,,,,,,,,,not parsed,CG-on,False,unmatched_baseline,pre-july-canonical,docs/lyris_nemorl_perfcfg_specdec_combined_prejuly_20260701.csv,,,,submitted,,,,,,,,,,,,,,,,,,,False,,
2188674,qwen30ba3b,sync,eagle3,3.0,4096.0,default,1.0,1.0,-1.0,/lustre/fsw/coreai_dlalgo_llm/users/sna/hf_home/hub/models--Qwen--Qwen3-30B-A3B/snapshots/ad44e777bcd18fa416d9da3bd8f70d33ebb85d39,/lustre/fsw/coreai_dlalgo_llm/users/sna/hf_home/hub/models--RedHatAI--Qwen3-30B-A3B-Thinking-2507-speculator.eagle3/snapshots/a7ec796dd65236f1ecd4ed2958a7f0689e5da5cf,9.0,4.0,4.0,4.0,none,True,True,,examples/configs/recipes/llm/performance/grpo-qwen3-30ba3b-4n4g.yaml,20260623_lyris_nemorl_eagerfalse_wandb_specmetrics_smoke7_k9_readyvenv,/lustre/fsw/coreai_dlalgo_llm/users/sna/RL-latest-main-canary-pr2879-20260621,/lustre/fsw/coreai_dlalgo_llm/users/sna/containers/nemo_rl_nightly.sqsh,/lustre/fsw/coreai_dlalgo_llm/users/sna/nemorl_reference_runs/20260623_lyris_nemorl_eagerfalse_wandb_specmetrics_smoke7_k9_readyvenv/logs/qwen30ba3b_sync_eagle3,,docs/latest_lyris_nemorl_eagerfalse_wandb_specmetrics_smoke7_k9_readyvenv_20260623_jobs.csv,False,,triton,64.0,32768.0,True,nemo-rl-perfcfg-specdec-lyris,qwen30ba3b_PerfCfg_sync_eagle3_20260623_lyris_nemorl_eagerfalse_wandb_specmetrics_smoke7_k9_readyvenv,,,,,,,,,,,,,,,,,,,,,,,,,,,,,,,,,,,,,,,,,,,,,SUBMITTED,,,,,eagle3_k9,Qwen3-30B-A3B,lyris,Lyris PerfCfg enforce_eager=false triton W&B matrix 2026-06-23,"performance recipe default plus latest-main+PR2879 topology-aware fix; enforce_eager=false, MoE backend=triton, max_num_seqs=64, max_num_batched_tokens=32768, W&B enabled",0.0,0/0,,,,,,,,,,not parsed,CG-on,False,unmatched_baseline,pre-july-canonical,docs/lyris_nemorl_perfcfg_specdec_combined_prejuly_20260701.csv,,,,submitted,,,,,,,,,,,,,,,,,,,False,,
2191504,qwen30ba3b,sync,eagle3,20.0,4096.0,default,1.0,1.0,-1.0,/lustre/fsw/coreai_dlalgo_llm/users/sna/hf_home/hub/models--Qwen--Qwen3-30B-A3B/snapshots/ad44e777bcd18fa416d9da3bd8f70d33ebb85d39,/lustre/fsw/coreai_dlalgo_llm/users/sna/hf_home/hub/models--RedHatAI--Qwen3-30B-A3B-Thinking-2507-speculator.eagle3/snapshots/a7ec796dd65236f1ecd4ed2958a7f0689e5da5cf,9.0,4.0,4.0,4.0,none,True,True,,examples/configs/recipes/llm/performance/grpo-qwen3-30ba3b-4n4g.yaml,20260623_lyris_nemorl_perfcfg_cudagraph_off_eagertrue_wandb_best_positive_qwen30_sync,/lustre/fsw/coreai_dlalgo_llm/users/sna/RL-latest-main-canary-pr2879-20260621,/lustre/fsw/coreai_dlalgo_llm/users/sna/containers/nemo_rl_nightly.sqsh,/lustre/fsw/coreai_dlalgo_llm/users/sna/nemorl_reference_runs/20260623_lyris_nemorl_perfcfg_cudagraph_off_eagertrue_wandb_best_positive_qwen30_sync/logs/qwen30ba3b_sync_eagle3,,docs/latest_lyris_nemorl_cudagraphoff_wandb_best_qwen30_sync_20260623_jobs.csv,True,False,triton,,,True,nemo-rl-perfcfg-specdec-lyris,qwen30ba3b_PerfCfg_sync_eagle3_20260623_lyris_nemorl_perfcfg_cudagraph_off_eagertrue_wandb_best_positive_qwen30_sync,https://wandb.ai/nvidia/nemo-rl-perfcfg-specdec-lyris/runs/shd6n6iz,qwen30_sync_eagle3k9_eagertrue_live,step>=2,18.0,17.0,1.0,2.0,19.0,20.0,2-18,19.0,partial_usable,0.0,0.0,0.0,,79907782.0,250587184.0,31.888215799575768,tmp/lyris_20260623_current_logs/lustre/fsw/coreai_dlalgo_llm/users/sna/nemorl_reference_runs/20260623_lyris_nemorl_perfcfg_cudagraph_off_eagertrue_wandb_best_positive_qwen30_sync/logs/qwen30ba3b_sync_eagle3/2191504-logs/ray-driver.log,301.06882352941176,134.07411764705884,109.23647058823528,46.254705882352944,8.721176470588235,1362.949411764706,3066.5176470588235,3772.675882352941,8867.487647058824,3090.633288235294,,0.0018882352941176,0.5256941176470589,28.116171168513944,3.529262621549174,0.648117157384127,0.4940067113911735,0.3799297525153339,0.2930583068015072,0.2270840876871064,docs/lyris_20260623_current_plus_eagerfalse_summary_skip_step1.csv,,,,SUBMITTED,,,,,eagle3_k9,Qwen3-30B-A3B,lyris,Lyris PerfCfg CUDA-graph-disabled triton W&B matrix 2026-06-23,"performance recipe default plus latest-main+PR2879 topology-aware fix; enforce_eager=true (CUDA graph disabled), MoE backend=triton, W&B enabled",0.0,17/19,0.7530924754277764,0.8274488827900544,0.7529338931333668,0.8285550869693044,,,,,,steps 2-18 (17 metrics),CG-off,False,precomputed,pre-july-canonical,docs/lyris_nemorl_perfcfg_specdec_combined_prejuly_20260701.csv,,,,submitted,,,,,,,,,,,,,,,,,,,False,,
2182146,qwen30ba3b,sync,pard,20.0,4096.0,default,1.0,1.0,-1.0,/lustre/fsw/coreai_dlalgo_llm/users/sna/hf_home/hub/models--Qwen--Qwen3-30B-A3B/snapshots/ad44e777bcd18fa416d9da3bd8f70d33ebb85d39,/lustre/fsw/coreai_dlalgo_llm/users/sna/hf_home/hub/models--amd--PARD-Qwen3-0.6B/snapshots/34e73caf94c021c3d4b8bad86ebd3616850ab4fd,16.0,4.0,4.0,4.0,none,True,True,,examples/configs/recipes/llm/performance/grpo-qwen3-30ba3b-4n4g.yaml,20260622_lyris_nemorl_perfcfg_eagerfalse_triton_mnbt32768_maxseq64_core_step20_recipe_osl_temp1_wandb,/lustre/fsw/coreai_dlalgo_llm/users/sna/RL-latest-main-canary-pr2879-20260621,/lustre/fsw/coreai_dlalgo_llm/users/sna/containers/nemo_rl_nightly.sqsh,/lustre/fsw/coreai_dlalgo_llm/users/sna/nemorl_reference_runs/20260622_lyris_nemorl_perfcfg_eagerfalse_triton_mnbt32768_maxseq64_core_step20_recipe_osl_temp1_wandb/logs/qwen30ba3b_sync_pard,,docs/latest_lyris_nemorl_perfcfg_eagerfalse_triton_mnbt32768_maxseq64_core_step20_recipe_osl_temp1_wandb_20260622_jobs.csv,False,,triton,64.0,32768.0,True,nemo-rl-perfcfg-specdec-lyris,qwen30ba3b_PerfCfg_sync_pard_20260622_lyris_nemorl_perfcfg_eagerfalse_triton_mnbt32768_maxseq64_core_step20_recipe_osl_temp1_wandb,https://wandb.ai/nvidia/nemo-rl-perfcfg-specdec-lyris/runs/5yg0y4re,qwen30_sync_pardk16_eagerfalse,step>=2,19.0,19.0,0.0,2.0,20.0,20.0,2-20,,partial_usable,0.0,0.0,0.0,,83633723.0,662609456.0,12.621872845714414,tmp/lyris_20260623_current_logs/lustre/fsw/coreai_dlalgo_llm/users/sna/nemorl_reference_runs/20260622_lyris_nemorl_perfcfg_eagerfalse_triton_mnbt32768_maxseq64_core_step20_recipe_osl_temp1_wandb/logs/qwen30ba3b_sync_pard/2182146-logs/ray-driver.log,436.3152631578947,283.6689473684211,96.46368421052632,46.01947368421053,7.611578947368422,944.0973684210526,1464.235263157895,4266.153157894737,8916.365789473684,3093.929257894737,,0.0019052631578947,0.5239052631578948,11.898311850263726,2.9036404357924814,0.5689901290258996,0.3740838138955064,0.26388975048044,0.1925701841686178,0.1429479421666502,docs/lyris_20260623_current_plus_eagerfalse_summary_skip_step1.csv,,,,SUBMITTED,,,,,pard_k16,Qwen3-30B-A3B,lyris,Lyris PerfCfg enforce_eager=false triton W&B matrix 2026-06-22,"performance recipe default plus latest-main+PR2879 topology-aware fix; enforce_eager=false, MoE backend=triton, max_num_seqs=64, max_num_batched_tokens=32768, W&B enabled",0.0,19/20,0.3595950474956024,0.5731631020212011,0.3558688686404277,0.5717244532261198,,,,alternate source groups: Lyris PerfCfg enforce_eager=false triton W&B matrix 2026-06-22 | Lyris PerfCfg enforce_eager=false PARD diagnostics 2026-06-24,,steps 2-20 (19 metrics),CG-on,False,precomputed,pre-july-canonical,docs/lyris_nemorl_perfcfg_specdec_combined_prejuly_20260701.csv,,,,submitted,,,,,,,,,,,,,,,,,,,False,,
2194141,qwen30ba3b,sync,pard,20.0,4096.0,default,1.0,1.0,-1.0,/lustre/fsw/coreai_dlalgo_llm/users/sna/hf_home/hub/models--Qwen--Qwen3-30B-A3B/snapshots/ad44e777bcd18fa416d9da3bd8f70d33ebb85d39,/lustre/fsw/coreai_dlalgo_llm/users/sna/hf_home/hub/models--amd--PARD-Qwen3-0.6B/snapshots/34e73caf94c021c3d4b8bad86ebd3616850ab4fd,16.0,4.0,4.0,4.0,none,True,True,,examples/configs/recipes/llm/performance/grpo-qwen3-30ba3b-4n4g.yaml,20260623_lyris_nemorl_qwen30_qwen32_pardk16_eagerfalse_triton_mnbt32768_maxseq64_clean_rerun,/lustre/fsw/coreai_dlalgo_llm/users/sna/RL-latest-main-canary-pr2879-20260621,/lustre/fsw/coreai_dlalgo_llm/users/sna/containers/nemo_rl_nightly.sqsh,/lustre/fsw/coreai_dlalgo_llm/users/sna/nemorl_reference_runs/20260623_lyris_nemorl_qwen30_qwen32_pardk16_eagerfalse_triton_mnbt32768_maxseq64_clean_rerun/logs/qwen30ba3b_sync_pard,,docs/latest_lyris_nemorl_qwen30_qwen32_pardk16_eagerfalse_clean_rerun_20260623_jobs.csv,False,,triton,64.0,32768.0,True,nemo-rl-perfcfg-specdec-lyris,qwen30ba3b_PerfCfg_sync_pard_20260623_lyris_nemorl_qwen30_qwen32_pardk16_eagerfalse_triton_mnbt32768_maxseq64_clean_rerun,,,,,,,,,,,,,,,,,,,,,,,,,,,,,,,,,,,,,,,,,,,,,SUBMITTED,,,,,pard_k16,Qwen3-30B-A3B,lyris,Lyris PerfCfg enforce_eager=false triton W&B matrix 2026-06-23,"performance recipe default plus latest-main+PR2879 topology-aware fix; enforce_eager=false, MoE backend=triton, max_num_seqs=64, max_num_batched_tokens=32768, W&B enabled",0.0,0/0,,,,,,,,,,not parsed,CG-on,False,unmatched_baseline,pre-july-canonical,docs/lyris_nemorl_perfcfg_specdec_combined_prejuly_20260701.csv,,,,submitted,,,,,,,,,,,,,,,,,,,False,,
2182148,qwen30ba3b,sync,suffix,20.0,4096.0,default,1.0,1.0,-1.0,/lustre/fsw/coreai_dlalgo_llm/users/sna/hf_home/hub/models--Qwen--Qwen3-30B-A3B/snapshots/ad44e777bcd18fa416d9da3bd8f70d33ebb85d39,/lustre/fsw/coreai_dlalgo_llm/users/sna/hf_home/hub/models--Qwen--Qwen3-30B-A3B/snapshots/ad44e777bcd18fa416d9da3bd8f70d33ebb85d39,32.0,4.0,4.0,4.0,none,True,True,,examples/configs/recipes/llm/performance/grpo-qwen3-30ba3b-4n4g.yaml,20260622_lyris_nemorl_perfcfg_eagerfalse_triton_mnbt32768_maxseq64_core_step20_recipe_osl_temp1_wandb,/lustre/fsw/coreai_dlalgo_llm/users/sna/RL-latest-main-canary-pr2879-20260621,/lustre/fsw/coreai_dlalgo_llm/users/sna/containers/nemo_rl_nightly.sqsh,/lustre/fsw/coreai_dlalgo_llm/users/sna/nemorl_reference_runs/20260622_lyris_nemorl_perfcfg_eagerfalse_triton_mnbt32768_maxseq64_core_step20_recipe_osl_temp1_wandb/logs/qwen30ba3b_sync_suffix,,docs/latest_lyris_nemorl_perfcfg_eagerfalse_triton_mnbt32768_maxseq64_core_step20_recipe_osl_temp1_wandb_20260622_jobs.csv,False,,triton,64.0,32768.0,True,nemo-rl-perfcfg-specdec-lyris,qwen30ba3b_PerfCfg_sync_suffix_20260622_lyris_nemorl_perfcfg_eagerfalse_triton_mnbt32768_maxseq64_core_step20_recipe_osl_temp1_wandb,https://wandb.ai/nvidia/nemo-rl-perfcfg-specdec-lyris/runs/egbzz2wt,qwen30_sync_suffixk32_eagerfalse,step>=2,19.0,19.0,0.0,2.0,20.0,20.0,2-20,,partial_usable,0.0,0.0,0.0,,71688873.0,322899481.0,22.201606759473236,tmp/lyris_20260623_current_logs/lustre/fsw/coreai_dlalgo_llm/users/sna/nemorl_reference_runs/20260622_lyris_nemorl_perfcfg_eagerfalse_triton_mnbt32768_maxseq64_core_step20_recipe_osl_temp1_wandb/logs/qwen30ba3b_sync_suffix/2182148-logs/ray-driver.log,329.2215789473684,166.53315789473686,103.41368421052633,48.46526315789474,8.167368421052632,1240.6336842105263,2457.8484210526317,3950.912631578947,8433.521578947368,3081.066263157895,,0.0019052631578947,0.5217263157894737,25.345246400391694,2.3086242969968085,0.459421863139019,0.2742026148724945,0.17555103069092,0.11757280144613,0.0819139116335735,docs/lyris_20260623_current_plus_eagerfalse_summary_skip_step1.csv,,,,SUBMITTED,,,,,suffix_k32,Qwen3-30B-A3B,lyris,Lyris PerfCfg enforce_eager=false triton W&B matrix 2026-06-22,"performance recipe default plus latest-main+PR2879 topology-aware fix; enforce_eager=false, MoE backend=triton, max_num_seqs=64, max_num_batched_tokens=32768, W&B enabled",0.0,19/20,0.6036120983722718,0.7531907986390697,0.606179265706529,0.7577027789634561,,,,alternate source groups: Lyris PerfCfg enforce_eager=false triton W&B matrix 2026-06-22 | Lyris PerfCfg enforce_eager=false PARD diagnostics 2026-06-24,,steps 2-20 (19 metrics),CG-on,False,precomputed,pre-july-canonical,docs/lyris_nemorl_perfcfg_specdec_combined_prejuly_20260701.csv,,,,submitted,,,,,,,,,,,,,,,,,,,False,,
2191505,qwen30ba3b,sync,suffix,20.0,4096.0,default,1.0,1.0,-1.0,/lustre/fsw/coreai_dlalgo_llm/users/sna/hf_home/hub/models--Qwen--Qwen3-30B-A3B/snapshots/ad44e777bcd18fa416d9da3bd8f70d33ebb85d39,/lustre/fsw/coreai_dlalgo_llm/users/sna/hf_home/hub/models--Qwen--Qwen3-30B-A3B/snapshots/ad44e777bcd18fa416d9da3bd8f70d33ebb85d39,32.0,4.0,4.0,4.0,none,True,True,,examples/configs/recipes/llm/performance/grpo-qwen3-30ba3b-4n4g.yaml,20260623_lyris_nemorl_perfcfg_cudagraph_off_eagertrue_wandb_best_positive_qwen30_sync,/lustre/fsw/coreai_dlalgo_llm/users/sna/RL-latest-main-canary-pr2879-20260621,/lustre/fsw/coreai_dlalgo_llm/users/sna/containers/nemo_rl_nightly.sqsh,/lustre/fsw/coreai_dlalgo_llm/users/sna/nemorl_reference_runs/20260623_lyris_nemorl_perfcfg_cudagraph_off_eagertrue_wandb_best_positive_qwen30_sync/logs/qwen30ba3b_sync_suffix,,docs/latest_lyris_nemorl_cudagraphoff_wandb_best_qwen30_sync_20260623_jobs.csv,True,False,triton,,,True,nemo-rl-perfcfg-specdec-lyris,qwen30ba3b_PerfCfg_sync_suffix_20260623_lyris_nemorl_perfcfg_cudagraph_off_eagertrue_wandb_best_positive_qwen30_sync,,,,,,,,,,,,,,,,,,,,,,,,,,,,,,,,,,,,,,,,,,,,,SUBMITTED,,,,,suffix_k32,Qwen3-30B-A3B,lyris,Lyris PerfCfg CUDA-graph-disabled triton W&B matrix 2026-06-23,"performance recipe default plus latest-main+PR2879 topology-aware fix; enforce_eager=true (CUDA graph disabled), MoE backend=triton, W&B enabled",0.0,0/0,,,,,,,,,,not parsed,CG-off,False,unmatched_baseline,pre-july-canonical,docs/lyris_nemorl_perfcfg_specdec_combined_prejuly_20260701.csv,,,,submitted,,,,,,,,,,,,,,,,,,,False,,
2182157,qwen32,async1off,baseline,20.0,4096.0,default,1.0,1.0,-1.0,/lustre/fsw/coreai_dlalgo_llm/users/sna/hf_home/hub/models--Qwen--Qwen3-32B/snapshots/9216db5781bf21249d130ec9da846c4624c16137,/lustre/fsw/coreai_dlalgo_llm/users/sna/hf_home/hub/models--Qwen--Qwen3-32B/snapshots/9216db5781bf21249d130ec9da846c4624c16137,0.0,8.0,4.0,8.0,none,True,True,,examples/configs/recipes/llm/performance/grpo-qwen3-32b-8n4g-async-1off.yaml,20260622_lyris_nemorl_perfcfg_eagerfalse_triton_mnbt32768_maxseq64_core_step20_recipe_osl_temp1_wandb,/lustre/fsw/coreai_dlalgo_llm/users/sna/RL-latest-main-canary-pr2879-20260621,/lustre/fsw/coreai_dlalgo_llm/users/sna/containers/nemo_rl_nightly.sqsh,/lustre/fsw/coreai_dlalgo_llm/users/sna/nemorl_reference_runs/20260622_lyris_nemorl_perfcfg_eagerfalse_triton_mnbt32768_maxseq64_core_step20_recipe_osl_temp1_wandb/logs/qwen32_async1off_baseline,,docs/latest_lyris_nemorl_perfcfg_eagerfalse_triton_mnbt32768_maxseq64_core_step20_recipe_osl_temp1_wandb_20260622_jobs.csv,False,,triton,64.0,32768.0,True,nemo-rl-perfcfg-specdec-lyris,qwen32_PerfCfg_async1off_baseline_20260622_lyris_nemorl_perfcfg_eagerfalse_triton_mnbt32768_maxseq64_core_step20_recipe_osl_temp1_wandb,,,,,,,,,,,,,,,,,,,,,,,,,,,,,,,,,,,,,,,,,,,,,SUBMITTED,,,,,baseline,Qwen3-32B,lyris,Lyris PerfCfg enforce_eager=false triton W&B matrix 2026-06-22,"performance recipe default plus latest-main+PR2879 topology-aware fix; enforce_eager=false, MoE backend=triton, max_num_seqs=64, max_num_batched_tokens=32768, W&B enabled",0.0,0/0,,,,,,,,,,not parsed,CG-on,False,baseline,pre-july-canonical,docs/lyris_nemorl_perfcfg_specdec_combined_prejuly_20260701.csv,,,,submitted,,,,,,,,,,,,,,,,,,,False,,
2191513,qwen32,async1off,baseline,20.0,4096.0,default,1.0,1.0,-1.0,/lustre/fsw/coreai_dlalgo_llm/users/sna/hf_home/hub/models--Qwen--Qwen3-32B/snapshots/9216db5781bf21249d130ec9da846c4624c16137,/lustre/fsw/coreai_dlalgo_llm/users/sna/hf_home/hub/models--Qwen--Qwen3-32B/snapshots/9216db5781bf21249d130ec9da846c4624c16137,0.0,8.0,4.0,8.0,none,True,True,,examples/configs/recipes/llm/performance/grpo-qwen3-32b-8n4g-async-1off.yaml,20260623_lyris_nemorl_perfcfg_cudagraph_off_eagertrue_wandb_best_positive_qwen32_async,/lustre/fsw/coreai_dlalgo_llm/users/sna/RL-latest-main-canary-pr2879-20260621,/lustre/fsw/coreai_dlalgo_llm/users/sna/containers/nemo_rl_nightly.sqsh,/lustre/fsw/coreai_dlalgo_llm/users/sna/nemorl_reference_runs/20260623_lyris_nemorl_perfcfg_cudagraph_off_eagertrue_wandb_best_positive_qwen32_async/logs/qwen32_async1off_baseline,,docs/latest_lyris_nemorl_cudagraphoff_wandb_best_qwen32_async_20260623_jobs.csv,True,False,triton,,,True,nemo-rl-perfcfg-specdec-lyris,qwen32_PerfCfg_async1off_baseline_20260623_lyris_nemorl_perfcfg_cudagraph_off_eagertrue_wandb_best_positive_qwen32_async,https://wandb.ai/nvidia/nemo-rl-perfcfg-specdec-lyris/runs/h0a8bwb1,qwen32_async_baseline_eagertrue,step>=2,19.0,19.0,0.0,2.0,20.0,20.0,2-20,,partial_usable_with_errors,0.0,0.0,2.0,"[rank0]:[W623 16:34:59.970652546 ProcessGroupNCCL.cpp:1575] Warning: WARNING: destroy_process_group() was not called before program exit, which can leak resources. For more info, please see https://pytorch.org/docs/stable/distributed.html#shutdown (function operator()) [repeated 15x across cluster]",,,,tmp/lyris_20260623_current_logs/lustre/fsw/coreai_dlalgo_llm/users/sna/nemorl_reference_runs/20260623_lyris_nemorl_perfcfg_cudagraph_off_eagertrue_wandb_best_positive_qwen32_async/logs/qwen32_async1off_baseline/2191513-logs/ray-driver.log,243.0736842105263,,133.06947368421052,56.216842105263154,,889.9736842105264,1823.438947368421,3170.1768421052634,7483.839999999999,,,0.0009210526315789,0.524821052631579,,,,,,,,docs/lyris_20260623_current_plus_eagerfalse_summary_skip_step1.csv,,,,SUBMITTED,,,,,baseline,Qwen3-32B,lyris,Lyris PerfCfg CUDA-graph-disabled triton W&B matrix 2026-06-23,"performance recipe default plus latest-main+PR2879 topology-aware fix; enforce_eager=true (CUDA graph disabled), MoE backend=triton, W&B enabled",0.0,19/20,1.0,1.0,,1.0,,,,,,steps 2-20 (19 metrics),CG-off,False,baseline,pre-july-canonical,docs/lyris_nemorl_perfcfg_specdec_combined_prejuly_20260701.csv,,,,submitted,,,,,,,,,,,,,,,,,,,False,,
2191514,qwen32,async1off,eagle3,20.0,4096.0,default,1.0,1.0,-1.0,/lustre/fsw/coreai_dlalgo_llm/users/sna/hf_home/hub/models--Qwen--Qwen3-32B/snapshots/9216db5781bf21249d130ec9da846c4624c16137,/lustre/fsw/coreai_dlalgo_llm/users/sna/hf_home/hub/models--RedHatAI--Qwen3-32B-speculator.eagle3/snapshots/dc84fe7ff1db31efa824776f49c141fc8195eb47,3.0,8.0,4.0,8.0,none,True,True,,examples/configs/recipes/llm/performance/grpo-qwen3-32b-8n4g-async-1off.yaml,20260623_lyris_nemorl_perfcfg_cudagraph_off_eagertrue_wandb_best_positive_qwen32_async,/lustre/fsw/coreai_dlalgo_llm/users/sna/RL-latest-main-canary-pr2879-20260621,/lustre/fsw/coreai_dlalgo_llm/users/sna/containers/nemo_rl_nightly.sqsh,/lustre/fsw/coreai_dlalgo_llm/users/sna/nemorl_reference_runs/20260623_lyris_nemorl_perfcfg_cudagraph_off_eagertrue_wandb_best_positive_qwen32_async/logs/qwen32_async1off_eagle3,,docs/latest_lyris_nemorl_cudagraphoff_wandb_best_qwen32_async_20260623_jobs.csv,True,False,triton,,,True,nemo-rl-perfcfg-specdec-lyris,qwen32_PerfCfg_async1off_eagle3_20260623_lyris_nemorl_perfcfg_cudagraph_off_eagertrue_wandb_best_positive_qwen32_async,https://wandb.ai/nvidia/nemo-rl-perfcfg-specdec-lyris/runs/5gbqmceg,qwen32_async_eagle3k3_eagertrue,step>=2,19.0,19.0,0.0,2.0,20.0,20.0,2-20,,partial_usable_with_errors,0.0,0.0,2.0,"[rank0]:[W623 16:34:48.263552391 ProcessGroupNCCL.cpp:1575] Warning: WARNING: destroy_process_group() was not called before program exit, which can leak resources. For more info, please see https://pytorch.org/docs/stable/distributed.html#shutdown (function operator()) [repeated 15x across cluster]",,,,tmp/lyris_20260623_current_logs/lustre/fsw/coreai_dlalgo_llm/users/sna/nemorl_reference_runs/20260623_lyris_nemorl_perfcfg_cudagraph_off_eagertrue_wandb_best_positive_qwen32_async/logs/qwen32_async1off_eagle3/2191514-logs/ray-driver.log,178.1263157894737,,115.38105263157894,56.00684210526316,,1180.9,2425.682105263158,3645.7478947368418,7511.232105263158,,,0.0009210526315789,0.5251736842105263,,,,,,,,docs/lyris_20260623_current_plus_eagerfalse_summary_skip_step1.csv,,,,SUBMITTED,,,,,eagle3_k3,Qwen3-32B,lyris,Lyris PerfCfg CUDA-graph-disabled triton W&B matrix 2026-06-23,"performance recipe default plus latest-main+PR2879 topology-aware fix; enforce_eager=true (CUDA graph disabled), MoE backend=triton, W&B enabled",0.0,19/20,1.3302787618767775,1.326893166563175,,1.364614111807115,,,,,,steps 2-20 (19 metrics),CG-off,False,precomputed,pre-july-canonical,docs/lyris_nemorl_perfcfg_specdec_combined_prejuly_20260701.csv,,,,submitted,,,,,,,,,,,,,,,,,,,False,,
2182159,qwen32,async1off,eagle3,20.0,4096.0,default,1.0,1.0,-1.0,/lustre/fsw/coreai_dlalgo_llm/users/sna/hf_home/hub/models--Qwen--Qwen3-32B/snapshots/9216db5781bf21249d130ec9da846c4624c16137,/lustre/fsw/coreai_dlalgo_llm/users/sna/hf_home/hub/models--RedHatAI--Qwen3-32B-speculator.eagle3/snapshots/dc84fe7ff1db31efa824776f49c141fc8195eb47,5.0,8.0,4.0,8.0,none,True,True,,examples/configs/recipes/llm/performance/grpo-qwen3-32b-8n4g-async-1off.yaml,20260622_lyris_nemorl_perfcfg_eagerfalse_triton_mnbt32768_maxseq64_core_step20_recipe_osl_temp1_wandb,/lustre/fsw/coreai_dlalgo_llm/users/sna/RL-latest-main-canary-pr2879-20260621,/lustre/fsw/coreai_dlalgo_llm/users/sna/containers/nemo_rl_nightly.sqsh,/lustre/fsw/coreai_dlalgo_llm/users/sna/nemorl_reference_runs/20260622_lyris_nemorl_perfcfg_eagerfalse_triton_mnbt32768_maxseq64_core_step20_recipe_osl_temp1_wandb/logs/qwen32_async1off_eagle3,,docs/latest_lyris_nemorl_perfcfg_eagerfalse_triton_mnbt32768_maxseq64_core_step20_recipe_osl_temp1_wandb_20260622_jobs.csv,False,,triton,64.0,32768.0,True,nemo-rl-perfcfg-specdec-lyris,qwen32_PerfCfg_async1off_eagle3_20260622_lyris_nemorl_perfcfg_eagerfalse_triton_mnbt32768_maxseq64_core_step20_recipe_osl_temp1_wandb,,,,,,,,,,,,,,,,,,,,,,,,,,,,,,,,,,,,,,,,,,,,,SUBMITTED,,,,,eagle3_k5,Qwen3-32B,lyris,Lyris PerfCfg enforce_eager=false triton W&B matrix 2026-06-22,"performance recipe default plus latest-main+PR2879 topology-aware fix; enforce_eager=false, MoE backend=triton, max_num_seqs=64, max_num_batched_tokens=32768, W&B enabled",0.0,0/0,,,,,,,,,,not parsed,CG-on,False,unmatched_baseline,pre-july-canonical,docs/lyris_nemorl_perfcfg_specdec_combined_prejuly_20260701.csv,,,,submitted,,,,,,,,,,,,,,,,,,,False,,
2188272,qwen32,async1off,eagle3,20.0,4096.0,,1.0,1.0,,/lustre/fsw/coreai_dlalgo_llm/users/sna/hf_home/hub/models--Qwen--Qwen3-32B/snapshots/9216db5781bf21249d130ec9da846c4624c16137,/lustre/fsw/coreai_dlalgo_llm/users/sna/hf_home/hub/models--RedHatAI--Qwen3-32B-speculator.eagle3/snapshots/dc84fe7ff1db31efa824776f49c141fc8195eb47,7.0,8.0,4.0,8.0,,,,,examples/configs/recipes/llm/performance/grpo-qwen3-32b-8n4g-async-1off.yaml,20260623_lyris_nemorl_eagerfalse_triton_mnbt32768_maxseq64_eagle3k7k9_wandbmetrics_step20,/lustre/fsw/coreai_dlalgo_llm/users/sna/RL-latest-main-canary-pr2879-20260621,/lustre/fsw/coreai_dlalgo_llm/users/sna/containers/nemo_rl_nightly.sqsh,/lustre/fsw/coreai_dlalgo_llm/users/sna/nemorl_reference_runs/20260623_lyris_nemorl_eagerfalse_triton_mnbt32768_maxseq64_eagle3k7k9_wandbmetrics_step20/logs/qwen32_async1off_eagle3_k7,,docs/latest_lyris_nemorl_eagerfalse_triton_mnbt32768_maxseq64_eagle3k7k9_wandbmetrics_step20_20260623_jobs.csv,False,,triton,64.0,32768.0,,nemo-rl-perfcfg-specdec-lyris,qwen32_PerfCfg_async1off_eagle3k7_wandbmetrics_20260623_lyris_nemorl_eagerfalse_triton_mnbt32768_maxseq64_eagle3k7k9_wandbmetrics_step20,,,,,,,,,,,,,,,,,,,,,,,,,,,,,,,,,,,,,,,,,,,,,SUBMITTED,,,,,eagle3_k7,Qwen3-32B,lyris,Lyris PerfCfg enforce_eager=false triton W&B matrix 2026-06-23,"performance recipe default plus latest-main+PR2879 topology-aware fix; enforce_eager=false, MoE backend=triton, max_num_seqs=64, max_num_batched_tokens=32768, W&B enabled",0.0,0/0,,,,,,,,,,not parsed,CG-on,False,unmatched_baseline,pre-july-canonical,docs/lyris_nemorl_perfcfg_specdec_combined_prejuly_20260701.csv,,,,submitted,,,,,,,,,,,,,,,,,,,False,,
2188293,qwen32,async1off,eagle3,20.0,4096.0,,1.0,1.0,,/lustre/fsw/coreai_dlalgo_llm/users/sna/hf_home/hub/models--Qwen--Qwen3-32B/snapshots/9216db5781bf21249d130ec9da846c4624c16137,/lustre/fsw/coreai_dlalgo_llm/users/sna/hf_home/hub/models--RedHatAI--Qwen3-32B-speculator.eagle3/snapshots/dc84fe7ff1db31efa824776f49c141fc8195eb47,7.0,8.0,4.0,8.0,,,,,examples/configs/recipes/llm/performance/grpo-qwen3-32b-8n4g-async-1off.yaml,20260623_lyris_nemorl_eagerfalse_triton_mnbt32768_maxseq64_eagle3k7k9_wandbmetrics_step20_hffix,/lustre/fsw/coreai_dlalgo_llm/users/sna/RL-latest-main-canary-pr2879-20260621,/lustre/fsw/coreai_dlalgo_llm/users/sna/containers/nemo_rl_nightly.sqsh,/lustre/fsw/coreai_dlalgo_llm/users/sna/nemorl_reference_runs/20260623_lyris_nemorl_eagerfalse_triton_mnbt32768_maxseq64_eagle3k7k9_wandbmetrics_step20_hffix/logs/qwen32_async1off_eagle3_k7,,docs/latest_lyris_nemorl_eagerfalse_triton_mnbt32768_maxseq64_eagle3k7k9_wandbmetrics_step20_hffix_20260623_jobs.csv,False,,triton,64.0,32768.0,,nemo-rl-perfcfg-specdec-lyris,qwen32_PerfCfg_async1off_eagle3k7_wandbmetrics_20260623_lyris_nemorl_eagerfalse_triton_mnbt32768_maxseq64_eagle3k7k9_wandbmetrics_step20_hffix,,,,,,,,,,,,,,,,,,,,,,,,,,,,,,,,,,,,,,,,,,,,,SUBMITTED,,,,,eagle3_k7,Qwen3-32B,lyris,Lyris PerfCfg enforce_eager=false triton W&B matrix 2026-06-23,"performance recipe default plus latest-main+PR2879 topology-aware fix; enforce_eager=false, MoE backend=triton, max_num_seqs=64, max_num_batched_tokens=32768, W&B enabled",0.0,0/0,,,,,,,,,,not parsed,CG-on,False,unmatched_baseline,pre-july-canonical,docs/lyris_nemorl_perfcfg_specdec_combined_prejuly_20260701.csv,,,,submitted,,,,,,,,,,,,,,,,,,,False,,
2188681,qwen32,async1off,eagle3,20.0,4096.0,default,1.0,1.0,-1.0,/lustre/fsw/coreai_dlalgo_llm/users/sna/hf_home/hub/models--Qwen--Qwen3-32B/snapshots/9216db5781bf21249d130ec9da846c4624c16137,/lustre/fsw/coreai_dlalgo_llm/users/sna/hf_home/hub/models--RedHatAI--Qwen3-32B-speculator.eagle3/snapshots/dc84fe7ff1db31efa824776f49c141fc8195eb47,7.0,8.0,4.0,8.0,none,True,True,,examples/configs/recipes/llm/performance/grpo-qwen3-32b-8n4g-async-1off.yaml,20260623_lyris_nemorl_qwen32_async_eagle3k7_eagerfalse_step20_readyvenv,/lustre/fsw/coreai_dlalgo_llm/users/sna/RL-latest-main-canary-pr2879-20260621,/lustre/fsw/coreai_dlalgo_llm/users/sna/containers/nemo_rl_nightly.sqsh,/lustre/fsw/coreai_dlalgo_llm/users/sna/nemorl_reference_runs/20260623_lyris_nemorl_qwen32_async_eagle3k7_eagerfalse_step20_readyvenv/logs/qwen32_async1off_eagle3,,docs/latest_lyris_nemorl_qwen32_async_eagle3k7_eagerfalse_20260623_jobs.csv,False,,triton,64.0,32768.0,True,nemo-rl-perfcfg-specdec-lyris,qwen32_PerfCfg_async1off_eagle3_20260623_lyris_nemorl_qwen32_async_eagle3k7_eagerfalse_step20_readyvenv,https://wandb.ai/nvidia/nemo-rl-perfcfg-specdec-lyris/runs/iek8hu2z,qwen32_async_eagle3k7_eagerfalse,step>=2,19.0,19.0,0.0,2.0,20.0,20.0,2-20,,partial_usable_with_errors,0.0,0.0,2.0,"[rank0]:[W623 13:14:31.143064378 ProcessGroupNCCL.cpp:1575] Warning: WARNING: destroy_process_group() was not called before program exit, which can leak resources. For more info, please see https://pytorch.org/docs/stable/distributed.html#shutdown (function operator()) [repeated 15x across cluster]",,,,tmp/lyris_20260623_current_logs/lustre/fsw/coreai_dlalgo_llm/users/sna/nemorl_reference_runs/20260623_lyris_nemorl_qwen32_async_eagle3k7_eagerfalse_step20_readyvenv/logs/qwen32_async1off_eagle3/2188681-logs/ray-driver.log,188.31263157894736,,125.3078947368421,56.164736842105256,,1116.7584210526315,2297.7573684210524,3356.934210526316,7489.034210526315,,,0.0009947368421052,0.5245684210526317,,,,,,,,docs/lyris_20260623_current_plus_eagerfalse_summary_skip_step1.csv,,,,SUBMITTED,,,,,eagle3_k7,Qwen3-32B,lyris,Lyris PerfCfg enforce_eager=false triton W&B matrix 2026-06-23,"performance recipe default plus latest-main+PR2879 topology-aware fix; enforce_eager=false, MoE backend=triton, max_num_seqs=64, max_num_batched_tokens=32768, W&B enabled",0.0,19/20,,,,,,,,,,steps 2-20 (19 metrics),CG-on,False,unmatched_baseline,pre-july-canonical,docs/lyris_nemorl_perfcfg_specdec_combined_prejuly_20260701.csv,,,,submitted,,,,,,,,,,,,,,,,,,,False,,
2188276,qwen32,async1off,eagle3,20.0,4096.0,,1.0,1.0,,/lustre/fsw/coreai_dlalgo_llm/users/sna/hf_home/hub/models--Qwen--Qwen3-32B/snapshots/9216db5781bf21249d130ec9da846c4624c16137,/lustre/fsw/coreai_dlalgo_llm/users/sna/hf_home/hub/models--RedHatAI--Qwen3-32B-speculator.eagle3/snapshots/dc84fe7ff1db31efa824776f49c141fc8195eb47,9.0,8.0,4.0,8.0,,,,,examples/configs/recipes/llm/performance/grpo-qwen3-32b-8n4g-async-1off.yaml,20260623_lyris_nemorl_eagerfalse_triton_mnbt32768_maxseq64_eagle3k7k9_wandbmetrics_step20,/lustre/fsw/coreai_dlalgo_llm/users/sna/RL-latest-main-canary-pr2879-20260621,/lustre/fsw/coreai_dlalgo_llm/users/sna/containers/nemo_rl_nightly.sqsh,/lustre/fsw/coreai_dlalgo_llm/users/sna/nemorl_reference_runs/20260623_lyris_nemorl_eagerfalse_triton_mnbt32768_maxseq64_eagle3k7k9_wandbmetrics_step20/logs/qwen32_async1off_eagle3_k9,,docs/latest_lyris_nemorl_eagerfalse_triton_mnbt32768_maxseq64_eagle3k7k9_wandbmetrics_step20_20260623_jobs.csv,False,,triton,64.0,32768.0,,nemo-rl-perfcfg-specdec-lyris,qwen32_PerfCfg_async1off_eagle3k9_wandbmetrics_20260623_lyris_nemorl_eagerfalse_triton_mnbt32768_maxseq64_eagle3k7k9_wandbmetrics_step20,,,,,,,,,,,,,,,,,,,,,,,,,,,,,,,,,,,,,,,,,,,,,SUBMITTED,,,,,eagle3_k9,Qwen3-32B,lyris,Lyris PerfCfg enforce_eager=false triton W&B matrix 2026-06-23,"performance recipe default plus latest-main+PR2879 topology-aware fix; enforce_eager=false, MoE backend=triton, max_num_seqs=64, max_num_batched_tokens=32768, W&B enabled",0.0,0/0,,,,,,,,,,not parsed,CG-on,False,unmatched_baseline,pre-july-canonical,docs/lyris_nemorl_perfcfg_specdec_combined_prejuly_20260701.csv,,,,submitted,,,,,,,,,,,,,,,,,,,False,,
2188297,qwen32,async1off,eagle3,20.0,4096.0,,1.0,1.0,,/lustre/fsw/coreai_dlalgo_llm/users/sna/hf_home/hub/models--Qwen--Qwen3-32B/snapshots/9216db5781bf21249d130ec9da846c4624c16137,/lustre/fsw/coreai_dlalgo_llm/users/sna/hf_home/hub/models--RedHatAI--Qwen3-32B-speculator.eagle3/snapshots/dc84fe7ff1db31efa824776f49c141fc8195eb47,9.0,8.0,4.0,8.0,,,,,examples/configs/recipes/llm/performance/grpo-qwen3-32b-8n4g-async-1off.yaml,20260623_lyris_nemorl_eagerfalse_triton_mnbt32768_maxseq64_eagle3k7k9_wandbmetrics_step20_hffix,/lustre/fsw/coreai_dlalgo_llm/users/sna/RL-latest-main-canary-pr2879-20260621,/lustre/fsw/coreai_dlalgo_llm/users/sna/containers/nemo_rl_nightly.sqsh,/lustre/fsw/coreai_dlalgo_llm/users/sna/nemorl_reference_runs/20260623_lyris_nemorl_eagerfalse_triton_mnbt32768_maxseq64_eagle3k7k9_wandbmetrics_step20_hffix/logs/qwen32_async1off_eagle3_k9,,docs/latest_lyris_nemorl_eagerfalse_triton_mnbt32768_maxseq64_eagle3k7k9_wandbmetrics_step20_hffix_20260623_jobs.csv,False,,triton,64.0,32768.0,,nemo-rl-perfcfg-specdec-lyris,qwen32_PerfCfg_async1off_eagle3k9_wandbmetrics_20260623_lyris_nemorl_eagerfalse_triton_mnbt32768_maxseq64_eagle3k7k9_wandbmetrics_step20_hffix,,,,,,,,,,,,,,,,,,,,,,,,,,,,,,,,,,,,,,,,,,,,,SUBMITTED,,,,,eagle3_k9,Qwen3-32B,lyris,Lyris PerfCfg enforce_eager=false triton W&B matrix 2026-06-23,"performance recipe default plus latest-main+PR2879 topology-aware fix; enforce_eager=false, MoE backend=triton, max_num_seqs=64, max_num_batched_tokens=32768, W&B enabled",0.0,0/0,,,,,,,,,,not parsed,CG-on,False,unmatched_baseline,pre-july-canonical,docs/lyris_nemorl_perfcfg_specdec_combined_prejuly_20260701.csv,,,,submitted,,,,,,,,,,,,,,,,,,,False,,
2188682,qwen32,async1off,eagle3,20.0,4096.0,default,1.0,1.0,-1.0,/lustre/fsw/coreai_dlalgo_llm/users/sna/hf_home/hub/models--Qwen--Qwen3-32B/snapshots/9216db5781bf21249d130ec9da846c4624c16137,/lustre/fsw/coreai_dlalgo_llm/users/sna/hf_home/hub/models--RedHatAI--Qwen3-32B-speculator.eagle3/snapshots/dc84fe7ff1db31efa824776f49c141fc8195eb47,9.0,8.0,4.0,8.0,none,True,True,,examples/configs/recipes/llm/performance/grpo-qwen3-32b-8n4g-async-1off.yaml,20260623_lyris_nemorl_qwen32_async_eagle3k9_eagerfalse_step20_readyvenv,/lustre/fsw/coreai_dlalgo_llm/users/sna/RL-latest-main-canary-pr2879-20260621,/lustre/fsw/coreai_dlalgo_llm/users/sna/containers/nemo_rl_nightly.sqsh,/lustre/fsw/coreai_dlalgo_llm/users/sna/nemorl_reference_runs/20260623_lyris_nemorl_qwen32_async_eagle3k9_eagerfalse_step20_readyvenv/logs/qwen32_async1off_eagle3,,docs/latest_lyris_nemorl_qwen32_async_eagle3k9_eagerfalse_20260623_jobs.csv,False,,triton,64.0,32768.0,True,nemo-rl-perfcfg-specdec-lyris,qwen32_PerfCfg_async1off_eagle3_20260623_lyris_nemorl_qwen32_async_eagle3k9_eagerfalse_step20_readyvenv,https://wandb.ai/nvidia/nemo-rl-perfcfg-specdec-lyris/runs/4ig7pz6k,qwen32_async_eagle3k9_eagerfalse,step>=2,19.0,19.0,0.0,2.0,20.0,20.0,2-20,,partial_usable_with_errors,0.0,0.0,2.0,"[rank0]:[W623 13:24:55.849461900 ProcessGroupNCCL.cpp:1575] Warning: WARNING: destroy_process_group() was not called before program exit, which can leak resources. For more info, please see https://pytorch.org/docs/stable/distributed.html#shutdown (function operator()) [repeated 15x across cluster]",,,,tmp/lyris_20260623_current_logs/lustre/fsw/coreai_dlalgo_llm/users/sna/nemorl_reference_runs/20260623_lyris_nemorl_qwen32_async_eagle3k9_eagerfalse_step20_readyvenv/logs/qwen32_async1off_eagle3/2188682-logs/ray-driver.log,192.98631578947368,,114.76526315789474,57.40105263157894,,1102.3668421052632,2262.433157894737,3662.791052631579,7323.315789473684,,,0.0009947368421052,0.5266157894736841,,,,,,,,docs/lyris_20260623_current_plus_eagerfalse_summary_skip_step1.csv,,,,SUBMITTED,,,,,eagle3_k9,Qwen3-32B,lyris,Lyris PerfCfg enforce_eager=false triton W&B matrix 2026-06-23,"performance recipe default plus latest-main+PR2879 topology-aware fix; enforce_eager=false, MoE backend=triton, max_num_seqs=64, max_num_batched_tokens=32768, W&B enabled",0.0,19/20,,,,,,,,,,steps 2-20 (19 metrics),CG-on,False,unmatched_baseline,pre-july-canonical,docs/lyris_nemorl_perfcfg_specdec_combined_prejuly_20260701.csv,,,,submitted,,,,,,,,,,,,,,,,,,,False,,
2182158,qwen32,async1off,pard,20.0,4096.0,default,1.0,1.0,-1.0,/lustre/fsw/coreai_dlalgo_llm/users/sna/hf_home/hub/models--Qwen--Qwen3-32B/snapshots/9216db5781bf21249d130ec9da846c4624c16137,/lustre/fsw/coreai_dlalgo_llm/users/sna/hf_home/hub/models--amd--PARD-Qwen3-0.6B/snapshots/34e73caf94c021c3d4b8bad86ebd3616850ab4fd,16.0,8.0,4.0,8.0,none,True,True,,examples/configs/recipes/llm/performance/grpo-qwen3-32b-8n4g-async-1off.yaml,20260622_lyris_nemorl_perfcfg_eagerfalse_triton_mnbt32768_maxseq64_core_step20_recipe_osl_temp1_wandb,/lustre/fsw/coreai_dlalgo_llm/users/sna/RL-latest-main-canary-pr2879-20260621,/lustre/fsw/coreai_dlalgo_llm/users/sna/containers/nemo_rl_nightly.sqsh,/lustre/fsw/coreai_dlalgo_llm/users/sna/nemorl_reference_runs/20260622_lyris_nemorl_perfcfg_eagerfalse_triton_mnbt32768_maxseq64_core_step20_recipe_osl_temp1_wandb/logs/qwen32_async1off_pard,,docs/latest_lyris_nemorl_perfcfg_eagerfalse_triton_mnbt32768_maxseq64_core_step20_recipe_osl_temp1_wandb_20260622_jobs.csv,False,,triton,64.0,32768.0,True,nemo-rl-perfcfg-specdec-lyris,qwen32_PerfCfg_async1off_pard_20260622_lyris_nemorl_perfcfg_eagerfalse_triton_mnbt32768_maxseq64_core_step20_recipe_osl_temp1_wandb,,,,,,,,,,,,,,,,,,,,,,,,,,,,,,,,,,,,,,,,,,,,,SUBMITTED,,,,,pard_k16,Qwen3-32B,lyris,Lyris PerfCfg enforce_eager=false triton W&B matrix 2026-06-22,"performance recipe default plus latest-main+PR2879 topology-aware fix; enforce_eager=false, MoE backend=triton, max_num_seqs=64, max_num_batched_tokens=32768, W&B enabled",0.0,0/0,,,,,,,,,,not parsed,CG-on,False,unmatched_baseline,pre-july-canonical,docs/lyris_nemorl_perfcfg_specdec_combined_prejuly_20260701.csv,,,,submitted,,,,,,,,,,,,,,,,,,,False,,
2194146,qwen32,async1off,pard,20.0,4096.0,default,1.0,1.0,-1.0,/lustre/fsw/coreai_dlalgo_llm/users/sna/hf_home/hub/models--Qwen--Qwen3-32B/snapshots/9216db5781bf21249d130ec9da846c4624c16137,/lustre/fsw/coreai_dlalgo_llm/users/sna/hf_home/hub/models--amd--PARD-Qwen3-0.6B/snapshots/34e73caf94c021c3d4b8bad86ebd3616850ab4fd,16.0,8.0,4.0,8.0,none,True,True,,examples/configs/recipes/llm/performance/grpo-qwen3-32b-8n4g-async-1off.yaml,20260623_lyris_nemorl_qwen30_qwen32_pardk16_eagerfalse_triton_mnbt32768_maxseq64_clean_rerun,/lustre/fsw/coreai_dlalgo_llm/users/sna/RL-latest-main-canary-pr2879-20260621,/lustre/fsw/coreai_dlalgo_llm/users/sna/containers/nemo_rl_nightly.sqsh,/lustre/fsw/coreai_dlalgo_llm/users/sna/nemorl_reference_runs/20260623_lyris_nemorl_qwen30_qwen32_pardk16_eagerfalse_triton_mnbt32768_maxseq64_clean_rerun/logs/qwen32_async1off_pard,,docs/latest_lyris_nemorl_qwen30_qwen32_pardk16_eagerfalse_clean_rerun_20260623_jobs.csv,False,,triton,64.0,32768.0,True,nemo-rl-perfcfg-specdec-lyris,qwen32_PerfCfg_async1off_pard_20260623_lyris_nemorl_qwen30_qwen32_pardk16_eagerfalse_triton_mnbt32768_maxseq64_clean_rerun,,,,,,,,,,,,,,,,,,,,,,,,,,,,,,,,,,,,,,,,,,,,,SUBMITTED,,,,,pard_k16,Qwen3-32B,lyris,Lyris PerfCfg enforce_eager=false triton W&B matrix 2026-06-23,"performance recipe default plus latest-main+PR2879 topology-aware fix; enforce_eager=false, MoE backend=triton, max_num_seqs=64, max_num_batched_tokens=32768, W&B enabled",0.0,0/0,,,,,,,,,,not parsed,CG-on,False,unmatched_baseline,pre-july-canonical,docs/lyris_nemorl_perfcfg_specdec_combined_prejuly_20260701.csv,,,,submitted,,,,,,,,,,,,,,,,,,,False,,
2182160,qwen32,async1off,suffix,20.0,4096.0,default,1.0,1.0,-1.0,/lustre/fsw/coreai_dlalgo_llm/users/sna/hf_home/hub/models--Qwen--Qwen3-32B/snapshots/9216db5781bf21249d130ec9da846c4624c16137,/lustre/fsw/coreai_dlalgo_llm/users/sna/hf_home/hub/models--Qwen--Qwen3-32B/snapshots/9216db5781bf21249d130ec9da846c4624c16137,32.0,8.0,4.0,8.0,none,True,True,,examples/configs/recipes/llm/performance/grpo-qwen3-32b-8n4g-async-1off.yaml,20260622_lyris_nemorl_perfcfg_eagerfalse_triton_mnbt32768_maxseq64_core_step20_recipe_osl_temp1_wandb,/lustre/fsw/coreai_dlalgo_llm/users/sna/RL-latest-main-canary-pr2879-20260621,/lustre/fsw/coreai_dlalgo_llm/users/sna/containers/nemo_rl_nightly.sqsh,/lustre/fsw/coreai_dlalgo_llm/users/sna/nemorl_reference_runs/20260622_lyris_nemorl_perfcfg_eagerfalse_triton_mnbt32768_maxseq64_core_step20_recipe_osl_temp1_wandb/logs/qwen32_async1off_suffix,,docs/latest_lyris_nemorl_perfcfg_eagerfalse_triton_mnbt32768_maxseq64_core_step20_recipe_osl_temp1_wandb_20260622_jobs.csv,False,,triton,64.0,32768.0,True,nemo-rl-perfcfg-specdec-lyris,qwen32_PerfCfg_async1off_suffix_20260622_lyris_nemorl_perfcfg_eagerfalse_triton_mnbt32768_maxseq64_core_step20_recipe_osl_temp1_wandb,,,,,,,,,,,,,,,,,,,,,,,,,,,,,,,,,,,,,,,,,,,,,SUBMITTED,,,,,suffix_k32,Qwen3-32B,lyris,Lyris PerfCfg enforce_eager=false triton W&B matrix 2026-06-22,"performance recipe default plus latest-main+PR2879 topology-aware fix; enforce_eager=false, MoE backend=triton, max_num_seqs=64, max_num_batched_tokens=32768, W&B enabled",0.0,0/0,,,,,,,,,,not parsed,CG-on,False,unmatched_baseline,pre-july-canonical,docs/lyris_nemorl_perfcfg_specdec_combined_prejuly_20260701.csv,,,,submitted,,,,,,,,,,,,,,,,,,,False,,
2182153,qwen32,sync,baseline,20.0,4096.0,default,1.0,1.0,-1.0,/lustre/fsw/coreai_dlalgo_llm/users/sna/hf_home/hub/models--Qwen--Qwen3-32B/snapshots/9216db5781bf21249d130ec9da846c4624c16137,/lustre/fsw/coreai_dlalgo_llm/users/sna/hf_home/hub/models--Qwen--Qwen3-32B/snapshots/9216db5781bf21249d130ec9da846c4624c16137,0.0,4.0,4.0,4.0,none,True,True,,examples/configs/recipes/llm/performance/grpo-qwen3-32b-4n4g.yaml,20260622_lyris_nemorl_perfcfg_eagerfalse_triton_mnbt32768_maxseq64_core_step20_recipe_osl_temp1_wandb,/lustre/fsw/coreai_dlalgo_llm/users/sna/RL-latest-main-canary-pr2879-20260621,/lustre/fsw/coreai_dlalgo_llm/users/sna/containers/nemo_rl_nightly.sqsh,/lustre/fsw/coreai_dlalgo_llm/users/sna/nemorl_reference_runs/20260622_lyris_nemorl_perfcfg_eagerfalse_triton_mnbt32768_maxseq64_core_step20_recipe_osl_temp1_wandb/logs/qwen32_sync_baseline,,docs/latest_lyris_nemorl_perfcfg_eagerfalse_triton_mnbt32768_maxseq64_core_step20_recipe_osl_temp1_wandb_20260622_jobs.csv,False,,triton,64.0,32768.0,True,nemo-rl-perfcfg-specdec-lyris,qwen32_PerfCfg_sync_baseline_20260622_lyris_nemorl_perfcfg_eagerfalse_triton_mnbt32768_maxseq64_core_step20_recipe_osl_temp1_wandb,,,,,,,,,,,,,,,,,,,,,,,,,,,,,,,,,,,,,,,,,,,,,SUBMITTED,,,,,baseline,Qwen3-32B,lyris,Lyris PerfCfg enforce_eager=false triton W&B matrix 2026-06-22,"performance recipe default plus latest-main+PR2879 topology-aware fix; enforce_eager=false, MoE backend=triton, max_num_seqs=64, max_num_batched_tokens=32768, W&B enabled",0.0,0/0,,,,,,,,,,not parsed,CG-on,False,baseline,pre-july-canonical,docs/lyris_nemorl_perfcfg_specdec_combined_prejuly_20260701.csv,,,,submitted,,,,,,,,,,,,,,,,,,,False,,
2191508,qwen32,sync,baseline,20.0,4096.0,default,1.0,1.0,-1.0,/lustre/fsw/coreai_dlalgo_llm/users/sna/hf_home/hub/models--Qwen--Qwen3-32B/snapshots/9216db5781bf21249d130ec9da846c4624c16137,/lustre/fsw/coreai_dlalgo_llm/users/sna/hf_home/hub/models--Qwen--Qwen3-32B/snapshots/9216db5781bf21249d130ec9da846c4624c16137,0.0,4.0,4.0,4.0,none,True,True,,examples/configs/recipes/llm/performance/grpo-qwen3-32b-4n4g.yaml,20260623_lyris_nemorl_perfcfg_cudagraph_off_eagertrue_wandb_best_positive_qwen32_sync_baseline,/lustre/fsw/coreai_dlalgo_llm/users/sna/RL-latest-main-canary-pr2879-20260621,/lustre/fsw/coreai_dlalgo_llm/users/sna/containers/nemo_rl_nightly.sqsh,/lustre/fsw/coreai_dlalgo_llm/users/sna/nemorl_reference_runs/20260623_lyris_nemorl_perfcfg_cudagraph_off_eagertrue_wandb_best_positive_qwen32_sync_baseline/logs/qwen32_sync_baseline,,docs/latest_lyris_nemorl_cudagraphoff_wandb_best_qwen32_sync_baseline_20260623_jobs.csv,True,False,triton,,,True,nemo-rl-perfcfg-specdec-lyris,qwen32_PerfCfg_sync_baseline_20260623_lyris_nemorl_perfcfg_cudagraph_off_eagertrue_wandb_best_positive_qwen32_sync_baseline,,,,,,,,,,,,,,,,,,,,,,,,,,,,,,,,,,,,,,,,,,,,,SUBMITTED,,,,,baseline,Qwen3-32B,lyris,Lyris PerfCfg CUDA-graph-disabled triton W&B matrix 2026-06-23,"performance recipe default plus latest-main+PR2879 topology-aware fix; enforce_eager=true (CUDA graph disabled), MoE backend=triton, W&B enabled",0.0,0/0,,,,,,,,,,not parsed,CG-off,False,baseline,pre-july-canonical,docs/lyris_nemorl_perfcfg_specdec_combined_prejuly_20260701.csv,,,,submitted,,,,,,,,,,,,,,,,,,,False,,
2194191,qwen32,sync,baseline,2.0,4096.0,default,1.0,1.0,-1.0,/lustre/fsw/coreai_dlalgo_llm/users/sna/hf_home/hub/models--Qwen--Qwen3-32B/snapshots/9216db5781bf21249d130ec9da846c4624c16137,/lustre/fsw/coreai_dlalgo_llm/users/sna/hf_home/hub/models--Qwen--Qwen3-32B/snapshots/9216db5781bf21249d130ec9da846c4624c16137,0.0,4.0,4.0,4.0,none,True,True,,examples/configs/recipes/llm/performance/grpo-qwen3-32b-4n4g.yaml,20260623_lyris_nemorl_qwen32_sync_baseline_moe_backend_smoke_flashinfer_trtllm_step2,/lustre/fsw/coreai_dlalgo_llm/users/sna/RL-latest-main-canary-pr2879-20260621,/lustre/fsw/coreai_dlalgo_llm/users/sna/containers/nemo_rl_nightly.sqsh,/lustre/fsw/coreai_dlalgo_llm/users/sna/nemorl_reference_runs/20260623_lyris_nemorl_qwen32_sync_baseline_moe_backend_smoke_flashinfer_trtllm_step2/logs/qwen32_sync_baseline,,docs/latest_lyris_nemorl_qwen32_sync_baseline_moe_flashinfer_trtllm_smoke_20260623_jobs.csv,False,,flashinfer_trtllm,,,True,nemo-rl-perfcfg-specdec-lyris,qwen32_PerfCfg_sync_baseline_20260623_lyris_nemorl_qwen32_sync_baseline_moe_backend_smoke_flashinfer_trtllm_step2,,,,,,,,,,,,,,,,,,,,,,,,,,,,,,,,,,,,,,,,,,,,,SUBMITTED,,,,,baseline,Qwen3-32B,lyris,Lyris PerfCfg triton W&B matrix 2026-06-23 (CUDA Graph state unknown),"performance recipe default, latest main plus PR2879 topology-aware fix",0.0,0/0,,,,,,,,,,not parsed,CG-on,False,baseline,pre-july-canonical,docs/lyris_nemorl_perfcfg_specdec_combined_prejuly_20260701.csv,,,,submitted,,,,,,,,,,,,,,,,,,,False,,
2194192,qwen32,sync,baseline,2.0,4096.0,default,1.0,1.0,-1.0,/lustre/fsw/coreai_dlalgo_llm/users/sna/hf_home/hub/models--Qwen--Qwen3-32B/snapshots/9216db5781bf21249d130ec9da846c4624c16137,/lustre/fsw/coreai_dlalgo_llm/users/sna/hf_home/hub/models--Qwen--Qwen3-32B/snapshots/9216db5781bf21249d130ec9da846c4624c16137,0.0,4.0,4.0,4.0,none,True,True,,examples/configs/recipes/llm/performance/grpo-qwen3-32b-4n4g.yaml,20260623_lyris_nemorl_qwen32_sync_baseline_moe_backend_smoke_flashinfer_cutlass_step2,/lustre/fsw/coreai_dlalgo_llm/users/sna/RL-latest-main-canary-pr2879-20260621,/lustre/fsw/coreai_dlalgo_llm/users/sna/containers/nemo_rl_nightly.sqsh,/lustre/fsw/coreai_dlalgo_llm/users/sna/nemorl_reference_runs/20260623_lyris_nemorl_qwen32_sync_baseline_moe_backend_smoke_flashinfer_cutlass_step2/logs/qwen32_sync_baseline,,docs/latest_lyris_nemorl_qwen32_sync_baseline_moe_flashinfer_cutlass_smoke_20260623_jobs.csv,False,,flashinfer_cutlass,,,True,nemo-rl-perfcfg-specdec-lyris,qwen32_PerfCfg_sync_baseline_20260623_lyris_nemorl_qwen32_sync_baseline_moe_backend_smoke_flashinfer_cutlass_step2,,,,,,,,,,,,,,,,,,,,,,,,,,,,,,,,,,,,,,,,,,,,,SUBMITTED,,,,,baseline,Qwen3-32B,lyris,Lyris PerfCfg triton W&B matrix 2026-06-23 (CUDA Graph state unknown),"performance recipe default, latest main plus PR2879 topology-aware fix",0.0,0/0,,,,,,,,,,not parsed,CG-on,False,baseline,pre-july-canonical,docs/lyris_nemorl_perfcfg_specdec_combined_prejuly_20260701.csv,,,,submitted,,,,,,,,,,,,,,,,,,,False,,
2196026,qwen32,sync,baseline,20.0,4096.0,default,1.0,1.0,-1.0,/lustre/fsw/coreai_dlalgo_llm/users/sna/hf_home/hub/models--Qwen--Qwen3-32B/snapshots/9216db5781bf21249d130ec9da846c4624c16137,/lustre/fsw/coreai_dlalgo_llm/users/sna/hf_home/hub/models--Qwen--Qwen3-32B/snapshots/9216db5781bf21249d130ec9da846c4624c16137,0.0,4.0,4.0,4.0,none,True,True,,examples/configs/recipes/llm/performance/grpo-qwen3-32b-4n4g.yaml,20260623_lyris_nemorl_qwen32_sync_baseline_moe_backend_step20_triton,/lustre/fsw/coreai_dlalgo_llm/users/sna/RL-latest-main-canary-pr2879-20260621,/lustre/fsw/coreai_dlalgo_llm/users/sna/containers/nemo_rl_nightly.sqsh,/lustre/fsw/coreai_dlalgo_llm/users/sna/nemorl_reference_runs/20260623_lyris_nemorl_qwen32_sync_baseline_moe_backend_step20_triton/logs/qwen32_sync_baseline,,docs/latest_lyris_nemorl_qwen32_sync_baseline_moe_triton_step20_20260623_jobs.csv,False,,triton,,,True,nemo-rl-perfcfg-specdec-lyris,qwen32_PerfCfg_sync_baseline_20260623_lyris_nemorl_qwen32_sync_baseline_moe_backend_step20_triton,,,,,,,,,,,,,,,,,,,,,,,,,,,,,,,,,,,,,,,,,,,,,SUBMITTED,,,,,baseline,Qwen3-32B,lyris,Lyris PerfCfg triton W&B matrix 2026-06-23 (CUDA Graph state unknown),"performance recipe default, latest main plus PR2879 topology-aware fix",0.0,0/0,,,,,,,,,,not parsed,CG-on,False,baseline,pre-july-canonical,docs/lyris_nemorl_perfcfg_specdec_combined_prejuly_20260701.csv,,,,submitted,,,,,,,,,,,,,,,,,,,False,,
2196027,qwen32,sync,baseline,20.0,4096.0,default,1.0,1.0,-1.0,/lustre/fsw/coreai_dlalgo_llm/users/sna/hf_home/hub/models--Qwen--Qwen3-32B/snapshots/9216db5781bf21249d130ec9da846c4624c16137,/lustre/fsw/coreai_dlalgo_llm/users/sna/hf_home/hub/models--Qwen--Qwen3-32B/snapshots/9216db5781bf21249d130ec9da846c4624c16137,0.0,4.0,4.0,4.0,none,True,True,,examples/configs/recipes/llm/performance/grpo-qwen3-32b-4n4g.yaml,20260623_lyris_nemorl_qwen32_sync_baseline_moe_backend_step20_flashinfer_trtllm,/lustre/fsw/coreai_dlalgo_llm/users/sna/RL-latest-main-canary-pr2879-20260621,/lustre/fsw/coreai_dlalgo_llm/users/sna/containers/nemo_rl_nightly.sqsh,/lustre/fsw/coreai_dlalgo_llm/users/sna/nemorl_reference_runs/20260623_lyris_nemorl_qwen32_sync_baseline_moe_backend_step20_flashinfer_trtllm/logs/qwen32_sync_baseline,,docs/latest_lyris_nemorl_qwen32_sync_baseline_moe_flashinfer_trtllm_step20_20260623_jobs.csv,False,,flashinfer_trtllm,,,True,nemo-rl-perfcfg-specdec-lyris,qwen32_PerfCfg_sync_baseline_20260623_lyris_nemorl_qwen32_sync_baseline_moe_backend_step20_flashinfer_trtllm,,,,,,,,,,,,,,,,,,,,,,,,,,,,,,,,,,,,,,,,,,,,,SUBMITTED,,,,,baseline,Qwen3-32B,lyris,Lyris PerfCfg triton W&B matrix 2026-06-23 (CUDA Graph state unknown),"performance recipe default, latest main plus PR2879 topology-aware fix",0.0,0/0,,,,,,,,,,not parsed,CG-on,False,baseline,pre-july-canonical,docs/lyris_nemorl_perfcfg_specdec_combined_prejuly_20260701.csv,,,,submitted,,,,,,,,,,,,,,,,,,,False,,
2196029,qwen32,sync,baseline,20.0,4096.0,default,1.0,1.0,-1.0,/lustre/fsw/coreai_dlalgo_llm/users/sna/hf_home/hub/models--Qwen--Qwen3-32B/snapshots/9216db5781bf21249d130ec9da846c4624c16137,/lustre/fsw/coreai_dlalgo_llm/users/sna/hf_home/hub/models--Qwen--Qwen3-32B/snapshots/9216db5781bf21249d130ec9da846c4624c16137,0.0,4.0,4.0,4.0,none,True,True,,examples/configs/recipes/llm/performance/grpo-qwen3-32b-4n4g.yaml,20260623_lyris_nemorl_qwen32_sync_baseline_moe_backend_step20_flashinfer_cutlass,/lustre/fsw/coreai_dlalgo_llm/users/sna/RL-latest-main-canary-pr2879-20260621,/lustre/fsw/coreai_dlalgo_llm/users/sna/containers/nemo_rl_nightly.sqsh,/lustre/fsw/coreai_dlalgo_llm/users/sna/nemorl_reference_runs/20260623_lyris_nemorl_qwen32_sync_baseline_moe_backend_step20_flashinfer_cutlass/logs/qwen32_sync_baseline,,docs/latest_lyris_nemorl_qwen32_sync_baseline_moe_flashinfer_cutlass_step20_20260623_jobs.csv,False,,flashinfer_cutlass,,,True,nemo-rl-perfcfg-specdec-lyris,qwen32_PerfCfg_sync_baseline_20260623_lyris_nemorl_qwen32_sync_baseline_moe_backend_step20_flashinfer_cutlass,,,,,,,,,,,,,,,,,,,,,,,,,,,,,,,,,,,,,,,,,,,,,SUBMITTED,,,,,baseline,Qwen3-32B,lyris,Lyris PerfCfg triton W&B matrix 2026-06-23 (CUDA Graph state unknown),"performance recipe default, latest main plus PR2879 topology-aware fix",0.0,0/0,,,,,,,,,,not parsed,CG-on,False,baseline,pre-july-canonical,docs/lyris_nemorl_perfcfg_specdec_combined_prejuly_20260701.csv,,,,submitted,,,,,,,,,,,,,,,,,,,False,,
2182155,qwen32,sync,eagle3,20.0,4096.0,default,1.0,1.0,-1.0,/lustre/fsw/coreai_dlalgo_llm/users/sna/hf_home/hub/models--Qwen--Qwen3-32B/snapshots/9216db5781bf21249d130ec9da846c4624c16137,/lustre/fsw/coreai_dlalgo_llm/users/sna/hf_home/hub/models--RedHatAI--Qwen3-32B-speculator.eagle3/snapshots/dc84fe7ff1db31efa824776f49c141fc8195eb47,5.0,4.0,4.0,4.0,none,True,True,,examples/configs/recipes/llm/performance/grpo-qwen3-32b-4n4g.yaml,20260622_lyris_nemorl_perfcfg_eagerfalse_triton_mnbt32768_maxseq64_core_step20_recipe_osl_temp1_wandb,/lustre/fsw/coreai_dlalgo_llm/users/sna/RL-latest-main-canary-pr2879-20260621,/lustre/fsw/coreai_dlalgo_llm/users/sna/containers/nemo_rl_nightly.sqsh,/lustre/fsw/coreai_dlalgo_llm/users/sna/nemorl_reference_runs/20260622_lyris_nemorl_perfcfg_eagerfalse_triton_mnbt32768_maxseq64_core_step20_recipe_osl_temp1_wandb/logs/qwen32_sync_eagle3,,docs/latest_lyris_nemorl_perfcfg_eagerfalse_triton_mnbt32768_maxseq64_core_step20_recipe_osl_temp1_wandb_20260622_jobs.csv,False,,triton,64.0,32768.0,True,nemo-rl-perfcfg-specdec-lyris,qwen32_PerfCfg_sync_eagle3_20260622_lyris_nemorl_perfcfg_eagerfalse_triton_mnbt32768_maxseq64_core_step20_recipe_osl_temp1_wandb,,,,,,,,,,,,,,,,,,,,,,,,,,,,,,,,,,,,,,,,,,,,,SUBMITTED,,,,,eagle3_k5,Qwen3-32B,lyris,Lyris PerfCfg enforce_eager=false triton W&B matrix 2026-06-22,"performance recipe default plus latest-main+PR2879 topology-aware fix; enforce_eager=false, MoE backend=triton, max_num_seqs=64, max_num_batched_tokens=32768, W&B enabled",0.0,0/0,,,,,,,,,,not parsed,CG-on,False,unmatched_baseline,pre-july-canonical,docs/lyris_nemorl_perfcfg_specdec_combined_prejuly_20260701.csv,,,,submitted,,,,,,,,,,,,,,,,,,,False,,
2191509,qwen32,sync,eagle3,20.0,4096.0,default,1.0,1.0,-1.0,/lustre/fsw/coreai_dlalgo_llm/users/sna/hf_home/hub/models--Qwen--Qwen3-32B/snapshots/9216db5781bf21249d130ec9da846c4624c16137,/lustre/fsw/coreai_dlalgo_llm/users/sna/hf_home/hub/models--RedHatAI--Qwen3-32B-speculator.eagle3/snapshots/dc84fe7ff1db31efa824776f49c141fc8195eb47,5.0,4.0,4.0,4.0,none,True,True,,examples/configs/recipes/llm/performance/grpo-qwen3-32b-4n4g.yaml,20260623_lyris_nemorl_perfcfg_cudagraph_off_eagertrue_wandb_best_positive_qwen32_sync_eagle3k5,/lustre/fsw/coreai_dlalgo_llm/users/sna/RL-latest-main-canary-pr2879-20260621,/lustre/fsw/coreai_dlalgo_llm/users/sna/containers/nemo_rl_nightly.sqsh,/lustre/fsw/coreai_dlalgo_llm/users/sna/nemorl_reference_runs/20260623_lyris_nemorl_perfcfg_cudagraph_off_eagertrue_wandb_best_positive_qwen32_sync_eagle3k5/logs/qwen32_sync_eagle3,,docs/latest_lyris_nemorl_cudagraphoff_wandb_best_qwen32_sync_eagle3k5_20260623_jobs.csv,True,False,triton,,,True,nemo-rl-perfcfg-specdec-lyris,qwen32_PerfCfg_sync_eagle3_20260623_lyris_nemorl_perfcfg_cudagraph_off_eagertrue_wandb_best_positive_qwen32_sync_eagle3k5,https://wandb.ai/nvidia/nemo-rl-perfcfg-specdec-lyris/runs/8qese1bd,qwen32_sync_eagle3k5_eagertrue_live,step>=2,5.0,4.0,1.0,2.0,6.0,20.0,2-5,6.0,partial_usable,0.0,0.0,0.0,,15243461.0,48480305.0,31.44258477746788,tmp/lyris_20260623_current_logs/lustre/fsw/coreai_dlalgo_llm/users/sna/nemorl_reference_runs/20260623_lyris_nemorl_perfcfg_cudagraph_off_eagertrue_wandb_best_positive_qwen32_sync_eagle3k5/logs/qwen32_sync_eagle3/2191509-logs/ray-driver.log,417.225,206.2475,133.70749999999998,63.04,12.195,987.66,2009.4475,3075.4975,6529.8125,3095.6188,,0.00095,0.499,29.974437264754783,2.499228018984978,0.6291667664876948,0.389882526229912,0.2400772277848646,0.1477773410765991,0.0921148640808534,docs/lyris_20260623_current_plus_eagerfalse_summary_skip_step1.csv,,,,SUBMITTED,,,,,eagle3_k5,Qwen3-32B,lyris,Lyris PerfCfg CUDA-graph-disabled triton W&B matrix 2026-06-23,"performance recipe default plus latest-main+PR2879 topology-aware fix; enforce_eager=true (CUDA graph disabled), MoE backend=triton, W&B enabled",0.0,4/6,,,,,,,,,,steps 2-5 (4 metrics),CG-off,False,unmatched_baseline,pre-july-canonical,docs/lyris_nemorl_perfcfg_specdec_combined_prejuly_20260701.csv,,,,submitted,,,,,,,,,,,,,,,,,,,False,,
2193963,qwen32,sync,eagle3,20.0,4096.0,default,1.0,1.0,-1.0,/lustre/fsw/coreai_dlalgo_llm/users/sna/hf_home/hub/models--Qwen--Qwen3-32B/snapshots/9216db5781bf21249d130ec9da846c4624c16137,/lustre/fsw/coreai_dlalgo_llm/users/sna/hf_home/hub/models--RedHatAI--Qwen3-32B-speculator.eagle3/snapshots/dc84fe7ff1db31efa824776f49c141fc8195eb47,5.0,4.0,4.0,4.0,none,True,True,,examples/configs/recipes/llm/performance/grpo-qwen3-32b-4n4g.yaml,20260623_lyris_nemorl_qwen32_sync_eagle3k5_eagerfalse_triton_mnbt32768_maxseq64_step20_rerun,/lustre/fsw/coreai_dlalgo_llm/users/sna/RL-latest-main-canary-pr2879-20260621,/lustre/fsw/coreai_dlalgo_llm/users/sna/containers/nemo_rl_nightly.sqsh,/lustre/fsw/coreai_dlalgo_llm/users/sna/nemorl_reference_runs/20260623_lyris_nemorl_qwen32_sync_eagle3k5_eagerfalse_triton_mnbt32768_maxseq64_step20_rerun/logs/qwen32_sync_eagle3,,docs/latest_lyris_nemorl_qwen32_sync_eagle3k5_eagerfalse_rerun_20260623_jobs.csv,False,,triton,64.0,32768.0,True,nemo-rl-perfcfg-specdec-lyris,qwen32_PerfCfg_sync_eagle3_20260623_lyris_nemorl_qwen32_sync_eagle3k5_eagerfalse_triton_mnbt32768_maxseq64_step20_rerun,,,,,,,,,,,,,,,,,,,,,,,,,,,,,,,,,,,,,,,,,,,,,SUBMITTED,,,,,eagle3_k5,Qwen3-32B,lyris,Lyris PerfCfg enforce_eager=false triton W&B matrix 2026-06-23,"performance recipe default plus latest-main+PR2879 topology-aware fix; enforce_eager=false, MoE backend=triton, max_num_seqs=64, max_num_batched_tokens=32768, W&B enabled",0.0,0/0,,,,,,,,,,not parsed,CG-on,False,unmatched_baseline,pre-july-canonical,docs/lyris_nemorl_perfcfg_specdec_combined_prejuly_20260701.csv,,,,submitted,,,,,,,,,,,,,,,,,,,False,,
2188271,qwen32,sync,eagle3,20.0,4096.0,,1.0,1.0,,/lustre/fsw/coreai_dlalgo_llm/users/sna/hf_home/hub/models--Qwen--Qwen3-32B/snapshots/9216db5781bf21249d130ec9da846c4624c16137,/lustre/fsw/coreai_dlalgo_llm/users/sna/hf_home/hub/models--RedHatAI--Qwen3-32B-speculator.eagle3/snapshots/dc84fe7ff1db31efa824776f49c141fc8195eb47,7.0,4.0,4.0,4.0,,,,,examples/configs/recipes/llm/performance/grpo-qwen3-32b-4n4g.yaml,20260623_lyris_nemorl_eagerfalse_triton_mnbt32768_maxseq64_eagle3k7k9_wandbmetrics_step20,/lustre/fsw/coreai_dlalgo_llm/users/sna/RL-latest-main-canary-pr2879-20260621,/lustre/fsw/coreai_dlalgo_llm/users/sna/containers/nemo_rl_nightly.sqsh,/lustre/fsw/coreai_dlalgo_llm/users/sna/nemorl_reference_runs/20260623_lyris_nemorl_eagerfalse_triton_mnbt32768_maxseq64_eagle3k7k9_wandbmetrics_step20/logs/qwen32_sync_eagle3_k7,,docs/latest_lyris_nemorl_eagerfalse_triton_mnbt32768_maxseq64_eagle3k7k9_wandbmetrics_step20_20260623_jobs.csv,False,,triton,64.0,32768.0,,nemo-rl-perfcfg-specdec-lyris,qwen32_PerfCfg_sync_eagle3k7_wandbmetrics_20260623_lyris_nemorl_eagerfalse_triton_mnbt32768_maxseq64_eagle3k7k9_wandbmetrics_step20,,,,,,,,,,,,,,,,,,,,,,,,,,,,,,,,,,,,,,,,,,,,,SUBMITTED,,,,,eagle3_k7,Qwen3-32B,lyris,Lyris PerfCfg enforce_eager=false triton W&B matrix 2026-06-23,"performance recipe default plus latest-main+PR2879 topology-aware fix; enforce_eager=false, MoE backend=triton, max_num_seqs=64, max_num_batched_tokens=32768, W&B enabled",0.0,0/0,,,,,,,,,,not parsed,CG-on,False,unmatched_baseline,pre-july-canonical,docs/lyris_nemorl_perfcfg_specdec_combined_prejuly_20260701.csv,,,,submitted,,,,,,,,,,,,,,,,,,,False,,
2188292,qwen32,sync,eagle3,20.0,4096.0,,1.0,1.0,,/lustre/fsw/coreai_dlalgo_llm/users/sna/hf_home/hub/models--Qwen--Qwen3-32B/snapshots/9216db5781bf21249d130ec9da846c4624c16137,/lustre/fsw/coreai_dlalgo_llm/users/sna/hf_home/hub/models--RedHatAI--Qwen3-32B-speculator.eagle3/snapshots/dc84fe7ff1db31efa824776f49c141fc8195eb47,7.0,4.0,4.0,4.0,,,,,examples/configs/recipes/llm/performance/grpo-qwen3-32b-4n4g.yaml,20260623_lyris_nemorl_eagerfalse_triton_mnbt32768_maxseq64_eagle3k7k9_wandbmetrics_step20_hffix,/lustre/fsw/coreai_dlalgo_llm/users/sna/RL-latest-main-canary-pr2879-20260621,/lustre/fsw/coreai_dlalgo_llm/users/sna/containers/nemo_rl_nightly.sqsh,/lustre/fsw/coreai_dlalgo_llm/users/sna/nemorl_reference_runs/20260623_lyris_nemorl_eagerfalse_triton_mnbt32768_maxseq64_eagle3k7k9_wandbmetrics_step20_hffix/logs/qwen32_sync_eagle3_k7,,docs/latest_lyris_nemorl_eagerfalse_triton_mnbt32768_maxseq64_eagle3k7k9_wandbmetrics_step20_hffix_20260623_jobs.csv,False,,triton,64.0,32768.0,,nemo-rl-perfcfg-specdec-lyris,qwen32_PerfCfg_sync_eagle3k7_wandbmetrics_20260623_lyris_nemorl_eagerfalse_triton_mnbt32768_maxseq64_eagle3k7k9_wandbmetrics_step20_hffix,,,,,,,,,,,,,,,,,,,,,,,,,,,,,,,,,,,,,,,,,,,,,SUBMITTED,,,,,eagle3_k7,Qwen3-32B,lyris,Lyris PerfCfg enforce_eager=false triton W&B matrix 2026-06-23,"performance recipe default plus latest-main+PR2879 topology-aware fix; enforce_eager=false, MoE backend=triton, max_num_seqs=64, max_num_batched_tokens=32768, W&B enabled",0.0,0/0,,,,,,,,,,not parsed,CG-on,False,unmatched_baseline,pre-july-canonical,docs/lyris_nemorl_perfcfg_specdec_combined_prejuly_20260701.csv,,,,submitted,,,,,,,,,,,,,,,,,,,False,,
2191510,qwen32,sync,eagle3,20.0,4096.0,default,1.0,1.0,-1.0,/lustre/fsw/coreai_dlalgo_llm/users/sna/hf_home/hub/models--Qwen--Qwen3-32B/snapshots/9216db5781bf21249d130ec9da846c4624c16137,/lustre/fsw/coreai_dlalgo_llm/users/sna/hf_home/hub/models--RedHatAI--Qwen3-32B-speculator.eagle3/snapshots/dc84fe7ff1db31efa824776f49c141fc8195eb47,7.0,4.0,4.0,4.0,none,True,True,,examples/configs/recipes/llm/performance/grpo-qwen3-32b-4n4g.yaml,20260623_lyris_nemorl_perfcfg_cudagraph_off_eagertrue_wandb_best_positive_qwen32_sync_eagle3k7,/lustre/fsw/coreai_dlalgo_llm/users/sna/RL-latest-main-canary-pr2879-20260621,/lustre/fsw/coreai_dlalgo_llm/users/sna/containers/nemo_rl_nightly.sqsh,/lustre/fsw/coreai_dlalgo_llm/users/sna/nemorl_reference_runs/20260623_lyris_nemorl_perfcfg_cudagraph_off_eagertrue_wandb_best_positive_qwen32_sync_eagle3k7/logs/qwen32_sync_eagle3,,docs/latest_lyris_nemorl_cudagraphoff_wandb_best_qwen32_sync_eagle3k7_20260623_jobs.csv,True,False,triton,,,True,nemo-rl-perfcfg-specdec-lyris,qwen32_PerfCfg_sync_eagle3_20260623_lyris_nemorl_perfcfg_cudagraph_off_eagertrue_wandb_best_positive_qwen32_sync_eagle3k7,https://wandb.ai/nvidia/nemo-rl-perfcfg-specdec-lyris/runs/fraoa396,qwen32_sync_eagle3k7_eagertrue_live,step>=2,4.0,3.0,1.0,2.0,5.0,20.0,2-4,5.0,partial_usable,0.0,0.0,0.0,,11876467.0,53391352.0,22.244177296727756,tmp/lyris_20260623_current_logs/lustre/fsw/coreai_dlalgo_llm/users/sna/nemorl_reference_runs/20260623_lyris_nemorl_perfcfg_cudagraph_off_eagertrue_wandb_best_positive_qwen32_sync_eagle3k7/logs/qwen32_sync_eagle3/2191510-logs/ray-driver.log,401.85,195.6933333333333,129.95666666666668,61.57333333333333,12.25,1024.0733333333335,2108.396666666667,3165.5766666666664,6680.236666666667,3088.0916666666667,,0.0009666666666666,0.4864666666666666,21.356126835457363,2.4953226713565173,0.6048530138963857,0.367441252946995,0.2217999861466947,0.1349968161049742,0.0825386994618328,docs/lyris_20260623_current_plus_eagerfalse_summary_skip_step1.csv,,,,SUBMITTED,,,,,eagle3_k7,Qwen3-32B,lyris,Lyris PerfCfg CUDA-graph-disabled triton W&B matrix 2026-06-23,"performance recipe default plus latest-main+PR2879 topology-aware fix; enforce_eager=true (CUDA graph disabled), MoE backend=triton, W&B enabled",0.0,3/5,,,,,,,,,,steps 2-4 (3 metrics),CG-off,False,unmatched_baseline,pre-july-canonical,docs/lyris_nemorl_perfcfg_specdec_combined_prejuly_20260701.csv,,,,submitted,,,,,,,,,,,,,,,,,,,False,,
2193964,qwen32,sync,eagle3,20.0,4096.0,default,1.0,1.0,-1.0,/lustre/fsw/coreai_dlalgo_llm/users/sna/hf_home/hub/models--Qwen--Qwen3-32B/snapshots/9216db5781bf21249d130ec9da846c4624c16137,/lustre/fsw/coreai_dlalgo_llm/users/sna/hf_home/hub/models--RedHatAI--Qwen3-32B-speculator.eagle3/snapshots/dc84fe7ff1db31efa824776f49c141fc8195eb47,7.0,4.0,4.0,4.0,none,True,True,,examples/configs/recipes/llm/performance/grpo-qwen3-32b-4n4g.yaml,20260623_lyris_nemorl_qwen32_sync_eagle3k7_eagerfalse_triton_mnbt32768_maxseq64_step20_rerun,/lustre/fsw/coreai_dlalgo_llm/users/sna/RL-latest-main-canary-pr2879-20260621,/lustre/fsw/coreai_dlalgo_llm/users/sna/containers/nemo_rl_nightly.sqsh,/lustre/fsw/coreai_dlalgo_llm/users/sna/nemorl_reference_runs/20260623_lyris_nemorl_qwen32_sync_eagle3k7_eagerfalse_triton_mnbt32768_maxseq64_step20_rerun/logs/qwen32_sync_eagle3,,docs/latest_lyris_nemorl_qwen32_sync_eagle3k7_eagerfalse_rerun_20260623_jobs.csv,False,,triton,64.0,32768.0,True,nemo-rl-perfcfg-specdec-lyris,qwen32_PerfCfg_sync_eagle3_20260623_lyris_nemorl_qwen32_sync_eagle3k7_eagerfalse_triton_mnbt32768_maxseq64_step20_rerun,,,,,,,,,,,,,,,,,,,,,,,,,,,,,,,,,,,,,,,,,,,,,SUBMITTED,,,,,eagle3_k7,Qwen3-32B,lyris,Lyris PerfCfg enforce_eager=false triton W&B matrix 2026-06-23,"performance recipe default plus latest-main+PR2879 topology-aware fix; enforce_eager=false, MoE backend=triton, max_num_seqs=64, max_num_batched_tokens=32768, W&B enabled",0.0,0/0,,,,,,,,,,not parsed,CG-on,False,unmatched_baseline,pre-july-canonical,docs/lyris_nemorl_perfcfg_specdec_combined_prejuly_20260701.csv,,,,submitted,,,,,,,,,,,,,,,,,,,False,,
2188275,qwen32,sync,eagle3,20.0,4096.0,,1.0,1.0,,/lustre/fsw/coreai_dlalgo_llm/users/sna/hf_home/hub/models--Qwen--Qwen3-32B/snapshots/9216db5781bf21249d130ec9da846c4624c16137,/lustre/fsw/coreai_dlalgo_llm/users/sna/hf_home/hub/models--RedHatAI--Qwen3-32B-speculator.eagle3/snapshots/dc84fe7ff1db31efa824776f49c141fc8195eb47,9.0,4.0,4.0,4.0,,,,,examples/configs/recipes/llm/performance/grpo-qwen3-32b-4n4g.yaml,20260623_lyris_nemorl_eagerfalse_triton_mnbt32768_maxseq64_eagle3k7k9_wandbmetrics_step20,/lustre/fsw/coreai_dlalgo_llm/users/sna/RL-latest-main-canary-pr2879-20260621,/lustre/fsw/coreai_dlalgo_llm/users/sna/containers/nemo_rl_nightly.sqsh,/lustre/fsw/coreai_dlalgo_llm/users/sna/nemorl_reference_runs/20260623_lyris_nemorl_eagerfalse_triton_mnbt32768_maxseq64_eagle3k7k9_wandbmetrics_step20/logs/qwen32_sync_eagle3_k9,,docs/latest_lyris_nemorl_eagerfalse_triton_mnbt32768_maxseq64_eagle3k7k9_wandbmetrics_step20_20260623_jobs.csv,False,,triton,64.0,32768.0,,nemo-rl-perfcfg-specdec-lyris,qwen32_PerfCfg_sync_eagle3k9_wandbmetrics_20260623_lyris_nemorl_eagerfalse_triton_mnbt32768_maxseq64_eagle3k7k9_wandbmetrics_step20,,,,,,,,,,,,,,,,,,,,,,,,,,,,,,,,,,,,,,,,,,,,,SUBMITTED,,,,,eagle3_k9,Qwen3-32B,lyris,Lyris PerfCfg enforce_eager=false triton W&B matrix 2026-06-23,"performance recipe default plus latest-main+PR2879 topology-aware fix; enforce_eager=false, MoE backend=triton, max_num_seqs=64, max_num_batched_tokens=32768, W&B enabled",0.0,0/0,,,,,,,,,,not parsed,CG-on,False,unmatched_baseline,pre-july-canonical,docs/lyris_nemorl_perfcfg_specdec_combined_prejuly_20260701.csv,,,,submitted,,,,,,,,,,,,,,,,,,,False,,
2188296,qwen32,sync,eagle3,20.0,4096.0,,1.0,1.0,,/lustre/fsw/coreai_dlalgo_llm/users/sna/hf_home/hub/models--Qwen--Qwen3-32B/snapshots/9216db5781bf21249d130ec9da846c4624c16137,/lustre/fsw/coreai_dlalgo_llm/users/sna/hf_home/hub/models--RedHatAI--Qwen3-32B-speculator.eagle3/snapshots/dc84fe7ff1db31efa824776f49c141fc8195eb47,9.0,4.0,4.0,4.0,,,,,examples/configs/recipes/llm/performance/grpo-qwen3-32b-4n4g.yaml,20260623_lyris_nemorl_eagerfalse_triton_mnbt32768_maxseq64_eagle3k7k9_wandbmetrics_step20_hffix,/lustre/fsw/coreai_dlalgo_llm/users/sna/RL-latest-main-canary-pr2879-20260621,/lustre/fsw/coreai_dlalgo_llm/users/sna/containers/nemo_rl_nightly.sqsh,/lustre/fsw/coreai_dlalgo_llm/users/sna/nemorl_reference_runs/20260623_lyris_nemorl_eagerfalse_triton_mnbt32768_maxseq64_eagle3k7k9_wandbmetrics_step20_hffix/logs/qwen32_sync_eagle3_k9,,docs/latest_lyris_nemorl_eagerfalse_triton_mnbt32768_maxseq64_eagle3k7k9_wandbmetrics_step20_hffix_20260623_jobs.csv,False,,triton,64.0,32768.0,,nemo-rl-perfcfg-specdec-lyris,qwen32_PerfCfg_sync_eagle3k9_wandbmetrics_20260623_lyris_nemorl_eagerfalse_triton_mnbt32768_maxseq64_eagle3k7k9_wandbmetrics_step20_hffix,,,,,,,,,,,,,,,,,,,,,,,,,,,,,,,,,,,,,,,,,,,,,SUBMITTED,,,,,eagle3_k9,Qwen3-32B,lyris,Lyris PerfCfg enforce_eager=false triton W&B matrix 2026-06-23,"performance recipe default plus latest-main+PR2879 topology-aware fix; enforce_eager=false, MoE backend=triton, max_num_seqs=64, max_num_batched_tokens=32768, W&B enabled",0.0,0/0,,,,,,,,,,not parsed,CG-on,False,unmatched_baseline,pre-july-canonical,docs/lyris_nemorl_perfcfg_specdec_combined_prejuly_20260701.csv,,,,submitted,,,,,,,,,,,,,,,,,,,False,,
2191511,qwen32,sync,eagle3,20.0,4096.0,default,1.0,1.0,-1.0,/lustre/fsw/coreai_dlalgo_llm/users/sna/hf_home/hub/models--Qwen--Qwen3-32B/snapshots/9216db5781bf21249d130ec9da846c4624c16137,/lustre/fsw/coreai_dlalgo_llm/users/sna/hf_home/hub/models--RedHatAI--Qwen3-32B-speculator.eagle3/snapshots/dc84fe7ff1db31efa824776f49c141fc8195eb47,9.0,4.0,4.0,4.0,none,True,True,,examples/configs/recipes/llm/performance/grpo-qwen3-32b-4n4g.yaml,20260623_lyris_nemorl_perfcfg_cudagraph_off_eagertrue_wandb_best_positive_qwen32_sync_eagle3k9,/lustre/fsw/coreai_dlalgo_llm/users/sna/RL-latest-main-canary-pr2879-20260621,/lustre/fsw/coreai_dlalgo_llm/users/sna/containers/nemo_rl_nightly.sqsh,/lustre/fsw/coreai_dlalgo_llm/users/sna/nemorl_reference_runs/20260623_lyris_nemorl_perfcfg_cudagraph_off_eagertrue_wandb_best_positive_qwen32_sync_eagle3k9/logs/qwen32_sync_eagle3,,docs/latest_lyris_nemorl_cudagraphoff_wandb_best_qwen32_sync_eagle3k9_20260623_jobs.csv,True,False,triton,,,True,nemo-rl-perfcfg-specdec-lyris,qwen32_PerfCfg_sync_eagle3_20260623_lyris_nemorl_perfcfg_cudagraph_off_eagertrue_wandb_best_positive_qwen32_sync_eagle3k9,https://wandb.ai/nvidia/nemo-rl-perfcfg-specdec-lyris/runs/sb7xqyyz,qwen32_sync_eagle3k9_eagertrue_live,step>=2,4.0,3.0,1.0,2.0,5.0,20.0,2-4,5.0,partial_usable,0.0,0.0,0.0,,11561262.0,62537922.0,18.486802295733455,tmp/lyris_20260623_current_logs/lustre/fsw/coreai_dlalgo_llm/users/sna/nemorl_reference_runs/20260623_lyris_nemorl_perfcfg_cudagraph_off_eagertrue_wandb_best_positive_qwen32_sync_eagle3k9/logs/qwen32_sync_eagle3/2191511-logs/ray-driver.log,429.63000000000005,230.73666666666668,122.31666666666666,62.31,12.06,957.8966666666666,1784.9766666666667,3366.9266666666663,6618.133333333334,3091.1396333333337,,0.0009666666666666,0.4838666666666666,17.686209446002074,2.592423855233727,0.6204127488930467,0.3816780631196607,0.2332156540398082,0.1424841400696086,0.0879816131890681,docs/lyris_20260623_current_plus_eagerfalse_summary_skip_step1.csv,,,,SUBMITTED,,,,,eagle3_k9,Qwen3-32B,lyris,Lyris PerfCfg CUDA-graph-disabled triton W&B matrix 2026-06-23,"performance recipe default plus latest-main+PR2879 topology-aware fix; enforce_eager=true (CUDA graph disabled), MoE backend=triton, W&B enabled",0.0,3/5,,,,,,,,,,steps 2-4 (3 metrics),CG-off,False,unmatched_baseline,pre-july-canonical,docs/lyris_nemorl_perfcfg_specdec_combined_prejuly_20260701.csv,,,,submitted,,,,,,,,,,,,,,,,,,,False,,
2193965,qwen32,sync,eagle3,20.0,4096.0,default,1.0,1.0,-1.0,/lustre/fsw/coreai_dlalgo_llm/users/sna/hf_home/hub/models--Qwen--Qwen3-32B/snapshots/9216db5781bf21249d130ec9da846c4624c16137,/lustre/fsw/coreai_dlalgo_llm/users/sna/hf_home/hub/models--RedHatAI--Qwen3-32B-speculator.eagle3/snapshots/dc84fe7ff1db31efa824776f49c141fc8195eb47,9.0,4.0,4.0,4.0,none,True,True,,examples/configs/recipes/llm/performance/grpo-qwen3-32b-4n4g.yaml,20260623_lyris_nemorl_qwen32_sync_eagle3k9_eagerfalse_triton_mnbt32768_maxseq64_step20_rerun,/lustre/fsw/coreai_dlalgo_llm/users/sna/RL-latest-main-canary-pr2879-20260621,/lustre/fsw/coreai_dlalgo_llm/users/sna/containers/nemo_rl_nightly.sqsh,/lustre/fsw/coreai_dlalgo_llm/users/sna/nemorl_reference_runs/20260623_lyris_nemorl_qwen32_sync_eagle3k9_eagerfalse_triton_mnbt32768_maxseq64_step20_rerun/logs/qwen32_sync_eagle3,,docs/latest_lyris_nemorl_qwen32_sync_eagle3k9_eagerfalse_rerun_20260623_jobs.csv,False,,triton,64.0,32768.0,True,nemo-rl-perfcfg-specdec-lyris,qwen32_PerfCfg_sync_eagle3_20260623_lyris_nemorl_qwen32_sync_eagle3k9_eagerfalse_triton_mnbt32768_maxseq64_step20_rerun,,,,,,,,,,,,,,,,,,,,,,,,,,,,,,,,,,,,,,,,,,,,,SUBMITTED,,,,,eagle3_k9,Qwen3-32B,lyris,Lyris PerfCfg enforce_eager=false triton W&B matrix 2026-06-23,"performance recipe default plus latest-main+PR2879 topology-aware fix; enforce_eager=false, MoE backend=triton, max_num_seqs=64, max_num_batched_tokens=32768, W&B enabled",0.0,0/0,,,,,,,,,,not parsed,CG-on,False,unmatched_baseline,pre-july-canonical,docs/lyris_nemorl_perfcfg_specdec_combined_prejuly_20260701.csv,,,,submitted,,,,,,,,,,,,,,,,,,,False,,
2182154,qwen32,sync,pard,20.0,4096.0,default,1.0,1.0,-1.0,/lustre/fsw/coreai_dlalgo_llm/users/sna/hf_home/hub/models--Qwen--Qwen3-32B/snapshots/9216db5781bf21249d130ec9da846c4624c16137,/lustre/fsw/coreai_dlalgo_llm/users/sna/hf_home/hub/models--amd--PARD-Qwen3-0.6B/snapshots/34e73caf94c021c3d4b8bad86ebd3616850ab4fd,16.0,4.0,4.0,4.0,none,True,True,,examples/configs/recipes/llm/performance/grpo-qwen3-32b-4n4g.yaml,20260622_lyris_nemorl_perfcfg_eagerfalse_triton_mnbt32768_maxseq64_core_step20_recipe_osl_temp1_wandb,/lustre/fsw/coreai_dlalgo_llm/users/sna/RL-latest-main-canary-pr2879-20260621,/lustre/fsw/coreai_dlalgo_llm/users/sna/containers/nemo_rl_nightly.sqsh,/lustre/fsw/coreai_dlalgo_llm/users/sna/nemorl_reference_runs/20260622_lyris_nemorl_perfcfg_eagerfalse_triton_mnbt32768_maxseq64_core_step20_recipe_osl_temp1_wandb/logs/qwen32_sync_pard,,docs/latest_lyris_nemorl_perfcfg_eagerfalse_triton_mnbt32768_maxseq64_core_step20_recipe_osl_temp1_wandb_20260622_jobs.csv,False,,triton,64.0,32768.0,True,nemo-rl-perfcfg-specdec-lyris,qwen32_PerfCfg_sync_pard_20260622_lyris_nemorl_perfcfg_eagerfalse_triton_mnbt32768_maxseq64_core_step20_recipe_osl_temp1_wandb,,,,,,,,,,,,,,,,,,,,,,,,,,,,,,,,,,,,,,,,,,,,,SUBMITTED,,,,,pard_k16,Qwen3-32B,lyris,Lyris PerfCfg enforce_eager=false triton W&B matrix 2026-06-22,"performance recipe default plus latest-main+PR2879 topology-aware fix; enforce_eager=false, MoE backend=triton, max_num_seqs=64, max_num_batched_tokens=32768, W&B enabled",0.0,0/0,,,,,,,,,,not parsed,CG-on,False,unmatched_baseline,pre-july-canonical,docs/lyris_nemorl_perfcfg_specdec_combined_prejuly_20260701.csv,,,,submitted,,,,,,,,,,,,,,,,,,,False,,
2194145,qwen32,sync,pard,20.0,4096.0,default,1.0,1.0,-1.0,/lustre/fsw/coreai_dlalgo_llm/users/sna/hf_home/hub/models--Qwen--Qwen3-32B/snapshots/9216db5781bf21249d130ec9da846c4624c16137,/lustre/fsw/coreai_dlalgo_llm/users/sna/hf_home/hub/models--amd--PARD-Qwen3-0.6B/snapshots/34e73caf94c021c3d4b8bad86ebd3616850ab4fd,16.0,4.0,4.0,4.0,none,True,True,,examples/configs/recipes/llm/performance/grpo-qwen3-32b-4n4g.yaml,20260623_lyris_nemorl_qwen30_qwen32_pardk16_eagerfalse_triton_mnbt32768_maxseq64_clean_rerun,/lustre/fsw/coreai_dlalgo_llm/users/sna/RL-latest-main-canary-pr2879-20260621,/lustre/fsw/coreai_dlalgo_llm/users/sna/containers/nemo_rl_nightly.sqsh,/lustre/fsw/coreai_dlalgo_llm/users/sna/nemorl_reference_runs/20260623_lyris_nemorl_qwen30_qwen32_pardk16_eagerfalse_triton_mnbt32768_maxseq64_clean_rerun/logs/qwen32_sync_pard,,docs/latest_lyris_nemorl_qwen30_qwen32_pardk16_eagerfalse_clean_rerun_20260623_jobs.csv,False,,triton,64.0,32768.0,True,nemo-rl-perfcfg-specdec-lyris,qwen32_PerfCfg_sync_pard_20260623_lyris_nemorl_qwen30_qwen32_pardk16_eagerfalse_triton_mnbt32768_maxseq64_clean_rerun,,,,,,,,,,,,,,,,,,,,,,,,,,,,,,,,,,,,,,,,,,,,,SUBMITTED,,,,,pard_k16,Qwen3-32B,lyris,Lyris PerfCfg enforce_eager=false triton W&B matrix 2026-06-23,"performance recipe default plus latest-main+PR2879 topology-aware fix; enforce_eager=false, MoE backend=triton, max_num_seqs=64, max_num_batched_tokens=32768, W&B enabled",0.0,0/0,,,,,,,,,,not parsed,CG-on,False,unmatched_baseline,pre-july-canonical,docs/lyris_nemorl_perfcfg_specdec_combined_prejuly_20260701.csv,,,,submitted,,,,,,,,,,,,,,,,,,,False,,
2196571,qwen32,sync,pard,20.0,4096.0,default,1.0,1.0,-1.0,/lustre/fsw/coreai_dlalgo_llm/users/sna/hf_home/hub/models--Qwen--Qwen3-32B/snapshots/9216db5781bf21249d130ec9da846c4624c16137,/lustre/fsw/coreai_dlalgo_llm/users/sna/hf_home/hub/models--amd--PARD-Qwen3-0.6B/snapshots/34e73caf94c021c3d4b8bad86ebd3616850ab4fd,16.0,4.0,4.0,4.0,none,True,True,,examples/configs/recipes/llm/performance/grpo-qwen3-32b-4n4g.yaml,20260624_lyris_nemorl_qwen32_sync_pardk16_drafttp1_eagerfalse_triton_mnbt32768_maxseq64_retry,/lustre/fsw/coreai_dlalgo_llm/users/sna/RL-latest-main-canary-pr2879-20260621,/lustre/fsw/coreai_dlalgo_llm/users/sna/containers/nemo_rl_nightly.sqsh,/lustre/fsw/coreai_dlalgo_llm/users/sna/nemorl_reference_runs/20260624_lyris_nemorl_qwen32_sync_pardk16_drafttp1_eagerfalse_triton_mnbt32768_maxseq64_retry/logs/qwen32_sync_pard,,docs/latest_lyris_nemorl_qwen32_sync_pardk16_drafttp1_eagerfalse_retry_20260624_jobs.csv,False,,triton,64.0,32768.0,True,nemo-rl-perfcfg-specdec-lyris,qwen32_PerfCfg_sync_pard_20260624_lyris_nemorl_qwen32_sync_pardk16_drafttp1_eagerfalse_triton_mnbt32768_maxseq64_retry,,,,,,,,,,,,,,,,,,,,,,,,,,,,,,,,,,,,,,,,,,,,,SUBMITTED,,,,,pard_k16,Qwen3-32B,lyris,Lyris PerfCfg enforce_eager=false PARD diagnostics 2026-06-24,"performance recipe default plus latest-main+PR2879 topology-aware fix; enforce_eager=false, MoE backend=triton, max_num_seqs=64, max_num_batched_tokens=32760/32768; PARD diagnostic sweep",0.0,0/0,,,,,,,,,,not parsed,CG-on,False,unmatched_baseline,pre-july-canonical,docs/lyris_nemorl_perfcfg_specdec_combined_prejuly_20260701.csv,,,,submitted,,,,,,,,,,,,,,,,,,,False,,
2199749,qwen32,sync,pard,20.0,4096.0,default,1.0,1.0,-1.0,/lustre/fsw/coreai_dlalgo_llm/users/sna/hf_home/hub/models--Qwen--Qwen3-32B/snapshots/9216db5781bf21249d130ec9da846c4624c16137,/lustre/fsw/coreai_dlalgo_llm/users/sna/hf_home/hub/models--amd--PARD-Qwen3-0.6B/snapshots/34e73caf94c021c3d4b8bad86ebd3616850ab4fd,16.0,4.0,4.0,4.0,none,True,True,,examples/configs/recipes/llm/performance/grpo-qwen3-32b-4n4g.yaml,20260624_lyris_nemorl_qwen32_sync_pardk16_drafttp1_targettp1_eagerfalse_triton_mnbt32760_maxseq64_step20,/lustre/fsw/coreai_dlalgo_llm/users/sna/RL-latest-main-canary-pr2879-20260621,/lustre/fsw/coreai_dlalgo_llm/users/sna/containers/nemo_rl_nightly.sqsh,/lustre/fsw/coreai_dlalgo_llm/users/sna/nemorl_reference_runs/20260624_lyris_nemorl_qwen32_sync_pardk16_drafttp1_targettp1_eagerfalse_triton_mnbt32760_maxseq64_step20/logs/qwen32_sync_pard,,docs/latest_lyris_nemorl_qwen32_sync_pardk16_drafttp1_targettp1_eagerfalse_step20_20260624_jobs.csv,False,,triton,64.0,32760.0,True,nemo-rl-perfcfg-specdec-lyris,qwen32_PerfCfg_sync_pard_20260624_lyris_nemorl_qwen32_sync_pardk16_drafttp1_targettp1_eagerfalse_triton_mnbt32760_maxseq64_step20,,,,,,,,,,,,,,,,,,,,,,,,,,,,,,,,,,,,,,,,,,,,,SUBMITTED,,,,,pard_k16,Qwen3-32B,lyris,Lyris PerfCfg enforce_eager=false PARD diagnostics 2026-06-24,"performance recipe default plus latest-main+PR2879 topology-aware fix; enforce_eager=false, MoE backend=triton, max_num_seqs=64, max_num_batched_tokens=32760/32768; PARD diagnostic sweep",0.0,0/0,,,,,,,,,,not parsed,CG-on,False,unmatched_baseline,pre-july-canonical,docs/lyris_nemorl_perfcfg_specdec_combined_prejuly_20260701.csv,,,,submitted,,,,,,,,,,,,,,,,,,,False,,
2200701,qwen32,sync,pard,5.0,4096.0,default,1.0,1.0,-1.0,/lustre/fsw/coreai_dlalgo_llm/users/sna/hf_home/hub/models--Qwen--Qwen3-32B/snapshots/9216db5781bf21249d130ec9da846c4624c16137,/lustre/fsw/coreai_dlalgo_llm/users/sna/hf_home/hub/models--amd--PARD-Qwen3-0.6B/snapshots/34e73caf94c021c3d4b8bad86ebd3616850ab4fd,16.0,4.0,4.0,4.0,none,True,True,,examples/configs/recipes/llm/performance/grpo-qwen3-32b-4n4g.yaml,20260624_lyris_nemorl_qwen32_sync_pardk16_drafttp1_targettp1_eagerfalse_cginitpatch_smoke5,/lustre/fsw/coreai_dlalgo_llm/users/sna/RL-latest-main-canary-pr2879-20260621,/lustre/fsw/coreai_dlalgo_llm/users/sna/containers/nemo_rl_nightly.sqsh,/lustre/fsw/coreai_dlalgo_llm/users/sna/nemorl_reference_runs/20260624_lyris_nemorl_qwen32_sync_pardk16_drafttp1_targettp1_eagerfalse_cginitpatch_smoke5/logs/qwen32_sync_pard,,docs/latest_lyris_nemorl_qwen32_sync_pardk16_drafttp1_targettp1_eagerfalse_cginitpatch_smoke5_20260624_jobs.csv,False,,triton,64.0,32760.0,True,nemo-rl-perfcfg-specdec-lyris,qwen32_PerfCfg_sync_pard_20260624_lyris_nemorl_qwen32_sync_pardk16_drafttp1_targettp1_eagerfalse_cginitpatch_smoke5,,,,,,,,,,,,,,,,,,,,,,,,,,,,,,,,,,,,,,,,,,,,,SUBMITTED,,,,,pard_k16,Qwen3-32B,lyris,Lyris PerfCfg enforce_eager=false PARD diagnostics 2026-06-24,"performance recipe default plus latest-main+PR2879 topology-aware fix; enforce_eager=false, MoE backend=triton, max_num_seqs=64, max_num_batched_tokens=32760/32768; PARD diagnostic sweep",0.0,0/0,,,,,,,,,,not parsed,CG-on,False,unmatched_baseline,pre-july-canonical,docs/lyris_nemorl_perfcfg_specdec_combined_prejuly_20260701.csv,,,,submitted,,,,,,,,,,,,,,,,,,,False,,
2201111,qwen32,sync,pard,5.0,4096.0,default,1.0,1.0,-1.0,/lustre/fsw/coreai_dlalgo_llm/users/sna/hf_home/hub/models--Qwen--Qwen3-32B/snapshots/9216db5781bf21249d130ec9da846c4624c16137,/lustre/fsw/coreai_dlalgo_llm/users/sna/hf_home/hub/models--amd--PARD-Qwen3-0.6B/snapshots/34e73caf94c021c3d4b8bad86ebd3616850ab4fd,16.0,4.0,4.0,4.0,none,True,True,,examples/configs/recipes/llm/performance/grpo-qwen3-32b-4n4g.yaml,20260624_lyris_nemorl_qwen32_sync_pardk16_originaltp_eagerfalse_cginitpatch_smoke5,/lustre/fsw/coreai_dlalgo_llm/users/sna/RL-latest-main-canary-pr2879-20260621,/lustre/fsw/coreai_dlalgo_llm/users/sna/containers/nemo_rl_nightly.sqsh,/lustre/fsw/coreai_dlalgo_llm/users/sna/nemorl_reference_runs/20260624_lyris_nemorl_qwen32_sync_pardk16_originaltp_eagerfalse_cginitpatch_smoke5/logs/qwen32_sync_pard,,docs/latest_lyris_nemorl_qwen32_sync_pardk16_originaltp_eagerfalse_cginitpatch_smoke5_20260624_jobs.csv,False,,triton,64.0,32760.0,True,nemo-rl-perfcfg-specdec-lyris,qwen32_PerfCfg_sync_pard_20260624_lyris_nemorl_qwen32_sync_pardk16_originaltp_eagerfalse_cginitpatch_smoke5,,,,,,,,,,,,,,,,,,,,,,,,,,,,,,,,,,,,,,,,,,,,,SUBMITTED,,,,,pard_k16,Qwen3-32B,lyris,Lyris PerfCfg enforce_eager=false PARD diagnostics 2026-06-24,"performance recipe default plus latest-main+PR2879 topology-aware fix; enforce_eager=false, MoE backend=triton, max_num_seqs=64, max_num_batched_tokens=32760/32768; PARD diagnostic sweep",0.0,0/0,,,,,,,,,,not parsed,CG-on,False,unmatched_baseline,pre-july-canonical,docs/lyris_nemorl_perfcfg_specdec_combined_prejuly_20260701.csv,,,,submitted,,,,,,,,,,,,,,,,,,,False,,
2204607,qwen32,sync,pard,5.0,4096.0,default,1.0,1.0,-1.0,/lustre/fsw/coreai_dlalgo_llm/users/sna/hf_home/hub/models--Qwen--Qwen3-32B/snapshots/9216db5781bf21249d130ec9da846c4624c16137,/lustre/fsw/coreai_dlalgo_llm/users/sna/hf_home/hub/models--amd--PARD-Qwen3-0.6B/snapshots/34e73caf94c021c3d4b8bad86ebd3616850ab4fd,16.0,4.0,4.0,4.0,none,True,True,,examples/configs/recipes/llm/performance/grpo-qwen3-32b-4n4g.yaml,20260624_lyris_nemorl_qwen32_sync_pardk16_originaltp_eagerfalse_systempy_smoke5,/lustre/fsw/coreai_dlalgo_llm/users/sna/RL-latest-main-canary-pr2879-20260621,/lustre/fsw/coreai_dlalgo_llm/users/sna/containers/nemo_rl_nightly.sqsh,/lustre/fsw/coreai_dlalgo_llm/users/sna/nemorl_reference_runs/20260624_lyris_nemorl_qwen32_sync_pardk16_originaltp_eagerfalse_systempy_smoke5/logs/qwen32_sync_pard,,docs/latest_lyris_nemorl_qwen32_sync_pardk16_originaltp_eagerfalse_systempy_smoke5_20260624_jobs.csv,False,,triton,64.0,32760.0,True,nemo-rl-perfcfg-specdec-lyris,qwen32_PerfCfg_sync_pard_20260624_lyris_nemorl_qwen32_sync_pardk16_originaltp_eagerfalse_systempy_smoke5,,,,,,,,,,,,,,,,,,,,,,,,,,,,,,,,,,,,,,,,,,,,,SUBMITTED,,,,,pard_k16,Qwen3-32B,lyris,Lyris PerfCfg enforce_eager=false PARD diagnostics 2026-06-24,"performance recipe default plus latest-main+PR2879 topology-aware fix; enforce_eager=false, MoE backend=triton, max_num_seqs=64, max_num_batched_tokens=32760/32768; PARD diagnostic sweep",0.0,0/0,,,,,,,,,,not parsed,CG-on,False,unmatched_baseline,pre-july-canonical,docs/lyris_nemorl_perfcfg_specdec_combined_prejuly_20260701.csv,,,,submitted,,,,,,,,,,,,,,,,,,,False,,
2204608,qwen32,sync,pard,5.0,4096.0,default,1.0,1.0,-1.0,/lustre/fsw/coreai_dlalgo_llm/users/sna/hf_home/hub/models--Qwen--Qwen3-32B/snapshots/9216db5781bf21249d130ec9da846c4624c16137,/lustre/fsw/coreai_dlalgo_llm/users/sna/hf_home/hub/models--amd--PARD-Qwen3-0.6B/snapshots/34e73caf94c021c3d4b8bad86ebd3616850ab4fd,16.0,4.0,4.0,4.0,none,True,True,,examples/configs/recipes/llm/performance/grpo-qwen3-32b-4n4g.yaml,20260624_lyris_nemorl_qwen32_sync_pardk16_drafttp1_targettp1_eagerfalse_systempy_smoke5,/lustre/fsw/coreai_dlalgo_llm/users/sna/RL-latest-main-canary-pr2879-20260621,/lustre/fsw/coreai_dlalgo_llm/users/sna/containers/nemo_rl_nightly.sqsh,/lustre/fsw/coreai_dlalgo_llm/users/sna/nemorl_reference_runs/20260624_lyris_nemorl_qwen32_sync_pardk16_drafttp1_targettp1_eagerfalse_systempy_smoke5/logs/qwen32_sync_pard,,docs/latest_lyris_nemorl_qwen32_sync_pardk16_drafttp1_targettp1_eagerfalse_systempy_smoke5_20260624_jobs.csv,False,,triton,64.0,32760.0,True,nemo-rl-perfcfg-specdec-lyris,qwen32_PerfCfg_sync_pard_20260624_lyris_nemorl_qwen32_sync_pardk16_drafttp1_targettp1_eagerfalse_systempy_smoke5,,,,,,,,,,,,,,,,,,,,,,,,,,,,,,,,,,,,,,,,,,,,,SUBMITTED,,,,,pard_k16,Qwen3-32B,lyris,Lyris PerfCfg enforce_eager=false PARD diagnostics 2026-06-24,"performance recipe default plus latest-main+PR2879 topology-aware fix; enforce_eager=false, MoE backend=triton, max_num_seqs=64, max_num_batched_tokens=32760/32768; PARD diagnostic sweep",0.0,0/0,,,,,,,,,,not parsed,CG-on,False,unmatched_baseline,pre-july-canonical,docs/lyris_nemorl_perfcfg_specdec_combined_prejuly_20260701.csv,,,,submitted,,,,,,,,,,,,,,,,,,,False,,
2205841,qwen32,sync,pard,5.0,4096.0,default,1.0,1.0,-1.0,/lustre/fsw/coreai_dlalgo_llm/users/sna/hf_home/hub/models--Qwen--Qwen3-32B/snapshots/9216db5781bf21249d130ec9da846c4624c16137,/lustre/fsw/coreai_dlalgo_llm/users/sna/hf_home/hub/models--amd--PARD-Qwen3-0.6B/snapshots/34e73caf94c021c3d4b8bad86ebd3616850ab4fd,16.0,4.0,4.0,4.0,none,True,True,,examples/configs/recipes/llm/performance/grpo-qwen3-32b-4n4g.yaml,20260624_lyris_nemorl_qwen32_sync_pardk16_originaltp_eagerfalse_splitpy_smoke5,/lustre/fsw/coreai_dlalgo_llm/users/sna/RL-latest-main-canary-pr2879-20260621,/lustre/fsw/coreai_dlalgo_llm/users/sna/containers/nemo_rl_nightly.sqsh,/lustre/fsw/coreai_dlalgo_llm/users/sna/nemorl_reference_runs/20260624_lyris_nemorl_qwen32_sync_pardk16_originaltp_eagerfalse_splitpy_smoke5/logs/qwen32_sync_pard,,docs/latest_lyris_nemorl_qwen32_sync_pardk16_originaltp_eagerfalse_splitpy_smoke5_20260624_jobs.csv,False,,triton,64.0,32760.0,True,nemo-rl-perfcfg-specdec-lyris,qwen32_PerfCfg_sync_pard_20260624_lyris_nemorl_qwen32_sync_pardk16_originaltp_eagerfalse_splitpy_smoke5,,,,,,,,,,,,,,,,,,,,,,,,,,,,,,,,,,,,,,,,,,,,,SUBMITTED,,,,,pard_k16,Qwen3-32B,lyris,Lyris PerfCfg enforce_eager=false PARD diagnostics 2026-06-24,"performance recipe default plus latest-main+PR2879 topology-aware fix; enforce_eager=false, MoE backend=triton, max_num_seqs=64, max_num_batched_tokens=32760/32768; PARD diagnostic sweep",0.0,0/0,,,,,,,,,,not parsed,CG-on,False,unmatched_baseline,pre-july-canonical,docs/lyris_nemorl_perfcfg_specdec_combined_prejuly_20260701.csv,,,,submitted,,,,,,,,,,,,,,,,,,,False,,
2205843,qwen32,sync,pard,5.0,4096.0,default,1.0,1.0,-1.0,/lustre/fsw/coreai_dlalgo_llm/users/sna/hf_home/hub/models--Qwen--Qwen3-32B/snapshots/9216db5781bf21249d130ec9da846c4624c16137,/lustre/fsw/coreai_dlalgo_llm/users/sna/hf_home/hub/models--amd--PARD-Qwen3-0.6B/snapshots/34e73caf94c021c3d4b8bad86ebd3616850ab4fd,16.0,4.0,4.0,4.0,none,True,True,,examples/configs/recipes/llm/performance/grpo-qwen3-32b-4n4g.yaml,20260624_lyris_nemorl_qwen32_sync_pardk16_drafttp1_targettp1_eagerfalse_splitpy_smoke5,/lustre/fsw/coreai_dlalgo_llm/users/sna/RL-latest-main-canary-pr2879-20260621,/lustre/fsw/coreai_dlalgo_llm/users/sna/containers/nemo_rl_nightly.sqsh,/lustre/fsw/coreai_dlalgo_llm/users/sna/nemorl_reference_runs/20260624_lyris_nemorl_qwen32_sync_pardk16_drafttp1_targettp1_eagerfalse_splitpy_smoke5/logs/qwen32_sync_pard,,docs/latest_lyris_nemorl_qwen32_sync_pardk16_drafttp1_targettp1_eagerfalse_splitpy_smoke5_20260624_jobs.csv,False,,triton,64.0,32760.0,True,nemo-rl-perfcfg-specdec-lyris,qwen32_PerfCfg_sync_pard_20260624_lyris_nemorl_qwen32_sync_pardk16_drafttp1_targettp1_eagerfalse_splitpy_smoke5,,,,,,,,,,,,,,,,,,,,,,,,,,,,,,,,,,,,,,,,,,,,,SUBMITTED,,,,,pard_k16,Qwen3-32B,lyris,Lyris PerfCfg enforce_eager=false PARD diagnostics 2026-06-24,"performance recipe default plus latest-main+PR2879 topology-aware fix; enforce_eager=false, MoE backend=triton, max_num_seqs=64, max_num_batched_tokens=32760/32768; PARD diagnostic sweep",0.0,0/0,,,,,,,,,,not parsed,CG-on,False,unmatched_baseline,pre-july-canonical,docs/lyris_nemorl_perfcfg_specdec_combined_prejuly_20260701.csv,,,,submitted,,,,,,,,,,,,,,,,,,,False,,
2206078,qwen32,sync,pard,5.0,4096.0,default,1.0,1.0,-1.0,/lustre/fsw/coreai_dlalgo_llm/users/sna/hf_home/hub/models--Qwen--Qwen3-32B/snapshots/9216db5781bf21249d130ec9da846c4624c16137,/lustre/fsw/coreai_dlalgo_llm/users/sna/hf_home/hub/models--amd--PARD-Qwen3-0.6B/snapshots/34e73caf94c021c3d4b8bad86ebd3616850ab4fd,16.0,4.0,4.0,4.0,none,True,True,,examples/configs/recipes/llm/performance/grpo-qwen3-32b-4n4g.yaml,20260625_lyris_nemorl_qwen32_sync_pardk16_drafttp1_targettp1_eagerfalse_splitpy_modelopt_smoke5,/lustre/fsw/coreai_dlalgo_llm/users/sna/RL-latest-main-canary-pr2879-20260621,/lustre/fsw/coreai_dlalgo_llm/users/sna/containers/nemo_rl_nightly.sqsh,/lustre/fsw/coreai_dlalgo_llm/users/sna/nemorl_reference_runs/20260625_lyris_nemorl_qwen32_sync_pardk16_drafttp1_targettp1_eagerfalse_splitpy_modelopt_smoke5/logs/qwen32_sync_pard,,docs/latest_lyris_nemorl_qwen32_sync_pardk16_drafttp1_targettp1_eagerfalse_splitpy_modelopt_smoke5_20260625_jobs.csv,False,,triton,64.0,32760.0,True,nemo-rl-perfcfg-specdec-lyris,qwen32_PerfCfg_sync_pard_20260625_lyris_nemorl_qwen32_sync_pardk16_drafttp1_targettp1_eagerfalse_splitpy_modelopt_smoke5,,,,,,,,,,,,,,,,,,,,,,,,,,,,,,,,,,,,,,,,,,,,,SUBMITTED,,,,,pard_k16,Qwen3-32B,lyris,Lyris PerfCfg enforce_eager=false triton W&B matrix 2026-06-23,"performance recipe default plus latest-main+PR2879 topology-aware fix; enforce_eager=false, MoE backend=triton, max_num_seqs=64, max_num_batched_tokens=32768, W&B enabled",0.0,0/0,,,,,,,,,,not parsed,CG-on,False,unmatched_baseline,pre-july-canonical,docs/lyris_nemorl_perfcfg_specdec_combined_prejuly_20260701.csv,,,,submitted,,,,,,,,,,,,,,,,,,,False,,
2206083,qwen32,sync,pard,5.0,4096.0,default,1.0,1.0,-1.0,/lustre/fsw/coreai_dlalgo_llm/users/sna/hf_home/hub/models--Qwen--Qwen3-32B/snapshots/9216db5781bf21249d130ec9da846c4624c16137,/lustre/fsw/coreai_dlalgo_llm/users/sna/hf_home/hub/models--amd--PARD-Qwen3-0.6B/snapshots/34e73caf94c021c3d4b8bad86ebd3616850ab4fd,16.0,4.0,4.0,4.0,none,True,True,,examples/configs/recipes/llm/performance/grpo-qwen3-32b-4n4g.yaml,20260625_lyris_nemorl_qwen32_sync_pardk16_originaltp_eagerfalse_splitpy_modelopt_smoke5,/lustre/fsw/coreai_dlalgo_llm/users/sna/RL-latest-main-canary-pr2879-20260621,/lustre/fsw/coreai_dlalgo_llm/users/sna/containers/nemo_rl_nightly.sqsh,/lustre/fsw/coreai_dlalgo_llm/users/sna/nemorl_reference_runs/20260625_lyris_nemorl_qwen32_sync_pardk16_originaltp_eagerfalse_splitpy_modelopt_smoke5/logs/qwen32_sync_pard,,docs/latest_lyris_nemorl_qwen32_sync_pardk16_originaltp_eagerfalse_splitpy_modelopt_smoke5_20260625_jobs.csv,False,,triton,64.0,32760.0,True,nemo-rl-perfcfg-specdec-lyris,qwen32_PerfCfg_sync_pard_20260625_lyris_nemorl_qwen32_sync_pardk16_originaltp_eagerfalse_splitpy_modelopt_smoke5,,,,,,,,,,,,,,,,,,,,,,,,,,,,,,,,,,,,,,,,,,,,,SUBMITTED,,,,,pard_k16,Qwen3-32B,lyris,Lyris PerfCfg enforce_eager=false triton W&B matrix 2026-06-23,"performance recipe default plus latest-main+PR2879 topology-aware fix; enforce_eager=false, MoE backend=triton, max_num_seqs=64, max_num_batched_tokens=32768, W&B enabled",0.0,0/0,,,,,,,,,,not parsed,CG-on,False,unmatched_baseline,pre-july-canonical,docs/lyris_nemorl_perfcfg_specdec_combined_prejuly_20260701.csv,,,,submitted,,,,,,,,,,,,,,,,,,,False,,
2206086,qwen32,sync,pard,5.0,4096.0,default,1.0,1.0,-1.0,/lustre/fsw/coreai_dlalgo_llm/users/sna/hf_home/hub/models--Qwen--Qwen3-32B/snapshots/9216db5781bf21249d130ec9da846c4624c16137,/lustre/fsw/coreai_dlalgo_llm/users/sna/hf_home/hub/models--amd--PARD-Qwen3-0.6B/snapshots/34e73caf94c021c3d4b8bad86ebd3616850ab4fd,16.0,4.0,4.0,4.0,none,True,True,/lustre/fsw/coreai_dlalgo_llm/users/sna/nemorl_reference_runs/20260625_lyris_nemorl_qwen32_sync_pardk16_originaltp_eagerfalse_splitpy_modelopt2_smoke5/cache/system_pydeps,examples/configs/recipes/llm/performance/grpo-qwen3-32b-4n4g.yaml,20260625_lyris_nemorl_qwen32_sync_pardk16_originaltp_eagerfalse_splitpy_modelopt2_smoke5,/lustre/fsw/coreai_dlalgo_llm/users/sna/RL-latest-main-canary-pr2879-20260621,/lustre/fsw/coreai_dlalgo_llm/users/sna/containers/nemo_rl_nightly.sqsh,/lustre/fsw/coreai_dlalgo_llm/users/sna/nemorl_reference_runs/20260625_lyris_nemorl_qwen32_sync_pardk16_originaltp_eagerfalse_splitpy_modelopt2_smoke5/logs/qwen32_sync_pard,,docs/latest_lyris_nemorl_qwen32_sync_pardk16_originaltp_eagerfalse_splitpy_modelopt2_smoke5_20260625_jobs.csv,False,,triton,64.0,32760.0,True,nemo-rl-perfcfg-specdec-lyris,qwen32_PerfCfg_sync_pard_20260625_lyris_nemorl_qwen32_sync_pardk16_originaltp_eagerfalse_splitpy_modelopt2_smoke5,,,,,,,,,,,,,,,,,,,,,,,,,,,,,,,,,,,,,,,,,,,,,SUBMITTED,,,,,pard_k16,Qwen3-32B,lyris,Lyris PerfCfg enforce_eager=false triton W&B matrix 2026-06-23,"performance recipe default plus latest-main+PR2879 topology-aware fix; enforce_eager=false, MoE backend=triton, max_num_seqs=64, max_num_batched_tokens=32768, W&B enabled",0.0,0/0,,,,,,,,,,not parsed,CG-on,False,unmatched_baseline,pre-july-canonical,docs/lyris_nemorl_perfcfg_specdec_combined_prejuly_20260701.csv,,,,submitted,,,,,,,,,,,,,,,,,,,False,,
2206087,qwen32,sync,pard,5.0,4096.0,default,1.0,1.0,-1.0,/lustre/fsw/coreai_dlalgo_llm/users/sna/hf_home/hub/models--Qwen--Qwen3-32B/snapshots/9216db5781bf21249d130ec9da846c4624c16137,/lustre/fsw/coreai_dlalgo_llm/users/sna/hf_home/hub/models--amd--PARD-Qwen3-0.6B/snapshots/34e73caf94c021c3d4b8bad86ebd3616850ab4fd,16.0,4.0,4.0,4.0,none,True,True,/lustre/fsw/coreai_dlalgo_llm/users/sna/nemorl_reference_runs/20260625_lyris_nemorl_qwen32_sync_pardk16_drafttp1_targettp1_eagerfalse_splitpy_modelopt2_smoke5/cache/system_pydeps,examples/configs/recipes/llm/performance/grpo-qwen3-32b-4n4g.yaml,20260625_lyris_nemorl_qwen32_sync_pardk16_drafttp1_targettp1_eagerfalse_splitpy_modelopt2_smoke5,/lustre/fsw/coreai_dlalgo_llm/users/sna/RL-latest-main-canary-pr2879-20260621,/lustre/fsw/coreai_dlalgo_llm/users/sna/containers/nemo_rl_nightly.sqsh,/lustre/fsw/coreai_dlalgo_llm/users/sna/nemorl_reference_runs/20260625_lyris_nemorl_qwen32_sync_pardk16_drafttp1_targettp1_eagerfalse_splitpy_modelopt2_smoke5/logs/qwen32_sync_pard,,docs/latest_lyris_nemorl_qwen32_sync_pardk16_drafttp1_targettp1_eagerfalse_splitpy_modelopt2_smoke5_20260625_jobs.csv,False,,triton,64.0,32760.0,True,nemo-rl-perfcfg-specdec-lyris,qwen32_PerfCfg_sync_pard_20260625_lyris_nemorl_qwen32_sync_pardk16_drafttp1_targettp1_eagerfalse_splitpy_modelopt2_smoke5,,,,,,,,,,,,,,,,,,,,,,,,,,,,,,,,,,,,,,,,,,,,,SUBMITTED,,,,,pard_k16,Qwen3-32B,lyris,Lyris PerfCfg enforce_eager=false triton W&B matrix 2026-06-23,"performance recipe default plus latest-main+PR2879 topology-aware fix; enforce_eager=false, MoE backend=triton, max_num_seqs=64, max_num_batched_tokens=32768, W&B enabled",0.0,0/0,,,,,,,,,,not parsed,CG-on,False,unmatched_baseline,pre-july-canonical,docs/lyris_nemorl_perfcfg_specdec_combined_prejuly_20260701.csv,,,,submitted,,,,,,,,,,,,,,,,,,,False,,
2206176,qwen32,sync,pard,5.0,4096.0,default,1.0,1.0,-1.0,/lustre/fsw/coreai_dlalgo_llm/users/sna/hf_home/hub/models--Qwen--Qwen3-32B/snapshots/9216db5781bf21249d130ec9da846c4624c16137,/lustre/fsw/coreai_dlalgo_llm/users/sna/hf_home/hub/models--amd--PARD-Qwen3-0.6B/snapshots/34e73caf94c021c3d4b8bad86ebd3616850ab4fd,16.0,4.0,4.0,4.0,none,True,True,/lustre/fsw/coreai_dlalgo_llm/users/sna/nemorl_reference_runs/20260625_lyris_nemorl_qwen32_sync_pardk16_drafttp1_targettp1_eagerfalse_splitpy_mcoreuv_smoke5/cache/system_pydeps,examples/configs/recipes/llm/performance/grpo-qwen3-32b-4n4g.yaml,20260625_lyris_nemorl_qwen32_sync_pardk16_drafttp1_targettp1_eagerfalse_splitpy_mcoreuv_smoke5,/lustre/fsw/coreai_dlalgo_llm/users/sna/RL-latest-main-canary-pr2879-20260621,/lustre/fsw/coreai_dlalgo_llm/users/sna/containers/nemo_rl_nightly.sqsh,/lustre/fsw/coreai_dlalgo_llm/users/sna/nemorl_reference_runs/20260625_lyris_nemorl_qwen32_sync_pardk16_drafttp1_targettp1_eagerfalse_splitpy_mcoreuv_smoke5/logs/qwen32_sync_pard,,docs/latest_lyris_nemorl_qwen32_sync_pardk16_drafttp1_targettp1_eagerfalse_splitpy_mcoreuv_smoke5_20260625_jobs.csv,False,,triton,64.0,32760.0,True,nemo-rl-perfcfg-specdec-lyris,qwen32_PerfCfg_sync_pard_20260625_lyris_nemorl_qwen32_sync_pardk16_drafttp1_targettp1_eagerfalse_splitpy_mcoreuv_smoke5,,,,,,,,,,,,,,,,,,,,,,,,,,,,,,,,,,,,,,,,,,,,,SUBMITTED,,,,,pard_k16,Qwen3-32B,lyris,Lyris PerfCfg enforce_eager=false triton W&B matrix 2026-06-23,"performance recipe default plus latest-main+PR2879 topology-aware fix; enforce_eager=false, MoE backend=triton, max_num_seqs=64, max_num_batched_tokens=32768, W&B enabled",0.0,0/0,,,,,,,,,,not parsed,CG-on,False,unmatched_baseline,pre-july-canonical,docs/lyris_nemorl_perfcfg_specdec_combined_prejuly_20260701.csv,,,,submitted,,,,,,,,,,,,,,,,,,,False,,
2206439,qwen32,sync,pard,5.0,4096.0,default,1.0,1.0,-1.0,/lustre/fsw/coreai_dlalgo_llm/users/sna/hf_home/hub/models--Qwen--Qwen3-32B/snapshots/9216db5781bf21249d130ec9da846c4624c16137,/lustre/fsw/coreai_dlalgo_llm/users/sna/hf_home/hub/models--amd--PARD-Qwen3-0.6B/snapshots/34e73caf94c021c3d4b8bad86ebd3616850ab4fd,16.0,4.0,4.0,4.0,none,True,True,/lustre/fsw/coreai_dlalgo_llm/users/sna/nemorl_reference_runs/20260625_lyris_nemorl_qwen32_sync_pardk16_drafttp1_targettp1_eagerfalse_arch120_smoke5/cache/system_pydeps,examples/configs/recipes/llm/performance/grpo-qwen3-32b-4n4g.yaml,20260625_lyris_nemorl_qwen32_sync_pardk16_drafttp1_targettp1_eagerfalse_arch120_smoke5,/lustre/fsw/coreai_dlalgo_llm/users/sna/RL-latest-main-canary-pr2879-20260621,/lustre/fsw/coreai_dlalgo_llm/users/sna/containers/nemo_rl_nightly.sqsh,/lustre/fsw/coreai_dlalgo_llm/users/sna/nemorl_reference_runs/20260625_lyris_nemorl_qwen32_sync_pardk16_drafttp1_targettp1_eagerfalse_arch120_smoke5/logs/qwen32_sync_pard,,docs/latest_lyris_nemorl_qwen32_sync_pardk16_drafttp1_targettp1_eagerfalse_arch120_smoke5_20260625_jobs.csv,False,,triton,64.0,32760.0,True,nemo-rl-perfcfg-specdec-lyris,qwen32_PerfCfg_sync_pard_20260625_lyris_nemorl_qwen32_sync_pardk16_drafttp1_targettp1_eagerfalse_arch120_smoke5,,,,,,,,,,,,,,,,,,,,,,,,,,,,,,,,,,,,,,,,,,,,,SUBMITTED,,,,,pard_k16,Qwen3-32B,lyris,Lyris PerfCfg enforce_eager=false triton W&B matrix 2026-06-23,"performance recipe default plus latest-main+PR2879 topology-aware fix; enforce_eager=false, MoE backend=triton, max_num_seqs=64, max_num_batched_tokens=32768, W&B enabled",0.0,0/0,,,,,,,,,,not parsed,CG-on,False,unmatched_baseline,pre-july-canonical,docs/lyris_nemorl_perfcfg_specdec_combined_prejuly_20260701.csv,,,,submitted,,,,,,,,,,,,,,,,,,,False,,
2182156,qwen32,sync,suffix,20.0,4096.0,default,1.0,1.0,-1.0,/lustre/fsw/coreai_dlalgo_llm/users/sna/hf_home/hub/models--Qwen--Qwen3-32B/snapshots/9216db5781bf21249d130ec9da846c4624c16137,/lustre/fsw/coreai_dlalgo_llm/users/sna/hf_home/hub/models--Qwen--Qwen3-32B/snapshots/9216db5781bf21249d130ec9da846c4624c16137,32.0,4.0,4.0,4.0,none,True,True,,examples/configs/recipes/llm/performance/grpo-qwen3-32b-4n4g.yaml,20260622_lyris_nemorl_perfcfg_eagerfalse_triton_mnbt32768_maxseq64_core_step20_recipe_osl_temp1_wandb,/lustre/fsw/coreai_dlalgo_llm/users/sna/RL-latest-main-canary-pr2879-20260621,/lustre/fsw/coreai_dlalgo_llm/users/sna/containers/nemo_rl_nightly.sqsh,/lustre/fsw/coreai_dlalgo_llm/users/sna/nemorl_reference_runs/20260622_lyris_nemorl_perfcfg_eagerfalse_triton_mnbt32768_maxseq64_core_step20_recipe_osl_temp1_wandb/logs/qwen32_sync_suffix,,docs/latest_lyris_nemorl_perfcfg_eagerfalse_triton_mnbt32768_maxseq64_core_step20_recipe_osl_temp1_wandb_20260622_jobs.csv,False,,triton,64.0,32768.0,True,nemo-rl-perfcfg-specdec-lyris,qwen32_PerfCfg_sync_suffix_20260622_lyris_nemorl_perfcfg_eagerfalse_triton_mnbt32768_maxseq64_core_step20_recipe_osl_temp1_wandb,,,,,,,,,,,,,,,,,,,,,,,,,,,,,,,,,,,,,,,,,,,,,SUBMITTED,,,,,suffix_k32,Qwen3-32B,lyris,Lyris PerfCfg enforce_eager=false triton W&B matrix 2026-06-22,"performance recipe default plus latest-main+PR2879 topology-aware fix; enforce_eager=false, MoE backend=triton, max_num_seqs=64, max_num_batched_tokens=32768, W&B enabled",0.0,0/0,,,,,,,,,,not parsed,CG-on,False,unmatched_baseline,pre-july-canonical,docs/lyris_nemorl_perfcfg_specdec_combined_prejuly_20260701.csv,,,,submitted,,,,,,,,,,,,,,,,,,,False,,
2175016,Qwen3-30B-A3B,async-1off,PARD K5,20.0,4096.0,,1.0,1.0,,,,,,,,,,,,,,,,,,docs/nemorl_specdec_slowdown_watchlist_20260624.csv,unknown,,,,,,,,,,,,19.0,,,20.0,,,,,,,,,,,,docs/lyris_nemorl_qwen30_qwen32_pr2879_step20_speedups_20260622.csv,,,,,,,,,,,,,,,,,,,,,,,,,partial_usable_with_errors,,,,,pard_k5,Qwen3-30B-A3B,lyris,Lyris PerfCfg enforce_eager=false PARD diagnostics 2026-06-24,"performance recipe default plus latest-main+PR2879 topology-aware fix; enforce_eager=false, MoE backend=triton; diagnostic CSV with precomputed baseline-relative speedups",0.25,19/20 step2-20,0.947,0.947,,0.954,,Lyris PerfCfg enforce_eager=false PARD diagnostics 2026-06-24,partial_usable_with_errors,Historical async slowdown; generation_time unavailable in async log.; alternate source groups: Lyris PerfCfg enforce_eager=false PARD diagnostics 2026-06-24 | Lyris Qwen30/Qwen32 PerfCfg OSL4096 latest-main+PR2879 2026-06-22,,steps 2-20 (19 metrics),CG-on,False,precomputed,pre-july-canonical,docs/lyris_nemorl_perfcfg_specdec_combined_prejuly_20260701.csv,,,,partial,,,,,,,,,,,,,,,,,,,False,,
2175014,Qwen3-30B-A3B,async-1off,Suffix K32,20.0,4096.0,,1.0,1.0,,,,,,,,,,,,,,,,,,docs/nemorl_specdec_slowdown_watchlist_20260624.csv,unknown,,,,,,,,,,,,19.0,,,20.0,,,,,,,,,,,,docs/lyris_nemorl_qwen30_qwen32_pr2879_step20_speedups_20260622.csv,,,,,,,,,,,,,,,,,,,,,,,,,partial_usable_with_errors,,,,,suffix_k32,Qwen3-30B-A3B,lyris,Lyris PerfCfg enforce_eager=false PARD diagnostics 2026-06-24,"performance recipe default plus latest-main+PR2879 topology-aware fix; enforce_eager=false, MoE backend=triton; diagnostic CSV with precomputed baseline-relative speedups",0.25,19/20 step2-20,0.914,0.914,,0.919,,Lyris PerfCfg enforce_eager=false PARD diagnostics 2026-06-24,partial_usable_with_errors,Historical suffix slowdown; classify enforce_eager before assigning root cause.; alternate source groups: Lyris PerfCfg enforce_eager=false PARD diagnostics 2026-06-24 | Lyris Qwen30/Qwen32 PerfCfg OSL4096 latest-main+PR2879 2026-06-22,,steps 2-20 (19 metrics),CG-on,False,precomputed,pre-july-canonical,docs/lyris_nemorl_perfcfg_specdec_combined_prejuly_20260701.csv,,,,partial,,,,,,,,,,,,,,,,,,,False,,
2175012,Qwen3-30B-A3B,sync,PARD K5,20.0,4096.0,,1.0,1.0,,,,,,,,,,,,,,,,,,docs/nemorl_specdec_slowdown_watchlist_20260624.csv,unknown,,,,,,,,,,,,19.0,,,20.0,,,,,,,,,,,,docs/lyris_nemorl_qwen30_qwen32_pr2879_step20_speedups_20260622.csv,,,,,,,,,,,,,,,,,,,,,,,,,partial_usable,,,,,pard_k5,Qwen3-30B-A3B,lyris,Lyris PerfCfg enforce_eager=false PARD diagnostics 2026-06-24,"performance recipe default plus latest-main+PR2879 topology-aware fix; enforce_eager=false, MoE backend=triton; diagnostic CSV with precomputed baseline-relative speedups",0.25,19/20 step2-20,0.779,0.841,0.768,0.837,,Lyris PerfCfg enforce_eager=false PARD diagnostics 2026-06-24,partial_usable,Historical slowdown; enforce_eager must be reclassified from log before using as true/false evidence.; alternate source groups: Lyris PerfCfg enforce_eager=false PARD diagnostics 2026-06-24 | Lyris Qwen30/Qwen32 PerfCfg OSL4096 latest-main+PR2879 2026-06-22,,steps 2-20 (19 metrics),CG-on,False,precomputed,pre-july-canonical,docs/lyris_nemorl_perfcfg_specdec_combined_prejuly_20260701.csv,,,,partial,,,,,,,,,,,,,,,,,,,False,,
2175024,Qwen3-32B,async-1off,PARD K5,20.0,4096.0,,1.0,1.0,,,,,,,,,,,,,,,,,,docs/nemorl_specdec_slowdown_watchlist_20260624.csv,unknown,,,,,,,,,,,,19.0,,,20.0,,,,,,,,,,,,docs/lyris_nemorl_qwen30_qwen32_pr2879_step20_speedups_20260622.csv,,,,,,,,,,,,,,,,,,,,,,,,,partial_usable_with_errors,,,,,pard_k5,Qwen3-32B,lyris,Lyris PerfCfg enforce_eager=false PARD diagnostics 2026-06-24,"performance recipe default plus latest-main+PR2879 topology-aware fix; enforce_eager=false, MoE backend=triton; diagnostic CSV with precomputed baseline-relative speedups",0.25,19/20 step2-20,0.946,0.946,,0.926,,Lyris PerfCfg enforce_eager=false PARD diagnostics 2026-06-24,partial_usable_with_errors,Historical async PARD slowdown; generation_time unavailable in async log.; alternate source groups: Lyris PerfCfg enforce_eager=false PARD diagnostics 2026-06-24 | Lyris Qwen30/Qwen32 PerfCfg OSL4096 latest-main+PR2879 2026-06-22,,steps 2-20 (19 metrics),CG-on,False,precomputed,pre-july-canonical,docs/lyris_nemorl_perfcfg_specdec_combined_prejuly_20260701.csv,,,,partial,,,,,,,,,,,,,,,,,,,False,,
2175022,Qwen3-32B,async-1off,Suffix K32,20.0,4096.0,,1.0,1.0,,,,,,,,,,,,,,,,,,docs/nemorl_specdec_slowdown_watchlist_20260624.csv,unknown,,,,,,,,,,,,19.0,,,20.0,,,,,,,,,,,,docs/lyris_nemorl_qwen30_qwen32_pr2879_step20_speedups_20260622.csv,,,,,,,,,,,,,,,,,,,,,,,,,partial_usable_with_errors,,,,,suffix_k32,Qwen3-32B,lyris,Lyris PerfCfg enforce_eager=false PARD diagnostics 2026-06-24,"performance recipe default plus latest-main+PR2879 topology-aware fix; enforce_eager=false, MoE backend=triton; diagnostic CSV with precomputed baseline-relative speedups",0.25,19/20 step2-20,0.451,0.455,,0.459,,Lyris PerfCfg enforce_eager=false PARD diagnostics 2026-06-24,partial_usable_with_errors,Historical severe async suffix slowdown; likely needs separate scheduler/async path review.; alternate source groups: Lyris PerfCfg enforce_eager=false PARD diagnostics 2026-06-24 | Lyris Qwen30/Qwen32 PerfCfg OSL4096 latest-main+PR2879 2026-06-22,,steps 2-20 (19 metrics),CG-on,False,precomputed,pre-july-canonical,docs/lyris_nemorl_perfcfg_specdec_combined_prejuly_20260701.csv,,,,partial,,,,,,,,,,,,,,,,,,,False,,
2196844,Qwen3-32B,sync,new_pard_k12_eagerfalse_partial,20.0,4096.0,,1.0,1.0,,,,,,,,,,,,,,,,,,docs/qwen32_pard_eagerfalse_compare_20260624.csv,False,,,,,True,,,https://wandb.ai/nvidia/nemo-rl-perfcfg-specdec-lyris/runs/g2knlfxu,,,,7.0,,,20.0,,,,,,,,,,,17.857592650115624,tmp/qwen32_pard_compare_20260624/k12_summary.csv,601.0542857142857,405.64,,,,699.1757142857142,1042.9,,,,,,,,3.125490392596866,,,,,,,,,,running_partial,,,,,pard_k12,Qwen3-32B,lyris,Lyris PerfCfg enforce_eager=false PARD diagnostics 2026-06-24,"performance recipe default plus latest-main+PR2879 topology-aware fix; enforce_eager=false, MoE backend=triton; diagnostic CSV with precomputed baseline-relative speedups",0.25,7/20 step2-8,0.8299233282877825,0.8972091301351364,0.8259229080491388,0.898197177841142,,Lyris PerfCfg enforce_eager=false PARD diagnostics 2026-06-24,running_partial,,,"partial: 7/20 metrics, last step 20",CG-on,False,precomputed,pre-july-canonical,docs/lyris_nemorl_perfcfg_specdec_combined_prejuly_20260701.csv,,,,partial,,,,,,,,,,,,,,,,,,,False,,
2196588,Qwen3-32B,sync,new_pard_k16_eagerfalse,20.0,4096.0,,1.0,1.0,,,,,,,,,,,,,,,,,,docs/qwen32_pard_eagerfalse_compare_20260624.csv,False,,,,,True,,,https://wandb.ai/nvidia/nemo-rl-perfcfg-specdec-lyris/runs/nw0hirdp,,,,19.0,,,20.0,,,,,,,,,,,12.456974891708738,tmp/qwen32_pard_compare_20260624/summary.csv,620.6715789473684,410.33263157894737,,,,664.8884210526317,1008.0668421052632,,,,,,,,2.9875873236403,,,,,,,,,,completed,,,,,pard_k16,Qwen3-32B,lyris,Lyris PerfCfg enforce_eager=false PARD diagnostics 2026-06-24,"performance recipe default plus latest-main+PR2879 topology-aware fix; enforce_eager=false, MoE backend=triton; diagnostic CSV with precomputed baseline-relative speedups",0.25,19/20 step2-20,0.8022036520630496,0.8532103585705805,0.8164775175980463,0.8698082552345677,,Lyris PerfCfg enforce_eager=false PARD diagnostics 2026-06-24,completed,,,steps 2-20 (19 metrics),CG-on,False,precomputed,pre-july-canonical,docs/lyris_nemorl_perfcfg_specdec_combined_prejuly_20260701.csv,,,,completed,,,,,,,,,,,,,,,,,,,False,,
2199224,Qwen3-32B,sync,PARD K1 TP1/draftTP1,20.0,4096.0,,1.0,1.0,,,,,,,,,,,,,,,,,,docs/nemorl_specdec_slowdown_watchlist_20260624.csv,false,,,,,True,,,https://wandb.ai/nvidia/nemo-rl-perfcfg-specdec-lyris/runs/9an1nij1,,,,,,,,,,,,,,,,,,75.77,tmp/qwen32_pardk1_20260624/summary_skip1_latest.csv,,,,,,,,,,,,,,,1.75,,,,,,,,,,running,,,,,pard_k1_tp1,Qwen3-32B,lyris,Lyris PerfCfg enforce_eager=false PARD diagnostics 2026-06-24,"performance recipe default plus latest-main+PR2879 topology-aware fix; enforce_eager=false, MoE backend=triton; diagnostic CSV with precomputed baseline-relative speedups",0.25,step2 only,1.714,1.359,1.797,1.424,,Lyris PerfCfg enforce_eager=false PARD diagnostics 2026-06-24,running,"Live improvement versus baseline but only one post-warmup step so far. Step2: E2E 379.24s, generation 186.45s, E2E 1058.74 tok/s/GPU, generation 2153.55 tok/s/GPU.",,not parsed,CG-on,False,precomputed,pre-july-canonical,docs/lyris_nemorl_perfcfg_specdec_combined_prejuly_20260701.csv,,,,running,,,,,,,,,,,,,,,,,,,False,,
2199223,Qwen3-32B,sync,PARD K1 TP2/draftTP2,20.0,4096.0,,1.0,1.0,,,,,,,,,,,,,,,,,,docs/nemorl_specdec_slowdown_watchlist_20260624.csv,false,,,,,True,,,https://wandb.ai/nvidia/nemo-rl-perfcfg-specdec-lyris/runs/uc0y3ksb,,,,,,,,,,,,,,,,,,75.48,tmp/qwen32_pardk1_20260624/summary_skip1_latest.csv,,,,,,,,,,,,,,,1.75,,,,,,,,,,running,,,,,pard_k1_tp2,Qwen3-32B,lyris,Lyris PerfCfg enforce_eager=false PARD diagnostics 2026-06-24,"performance recipe default plus latest-main+PR2879 topology-aware fix; enforce_eager=false, MoE backend=triton; diagnostic CSV with precomputed baseline-relative speedups",0.25,step2-4,1.09,1.048,1.113,1.072,,Lyris PerfCfg enforce_eager=false PARD diagnostics 2026-06-24,running,"Live improvement versus baseline. Average step2-4: E2E 503.67s, generation 300.91s, E2E 816.91 tok/s/GPU, generation 1369.46 tok/s/GPU.",,not parsed,CG-on,False,precomputed,pre-july-canonical,docs/lyris_nemorl_perfcfg_specdec_combined_prejuly_20260701.csv,,,,running,,,,,,,,,,,,,,,,,,,False,,
2175020,Qwen3-32B,sync,PARD K5,20.0,4096.0,,1.0,1.0,,,,,,,,,,,,,,,,,,docs/nemorl_specdec_slowdown_watchlist_20260624.csv,unknown,,,,,,,,,,,,19.0,,,20.0,,,,,,,,,,,,docs/lyris_nemorl_qwen30_qwen32_pr2879_step20_speedups_20260622.csv,,,,,,,,,,,,,,,,,,,,,,,,,partial_usable,,,,,pard_k5,Qwen3-32B,lyris,Lyris PerfCfg enforce_eager=false PARD diagnostics 2026-06-24,"performance recipe default plus latest-main+PR2879 topology-aware fix; enforce_eager=false, MoE backend=triton; diagnostic CSV with precomputed baseline-relative speedups",0.25,19/20 step2-20,0.911,0.963,0.907,0.961,,Lyris PerfCfg enforce_eager=false PARD diagnostics 2026-06-24,partial_usable,Historical Qwen32 PARD slowdown; aligns with later explicit false K8/K12/K16 trend.; alternate source groups: Lyris PerfCfg enforce_eager=false PARD diagnostics 2026-06-24 | Lyris Qwen30/Qwen32 PerfCfg OSL4096 latest-main+PR2879 2026-06-22,,steps 2-20 (19 metrics),CG-on,False,precomputed,pre-july-canonical,docs/lyris_nemorl_perfcfg_specdec_combined_prejuly_20260701.csv,,,,partial,,,,,,,,,,,,,,,,,,,False,,
2196842,Qwen3-32B,sync,new_pard_k8_eagerfalse,20.0,4096.0,,1.0,1.0,,,,,,,,,,,,,,,,,,docs/qwen32_pard_eagerfalse_compare_20260624.csv,False,,,,,True,,,https://wandb.ai/nvidia/nemo-rl-perfcfg-specdec-lyris/runs/ji0n20hg,,,,19.0,,,20.0,,,,,,,,,,,27.06795131163477,tmp/qwen32_pard_compare_20260624/summary.csv,594.857894736842,398.37,,,,699.3415789473684,1051.3178947368422,,,,,,,,3.157976984469261,,,,,,,,,,completed,,,,,pard_k8,Qwen3-32B,lyris,Lyris PerfCfg enforce_eager=false PARD diagnostics 2026-06-24,"performance recipe default plus latest-main+PR2879 topology-aware fix; enforce_eager=false, MoE backend=triton; diagnostic CSV with precomputed baseline-relative speedups",0.25,19/20 step2-20,0.8366221558044918,0.8974219740394115,0.8409954776239492,0.907553329853216,,Lyris PerfCfg enforce_eager=false PARD diagnostics 2026-06-24,completed,,,steps 2-20 (19 metrics),CG-on,False,precomputed,pre-july-canonical,docs/lyris_nemorl_perfcfg_specdec_combined_prejuly_20260701.csv,,,,completed,,,,,,,,,,,,,,,,,,,False,,
2175018,Qwen3-32B,sync,Suffix K32,20.0,4096.0,,1.0,1.0,,,,,,,,,,,,,,,,,,docs/nemorl_specdec_slowdown_watchlist_20260624.csv,unknown,,,,,,,,,,,,19.0,,,20.0,,,,,,,,,,,,docs/lyris_nemorl_qwen30_qwen32_pr2879_step20_speedups_20260622.csv,,,,,,,,,,,,,,,,,,,,,,,,,partial_usable,,,,,suffix_k32,Qwen3-32B,lyris,Lyris PerfCfg enforce_eager=false PARD diagnostics 2026-06-24,"performance recipe default plus latest-main+PR2879 topology-aware fix; enforce_eager=false, MoE backend=triton; diagnostic CSV with precomputed baseline-relative speedups",0.25,19/20 step2-20,0.605,0.726,0.601,0.724,,Lyris PerfCfg enforce_eager=false PARD diagnostics 2026-06-24,partial_usable,Historical severe suffix slowdown; keep separate until enforce_eager is verified.; alternate source groups: Lyris PerfCfg enforce_eager=false PARD diagnostics 2026-06-24 | Lyris Qwen30/Qwen32 PerfCfg OSL4096 latest-main+PR2879 2026-06-22,,steps 2-20 (19 metrics),CG-on,False,precomputed,pre-july-canonical,docs/lyris_nemorl_perfcfg_specdec_combined_prejuly_20260701.csv,,,,partial,,,,,,,,,,,,,,,,,,,False,,
2177868,qwen30ba3b,async-1off,Eagle-3 K=5,20.0,4096.0,,1.0,1.0,,,,,,,4.0,,,,,,,,,,,docs/lyris_nemorl_qwen30_qwen32_eagle3_k_sweep_live_summary_20260622.csv,True,,,,,,,,,,,,0.0,,,1.0,,,,,,,,RuntimeError: CUDA error: CUBLAS_STATUS_INTERNAL_ERROR when calling cublasSetStream,,,,/lustre/fsw/coreai_dlalgo_llm/users/sna/nemorl_reference_runs/20260622_lyris_nemorl_qwen30_qwen32_eagle3k5_contextclamp_step20_recipe_osl_temp1/logs/qwen30ba3b_async1off_eagle3/2177868-logs/ray-driver.log,,,,,,,,,,,,,,,,,,,,,,,,,TIMEOUT,,05:00:19,,,eagle3_k5,Qwen3-30B-A3B,lyris,Lyris Qwen30/Qwen32 PerfCfg OSL4096 CUDA-graph-disabled K sweep 2026-06-22,"performance recipe default plus latest-main+PR2879 topology-aware fix; enforce_eager=true, prefix caching disabled, MoE backend=triton; context-clamp K sweep checked 2026-06-22 21:31 PDT",0.5,0/20 last 1,,,,,performance recipe default,Lyris Qwen30/Qwen32 PerfCfg OSL4096 latest-main+PR2879 2026-06-22,engine_error_timeout,Timed out after vLLM EngineCore error; not clean performance data.,4x4,"partial: 0/20 metrics, last step 1",CG-off,False,unmatched_baseline,pre-july-canonical,docs/lyris_nemorl_perfcfg_specdec_combined_prejuly_20260701.csv,,,,failed,,,,,,,,,,,,,,,,,,,False,,
2177872,qwen30ba3b,async-1off,Eagle-3 K=7,20.0,4096.0,,1.0,1.0,,,,,,,4.0,,,,,,,,,,,docs/lyris_nemorl_qwen30_qwen32_eagle3_k_sweep_live_summary_20260622.csv,True,,,,,,,,,,,,0.0,,,1.0,,,,,,,,RuntimeError: Triton Error [CUDA]: device-side assert triggered,,,,/lustre/fsw/coreai_dlalgo_llm/users/sna/nemorl_reference_runs/20260622_lyris_nemorl_qwen30_qwen32_eagle3k7_contextclamp_step20_recipe_osl_temp1/logs/qwen30ba3b_async1off_eagle3/2177872-logs/ray-driver.log,,,,,,,,,,,,,,,,,,,,,,,,,TIMEOUT,,05:00:12,,,eagle3_k7,Qwen3-30B-A3B,lyris,Lyris Qwen30/Qwen32 PerfCfg OSL4096 CUDA-graph-disabled K sweep 2026-06-22,"performance recipe default plus latest-main+PR2879 topology-aware fix; enforce_eager=true, prefix caching disabled, MoE backend=triton; context-clamp K sweep checked 2026-06-22 21:31 PDT",0.5,0/20 last 1,,,,,performance recipe default,Lyris Qwen30/Qwen32 PerfCfg OSL4096 latest-main+PR2879 2026-06-22,engine_error_timeout,Timed out after vLLM EngineCore error; not clean performance data.,4x4,"partial: 0/20 metrics, last step 1",CG-off,False,unmatched_baseline,pre-july-canonical,docs/lyris_nemorl_perfcfg_specdec_combined_prejuly_20260701.csv,,,,failed,,,,,,,,,,,,,,,,,,,False,,
2177876,qwen30ba3b,async-1off,Eagle-3 K=9,20.0,4096.0,,1.0,1.0,,,,,,,4.0,,,,,,,,,,,docs/lyris_nemorl_qwen30_qwen32_eagle3_k_sweep_live_summary_20260622.csv,True,,,,,,,,,,,,19.0,,,20.0,,,,,,,,"[rank0]:[W622 16:10:50.686871376 ProcessGroupNCCL.cpp:1575] Warning: WARNING: destroy_process_group() was not called before program exit, which can leak resources. For more info, please see https://pytorch.org/docs/stable/distributed.html#shutdown (function operator()) [repeated 7x across cluster]",,,,/lustre/fsw/coreai_dlalgo_llm/users/sna/nemorl_reference_runs/20260622_lyris_nemorl_qwen30_qwen32_eagle3k9_contextclamp_step20_recipe_osl_temp1/logs/qwen30ba3b_async1off_eagle3/2177876-logs/ray-driver.log,318.67473684210523,,,,,1301.647894736842,2655.318947368421,,,,,,,,,,,,,,,,,,COMPLETED,,01:59:05,,,eagle3_k9,Qwen3-30B-A3B,lyris,Lyris Qwen30/Qwen32 PerfCfg OSL4096 CUDA-graph-disabled K sweep 2026-06-22,"performance recipe default plus latest-main+PR2879 topology-aware fix; enforce_eager=true, prefix caching disabled, MoE backend=triton; context-clamp K sweep checked 2026-06-22 21:31 PDT",0.5,19/20 last 20,1.305222357872809,1.301122652066245,,1.3272236003712743,performance recipe default,Lyris Qwen30/Qwen32 PerfCfg OSL4096 latest-main+PR2879 2026-06-22,parsed_completed_with_shutdown_warning,"Completed 20/20 with enforce_eager=true; async log lacks generation-time breakdown, so throughput rows are cleaner than time-speedup rows.",4x4,steps 2-20 (19 metrics),CG-off,False,precomputed,pre-july-canonical,docs/lyris_nemorl_perfcfg_specdec_combined_prejuly_20260701.csv,,,,completed,,,,,,,,,,,,,,,,,,,False,,
2177867,qwen30ba3b,sync,Eagle-3 K=5,20.0,4096.0,,1.0,1.0,,,,,,,4.0,,,,,,,,,,,docs/lyris_nemorl_qwen30_qwen32_eagle3_k_sweep_live_summary_20260622.csv,True,,,,,,,,,,,,0.0,,,1.0,,,,,,,,RuntimeError: CUDA error: CUBLAS_STATUS_EXECUTION_FAILED when calling cublasGemmEx,,,,/lustre/fsw/coreai_dlalgo_llm/users/sna/nemorl_reference_runs/20260622_lyris_nemorl_qwen30_qwen32_eagle3k5_contextclamp_step20_recipe_osl_temp1/logs/qwen30ba3b_sync_eagle3/2177867-logs/ray-driver.log,,,,,,,,,,,,,,,,,,,,,,,,,FAILED,,00:08:00,,,eagle3_k5,Qwen3-30B-A3B,lyris,Lyris Qwen30/Qwen32 PerfCfg OSL4096 CUDA-graph-disabled K sweep 2026-06-22,"performance recipe default plus latest-main+PR2879 topology-aware fix; enforce_eager=true, prefix caching disabled, MoE backend=triton; context-clamp K sweep checked 2026-06-22 21:31 PDT",0.5,0/20 last 1,,,,,performance recipe default,Lyris Qwen30/Qwen32 PerfCfg OSL4096 latest-main+PR2879 2026-06-22,failed_before_completed_step,Old pre-fix K5 sync attempt; CUBLAS GEMM failure at step 1.,4x4,"partial: 0/20 metrics, last step 1",CG-off,False,unmatched_baseline,pre-july-canonical,docs/lyris_nemorl_perfcfg_specdec_combined_prejuly_20260701.csv,,,,failed,,,,,,,,,,,,,,,,,,,False,,
2177871,qwen30ba3b,sync,Eagle-3 K=7,20.0,4096.0,,1.0,1.0,,,,,,,4.0,,,,,,,,,,,docs/lyris_nemorl_qwen30_qwen32_eagle3_k_sweep_live_summary_20260622.csv,True,,,,,,,,,,,,0.0,,,1.0,,,,,,,,RuntimeError: Triton Error [CUDA]: device-side assert triggered,,,,/lustre/fsw/coreai_dlalgo_llm/users/sna/nemorl_reference_runs/20260622_lyris_nemorl_qwen30_qwen32_eagle3k7_contextclamp_step20_recipe_osl_temp1/logs/qwen30ba3b_sync_eagle3/2177871-logs/ray-driver.log,,,,,,,,,,,,,,,,,,,,,,,,,FAILED,,00:07:46,,,eagle3_k7,Qwen3-30B-A3B,lyris,Lyris Qwen30/Qwen32 PerfCfg OSL4096 CUDA-graph-disabled K sweep 2026-06-22,"performance recipe default plus latest-main+PR2879 topology-aware fix; enforce_eager=true, prefix caching disabled, MoE backend=triton; context-clamp K sweep checked 2026-06-22 21:31 PDT",0.5,0/20 last 1,,,,,performance recipe default,Lyris Qwen30/Qwen32 PerfCfg OSL4096 latest-main+PR2879 2026-06-22,failed_before_completed_step,Old pre-fix K7 sync attempt; Triton device-side assert at step 1.,4x4,"partial: 0/20 metrics, last step 1",CG-off,False,unmatched_baseline,pre-july-canonical,docs/lyris_nemorl_perfcfg_specdec_combined_prejuly_20260701.csv,,,,failed,,,,,,,,,,,,,,,,,,,False,,
2177875,qwen30ba3b,sync,Eagle-3 K=9,20.0,4096.0,,1.0,1.0,,,,,,,4.0,,,,,,,,,,,docs/lyris_nemorl_qwen30_qwen32_eagle3_k_sweep_live_summary_20260622.csv,True,,,,,,,,,,,,19.0,,,20.0,,,,,,,,,,,31.278707501260744,/lustre/fsw/coreai_dlalgo_llm/users/sna/nemorl_reference_runs/20260622_lyris_nemorl_qwen30_qwen32_eagle3k9_contextclamp_step20_recipe_osl_temp1/logs/qwen30ba3b_sync_eagle3/2177875-logs/ray-driver.log,289.6142105263158,128.7421052631579,,,,1418.750526315789,3200.955789473684,,,,,,,,3.445640154672982,,,,,,,,,,COMPLETED,,01:45:29,,,eagle3_k9,Qwen3-30B-A3B,lyris,Lyris Qwen30/Qwen32 PerfCfg OSL4096 CUDA-graph-disabled K sweep 2026-06-22,"performance recipe default plus latest-main+PR2879 topology-aware fix; enforce_eager=true, prefix caching disabled, MoE backend=triton; context-clamp K sweep checked 2026-06-22 21:31 PDT",0.5,19/20 last 20,2.0107018064133477,1.461507307194964,2.0250970933322434,1.4753546914497877,performance recipe default,Lyris Qwen30/Qwen32 PerfCfg OSL4096 latest-main+PR2879 2026-06-22,parsed_completed,Completed 20/20; log confirms enforce_eager=true.,4x4,steps 2-20 (19 metrics),CG-off,False,precomputed,pre-july-canonical,docs/lyris_nemorl_perfcfg_specdec_combined_prejuly_20260701.csv,,,,completed,,,,,,,,,,,,,,,,,,,False,,
2177870,qwen32,async-1off,Eagle-3 K=5,20.0,4096.0,,1.0,1.0,,,,,,,8.0,,,,,,,,,,,docs/lyris_nemorl_qwen30_qwen32_eagle3_k_sweep_live_summary_20260622.csv,True,,,,,,,,,,,,0.0,,,1.0,,,,,,,,RuntimeError: CUDA error: CUBLAS_STATUS_INTERNAL_ERROR when calling cublasGemmEx,,,,/lustre/fsw/coreai_dlalgo_llm/users/sna/nemorl_reference_runs/20260622_lyris_nemorl_qwen30_qwen32_eagle3k5_contextclamp_step20_recipe_osl_temp1/logs/qwen32_async1off_eagle3/2177870-logs/ray-driver.log,,,,,,,,,,,,,,,,,,,,,,,,,TIMEOUT,,05:00:01,,,eagle3_k5,Qwen3-32B,lyris,Lyris Qwen30/Qwen32 PerfCfg OSL4096 CUDA-graph-disabled K sweep 2026-06-22,"performance recipe default plus latest-main+PR2879 topology-aware fix; enforce_eager=true, prefix caching disabled, MoE backend=triton; context-clamp K sweep checked 2026-06-22 21:31 PDT",0.5,0/20 last 1,,,,,performance recipe default,Lyris Qwen30/Qwen32 PerfCfg OSL4096 latest-main+PR2879 2026-06-22,engine_error_timeout,Timed out after vLLM EngineCore error; not clean performance data.,8x4,"partial: 0/20 metrics, last step 1",CG-off,False,unmatched_baseline,pre-july-canonical,docs/lyris_nemorl_perfcfg_specdec_combined_prejuly_20260701.csv,,,,failed,,,,,,,,,,,,,,,,,,,False,,
2177874,qwen32,async-1off,Eagle-3 K=7,20.0,4096.0,,1.0,1.0,,,,,,,8.0,,,,,,,,,,,docs/lyris_nemorl_qwen30_qwen32_eagle3_k_sweep_live_summary_20260622.csv,True,,,,,,,,,,,,0.0,,,1.0,,,,,,,,EngineCore traceback at step 1,,,,/lustre/fsw/coreai_dlalgo_llm/users/sna/nemorl_reference_runs/20260622_lyris_nemorl_qwen30_qwen32_eagle3k7_contextclamp_step20_recipe_osl_temp1/logs/qwen32_async1off_eagle3/2177874-logs/ray-driver.log,,,,,,,,,,,,,,,,,,,,,,,,,TIMEOUT,,05:00:01,,,eagle3_k7,Qwen3-32B,lyris,Lyris Qwen30/Qwen32 PerfCfg OSL4096 CUDA-graph-disabled K sweep 2026-06-22,"performance recipe default plus latest-main+PR2879 topology-aware fix; enforce_eager=true, prefix caching disabled, MoE backend=triton; context-clamp K sweep checked 2026-06-22 21:31 PDT",0.5,0/20 last 1,,,,,performance recipe default,Lyris Qwen30/Qwen32 PerfCfg OSL4096 latest-main+PR2879 2026-06-22,engine_error_timeout,Timed out after vLLM EngineCore traceback; not clean performance data.,8x4,"partial: 0/20 metrics, last step 1",CG-off,False,unmatched_baseline,pre-july-canonical,docs/lyris_nemorl_perfcfg_specdec_combined_prejuly_20260701.csv,,,,failed,,,,,,,,,,,,,,,,,,,False,,
2177878,qwen32,async-1off,Eagle-3 K=9,20.0,4096.0,,1.0,1.0,,,,,,,8.0,,,,,,,,,,,docs/lyris_nemorl_qwen30_qwen32_eagle3_k_sweep_live_summary_20260622.csv,True,,,,,,,,,,,,0.0,,,1.0,,,,,,,,RuntimeError: CUDA error: CUBLAS_STATUS_INTERNAL_ERROR when calling cublasSetStream,,,,/lustre/fsw/coreai_dlalgo_llm/users/sna/nemorl_reference_runs/20260622_lyris_nemorl_qwen30_qwen32_eagle3k9_contextclamp_step20_recipe_osl_temp1/logs/qwen32_async1off_eagle3/2177878-logs/ray-driver.log,,,,,,,,,,,,,,,,,,,,,,,,,TIMEOUT,,05:00:12,,,eagle3_k9,Qwen3-32B,lyris,Lyris Qwen30/Qwen32 PerfCfg OSL4096 CUDA-graph-disabled K sweep 2026-06-22,"performance recipe default plus latest-main+PR2879 topology-aware fix; enforce_eager=true, prefix caching disabled, MoE backend=triton; context-clamp K sweep checked 2026-06-22 21:31 PDT",0.5,0/20 last 1,,,,,performance recipe default,Lyris Qwen30/Qwen32 PerfCfg OSL4096 latest-main+PR2879 2026-06-22,engine_error_timeout,Timed out after vLLM EngineCore error; not clean performance data.,8x4,"partial: 0/20 metrics, last step 1",CG-off,False,unmatched_baseline,pre-july-canonical,docs/lyris_nemorl_perfcfg_specdec_combined_prejuly_20260701.csv,,,,failed,,,,,,,,,,,,,,,,,,,False,,
2177869,qwen32,sync,Eagle-3 K=5,20.0,4096.0,,1.0,1.0,,,,,,,4.0,,,,,,,,,,,docs/lyris_nemorl_qwen30_qwen32_eagle3_k_sweep_live_summary_20260622.csv,True,,,,,,,,,,,,19.0,,,20.0,,,,,,,,,,,30.28654098220637,/lustre/fsw/coreai_dlalgo_llm/users/sna/nemorl_reference_runs/20260622_lyris_nemorl_qwen30_qwen32_eagle3k5_contextclamp_step20_recipe_osl_temp1/logs/qwen32_sync_eagle3/2177869-logs/ray-driver.log,398.35052631578947,192.6352631578947,,,,1039.8042105263155,2159.1142105263157,,,,,,,,2.393745478295196,,,,,,,,,,COMPLETED,,02:21:17,,,eagle3_k5,Qwen3-32B,lyris,Lyris Qwen30/Qwen32 PerfCfg OSL4096 CUDA-graph-disabled K sweep 2026-06-22,"performance recipe default plus latest-main+PR2879 topology-aware fix; enforce_eager=true, prefix caching disabled, MoE backend=triton; context-clamp K sweep checked 2026-06-22 21:31 PDT",0.5,19/20 last 20,1.7181889459712796,1.334316699186629,1.7391798517514696,1.3552517882954185,performance recipe default,Lyris Qwen30/Qwen32 PerfCfg OSL4096 latest-main+PR2879 2026-06-22,parsed_completed,Completed 20/20; log confirms enforce_eager=true.,4x4,steps 2-20 (19 metrics),CG-off,False,precomputed,pre-july-canonical,docs/lyris_nemorl_perfcfg_specdec_combined_prejuly_20260701.csv,,,,completed,,,,,,,,,,,,,,,,,,,False,,
2177873,qwen32,sync,Eagle-3 K=7,20.0,4096.0,,1.0,1.0,,,,,,,4.0,,,,,,,,,,,docs/lyris_nemorl_qwen30_qwen32_eagle3_k_sweep_live_summary_20260622.csv,True,,,,,,,,,,,,19.0,,,20.0,,,,,,,,,,,21.970053185049952,/lustre/fsw/coreai_dlalgo_llm/users/sna/nemorl_reference_runs/20260622_lyris_nemorl_qwen30_qwen32_eagle3k7_contextclamp_step20_recipe_osl_temp1/logs/qwen32_sync_eagle3/2177873-logs/ray-driver.log,412.6421052631579,217.06473684210525,,,,1004.3742105263158,1920.1821052631576,,,,,,,,2.3926474183894886,,,,,,,,,,COMPLETED,,02:26:16,,,eagle3_k7,Qwen3-32B,lyris,Lyris Qwen30/Qwen32 PerfCfg OSL4096 CUDA-graph-disabled K sweep 2026-06-22,"performance recipe default plus latest-main+PR2879 topology-aware fix; enforce_eager=true, prefix caching disabled, MoE backend=triton; context-clamp K sweep checked 2026-06-22 21:31 PDT",0.5,19/20 last 20,1.5280505549128782,1.2888515624103,1.5434444732713744,1.3083135634295044,performance recipe default,Lyris Qwen30/Qwen32 PerfCfg OSL4096 latest-main+PR2879 2026-06-22,parsed_completed,Completed 20/20; log confirms enforce_eager=true.,4x4,steps 2-20 (19 metrics),CG-off,False,precomputed,pre-july-canonical,docs/lyris_nemorl_perfcfg_specdec_combined_prejuly_20260701.csv,,,,completed,,,,,,,,,,,,,,,,,,,False,,
2177877,qwen32,sync,Eagle-3 K=9,20.0,4096.0,,1.0,1.0,,,,,,,4.0,,,,,,,,,,,docs/lyris_nemorl_qwen30_qwen32_eagle3_k_sweep_live_summary_20260622.csv,True,,,,,,,,,,,,19.0,,,20.0,,,,,,,,,,,17.828775351349684,/lustre/fsw/coreai_dlalgo_llm/users/sna/nemorl_reference_runs/20260622_lyris_nemorl_qwen30_qwen32_eagle3k9_contextclamp_step20_recipe_osl_temp1/logs/qwen32_sync_eagle3/2177877-logs/ray-driver.log,448.4110526315789,244.15894736842105,,,,922.402105263158,1705.427894736842,,,,,,,,2.524232597177504,,,,,,,,,,COMPLETED,,02:39:13,,,eagle3_k9,Qwen3-32B,lyris,Lyris Qwen30/Qwen32 PerfCfg OSL4096 CUDA-graph-disabled K sweep 2026-06-22,"performance recipe default plus latest-main+PR2879 topology-aware fix; enforce_eager=true, prefix caching disabled, MoE backend=triton; context-clamp K sweep checked 2026-06-22 21:31 PDT",0.5,19/20 last 20,1.357152550153251,1.1836618085962114,1.372169121926614,1.2039517313179522,performance recipe default,Lyris Qwen30/Qwen32 PerfCfg OSL4096 latest-main+PR2879 2026-06-22,parsed_completed,Completed 20/20; log confirms enforce_eager=true.,4x4,steps 2-20 (19 metrics),CG-off,False,precomputed,pre-july-canonical,docs/lyris_nemorl_perfcfg_specdec_combined_prejuly_20260701.csv,,,,completed,,,,,,,,,,,,,,,,,,,False,,
2175013,Qwen3-30B-A3B,async-1off,baseline,20.0,4096.0,,1.0,1.0,,,,,,,,,,,,,,,,,,docs/lyris_nemorl_qwen30_qwen32_pr2879_step20_speedups_20260622.csv,True,,,,,,,,,,,,19.0,,,20.0,,,,,,,,,,,,/lustre/fsw/coreai_dlalgo_llm/users/sna/nemorl_reference_runs/20260622_lyris_nemorl_qwen30_qwen32_pr2879_clean_nonpard_step20_recipe_osl_temp1/logs/qwen30ba3b_async1off_baseline/2175013-logs/ray-driver.log,422.9526315789474,,,,,1000.4036842105262,2034.3805263157897,,,,,,,,,,,,,,,,,,COMPLETED,,,,,baseline,Qwen3-30B-A3B,lyris,Lyris Qwen30/Qwen32 PerfCfg OSL4096 latest-main+PR2879 2026-06-22,"performance recipe default plus latest-main+PR2879 topology-aware fix, enforce_eager=true (CUDA graph disabled), temp=1.0/top_p=1.0, step>=2 summary",1.0,19/20 last 20,1.0,1.0,,1.0,performance recipe default,,partial_usable_with_errors,fresh latest-main+PR2879 performance recipe rerun; step>=2 summary; async log omits generation_time_s; driver ended with shutdown warnings,,steps 2-20 (19 metrics),CG-off,False,baseline,pre-july-canonical,docs/lyris_nemorl_perfcfg_specdec_combined_prejuly_20260701.csv,,,,completed,,,,,,,,,,,,,,,,,,,False,,
2175009,Qwen3-30B-A3B,sync,baseline,20.0,4096.0,,1.0,1.0,,,,,,,,,,,,,,,,,,docs/lyris_nemorl_qwen30_qwen32_pr2879_step20_speedups_20260622.csv,True,,,,,,,,,,,,19.0,,,20.0,,,,,,,,,,,,/lustre/fsw/coreai_dlalgo_llm/users/sna/nemorl_reference_runs/20260622_lyris_nemorl_qwen30_qwen32_pr2879_clean_nonpard_step20_recipe_osl_temp1/logs/qwen30ba3b_sync_baseline/2175009-logs/ray-driver.log,427.2836842105264,260.71526315789475,,,,970.7447368421052,1591.9594736842105,,,,,,,,,,,,,,,,,,COMPLETED,,,,,baseline,Qwen3-30B-A3B,lyris,Lyris Qwen30/Qwen32 PerfCfg OSL4096 latest-main+PR2879 2026-06-22,"performance recipe default plus latest-main+PR2879 topology-aware fix, enforce_eager=true (CUDA graph disabled), temp=1.0/top_p=1.0, step>=2 summary",1.0,19/20 last 20,1.0,1.0,1.0,1.0,performance recipe default,,partial_usable_with_errors,fresh latest-main+PR2879 performance recipe rerun; step>=2 summary; driver ended with shutdown warnings,,steps 2-20 (19 metrics),CG-off,False,baseline,pre-july-canonical,docs/lyris_nemorl_perfcfg_specdec_combined_prejuly_20260701.csv,,,,completed,,,,,,,,,,,,,,,,,,,False,,
2175010,Qwen3-30B-A3B,sync,Suffix K=32,20.0,4096.0,,1.0,1.0,,,,,,,,,,,,,,,,,,docs/lyris_nemorl_qwen30_qwen32_pr2879_step20_speedups_20260622.csv,True,,,,,,,,,,,,19.0,,,20.0,,,,,,,,,,,9.65617781417053,/lustre/fsw/coreai_dlalgo_llm/users/sna/nemorl_reference_runs/20260622_lyris_nemorl_qwen30_qwen32_pr2879_clean_nonpard_step20_recipe_osl_temp1/logs/qwen30ba3b_sync_suffix/2175010-logs/ray-driver.log,377.3,231.42736842105265,,,,1099.606842105263,1794.266842105263,,,,,,,,1.8361939060513024,,,,,,,,,,COMPLETED,,,,,suffix_k32,Qwen3-30B-A3B,lyris,Lyris Qwen30/Qwen32 PerfCfg OSL4096 latest-main+PR2879 2026-06-22,"performance recipe default plus latest-main+PR2879 topology-aware fix, enforce_eager=true (CUDA graph disabled), temp=1.0/top_p=1.0, step>=2 summary",1.0,19/20 last 20,1.127080727722836,1.132745613107679,1.126553289425806,1.1324772971389514,performance recipe default,,partial_usable,fresh latest-main+PR2879 performance recipe rerun; step>=2 summary;,,steps 2-20 (19 metrics),CG-off,False,precomputed,pre-july-canonical,docs/lyris_nemorl_perfcfg_specdec_combined_prejuly_20260701.csv,,,,completed,,,,,,,,,,,,,,,,,,,False,,
2175021,Qwen3-32B,async-1off,baseline,20.0,4096.0,,1.0,1.0,,,,,,,,,,,,,,,,,,docs/lyris_nemorl_qwen30_qwen32_pr2879_step20_speedups_20260622.csv,True,,,,,,,,,,,,19.0,,,20.0,,,,,,,,,,,,/lustre/fsw/coreai_dlalgo_llm/users/sna/nemorl_reference_runs/20260622_lyris_nemorl_qwen30_qwen32_pr2879_clean_nonpard_step20_recipe_osl_temp1/logs/qwen32_async1off_baseline/2175021-logs/ray-driver.log,226.60105263157897,,,,,956.5173684210528,1949.8336842105264,,,,,,,,,,,,,,,,,,COMPLETED,,,,,baseline,Qwen3-32B,lyris,Lyris Qwen30/Qwen32 PerfCfg OSL4096 latest-main+PR2879 2026-06-22,"performance recipe default plus latest-main+PR2879 topology-aware fix, enforce_eager=true (CUDA graph disabled), temp=1.0/top_p=1.0, step>=2 summary",1.0,19/20 last 20,1.0,1.0,,1.0,performance recipe default,,partial_usable_with_errors,fresh latest-main+PR2879 performance recipe rerun; step>=2 summary; async log omits generation_time_s; driver ended with shutdown warnings,,steps 2-20 (19 metrics),CG-off,False,baseline,pre-july-canonical,docs/lyris_nemorl_perfcfg_specdec_combined_prejuly_20260701.csv,,,,completed,,,,,,,,,,,,,,,,,,,False,,
2175017,Qwen3-32B,sync,baseline,20.0,4096.0,,1.0,1.0,,,,,,,,,,,,,,,,,,docs/lyris_nemorl_qwen30_qwen32_pr2879_step20_speedups_20260622.csv,True,,,,,,,,,,,,19.0,,,20.0,,,,,,,,,,,,/lustre/fsw/coreai_dlalgo_llm/users/sna/nemorl_reference_runs/20260622_lyris_nemorl_qwen30_qwen32_pr2879_clean_nonpard_step20_recipe_osl_temp1/logs/qwen32_sync_baseline/2175017-logs/ray-driver.log,539.8652631578948,335.02736842105264,,,,779.2784210526316,1256.622105263158,,,,,,,,,,,,,,,,,,COMPLETED,,,,,baseline,Qwen3-32B,lyris,Lyris Qwen30/Qwen32 PerfCfg OSL4096 latest-main+PR2879 2026-06-22,"performance recipe default plus latest-main+PR2879 topology-aware fix, enforce_eager=true (CUDA graph disabled), temp=1.0/top_p=1.0, step>=2 summary",1.0,19/20 last 20,1.0,1.0,1.0,1.0,performance recipe default,,partial_usable,fresh latest-main+PR2879 performance recipe rerun; step>=2 summary;,,steps 2-20 (19 metrics),CG-off,False,baseline,pre-july-canonical,docs/lyris_nemorl_perfcfg_specdec_combined_prejuly_20260701.csv,,,,completed,,,,,,,,,,,,,,,,,,,False,,
2175019,Qwen3-32B,sync,Eagle-3 K=3,20.0,4096.0,,1.0,1.0,,,,,,,,,,,,,,,,,,docs/lyris_nemorl_qwen30_qwen32_pr2879_step20_speedups_20260622.csv,True,,,,,false,,,,,,,19.0,,,20.0,,,,,,,,,,,41.35718083303607,/lustre/fsw/coreai_dlalgo_llm/users/sna/nemorl_reference_runs/20260622_lyris_nemorl_qwen30_qwen32_pr2879_clean_nonpard_step20_recipe_osl_temp1/logs/qwen32_sync_eagle3/2175019-logs/ray-driver.log,440.9973684210526,247.79631578947368,,,,964.4952631578948,1755.687894736842,,,,,,,,2.079369479212263,,,,,,,,,,COMPLETED,,,,,eagle3_k3,Qwen3-32B,lyris,Lyris Qwen30/Qwen32 PerfCfg OSL4096 latest-main+PR2879 2026-06-22,"performance recipe default plus latest-main+PR2879 topology-aware fix, enforce_eager=true (CUDA graph disabled), temp=1.0/top_p=1.0, step>=2 summary",1.0,19/20 last 20,1.39714866337575,1.2376773654980415,1.3520272379904548,1.2241915753167163,performance recipe default,,partial_usable,fresh latest-main+PR2879 performance recipe rerun; step>=2 summary;,,steps 2-20 (19 metrics),CG-off,False,precomputed,pre-july-canonical,docs/lyris_nemorl_perfcfg_specdec_combined_prejuly_20260701.csv,,,,completed,,,,,,,,,,,,,,,,,,,False,,
2152136,Qwen3-30B-A3B,async-1off,baseline,20.0,4096.0,,1.0,1.0,,,,,,,,,,,,,,,,,,docs/lyris_nemorl_perfcfg_step20_live_speedups_20260618.csv,True,,,,,,,,,,,,19.0,,,20.0,,,,,,,,,,,,tmp/lyris_nemorl_perfcfg_step20_20260618_logs/lustre/fsw/coreai_dlalgo_llm/users/sna/nemorl_reference_runs/20260618_lyris_nemorl_qwen30_qwen32_recipe_osl_bestk_step20/logs/qwen30ba3b_async1off_baseline/2152136-logs/ray-driver.log,425.6121052631579,,,,,983.3463157894738,1998.3784210526317,,,,,,,,,,,,,,,,,,COMPLETED,,,,,baseline,Qwen3-30B-A3B,lyris,Lyris Qwen30/Qwen32 PerfCfg OSL4096 2026-06-18,"performance recipe default, enforce_eager=true (CUDA graph disabled), temp=1.0/top_p=1.0, step>=2 live summary",2.0,19/20 last 20,1.0,1.0,,1.0,performance recipe default,,partial_usable_with_errors,usable metrics; driver ended with NCCL shutdown warning; async log omits generation_time_s; using generation worker tok/s/GPU,,steps 2-20 (19 metrics),CG-off,False,baseline,pre-july-canonical,docs/lyris_nemorl_perfcfg_specdec_combined_prejuly_20260701.csv,,,,completed,,,,,,,,,,,,,,,,,,,False,,
2152321,Qwen3-30B-A3B,async-1off,baseline fuse_loss=false,20.0,4096.0,,1.0,1.0,,,,,,,,,,,,,,,,,,docs/lyris_nemorl_perfcfg_step20_live_speedups_20260618.csv,True,,,,,,,,,,,,19.0,,,20.0,,,,,,,,,,,,tmp/lyris_nemorl_perfcfg_step20_20260618_logs/20260618_lyris_nemorl_fuse_loss_false_qwen30_qwen32_baseline_step20/logs/qwen30ba3b_async1off_baseline/2152321-logs/ray-driver.log,416.5915789473684,,,,,1009.9442105263156,2052.318421052632,,,,,,,,,,,,,,,,,,COMPLETED,,,,,baseline_fuselossfalse,Qwen3-30B-A3B,lyris,Lyris Qwen30/Qwen32 PerfCfg OSL4096 2026-06-18,"performance recipe default, enforce_eager=true (CUDA graph disabled), temp=1.0/top_p=1.0, step>=2 live summary",2.0,19/20 last 20,1.026991884736019,1.02704834940627,,1.0216531652862073,performance recipe default,,partial_usable_with_errors,usable metrics; driver ended with NCCL shutdown warning; async log omits generation_time_s; using generation worker tok/s/GPU; paired baseline rerun with policy.sequence_packing.fuse_loss=false; compare against the recipe-default fuse_loss=true baseline with the same model/mode/OSL,,steps 2-20 (19 metrics),CG-off,False,precomputed,pre-july-canonical,docs/lyris_nemorl_perfcfg_specdec_combined_prejuly_20260701.csv,,,,completed,,,,,,,,,,,,,,,,,,,False,,
2152194,Qwen3-30B-A3B,async-1off,Eagle-3,20.0,4096.0,,1.0,1.0,,,,,,,,,,,,,,,,,,docs/lyris_nemorl_perfcfg_step20_live_speedups_20260618.csv,True,,,,,false,,,,,,,19.0,,,20.0,,,,,,,,,,,,tmp/lyris_nemorl_perfcfg_step20_20260618_logs/lustre/fsw/coreai_dlalgo_llm/users/sna/nemorl_reference_runs/20260618_lyris_nemorl_qwen30_qwen32_recipe_osl_eagle3_contextguard_retry/logs/qwen30ba3b_async1off_eagle3/2152194-logs/ray-driver.log,338.15736842105264,,,,,1227.0315789473684,2510.3900000000003,,,,,,,,,,,,,,,,,,COMPLETED,,,,,eagle3_k3,Qwen3-30B-A3B,lyris,Lyris Qwen30/Qwen32 PerfCfg OSL4096 2026-06-18,"performance recipe default, enforce_eager=true (CUDA graph disabled), temp=1.0/top_p=1.0, step>=2 live summary",2.0,19/20 last 20,1.2562135247025286,1.2478122501148066,,1.2586214141967536,performance recipe default,,partial_usable_with_errors,usable metrics; driver ended with NCCL shutdown warning; async log omits generation_time_s; using generation worker tok/s/GPU; patched Eagle-3 retry with SpecDec context guard; recipe OSL unchanged,,steps 2-20 (19 metrics),CG-off,False,precomputed,pre-july-canonical,docs/lyris_nemorl_perfcfg_specdec_combined_prejuly_20260701.csv,,,,completed,,,,,,,,,,,,,,,,,,,False,,
2152223,Qwen3-30B-A3B,async-1off,PARD-2,20.0,4096.0,,1.0,1.0,,,,,,,,,,,,,,,,,,docs/lyris_nemorl_perfcfg_step20_live_speedups_20260618.csv,True,,,,,,,,,,,,0.0,,,20.0,,,,,,,,,,,,,,,,,,,,,,,,,,,,,,,,,,,,,CANCELLED by 2001147693,,,,,pard2,Qwen3-30B-A3B,lyris,Lyris Qwen30/Qwen32 PerfCfg OSL4096 2026-06-18,"performance recipe default, enforce_eager=true (CUDA graph disabled), temp=1.0/top_p=1.0, step>=2 live summary",2.0,0/20,,,,,performance recipe default,,waiting metrics,waiting for first parsed NeMo-RL step; cancelled after qwen30 sync PARD-2 proved deterministic target-feature shape mismatch; no compatible public Qwen3 PARD-2 drafter found for Qwen3-30B-A3B,,"partial: 0/20 metrics, last step 20",CG-off,False,unmatched_baseline,pre-july-canonical,docs/lyris_nemorl_perfcfg_specdec_combined_prejuly_20260701.csv,,,,failed,,,,,,,,,,,,,,,,,,,False,,
2152139,Qwen3-30B-A3B,async-1off,PARD K=5,20.0,4096.0,,1.0,1.0,,,,,,,,,,,,,,,,,,docs/lyris_nemorl_perfcfg_step20_live_speedups_20260618.csv,True,,,,,,,,,,,,19.0,,,20.0,,,,,,,,,,,,tmp/lyris_nemorl_perfcfg_step20_20260618_logs/lustre/fsw/coreai_dlalgo_llm/users/sna/nemorl_reference_runs/20260618_lyris_nemorl_qwen30_qwen32_recipe_osl_bestk_step20/logs/qwen30ba3b_async1off_pard/2152139-logs/ray-driver.log,450.6205263157895,,,,,933.6042105263158,1894.6194736842103,,,,,,,,,,,,,,,,,,COMPLETED,,,,,pard_k5,Qwen3-30B-A3B,lyris,Lyris Qwen30/Qwen32 PerfCfg OSL4096 2026-06-18,"performance recipe default, enforce_eager=true (CUDA graph disabled), temp=1.0/top_p=1.0, step>=2 live summary",2.0,19/20 last 20,0.9480784288524458,0.9494154760490228,,0.9445022594574264,performance recipe default,,partial_usable_with_errors,usable metrics; driver ended with NCCL shutdown warning; async log omits generation_time_s; using generation worker tok/s/GPU,,steps 2-20 (19 metrics),CG-off,False,precomputed,pre-july-canonical,docs/lyris_nemorl_perfcfg_specdec_combined_prejuly_20260701.csv,,,,completed,,,,,,,,,,,,,,,,,,,False,,
2152138,Qwen3-30B-A3B,async-1off,Suffix,20.0,4096.0,,1.0,1.0,,,,,,,,,,,,,,,,,,docs/lyris_nemorl_perfcfg_step20_live_speedups_20260618.csv,True,,,,,,,,,,,,19.0,,,20.0,,,,,,,,,,,,tmp/lyris_nemorl_perfcfg_step20_20260618_logs/lustre/fsw/coreai_dlalgo_llm/users/sna/nemorl_reference_runs/20260618_lyris_nemorl_qwen30_qwen32_recipe_osl_bestk_step20/logs/qwen30ba3b_async1off_suffix/2152138-logs/ray-driver.log,477.2184210526316,,,,,882.0326315789473,1794.6721052631576,,,,,,,,,,,,,,,,,,COMPLETED,,,,,suffix_k32,Qwen3-30B-A3B,lyris,Lyris Qwen30/Qwen32 PerfCfg OSL4096 2026-06-18,"performance recipe default, enforce_eager=true (CUDA graph disabled), temp=1.0/top_p=1.0, step>=2 live summary",2.0,19/20 last 20,0.8980641936264638,0.8969704949479702,,0.8918601765714695,performance recipe default,,partial_usable_with_errors,usable metrics; driver ended with NCCL shutdown warning; async log omits generation_time_s; using generation worker tok/s/GPU,,steps 2-20 (19 metrics),CG-off,False,precomputed,pre-july-canonical,docs/lyris_nemorl_perfcfg_specdec_combined_prejuly_20260701.csv,,,,completed,,,,,,,,,,,,,,,,,,,False,,
3334218,Qwen3-30B-A3B,sync,baseline,20.0,1024.0,,1.0,1.0,,,,,,,,,,,,,,,,,,docs/nemorl_integrated_specdec_results_clean_20260617.csv,True,,,,,False,,,,,,,20.0,,,20.0,,,,,,,,,,,,docs/oci_hsg_mathrl_multimodel_specdec_step20_live_summary_20260616.csv; remote sacct 2026-06-17,290.248,211.283,,,,125.7435,172.567,,,,,,,,,,,,,,,,,,COMPLETED,0:0,,,,baseline,Qwen3-30B-A3B,oci-hsg,OCI-HSG Qwen30/Qwen32 Math-RL OSL1024 2026-06-16,performance recipe temp1 max_new_tokens1024,2.0,20/20,1.0,1.0,1.0,1.0,,,complete,matched baseline,,steps 1-20 (20 metrics),CG-off,False,baseline,pre-july-canonical,docs/lyris_nemorl_perfcfg_specdec_combined_prejuly_20260701.csv,,,,completed,,,,,,,,,,,,,,,,,,,False,,
3333528,Qwen3-30B-A3B,sync,eagle3,20.0,1024.0,,1.0,1.0,,,,,,,,,,,,,,,,,,docs/nemorl_integrated_specdec_results_clean_20260617.csv,True,,,,,false,,,,,,,20.0,,,20.0,,,,,,,,,,,64.7547,docs/oci_hsg_mathrl_multimodel_specdec_step20_live_summary_20260616.csv; remote sacct 2026-06-17,161.08,89.8225,,,,227.419,406.4535,,,,,,,,2.9422,,,,,,,,,,COMPLETED,0:0,,,,eagle3_k3,Qwen3-30B-A3B,oci-hsg,OCI-HSG Qwen30/Qwen32 Math-RL OSL1024 2026-06-16,performance recipe temp1 max_new_tokens1024,2.0,20/20,2.355,1.809,2.3522280052325417,1.8018872609883283,,,complete,,,steps 1-20 (20 metrics),CG-off,False,precomputed,pre-july-canonical,docs/lyris_nemorl_perfcfg_specdec_combined_prejuly_20260701.csv,,,,completed,,,,,,,,,,,,,,,,,,,False,,
3333527,Qwen3-30B-A3B,sync,pard2_8b,20.0,1024.0,,1.0,1.0,,,,,,,,,,,,,,,,,,docs/nemorl_integrated_specdec_results_clean_20260617.csv,True,,,,,False,,,,,,,0.0,,,1.0,,,,,,,,,,,,,,,,,,,,,,,,,,,,,,,,,,,,,FAILED,1:0,,,,pard2_8b,Qwen3-30B-A3B,oci-hsg,OCI-HSG Qwen30/Qwen32 Math-RL OSL1024 2026-06-16,performance recipe temp1 max_new_tokens1024,2.0,0/20,,,,,,,failed before a completed step; failure detail not parsed in clean artifact,docs/oci_hsg_mathrl_multimodel_specdec_step20_live_summary_20260616.csv; remote sacct 2026-06-17,,"partial: 0/20 metrics, last step 1",CG-off,False,unmatched_baseline,pre-july-canonical,docs/lyris_nemorl_perfcfg_specdec_combined_prejuly_20260701.csv,,,,failed,,,,,,,,,,,,,,,,,,,False,,
3333526,Qwen3-30B-A3B,sync,pard,20.0,1024.0,,1.0,1.0,,,,,,,,,,,,,,,,,,docs/nemorl_integrated_specdec_results_clean_20260617.csv,True,,,,,False,,,,,,,20.0,,,20.0,,,,,,,,,,,50.8293,docs/oci_hsg_mathrl_multimodel_specdec_step20_live_summary_20260616.csv; remote sacct 2026-06-17,178.1765,100.4075,,,,205.147,363.707,,,,,,,,3.5414,,,,,,,,,,COMPLETED,0:0,,,,pard_k5,Qwen3-30B-A3B,oci-hsg,OCI-HSG Qwen30/Qwen32 Math-RL OSL1024 2026-06-16,performance recipe temp1 max_new_tokens1024,2.0,20/20,2.108,1.631,2.104255160222095,1.628991477551753,,,complete,,,steps 1-20 (20 metrics),CG-off,False,precomputed,pre-july-canonical,docs/lyris_nemorl_perfcfg_specdec_combined_prejuly_20260701.csv,,,,completed,,,,,,,,,,,,,,,,,,,False,,
3333715,Qwen3-30B-A3B,sync,suffix,20.0,1024.0,,1.0,1.0,,,,,,,,,,,,,,,,,,docs/nemorl_integrated_specdec_results_clean_20260617.csv,True,,,,,False,,,,,,,20.0,,,20.0,,,,,,,,,,,35.6164,docs/oci_hsg_mathrl_multimodel_specdec_step20_live_summary_20260616.csv; remote sacct 2026-06-17,179.23,108.935,,,,204.0035,335.9465,,,,,,,,2.6431,,,,,,,,,,COMPLETED,0:0,,,,suffix_k32,Qwen3-30B-A3B,oci-hsg,OCI-HSG Qwen30/Qwen32 Math-RL OSL1024 2026-06-16,performance recipe temp1 max_new_tokens1024,2.0,20/20,1.947,1.622,1.9395327488869507,1.6194163923450315,,,complete,,,steps 1-20 (20 metrics),CG-off,False,precomputed,pre-july-canonical,docs/lyris_nemorl_perfcfg_specdec_combined_prejuly_20260701.csv,,,,completed,,,,,,,,,,,,,,,,,,,False,,
2152132,Qwen3-30B-A3B,sync,baseline,20.0,4096.0,,1.0,1.0,,,,,,,,,,,,,,,,,,docs/lyris_nemorl_perfcfg_step20_live_speedups_20260618.csv,True,,,,,,,,,,,,19.0,,,20.0,,,,,,,,,,,,tmp/lyris_nemorl_perfcfg_step20_20260618_logs/lustre/fsw/coreai_dlalgo_llm/users/sna/nemorl_reference_runs/20260618_lyris_nemorl_qwen30_qwen32_recipe_osl_bestk_step20/logs/qwen30ba3b_sync_baseline/2152132-logs/ray-driver.log,421.7084210526316,278.46736842105264,,,,985.8552631578948,1500.0731578947368,,,,,,,,,,,,,,,,,,COMPLETED,,,,,baseline,Qwen3-30B-A3B,lyris,Lyris Qwen30/Qwen32 PerfCfg OSL4096 2026-06-18,"performance recipe default, enforce_eager=true (CUDA graph disabled), temp=1.0/top_p=1.0, step>=2 live summary",2.0,19/20 last 20,1.0,1.0,1.0,1.0,performance recipe default,,partial_usable,live partial,,steps 2-20 (19 metrics),CG-off,False,baseline,pre-july-canonical,docs/lyris_nemorl_perfcfg_specdec_combined_prejuly_20260701.csv,,,,completed,,,,,,,,,,,,,,,,,,,False,,
2152320,Qwen3-30B-A3B,sync,baseline fuse_loss=false,20.0,4096.0,,1.0,1.0,,,,,,,,,,,,,,,,,,docs/lyris_nemorl_perfcfg_step20_live_speedups_20260618.csv,True,,,,,,,,,,,,19.0,,,20.0,,,,,,,,,,,,tmp/lyris_nemorl_perfcfg_step20_20260618_logs/20260618_lyris_nemorl_fuse_loss_false_qwen30_qwen32_baseline_step20/logs/qwen30ba3b_sync_baseline/2152320-logs/ray-driver.log,449.70842105263154,299.29894736842107,,,,924.4684210526316,1395.0678947368422,,,,,,,,,,,,,,,,,,COMPLETED,,,,,baseline_fuselossfalse,Qwen3-30B-A3B,lyris,Lyris Qwen30/Qwen32 PerfCfg OSL4096 2026-06-18,"performance recipe default, enforce_eager=true (CUDA graph disabled), temp=1.0/top_p=1.0, step>=2 live summary",2.0,19/20 last 20,0.9299999052677782,0.9377323990657326,0.9303987563921304,0.9377374345482336,performance recipe default,,partial_usable,live partial; paired baseline rerun with policy.sequence_packing.fuse_loss=false; compare against the recipe-default fuse_loss=true baseline with the same model/mode/OSL,,steps 2-20 (19 metrics),CG-off,False,precomputed,pre-july-canonical,docs/lyris_nemorl_perfcfg_specdec_combined_prejuly_20260701.csv,,,,completed,,,,,,,,,,,,,,,,,,,False,,
2152193,Qwen3-30B-A3B,sync,Eagle-3,20.0,4096.0,,1.0,1.0,,,,,,,,,,,,,,,,,,docs/lyris_nemorl_perfcfg_step20_live_speedups_20260618.csv,True,,,,,false,,,,,,,19.0,,,20.0,,,,,,,,,,,63.93987614404589,tmp/lyris_nemorl_perfcfg_step20_20260618_logs/lustre/fsw/coreai_dlalgo_llm/users/sna/nemorl_reference_runs/20260618_lyris_nemorl_qwen30_qwen32_recipe_osl_eagle3_contextguard_retry/logs/qwen30ba3b_sync_eagle3/2152193-logs/ray-driver.log,299.4005263157895,127.75263157894736,,,,1371.578947368421,3226.283157894737,,,,,,,,2.873314154236251,,,,,,,,,,COMPLETED,,,,,eagle3_k3,Qwen3-30B-A3B,lyris,Lyris Qwen30/Qwen32 PerfCfg OSL4096 2026-06-18,"performance recipe default, enforce_eager=true (CUDA graph disabled), temp=1.0/top_p=1.0, step>=2 live summary",2.0,19/20 last 20,2.1507505423419704,1.391257924591258,2.179738804432909,1.4085092843418692,performance recipe default,,partial_usable,live partial; patched Eagle-3 retry with SpecDec context guard; recipe OSL unchanged,,steps 2-20 (19 metrics),CG-off,False,precomputed,pre-july-canonical,docs/lyris_nemorl_perfcfg_specdec_combined_prejuly_20260701.csv,,,,completed,,,,,,,,,,,,,,,,,,,False,,
2152222,Qwen3-30B-A3B,sync,PARD-2,20.0,4096.0,,1.0,1.0,,,,,,,,,,,,,,,,,,docs/lyris_nemorl_perfcfg_step20_live_speedups_20260618.csv,True,,,,,,,,,,,,0.0,,,20.0,,,,,,,,,,,,,,,,,,,,,,,,,,,,,,,,,,,,,FAILED,,,,,pard2,Qwen3-30B-A3B,lyris,Lyris Qwen30/Qwen32 PerfCfg OSL4096 2026-06-18,"performance recipe default, enforce_eager=true (CUDA graph disabled), temp=1.0/top_p=1.0, step>=2 live summary",2.0,0/20,,,,,performance recipe default,,waiting metrics,"waiting for first parsed NeMo-RL step; unsupported with available AMD Qwen3 PARD-2 drafters: Qwen30 target features are 8192-dim, PARD2-Qwen3-8B expects 16384, and PARD2-Qwen3-14B expects 20480",,"partial: 0/20 metrics, last step 20",CG-off,False,unmatched_baseline,pre-july-canonical,docs/lyris_nemorl_perfcfg_specdec_combined_prejuly_20260701.csv,,,,failed,,,,,,,,,,,,,,,,,,,False,,
2152135,Qwen3-30B-A3B,sync,PARD K=5,20.0,4096.0,,1.0,1.0,,,,,,,,,,,,,,,,,,docs/lyris_nemorl_perfcfg_step20_live_speedups_20260618.csv,True,,,,,,,,,,,,19.0,,,20.0,,,,,,,,,,,36.58622551089964,tmp/lyris_nemorl_perfcfg_step20_20260618_logs/lustre/fsw/coreai_dlalgo_llm/users/sna/nemorl_reference_runs/20260618_lyris_nemorl_qwen30_qwen32_recipe_osl_bestk_step20/logs/qwen30ba3b_sync_pard/2152135-logs/ray-driver.log,427.46578947368425,280.9078947368421,,,,970.5078947368422,1477.9763157894736,,,,,,,,2.288923010113093,,,,,,,,,,COMPLETED,,,,,pard_k5,Qwen3-30B-A3B,lyris,Lyris Qwen30/Qwen32 PerfCfg OSL4096 2026-06-18,"performance recipe default, enforce_eager=true (CUDA graph disabled), temp=1.0/top_p=1.0, step>=2 live summary",2.0,19/20 last 20,0.9852694903652068,0.9844324324324326,0.9913120052461476,0.9865313937095612,performance recipe default,,partial_usable,live partial,,steps 2-20 (19 metrics),CG-off,False,precomputed,pre-july-canonical,docs/lyris_nemorl_perfcfg_specdec_combined_prejuly_20260701.csv,,,,completed,,,,,,,,,,,,,,,,,,,False,,
2152134,Qwen3-30B-A3B,sync,Suffix,20.0,4096.0,,1.0,1.0,,,,,,,,,,,,,,,,,,docs/lyris_nemorl_perfcfg_step20_live_speedups_20260618.csv,True,,,,,,,,,,,,19.0,,,20.0,,,,,,,,,,,11.28937986656041,tmp/lyris_nemorl_perfcfg_step20_20260618_logs/lustre/fsw/coreai_dlalgo_llm/users/sna/nemorl_reference_runs/20260618_lyris_nemorl_qwen30_qwen32_recipe_osl_bestk_step20/logs/qwen30ba3b_sync_suffix/2152134-logs/ray-driver.log,415.24368421052634,239.9936842105263,,,,999.6747368421052,1731.0784210526317,,,,,,,,1.8382095038943376,,,,,,,,,,COMPLETED,,,,,suffix_k32,Qwen3-30B-A3B,lyris,Lyris Qwen30/Qwen32 PerfCfg OSL4096 2026-06-18,"performance recipe default, enforce_eager=true (CUDA graph disabled), temp=1.0/top_p=1.0, step>=2 live summary",2.0,19/20 last 20,1.1539959980899177,1.014017751084418,1.1603112362606034,1.0155685374345818,performance recipe default,,partial_usable_with_errors,usable metrics; driver ended with NCCL shutdown warning,,steps 2-20 (19 metrics),CG-off,False,precomputed,pre-july-canonical,docs/lyris_nemorl_perfcfg_specdec_combined_prejuly_20260701.csv,,,,completed,,,,,,,,,,,,,,,,,,,False,,
2152144,Qwen3-32B,async-1off,baseline,20.0,4096.0,,1.0,1.0,,,,,,,,,,,,,,,,,,docs/lyris_nemorl_perfcfg_step20_live_speedups_20260618.csv,True,,,,,,,,,,,,19.0,,,20.0,,,,,,,,,,,,tmp/lyris_nemorl_perfcfg_step20_20260618_logs/lustre/fsw/coreai_dlalgo_llm/users/sna/nemorl_reference_runs/20260618_lyris_nemorl_qwen30_qwen32_recipe_osl_bestk_step20/logs/qwen32_async1off_baseline/2152144-logs/ray-driver.log,227.4515789473684,,,,,938.1736842105264,1910.517894736842,,,,,,,,,,,,,,,,,,COMPLETED,,,,,baseline,Qwen3-32B,lyris,Lyris Qwen30/Qwen32 PerfCfg OSL4096 2026-06-18,"performance recipe default, enforce_eager=true (CUDA graph disabled), temp=1.0/top_p=1.0, step>=2 live summary",2.0,19/20 last 20,1.0,1.0,,1.0,performance recipe default,,partial_usable_with_errors,usable metrics; driver ended with NCCL shutdown warning; async log omits generation_time_s; using generation worker tok/s/GPU,,steps 2-20 (19 metrics),CG-off,False,baseline,pre-july-canonical,docs/lyris_nemorl_perfcfg_specdec_combined_prejuly_20260701.csv,,,,completed,,,,,,,,,,,,,,,,,,,False,,
2152323,Qwen3-32B,async-1off,baseline fuse_loss=false,20.0,4096.0,,1.0,1.0,,,,,,,,,,,,,,,,,,docs/lyris_nemorl_perfcfg_step20_live_speedups_20260618.csv,True,,,,,,,,,,,,0.0,,,20.0,,,,,,,,,,,,,,,,,,,,,,,,,,,,,,,,,,,,,FAILED,,,,,baseline_fuselossfalse,Qwen3-32B,lyris,Lyris Qwen30/Qwen32 PerfCfg OSL4096 2026-06-18,"performance recipe default, enforce_eager=true (CUDA graph disabled), temp=1.0/top_p=1.0, step>=2 live summary",2.0,0/20,,,,,performance recipe default,,waiting metrics,waiting for first parsed NeMo-RL step; paired baseline rerun with policy.sequence_packing.fuse_loss=false; compare against the recipe-default fuse_loss=true baseline with the same model/mode/OSL; superseded: qwen32 fuse_loss=false override failed because policy.sequence_packing.fuse_loss was not in the Hydra struct,,"partial: 0/20 metrics, last step 20",CG-off,False,unmatched_baseline,pre-july-canonical,docs/lyris_nemorl_perfcfg_specdec_combined_prejuly_20260701.csv,,,,failed,,,,,,,,,,,,,,,,,,,False,,
2152344,Qwen3-32B,async-1off,baseline fuse_loss=false,20.0,4096.0,,1.0,1.0,,,,,,,,,,,,,,,,,,docs/lyris_nemorl_perfcfg_step20_live_speedups_20260618.csv,True,,,,,,,,,,,,19.0,,,20.0,,,,,,,,,,,,tmp/lyris_nemorl_perfcfg_step20_20260618_logs/lustre/fsw/coreai_dlalgo_llm/users/sna/nemorl_reference_runs/20260618_lyris_nemorl_fuse_loss_false_qwen32_baseline_step20_retry_addkey/logs/qwen32_async1off_baseline/2152344-logs/ray-driver.log,238.57263157894735,,,,,912.557894736842,1864.5284210526315,,,,,,,,,,,,,,,,,,COMPLETED,,,,,baseline_fuselossfalse,Qwen3-32B,lyris,Lyris Qwen30/Qwen32 PerfCfg OSL4096 2026-06-18,"performance recipe default, enforce_eager=true (CUDA graph disabled), temp=1.0/top_p=1.0, step>=2 live summary",2.0,19/20 last 20,0.9759282685543518,0.9726961117063948,,0.9533850443867916,performance recipe default,,partial_usable_with_errors,usable metrics; driver ended with NCCL shutdown warning; async log omits generation_time_s; using generation worker tok/s/GPU; qwen32 fuse_loss=false retry using ++policy.sequence_packing.fuse_loss=false; recipe OSL unchanged,,steps 2-20 (19 metrics),CG-off,False,precomputed,pre-july-canonical,docs/lyris_nemorl_perfcfg_specdec_combined_prejuly_20260701.csv,,,,completed,,,,,,,,,,,,,,,,,,,False,,
2152196,Qwen3-32B,async-1off,Eagle-3,20.0,4096.0,,1.0,1.0,,,,,,,,,,,,,,,,,,docs/lyris_nemorl_perfcfg_step20_live_speedups_20260618.csv,True,,,,,false,,,,,,,19.0,,,20.0,,,,,,,,,,,,tmp/lyris_nemorl_perfcfg_step20_20260618_logs/lustre/fsw/coreai_dlalgo_llm/users/sna/nemorl_reference_runs/20260618_lyris_nemorl_qwen30_qwen32_recipe_osl_eagle3_contextguard_retry/logs/qwen32_async1off_eagle3/2152196-logs/ray-driver.log,189.0457894736842,,,,,1114.5952631578948,2281.865263157895,,,,,,,,,,,,,,,,,,COMPLETED,,,,,eagle3_k3,Qwen3-32B,lyris,Lyris Qwen30/Qwen32 PerfCfg OSL4096 2026-06-18,"performance recipe default, enforce_eager=true (CUDA graph disabled), temp=1.0/top_p=1.0, step>=2 live summary",2.0,19/20 last 20,1.1943700027327946,1.1880478869920843,,1.2031560162255317,performance recipe default,,partial_usable_with_errors,usable metrics; driver ended with NCCL shutdown warning; async log omits generation_time_s; using generation worker tok/s/GPU; patched Eagle-3 retry with SpecDec context guard; recipe OSL unchanged,,steps 2-20 (19 metrics),CG-off,False,precomputed,pre-july-canonical,docs/lyris_nemorl_perfcfg_specdec_combined_prejuly_20260701.csv,,,,completed,,,,,,,,,,,,,,,,,,,False,,
2152218,Qwen3-32B,async-1off,PARD-2,20.0,4096.0,,1.0,1.0,,,,,,,,,,,,,,,,,,docs/lyris_nemorl_perfcfg_step20_live_speedups_20260618.csv,True,,,,,,,,,,,,19.0,,,20.0,,,,,,,,,,,,tmp/lyris_nemorl_perfcfg_step20_20260618_logs/lustre/fsw/coreai_dlalgo_llm/users/sna/nemorl_reference_runs/20260618_lyris_nemorl_qwen30_qwen32_recipe_osl_pard2_step20_retry_globalcache/logs/qwen32_async1off_pard2/2152218-logs/ray-driver.log,339.2626315789474,,,,,659.9973684210527,1344.173157894737,,,,,,,,,,,,,,,,,,COMPLETED,,,,,pard2,Qwen3-32B,lyris,Lyris Qwen30/Qwen32 PerfCfg OSL4096 2026-06-18,"performance recipe default, enforce_eager=true (CUDA graph disabled), temp=1.0/top_p=1.0, step>=2 live summary",2.0,19/20 last 20,0.7035648091010871,0.7034916663394165,,0.6704292125802243,performance recipe default,,partial_usable_with_errors,usable metrics; driver ended with NCCL shutdown warning; async log omits generation_time_s; using generation worker tok/s/GPU; PARD-2 retry using shared patched vLLM source site cache; recipe OSL unchanged,,steps 2-20 (19 metrics),CG-off,False,precomputed,pre-july-canonical,docs/lyris_nemorl_perfcfg_specdec_combined_prejuly_20260701.csv,,,,completed,,,,,,,,,,,,,,,,,,,False,,
2152147,Qwen3-32B,async-1off,PARD K=5,20.0,4096.0,,1.0,1.0,,,,,,,,,,,,,,,,,,docs/lyris_nemorl_perfcfg_step20_live_speedups_20260618.csv,True,,,,,,,,,,,,19.0,,,20.0,,,,,,,,,,,,tmp/lyris_nemorl_perfcfg_step20_20260618_logs/lustre/fsw/coreai_dlalgo_llm/users/sna/nemorl_reference_runs/20260618_lyris_nemorl_qwen30_qwen32_recipe_osl_bestk_step20/logs/qwen32_async1off_pard/2152147-logs/ray-driver.log,244.6405263157895,,,,,881.4342105263158,1794.2421052631578,,,,,,,,,,,,,,,,,,COMPLETED,,,,,pard_k5,Qwen3-32B,lyris,Lyris Qwen30/Qwen32 PerfCfg OSL4096 2026-06-18,"performance recipe default, enforce_eager=true (CUDA graph disabled), temp=1.0/top_p=1.0, step>=2 live summary",2.0,19/20 last 20,0.9391391256820968,0.9395213544793076,,0.929737939877414,performance recipe default,,partial_usable_with_errors,usable metrics; driver ended with NCCL shutdown warning; async log omits generation_time_s; using generation worker tok/s/GPU,,steps 2-20 (19 metrics),CG-off,False,precomputed,pre-july-canonical,docs/lyris_nemorl_perfcfg_specdec_combined_prejuly_20260701.csv,,,,completed,,,,,,,,,,,,,,,,,,,False,,
2152146,Qwen3-32B,async-1off,Suffix,20.0,4096.0,,1.0,1.0,,,,,,,,,,,,,,,,,,docs/lyris_nemorl_perfcfg_step20_live_speedups_20260618.csv,True,,,,,,,,,,,,19.0,,,20.0,,,,,,,,,,,,tmp/lyris_nemorl_perfcfg_step20_20260618_logs/lustre/fsw/coreai_dlalgo_llm/users/sna/nemorl_reference_runs/20260618_lyris_nemorl_qwen30_qwen32_recipe_osl_bestk_step20/logs/qwen32_async1off_suffix/2152146-logs/ray-driver.log,494.8905263157895,,,,,431.7052631578947,873.3168421052632,,,,,,,,,,,,,,,,,,COMPLETED,,,,,suffix_k32,Qwen3-32B,lyris,Lyris Qwen30/Qwen32 PerfCfg OSL4096 2026-06-18,"performance recipe default, enforce_eager=true (CUDA graph disabled), temp=1.0/top_p=1.0, step>=2 live summary",2.0,19/20 last 20,0.4571100037906503,0.4601549483038153,,0.4595997838969171,performance recipe default,,partial_usable_with_errors,usable metrics; driver ended with NCCL shutdown warning; async log omits generation_time_s; using generation worker tok/s/GPU,,steps 2-20 (19 metrics),CG-off,False,precomputed,pre-july-canonical,docs/lyris_nemorl_perfcfg_specdec_combined_prejuly_20260701.csv,,,,completed,,,,,,,,,,,,,,,,,,,False,,
3334219,Qwen3-32B,sync,baseline,20.0,1024.0,,1.0,1.0,,,,,,,,,,,,,,,,,,docs/nemorl_integrated_specdec_results_clean_20260617.csv,True,,,,,False,,,,,,,20.0,,,20.0,,,,,,,,,,,,remote metric grep 2026-06-17; remote sacct 2026-06-17,528.109,480.941,,,,69.0345,75.809,,,,,,,,,,,,,,,,,,COMPLETED,0:0,,,,baseline,Qwen3-32B,oci-hsg,OCI-HSG Qwen30/Qwen32 Math-RL OSL1024 2026-06-16,performance recipe temp1 max_new_tokens1024,2.0,20/20,1.0,1.0,1.0,1.0,,,complete,final time and throughput from bounded remote metric grep,,steps 1-20 (20 metrics),CG-off,False,baseline,pre-july-canonical,docs/lyris_nemorl_perfcfg_specdec_combined_prejuly_20260701.csv,,,,completed,,,,,,,,,,,,,,,,,,,False,,
3333533,Qwen3-32B,sync,eagle3,20.0,1024.0,,1.0,1.0,,,,,,,,,,,,,,,,,,docs/nemorl_integrated_specdec_results_clean_20260617.csv,True,,,,,false,,,,,,,20.0,,,20.0,,,,,,,,,,,46.6907,docs/oci_hsg_mathrl_multimodel_specdec_step20_live_summary_20260616.csv; remote sacct 2026-06-17,297.5705,248.196,,,,122.553,146.959,,,,,,,,2.4006,,,,,,,,,,COMPLETED,0:0,,,,eagle3_k3,Qwen3-32B,oci-hsg,OCI-HSG Qwen30/Qwen32 Math-RL OSL1024 2026-06-16,performance recipe temp1 max_new_tokens1024,2.0,20/20,1.939,1.775,1.9377467807700368,1.774735734893076,,,complete,,,steps 1-20 (20 metrics),CG-off,False,precomputed,pre-july-canonical,docs/lyris_nemorl_perfcfg_specdec_combined_prejuly_20260701.csv,,,,completed,,,,,,,,,,,,,,,,,,,False,,
3333532,Qwen3-32B,sync,pard2_8b,20.0,1024.0,,1.0,1.0,,,,,,,,,,,,,,,,,,docs/nemorl_integrated_specdec_results_clean_20260617.csv,True,,,,,False,,,,,,,0.0,,,1.0,,,,,,,,,,,,,,,,,,,,,,,,,,,,,,,,,,,,,FAILED,1:0,,,,pard2_8b,Qwen3-32B,oci-hsg,OCI-HSG Qwen30/Qwen32 Math-RL OSL1024 2026-06-16,performance recipe temp1 max_new_tokens1024,2.0,0/20,,,,,,,failed before a completed step; failure detail not parsed in clean artifact,docs/oci_hsg_mathrl_multimodel_specdec_step20_live_summary_20260616.csv; remote sacct 2026-06-17,,"partial: 0/20 metrics, last step 1",CG-off,False,unmatched_baseline,pre-july-canonical,docs/lyris_nemorl_perfcfg_specdec_combined_prejuly_20260701.csv,,,,failed,,,,,,,,,,,,,,,,,,,False,,
3334113,Qwen3-32B,sync,pard2_14b,20.0,1024.0,,1.0,1.0,,,,,,,,,,,,,,,,,,docs/nemorl_integrated_specdec_results_clean_20260617.csv,True,,,,,False,,,,,,,10.0,,,11.0,,,,,,,,,,,1.6951,docs/oci_hsg_mathrl_active_refresh_summary_20260616.csv; remote sacct 2026-06-17,741.493,690.719,,,,49.357,52.988,,,,,,,,1.0507,,,,,,,,,,TIMEOUT,0:0,,,,pard2_k3,Qwen3-32B,oci-hsg,OCI-HSG Qwen30/Qwen32 Math-RL OSL1024 2026-06-16,performance recipe temp1 max_new_tokens1024,2.0,10/20,0.699,0.715,0.6962903872631272,0.7122238510680479,,,partial_timeout,10 completed parsed steps before timeout,,"partial: 10/20 metrics, last step 11",CG-off,False,precomputed,pre-july-canonical,docs/lyris_nemorl_perfcfg_specdec_combined_prejuly_20260701.csv,,,,partial,,,,,,,,,,,,,,,,,,,False,,
3333531,Qwen3-32B,sync,pard,20.0,1024.0,,1.0,1.0,,,,,,,,,,,,,,,,,,docs/nemorl_integrated_specdec_results_clean_20260617.csv,True,,,,,False,,,,,,,20.0,,,20.0,,,,,,,,,,,46.7958,docs/oci_hsg_mathrl_multimodel_specdec_step20_live_summary_20260616.csv; remote sacct 2026-06-17,287.8445,237.5955,,,,126.7935,153.642,,,,,,,,3.3395,,,,,,,,,,COMPLETED,0:0,,,,pard_k5,Qwen3-32B,oci-hsg,OCI-HSG Qwen30/Qwen32 Math-RL OSL1024 2026-06-16,performance recipe temp1 max_new_tokens1024,2.0,20/20,2.027,1.837,2.0242007950487277,1.8347024174510893,,,complete,,,steps 1-20 (20 metrics),CG-off,False,precomputed,pre-july-canonical,docs/lyris_nemorl_perfcfg_specdec_combined_prejuly_20260701.csv,,,,completed,,,,,,,,,,,,,,,,,,,False,,
3333716,Qwen3-32B,sync,suffix,20.0,1024.0,,1.0,1.0,,,,,,,,,,,,,,,,,,docs/nemorl_integrated_specdec_results_clean_20260617.csv,True,,,,,False,,,,,,,20.0,,,20.0,,,,,,,,,,,29.8925,docs/oci_hsg_mathrl_multimodel_specdec_step20_live_summary_20260616.csv; remote metric grep 2026-06-17; remote sacct 2026-06-17,322.252,271.589,,,,113.202,134.357,,,,,,,,2.2252,,,,,,,,,,COMPLETED,0:0,,,,suffix_k32,Qwen3-32B,oci-hsg,OCI-HSG Qwen30/Qwen32 Math-RL OSL1024 2026-06-16,performance recipe temp1 max_new_tokens1024,2.0,20/20,1.772,1.64,1.770841234365162,1.63880751709842,,,complete,final time and throughput from remote grep; acceptance from local partial 18 completed steps,,steps 1-20 (20 metrics),CG-off,False,precomputed,pre-july-canonical,docs/lyris_nemorl_perfcfg_specdec_combined_prejuly_20260701.csv,,,,completed,,,,,,,,,,,,,,,,,,,False,,
2152140,Qwen3-32B,sync,baseline,20.0,4096.0,,1.0,1.0,,,,,,,,,,,,,,,,,,docs/lyris_nemorl_perfcfg_step20_live_speedups_20260618.csv,True,,,,,,,,,,,,19.0,,,20.0,,,,,,,,,,,,tmp/lyris_nemorl_perfcfg_step20_20260618_logs/lustre/fsw/coreai_dlalgo_llm/users/sna/nemorl_reference_runs/20260618_lyris_nemorl_qwen30_qwen32_recipe_osl_bestk_step20/logs/qwen32_sync_baseline/2152140-logs/ray-driver.log,536.0978947368421,331.8205263157895,,,,784.9152631578947,1269.6073684210526,,,,,,,,,,,,,,,,,,COMPLETED,,,,,baseline,Qwen3-32B,lyris,Lyris Qwen30/Qwen32 PerfCfg OSL4096 2026-06-18,"performance recipe default, enforce_eager=true (CUDA graph disabled), temp=1.0/top_p=1.0, step>=2 live summary",2.0,19/20 last 20,1.0,1.0,1.0,1.0,performance recipe default,,partial_usable,live partial,,steps 2-20 (19 metrics),CG-off,False,baseline,pre-july-canonical,docs/lyris_nemorl_perfcfg_specdec_combined_prejuly_20260701.csv,,,,completed,,,,,,,,,,,,,,,,,,,False,,
2152343,Qwen3-32B,sync,baseline fuse_loss=false,20.0,4096.0,,1.0,1.0,,,,,,,,,,,,,,,,,,docs/lyris_nemorl_perfcfg_step20_live_speedups_20260618.csv,True,,,,,,,,,,,,19.0,,,20.0,,,,,,,,,,,,tmp/lyris_nemorl_perfcfg_step20_20260618_logs/20260618_lyris_nemorl_fuse_loss_false_qwen32_baseline_step20_retry_addkey/logs/qwen32_sync_baseline/2152343-logs/ray-driver.log,544.0821052631578,331.1589473684211,,,,774.1194736842106,1272.8657894736843,,,,,,,,,,,,,,,,,,COMPLETED,,,,,baseline_fuselossfalse,Qwen3-32B,lyris,Lyris Qwen30/Qwen32 PerfCfg OSL4096 2026-06-18,"performance recipe default, enforce_eager=true (CUDA graph disabled), temp=1.0/top_p=1.0, step>=2 live summary",2.0,19/20 last 20,1.002566479317684,0.9862459172595902,1.0019977686021342,0.985325357240974,performance recipe default,,partial_usable,live partial; qwen32 fuse_loss=false retry using ++policy.sequence_packing.fuse_loss=false; recipe OSL unchanged,,steps 2-20 (19 metrics),CG-off,False,precomputed,pre-july-canonical,docs/lyris_nemorl_perfcfg_specdec_combined_prejuly_20260701.csv,,,,completed,,,,,,,,,,,,,,,,,,,False,,
2152195,Qwen3-32B,sync,Eagle-3,20.0,4096.0,,1.0,1.0,,,,,,,,,,,,,,,,,,docs/lyris_nemorl_perfcfg_step20_live_speedups_20260618.csv,True,,,,,false,,,,,,,19.0,,,20.0,,,,,,,,,,,45.150963225327686,tmp/lyris_nemorl_perfcfg_step20_20260618_logs/lustre/fsw/coreai_dlalgo_llm/users/sna/nemorl_reference_runs/20260618_lyris_nemorl_qwen30_qwen32_recipe_osl_eagle3_contextguard_retry/logs/qwen32_sync_eagle3/2152195-logs/ray-driver.log,395.2015789473684,192.64263157894737,,,,1045.7410526315791,2150.331052631579,,,,,,,,2.329656620248645,,,,,,,,,,COMPLETED,,,,,eagle3_k3,Qwen3-32B,lyris,Lyris Qwen30/Qwen32 PerfCfg OSL4096 2026-06-18,"performance recipe default, enforce_eager=true (CUDA graph disabled), temp=1.0/top_p=1.0, step>=2 live summary",2.0,19/20 last 20,1.693697678602668,1.332298022113014,1.7224667437114265,1.356517593286837,performance recipe default,,partial_usable,live partial; patched Eagle-3 retry with SpecDec context guard; recipe OSL unchanged,,steps 2-20 (19 metrics),CG-off,False,precomputed,pre-july-canonical,docs/lyris_nemorl_perfcfg_specdec_combined_prejuly_20260701.csv,,,,completed,,,,,,,,,,,,,,,,,,,False,,
2152224,Qwen3-32B,sync,PARD-2,20.0,4096.0,,1.0,1.0,,,,,,,,,,,,,,,,,,docs/lyris_nemorl_perfcfg_step20_live_speedups_20260618.csv,True,,,,,,,,,,,,16.0,,,20.0,,,,,,,,,,,1.0164130580207642,tmp/lyris_nemorl_perfcfg_step20_20260618_logs/lustre/fsw/coreai_dlalgo_llm/users/sna/nemorl_reference_runs/20260618_lyris_nemorl_qwen32_sync_recipe_osl_pard2_step20_retry_staticcheck/logs/qwen32_sync_pard2/2152224-logs/ray-driver.log,802.660625,601.698125,,,,515.56125,688.0756250000001,,,,,,,,1.048664302429012,,,,,,,,,,TIMEOUT,,,,,pard2,Qwen3-32B,lyris,Lyris Qwen30/Qwen32 PerfCfg OSL4096 2026-06-18,"performance recipe default, enforce_eager=true (CUDA graph disabled), temp=1.0/top_p=1.0, step>=2 live summary",2.0,16/20 last 18,0.5419593821794886,0.656836825832356,0.5514734258408891,0.6679010755471432,performance recipe default,,partial_usable,live partial; PARD-2 retry after static patched-vLLM source validation fallback; recipe OSL unchanged,,"partial: 16/20 metrics, last step 20",CG-off,False,precomputed,pre-july-canonical,docs/lyris_nemorl_perfcfg_specdec_combined_prejuly_20260701.csv,,,,partial,,,,,,,,,,,,,,,,,,,False,,
2152474,Qwen3-32B,sync,PARD-2,20.0,4096.0,,1.0,1.0,,,,,,,,,,,,,,,,,,docs/lyris_nemorl_perfcfg_step20_live_speedups_20260618.csv,True,,,,,,,,,,,,0.0,,,20.0,,,,,,,,,,,,,,,,,,,,,,,,,,,,,,,,,,,,,FAILED,,,,,pard2,Qwen3-32B,lyris,Lyris Qwen30/Qwen32 PerfCfg OSL4096 2026-06-18,"performance recipe default, enforce_eager=true (CUDA graph disabled), temp=1.0/top_p=1.0, step>=2 live summary",2.0,0/20,,,,,performance recipe default,,waiting metrics,waiting for first parsed NeMo-RL step; superseded retry failed before GRPO because no Python executable in the job environment could import vLLM to build a fresh PARD-2 patched site,,"partial: 0/20 metrics, last step 20",CG-off,False,unmatched_baseline,pre-july-canonical,docs/lyris_nemorl_perfcfg_specdec_combined_prejuly_20260701.csv,,,,failed,,,,,,,,,,,,,,,,,,,False,,
2152532,Qwen3-32B,sync,PARD-2,20.0,4096.0,,1.0,1.0,,,,,,,,,,,,,,,,,,docs/lyris_nemorl_perfcfg_step20_live_speedups_20260618.csv,True,,,,,,,,,,,,19.0,,,20.0,,,,,,,,,,,1.0044261989874397,tmp/lyris_nemorl_perfcfg_step20_20260618_logs/20260618_lyris_nemorl_qwen32_sync_recipe_osl_pard2_step20_retry_global_pard2_site/logs/qwen32_sync_pard2/2152532-logs/ray-driver.log,873.437894736842,677.1678947368422,,,,479.5631578947369,623.9194736842105,,,,,,,,1.0479029095512342,,,,,,,,,,COMPLETED,,,,,pard2,Qwen3-32B,lyris,Lyris Qwen30/Qwen32 PerfCfg OSL4096 2026-06-18,"performance recipe default, enforce_eager=true (CUDA graph disabled), temp=1.0/top_p=1.0, step>=2 live summary",2.0,19/20 last 20,0.4914271051058471,0.6109744330430573,0.4900121947522926,0.613779065423264,performance recipe default,,partial_usable,live partial; PARD-2 retry reusing the global patched vLLM site to avoid per-run vLLM import/build failure; recipe OSL unchanged,,steps 2-20 (19 metrics),CG-off,False,precomputed,pre-july-canonical,docs/lyris_nemorl_perfcfg_specdec_combined_prejuly_20260701.csv,,,,completed,,,,,,,,,,,,,,,,,,,False,,
2152143,Qwen3-32B,sync,PARD K=5,20.0,4096.0,,1.0,1.0,,,,,,,,,,,,,,,,,,docs/lyris_nemorl_perfcfg_step20_live_speedups_20260618.csv,True,,,,,,,,,,,,19.0,,,20.0,,,,,,,,,,,31.779866316811095,tmp/lyris_nemorl_perfcfg_step20_20260618_logs/lustre/fsw/coreai_dlalgo_llm/users/sna/nemorl_reference_runs/20260618_lyris_nemorl_qwen30_qwen32_recipe_osl_bestk_step20/logs/qwen32_sync_pard/2152143-logs/ray-driver.log,562.2284210526316,370.55947368421056,,,,748.9636842105263,1138.1789473684212,,,,,,,,2.0042378398981495,,,,,,,,,,COMPLETED,,,,,pard_k5,Qwen3-32B,lyris,Lyris Qwen30/Qwen32 PerfCfg OSL4096 2026-06-18,"performance recipe default, enforce_eager=true (CUDA graph disabled), temp=1.0/top_p=1.0, step>=2 live summary",2.0,19/20 last 20,0.8964810505029737,0.9541968660378356,0.8954582189377939,0.9535232917132388,performance recipe default,,partial_usable,live partial,,steps 2-20 (19 metrics),CG-off,False,precomputed,pre-july-canonical,docs/lyris_nemorl_perfcfg_specdec_combined_prejuly_20260701.csv,,,,completed,,,,,,,,,,,,,,,,,,,False,,
2152142,Qwen3-32B,sync,Suffix,20.0,4096.0,,1.0,1.0,,,,,,,,,,,,,,,,,,docs/lyris_nemorl_perfcfg_step20_live_speedups_20260618.csv,True,,,,,,,,,,,,16.0,,,20.0,,,,,,,,,,,7.870073769302167,tmp/lyris_nemorl_perfcfg_step20_20260618_logs/lustre/fsw/coreai_dlalgo_llm/users/sna/nemorl_reference_runs/20260618_lyris_nemorl_qwen30_qwen32_recipe_osl_bestk_step20/logs/qwen32_sync_suffix/2152142-logs/ray-driver.log,788.580625,580.001875,,,,537.5275,732.98375,,,,,,,,1.5625467715878278,,,,,,,,,,TIMEOUT,,,,,suffix_k32,Qwen3-32B,lyris,Lyris Qwen30/Qwen32 PerfCfg OSL4096 2026-06-18,"performance recipe default, enforce_eager=true (CUDA graph disabled), temp=1.0/top_p=1.0, step>=2 live summary",2.0,16/20 last 18,0.5773310459843781,0.6848223308047332,0.5721025062475694,0.6798263585753734,performance recipe default,,partial_usable,live partial,,"partial: 16/20 metrics, last step 20",CG-off,False,precomputed,pre-july-canonical,docs/lyris_nemorl_perfcfg_specdec_combined_prejuly_20260701.csv,,,,partial,,,,,,,,,,,,,,,,,,,False,,
2152499,Qwen3-32B,sync,Suffix,20.0,4096.0,,1.0,1.0,,,,,,,,,,,,,,,,,,docs/lyris_nemorl_perfcfg_step20_live_speedups_20260618.csv,True,,,,,,,,,,,,19.0,,,20.0,,,,,,,,,,,16.93444627518644,tmp/lyris_nemorl_perfcfg_step20_20260618_logs/20260618_lyris_nemorl_qwen32_sync_suffix_step20_retry5h/logs/qwen32_sync_suffix/2152499-logs/ray-driver.log,592.4557894736841,386.0573684210526,,,,695.3505263157895,1070.777894736842,,,,,,,,1.939819888175273,,,,,,,,,,COMPLETED,,,,,suffix_k32,Qwen3-32B,lyris,Lyris Qwen30/Qwen32 PerfCfg OSL4096 2026-06-18,"performance recipe default, enforce_eager=true (CUDA graph disabled), temp=1.0/top_p=1.0, step>=2 live summary",2.0,19/20 last 20,0.8433929428658838,0.8858924764926016,0.8595109262463038,0.9048740923151274,performance recipe default,,partial_usable,live partial,,steps 2-20 (19 metrics),CG-off,False,precomputed,pre-july-canonical,docs/lyris_nemorl_perfcfg_specdec_combined_prejuly_20260701.csv,,,,completed,,,,,,,,,,,,,,,,,,,False,,
