domain,model,temperature,top_p,batch_size,isl,osl,method,job_id,state,tok_s_gpu,baseline_tok_s_gpu,speedup,acceptance_pct,mean_accept_len,basis,source,source_label,source_priority,logs_dir,valid_result
Math,Qwen3-235B-A22B,0.0,1.0,1,4096.0,32768.0,eagle3_k8,3459865,COMPLETED,4.8884,1.9126832781443956,2.5557812189075646,24.4342,1.9547,final breakdown,docs/oci_qmath_extra_k_live_log_metrics_20260620.csv,"OCI Math extra-K sweep, refreshed 2026-06-21",20,/lustre/fs1/portfolios/coreai/projects/coreai_dlalgo_nemorl/users/sna/SpecDec-RL-main-vllm020-20260606/vllm-runs/qmath_extra_k_20260620/qwen235b_math500_osl32k_eagle3_t00_offset0_n1_isl4096_osl32768_bs1_k8_20260620_qmath_extra_eagle3k8_pardk16_pard2k16_qwen235b_eagle3_k8,True
Math,Qwen3-235B-A22B,0.0,1.0,2,4096.0,32768.0,eagle3_k8,3459881,COMPLETED,9.7277,3.877196759719886,2.5089518543554115,24.2877,1.943,final breakdown,docs/oci_qmath_extra_k_live_log_metrics_20260620.csv,"OCI Math extra-K sweep, refreshed 2026-06-21",20,/lustre/fs1/portfolios/coreai/projects/coreai_dlalgo_nemorl/users/sna/SpecDec-RL-main-vllm020-20260606/vllm-runs/qmath_extra_k_20260620/qwen235b_math500_osl32k_eagle3_t00_offset0_n2_isl4096_osl32768_bs2_k8_20260620_qmath_extra_eagle3k8_pardk16_pard2k16_qwen235b_eagle3_k8,True
Math,Qwen3-235B-A22B,0.0,1.0,4,4096.0,32768.0,eagle3_k8,3459888,COMPLETED,18.6912,7.857254328451147,2.3788462506958816,26.5009,2.1201,final breakdown,docs/oci_qmath_extra_k_live_log_metrics_20260620.csv,"OCI Math extra-K sweep, refreshed 2026-06-21",20,/lustre/fs1/portfolios/coreai/projects/coreai_dlalgo_nemorl/users/sna/SpecDec-RL-main-vllm020-20260606/vllm-runs/qmath_extra_k_20260620/qwen235b_math500_osl32k_eagle3_t00_offset0_n4_isl4096_osl32768_bs4_k8_20260620_qmath_extra_eagle3k8_pardk16_pard2k16_qwen235b_eagle3_k8,True
Math,Qwen3-235B-A22B,0.0,1.0,8,4096.0,32768.0,eagle3_k8,3459894,COMPLETED,34.1986,15.52013014261271,2.2034995638408286,25.1446,2.0116,final breakdown,docs/oci_qmath_extra_k_live_log_metrics_20260620.csv,"OCI Math extra-K sweep, refreshed 2026-06-21",20,/lustre/fs1/portfolios/coreai/projects/coreai_dlalgo_nemorl/users/sna/SpecDec-RL-main-vllm020-20260606/vllm-runs/qmath_extra_k_20260620/qwen235b_math500_osl32k_eagle3_t00_offset0_n8_isl4096_osl32768_bs8_k8_20260620_qmath_extra_eagle3k8_pardk16_pard2k16_qwen235b_eagle3_k8,True
Math,Qwen3-235B-A22B,0.0,1.0,16,4096.0,32768.0,eagle3_k8,3459908,COMPLETED,57.5647,23.52299106160737,2.4471675327868145,25.2184,2.0175,final breakdown,docs/oci_qmath_extra_k_live_log_metrics_20260620.csv,"OCI Math extra-K sweep, refreshed 2026-06-21",20,/lustre/fs1/portfolios/coreai/projects/coreai_dlalgo_nemorl/users/sna/SpecDec-RL-main-vllm020-20260606/vllm-runs/qmath_extra_k_20260620/qwen235b_math500_osl32k_eagle3_t00_offset0_n16_isl4096_osl32768_bs16_k8_20260620_qmath_extra_eagle3k8_pardk16_pard2k16_qwen235b_eagle3_k8,True
Math,Qwen3-235B-A22B,0.0,1.0,32,4096.0,32768.0,eagle3_k8,3459921,COMPLETED,97.6797,60.842495081365485,1.6054519110265222,24.374,1.9499,final breakdown,docs/oci_qmath_extra_k_live_log_metrics_20260620.csv,"OCI Math extra-K sweep, refreshed 2026-06-21",20,/lustre/fs1/portfolios/coreai/projects/coreai_dlalgo_nemorl/users/sna/SpecDec-RL-main-vllm020-20260606/vllm-runs/qmath_extra_k_20260620/qwen235b_math500_osl32k_eagle3_t00_offset0_n32_isl4096_osl32768_bs32_k8_20260620_qmath_extra_eagle3k8_pardk16_pard2k16_qwen235b_eagle3_k8,True
Math,Qwen3-235B-A22B,0.0,1.0,1,4096.0,32768.0,pard2_k11,3457300,COMPLETED,1.6206,1.9126832781443956,0.8472913516409458,0.1722,0.0189,final breakdown,docs/oci_qmath_pard2_k_sweep_live_log_metrics_20260620.csv,"OCI Math PARD-2 K sweep, refreshed 2026-06-21",10,/lustre/fs1/portfolios/coreai/projects/coreai_dlalgo_nemorl/users/sna/SpecDec-RL-main-vllm020-20260606/vllm-runs/qmath_pard2_ksweep_20260620/qwen235b_math500_osl32k_pard2_t00_offset0_n1_isl4096_osl32768_bs1_k11_20260620_qmath_pard2_ksweep_qwen235b_k11,True
Math,Qwen3-235B-A22B,0.0,1.0,2,4096.0,32768.0,pard2_k11,3457301,COMPLETED,3.2491,3.877196759719886,0.8380023510168042,0.251,0.0276,final breakdown,docs/oci_qmath_pard2_k_sweep_live_log_metrics_20260620.csv,"OCI Math PARD-2 K sweep, refreshed 2026-06-21",10,/lustre/fs1/portfolios/coreai/projects/coreai_dlalgo_nemorl/users/sna/SpecDec-RL-main-vllm020-20260606/vllm-runs/qmath_pard2_ksweep_20260620/qwen235b_math500_osl32k_pard2_t00_offset0_n2_isl4096_osl32768_bs2_k11_20260620_qmath_pard2_ksweep_qwen235b_k11,True
Math,Qwen3-235B-A22B,0.0,1.0,4,4096.0,32768.0,pard2_k11,3457305,COMPLETED,6.2033,7.857254328451147,0.789499708255316,0.1522,0.0167,final breakdown,docs/oci_qmath_pard2_k_sweep_live_log_metrics_20260620.csv,"OCI Math PARD-2 K sweep, refreshed 2026-06-21",10,/lustre/fs1/portfolios/coreai/projects/coreai_dlalgo_nemorl/users/sna/SpecDec-RL-main-vllm020-20260606/vllm-runs/qmath_pard2_ksweep_20260620/qwen235b_math500_osl32k_pard2_t00_offset0_n4_isl4096_osl32768_bs4_k11_20260620_qmath_pard2_ksweep_qwen235b_k11,True
Math,Qwen3-235B-A22B,0.0,1.0,8,4096.0,32768.0,pard2_k11,3457306,COMPLETED,12.555,15.52013014261271,0.8089494021399005,0.3974,0.0437,final breakdown,docs/oci_qmath_pard2_k_sweep_live_log_metrics_20260620.csv,"OCI Math PARD-2 K sweep, refreshed 2026-06-21",10,/lustre/fs1/portfolios/coreai/projects/coreai_dlalgo_nemorl/users/sna/SpecDec-RL-main-vllm020-20260606/vllm-runs/qmath_pard2_ksweep_20260620/qwen235b_math500_osl32k_pard2_t00_offset0_n8_isl4096_osl32768_bs8_k11_20260620_qmath_pard2_ksweep_qwen235b_k11,True
Math,Qwen3-235B-A22B,0.0,1.0,16,4096.0,32768.0,pard2_k11,3457307,COMPLETED,24.3536,23.52299106160737,1.0353105154109543,0.3691,0.0406,final breakdown,docs/oci_qmath_pard2_k_sweep_live_log_metrics_20260620.csv,"OCI Math PARD-2 K sweep, refreshed 2026-06-21",10,/lustre/fs1/portfolios/coreai/projects/coreai_dlalgo_nemorl/users/sna/SpecDec-RL-main-vllm020-20260606/vllm-runs/qmath_pard2_ksweep_20260620/qwen235b_math500_osl32k_pard2_t00_offset0_n16_isl4096_osl32768_bs16_k11_20260620_qmath_pard2_ksweep_qwen235b_k11,True
Math,Qwen3-235B-A22B,0.0,1.0,32,4096.0,32768.0,pard2_k11,3457978,COMPLETED,47.0049,60.842495081365485,0.7725669359407388,0.4735,0.0521,final breakdown,docs/oci_qmath_pard2_k_sweep_live_log_metrics_20260620.csv,"OCI Math PARD-2 K sweep, refreshed 2026-06-21",10,/lustre/fs1/portfolios/coreai/projects/coreai_dlalgo_nemorl/users/sna/SpecDec-RL-main-vllm020-20260606/vllm-runs/qmath_pard2_ksweep_retry_repo_offline_20260620/qwen235b_math500_osl32k_pard2_t00_offset0_n32_isl4096_osl32768_bs32_k11_repooffline_20260620,True
Math,Qwen3-235B-A22B,0.0,1.0,1,4096.0,32768.0,pard2_k16,3460387,COMPLETED,1.6249,1.9126832781443956,0.8495395022099055,0.2657,0.0425,final breakdown,docs/oci_qmath_extra_k_live_log_metrics_20260620.csv,"OCI Math extra-K sweep, refreshed 2026-06-21",20,/lustre/fs1/portfolios/coreai/projects/coreai_dlalgo_nemorl/users/sna/SpecDec-RL-main-vllm020-20260606/vllm-runs/qmath_extra_k_20260620/qwen235b_math500_osl32k_pard2_t00_offset0_n1_isl4096_osl32768_bs1_k16_20260620_qmath_extra_eagle3k8_pardk16_pard2k16_qwen235b_pard2_k16,True
Math,Qwen3-235B-A22B,0.0,1.0,2,4096.0,32768.0,pard2_k16,3460388,COMPLETED,3.31,3.877196759719886,0.853709575533416,0.2454,0.0393,final breakdown,docs/oci_qmath_extra_k_live_log_metrics_20260620.csv,"OCI Math extra-K sweep, refreshed 2026-06-21",20,/lustre/fs1/portfolios/coreai/projects/coreai_dlalgo_nemorl/users/sna/SpecDec-RL-main-vllm020-20260606/vllm-runs/qmath_extra_k_20260620/qwen235b_math500_osl32k_pard2_t00_offset0_n2_isl4096_osl32768_bs2_k16_20260620_qmath_extra_eagle3k8_pardk16_pard2k16_qwen235b_pard2_k16,True
Math,Qwen3-235B-A22B,0.0,1.0,4,4096.0,32768.0,pard2_k16,3460389,COMPLETED,6.3086,7.857254328451147,0.8029013363047873,0.1728,0.0276,final breakdown,docs/oci_qmath_extra_k_live_log_metrics_20260620.csv,"OCI Math extra-K sweep, refreshed 2026-06-21",20,/lustre/fs1/portfolios/coreai/projects/coreai_dlalgo_nemorl/users/sna/SpecDec-RL-main-vllm020-20260606/vllm-runs/qmath_extra_k_20260620/qwen235b_math500_osl32k_pard2_t00_offset0_n4_isl4096_osl32768_bs4_k16_20260620_qmath_extra_eagle3k8_pardk16_pard2k16_qwen235b_pard2_k16,True
Math,Qwen3-235B-A22B,0.0,1.0,8,4096.0,32768.0,pard2_k16,3460391,COMPLETED,12.7353,15.52013014261271,0.8205665727656133,0.3047,0.0487,final breakdown,docs/oci_qmath_extra_k_live_log_metrics_20260620.csv,"OCI Math extra-K sweep, refreshed 2026-06-21",20,/lustre/fs1/portfolios/coreai/projects/coreai_dlalgo_nemorl/users/sna/SpecDec-RL-main-vllm020-20260606/vllm-runs/qmath_extra_k_20260620/qwen235b_math500_osl32k_pard2_t00_offset0_n8_isl4096_osl32768_bs8_k16_20260620_qmath_extra_eagle3k8_pardk16_pard2k16_qwen235b_pard2_k16,True
Math,Qwen3-235B-A22B,0.0,1.0,16,4096.0,32768.0,pard2_k16,3460392,COMPLETED,24.5741,23.52299106160737,1.0446843233345515,0.3459,0.0553,final breakdown,docs/oci_qmath_extra_k_live_log_metrics_20260620.csv,"OCI Math extra-K sweep, refreshed 2026-06-21",20,/lustre/fs1/portfolios/coreai/projects/coreai_dlalgo_nemorl/users/sna/SpecDec-RL-main-vllm020-20260606/vllm-runs/qmath_extra_k_20260620/qwen235b_math500_osl32k_pard2_t00_offset0_n16_isl4096_osl32768_bs16_k16_20260620_qmath_extra_eagle3k8_pardk16_pard2k16_qwen235b_pard2_k16,True
Math,Qwen3-235B-A22B,0.0,1.0,32,4096.0,32768.0,pard2_k16,3460393,COMPLETED,43.6521,60.842495081365485,0.7174607146144065,0.2819,0.0451,final breakdown,docs/oci_qmath_extra_k_live_log_metrics_20260620.csv,"OCI Math extra-K sweep, refreshed 2026-06-21",20,/lustre/fs1/portfolios/coreai/projects/coreai_dlalgo_nemorl/users/sna/SpecDec-RL-main-vllm020-20260606/vllm-runs/qmath_extra_k_20260620/qwen235b_math500_osl32k_pard2_t00_offset0_n32_isl4096_osl32768_bs32_k16_20260620_qmath_extra_eagle3k8_pardk16_pard2k16_qwen235b_pard2_k16,True
Math,Qwen3-235B-A22B,0.0,1.0,1,4096.0,32768.0,pard2_k3,3457194,COMPLETED,1.7101,1.9126832781443956,0.8940842530181299,1.5534,0.0466,final breakdown,docs/oci_qmath_pard2_k_sweep_live_log_metrics_20260620.csv,"OCI Math PARD-2 K sweep, refreshed 2026-06-21",10,/lustre/fs1/portfolios/coreai/projects/coreai_dlalgo_nemorl/users/sna/SpecDec-RL-main-vllm020-20260606/vllm-runs/qmath_pard2_ksweep_20260620/qwen235b_math500_osl32k_pard2_t00_offset0_n1_isl4096_osl32768_bs1_k3_20260620_qmath_pard2_ksweep_qwen235b_k3,True
Math,Qwen3-235B-A22B,0.0,1.0,2,4096.0,32768.0,pard2_k3,3457197,COMPLETED,3.2777,3.877196759719886,0.8453788144186941,1.2754,0.0383,final breakdown,docs/oci_qmath_pard2_k_sweep_live_log_metrics_20260620.csv,"OCI Math PARD-2 K sweep, refreshed 2026-06-21",10,/lustre/fs1/portfolios/coreai/projects/coreai_dlalgo_nemorl/users/sna/SpecDec-RL-main-vllm020-20260606/vllm-runs/qmath_pard2_ksweep_20260620/qwen235b_math500_osl32k_pard2_t00_offset0_n2_isl4096_osl32768_bs2_k3_20260620_qmath_pard2_ksweep_qwen235b_k3,True
Math,Qwen3-235B-A22B,0.0,1.0,4,4096.0,32768.0,pard2_k3,3457199,COMPLETED,6.32,7.857254328451147,0.8043522248115677,1.2529,0.0376,final breakdown,docs/oci_qmath_pard2_k_sweep_live_log_metrics_20260620.csv,"OCI Math PARD-2 K sweep, refreshed 2026-06-21",10,/lustre/fs1/portfolios/coreai/projects/coreai_dlalgo_nemorl/users/sna/SpecDec-RL-main-vllm020-20260606/vllm-runs/qmath_pard2_ksweep_20260620/qwen235b_math500_osl32k_pard2_t00_offset0_n4_isl4096_osl32768_bs4_k3_20260620_qmath_pard2_ksweep_qwen235b_k3,True
Math,Qwen3-235B-A22B,0.0,1.0,8,4096.0,32768.0,pard2_k3,3457201,COMPLETED,12.6158,15.52013014261271,0.8128668950630471,1.5004,0.045,final breakdown,docs/oci_qmath_pard2_k_sweep_live_log_metrics_20260620.csv,"OCI Math PARD-2 K sweep, refreshed 2026-06-21",10,/lustre/fs1/portfolios/coreai/projects/coreai_dlalgo_nemorl/users/sna/SpecDec-RL-main-vllm020-20260606/vllm-runs/qmath_pard2_ksweep_20260620/qwen235b_math500_osl32k_pard2_t00_offset0_n8_isl4096_osl32768_bs8_k3_20260620_qmath_pard2_ksweep_qwen235b_k3,True
Math,Qwen3-235B-A22B,0.0,1.0,16,4096.0,32768.0,pard2_k3,3457203,COMPLETED,24.8853,23.52299106160737,1.0579139334289889,1.7695,0.0531,final breakdown,docs/oci_qmath_pard2_k_sweep_live_log_metrics_20260620.csv,"OCI Math PARD-2 K sweep, refreshed 2026-06-21",10,/lustre/fs1/portfolios/coreai/projects/coreai_dlalgo_nemorl/users/sna/SpecDec-RL-main-vllm020-20260606/vllm-runs/qmath_pard2_ksweep_20260620/qwen235b_math500_osl32k_pard2_t00_offset0_n16_isl4096_osl32768_bs16_k3_20260620_qmath_pard2_ksweep_qwen235b_k3,True
Math,Qwen3-235B-A22B,0.0,1.0,32,4096.0,32768.0,pard2_k3,3457205,COMPLETED,49.5729,60.842495081365485,0.8147742779730761,1.5788,0.0474,final breakdown,docs/oci_qmath_pard2_k_sweep_live_log_metrics_20260620.csv,"OCI Math PARD-2 K sweep, refreshed 2026-06-21",10,/lustre/fs1/portfolios/coreai/projects/coreai_dlalgo_nemorl/users/sna/SpecDec-RL-main-vllm020-20260606/vllm-runs/qmath_pard2_ksweep_20260620/qwen235b_math500_osl32k_pard2_t00_offset0_n32_isl4096_osl32768_bs32_k3_20260620_qmath_pard2_ksweep_qwen235b_k3,True
Math,Qwen3-235B-A22B,0.0,1.0,1,4096.0,32768.0,pard2_k5,3457221,COMPLETED,1.6687,1.9126832781443956,0.8724392684704716,0.9193,0.046,final breakdown,docs/oci_qmath_pard2_k_sweep_live_log_metrics_20260620.csv,"OCI Math PARD-2 K sweep, refreshed 2026-06-21",10,/lustre/fs1/portfolios/coreai/projects/coreai_dlalgo_nemorl/users/sna/SpecDec-RL-main-vllm020-20260606/vllm-runs/qmath_pard2_ksweep_20260620/qwen235b_math500_osl32k_pard2_t00_offset0_n1_isl4096_osl32768_bs1_k5_20260620_qmath_pard2_ksweep_qwen235b_k5,True
Math,Qwen3-235B-A22B,0.0,1.0,2,4096.0,32768.0,pard2_k5,3457223,COMPLETED,1.7997,3.877196759719886,0.4641755658874589,0.5807,0.029,final breakdown,docs/oci_qmath_pard2_k_sweep_live_log_metrics_20260620.csv,"OCI Math PARD-2 K sweep, refreshed 2026-06-21",10,/lustre/fs1/portfolios/coreai/projects/coreai_dlalgo_nemorl/users/sna/SpecDec-RL-main-vllm020-20260606/vllm-runs/qmath_pard2_ksweep_20260620/qwen235b_math500_osl32k_pard2_t00_offset0_n2_isl4096_osl32768_bs2_k5_20260620_qmath_pard2_ksweep_qwen235b_k5,True
Math,Qwen3-235B-A22B,0.0,1.0,4,4096.0,32768.0,pard2_k5,3457227,COMPLETED,6.2993,7.857254328451147,0.8017177167334664,0.5061,0.0253,final breakdown,docs/oci_qmath_pard2_k_sweep_live_log_metrics_20260620.csv,"OCI Math PARD-2 K sweep, refreshed 2026-06-21",10,/lustre/fs1/portfolios/coreai/projects/coreai_dlalgo_nemorl/users/sna/SpecDec-RL-main-vllm020-20260606/vllm-runs/qmath_pard2_ksweep_20260620/qwen235b_math500_osl32k_pard2_t00_offset0_n4_isl4096_osl32768_bs4_k5_20260620_qmath_pard2_ksweep_qwen235b_k5,True
Math,Qwen3-235B-A22B,0.0,1.0,8,4096.0,32768.0,pard2_k5,3457231,COMPLETED,11.796,15.52013014261271,0.7600451730499614,1.4395,0.072,final breakdown,docs/oci_qmath_pard2_k_sweep_live_log_metrics_20260620.csv,"OCI Math PARD-2 K sweep, refreshed 2026-06-21",10,/lustre/fs1/portfolios/coreai/projects/coreai_dlalgo_nemorl/users/sna/SpecDec-RL-main-vllm020-20260606/vllm-runs/qmath_pard2_ksweep_20260620/qwen235b_math500_osl32k_pard2_t00_offset0_n8_isl4096_osl32768_bs8_k5_20260620_qmath_pard2_ksweep_qwen235b_k5,True
Math,Qwen3-235B-A22B,0.0,1.0,16,4096.0,32768.0,pard2_k5,3457234,COMPLETED,24.6808,23.52299106160737,1.0492203111143603,0.808,0.0404,final breakdown,docs/oci_qmath_pard2_k_sweep_live_log_metrics_20260620.csv,"OCI Math PARD-2 K sweep, refreshed 2026-06-21",10,/lustre/fs1/portfolios/coreai/projects/coreai_dlalgo_nemorl/users/sna/SpecDec-RL-main-vllm020-20260606/vllm-runs/qmath_pard2_ksweep_20260620/qwen235b_math500_osl32k_pard2_t00_offset0_n16_isl4096_osl32768_bs16_k5_20260620_qmath_pard2_ksweep_qwen235b_k5,True
Math,Qwen3-235B-A22B,0.0,1.0,32,4096.0,32768.0,pard2_k5,3457236,COMPLETED,48.7263,60.842495081365485,0.800859661242322,0.9813,0.0491,final breakdown,docs/oci_qmath_pard2_k_sweep_live_log_metrics_20260620.csv,"OCI Math PARD-2 K sweep, refreshed 2026-06-21",10,/lustre/fs1/portfolios/coreai/projects/coreai_dlalgo_nemorl/users/sna/SpecDec-RL-main-vllm020-20260606/vllm-runs/qmath_pard2_ksweep_20260620/qwen235b_math500_osl32k_pard2_t00_offset0_n32_isl4096_osl32768_bs32_k5_20260620_qmath_pard2_ksweep_qwen235b_k5,True
Math,Qwen3-235B-A22B,0.0,1.0,1,4096.0,32768.0,pard2_k9,3457263,COMPLETED,1.6066,1.9126832781443956,0.8399717916489841,0.2196,0.0198,final breakdown,docs/oci_qmath_pard2_k_sweep_live_log_metrics_20260620.csv,"OCI Math PARD-2 K sweep, refreshed 2026-06-21",10,/lustre/fs1/portfolios/coreai/projects/coreai_dlalgo_nemorl/users/sna/SpecDec-RL-main-vllm020-20260606/vllm-runs/qmath_pard2_ksweep_20260620/qwen235b_math500_osl32k_pard2_t00_offset0_n1_isl4096_osl32768_bs1_k9_20260620_qmath_pard2_ksweep_qwen235b_k9,True
Math,Qwen3-235B-A22B,0.0,1.0,2,4096.0,32768.0,pard2_k9,3457279,COMPLETED,3.3716,3.877196759719886,0.8695973428605636,0.3854,0.0347,final breakdown,docs/oci_qmath_pard2_k_sweep_live_log_metrics_20260620.csv,"OCI Math PARD-2 K sweep, refreshed 2026-06-21",10,/lustre/fs1/portfolios/coreai/projects/coreai_dlalgo_nemorl/users/sna/SpecDec-RL-main-vllm020-20260606/vllm-runs/qmath_pard2_ksweep_20260620/qwen235b_math500_osl32k_pard2_t00_offset0_n2_isl4096_osl32768_bs2_k9_20260620_qmath_pard2_ksweep_qwen235b_k9,True
Math,Qwen3-235B-A22B,0.0,1.0,4,4096.0,32768.0,pard2_k9,3457280,COMPLETED,6.3246,7.857254328451147,0.8049376710511457,0.262,0.0236,final breakdown,docs/oci_qmath_pard2_k_sweep_live_log_metrics_20260620.csv,"OCI Math PARD-2 K sweep, refreshed 2026-06-21",10,/lustre/fs1/portfolios/coreai/projects/coreai_dlalgo_nemorl/users/sna/SpecDec-RL-main-vllm020-20260606/vllm-runs/qmath_pard2_ksweep_20260620/qwen235b_math500_osl32k_pard2_t00_offset0_n4_isl4096_osl32768_bs4_k9_20260620_qmath_pard2_ksweep_qwen235b_k9,True
Math,Qwen3-235B-A22B,0.0,1.0,8,4096.0,32768.0,pard2_k9,3457282,COMPLETED,12.3048,15.52013014261271,0.792828403301557,0.801,0.0721,final breakdown,docs/oci_qmath_pard2_k_sweep_live_log_metrics_20260620.csv,"OCI Math PARD-2 K sweep, refreshed 2026-06-21",10,/lustre/fs1/portfolios/coreai/projects/coreai_dlalgo_nemorl/users/sna/SpecDec-RL-main-vllm020-20260606/vllm-runs/qmath_pard2_ksweep_20260620/qwen235b_math500_osl32k_pard2_t00_offset0_n8_isl4096_osl32768_bs8_k9_20260620_qmath_pard2_ksweep_qwen235b_k9,True
Math,Qwen3-235B-A22B,0.0,1.0,16,4096.0,32768.0,pard2_k9,3457285,COMPLETED,24.4375,23.52299106160737,1.038877238697983,0.451,0.0406,final breakdown,docs/oci_qmath_pard2_k_sweep_live_log_metrics_20260620.csv,"OCI Math PARD-2 K sweep, refreshed 2026-06-21",10,/lustre/fs1/portfolios/coreai/projects/coreai_dlalgo_nemorl/users/sna/SpecDec-RL-main-vllm020-20260606/vllm-runs/qmath_pard2_ksweep_20260620/qwen235b_math500_osl32k_pard2_t00_offset0_n16_isl4096_osl32768_bs16_k9_20260620_qmath_pard2_ksweep_qwen235b_k9,True
Math,Qwen3-235B-A22B,0.0,1.0,32,4096.0,32768.0,pard2_k9,3457291,COMPLETED,44.1618,60.842495081365485,0.7258380830855446,0.5802,0.0522,final breakdown,docs/oci_qmath_pard2_k_sweep_live_log_metrics_20260620.csv,"OCI Math PARD-2 K sweep, refreshed 2026-06-21",10,/lustre/fs1/portfolios/coreai/projects/coreai_dlalgo_nemorl/users/sna/SpecDec-RL-main-vllm020-20260606/vllm-runs/qmath_pard2_ksweep_20260620/qwen235b_math500_osl32k_pard2_t00_offset0_n32_isl4096_osl32768_bs32_k9_20260620_qmath_pard2_ksweep_qwen235b_k9,True
Math,Qwen3-235B-A22B,0.0,1.0,1,4096.0,32768.0,pard_k16,3460281,COMPLETED,7.6069,1.9126832781443956,3.9770829216324266,23.6906,3.7905,final breakdown,docs/oci_qmath_extra_k_live_log_metrics_20260620.csv,"OCI Math extra-K sweep, refreshed 2026-06-21",20,/lustre/fs1/portfolios/coreai/projects/coreai_dlalgo_nemorl/users/sna/SpecDec-RL-main-vllm020-20260606/vllm-runs/qmath_extra_k_20260620/qwen235b_math500_osl32k_pard_t00_offset0_n1_isl4096_osl32768_bs1_k16_20260620_qmath_extra_eagle3k8_pardk16_pard2k16_qwen235b_pard_k16,True
Math,Qwen3-235B-A22B,0.0,1.0,2,4096.0,32768.0,pard_k16,3460282,COMPLETED,10.7068,3.877196759719886,2.761479662634797,16.9907,2.7185,final breakdown,docs/oci_qmath_extra_k_live_log_metrics_20260620.csv,"OCI Math extra-K sweep, refreshed 2026-06-21",20,/lustre/fs1/portfolios/coreai/projects/coreai_dlalgo_nemorl/users/sna/SpecDec-RL-main-vllm020-20260606/vllm-runs/qmath_extra_k_20260620/qwen235b_math500_osl32k_pard_t00_offset0_n2_isl4096_osl32768_bs2_k16_20260620_qmath_extra_eagle3k8_pardk16_pard2k16_qwen235b_pard_k16,True
Math,Qwen3-235B-A22B,0.0,1.0,4,4096.0,32768.0,pard_k16,3460283,COMPLETED,19.7447,7.857254328451147,2.5129261666514178,18.3441,2.9351,final breakdown,docs/oci_qmath_extra_k_live_log_metrics_20260620.csv,"OCI Math extra-K sweep, refreshed 2026-06-21",20,/lustre/fs1/portfolios/coreai/projects/coreai_dlalgo_nemorl/users/sna/SpecDec-RL-main-vllm020-20260606/vllm-runs/qmath_extra_k_20260620/qwen235b_math500_osl32k_pard_t00_offset0_n4_isl4096_osl32768_bs4_k16_20260620_qmath_extra_eagle3k8_pardk16_pard2k16_qwen235b_pard_k16,True
Math,Qwen3-235B-A22B,0.0,1.0,8,4096.0,32768.0,pard_k16,3460284,COMPLETED,38.9195,15.52013014261271,2.5076787141842978,16.8974,2.7036,final breakdown,docs/oci_qmath_extra_k_live_log_metrics_20260620.csv,"OCI Math extra-K sweep, refreshed 2026-06-21",20,/lustre/fs1/portfolios/coreai/projects/coreai_dlalgo_nemorl/users/sna/SpecDec-RL-main-vllm020-20260606/vllm-runs/qmath_extra_k_20260620/qwen235b_math500_osl32k_pard_t00_offset0_n8_isl4096_osl32768_bs8_k16_20260620_qmath_extra_eagle3k8_pardk16_pard2k16_qwen235b_pard_k16,True
Math,Qwen3-235B-A22B,0.0,1.0,16,4096.0,32768.0,pard_k16,3460287,COMPLETED,60.6383,23.52299106160737,2.5778311882696636,17.5098,2.8016,final breakdown,docs/oci_qmath_extra_k_live_log_metrics_20260620.csv,"OCI Math extra-K sweep, refreshed 2026-06-21",20,/lustre/fs1/portfolios/coreai/projects/coreai_dlalgo_nemorl/users/sna/SpecDec-RL-main-vllm020-20260606/vllm-runs/qmath_extra_k_20260620/qwen235b_math500_osl32k_pard_t00_offset0_n16_isl4096_osl32768_bs16_k16_20260620_qmath_extra_eagle3k8_pardk16_pard2k16_qwen235b_pard_k16,True
Math,Qwen3-235B-A22B,0.0,1.0,32,4096.0,32768.0,pard_k16,3460289,COMPLETED,99.1811,60.842495081365485,1.6301287425402884,17.4459,2.7913,final breakdown,docs/oci_qmath_extra_k_live_log_metrics_20260620.csv,"OCI Math extra-K sweep, refreshed 2026-06-21",20,/lustre/fs1/portfolios/coreai/projects/coreai_dlalgo_nemorl/users/sna/SpecDec-RL-main-vllm020-20260606/vllm-runs/qmath_extra_k_20260620/qwen235b_math500_osl32k_pard_t00_offset0_n32_isl4096_osl32768_bs32_k16_20260620_qmath_extra_eagle3k8_pardk16_pard2k16_qwen235b_pard_k16,True
Math,Qwen3-30B-A3B,0.0,1.0,1,4096.0,32768.0,eagle3_k8,3460009,COMPLETED,17.4631,,,3.7361,0.2989,final breakdown,docs/oci_qmath_extra_k_live_log_metrics_20260620.csv,"OCI Math extra-K sweep, refreshed 2026-06-21",20,/lustre/fs1/portfolios/coreai/projects/coreai_dlalgo_nemorl/users/sna/SpecDec-RL-main-vllm020-20260606/vllm-runs/qmath_extra_k_20260620/qwen30ba3b_math500_osl32k_eagle3_t00_offset0_n1_isl4096_osl32768_bs1_k8_20260620_qmath_extra_eagle3k8_pardk16_pard2k16_qwen30ba3b_eagle3_k8,True
Math,Qwen3-30B-A3B,0.0,1.0,2,4096.0,32768.0,eagle3_k8,3460022,COMPLETED,33.5462,,,3.672,0.2938,final breakdown,docs/oci_qmath_extra_k_live_log_metrics_20260620.csv,"OCI Math extra-K sweep, refreshed 2026-06-21",20,/lustre/fs1/portfolios/coreai/projects/coreai_dlalgo_nemorl/users/sna/SpecDec-RL-main-vllm020-20260606/vllm-runs/qmath_extra_k_20260620/qwen30ba3b_math500_osl32k_eagle3_t00_offset0_n2_isl4096_osl32768_bs2_k8_20260620_qmath_extra_eagle3k8_pardk16_pard2k16_qwen30ba3b_eagle3_k8,True
Math,Qwen3-30B-A3B,0.0,1.0,4,4096.0,32768.0,eagle3_k8,3460038,COMPLETED,64.9559,,,3.7653,0.3012,final breakdown,docs/oci_qmath_extra_k_live_log_metrics_20260620.csv,"OCI Math extra-K sweep, refreshed 2026-06-21",20,/lustre/fs1/portfolios/coreai/projects/coreai_dlalgo_nemorl/users/sna/SpecDec-RL-main-vllm020-20260606/vllm-runs/qmath_extra_k_20260620/qwen30ba3b_math500_osl32k_eagle3_t00_offset0_n4_isl4096_osl32768_bs4_k8_20260620_qmath_extra_eagle3k8_pardk16_pard2k16_qwen30ba3b_eagle3_k8,True
Math,Qwen3-30B-A3B,0.0,1.0,8,4096.0,32768.0,eagle3_k8,3460163,COMPLETED,130.8613,,,4.1445,0.3316,final breakdown,docs/oci_qmath_extra_k_live_log_metrics_20260620.csv,"OCI Math extra-K sweep, refreshed 2026-06-21",20,/lustre/fs1/portfolios/coreai/projects/coreai_dlalgo_nemorl/users/sna/SpecDec-RL-main-vllm020-20260606/vllm-runs/qmath_extra_k_20260620/qwen30ba3b_math500_osl32k_eagle3_t00_offset0_n8_isl4096_osl32768_bs8_k8_20260620_qmath_extra_eagle3k8_pardk16_pard2k16_qwen30ba3b_eagle3_k8,True
Math,Qwen3-30B-A3B,0.0,1.0,16,4096.0,32768.0,eagle3_k8,3460179,COMPLETED,230.6107,,,3.983,0.3186,final breakdown,docs/oci_qmath_extra_k_live_log_metrics_20260620.csv,"OCI Math extra-K sweep, refreshed 2026-06-21",20,/lustre/fs1/portfolios/coreai/projects/coreai_dlalgo_nemorl/users/sna/SpecDec-RL-main-vllm020-20260606/vllm-runs/qmath_extra_k_20260620/qwen30ba3b_math500_osl32k_eagle3_t00_offset0_n16_isl4096_osl32768_bs16_k8_20260620_qmath_extra_eagle3k8_pardk16_pard2k16_qwen30ba3b_eagle3_k8,True
Math,Qwen3-30B-A3B,0.0,1.0,32,4096.0,32768.0,eagle3_k8,3460192,COMPLETED,418.9885,,,4.1535,0.3323,final breakdown,docs/oci_qmath_extra_k_live_log_metrics_20260620.csv,"OCI Math extra-K sweep, refreshed 2026-06-21",20,/lustre/fs1/portfolios/coreai/projects/coreai_dlalgo_nemorl/users/sna/SpecDec-RL-main-vllm020-20260606/vllm-runs/qmath_extra_k_20260620/qwen30ba3b_math500_osl32k_eagle3_t00_offset0_n32_isl4096_osl32768_bs32_k8_20260620_qmath_extra_eagle3k8_pardk16_pard2k16_qwen30ba3b_eagle3_k8,True
Math,Qwen3-30B-A3B,0.0,1.0,1,4096.0,32768.0,pard_k16,3460307,COMPLETED,39.7921,,,15.6333,2.5013,final breakdown,docs/oci_qmath_extra_k_live_log_metrics_20260620.csv,"OCI Math extra-K sweep, refreshed 2026-06-21",20,/lustre/fs1/portfolios/coreai/projects/coreai_dlalgo_nemorl/users/sna/SpecDec-RL-main-vllm020-20260606/vllm-runs/qmath_extra_k_20260620/qwen30ba3b_math500_osl32k_pard_t00_offset0_n1_isl4096_osl32768_bs1_k16_20260620_qmath_extra_eagle3k8_pardk16_pard2k16_qwen30ba3b_pard_k16,True
Math,Qwen3-30B-A3B,0.0,1.0,2,4096.0,32768.0,pard_k16,3460308,COMPLETED,69.4206,,,17.4609,2.7937,final breakdown,docs/oci_qmath_extra_k_live_log_metrics_20260620.csv,"OCI Math extra-K sweep, refreshed 2026-06-21",20,/lustre/fs1/portfolios/coreai/projects/coreai_dlalgo_nemorl/users/sna/SpecDec-RL-main-vllm020-20260606/vllm-runs/qmath_extra_k_20260620/qwen30ba3b_math500_osl32k_pard_t00_offset0_n2_isl4096_osl32768_bs2_k16_20260620_qmath_extra_eagle3k8_pardk16_pard2k16_qwen30ba3b_pard_k16,True
Math,Qwen3-30B-A3B,0.0,1.0,4,4096.0,32768.0,pard_k16,3460309,COMPLETED,102.418,,,16.38,2.6208,final breakdown,docs/oci_qmath_extra_k_live_log_metrics_20260620.csv,"OCI Math extra-K sweep, refreshed 2026-06-21",20,/lustre/fs1/portfolios/coreai/projects/coreai_dlalgo_nemorl/users/sna/SpecDec-RL-main-vllm020-20260606/vllm-runs/qmath_extra_k_20260620/qwen30ba3b_math500_osl32k_pard_t00_offset0_n4_isl4096_osl32768_bs4_k16_20260620_qmath_extra_eagle3k8_pardk16_pard2k16_qwen30ba3b_pard_k16,True
Math,Qwen3-30B-A3B,0.0,1.0,8,4096.0,32768.0,pard_k16,3460310,COMPLETED,238.5302,,,15.2983,2.4477,final breakdown,docs/oci_qmath_extra_k_live_log_metrics_20260620.csv,"OCI Math extra-K sweep, refreshed 2026-06-21",20,/lustre/fs1/portfolios/coreai/projects/coreai_dlalgo_nemorl/users/sna/SpecDec-RL-main-vllm020-20260606/vllm-runs/qmath_extra_k_20260620/qwen30ba3b_math500_osl32k_pard_t00_offset0_n8_isl4096_osl32768_bs8_k16_20260620_qmath_extra_eagle3k8_pardk16_pard2k16_qwen30ba3b_pard_k16,True
Math,Qwen3-30B-A3B,0.0,1.0,16,4096.0,32768.0,pard_k16,3460312,COMPLETED,385.4529,,,16.6705,2.6673,final breakdown,docs/oci_qmath_extra_k_live_log_metrics_20260620.csv,"OCI Math extra-K sweep, refreshed 2026-06-21",20,/lustre/fs1/portfolios/coreai/projects/coreai_dlalgo_nemorl/users/sna/SpecDec-RL-main-vllm020-20260606/vllm-runs/qmath_extra_k_20260620/qwen30ba3b_math500_osl32k_pard_t00_offset0_n16_isl4096_osl32768_bs16_k16_20260620_qmath_extra_eagle3k8_pardk16_pard2k16_qwen30ba3b_pard_k16,True
Math,Qwen3-30B-A3B,0.0,1.0,32,4096.0,32768.0,pard_k16,3460313,COMPLETED,367.2712,,,15.1939,2.431,final breakdown,docs/oci_qmath_extra_k_live_log_metrics_20260620.csv,"OCI Math extra-K sweep, refreshed 2026-06-21",20,/lustre/fs1/portfolios/coreai/projects/coreai_dlalgo_nemorl/users/sna/SpecDec-RL-main-vllm020-20260606/vllm-runs/qmath_extra_k_20260620/qwen30ba3b_math500_osl32k_pard_t00_offset0_n32_isl4096_osl32768_bs32_k16_20260620_qmath_extra_eagle3k8_pardk16_pard2k16_qwen30ba3b_pard_k16,True
Math,Qwen3-32B,0.0,1.0,1,4096.0,32768.0,eagle3_k8,3460244,COMPLETED,29.9202,6.544053992206331,4.572119978782814,87.7539,7.0203,final breakdown,docs/oci_qmath_extra_k_live_log_metrics_20260620.csv,"OCI Math extra-K sweep, refreshed 2026-06-21",20,/lustre/fs1/portfolios/coreai/projects/coreai_dlalgo_nemorl/users/sna/SpecDec-RL-main-vllm020-20260606/vllm-runs/qmath_extra_k_20260620/qwen32_math500_osl32k_eagle3_t00_offset0_n1_isl4096_osl32768_bs1_k8_20260620_qmath_extra_eagle3k8_pardk16_pard2k16_qwen32_eagle3_k8,True
Math,Qwen3-32B,0.0,1.0,2,4096.0,32768.0,eagle3_k8,3460245,COMPLETED,50.4235,15.301252337778818,3.295383860542205,49.2509,3.9401,final breakdown,docs/oci_qmath_extra_k_live_log_metrics_20260620.csv,"OCI Math extra-K sweep, refreshed 2026-06-21",20,/lustre/fs1/portfolios/coreai/projects/coreai_dlalgo_nemorl/users/sna/SpecDec-RL-main-vllm020-20260606/vllm-runs/qmath_extra_k_20260620/qwen32_math500_osl32k_eagle3_t00_offset0_n2_isl4096_osl32768_bs2_k8_20260620_qmath_extra_eagle3k8_pardk16_pard2k16_qwen32_eagle3_k8,True
Math,Qwen3-32B,0.0,1.0,4,4096.0,32768.0,eagle3_k8,3460247,COMPLETED,99.2461,32.20199981404923,3.08198560875404,64.1323,5.1306,final breakdown,docs/oci_qmath_extra_k_live_log_metrics_20260620.csv,"OCI Math extra-K sweep, refreshed 2026-06-21",20,/lustre/fs1/portfolios/coreai/projects/coreai_dlalgo_nemorl/users/sna/SpecDec-RL-main-vllm020-20260606/vllm-runs/qmath_extra_k_20260620/qwen32_math500_osl32k_eagle3_t00_offset0_n4_isl4096_osl32768_bs4_k8_20260620_qmath_extra_eagle3k8_pardk16_pard2k16_qwen32_eagle3_k8,True
Math,Qwen3-32B,0.0,1.0,8,4096.0,32768.0,eagle3_k8,3460248,COMPLETED,194.7035,62.39320631259151,3.1205881458396387,59.0164,4.7213,final breakdown,docs/oci_qmath_extra_k_live_log_metrics_20260620.csv,"OCI Math extra-K sweep, refreshed 2026-06-21",20,/lustre/fs1/portfolios/coreai/projects/coreai_dlalgo_nemorl/users/sna/SpecDec-RL-main-vllm020-20260606/vllm-runs/qmath_extra_k_20260620/qwen32_math500_osl32k_eagle3_t00_offset0_n8_isl4096_osl32768_bs8_k8_20260620_qmath_extra_eagle3k8_pardk16_pard2k16_qwen32_eagle3_k8,True
Math,Qwen3-32B,0.0,1.0,16,4096.0,32768.0,eagle3_k8,3460249,COMPLETED,241.8427,123.60896347553636,1.9565142623970266,50.7759,4.0621,final breakdown,docs/oci_qmath_extra_k_live_log_metrics_20260620.csv,"OCI Math extra-K sweep, refreshed 2026-06-21",20,/lustre/fs1/portfolios/coreai/projects/coreai_dlalgo_nemorl/users/sna/SpecDec-RL-main-vllm020-20260606/vllm-runs/qmath_extra_k_20260620/qwen32_math500_osl32k_eagle3_t00_offset0_n16_isl4096_osl32768_bs16_k8_20260620_qmath_extra_eagle3k8_pardk16_pard2k16_qwen32_eagle3_k8,True
Math,Qwen3-32B,0.0,1.0,32,4096.0,32768.0,eagle3_k8,3460250,COMPLETED,382.639,142.83327671519808,2.6789205484864826,52.5138,4.2011,final breakdown,docs/oci_qmath_extra_k_live_log_metrics_20260620.csv,"OCI Math extra-K sweep, refreshed 2026-06-21",20,/lustre/fs1/portfolios/coreai/projects/coreai_dlalgo_nemorl/users/sna/SpecDec-RL-main-vllm020-20260606/vllm-runs/qmath_extra_k_20260620/qwen32_math500_osl32k_eagle3_t00_offset0_n32_isl4096_osl32768_bs32_k8_20260620_qmath_extra_eagle3k8_pardk16_pard2k16_qwen32_eagle3_k8,True
Math,Qwen3-32B,0.0,1.0,1,4096.0,32768.0,pard2_k16,3463104,FAILED,,6.544053992206331,,,,live log,docs/oci_qmath_pard_pard2_k16_focus_live_log_metrics_20260620.csv,"OCI Math Qwen32 PARD/PARD-2 K16 retry, refreshed 2026-06-21",30,/lustre/fs1/portfolios/coreai/projects/coreai_dlalgo_nemorl/users/sna/SpecDec-RL-main-vllm020-20260606/vllm-runs/qmath_pard_pard2_k16_focus_20260620/qwen32_math500_osl32k_pard2_t00_offset0_n1_isl4096_osl32768_bs1_k16_20260620_qmath_pard_pard2_k16_focus,False
Math,Qwen3-32B,0.0,1.0,2,4096.0,32768.0,pard2_k16,3463105,FAILED,,15.301252337778818,,,,live log,docs/oci_qmath_pard_pard2_k16_focus_live_log_metrics_20260620.csv,"OCI Math Qwen32 PARD/PARD-2 K16 retry, refreshed 2026-06-21",30,/lustre/fs1/portfolios/coreai/projects/coreai_dlalgo_nemorl/users/sna/SpecDec-RL-main-vllm020-20260606/vllm-runs/qmath_pard_pard2_k16_focus_20260620/qwen32_math500_osl32k_pard2_t00_offset0_n2_isl4096_osl32768_bs2_k16_20260620_qmath_pard_pard2_k16_focus,False
Math,Qwen3-32B,0.0,1.0,4,4096.0,32768.0,pard2_k16,3463106,FAILED,,32.20199981404923,,,,live log,docs/oci_qmath_pard_pard2_k16_focus_live_log_metrics_20260620.csv,"OCI Math Qwen32 PARD/PARD-2 K16 retry, refreshed 2026-06-21",30,/lustre/fs1/portfolios/coreai/projects/coreai_dlalgo_nemorl/users/sna/SpecDec-RL-main-vllm020-20260606/vllm-runs/qmath_pard_pard2_k16_focus_20260620/qwen32_math500_osl32k_pard2_t00_offset0_n4_isl4096_osl32768_bs4_k16_20260620_qmath_pard_pard2_k16_focus,False
Math,Qwen3-32B,0.0,1.0,8,4096.0,32768.0,pard2_k16,3463108,FAILED,,62.39320631259151,,,,live log,docs/oci_qmath_pard_pard2_k16_focus_live_log_metrics_20260620.csv,"OCI Math Qwen32 PARD/PARD-2 K16 retry, refreshed 2026-06-21",30,/lustre/fs1/portfolios/coreai/projects/coreai_dlalgo_nemorl/users/sna/SpecDec-RL-main-vllm020-20260606/vllm-runs/qmath_pard_pard2_k16_focus_20260620/qwen32_math500_osl32k_pard2_t00_offset0_n8_isl4096_osl32768_bs8_k16_20260620_qmath_pard_pard2_k16_focus,False
Math,Qwen3-32B,0.0,1.0,16,4096.0,32768.0,pard2_k16,3463110,FAILED,,123.60896347553636,,,,live log,docs/oci_qmath_pard_pard2_k16_focus_live_log_metrics_20260620.csv,"OCI Math Qwen32 PARD/PARD-2 K16 retry, refreshed 2026-06-21",30,/lustre/fs1/portfolios/coreai/projects/coreai_dlalgo_nemorl/users/sna/SpecDec-RL-main-vllm020-20260606/vllm-runs/qmath_pard_pard2_k16_focus_20260620/qwen32_math500_osl32k_pard2_t00_offset0_n16_isl4096_osl32768_bs16_k16_20260620_qmath_pard_pard2_k16_focus,False
Math,Qwen3-32B,0.0,1.0,32,4096.0,32768.0,pard2_k16,3463111,FAILED,,142.83327671519808,,,,live log,docs/oci_qmath_pard_pard2_k16_focus_live_log_metrics_20260620.csv,"OCI Math Qwen32 PARD/PARD-2 K16 retry, refreshed 2026-06-21",30,/lustre/fs1/portfolios/coreai/projects/coreai_dlalgo_nemorl/users/sna/SpecDec-RL-main-vllm020-20260606/vllm-runs/qmath_pard_pard2_k16_focus_20260620/qwen32_math500_osl32k_pard2_t00_offset0_n32_isl4096_osl32768_bs32_k16_20260620_qmath_pard_pard2_k16_focus,False
Math,Qwen3-32B,0.0,1.0,1,4096.0,32768.0,pard_k16,3460320,COMPLETED,21.6483,6.544053992206331,3.3080870093342956,22.1157,3.5385,final breakdown,docs/oci_qmath_extra_k_live_log_metrics_20260620.csv,"OCI Math extra-K sweep, refreshed 2026-06-21",20,/lustre/fs1/portfolios/coreai/projects/coreai_dlalgo_nemorl/users/sna/SpecDec-RL-main-vllm020-20260606/vllm-runs/qmath_extra_k_20260620/qwen32_math500_osl32k_pard_t00_offset0_n1_isl4096_osl32768_bs1_k16_20260620_qmath_extra_eagle3k8_pardk16_pard2k16_qwen32_pard_k16,True
Math,Qwen3-32B,0.0,1.0,2,4096.0,32768.0,pard_k16,3460321,COMPLETED,64.4241,15.301252337778818,4.210380861502217,51.3757,8.2201,final breakdown,docs/oci_qmath_extra_k_live_log_metrics_20260620.csv,"OCI Math extra-K sweep, refreshed 2026-06-21",20,/lustre/fs1/portfolios/coreai/projects/coreai_dlalgo_nemorl/users/sna/SpecDec-RL-main-vllm020-20260606/vllm-runs/qmath_extra_k_20260620/qwen32_math500_osl32k_pard_t00_offset0_n2_isl4096_osl32768_bs2_k16_20260620_qmath_extra_eagle3k8_pardk16_pard2k16_qwen32_pard_k16,True
Math,Qwen3-32B,0.0,1.0,4,4096.0,32768.0,pard_k16,3460322,COMPLETED,43.6794,32.20199981404923,1.356418863804333,15.1259,2.4201,final breakdown,docs/oci_qmath_extra_k_live_log_metrics_20260620.csv,"OCI Math extra-K sweep, refreshed 2026-06-21",20,/lustre/fs1/portfolios/coreai/projects/coreai_dlalgo_nemorl/users/sna/SpecDec-RL-main-vllm020-20260606/vllm-runs/qmath_extra_k_20260620/qwen32_math500_osl32k_pard_t00_offset0_n4_isl4096_osl32768_bs4_k16_20260620_qmath_extra_eagle3k8_pardk16_pard2k16_qwen32_pard_k16,True
Math,Qwen3-32B,0.0,1.0,8,4096.0,32768.0,pard_k16,3460325,COMPLETED,101.5217,62.39320631259151,1.627127471080325,34.1102,5.4576,final breakdown,docs/oci_qmath_extra_k_live_log_metrics_20260620.csv,"OCI Math extra-K sweep, refreshed 2026-06-21",20,/lustre/fs1/portfolios/coreai/projects/coreai_dlalgo_nemorl/users/sna/SpecDec-RL-main-vllm020-20260606/vllm-runs/qmath_extra_k_20260620/qwen32_math500_osl32k_pard_t00_offset0_n8_isl4096_osl32768_bs8_k16_20260620_qmath_extra_eagle3k8_pardk16_pard2k16_qwen32_pard_k16,True
Math,Qwen3-32B,0.0,1.0,16,4096.0,32768.0,pard_k16,3460327,COMPLETED,130.2311,123.60896347553636,1.0535732712116321,20.9066,3.3451,final breakdown,docs/oci_qmath_extra_k_live_log_metrics_20260620.csv,"OCI Math extra-K sweep, refreshed 2026-06-21",20,/lustre/fs1/portfolios/coreai/projects/coreai_dlalgo_nemorl/users/sna/SpecDec-RL-main-vllm020-20260606/vllm-runs/qmath_extra_k_20260620/qwen32_math500_osl32k_pard_t00_offset0_n16_isl4096_osl32768_bs16_k16_20260620_qmath_extra_eagle3k8_pardk16_pard2k16_qwen32_pard_k16,True
Math,Qwen3-32B,0.0,1.0,32,4096.0,32768.0,pard_k16,3460344,COMPLETED,198.2569,142.83327671519808,1.3880301884785131,22.6118,3.6179,final breakdown,docs/oci_qmath_extra_k_live_log_metrics_20260620.csv,"OCI Math extra-K sweep, refreshed 2026-06-21",20,/lustre/fs1/portfolios/coreai/projects/coreai_dlalgo_nemorl/users/sna/SpecDec-RL-main-vllm020-20260606/vllm-runs/qmath_extra_k_20260620/qwen32_math500_osl32k_pard_t00_offset0_n32_isl4096_osl32768_bs32_k16_20260620_qmath_extra_eagle3k8_pardk16_pard2k16_qwen32_pard_k16,True
Math,Qwen3-8B,0.0,1.0,1,4096.0,32768.0,eagle3_k8,3460257,COMPLETED,90.9135,,,37.7438,3.0195,final breakdown,docs/oci_qmath_extra_k_live_log_metrics_20260620.csv,"OCI Math extra-K sweep, refreshed 2026-06-21",20,/lustre/fs1/portfolios/coreai/projects/coreai_dlalgo_nemorl/users/sna/SpecDec-RL-main-vllm020-20260606/vllm-runs/qmath_extra_k_20260620/qwen8_math500_osl32k_eagle3_t00_offset0_n1_isl4096_osl32768_bs1_k8_20260620_qmath_extra_eagle3k8_pardk16_pard2k16_qwen8_eagle3_k8,True
Math,Qwen3-8B,0.0,1.0,2,4096.0,32768.0,eagle3_k8,3460258,COMPLETED,156.7744,,,36.6112,2.9289,final breakdown,docs/oci_qmath_extra_k_live_log_metrics_20260620.csv,"OCI Math extra-K sweep, refreshed 2026-06-21",20,/lustre/fs1/portfolios/coreai/projects/coreai_dlalgo_nemorl/users/sna/SpecDec-RL-main-vllm020-20260606/vllm-runs/qmath_extra_k_20260620/qwen8_math500_osl32k_eagle3_t00_offset0_n2_isl4096_osl32768_bs2_k8_20260620_qmath_extra_eagle3k8_pardk16_pard2k16_qwen8_eagle3_k8,True
Math,Qwen3-8B,0.0,1.0,4,4096.0,32768.0,eagle3_k8,3460259,COMPLETED,193.2427,,,32.7122,2.617,final breakdown,docs/oci_qmath_extra_k_live_log_metrics_20260620.csv,"OCI Math extra-K sweep, refreshed 2026-06-21",20,/lustre/fs1/portfolios/coreai/projects/coreai_dlalgo_nemorl/users/sna/SpecDec-RL-main-vllm020-20260606/vllm-runs/qmath_extra_k_20260620/qwen8_math500_osl32k_eagle3_t00_offset0_n4_isl4096_osl32768_bs4_k8_20260620_qmath_extra_eagle3k8_pardk16_pard2k16_qwen8_eagle3_k8,True
Math,Qwen3-8B,0.0,1.0,8,4096.0,32768.0,eagle3_k8,3460260,COMPLETED,468.6981,,,35.7338,2.8587,final breakdown,docs/oci_qmath_extra_k_live_log_metrics_20260620.csv,"OCI Math extra-K sweep, refreshed 2026-06-21",20,/lustre/fs1/portfolios/coreai/projects/coreai_dlalgo_nemorl/users/sna/SpecDec-RL-main-vllm020-20260606/vllm-runs/qmath_extra_k_20260620/qwen8_math500_osl32k_eagle3_t00_offset0_n8_isl4096_osl32768_bs8_k8_20260620_qmath_extra_eagle3k8_pardk16_pard2k16_qwen8_eagle3_k8,True
Math,Qwen3-8B,0.0,1.0,16,4096.0,32768.0,eagle3_k8,3460261,COMPLETED,745.7822,,,36.035,2.8828,final breakdown,docs/oci_qmath_extra_k_live_log_metrics_20260620.csv,"OCI Math extra-K sweep, refreshed 2026-06-21",20,/lustre/fs1/portfolios/coreai/projects/coreai_dlalgo_nemorl/users/sna/SpecDec-RL-main-vllm020-20260606/vllm-runs/qmath_extra_k_20260620/qwen8_math500_osl32k_eagle3_t00_offset0_n16_isl4096_osl32768_bs16_k8_20260620_qmath_extra_eagle3k8_pardk16_pard2k16_qwen8_eagle3_k8,True
Math,Qwen3-8B,0.0,1.0,32,4096.0,32768.0,eagle3_k8,3460265,COMPLETED,1105.7518,,,33.7542,2.7003,final breakdown,docs/oci_qmath_extra_k_live_log_metrics_20260620.csv,"OCI Math extra-K sweep, refreshed 2026-06-21",20,/lustre/fs1/portfolios/coreai/projects/coreai_dlalgo_nemorl/users/sna/SpecDec-RL-main-vllm020-20260606/vllm-runs/qmath_extra_k_20260620/qwen8_math500_osl32k_eagle3_t00_offset0_n32_isl4096_osl32768_bs32_k8_20260620_qmath_extra_eagle3k8_pardk16_pard2k16_qwen8_eagle3_k8,True
Math,Qwen3-8B,0.0,1.0,1,4096.0,32768.0,pard2_k1,3457985,COMPLETED,15.1104,,,0.1436,0.0014,final breakdown,docs/oci_qmath_pard2_k_sweep_live_log_metrics_20260620.csv,"OCI Math PARD-2 K sweep, refreshed 2026-06-21",10,/lustre/fs1/portfolios/coreai/projects/coreai_dlalgo_nemorl/users/sna/SpecDec-RL-main-vllm020-20260606/vllm-runs/qmath_pard2_ksweep_retry_repo_offline_20260620/qwen8_math500_osl32k_pard2_t00_offset0_n1_isl4096_osl32768_bs1_k1_repooffline_20260620,True
Math,Qwen3-8B,0.0,1.0,2,4096.0,32768.0,pard2_k1,3457986,COMPLETED,31.3007,,,0.2447,0.0024,final breakdown,docs/oci_qmath_pard2_k_sweep_live_log_metrics_20260620.csv,"OCI Math PARD-2 K sweep, refreshed 2026-06-21",10,/lustre/fs1/portfolios/coreai/projects/coreai_dlalgo_nemorl/users/sna/SpecDec-RL-main-vllm020-20260606/vllm-runs/qmath_pard2_ksweep_retry_repo_offline_20260620/qwen8_math500_osl32k_pard2_t00_offset0_n2_isl4096_osl32768_bs2_k1_repooffline_20260620,True
Math,Qwen3-8B,0.0,1.0,4,4096.0,32768.0,pard2_k1,3457987,COMPLETED,61.5194,,,1.2046,0.012,final breakdown,docs/oci_qmath_pard2_k_sweep_live_log_metrics_20260620.csv,"OCI Math PARD-2 K sweep, refreshed 2026-06-21",10,/lustre/fs1/portfolios/coreai/projects/coreai_dlalgo_nemorl/users/sna/SpecDec-RL-main-vllm020-20260606/vllm-runs/qmath_pard2_ksweep_retry_repo_offline_20260620/qwen8_math500_osl32k_pard2_t00_offset0_n4_isl4096_osl32768_bs4_k1_repooffline_20260620,True
Math,Qwen3-8B,0.0,1.0,8,4096.0,32768.0,pard2_k1,3457988,COMPLETED,120.4206,,,1.2444,0.0124,final breakdown,docs/oci_qmath_pard2_k_sweep_live_log_metrics_20260620.csv,"OCI Math PARD-2 K sweep, refreshed 2026-06-21",10,/lustre/fs1/portfolios/coreai/projects/coreai_dlalgo_nemorl/users/sna/SpecDec-RL-main-vllm020-20260606/vllm-runs/qmath_pard2_ksweep_retry_repo_offline_20260620/qwen8_math500_osl32k_pard2_t00_offset0_n8_isl4096_osl32768_bs8_k1_repooffline_20260620,True
Math,Qwen3-8B,0.0,1.0,16,4096.0,32768.0,pard2_k1,3457989,COMPLETED,223.8377,,,0.6041,0.006,final breakdown,docs/oci_qmath_pard2_k_sweep_live_log_metrics_20260620.csv,"OCI Math PARD-2 K sweep, refreshed 2026-06-21",10,/lustre/fs1/portfolios/coreai/projects/coreai_dlalgo_nemorl/users/sna/SpecDec-RL-main-vllm020-20260606/vllm-runs/qmath_pard2_ksweep_retry_repo_offline_20260620/qwen8_math500_osl32k_pard2_t00_offset0_n16_isl4096_osl32768_bs16_k1_repooffline_20260620,True
Math,Qwen3-8B,0.0,1.0,32,4096.0,32768.0,pard2_k1,3457990,COMPLETED,255.4516,,,1.116,0.0112,final breakdown,docs/oci_qmath_pard2_k_sweep_live_log_metrics_20260620.csv,"OCI Math PARD-2 K sweep, refreshed 2026-06-21",10,/lustre/fs1/portfolios/coreai/projects/coreai_dlalgo_nemorl/users/sna/SpecDec-RL-main-vllm020-20260606/vllm-runs/qmath_pard2_ksweep_retry_repo_offline_20260620/qwen8_math500_osl32k_pard2_t00_offset0_n32_isl4096_osl32768_bs32_k1_repooffline_20260620,True
Math,Qwen3-8B,0.0,1.0,1,4096.0,32768.0,pard2_k11,3457568,COMPLETED,15.3978,,,0.0108,0.0012,final breakdown,docs/oci_qmath_pard2_k_sweep_live_log_metrics_20260620.csv,"OCI Math PARD-2 K sweep, refreshed 2026-06-21",10,/lustre/fs1/portfolios/coreai/projects/coreai_dlalgo_nemorl/users/sna/SpecDec-RL-main-vllm020-20260606/vllm-runs/qmath_pard2_ksweep_20260620/qwen8_math500_osl32k_pard2_t00_offset0_n1_isl4096_osl32768_bs1_k11_20260620_qmath_pard2_ksweep_qwen8_k11,True
Math,Qwen3-8B,0.0,1.0,2,4096.0,32768.0,pard2_k11,3457569,COMPLETED,30.2116,,,0.0463,0.0051,final breakdown,docs/oci_qmath_pard2_k_sweep_live_log_metrics_20260620.csv,"OCI Math PARD-2 K sweep, refreshed 2026-06-21",10,/lustre/fs1/portfolios/coreai/projects/coreai_dlalgo_nemorl/users/sna/SpecDec-RL-main-vllm020-20260606/vllm-runs/qmath_pard2_ksweep_20260620/qwen8_math500_osl32k_pard2_t00_offset0_n2_isl4096_osl32768_bs2_k11_20260620_qmath_pard2_ksweep_qwen8_k11,True
Math,Qwen3-8B,0.0,1.0,4,4096.0,32768.0,pard2_k11,3457591,COMPLETED,60.1389,,,0.0546,0.006,final breakdown,docs/oci_qmath_pard2_k_sweep_live_log_metrics_20260620.csv,"OCI Math PARD-2 K sweep, refreshed 2026-06-21",10,/lustre/fs1/portfolios/coreai/projects/coreai_dlalgo_nemorl/users/sna/SpecDec-RL-main-vllm020-20260606/vllm-runs/qmath_pard2_ksweep_20260620/qwen8_math500_osl32k_pard2_t00_offset0_n4_isl4096_osl32768_bs4_k11_20260620_qmath_pard2_ksweep_qwen8_k11,True
Math,Qwen3-8B,0.0,1.0,8,4096.0,32768.0,pard2_k11,3457592,COMPLETED,111.3562,,,0.113,0.0124,final breakdown,docs/oci_qmath_pard2_k_sweep_live_log_metrics_20260620.csv,"OCI Math PARD-2 K sweep, refreshed 2026-06-21",10,/lustre/fs1/portfolios/coreai/projects/coreai_dlalgo_nemorl/users/sna/SpecDec-RL-main-vllm020-20260606/vllm-runs/qmath_pard2_ksweep_20260620/qwen8_math500_osl32k_pard2_t00_offset0_n8_isl4096_osl32768_bs8_k11_20260620_qmath_pard2_ksweep_qwen8_k11,True
Math,Qwen3-8B,0.0,1.0,16,4096.0,32768.0,pard2_k11,3457593,COMPLETED,199.4272,,,0.164,0.018,final breakdown,docs/oci_qmath_pard2_k_sweep_live_log_metrics_20260620.csv,"OCI Math PARD-2 K sweep, refreshed 2026-06-21",10,/lustre/fs1/portfolios/coreai/projects/coreai_dlalgo_nemorl/users/sna/SpecDec-RL-main-vllm020-20260606/vllm-runs/qmath_pard2_ksweep_20260620/qwen8_math500_osl32k_pard2_t00_offset0_n16_isl4096_osl32768_bs16_k11_20260620_qmath_pard2_ksweep_qwen8_k11,True
Math,Qwen3-8B,0.0,1.0,32,4096.0,32768.0,pard2_k11,3457594,COMPLETED,215.1625,,,0.1055,0.0116,final breakdown,docs/oci_qmath_pard2_k_sweep_live_log_metrics_20260620.csv,"OCI Math PARD-2 K sweep, refreshed 2026-06-21",10,/lustre/fs1/portfolios/coreai/projects/coreai_dlalgo_nemorl/users/sna/SpecDec-RL-main-vllm020-20260606/vllm-runs/qmath_pard2_ksweep_20260620/qwen8_math500_osl32k_pard2_t00_offset0_n32_isl4096_osl32768_bs32_k11_20260620_qmath_pard2_ksweep_qwen8_k11,True
Math,Qwen3-8B,0.0,1.0,1,4096.0,32768.0,pard2_k16,3460401,COMPLETED,15.6875,,,0.0074,0.0012,final breakdown,docs/oci_qmath_extra_k_live_log_metrics_20260620.csv,"OCI Math extra-K sweep, refreshed 2026-06-21",20,/lustre/fs1/portfolios/coreai/projects/coreai_dlalgo_nemorl/users/sna/SpecDec-RL-main-vllm020-20260606/vllm-runs/qmath_extra_k_20260620/qwen8_math500_osl32k_pard2_t00_offset0_n1_isl4096_osl32768_bs1_k16_20260620_qmath_extra_eagle3k8_pardk16_pard2k16_qwen8_pard2_k16,True
Math,Qwen3-8B,0.0,1.0,2,4096.0,32768.0,pard2_k16,3460402,COMPLETED,30.141,,,0.032,0.0051,final breakdown,docs/oci_qmath_extra_k_live_log_metrics_20260620.csv,"OCI Math extra-K sweep, refreshed 2026-06-21",20,/lustre/fs1/portfolios/coreai/projects/coreai_dlalgo_nemorl/users/sna/SpecDec-RL-main-vllm020-20260606/vllm-runs/qmath_extra_k_20260620/qwen8_math500_osl32k_pard2_t00_offset0_n2_isl4096_osl32768_bs2_k16_20260620_qmath_extra_eagle3k8_pardk16_pard2k16_qwen8_pard2_k16,True
Math,Qwen3-8B,0.0,1.0,4,4096.0,32768.0,pard2_k16,3460403,COMPLETED,58.7047,,,0.0372,0.006,final breakdown,docs/oci_qmath_extra_k_live_log_metrics_20260620.csv,"OCI Math extra-K sweep, refreshed 2026-06-21",20,/lustre/fs1/portfolios/coreai/projects/coreai_dlalgo_nemorl/users/sna/SpecDec-RL-main-vllm020-20260606/vllm-runs/qmath_extra_k_20260620/qwen8_math500_osl32k_pard2_t00_offset0_n4_isl4096_osl32768_bs4_k16_20260620_qmath_extra_eagle3k8_pardk16_pard2k16_qwen8_pard2_k16,True
Math,Qwen3-8B,0.0,1.0,8,4096.0,32768.0,pard2_k16,3460404,COMPLETED,109.0906,,,0.0476,0.0076,final breakdown,docs/oci_qmath_extra_k_live_log_metrics_20260620.csv,"OCI Math extra-K sweep, refreshed 2026-06-21",20,/lustre/fs1/portfolios/coreai/projects/coreai_dlalgo_nemorl/users/sna/SpecDec-RL-main-vllm020-20260606/vllm-runs/qmath_extra_k_20260620/qwen8_math500_osl32k_pard2_t00_offset0_n8_isl4096_osl32768_bs8_k16_20260620_qmath_extra_eagle3k8_pardk16_pard2k16_qwen8_pard2_k16,True
Math,Qwen3-8B,0.0,1.0,16,4096.0,32768.0,pard2_k16,3460405,COMPLETED,179.5415,,,0.049,0.0078,final breakdown,docs/oci_qmath_extra_k_live_log_metrics_20260620.csv,"OCI Math extra-K sweep, refreshed 2026-06-21",20,/lustre/fs1/portfolios/coreai/projects/coreai_dlalgo_nemorl/users/sna/SpecDec-RL-main-vllm020-20260606/vllm-runs/qmath_extra_k_20260620/qwen8_math500_osl32k_pard2_t00_offset0_n16_isl4096_osl32768_bs16_k16_20260620_qmath_extra_eagle3k8_pardk16_pard2k16_qwen8_pard2_k16,True
Math,Qwen3-8B,0.0,1.0,32,4096.0,32768.0,pard2_k16,3460406,COMPLETED,183.6793,,,0.0725,0.0116,final breakdown,docs/oci_qmath_extra_k_live_log_metrics_20260620.csv,"OCI Math extra-K sweep, refreshed 2026-06-21",20,/lustre/fs1/portfolios/coreai/projects/coreai_dlalgo_nemorl/users/sna/SpecDec-RL-main-vllm020-20260606/vllm-runs/qmath_extra_k_20260620/qwen8_math500_osl32k_pard2_t00_offset0_n32_isl4096_osl32768_bs32_k16_20260620_qmath_extra_eagle3k8_pardk16_pard2k16_qwen8_pard2_k16,True
Math,Qwen3-8B,0.0,1.0,1,4096.0,32768.0,pard2_k3,3457458,COMPLETED,15.2545,,,0.0479,0.0014,final breakdown,docs/oci_qmath_pard2_k_sweep_live_log_metrics_20260620.csv,"OCI Math PARD-2 K sweep, refreshed 2026-06-21",10,/lustre/fs1/portfolios/coreai/projects/coreai_dlalgo_nemorl/users/sna/SpecDec-RL-main-vllm020-20260606/vllm-runs/qmath_pard2_ksweep_20260620/qwen8_math500_osl32k_pard2_t00_offset0_n1_isl4096_osl32768_bs1_k3_20260620_qmath_pard2_ksweep_qwen8_k3,True
Math,Qwen3-8B,0.0,1.0,2,4096.0,32768.0,pard2_k3,3457472,COMPLETED,29.6781,,,0.102,0.0031,final breakdown,docs/oci_qmath_pard2_k_sweep_live_log_metrics_20260620.csv,"OCI Math PARD-2 K sweep, refreshed 2026-06-21",10,/lustre/fs1/portfolios/coreai/projects/coreai_dlalgo_nemorl/users/sna/SpecDec-RL-main-vllm020-20260606/vllm-runs/qmath_pard2_ksweep_20260620/qwen8_math500_osl32k_pard2_t00_offset0_n2_isl4096_osl32768_bs2_k3_20260620_qmath_pard2_ksweep_qwen8_k3,True
Math,Qwen3-8B,0.0,1.0,4,4096.0,32768.0,pard2_k3,3457485,COMPLETED,62.0763,,,0.369,0.0111,final breakdown,docs/oci_qmath_pard2_k_sweep_live_log_metrics_20260620.csv,"OCI Math PARD-2 K sweep, refreshed 2026-06-21",10,/lustre/fs1/portfolios/coreai/projects/coreai_dlalgo_nemorl/users/sna/SpecDec-RL-main-vllm020-20260606/vllm-runs/qmath_pard2_ksweep_20260620/qwen8_math500_osl32k_pard2_t00_offset0_n4_isl4096_osl32768_bs4_k3_20260620_qmath_pard2_ksweep_qwen8_k3,True
Math,Qwen3-8B,0.0,1.0,8,4096.0,32768.0,pard2_k3,3457501,COMPLETED,117.5802,,,0.254,0.0076,final breakdown,docs/oci_qmath_pard2_k_sweep_live_log_metrics_20260620.csv,"OCI Math PARD-2 K sweep, refreshed 2026-06-21",10,/lustre/fs1/portfolios/coreai/projects/coreai_dlalgo_nemorl/users/sna/SpecDec-RL-main-vllm020-20260606/vllm-runs/qmath_pard2_ksweep_20260620/qwen8_math500_osl32k_pard2_t00_offset0_n8_isl4096_osl32768_bs8_k3_20260620_qmath_pard2_ksweep_qwen8_k3,True
Math,Qwen3-8B,0.0,1.0,16,4096.0,32768.0,pard2_k3,3457514,COMPLETED,229.3134,,,0.206,0.0062,final breakdown,docs/oci_qmath_pard2_k_sweep_live_log_metrics_20260620.csv,"OCI Math PARD-2 K sweep, refreshed 2026-06-21",10,/lustre/fs1/portfolios/coreai/projects/coreai_dlalgo_nemorl/users/sna/SpecDec-RL-main-vllm020-20260606/vllm-runs/qmath_pard2_ksweep_20260620/qwen8_math500_osl32k_pard2_t00_offset0_n16_isl4096_osl32768_bs16_k3_20260620_qmath_pard2_ksweep_qwen8_k3,True
Math,Qwen3-8B,0.0,1.0,32,4096.0,32768.0,pard2_k3,3457522,COMPLETED,250.437,,,0.3834,0.0115,final breakdown,docs/oci_qmath_pard2_k_sweep_live_log_metrics_20260620.csv,"OCI Math PARD-2 K sweep, refreshed 2026-06-21",10,/lustre/fs1/portfolios/coreai/projects/coreai_dlalgo_nemorl/users/sna/SpecDec-RL-main-vllm020-20260606/vllm-runs/qmath_pard2_ksweep_20260620/qwen8_math500_osl32k_pard2_t00_offset0_n32_isl4096_osl32768_bs32_k3_20260620_qmath_pard2_ksweep_qwen8_k3,True
Math,Qwen3-8B,0.0,1.0,1,4096.0,32768.0,pard2_k9,3457550,COMPLETED,16.3674,,,0.0132,0.0012,final breakdown,docs/oci_qmath_pard2_k_sweep_live_log_metrics_20260620.csv,"OCI Math PARD-2 K sweep, refreshed 2026-06-21",10,/lustre/fs1/portfolios/coreai/projects/coreai_dlalgo_nemorl/users/sna/SpecDec-RL-main-vllm020-20260606/vllm-runs/qmath_pard2_ksweep_20260620/qwen8_math500_osl32k_pard2_t00_offset0_n1_isl4096_osl32768_bs1_k9_20260620_qmath_pard2_ksweep_qwen8_k9,True
Math,Qwen3-8B,0.0,1.0,2,4096.0,32768.0,pard2_k9,3457551,COMPLETED,30.6985,,,0.0569,0.0051,final breakdown,docs/oci_qmath_pard2_k_sweep_live_log_metrics_20260620.csv,"OCI Math PARD-2 K sweep, refreshed 2026-06-21",10,/lustre/fs1/portfolios/coreai/projects/coreai_dlalgo_nemorl/users/sna/SpecDec-RL-main-vllm020-20260606/vllm-runs/qmath_pard2_ksweep_20260620/qwen8_math500_osl32k_pard2_t00_offset0_n2_isl4096_osl32768_bs2_k9_20260620_qmath_pard2_ksweep_qwen8_k9,True
Math,Qwen3-8B,0.0,1.0,4,4096.0,32768.0,pard2_k9,3457552,COMPLETED,59.7803,,,0.1602,0.0144,final breakdown,docs/oci_qmath_pard2_k_sweep_live_log_metrics_20260620.csv,"OCI Math PARD-2 K sweep, refreshed 2026-06-21",10,/lustre/fs1/portfolios/coreai/projects/coreai_dlalgo_nemorl/users/sna/SpecDec-RL-main-vllm020-20260606/vllm-runs/qmath_pard2_ksweep_20260620/qwen8_math500_osl32k_pard2_t00_offset0_n4_isl4096_osl32768_bs4_k9_20260620_qmath_pard2_ksweep_qwen8_k9,True
Math,Qwen3-8B,0.0,1.0,8,4096.0,32768.0,pard2_k9,3457553,COMPLETED,116.5737,,,0.0843,0.0076,final breakdown,docs/oci_qmath_pard2_k_sweep_live_log_metrics_20260620.csv,"OCI Math PARD-2 K sweep, refreshed 2026-06-21",10,/lustre/fs1/portfolios/coreai/projects/coreai_dlalgo_nemorl/users/sna/SpecDec-RL-main-vllm020-20260606/vllm-runs/qmath_pard2_ksweep_20260620/qwen8_math500_osl32k_pard2_t00_offset0_n8_isl4096_osl32768_bs8_k9_20260620_qmath_pard2_ksweep_qwen8_k9,True
Math,Qwen3-8B,0.0,1.0,16,4096.0,32768.0,pard2_k9,3457554,COMPLETED,217.7339,,,0.0956,0.0086,final breakdown,docs/oci_qmath_pard2_k_sweep_live_log_metrics_20260620.csv,"OCI Math PARD-2 K sweep, refreshed 2026-06-21",10,/lustre/fs1/portfolios/coreai/projects/coreai_dlalgo_nemorl/users/sna/SpecDec-RL-main-vllm020-20260606/vllm-runs/qmath_pard2_ksweep_20260620/qwen8_math500_osl32k_pard2_t00_offset0_n16_isl4096_osl32768_bs16_k9_20260620_qmath_pard2_ksweep_qwen8_k9,True
Math,Qwen3-8B,0.0,1.0,32,4096.0,32768.0,pard2_k9,3457555,COMPLETED,221.1975,,,0.129,0.0116,final breakdown,docs/oci_qmath_pard2_k_sweep_live_log_metrics_20260620.csv,"OCI Math PARD-2 K sweep, refreshed 2026-06-21",10,/lustre/fs1/portfolios/coreai/projects/coreai_dlalgo_nemorl/users/sna/SpecDec-RL-main-vllm020-20260606/vllm-runs/qmath_pard2_ksweep_20260620/qwen8_math500_osl32k_pard2_t00_offset0_n32_isl4096_osl32768_bs32_k9_20260620_qmath_pard2_ksweep_qwen8_k9,True
Math,Qwen3-8B,0.0,1.0,1,4096.0,32768.0,pard_k16,3460353,FAILED,,,,,,live log,docs/oci_qmath_extra_k_live_log_metrics_20260620.csv,"OCI Math extra-K sweep, refreshed 2026-06-21",20,/lustre/fs1/portfolios/coreai/projects/coreai_dlalgo_nemorl/users/sna/SpecDec-RL-main-vllm020-20260606/vllm-runs/qmath_extra_k_20260620/qwen8_math500_osl32k_pard_t00_offset0_n1_isl4096_osl32768_bs1_k16_20260620_qmath_extra_eagle3k8_pardk16_pard2k16_qwen8_pard_k16,False
Math,Qwen3-8B,0.0,1.0,2,4096.0,32768.0,pard_k16,3460355,FAILED,,,,,,live log,docs/oci_qmath_extra_k_live_log_metrics_20260620.csv,"OCI Math extra-K sweep, refreshed 2026-06-21",20,/lustre/fs1/portfolios/coreai/projects/coreai_dlalgo_nemorl/users/sna/SpecDec-RL-main-vllm020-20260606/vllm-runs/qmath_extra_k_20260620/qwen8_math500_osl32k_pard_t00_offset0_n2_isl4096_osl32768_bs2_k16_20260620_qmath_extra_eagle3k8_pardk16_pard2k16_qwen8_pard_k16,False
Math,Qwen3-8B,0.0,1.0,4,4096.0,32768.0,pard_k16,3460357,FAILED,,,,,,live log,docs/oci_qmath_extra_k_live_log_metrics_20260620.csv,"OCI Math extra-K sweep, refreshed 2026-06-21",20,/lustre/fs1/portfolios/coreai/projects/coreai_dlalgo_nemorl/users/sna/SpecDec-RL-main-vllm020-20260606/vllm-runs/qmath_extra_k_20260620/qwen8_math500_osl32k_pard_t00_offset0_n4_isl4096_osl32768_bs4_k16_20260620_qmath_extra_eagle3k8_pardk16_pard2k16_qwen8_pard_k16,False
Math,Qwen3-8B,0.0,1.0,8,4096.0,32768.0,pard_k16,3460359,FAILED,,,,,,live log,docs/oci_qmath_extra_k_live_log_metrics_20260620.csv,"OCI Math extra-K sweep, refreshed 2026-06-21",20,/lustre/fs1/portfolios/coreai/projects/coreai_dlalgo_nemorl/users/sna/SpecDec-RL-main-vllm020-20260606/vllm-runs/qmath_extra_k_20260620/qwen8_math500_osl32k_pard_t00_offset0_n8_isl4096_osl32768_bs8_k16_20260620_qmath_extra_eagle3k8_pardk16_pard2k16_qwen8_pard_k16,False
Math,Qwen3-8B,0.0,1.0,16,4096.0,32768.0,pard_k16,3460360,FAILED,,,,,,live log,docs/oci_qmath_extra_k_live_log_metrics_20260620.csv,"OCI Math extra-K sweep, refreshed 2026-06-21",20,/lustre/fs1/portfolios/coreai/projects/coreai_dlalgo_nemorl/users/sna/SpecDec-RL-main-vllm020-20260606/vllm-runs/qmath_extra_k_20260620/qwen8_math500_osl32k_pard_t00_offset0_n16_isl4096_osl32768_bs16_k16_20260620_qmath_extra_eagle3k8_pardk16_pard2k16_qwen8_pard_k16,False
Math,Qwen3-8B,0.0,1.0,32,4096.0,32768.0,pard_k16,3460361,FAILED,,,,,,live log,docs/oci_qmath_extra_k_live_log_metrics_20260620.csv,"OCI Math extra-K sweep, refreshed 2026-06-21",20,/lustre/fs1/portfolios/coreai/projects/coreai_dlalgo_nemorl/users/sna/SpecDec-RL-main-vllm020-20260606/vllm-runs/qmath_extra_k_20260620/qwen8_math500_osl32k_pard_t00_offset0_n32_isl4096_osl32768_bs32_k16_20260620_qmath_extra_eagle3k8_pardk16_pard2k16_qwen8_pard_k16,False
Math,Qwen3-235B-A22B,1.0,1.0,1,4096.0,32768.0,eagle3_k8,3459935,COMPLETED,4.008,1.9325440586386944,2.0739501291490763,16.799,1.3439,final breakdown,docs/oci_qmath_extra_k_live_log_metrics_20260620.csv,"OCI Math extra-K sweep, refreshed 2026-06-21",20,/lustre/fs1/portfolios/coreai/projects/coreai_dlalgo_nemorl/users/sna/SpecDec-RL-main-vllm020-20260606/vllm-runs/qmath_extra_k_20260620/qwen235b_math500_osl32k_eagle3_t10_offset0_n1_isl4096_osl32768_bs1_k8_20260620_qmath_extra_eagle3k8_pardk16_pard2k16_qwen235b_eagle3_k8,True
Math,Qwen3-235B-A22B,1.0,1.0,2,4096.0,32768.0,eagle3_k8,3459951,COMPLETED,8.013,3.9298626758296966,2.039002545631762,21.7584,1.7407,final breakdown,docs/oci_qmath_extra_k_live_log_metrics_20260620.csv,"OCI Math extra-K sweep, refreshed 2026-06-21",20,/lustre/fs1/portfolios/coreai/projects/coreai_dlalgo_nemorl/users/sna/SpecDec-RL-main-vllm020-20260606/vllm-runs/qmath_extra_k_20260620/qwen235b_math500_osl32k_eagle3_t10_offset0_n2_isl4096_osl32768_bs2_k8_20260620_qmath_extra_eagle3k8_pardk16_pard2k16_qwen235b_eagle3_k8,True
Math,Qwen3-235B-A22B,1.0,1.0,4,4096.0,32768.0,eagle3_k8,3459965,COMPLETED,13.4024,7.72670699575062,1.7345552260970662,17.1259,1.3701,final breakdown,docs/oci_qmath_extra_k_live_log_metrics_20260620.csv,"OCI Math extra-K sweep, refreshed 2026-06-21",20,/lustre/fs1/portfolios/coreai/projects/coreai_dlalgo_nemorl/users/sna/SpecDec-RL-main-vllm020-20260606/vllm-runs/qmath_extra_k_20260620/qwen235b_math500_osl32k_eagle3_t10_offset0_n4_isl4096_osl32768_bs4_k8_20260620_qmath_extra_eagle3k8_pardk16_pard2k16_qwen235b_eagle3_k8,True
Math,Qwen3-235B-A22B,1.0,1.0,8,4096.0,32768.0,eagle3_k8,3459974,COMPLETED,23.8943,14.719009309432536,1.623363332251415,21.6435,1.7315,final breakdown,docs/oci_qmath_extra_k_live_log_metrics_20260620.csv,"OCI Math extra-K sweep, refreshed 2026-06-21",20,/lustre/fs1/portfolios/coreai/projects/coreai_dlalgo_nemorl/users/sna/SpecDec-RL-main-vllm020-20260606/vllm-runs/qmath_extra_k_20260620/qwen235b_math500_osl32k_eagle3_t10_offset0_n8_isl4096_osl32768_bs8_k8_20260620_qmath_extra_eagle3k8_pardk16_pard2k16_qwen235b_eagle3_k8,True
Math,Qwen3-235B-A22B,1.0,1.0,16,4096.0,32768.0,eagle3_k8,3459984,COMPLETED,50.1044,29.69275289276811,1.6874285850472053,22.1991,1.7759,final breakdown,docs/oci_qmath_extra_k_live_log_metrics_20260620.csv,"OCI Math extra-K sweep, refreshed 2026-06-21",20,/lustre/fs1/portfolios/coreai/projects/coreai_dlalgo_nemorl/users/sna/SpecDec-RL-main-vllm020-20260606/vllm-runs/qmath_extra_k_20260620/qwen235b_math500_osl32k_eagle3_t10_offset0_n16_isl4096_osl32768_bs16_k8_20260620_qmath_extra_eagle3k8_pardk16_pard2k16_qwen235b_eagle3_k8,True
Math,Qwen3-235B-A22B,1.0,1.0,32,4096.0,32768.0,eagle3_k8,3459991,COMPLETED,85.6449,59.8297335837117,1.431477208237416,19.1392,1.5311,final breakdown,docs/oci_qmath_extra_k_live_log_metrics_20260620.csv,"OCI Math extra-K sweep, refreshed 2026-06-21",20,/lustre/fs1/portfolios/coreai/projects/coreai_dlalgo_nemorl/users/sna/SpecDec-RL-main-vllm020-20260606/vllm-runs/qmath_extra_k_20260620/qwen235b_math500_osl32k_eagle3_t10_offset0_n32_isl4096_osl32768_bs32_k8_20260620_qmath_extra_eagle3k8_pardk16_pard2k16_qwen235b_eagle3_k8,True
Math,Qwen3-235B-A22B,1.0,1.0,1,4096.0,32768.0,pard2_k11,3457979,COMPLETED,1.6142,1.9325440586386944,0.8352720305569957,0.0069,0.0008,final breakdown,docs/oci_qmath_pard2_k_sweep_live_log_metrics_20260620.csv,"OCI Math PARD-2 K sweep, refreshed 2026-06-21",10,/lustre/fs1/portfolios/coreai/projects/coreai_dlalgo_nemorl/users/sna/SpecDec-RL-main-vllm020-20260606/vllm-runs/qmath_pard2_ksweep_retry_repo_offline_20260620/qwen235b_math500_osl32k_pard2_t10_offset0_n1_isl4096_osl32768_bs1_k11_repooffline_20260620,True
Math,Qwen3-235B-A22B,1.0,1.0,2,4096.0,32768.0,pard2_k11,3457980,COMPLETED,3.1744,3.9298626758296966,0.807763594266001,0.1373,0.0151,final breakdown,docs/oci_qmath_pard2_k_sweep_live_log_metrics_20260620.csv,"OCI Math PARD-2 K sweep, refreshed 2026-06-21",10,/lustre/fs1/portfolios/coreai/projects/coreai_dlalgo_nemorl/users/sna/SpecDec-RL-main-vllm020-20260606/vllm-runs/qmath_pard2_ksweep_retry_repo_offline_20260620/qwen235b_math500_osl32k_pard2_t10_offset0_n2_isl4096_osl32768_bs2_k11_repooffline_20260620,True
Math,Qwen3-235B-A22B,1.0,1.0,4,4096.0,32768.0,pard2_k11,3457981,COMPLETED,6.2771,7.72670699575062,0.8123900651923457,0.1246,0.0137,final breakdown,docs/oci_qmath_pard2_k_sweep_live_log_metrics_20260620.csv,"OCI Math PARD-2 K sweep, refreshed 2026-06-21",10,/lustre/fs1/portfolios/coreai/projects/coreai_dlalgo_nemorl/users/sna/SpecDec-RL-main-vllm020-20260606/vllm-runs/qmath_pard2_ksweep_retry_repo_offline_20260620/qwen235b_math500_osl32k_pard2_t10_offset0_n4_isl4096_osl32768_bs4_k11_repooffline_20260620,True
Math,Qwen3-235B-A22B,1.0,1.0,8,4096.0,32768.0,pard2_k11,3457982,COMPLETED,12.5805,14.719009309432536,0.8547110566699558,0.1659,0.0182,final breakdown,docs/oci_qmath_pard2_k_sweep_live_log_metrics_20260620.csv,"OCI Math PARD-2 K sweep, refreshed 2026-06-21",10,/lustre/fs1/portfolios/coreai/projects/coreai_dlalgo_nemorl/users/sna/SpecDec-RL-main-vllm020-20260606/vllm-runs/qmath_pard2_ksweep_retry_repo_offline_20260620/qwen235b_math500_osl32k_pard2_t10_offset0_n8_isl4096_osl32768_bs8_k11_repooffline_20260620,True
Math,Qwen3-235B-A22B,1.0,1.0,16,4096.0,32768.0,pard2_k11,3457983,COMPLETED,24.3815,29.69275289276811,0.8211262892346467,0.163,0.0179,final breakdown,docs/oci_qmath_pard2_k_sweep_live_log_metrics_20260620.csv,"OCI Math PARD-2 K sweep, refreshed 2026-06-21",10,/lustre/fs1/portfolios/coreai/projects/coreai_dlalgo_nemorl/users/sna/SpecDec-RL-main-vllm020-20260606/vllm-runs/qmath_pard2_ksweep_retry_repo_offline_20260620/qwen235b_math500_osl32k_pard2_t10_offset0_n16_isl4096_osl32768_bs16_k11_repooffline_20260620,True
Math,Qwen3-235B-A22B,1.0,1.0,32,4096.0,32768.0,pard2_k11,3457984,COMPLETED,46.9934,59.8297335837117,0.7854522690502784,0.2839,0.0312,final breakdown,docs/oci_qmath_pard2_k_sweep_live_log_metrics_20260620.csv,"OCI Math PARD-2 K sweep, refreshed 2026-06-21",10,/lustre/fs1/portfolios/coreai/projects/coreai_dlalgo_nemorl/users/sna/SpecDec-RL-main-vllm020-20260606/vllm-runs/qmath_pard2_ksweep_retry_repo_offline_20260620/qwen235b_math500_osl32k_pard2_t10_offset0_n32_isl4096_osl32768_bs32_k11_repooffline_20260620,True
Math,Qwen3-235B-A22B,1.0,1.0,1,4096.0,32768.0,pard2_k16,3460394,COMPLETED,1.6218,1.9325440586386944,0.839204670522448,0.0843,0.0135,final breakdown,docs/oci_qmath_extra_k_live_log_metrics_20260620.csv,"OCI Math extra-K sweep, refreshed 2026-06-21",20,/lustre/fs1/portfolios/coreai/projects/coreai_dlalgo_nemorl/users/sna/SpecDec-RL-main-vllm020-20260606/vllm-runs/qmath_extra_k_20260620/qwen235b_math500_osl32k_pard2_t10_offset0_n1_isl4096_osl32768_bs1_k16_20260620_qmath_extra_eagle3k8_pardk16_pard2k16_qwen235b_pard2_k16,True
Math,Qwen3-235B-A22B,1.0,1.0,2,4096.0,32768.0,pard2_k16,3460395,COMPLETED,3.1589,3.9298626758296966,0.803819436090874,0.1292,0.0207,final breakdown,docs/oci_qmath_extra_k_live_log_metrics_20260620.csv,"OCI Math extra-K sweep, refreshed 2026-06-21",20,/lustre/fs1/portfolios/coreai/projects/coreai_dlalgo_nemorl/users/sna/SpecDec-RL-main-vllm020-20260606/vllm-runs/qmath_extra_k_20260620/qwen235b_math500_osl32k_pard2_t10_offset0_n2_isl4096_osl32768_bs2_k16_20260620_qmath_extra_eagle3k8_pardk16_pard2k16_qwen235b_pard2_k16,True
Math,Qwen3-235B-A22B,1.0,1.0,4,4096.0,32768.0,pard2_k16,3460397,COMPLETED,5.1509,7.72670699575062,0.6666358647782024,0.0474,0.0076,final breakdown,docs/oci_qmath_extra_k_live_log_metrics_20260620.csv,"OCI Math extra-K sweep, refreshed 2026-06-21",20,/lustre/fs1/portfolios/coreai/projects/coreai_dlalgo_nemorl/users/sna/SpecDec-RL-main-vllm020-20260606/vllm-runs/qmath_extra_k_20260620/qwen235b_math500_osl32k_pard2_t10_offset0_n4_isl4096_osl32768_bs4_k16_20260620_qmath_extra_eagle3k8_pardk16_pard2k16_qwen235b_pard2_k16,True
Math,Qwen3-235B-A22B,1.0,1.0,8,4096.0,32768.0,pard2_k16,3460398,COMPLETED,12.3553,14.719009309432536,0.8394111139044,0.2097,0.0336,final breakdown,docs/oci_qmath_extra_k_live_log_metrics_20260620.csv,"OCI Math extra-K sweep, refreshed 2026-06-21",20,/lustre/fs1/portfolios/coreai/projects/coreai_dlalgo_nemorl/users/sna/SpecDec-RL-main-vllm020-20260606/vllm-runs/qmath_extra_k_20260620/qwen235b_math500_osl32k_pard2_t10_offset0_n8_isl4096_osl32768_bs8_k16_20260620_qmath_extra_eagle3k8_pardk16_pard2k16_qwen235b_pard2_k16,True
Math,Qwen3-235B-A22B,1.0,1.0,16,4096.0,32768.0,pard2_k16,3460399,COMPLETED,22.8324,29.69275289276811,0.7689553098177367,0.2472,0.0395,final breakdown,docs/oci_qmath_extra_k_live_log_metrics_20260620.csv,"OCI Math extra-K sweep, refreshed 2026-06-21",20,/lustre/fs1/portfolios/coreai/projects/coreai_dlalgo_nemorl/users/sna/SpecDec-RL-main-vllm020-20260606/vllm-runs/qmath_extra_k_20260620/qwen235b_math500_osl32k_pard2_t10_offset0_n16_isl4096_osl32768_bs16_k16_20260620_qmath_extra_eagle3k8_pardk16_pard2k16_qwen235b_pard2_k16,True
Math,Qwen3-235B-A22B,1.0,1.0,32,4096.0,32768.0,pard2_k16,3460400,COMPLETED,43.4963,59.8297335837117,0.7270013987132581,0.1144,0.0183,final breakdown,docs/oci_qmath_extra_k_live_log_metrics_20260620.csv,"OCI Math extra-K sweep, refreshed 2026-06-21",20,/lustre/fs1/portfolios/coreai/projects/coreai_dlalgo_nemorl/users/sna/SpecDec-RL-main-vllm020-20260606/vllm-runs/qmath_extra_k_20260620/qwen235b_math500_osl32k_pard2_t10_offset0_n32_isl4096_osl32768_bs32_k16_20260620_qmath_extra_eagle3k8_pardk16_pard2k16_qwen235b_pard2_k16,True
Math,Qwen3-235B-A22B,1.0,1.0,1,4096.0,32768.0,pard2_k3,3457207,COMPLETED,1.6081,1.9325440586386944,0.8321155695320932,0.0193,0.0006,final breakdown,docs/oci_qmath_pard2_k_sweep_live_log_metrics_20260620.csv,"OCI Math PARD-2 K sweep, refreshed 2026-06-21",10,/lustre/fs1/portfolios/coreai/projects/coreai_dlalgo_nemorl/users/sna/SpecDec-RL-main-vllm020-20260606/vllm-runs/qmath_pard2_ksweep_20260620/qwen235b_math500_osl32k_pard2_t10_offset0_n1_isl4096_osl32768_bs1_k3_20260620_qmath_pard2_ksweep_qwen235b_k3,True
Math,Qwen3-235B-A22B,1.0,1.0,2,4096.0,32768.0,pard2_k3,3457209,COMPLETED,3.1473,3.9298626758296966,0.8008676790049726,0.2904,0.0087,final breakdown,docs/oci_qmath_pard2_k_sweep_live_log_metrics_20260620.csv,"OCI Math PARD-2 K sweep, refreshed 2026-06-21",10,/lustre/fs1/portfolios/coreai/projects/coreai_dlalgo_nemorl/users/sna/SpecDec-RL-main-vllm020-20260606/vllm-runs/qmath_pard2_ksweep_20260620/qwen235b_math500_osl32k_pard2_t10_offset0_n2_isl4096_osl32768_bs2_k3_20260620_qmath_pard2_ksweep_qwen235b_k3,True
Math,Qwen3-235B-A22B,1.0,1.0,4,4096.0,32768.0,pard2_k3,3457211,COMPLETED,6.3293,7.72670699575062,0.8191458539169224,0.6109,0.0183,final breakdown,docs/oci_qmath_pard2_k_sweep_live_log_metrics_20260620.csv,"OCI Math PARD-2 K sweep, refreshed 2026-06-21",10,/lustre/fs1/portfolios/coreai/projects/coreai_dlalgo_nemorl/users/sna/SpecDec-RL-main-vllm020-20260606/vllm-runs/qmath_pard2_ksweep_20260620/qwen235b_math500_osl32k_pard2_t10_offset0_n4_isl4096_osl32768_bs4_k3_20260620_qmath_pard2_ksweep_qwen235b_k3,True
Math,Qwen3-235B-A22B,1.0,1.0,8,4096.0,32768.0,pard2_k3,3457213,COMPLETED,12.2709,14.719009309432536,0.833677032335071,0.6383,0.0191,final breakdown,docs/oci_qmath_pard2_k_sweep_live_log_metrics_20260620.csv,"OCI Math PARD-2 K sweep, refreshed 2026-06-21",10,/lustre/fs1/portfolios/coreai/projects/coreai_dlalgo_nemorl/users/sna/SpecDec-RL-main-vllm020-20260606/vllm-runs/qmath_pard2_ksweep_20260620/qwen235b_math500_osl32k_pard2_t10_offset0_n8_isl4096_osl32768_bs8_k3_20260620_qmath_pard2_ksweep_qwen235b_k3,True
Math,Qwen3-235B-A22B,1.0,1.0,16,4096.0,32768.0,pard2_k3,3457214,COMPLETED,24.2043,29.69275289276811,0.815158503066758,1.7502,0.0525,final breakdown,docs/oci_qmath_pard2_k_sweep_live_log_metrics_20260620.csv,"OCI Math PARD-2 K sweep, refreshed 2026-06-21",10,/lustre/fs1/portfolios/coreai/projects/coreai_dlalgo_nemorl/users/sna/SpecDec-RL-main-vllm020-20260606/vllm-runs/qmath_pard2_ksweep_20260620/qwen235b_math500_osl32k_pard2_t10_offset0_n16_isl4096_osl32768_bs16_k3_20260620_qmath_pard2_ksweep_qwen235b_k3,True
Math,Qwen3-235B-A22B,1.0,1.0,32,4096.0,32768.0,pard2_k3,3457217,COMPLETED,47.2621,59.8297335837117,0.7899433470462056,1.3064,0.0392,final breakdown,docs/oci_qmath_pard2_k_sweep_live_log_metrics_20260620.csv,"OCI Math PARD-2 K sweep, refreshed 2026-06-21",10,/lustre/fs1/portfolios/coreai/projects/coreai_dlalgo_nemorl/users/sna/SpecDec-RL-main-vllm020-20260606/vllm-runs/qmath_pard2_ksweep_20260620/qwen235b_math500_osl32k_pard2_t10_offset0_n32_isl4096_osl32768_bs32_k3_20260620_qmath_pard2_ksweep_qwen235b_k3,True
Math,Qwen3-235B-A22B,1.0,1.0,1,4096.0,32768.0,pard2_k5,3457250,COMPLETED,1.4708,1.9325440586386944,0.7610693238404345,0.4666,0.0233,final breakdown,docs/oci_qmath_pard2_k_sweep_live_log_metrics_20260620.csv,"OCI Math PARD-2 K sweep, refreshed 2026-06-21",10,/lustre/fs1/portfolios/coreai/projects/coreai_dlalgo_nemorl/users/sna/SpecDec-RL-main-vllm020-20260606/vllm-runs/qmath_pard2_ksweep_20260620/qwen235b_math500_osl32k_pard2_t10_offset0_n1_isl4096_osl32768_bs1_k5_20260620_qmath_pard2_ksweep_qwen235b_k5,True
Math,Qwen3-235B-A22B,1.0,1.0,2,4096.0,32768.0,pard2_k5,3457252,COMPLETED,3.2413,3.9298626758296966,0.8247870898734844,0.3137,0.0157,final breakdown,docs/oci_qmath_pard2_k_sweep_live_log_metrics_20260620.csv,"OCI Math PARD-2 K sweep, refreshed 2026-06-21",10,/lustre/fs1/portfolios/coreai/projects/coreai_dlalgo_nemorl/users/sna/SpecDec-RL-main-vllm020-20260606/vllm-runs/qmath_pard2_ksweep_20260620/qwen235b_math500_osl32k_pard2_t10_offset0_n2_isl4096_osl32768_bs2_k5_20260620_qmath_pard2_ksweep_qwen235b_k5,True
Math,Qwen3-235B-A22B,1.0,1.0,4,4096.0,32768.0,pard2_k5,3457254,COMPLETED,6.3531,7.72670699575062,0.8222260794273617,0.2131,0.0107,final breakdown,docs/oci_qmath_pard2_k_sweep_live_log_metrics_20260620.csv,"OCI Math PARD-2 K sweep, refreshed 2026-06-21",10,/lustre/fs1/portfolios/coreai/projects/coreai_dlalgo_nemorl/users/sna/SpecDec-RL-main-vllm020-20260606/vllm-runs/qmath_pard2_ksweep_20260620/qwen235b_math500_osl32k_pard2_t10_offset0_n4_isl4096_osl32768_bs4_k5_20260620_qmath_pard2_ksweep_qwen235b_k5,True
Math,Qwen3-235B-A22B,1.0,1.0,8,4096.0,32768.0,pard2_k5,3457255,COMPLETED,12.8209,14.719009309432536,0.8710436776328315,0.641,0.0321,final breakdown,docs/oci_qmath_pard2_k_sweep_live_log_metrics_20260620.csv,"OCI Math PARD-2 K sweep, refreshed 2026-06-21",10,/lustre/fs1/portfolios/coreai/projects/coreai_dlalgo_nemorl/users/sna/SpecDec-RL-main-vllm020-20260606/vllm-runs/qmath_pard2_ksweep_20260620/qwen235b_math500_osl32k_pard2_t10_offset0_n8_isl4096_osl32768_bs8_k5_20260620_qmath_pard2_ksweep_qwen235b_k5,True
Math,Qwen3-235B-A22B,1.0,1.0,16,4096.0,32768.0,pard2_k5,3457258,COMPLETED,24.823,29.69275289276811,0.8359952372771009,0.5569,0.0278,final breakdown,docs/oci_qmath_pard2_k_sweep_live_log_metrics_20260620.csv,"OCI Math PARD-2 K sweep, refreshed 2026-06-21",10,/lustre/fs1/portfolios/coreai/projects/coreai_dlalgo_nemorl/users/sna/SpecDec-RL-main-vllm020-20260606/vllm-runs/qmath_pard2_ksweep_20260620/qwen235b_math500_osl32k_pard2_t10_offset0_n16_isl4096_osl32768_bs16_k5_20260620_qmath_pard2_ksweep_qwen235b_k5,True
Math,Qwen3-235B-A22B,1.0,1.0,32,4096.0,32768.0,pard2_k5,3457260,COMPLETED,48.7711,59.8297335837117,0.8151649201606616,0.5034,0.0252,final breakdown,docs/oci_qmath_pard2_k_sweep_live_log_metrics_20260620.csv,"OCI Math PARD-2 K sweep, refreshed 2026-06-21",10,/lustre/fs1/portfolios/coreai/projects/coreai_dlalgo_nemorl/users/sna/SpecDec-RL-main-vllm020-20260606/vllm-runs/qmath_pard2_ksweep_20260620/qwen235b_math500_osl32k_pard2_t10_offset0_n32_isl4096_osl32768_bs32_k5_20260620_qmath_pard2_ksweep_qwen235b_k5,True
Math,Qwen3-235B-A22B,1.0,1.0,1,4096.0,32768.0,pard2_k9,3457293,COMPLETED,1.5789,1.9325440586386944,0.8170059528227236,0.0034,0.0003,final breakdown,docs/oci_qmath_pard2_k_sweep_live_log_metrics_20260620.csv,"OCI Math PARD-2 K sweep, refreshed 2026-06-21",10,/lustre/fs1/portfolios/coreai/projects/coreai_dlalgo_nemorl/users/sna/SpecDec-RL-main-vllm020-20260606/vllm-runs/qmath_pard2_ksweep_20260620/qwen235b_math500_osl32k_pard2_t10_offset0_n1_isl4096_osl32768_bs1_k9_20260620_qmath_pard2_ksweep_qwen235b_k9,True
Math,Qwen3-235B-A22B,1.0,1.0,2,4096.0,32768.0,pard2_k9,3457294,COMPLETED,3.2416,3.9298626758296966,0.8248634284188094,0.1811,0.0163,final breakdown,docs/oci_qmath_pard2_k_sweep_live_log_metrics_20260620.csv,"OCI Math PARD-2 K sweep, refreshed 2026-06-21",10,/lustre/fs1/portfolios/coreai/projects/coreai_dlalgo_nemorl/users/sna/SpecDec-RL-main-vllm020-20260606/vllm-runs/qmath_pard2_ksweep_20260620/qwen235b_math500_osl32k_pard2_t10_offset0_n2_isl4096_osl32768_bs2_k9_20260620_qmath_pard2_ksweep_qwen235b_k9,True
Math,Qwen3-235B-A22B,1.0,1.0,4,4096.0,32768.0,pard2_k9,3457296,COMPLETED,5.1164,7.72670699575062,0.6621708320004648,0.2117,0.0191,final breakdown,docs/oci_qmath_pard2_k_sweep_live_log_metrics_20260620.csv,"OCI Math PARD-2 K sweep, refreshed 2026-06-21",10,/lustre/fs1/portfolios/coreai/projects/coreai_dlalgo_nemorl/users/sna/SpecDec-RL-main-vllm020-20260606/vllm-runs/qmath_pard2_ksweep_20260620/qwen235b_math500_osl32k_pard2_t10_offset0_n4_isl4096_osl32768_bs4_k9_20260620_qmath_pard2_ksweep_qwen235b_k9,True
Math,Qwen3-235B-A22B,1.0,1.0,8,4096.0,32768.0,pard2_k9,3457297,COMPLETED,12.8916,14.719009309432536,0.8758469900374709,0.1748,0.0157,final breakdown,docs/oci_qmath_pard2_k_sweep_live_log_metrics_20260620.csv,"OCI Math PARD-2 K sweep, refreshed 2026-06-21",10,/lustre/fs1/portfolios/coreai/projects/coreai_dlalgo_nemorl/users/sna/SpecDec-RL-main-vllm020-20260606/vllm-runs/qmath_pard2_ksweep_20260620/qwen235b_math500_osl32k_pard2_t10_offset0_n8_isl4096_osl32768_bs8_k9_20260620_qmath_pard2_ksweep_qwen235b_k9,True
Math,Qwen3-235B-A22B,1.0,1.0,16,4096.0,32768.0,pard2_k9,3457298,COMPLETED,24.0566,29.69275289276811,0.810184225318467,0.2419,0.0218,final breakdown,docs/oci_qmath_pard2_k_sweep_live_log_metrics_20260620.csv,"OCI Math PARD-2 K sweep, refreshed 2026-06-21",10,/lustre/fs1/portfolios/coreai/projects/coreai_dlalgo_nemorl/users/sna/SpecDec-RL-main-vllm020-20260606/vllm-runs/qmath_pard2_ksweep_20260620/qwen235b_math500_osl32k_pard2_t10_offset0_n16_isl4096_osl32768_bs16_k9_20260620_qmath_pard2_ksweep_qwen235b_k9,True
Math,Qwen3-235B-A22B,1.0,1.0,32,4096.0,32768.0,pard2_k9,3457299,COMPLETED,46.9709,59.8297335837117,0.7850762018567229,0.4218,0.038,final breakdown,docs/oci_qmath_pard2_k_sweep_live_log_metrics_20260620.csv,"OCI Math PARD-2 K sweep, refreshed 2026-06-21",10,/lustre/fs1/portfolios/coreai/projects/coreai_dlalgo_nemorl/users/sna/SpecDec-RL-main-vllm020-20260606/vllm-runs/qmath_pard2_ksweep_20260620/qwen235b_math500_osl32k_pard2_t10_offset0_n32_isl4096_osl32768_bs32_k9_20260620_qmath_pard2_ksweep_qwen235b_k9,True
Math,Qwen3-235B-A22B,1.0,1.0,1,4096.0,32768.0,pard_k16,3460295,COMPLETED,8.6454,1.9325440586386944,4.473584941752851,26.5863,4.2538,final breakdown,docs/oci_qmath_extra_k_live_log_metrics_20260620.csv,"OCI Math extra-K sweep, refreshed 2026-06-21",20,/lustre/fs1/portfolios/coreai/projects/coreai_dlalgo_nemorl/users/sna/SpecDec-RL-main-vllm020-20260606/vllm-runs/qmath_extra_k_20260620/qwen235b_math500_osl32k_pard_t10_offset0_n1_isl4096_osl32768_bs1_k16_20260620_qmath_extra_eagle3k8_pardk16_pard2k16_qwen235b_pard_k16,True
Math,Qwen3-235B-A22B,1.0,1.0,2,4096.0,32768.0,pard_k16,3460300,COMPLETED,8.3723,3.9298626758296966,2.1304306767493824,13.7458,2.1993,final breakdown,docs/oci_qmath_extra_k_live_log_metrics_20260620.csv,"OCI Math extra-K sweep, refreshed 2026-06-21",20,/lustre/fs1/portfolios/coreai/projects/coreai_dlalgo_nemorl/users/sna/SpecDec-RL-main-vllm020-20260606/vllm-runs/qmath_extra_k_20260620/qwen235b_math500_osl32k_pard_t10_offset0_n2_isl4096_osl32768_bs2_k16_20260620_qmath_extra_eagle3k8_pardk16_pard2k16_qwen235b_pard_k16,True
Math,Qwen3-235B-A22B,1.0,1.0,4,4096.0,32768.0,pard_k16,3460301,COMPLETED,7.813,7.72670699575062,1.0111681476076209,5.9579,0.9533,final breakdown,docs/oci_qmath_extra_k_live_log_metrics_20260620.csv,"OCI Math extra-K sweep, refreshed 2026-06-21",20,/lustre/fs1/portfolios/coreai/projects/coreai_dlalgo_nemorl/users/sna/SpecDec-RL-main-vllm020-20260606/vllm-runs/qmath_extra_k_20260620/qwen235b_math500_osl32k_pard_t10_offset0_n4_isl4096_osl32768_bs4_k16_20260620_qmath_extra_eagle3k8_pardk16_pard2k16_qwen235b_pard_k16,True
Math,Qwen3-235B-A22B,1.0,1.0,8,4096.0,32768.0,pard_k16,3460302,COMPLETED,21.5785,14.719009309432536,1.4660293737413173,11.4605,1.8337,final breakdown,docs/oci_qmath_extra_k_live_log_metrics_20260620.csv,"OCI Math extra-K sweep, refreshed 2026-06-21",20,/lustre/fs1/portfolios/coreai/projects/coreai_dlalgo_nemorl/users/sna/SpecDec-RL-main-vllm020-20260606/vllm-runs/qmath_extra_k_20260620/qwen235b_math500_osl32k_pard_t10_offset0_n8_isl4096_osl32768_bs8_k16_20260620_qmath_extra_eagle3k8_pardk16_pard2k16_qwen235b_pard_k16,True
Math,Qwen3-235B-A22B,1.0,1.0,16,4096.0,32768.0,pard_k16,3460303,COMPLETED,35.4438,29.69275289276811,1.1936852109334937,8.8623,1.418,final breakdown,docs/oci_qmath_extra_k_live_log_metrics_20260620.csv,"OCI Math extra-K sweep, refreshed 2026-06-21",20,/lustre/fs1/portfolios/coreai/projects/coreai_dlalgo_nemorl/users/sna/SpecDec-RL-main-vllm020-20260606/vllm-runs/qmath_extra_k_20260620/qwen235b_math500_osl32k_pard_t10_offset0_n16_isl4096_osl32768_bs16_k16_20260620_qmath_extra_eagle3k8_pardk16_pard2k16_qwen235b_pard_k16,True
Math,Qwen3-235B-A22B,1.0,1.0,32,4096.0,32768.0,pard_k16,3460305,COMPLETED,64.293,59.8297335837117,1.074599470011737,11.8869,1.9019,final breakdown,docs/oci_qmath_extra_k_live_log_metrics_20260620.csv,"OCI Math extra-K sweep, refreshed 2026-06-21",20,/lustre/fs1/portfolios/coreai/projects/coreai_dlalgo_nemorl/users/sna/SpecDec-RL-main-vllm020-20260606/vllm-runs/qmath_extra_k_20260620/qwen235b_math500_osl32k_pard_t10_offset0_n32_isl4096_osl32768_bs32_k16_20260620_qmath_extra_eagle3k8_pardk16_pard2k16_qwen235b_pard_k16,True
Math,Qwen3-30B-A3B,1.0,1.0,1,4096.0,32768.0,eagle3_k8,3460203,COMPLETED,24.4483,,,8.9799,0.7184,final breakdown,docs/oci_qmath_extra_k_live_log_metrics_20260620.csv,"OCI Math extra-K sweep, refreshed 2026-06-21",20,/lustre/fs1/portfolios/coreai/projects/coreai_dlalgo_nemorl/users/sna/SpecDec-RL-main-vllm020-20260606/vllm-runs/qmath_extra_k_20260620/qwen30ba3b_math500_osl32k_eagle3_t10_offset0_n1_isl4096_osl32768_bs1_k8_20260620_qmath_extra_eagle3k8_pardk16_pard2k16_qwen30ba3b_eagle3_k8,True
Math,Qwen3-30B-A3B,1.0,1.0,2,4096.0,32768.0,eagle3_k8,3460218,COMPLETED,33.9006,,,3.9045,0.3124,final breakdown,docs/oci_qmath_extra_k_live_log_metrics_20260620.csv,"OCI Math extra-K sweep, refreshed 2026-06-21",20,/lustre/fs1/portfolios/coreai/projects/coreai_dlalgo_nemorl/users/sna/SpecDec-RL-main-vllm020-20260606/vllm-runs/qmath_extra_k_20260620/qwen30ba3b_math500_osl32k_eagle3_t10_offset0_n2_isl4096_osl32768_bs2_k8_20260620_qmath_extra_eagle3k8_pardk16_pard2k16_qwen30ba3b_eagle3_k8,True
Math,Qwen3-30B-A3B,1.0,1.0,4,4096.0,32768.0,eagle3_k8,3460228,COMPLETED,63.4188,,,5.8562,0.4685,final breakdown,docs/oci_qmath_extra_k_live_log_metrics_20260620.csv,"OCI Math extra-K sweep, refreshed 2026-06-21",20,/lustre/fs1/portfolios/coreai/projects/coreai_dlalgo_nemorl/users/sna/SpecDec-RL-main-vllm020-20260606/vllm-runs/qmath_extra_k_20260620/qwen30ba3b_math500_osl32k_eagle3_t10_offset0_n4_isl4096_osl32768_bs4_k8_20260620_qmath_extra_eagle3k8_pardk16_pard2k16_qwen30ba3b_eagle3_k8,True
Math,Qwen3-30B-A3B,1.0,1.0,8,4096.0,32768.0,eagle3_k8,3460241,COMPLETED,134.221,,,3.9717,0.3177,final breakdown,docs/oci_qmath_extra_k_live_log_metrics_20260620.csv,"OCI Math extra-K sweep, refreshed 2026-06-21",20,/lustre/fs1/portfolios/coreai/projects/coreai_dlalgo_nemorl/users/sna/SpecDec-RL-main-vllm020-20260606/vllm-runs/qmath_extra_k_20260620/qwen30ba3b_math500_osl32k_eagle3_t10_offset0_n8_isl4096_osl32768_bs8_k8_20260620_qmath_extra_eagle3k8_pardk16_pard2k16_qwen30ba3b_eagle3_k8,True
Math,Qwen3-30B-A3B,1.0,1.0,16,4096.0,32768.0,eagle3_k8,3460242,COMPLETED,250.6135,,,4.3867,0.3509,final breakdown,docs/oci_qmath_extra_k_live_log_metrics_20260620.csv,"OCI Math extra-K sweep, refreshed 2026-06-21",20,/lustre/fs1/portfolios/coreai/projects/coreai_dlalgo_nemorl/users/sna/SpecDec-RL-main-vllm020-20260606/vllm-runs/qmath_extra_k_20260620/qwen30ba3b_math500_osl32k_eagle3_t10_offset0_n16_isl4096_osl32768_bs16_k8_20260620_qmath_extra_eagle3k8_pardk16_pard2k16_qwen30ba3b_eagle3_k8,True
Math,Qwen3-30B-A3B,1.0,1.0,32,4096.0,32768.0,eagle3_k8,3460243,COMPLETED,340.9464,,,4.1445,0.3316,final breakdown,docs/oci_qmath_extra_k_live_log_metrics_20260620.csv,"OCI Math extra-K sweep, refreshed 2026-06-21",20,/lustre/fs1/portfolios/coreai/projects/coreai_dlalgo_nemorl/users/sna/SpecDec-RL-main-vllm020-20260606/vllm-runs/qmath_extra_k_20260620/qwen30ba3b_math500_osl32k_eagle3_t10_offset0_n32_isl4096_osl32768_bs32_k8_20260620_qmath_extra_eagle3k8_pardk16_pard2k16_qwen30ba3b_eagle3_k8,True
Math,Qwen3-30B-A3B,1.0,1.0,1,4096.0,32768.0,pard_k16,3460314,COMPLETED,60.2711,,,26.9321,4.3091,final breakdown,docs/oci_qmath_extra_k_live_log_metrics_20260620.csv,"OCI Math extra-K sweep, refreshed 2026-06-21",20,/lustre/fs1/portfolios/coreai/projects/coreai_dlalgo_nemorl/users/sna/SpecDec-RL-main-vllm020-20260606/vllm-runs/qmath_extra_k_20260620/qwen30ba3b_math500_osl32k_pard_t10_offset0_n1_isl4096_osl32768_bs1_k16_20260620_qmath_extra_eagle3k8_pardk16_pard2k16_qwen30ba3b_pard_k16,True
Math,Qwen3-30B-A3B,1.0,1.0,2,4096.0,32768.0,pard_k16,3460315,COMPLETED,43.1762,,,9.9733,1.5957,final breakdown,docs/oci_qmath_extra_k_live_log_metrics_20260620.csv,"OCI Math extra-K sweep, refreshed 2026-06-21",20,/lustre/fs1/portfolios/coreai/projects/coreai_dlalgo_nemorl/users/sna/SpecDec-RL-main-vllm020-20260606/vllm-runs/qmath_extra_k_20260620/qwen30ba3b_math500_osl32k_pard_t10_offset0_n2_isl4096_osl32768_bs2_k16_20260620_qmath_extra_eagle3k8_pardk16_pard2k16_qwen30ba3b_pard_k16,True
Math,Qwen3-30B-A3B,1.0,1.0,4,4096.0,32768.0,pard_k16,3460316,COMPLETED,137.3196,,,20.9384,3.3501,final breakdown,docs/oci_qmath_extra_k_live_log_metrics_20260620.csv,"OCI Math extra-K sweep, refreshed 2026-06-21",20,/lustre/fs1/portfolios/coreai/projects/coreai_dlalgo_nemorl/users/sna/SpecDec-RL-main-vllm020-20260606/vllm-runs/qmath_extra_k_20260620/qwen30ba3b_math500_osl32k_pard_t10_offset0_n4_isl4096_osl32768_bs4_k16_20260620_qmath_extra_eagle3k8_pardk16_pard2k16_qwen30ba3b_pard_k16,True
Math,Qwen3-30B-A3B,1.0,1.0,8,4096.0,32768.0,pard_k16,3460317,COMPLETED,223.4431,,,18.3412,2.9346,final breakdown,docs/oci_qmath_extra_k_live_log_metrics_20260620.csv,"OCI Math extra-K sweep, refreshed 2026-06-21",20,/lustre/fs1/portfolios/coreai/projects/coreai_dlalgo_nemorl/users/sna/SpecDec-RL-main-vllm020-20260606/vllm-runs/qmath_extra_k_20260620/qwen30ba3b_math500_osl32k_pard_t10_offset0_n8_isl4096_osl32768_bs8_k16_20260620_qmath_extra_eagle3k8_pardk16_pard2k16_qwen30ba3b_pard_k16,True
Math,Qwen3-30B-A3B,1.0,1.0,16,4096.0,32768.0,pard_k16,3460318,COMPLETED,365.8623,,,16.3445,2.6151,final breakdown,docs/oci_qmath_extra_k_live_log_metrics_20260620.csv,"OCI Math extra-K sweep, refreshed 2026-06-21",20,/lustre/fs1/portfolios/coreai/projects/coreai_dlalgo_nemorl/users/sna/SpecDec-RL-main-vllm020-20260606/vllm-runs/qmath_extra_k_20260620/qwen30ba3b_math500_osl32k_pard_t10_offset0_n16_isl4096_osl32768_bs16_k16_20260620_qmath_extra_eagle3k8_pardk16_pard2k16_qwen30ba3b_pard_k16,True
Math,Qwen3-30B-A3B,1.0,1.0,32,4096.0,32768.0,pard_k16,3460319,COMPLETED,383.9973,,,15.8549,2.5368,final breakdown,docs/oci_qmath_extra_k_live_log_metrics_20260620.csv,"OCI Math extra-K sweep, refreshed 2026-06-21",20,/lustre/fs1/portfolios/coreai/projects/coreai_dlalgo_nemorl/users/sna/SpecDec-RL-main-vllm020-20260606/vllm-runs/qmath_extra_k_20260620/qwen30ba3b_math500_osl32k_pard_t10_offset0_n32_isl4096_osl32768_bs32_k16_20260620_qmath_extra_eagle3k8_pardk16_pard2k16_qwen30ba3b_pard_k16,True
Math,Qwen3-32B,1.0,1.0,1,4096.0,32768.0,eagle3_k8,3460251,COMPLETED,11.0631,7.326800295379499,1.509949712560983,11.4077,0.9126,final breakdown,docs/oci_qmath_extra_k_live_log_metrics_20260620.csv,"OCI Math extra-K sweep, refreshed 2026-06-21",20,/lustre/fs1/portfolios/coreai/projects/coreai_dlalgo_nemorl/users/sna/SpecDec-RL-main-vllm020-20260606/vllm-runs/qmath_extra_k_20260620/qwen32_math500_osl32k_eagle3_t10_offset0_n1_isl4096_osl32768_bs1_k8_20260620_qmath_extra_eagle3k8_pardk16_pard2k16_qwen32_eagle3_k8,True
Math,Qwen3-32B,1.0,1.0,2,4096.0,32768.0,eagle3_k8,3460252,COMPLETED,21.5824,15.46400301431412,1.395654151129073,14.6578,1.1726,final breakdown,docs/oci_qmath_extra_k_live_log_metrics_20260620.csv,"OCI Math extra-K sweep, refreshed 2026-06-21",20,/lustre/fs1/portfolios/coreai/projects/coreai_dlalgo_nemorl/users/sna/SpecDec-RL-main-vllm020-20260606/vllm-runs/qmath_extra_k_20260620/qwen32_math500_osl32k_eagle3_t10_offset0_n2_isl4096_osl32768_bs2_k8_20260620_qmath_extra_eagle3k8_pardk16_pard2k16_qwen32_eagle3_k8,True
Math,Qwen3-32B,1.0,1.0,4,4096.0,32768.0,eagle3_k8,3460253,COMPLETED,35.8902,31.175527107356316,1.1512299335439684,16.623,1.3298,final breakdown,docs/oci_qmath_extra_k_live_log_metrics_20260620.csv,"OCI Math extra-K sweep, refreshed 2026-06-21",20,/lustre/fs1/portfolios/coreai/projects/coreai_dlalgo_nemorl/users/sna/SpecDec-RL-main-vllm020-20260606/vllm-runs/qmath_extra_k_20260620/qwen32_math500_osl32k_eagle3_t10_offset0_n4_isl4096_osl32768_bs4_k8_20260620_qmath_extra_eagle3k8_pardk16_pard2k16_qwen32_eagle3_k8,True
Math,Qwen3-32B,1.0,1.0,8,4096.0,32768.0,eagle3_k8,3460254,COMPLETED,73.8494,62.33908580689244,1.1846404072841719,27.7341,2.2187,final breakdown,docs/oci_qmath_extra_k_live_log_metrics_20260620.csv,"OCI Math extra-K sweep, refreshed 2026-06-21",20,/lustre/fs1/portfolios/coreai/projects/coreai_dlalgo_nemorl/users/sna/SpecDec-RL-main-vllm020-20260606/vllm-runs/qmath_extra_k_20260620/qwen32_math500_osl32k_eagle3_t10_offset0_n8_isl4096_osl32768_bs8_k8_20260620_qmath_extra_eagle3k8_pardk16_pard2k16_qwen32_eagle3_k8,True
Math,Qwen3-32B,1.0,1.0,16,4096.0,32768.0,eagle3_k8,3460255,COMPLETED,91.9059,124.94932148908092,0.7355454107690491,23.8034,1.9043,final breakdown,docs/oci_qmath_extra_k_live_log_metrics_20260620.csv,"OCI Math extra-K sweep, refreshed 2026-06-21",20,/lustre/fs1/portfolios/coreai/projects/coreai_dlalgo_nemorl/users/sna/SpecDec-RL-main-vllm020-20260606/vllm-runs/qmath_extra_k_20260620/qwen32_math500_osl32k_eagle3_t10_offset0_n16_isl4096_osl32768_bs16_k8_20260620_qmath_extra_eagle3k8_pardk16_pard2k16_qwen32_eagle3_k8,True
Math,Qwen3-32B,1.0,1.0,32,4096.0,32768.0,eagle3_k8,3460256,COMPLETED,196.777,208.0101600139665,0.9459970608492764,26.0296,2.0824,final breakdown,docs/oci_qmath_extra_k_live_log_metrics_20260620.csv,"OCI Math extra-K sweep, refreshed 2026-06-21",20,/lustre/fs1/portfolios/coreai/projects/coreai_dlalgo_nemorl/users/sna/SpecDec-RL-main-vllm020-20260606/vllm-runs/qmath_extra_k_20260620/qwen32_math500_osl32k_eagle3_t10_offset0_n32_isl4096_osl32768_bs32_k8_20260620_qmath_extra_eagle3k8_pardk16_pard2k16_qwen32_eagle3_k8,True
Math,Qwen3-32B,1.0,1.0,1,4096.0,32768.0,pard2_k16,3463112,FAILED,,7.326800295379499,,,,live log,docs/oci_qmath_pard_pard2_k16_focus_live_log_metrics_20260620.csv,"OCI Math Qwen32 PARD/PARD-2 K16 retry, refreshed 2026-06-21",30,/lustre/fs1/portfolios/coreai/projects/coreai_dlalgo_nemorl/users/sna/SpecDec-RL-main-vllm020-20260606/vllm-runs/qmath_pard_pard2_k16_focus_20260620/qwen32_math500_osl32k_pard2_t10_offset0_n1_isl4096_osl32768_bs1_k16_20260620_qmath_pard_pard2_k16_focus,False
Math,Qwen3-32B,1.0,1.0,2,4096.0,32768.0,pard2_k16,3463113,FAILED,,15.46400301431412,,,,live log,docs/oci_qmath_pard_pard2_k16_focus_live_log_metrics_20260620.csv,"OCI Math Qwen32 PARD/PARD-2 K16 retry, refreshed 2026-06-21",30,/lustre/fs1/portfolios/coreai/projects/coreai_dlalgo_nemorl/users/sna/SpecDec-RL-main-vllm020-20260606/vllm-runs/qmath_pard_pard2_k16_focus_20260620/qwen32_math500_osl32k_pard2_t10_offset0_n2_isl4096_osl32768_bs2_k16_20260620_qmath_pard_pard2_k16_focus,False
Math,Qwen3-32B,1.0,1.0,4,4096.0,32768.0,pard2_k16,3463115,FAILED,,31.175527107356316,,,,live log,docs/oci_qmath_pard_pard2_k16_focus_live_log_metrics_20260620.csv,"OCI Math Qwen32 PARD/PARD-2 K16 retry, refreshed 2026-06-21",30,/lustre/fs1/portfolios/coreai/projects/coreai_dlalgo_nemorl/users/sna/SpecDec-RL-main-vllm020-20260606/vllm-runs/qmath_pard_pard2_k16_focus_20260620/qwen32_math500_osl32k_pard2_t10_offset0_n4_isl4096_osl32768_bs4_k16_20260620_qmath_pard_pard2_k16_focus,False
Math,Qwen3-32B,1.0,1.0,8,4096.0,32768.0,pard2_k16,3463117,FAILED,,62.33908580689244,,,,live log,docs/oci_qmath_pard_pard2_k16_focus_live_log_metrics_20260620.csv,"OCI Math Qwen32 PARD/PARD-2 K16 retry, refreshed 2026-06-21",30,/lustre/fs1/portfolios/coreai/projects/coreai_dlalgo_nemorl/users/sna/SpecDec-RL-main-vllm020-20260606/vllm-runs/qmath_pard_pard2_k16_focus_20260620/qwen32_math500_osl32k_pard2_t10_offset0_n8_isl4096_osl32768_bs8_k16_20260620_qmath_pard_pard2_k16_focus,False
Math,Qwen3-32B,1.0,1.0,16,4096.0,32768.0,pard2_k16,3463118,FAILED,,124.94932148908092,,,,live log,docs/oci_qmath_pard_pard2_k16_focus_live_log_metrics_20260620.csv,"OCI Math Qwen32 PARD/PARD-2 K16 retry, refreshed 2026-06-21",30,/lustre/fs1/portfolios/coreai/projects/coreai_dlalgo_nemorl/users/sna/SpecDec-RL-main-vllm020-20260606/vllm-runs/qmath_pard_pard2_k16_focus_20260620/qwen32_math500_osl32k_pard2_t10_offset0_n16_isl4096_osl32768_bs16_k16_20260620_qmath_pard_pard2_k16_focus,False
Math,Qwen3-32B,1.0,1.0,32,4096.0,32768.0,pard2_k16,3463120,FAILED,,208.0101600139665,,,,live log,docs/oci_qmath_pard_pard2_k16_focus_live_log_metrics_20260620.csv,"OCI Math Qwen32 PARD/PARD-2 K16 retry, refreshed 2026-06-21",30,/lustre/fs1/portfolios/coreai/projects/coreai_dlalgo_nemorl/users/sna/SpecDec-RL-main-vllm020-20260606/vllm-runs/qmath_pard_pard2_k16_focus_20260620/qwen32_math500_osl32k_pard2_t10_offset0_n32_isl4096_osl32768_bs32_k16_20260620_qmath_pard_pard2_k16_focus,False
Math,Qwen3-32B,1.0,1.0,1,4096.0,32768.0,pard_k16,3460346,COMPLETED,14.2184,7.326800295379499,1.940601548668735,12.6529,2.0245,final breakdown,docs/oci_qmath_extra_k_live_log_metrics_20260620.csv,"OCI Math extra-K sweep, refreshed 2026-06-21",20,/lustre/fs1/portfolios/coreai/projects/coreai_dlalgo_nemorl/users/sna/SpecDec-RL-main-vllm020-20260606/vllm-runs/qmath_extra_k_20260620/qwen32_math500_osl32k_pard_t10_offset0_n1_isl4096_osl32768_bs1_k16_20260620_qmath_extra_eagle3k8_pardk16_pard2k16_qwen32_pard_k16,True
Math,Qwen3-32B,1.0,1.0,2,4096.0,32768.0,pard_k16,3463077,COMPLETED,18.7918,15.46400301431412,1.2151963487465394,11.4813,1.837,final breakdown,docs/oci_qmath_pard_pard2_k16_focus_live_log_metrics_20260620.csv,"OCI Math Qwen32 PARD/PARD-2 K16 retry, refreshed 2026-06-21",30,/lustre/fs1/portfolios/coreai/projects/coreai_dlalgo_nemorl/users/sna/SpecDec-RL-main-vllm020-20260606/vllm-runs/qmath_pard_pard2_k16_focus_20260620/qwen32_math500_osl32k_pard_t10_offset0_n2_isl4096_osl32768_bs2_k16_20260620_qmath_pard_pard2_k16_focus,True
Math,Qwen3-32B,1.0,1.0,4,4096.0,32768.0,pard_k16,3463079,COMPLETED,23.2253,31.175527107356316,0.7449849980088918,4.8716,0.7795,final breakdown,docs/oci_qmath_pard_pard2_k16_focus_live_log_metrics_20260620.csv,"OCI Math Qwen32 PARD/PARD-2 K16 retry, refreshed 2026-06-21",30,/lustre/fs1/portfolios/coreai/projects/coreai_dlalgo_nemorl/users/sna/SpecDec-RL-main-vllm020-20260606/vllm-runs/qmath_pard_pard2_k16_focus_20260620/qwen32_math500_osl32k_pard_t10_offset0_n4_isl4096_osl32768_bs4_k16_20260620_qmath_pard_pard2_k16_focus,True
Math,Qwen3-32B,1.0,1.0,8,4096.0,32768.0,pard_k16,3463085,COMPLETED,49.1491,62.33908580689244,0.7884154758420582,9.4058,1.5049,final breakdown,docs/oci_qmath_pard_pard2_k16_focus_live_log_metrics_20260620.csv,"OCI Math Qwen32 PARD/PARD-2 K16 retry, refreshed 2026-06-21",30,/lustre/fs1/portfolios/coreai/projects/coreai_dlalgo_nemorl/users/sna/SpecDec-RL-main-vllm020-20260606/vllm-runs/qmath_pard_pard2_k16_focus_20260620/qwen32_math500_osl32k_pard_t10_offset0_n8_isl4096_osl32768_bs8_k16_20260620_qmath_pard_pard2_k16_focus,True
Math,Qwen3-32B,1.0,1.0,16,4096.0,32768.0,pard_k16,3463087,COMPLETED,72.1916,124.94932148908092,0.5777670429871736,10.8988,1.7438,final breakdown,docs/oci_qmath_pard_pard2_k16_focus_live_log_metrics_20260620.csv,"OCI Math Qwen32 PARD/PARD-2 K16 retry, refreshed 2026-06-21",30,/lustre/fs1/portfolios/coreai/projects/coreai_dlalgo_nemorl/users/sna/SpecDec-RL-main-vllm020-20260606/vllm-runs/qmath_pard_pard2_k16_focus_20260620/qwen32_math500_osl32k_pard_t10_offset0_n16_isl4096_osl32768_bs16_k16_20260620_qmath_pard_pard2_k16_focus,True
Math,Qwen3-32B,1.0,1.0,32,4096.0,32768.0,pard_k16,3463089,COMPLETED,109.4968,208.0101600139665,0.5264012103670705,8.4613,1.3538,final breakdown,docs/oci_qmath_pard_pard2_k16_focus_live_log_metrics_20260620.csv,"OCI Math Qwen32 PARD/PARD-2 K16 retry, refreshed 2026-06-21",30,/lustre/fs1/portfolios/coreai/projects/coreai_dlalgo_nemorl/users/sna/SpecDec-RL-main-vllm020-20260606/vllm-runs/qmath_pard_pard2_k16_focus_20260620/qwen32_math500_osl32k_pard_t10_offset0_n32_isl4096_osl32768_bs32_k16_20260620_qmath_pard_pard2_k16_focus,True
Math,Qwen3-8B,1.0,1.0,1,4096.0,32768.0,eagle3_k8,3460268,COMPLETED,79.7124,,,39.0853,3.1268,final breakdown,docs/oci_qmath_extra_k_live_log_metrics_20260620.csv,"OCI Math extra-K sweep, refreshed 2026-06-21",20,/lustre/fs1/portfolios/coreai/projects/coreai_dlalgo_nemorl/users/sna/SpecDec-RL-main-vllm020-20260606/vllm-runs/qmath_extra_k_20260620/qwen8_math500_osl32k_eagle3_t10_offset0_n1_isl4096_osl32768_bs1_k8_20260620_qmath_extra_eagle3k8_pardk16_pard2k16_qwen8_eagle3_k8,True
Math,Qwen3-8B,1.0,1.0,2,4096.0,32768.0,eagle3_k8,3460269,COMPLETED,125.9569,,,31.2757,2.5021,final breakdown,docs/oci_qmath_extra_k_live_log_metrics_20260620.csv,"OCI Math extra-K sweep, refreshed 2026-06-21",20,/lustre/fs1/portfolios/coreai/projects/coreai_dlalgo_nemorl/users/sna/SpecDec-RL-main-vllm020-20260606/vllm-runs/qmath_extra_k_20260620/qwen8_math500_osl32k_eagle3_t10_offset0_n2_isl4096_osl32768_bs2_k8_20260620_qmath_extra_eagle3k8_pardk16_pard2k16_qwen8_eagle3_k8,True
Math,Qwen3-8B,1.0,1.0,4,4096.0,32768.0,eagle3_k8,3460270,COMPLETED,79.3074,,,16.7147,1.3372,final breakdown,docs/oci_qmath_extra_k_live_log_metrics_20260620.csv,"OCI Math extra-K sweep, refreshed 2026-06-21",20,/lustre/fs1/portfolios/coreai/projects/coreai_dlalgo_nemorl/users/sna/SpecDec-RL-main-vllm020-20260606/vllm-runs/qmath_extra_k_20260620/qwen8_math500_osl32k_eagle3_t10_offset0_n4_isl4096_osl32768_bs4_k8_20260620_qmath_extra_eagle3k8_pardk16_pard2k16_qwen8_eagle3_k8,True
Math,Qwen3-8B,1.0,1.0,8,4096.0,32768.0,eagle3_k8,3460271,COMPLETED,369.9879,,,31.7596,2.5408,final breakdown,docs/oci_qmath_extra_k_live_log_metrics_20260620.csv,"OCI Math extra-K sweep, refreshed 2026-06-21",20,/lustre/fs1/portfolios/coreai/projects/coreai_dlalgo_nemorl/users/sna/SpecDec-RL-main-vllm020-20260606/vllm-runs/qmath_extra_k_20260620/qwen8_math500_osl32k_eagle3_t10_offset0_n8_isl4096_osl32768_bs8_k8_20260620_qmath_extra_eagle3k8_pardk16_pard2k16_qwen8_eagle3_k8,True
Math,Qwen3-8B,1.0,1.0,16,4096.0,32768.0,eagle3_k8,3460274,COMPLETED,448.2063,,,29.2557,2.3405,final breakdown,docs/oci_qmath_extra_k_live_log_metrics_20260620.csv,"OCI Math extra-K sweep, refreshed 2026-06-21",20,/lustre/fs1/portfolios/coreai/projects/coreai_dlalgo_nemorl/users/sna/SpecDec-RL-main-vllm020-20260606/vllm-runs/qmath_extra_k_20260620/qwen8_math500_osl32k_eagle3_t10_offset0_n16_isl4096_osl32768_bs16_k8_20260620_qmath_extra_eagle3k8_pardk16_pard2k16_qwen8_eagle3_k8,True
Math,Qwen3-8B,1.0,1.0,32,4096.0,32768.0,eagle3_k8,3460279,COMPLETED,887.4152,,,28.3518,2.2681,final breakdown,docs/oci_qmath_extra_k_live_log_metrics_20260620.csv,"OCI Math extra-K sweep, refreshed 2026-06-21",20,/lustre/fs1/portfolios/coreai/projects/coreai_dlalgo_nemorl/users/sna/SpecDec-RL-main-vllm020-20260606/vllm-runs/qmath_extra_k_20260620/qwen8_math500_osl32k_eagle3_t10_offset0_n32_isl4096_osl32768_bs32_k8_20260620_qmath_extra_eagle3k8_pardk16_pard2k16_qwen8_eagle3_k8,True
Math,Qwen3-8B,1.0,1.0,1,4096.0,32768.0,pard2_k1,3457991,COMPLETED,15.8728,,,3.1739,0.0317,final breakdown,docs/oci_qmath_pard2_k_sweep_live_log_metrics_20260620.csv,"OCI Math PARD-2 K sweep, refreshed 2026-06-21",10,/lustre/fs1/portfolios/coreai/projects/coreai_dlalgo_nemorl/users/sna/SpecDec-RL-main-vllm020-20260606/vllm-runs/qmath_pard2_ksweep_retry_repo_offline_20260620/qwen8_math500_osl32k_pard2_t10_offset0_n1_isl4096_osl32768_bs1_k1_repooffline_20260620,True
Math,Qwen3-8B,1.0,1.0,2,4096.0,32768.0,pard2_k1,3457992,COMPLETED,32.2629,,,2.5587,0.0256,final breakdown,docs/oci_qmath_pard2_k_sweep_live_log_metrics_20260620.csv,"OCI Math PARD-2 K sweep, refreshed 2026-06-21",10,/lustre/fs1/portfolios/coreai/projects/coreai_dlalgo_nemorl/users/sna/SpecDec-RL-main-vllm020-20260606/vllm-runs/qmath_pard2_ksweep_retry_repo_offline_20260620/qwen8_math500_osl32k_pard2_t10_offset0_n2_isl4096_osl32768_bs2_k1_repooffline_20260620,True
Math,Qwen3-8B,1.0,1.0,4,4096.0,32768.0,pard2_k1,3457994,COMPLETED,52.484,,,9.3555,0.0936,final breakdown,docs/oci_qmath_pard2_k_sweep_live_log_metrics_20260620.csv,"OCI Math PARD-2 K sweep, refreshed 2026-06-21",10,/lustre/fs1/portfolios/coreai/projects/coreai_dlalgo_nemorl/users/sna/SpecDec-RL-main-vllm020-20260606/vllm-runs/qmath_pard2_ksweep_retry_repo_offline_20260620/qwen8_math500_osl32k_pard2_t10_offset0_n4_isl4096_osl32768_bs4_k1_repooffline_20260620,True
Math,Qwen3-8B,1.0,1.0,8,4096.0,32768.0,pard2_k1,3457411,COMPLETED,114.6851,,,0.8693,0.0087,final breakdown,docs/oci_qmath_pard2_k_sweep_live_log_metrics_20260620.csv,"OCI Math PARD-2 K sweep, refreshed 2026-06-21",10,/lustre/fs1/portfolios/coreai/projects/coreai_dlalgo_nemorl/users/sna/SpecDec-RL-main-vllm020-20260606/vllm-runs/qmath_pard2_ksweep_20260620/qwen8_math500_osl32k_pard2_t10_offset0_n8_isl4096_osl32768_bs8_k1_20260620_qmath_pard2_ksweep_qwen8_k1,True
Math,Qwen3-8B,1.0,1.0,16,4096.0,32768.0,pard2_k1,3457422,COMPLETED,230.9693,,,0.7712,0.0077,final breakdown,docs/oci_qmath_pard2_k_sweep_live_log_metrics_20260620.csv,"OCI Math PARD-2 K sweep, refreshed 2026-06-21",10,/lustre/fs1/portfolios/coreai/projects/coreai_dlalgo_nemorl/users/sna/SpecDec-RL-main-vllm020-20260606/vllm-runs/qmath_pard2_ksweep_20260620/qwen8_math500_osl32k_pard2_t10_offset0_n16_isl4096_osl32768_bs16_k1_20260620_qmath_pard2_ksweep_qwen8_k1,True
Math,Qwen3-8B,1.0,1.0,32,4096.0,32768.0,pard2_k1,3457436,COMPLETED,255.1883,,,2.0463,0.0205,final breakdown,docs/oci_qmath_pard2_k_sweep_live_log_metrics_20260620.csv,"OCI Math PARD-2 K sweep, refreshed 2026-06-21",10,/lustre/fs1/portfolios/coreai/projects/coreai_dlalgo_nemorl/users/sna/SpecDec-RL-main-vllm020-20260606/vllm-runs/qmath_pard2_ksweep_20260620/qwen8_math500_osl32k_pard2_t10_offset0_n32_isl4096_osl32768_bs32_k1_20260620_qmath_pard2_ksweep_qwen8_k1,True
Math,Qwen3-8B,1.0,1.0,1,4096.0,32768.0,pard2_k11,3457595,COMPLETED,14.9651,,,0.0117,0.0013,final breakdown,docs/oci_qmath_pard2_k_sweep_live_log_metrics_20260620.csv,"OCI Math PARD-2 K sweep, refreshed 2026-06-21",10,/lustre/fs1/portfolios/coreai/projects/coreai_dlalgo_nemorl/users/sna/SpecDec-RL-main-vllm020-20260606/vllm-runs/qmath_pard2_ksweep_20260620/qwen8_math500_osl32k_pard2_t10_offset0_n1_isl4096_osl32768_bs1_k11_20260620_qmath_pard2_ksweep_qwen8_k11,True
Math,Qwen3-8B,1.0,1.0,2,4096.0,32768.0,pard2_k11,3457596,COMPLETED,30.1885,,,0.0598,0.0066,final breakdown,docs/oci_qmath_pard2_k_sweep_live_log_metrics_20260620.csv,"OCI Math PARD-2 K sweep, refreshed 2026-06-21",10,/lustre/fs1/portfolios/coreai/projects/coreai_dlalgo_nemorl/users/sna/SpecDec-RL-main-vllm020-20260606/vllm-runs/qmath_pard2_ksweep_20260620/qwen8_math500_osl32k_pard2_t10_offset0_n2_isl4096_osl32768_bs2_k11_20260620_qmath_pard2_ksweep_qwen8_k11,True
Math,Qwen3-8B,1.0,1.0,4,4096.0,32768.0,pard2_k11,3457597,COMPLETED,60.7891,,,0.0319,0.0035,final breakdown,docs/oci_qmath_pard2_k_sweep_live_log_metrics_20260620.csv,"OCI Math PARD-2 K sweep, refreshed 2026-06-21",10,/lustre/fs1/portfolios/coreai/projects/coreai_dlalgo_nemorl/users/sna/SpecDec-RL-main-vllm020-20260606/vllm-runs/qmath_pard2_ksweep_20260620/qwen8_math500_osl32k_pard2_t10_offset0_n4_isl4096_osl32768_bs4_k11_20260620_qmath_pard2_ksweep_qwen8_k11,True
Math,Qwen3-8B,1.0,1.0,8,4096.0,32768.0,pard2_k11,3457598,COMPLETED,113.7742,,,0.0753,0.0083,final breakdown,docs/oci_qmath_pard2_k_sweep_live_log_metrics_20260620.csv,"OCI Math PARD-2 K sweep, refreshed 2026-06-21",10,/lustre/fs1/portfolios/coreai/projects/coreai_dlalgo_nemorl/users/sna/SpecDec-RL-main-vllm020-20260606/vllm-runs/qmath_pard2_ksweep_20260620/qwen8_math500_osl32k_pard2_t10_offset0_n8_isl4096_osl32768_bs8_k11_20260620_qmath_pard2_ksweep_qwen8_k11,True
Math,Qwen3-8B,1.0,1.0,16,4096.0,32768.0,pard2_k11,3457599,COMPLETED,198.1791,,,0.1057,0.0116,final breakdown,docs/oci_qmath_pard2_k_sweep_live_log_metrics_20260620.csv,"OCI Math PARD-2 K sweep, refreshed 2026-06-21",10,/lustre/fs1/portfolios/coreai/projects/coreai_dlalgo_nemorl/users/sna/SpecDec-RL-main-vllm020-20260606/vllm-runs/qmath_pard2_ksweep_20260620/qwen8_math500_osl32k_pard2_t10_offset0_n16_isl4096_osl32768_bs16_k11_20260620_qmath_pard2_ksweep_qwen8_k11,True
Math,Qwen3-8B,1.0,1.0,32,4096.0,32768.0,pard2_k11,3457601,COMPLETED,210.5912,,,0.1133,0.0125,final breakdown,docs/oci_qmath_pard2_k_sweep_live_log_metrics_20260620.csv,"OCI Math PARD-2 K sweep, refreshed 2026-06-21",10,/lustre/fs1/portfolios/coreai/projects/coreai_dlalgo_nemorl/users/sna/SpecDec-RL-main-vllm020-20260606/vllm-runs/qmath_pard2_ksweep_20260620/qwen8_math500_osl32k_pard2_t10_offset0_n32_isl4096_osl32768_bs32_k11_20260620_qmath_pard2_ksweep_qwen8_k11,True
Math,Qwen3-8B,1.0,1.0,1,4096.0,32768.0,pard2_k16,3460408,COMPLETED,14.9464,,,0.008,0.0013,final breakdown,docs/oci_qmath_extra_k_live_log_metrics_20260620.csv,"OCI Math extra-K sweep, refreshed 2026-06-21",20,/lustre/fs1/portfolios/coreai/projects/coreai_dlalgo_nemorl/users/sna/SpecDec-RL-main-vllm020-20260606/vllm-runs/qmath_extra_k_20260620/qwen8_math500_osl32k_pard2_t10_offset0_n1_isl4096_osl32768_bs1_k16_20260620_qmath_extra_eagle3k8_pardk16_pard2k16_qwen8_pard2_k16,True
Math,Qwen3-8B,1.0,1.0,2,4096.0,32768.0,pard2_k16,3460409,COMPLETED,30.6598,,,0.0411,0.0066,final breakdown,docs/oci_qmath_extra_k_live_log_metrics_20260620.csv,"OCI Math extra-K sweep, refreshed 2026-06-21",20,/lustre/fs1/portfolios/coreai/projects/coreai_dlalgo_nemorl/users/sna/SpecDec-RL-main-vllm020-20260606/vllm-runs/qmath_extra_k_20260620/qwen8_math500_osl32k_pard2_t10_offset0_n2_isl4096_osl32768_bs2_k16_20260620_qmath_extra_eagle3k8_pardk16_pard2k16_qwen8_pard2_k16,True
Math,Qwen3-8B,1.0,1.0,4,4096.0,32768.0,pard2_k16,3460410,COMPLETED,59.6915,,,0.0226,0.0036,final breakdown,docs/oci_qmath_extra_k_live_log_metrics_20260620.csv,"OCI Math extra-K sweep, refreshed 2026-06-21",20,/lustre/fs1/portfolios/coreai/projects/coreai_dlalgo_nemorl/users/sna/SpecDec-RL-main-vllm020-20260606/vllm-runs/qmath_extra_k_20260620/qwen8_math500_osl32k_pard2_t10_offset0_n4_isl4096_osl32768_bs4_k16_20260620_qmath_extra_eagle3k8_pardk16_pard2k16_qwen8_pard2_k16,True
Math,Qwen3-8B,1.0,1.0,8,4096.0,32768.0,pard2_k16,3460411,COMPLETED,111.4822,,,0.0961,0.0154,final breakdown,docs/oci_qmath_extra_k_live_log_metrics_20260620.csv,"OCI Math extra-K sweep, refreshed 2026-06-21",20,/lustre/fs1/portfolios/coreai/projects/coreai_dlalgo_nemorl/users/sna/SpecDec-RL-main-vllm020-20260606/vllm-runs/qmath_extra_k_20260620/qwen8_math500_osl32k_pard2_t10_offset0_n8_isl4096_osl32768_bs8_k16_20260620_qmath_extra_eagle3k8_pardk16_pard2k16_qwen8_pard2_k16,True
Math,Qwen3-8B,1.0,1.0,16,4096.0,32768.0,pard2_k16,3460412,COMPLETED,183.1437,,,0.0445,0.0071,final breakdown,docs/oci_qmath_extra_k_live_log_metrics_20260620.csv,"OCI Math extra-K sweep, refreshed 2026-06-21",20,/lustre/fs1/portfolios/coreai/projects/coreai_dlalgo_nemorl/users/sna/SpecDec-RL-main-vllm020-20260606/vllm-runs/qmath_extra_k_20260620/qwen8_math500_osl32k_pard2_t10_offset0_n16_isl4096_osl32768_bs16_k16_20260620_qmath_extra_eagle3k8_pardk16_pard2k16_qwen8_pard2_k16,True
Math,Qwen3-8B,1.0,1.0,32,4096.0,32768.0,pard2_k16,3460413,COMPLETED,180.0199,,,0.0954,0.0153,final breakdown,docs/oci_qmath_extra_k_live_log_metrics_20260620.csv,"OCI Math extra-K sweep, refreshed 2026-06-21",20,/lustre/fs1/portfolios/coreai/projects/coreai_dlalgo_nemorl/users/sna/SpecDec-RL-main-vllm020-20260606/vllm-runs/qmath_extra_k_20260620/qwen8_math500_osl32k_pard2_t10_offset0_n32_isl4096_osl32768_bs32_k16_20260620_qmath_extra_eagle3k8_pardk16_pard2k16_qwen8_pard2_k16,True
Math,Qwen3-8B,1.0,1.0,1,4096.0,32768.0,pard2_k3,3457534,COMPLETED,16.2838,,,1.4312,0.0429,final breakdown,docs/oci_qmath_pard2_k_sweep_live_log_metrics_20260620.csv,"OCI Math PARD-2 K sweep, refreshed 2026-06-21",10,/lustre/fs1/portfolios/coreai/projects/coreai_dlalgo_nemorl/users/sna/SpecDec-RL-main-vllm020-20260606/vllm-runs/qmath_pard2_ksweep_20260620/qwen8_math500_osl32k_pard2_t10_offset0_n1_isl4096_osl32768_bs1_k3_20260620_qmath_pard2_ksweep_qwen8_k3,True
Math,Qwen3-8B,1.0,1.0,2,4096.0,32768.0,pard2_k3,3457545,COMPLETED,31.1705,,,0.1636,0.0049,final breakdown,docs/oci_qmath_pard2_k_sweep_live_log_metrics_20260620.csv,"OCI Math PARD-2 K sweep, refreshed 2026-06-21",10,/lustre/fs1/portfolios/coreai/projects/coreai_dlalgo_nemorl/users/sna/SpecDec-RL-main-vllm020-20260606/vllm-runs/qmath_pard2_ksweep_20260620/qwen8_math500_osl32k_pard2_t10_offset0_n2_isl4096_osl32768_bs2_k3_20260620_qmath_pard2_ksweep_qwen8_k3,True
Math,Qwen3-8B,1.0,1.0,4,4096.0,32768.0,pard2_k3,3457546,COMPLETED,62.0388,,,0.1159,0.0035,final breakdown,docs/oci_qmath_pard2_k_sweep_live_log_metrics_20260620.csv,"OCI Math PARD-2 K sweep, refreshed 2026-06-21",10,/lustre/fs1/portfolios/coreai/projects/coreai_dlalgo_nemorl/users/sna/SpecDec-RL-main-vllm020-20260606/vllm-runs/qmath_pard2_ksweep_20260620/qwen8_math500_osl32k_pard2_t10_offset0_n4_isl4096_osl32768_bs4_k3_20260620_qmath_pard2_ksweep_qwen8_k3,True
Math,Qwen3-8B,1.0,1.0,8,4096.0,32768.0,pard2_k3,3457547,COMPLETED,114.3615,,,0.5191,0.0156,final breakdown,docs/oci_qmath_pard2_k_sweep_live_log_metrics_20260620.csv,"OCI Math PARD-2 K sweep, refreshed 2026-06-21",10,/lustre/fs1/portfolios/coreai/projects/coreai_dlalgo_nemorl/users/sna/SpecDec-RL-main-vllm020-20260606/vllm-runs/qmath_pard2_ksweep_20260620/qwen8_math500_osl32k_pard2_t10_offset0_n8_isl4096_osl32768_bs8_k3_20260620_qmath_pard2_ksweep_qwen8_k3,True
Math,Qwen3-8B,1.0,1.0,16,4096.0,32768.0,pard2_k3,3457548,COMPLETED,230.5456,,,0.4694,0.0141,final breakdown,docs/oci_qmath_pard2_k_sweep_live_log_metrics_20260620.csv,"OCI Math PARD-2 K sweep, refreshed 2026-06-21",10,/lustre/fs1/portfolios/coreai/projects/coreai_dlalgo_nemorl/users/sna/SpecDec-RL-main-vllm020-20260606/vllm-runs/qmath_pard2_ksweep_20260620/qwen8_math500_osl32k_pard2_t10_offset0_n16_isl4096_osl32768_bs16_k3_20260620_qmath_pard2_ksweep_qwen8_k3,True
Math,Qwen3-8B,1.0,1.0,32,4096.0,32768.0,pard2_k3,3457549,COMPLETED,251.6168,,,0.29,0.0087,final breakdown,docs/oci_qmath_pard2_k_sweep_live_log_metrics_20260620.csv,"OCI Math PARD-2 K sweep, refreshed 2026-06-21",10,/lustre/fs1/portfolios/coreai/projects/coreai_dlalgo_nemorl/users/sna/SpecDec-RL-main-vllm020-20260606/vllm-runs/qmath_pard2_ksweep_20260620/qwen8_math500_osl32k_pard2_t10_offset0_n32_isl4096_osl32768_bs32_k3_20260620_qmath_pard2_ksweep_qwen8_k3,True
Math,Qwen3-8B,1.0,1.0,1,4096.0,32768.0,pard2_k9,3457556,COMPLETED,15.4004,,,0.0143,0.0013,final breakdown,docs/oci_qmath_pard2_k_sweep_live_log_metrics_20260620.csv,"OCI Math PARD-2 K sweep, refreshed 2026-06-21",10,/lustre/fs1/portfolios/coreai/projects/coreai_dlalgo_nemorl/users/sna/SpecDec-RL-main-vllm020-20260606/vllm-runs/qmath_pard2_ksweep_20260620/qwen8_math500_osl32k_pard2_t10_offset0_n1_isl4096_osl32768_bs1_k9_20260620_qmath_pard2_ksweep_qwen8_k9,True
Math,Qwen3-8B,1.0,1.0,2,4096.0,32768.0,pard2_k9,3457561,COMPLETED,30.5367,,,0.073,0.0066,final breakdown,docs/oci_qmath_pard2_k_sweep_live_log_metrics_20260620.csv,"OCI Math PARD-2 K sweep, refreshed 2026-06-21",10,/lustre/fs1/portfolios/coreai/projects/coreai_dlalgo_nemorl/users/sna/SpecDec-RL-main-vllm020-20260606/vllm-runs/qmath_pard2_ksweep_20260620/qwen8_math500_osl32k_pard2_t10_offset0_n2_isl4096_osl32768_bs2_k9_20260620_qmath_pard2_ksweep_qwen8_k9,True
Math,Qwen3-8B,1.0,1.0,4,4096.0,32768.0,pard2_k9,3457562,COMPLETED,62.5812,,,0.039,0.0035,final breakdown,docs/oci_qmath_pard2_k_sweep_live_log_metrics_20260620.csv,"OCI Math PARD-2 K sweep, refreshed 2026-06-21",10,/lustre/fs1/portfolios/coreai/projects/coreai_dlalgo_nemorl/users/sna/SpecDec-RL-main-vllm020-20260606/vllm-runs/qmath_pard2_ksweep_20260620/qwen8_math500_osl32k_pard2_t10_offset0_n4_isl4096_osl32768_bs4_k9_20260620_qmath_pard2_ksweep_qwen8_k9,True
Math,Qwen3-8B,1.0,1.0,8,4096.0,32768.0,pard2_k9,3457564,COMPLETED,111.0584,,,0.2295,0.0207,final breakdown,docs/oci_qmath_pard2_k_sweep_live_log_metrics_20260620.csv,"OCI Math PARD-2 K sweep, refreshed 2026-06-21",10,/lustre/fs1/portfolios/coreai/projects/coreai_dlalgo_nemorl/users/sna/SpecDec-RL-main-vllm020-20260606/vllm-runs/qmath_pard2_ksweep_20260620/qwen8_math500_osl32k_pard2_t10_offset0_n8_isl4096_osl32768_bs8_k9_20260620_qmath_pard2_ksweep_qwen8_k9,True
Math,Qwen3-8B,1.0,1.0,16,4096.0,32768.0,pard2_k9,3457566,COMPLETED,214.2245,,,0.0735,0.0066,final breakdown,docs/oci_qmath_pard2_k_sweep_live_log_metrics_20260620.csv,"OCI Math PARD-2 K sweep, refreshed 2026-06-21",10,/lustre/fs1/portfolios/coreai/projects/coreai_dlalgo_nemorl/users/sna/SpecDec-RL-main-vllm020-20260606/vllm-runs/qmath_pard2_ksweep_20260620/qwen8_math500_osl32k_pard2_t10_offset0_n16_isl4096_osl32768_bs16_k9_20260620_qmath_pard2_ksweep_qwen8_k9,True
Math,Qwen3-8B,1.0,1.0,32,4096.0,32768.0,pard2_k9,3457567,COMPLETED,216.2992,,,0.1234,0.0111,final breakdown,docs/oci_qmath_pard2_k_sweep_live_log_metrics_20260620.csv,"OCI Math PARD-2 K sweep, refreshed 2026-06-21",10,/lustre/fs1/portfolios/coreai/projects/coreai_dlalgo_nemorl/users/sna/SpecDec-RL-main-vllm020-20260606/vllm-runs/qmath_pard2_ksweep_20260620/qwen8_math500_osl32k_pard2_t10_offset0_n32_isl4096_osl32768_bs32_k9_20260620_qmath_pard2_ksweep_qwen8_k9,True
Math,Qwen3-8B,1.0,1.0,1,4096.0,32768.0,pard_k16,3460362,COMPLETED,75.3772,,,26.5118,4.2419,final breakdown,docs/oci_qmath_extra_k_live_log_metrics_20260620.csv,"OCI Math extra-K sweep, refreshed 2026-06-21",20,/lustre/fs1/portfolios/coreai/projects/coreai_dlalgo_nemorl/users/sna/SpecDec-RL-main-vllm020-20260606/vllm-runs/qmath_extra_k_20260620/qwen8_math500_osl32k_pard_t10_offset0_n1_isl4096_osl32768_bs1_k16_20260620_qmath_extra_eagle3k8_pardk16_pard2k16_qwen8_pard_k16,True
Math,Qwen3-8B,1.0,1.0,2,4096.0,32768.0,pard_k16,3460363,COMPLETED,80.6462,,,18.0607,2.8897,final breakdown,docs/oci_qmath_extra_k_live_log_metrics_20260620.csv,"OCI Math extra-K sweep, refreshed 2026-06-21",20,/lustre/fs1/portfolios/coreai/projects/coreai_dlalgo_nemorl/users/sna/SpecDec-RL-main-vllm020-20260606/vllm-runs/qmath_extra_k_20260620/qwen8_math500_osl32k_pard_t10_offset0_n2_isl4096_osl32768_bs2_k16_20260620_qmath_extra_eagle3k8_pardk16_pard2k16_qwen8_pard_k16,True
Math,Qwen3-8B,1.0,1.0,4,4096.0,32768.0,pard_k16,3460364,COMPLETED,120.6797,,,15.88,2.5408,final breakdown,docs/oci_qmath_extra_k_live_log_metrics_20260620.csv,"OCI Math extra-K sweep, refreshed 2026-06-21",20,/lustre/fs1/portfolios/coreai/projects/coreai_dlalgo_nemorl/users/sna/SpecDec-RL-main-vllm020-20260606/vllm-runs/qmath_extra_k_20260620/qwen8_math500_osl32k_pard_t10_offset0_n4_isl4096_osl32768_bs4_k16_20260620_qmath_extra_eagle3k8_pardk16_pard2k16_qwen8_pard_k16,True
Math,Qwen3-8B,1.0,1.0,8,4096.0,32768.0,pard_k16,3460365,COMPLETED,106.8046,,,12.6149,2.0184,final breakdown,docs/oci_qmath_extra_k_live_log_metrics_20260620.csv,"OCI Math extra-K sweep, refreshed 2026-06-21",20,/lustre/fs1/portfolios/coreai/projects/coreai_dlalgo_nemorl/users/sna/SpecDec-RL-main-vllm020-20260606/vllm-runs/qmath_extra_k_20260620/qwen8_math500_osl32k_pard_t10_offset0_n8_isl4096_osl32768_bs8_k16_20260620_qmath_extra_eagle3k8_pardk16_pard2k16_qwen8_pard_k16,True
Math,Qwen3-8B,1.0,1.0,16,4096.0,32768.0,pard_k16,3460368,COMPLETED,254.2543,,,12.3305,1.9729,final breakdown,docs/oci_qmath_extra_k_live_log_metrics_20260620.csv,"OCI Math extra-K sweep, refreshed 2026-06-21",20,/lustre/fs1/portfolios/coreai/projects/coreai_dlalgo_nemorl/users/sna/SpecDec-RL-main-vllm020-20260606/vllm-runs/qmath_extra_k_20260620/qwen8_math500_osl32k_pard_t10_offset0_n16_isl4096_osl32768_bs16_k16_20260620_qmath_extra_eagle3k8_pardk16_pard2k16_qwen8_pard_k16,True
Math,Qwen3-8B,1.0,1.0,32,4096.0,32768.0,pard_k16,3460385,COMPLETED,300.5659,,,10.5782,1.6925,final breakdown,docs/oci_qmath_extra_k_live_log_metrics_20260620.csv,"OCI Math extra-K sweep, refreshed 2026-06-21",20,/lustre/fs1/portfolios/coreai/projects/coreai_dlalgo_nemorl/users/sna/SpecDec-RL-main-vllm020-20260606/vllm-runs/qmath_extra_k_20260620/qwen8_math500_osl32k_pard_t10_offset0_n32_isl4096_osl32768_bs32_k16_20260620_qmath_extra_eagle3k8_pardk16_pard2k16_qwen8_pard_k16,True
Math,Qwen3-235B-A22B,,,1,,,dflash_k3,,COMPLETED,1.9175171226132033,,,1.21580547112462,1.0364741641337385,legacy DFlash OpenMath; no matched OSL32K baseline,docs/qwen3_235b_dflash_retry28_openmath_metrics.csv,DFlash OpenMath retry28,5,,True
Math,Qwen3-235B-A22B,,,2,,,dflash_k3,,COMPLETED,3.90117319487526,,,0.4457652303120356,1.013372956909361,legacy DFlash OpenMath; no matched OSL32K baseline,docs/qwen3_235b_dflash_retry28_openmath_metrics.csv,DFlash OpenMath retry28,5,,True
Math,Qwen3-235B-A22B,,,4,,,dflash_k3,,COMPLETED,7.665873375000475,,,0.3207500616827041,1.0096225018504812,legacy DFlash OpenMath; no matched OSL32K baseline,docs/qwen3_235b_dflash_retry28_openmath_metrics.csv,DFlash OpenMath retry28,5,,True
Math,Qwen3-235B-A22B,,,8,,,dflash_k3,,COMPLETED,15.370334664314566,,,0.7326007326007326,1.021978021978022,legacy DFlash OpenMath; no matched OSL32K baseline,docs/qwen3_235b_dflash_retry28_openmath_metrics.csv,DFlash OpenMath retry28,5,,True
Math,Qwen3-235B-A22B,,,16,,,dflash_k3,,COMPLETED,30.780140612261853,,,0.6117920321864825,1.0183537609655944,legacy DFlash OpenMath; no matched OSL32K baseline,docs/qwen3_235b_dflash_retry28_openmath_metrics.csv,DFlash OpenMath retry28,5,,True
Math,Qwen3-235B-A22B,,,32,,,dflash_k3,,COMPLETED,61.40800757715076,,,0.93156649710063,1.0279469949130189,legacy DFlash OpenMath; no matched OSL32K baseline,docs/qwen3_235b_dflash_retry28_openmath_metrics.csv,DFlash OpenMath retry28,5,,True
Math,Qwen3-235B-A22B,,,1,,,dflash_k5,,COMPLETED,2.0887307251197207,,,0.4395604395604395,1.021978021978022,legacy DFlash OpenMath; no matched OSL32K baseline,docs/qwen3_235b_dflash_retry28_openmath_metrics.csv,DFlash OpenMath retry28,5,,True
Math,Qwen3-235B-A22B,,,2,,,dflash_k5,,COMPLETED,3.879971691924405,,,0.2474022761009401,1.012370113805047,legacy DFlash OpenMath; no matched OSL32K baseline,docs/qwen3_235b_dflash_retry28_openmath_metrics.csv,DFlash OpenMath retry28,5,,True
Math,Qwen3-235B-A22B,,,4,,,dflash_k5,,COMPLETED,8.000536928347081,,,0.2775024777006937,1.0138751238850348,legacy DFlash OpenMath; no matched OSL32K baseline,docs/qwen3_235b_dflash_retry28_openmath_metrics.csv,DFlash OpenMath retry28,5,,True
Math,Qwen3-235B-A22B,,,8,,,dflash_k5,,COMPLETED,9.045287568412547,,,0.4293023836266068,1.0214651191813304,legacy DFlash OpenMath; no matched OSL32K baseline,docs/qwen3_235b_dflash_retry28_openmath_metrics.csv,DFlash OpenMath retry28,5,,True
Math,Qwen3-235B-A22B,,,16,,,dflash_k5,,COMPLETED,31.020431865926938,,,0.3493504071610617,1.017467520358053,legacy DFlash OpenMath; no matched OSL32K baseline,docs/qwen3_235b_dflash_retry28_openmath_metrics.csv,DFlash OpenMath retry28,5,,True
Math,Qwen3-235B-A22B,,,32,,,dflash_k5,,COMPLETED,64.6660674268986,,,0.5434236947791165,1.0271711847389555,legacy DFlash OpenMath; no matched OSL32K baseline,docs/qwen3_235b_dflash_retry28_openmath_metrics.csv,DFlash OpenMath retry28,5,,True
SWE,Qwen3-235B-A22B,0.0,1.0,1,4096.0,32768.0,pard2_k1,2165312,COMPLETED,1.8625,2.055510589924779,0.9061009021939205,12.5202,0.1252,final breakdown,docs/lyris_qwen235b_swe_pard2_k_sweep_live_log_metrics_20260620.csv,Lyris SWE Qwen235B PARD-2 K sweep,15,/lustre/fsw/coreai_dlalgo_llm/users/sna/vllm-benchmark/vllm-runs/qwen235b_a22b_swe_verified_osl32k_bsweep_lyris_tp4_fp8kv_bs1_pard2_offset0_n1_isl4096_osl32768_bs1_k1_20260620_swe_pard2_ksweep_t00_k1,True
SWE,Qwen3-235B-A22B,0.0,1.0,1,4096.0,32768.0,pard2_k11,2165322,COMPLETED,1.9275,2.055510589924779,0.9377232155590773,1.4075,0.1548,final breakdown,docs/lyris_qwen235b_swe_pard2_k_sweep_live_log_metrics_20260620.csv,Lyris SWE Qwen235B PARD-2 K sweep,15,/lustre/fsw/coreai_dlalgo_llm/users/sna/vllm-benchmark/vllm-runs/qwen235b_a22b_swe_verified_osl32k_bsweep_lyris_tp4_fp8kv_bs1_pard2_offset0_n1_isl4096_osl32768_bs1_k11_20260620_swe_pard2_ksweep_t00_k11,True
SWE,Qwen3-235B-A22B,0.0,1.0,1,4096.0,32768.0,pard2_k3,2165286,COMPLETED,1.9083,2.055510589924779,0.9283824706881387,4.9933,0.1498,final breakdown,docs/lyris_qwen235b_swe_pard2_k_sweep_live_log_metrics_20260620.csv,Lyris SWE Qwen235B PARD-2 K sweep,15,/lustre/fsw/coreai_dlalgo_llm/users/sna/vllm-benchmark/vllm-runs/qwen235b_a22b_swe_verified_osl32k_bsweep_lyris_tp4_fp8kv_bs1_pard2_offset0_n1_isl4096_osl32768_bs1_k3_20260620_swe_pard2_ksweep_t00_k3,True
SWE,Qwen3-235B-A22B,0.0,1.0,2,4096.0,32768.0,pard2_k3,2165287,COMPLETED,3.6966,4.181686617697326,0.8839973766459711,4.5441,0.1363,final breakdown,docs/lyris_qwen235b_swe_pard2_k_sweep_live_log_metrics_20260620.csv,Lyris SWE Qwen235B PARD-2 K sweep,15,/lustre/fsw/coreai_dlalgo_llm/users/sna/vllm-benchmark/vllm-runs/qwen235b_a22b_swe_verified_osl32k_bsweep_lyris_tp4_fp8kv_bs2_pard2_offset0_n2_isl4096_osl32768_bs2_k3_20260620_swe_pard2_ksweep_t00_k3,True
SWE,Qwen3-235B-A22B,0.0,1.0,4,4096.0,32768.0,pard2_k3,2165288,COMPLETED,7.3051,7.686645935775346,0.950362493737412,5.2513,0.1575,final breakdown,docs/lyris_qwen235b_swe_pard2_k_sweep_live_log_metrics_20260620.csv,Lyris SWE Qwen235B PARD-2 K sweep,15,/lustre/fsw/coreai_dlalgo_llm/users/sna/vllm-benchmark/vllm-runs/qwen235b_a22b_swe_verified_osl32k_bsweep_lyris_tp4_fp8kv_bs4_pard2_offset0_n4_isl4096_osl32768_bs4_k3_20260620_swe_pard2_ksweep_t00_k3,True
SWE,Qwen3-235B-A22B,0.0,1.0,8,4096.0,32768.0,pard2_k3,2165289,COMPLETED,14.4123,15.39663105577196,0.9360684131349014,4.8336,0.145,final breakdown,docs/lyris_qwen235b_swe_pard2_k_sweep_live_log_metrics_20260620.csv,Lyris SWE Qwen235B PARD-2 K sweep,15,/lustre/fsw/coreai_dlalgo_llm/users/sna/vllm-benchmark/vllm-runs/qwen235b_a22b_swe_verified_osl32k_bsweep_lyris_tp4_fp8kv_bs8_pard2_offset0_n8_isl4096_osl32768_bs8_k3_20260620_swe_pard2_ksweep_t00_k3,True
SWE,Qwen3-235B-A22B,0.0,1.0,16,4096.0,32768.0,pard2_k3,2165290,COMPLETED,28.0011,31.65464490683899,0.8845810806726302,5.1835,0.1555,final breakdown,docs/lyris_qwen235b_swe_pard2_k_sweep_live_log_metrics_20260620.csv,Lyris SWE Qwen235B PARD-2 K sweep,15,/lustre/fsw/coreai_dlalgo_llm/users/sna/vllm-benchmark/vllm-runs/qwen235b_a22b_swe_verified_osl32k_bsweep_lyris_tp4_fp8kv_bs16_pard2_offset0_n16_isl4096_osl32768_bs16_k3_20260620_swe_pard2_ksweep_t00_k3,True
SWE,Qwen3-235B-A22B,0.0,1.0,32,4096.0,32768.0,pard2_k3,2165291,COMPLETED,52.527,58.7203160933287,0.8945285634449722,6.71,0.2013,final breakdown,docs/lyris_qwen235b_swe_pard2_k_sweep_live_log_metrics_20260620.csv,Lyris SWE Qwen235B PARD-2 K sweep,15,/lustre/fsw/coreai_dlalgo_llm/users/sna/vllm-benchmark/vllm-runs/qwen235b_a22b_swe_verified_osl32k_bsweep_lyris_tp4_fp8kv_bs32_pard2_offset0_n32_isl4096_osl32768_bs32_k3_20260620_swe_pard2_ksweep_t00_k3,True
SWE,Qwen3-235B-A22B,0.0,1.0,1,4096.0,32768.0,pard2_k5,2165298,COMPLETED,1.9268,2.055510589924779,0.9373826675689911,3.0672,0.1534,final breakdown,docs/lyris_qwen235b_swe_pard2_k_sweep_live_log_metrics_20260620.csv,Lyris SWE Qwen235B PARD-2 K sweep,15,/lustre/fsw/coreai_dlalgo_llm/users/sna/vllm-benchmark/vllm-runs/qwen235b_a22b_swe_verified_osl32k_bsweep_lyris_tp4_fp8kv_bs1_pard2_offset0_n1_isl4096_osl32768_bs1_k5_20260620_swe_pard2_ksweep_t00_k5,True
SWE,Qwen3-235B-A22B,0.0,1.0,2,4096.0,32768.0,pard2_k5,2165299,COMPLETED,3.7698,4.181686617697326,0.9015022751934161,3.0093,0.1505,final breakdown,docs/lyris_qwen235b_swe_pard2_k_sweep_live_log_metrics_20260620.csv,Lyris SWE Qwen235B PARD-2 K sweep,15,/lustre/fsw/coreai_dlalgo_llm/users/sna/vllm-benchmark/vllm-runs/qwen235b_a22b_swe_verified_osl32k_bsweep_lyris_tp4_fp8kv_bs2_pard2_offset0_n2_isl4096_osl32768_bs2_k5_20260620_swe_pard2_ksweep_t00_k5,True
SWE,Qwen3-235B-A22B,0.0,1.0,4,4096.0,32768.0,pard2_k5,2165300,COMPLETED,7.393,7.686645935775346,0.9617979105283551,3.1207,0.156,final breakdown,docs/lyris_qwen235b_swe_pard2_k_sweep_live_log_metrics_20260620.csv,Lyris SWE Qwen235B PARD-2 K sweep,15,/lustre/fsw/coreai_dlalgo_llm/users/sna/vllm-benchmark/vllm-runs/qwen235b_a22b_swe_verified_osl32k_bsweep_lyris_tp4_fp8kv_bs4_pard2_offset0_n4_isl4096_osl32768_bs4_k5_20260620_swe_pard2_ksweep_t00_k5,True
SWE,Qwen3-235B-A22B,0.0,1.0,8,4096.0,32768.0,pard2_k5,2165302,COMPLETED,14.092,15.39663105577196,0.9152651608623905,4.1922,0.2096,final breakdown,docs/lyris_qwen235b_swe_pard2_k_sweep_live_log_metrics_20260620.csv,Lyris SWE Qwen235B PARD-2 K sweep,15,/lustre/fsw/coreai_dlalgo_llm/users/sna/vllm-benchmark/vllm-runs/qwen235b_a22b_swe_verified_osl32k_bsweep_lyris_tp4_fp8kv_bs8_pard2_offset0_n8_isl4096_osl32768_bs8_k5_20260620_swe_pard2_ksweep_t00_k5,True
SWE,Qwen3-235B-A22B,0.0,1.0,16,4096.0,32768.0,pard2_k5,2165304,COMPLETED,27.4034,31.65464490683899,0.8656991756075423,3.3788,0.1689,final breakdown,docs/lyris_qwen235b_swe_pard2_k_sweep_live_log_metrics_20260620.csv,Lyris SWE Qwen235B PARD-2 K sweep,15,/lustre/fsw/coreai_dlalgo_llm/users/sna/vllm-benchmark/vllm-runs/qwen235b_a22b_swe_verified_osl32k_bsweep_lyris_tp4_fp8kv_bs16_pard2_offset0_n16_isl4096_osl32768_bs16_k5_20260620_swe_pard2_ksweep_t00_k5,True
SWE,Qwen3-235B-A22B,0.0,1.0,32,4096.0,32768.0,pard2_k5,2165305,COMPLETED,52.8727,58.7203160933287,0.9004157933340373,3.5747,0.1787,final breakdown,docs/lyris_qwen235b_swe_pard2_k_sweep_live_log_metrics_20260620.csv,Lyris SWE Qwen235B PARD-2 K sweep,15,/lustre/fsw/coreai_dlalgo_llm/users/sna/vllm-benchmark/vllm-runs/qwen235b_a22b_swe_verified_osl32k_bsweep_lyris_tp4_fp8kv_bs32_pard2_offset0_n32_isl4096_osl32768_bs32_k5_20260620_swe_pard2_ksweep_t00_k5,True
SWE,Qwen3-235B-A22B,0.0,1.0,1,4096.0,32768.0,pard2_k9,2165320,COMPLETED,1.9089,2.055510589924779,0.9286743689653556,1.7194,0.1547,final breakdown,docs/lyris_qwen235b_swe_pard2_k_sweep_live_log_metrics_20260620.csv,Lyris SWE Qwen235B PARD-2 K sweep,15,/lustre/fsw/coreai_dlalgo_llm/users/sna/vllm-benchmark/vllm-runs/qwen235b_a22b_swe_verified_osl32k_bsweep_lyris_tp4_fp8kv_bs1_pard2_offset0_n1_isl4096_osl32768_bs1_k9_20260620_swe_pard2_ksweep_t00_k9,True
SWE,Qwen3-235B-A22B,1.0,1.0,1,4096.0,32768.0,pard2_k1,2165313,COMPLETED,1.7766,2.1345933246551825,0.8322896822920535,8.0741,0.0807,final breakdown,docs/lyris_qwen235b_swe_pard2_k_sweep_live_log_metrics_20260620.csv,Lyris SWE Qwen235B PARD-2 K sweep,15,/lustre/fsw/coreai_dlalgo_llm/users/sna/vllm-benchmark/vllm-runs/qwen235b_a22b_swe_verified_osl32k_bsweep_lyris_tp4_fp8kv_bs1_pard2_offset0_n1_isl4096_osl32768_bs1_k1_20260620_swe_pard2_ksweep_t10_k1,True
SWE,Qwen3-235B-A22B,1.0,1.0,2,4096.0,32768.0,pard2_k1,2165314,COMPLETED,3.595,4.1208614649423545,0.8723904044297421,7.6799,0.0768,final breakdown,docs/lyris_qwen235b_swe_pard2_k_sweep_live_log_metrics_20260620.csv,Lyris SWE Qwen235B PARD-2 K sweep,15,/lustre/fsw/coreai_dlalgo_llm/users/sna/vllm-benchmark/vllm-runs/qwen235b_a22b_swe_verified_osl32k_bsweep_lyris_tp4_fp8kv_bs2_pard2_offset0_n2_isl4096_osl32768_bs2_k1_20260620_swe_pard2_ksweep_t10_k1,True
SWE,Qwen3-235B-A22B,1.0,1.0,4,4096.0,32768.0,pard2_k1,2165315,COMPLETED,6.9856,7.923111303156699,0.8816738441143469,9.6106,0.0961,final breakdown,docs/lyris_qwen235b_swe_pard2_k_sweep_live_log_metrics_20260620.csv,Lyris SWE Qwen235B PARD-2 K sweep,15,/lustre/fsw/coreai_dlalgo_llm/users/sna/vllm-benchmark/vllm-runs/qwen235b_a22b_swe_verified_osl32k_bsweep_lyris_tp4_fp8kv_bs4_pard2_offset0_n4_isl4096_osl32768_bs4_k1_20260620_swe_pard2_ksweep_t10_k1,True
SWE,Qwen3-235B-A22B,1.0,1.0,8,4096.0,32768.0,pard2_k1,2165316,COMPLETED,13.3138,15.075989863776506,0.8831128251146834,20.4293,0.2043,final breakdown,docs/lyris_qwen235b_swe_pard2_k_sweep_live_log_metrics_20260620.csv,Lyris SWE Qwen235B PARD-2 K sweep,15,/lustre/fsw/coreai_dlalgo_llm/users/sna/vllm-benchmark/vllm-runs/qwen235b_a22b_swe_verified_osl32k_bsweep_lyris_tp4_fp8kv_bs8_pard2_offset0_n8_isl4096_osl32768_bs8_k1_20260620_swe_pard2_ksweep_t10_k1,True
SWE,Qwen3-235B-A22B,1.0,1.0,16,4096.0,32768.0,pard2_k1,2165317,COMPLETED,26.003,30.56043220920272,0.8508714740025721,13.1989,0.132,final breakdown,docs/lyris_qwen235b_swe_pard2_k_sweep_live_log_metrics_20260620.csv,Lyris SWE Qwen235B PARD-2 K sweep,15,/lustre/fsw/coreai_dlalgo_llm/users/sna/vllm-benchmark/vllm-runs/qwen235b_a22b_swe_verified_osl32k_bsweep_lyris_tp4_fp8kv_bs16_pard2_offset0_n16_isl4096_osl32768_bs16_k1_20260620_swe_pard2_ksweep_t10_k1,True
SWE,Qwen3-235B-A22B,1.0,1.0,32,4096.0,32768.0,pard2_k1,2165318,COMPLETED,50.225,60.25629688901522,0.8335228447992473,14.4944,0.1449,final breakdown,docs/lyris_qwen235b_swe_pard2_k_sweep_live_log_metrics_20260620.csv,Lyris SWE Qwen235B PARD-2 K sweep,15,/lustre/fsw/coreai_dlalgo_llm/users/sna/vllm-benchmark/vllm-runs/qwen235b_a22b_swe_verified_osl32k_bsweep_lyris_tp4_fp8kv_bs32_pard2_offset0_n32_isl4096_osl32768_bs32_k1_20260620_swe_pard2_ksweep_t10_k1,True
SWE,Qwen3-235B-A22B,1.0,1.0,1,4096.0,32768.0,pard2_k11,2165323,COMPLETED,1.8575,2.1345933246551825,0.8701891730594896,1.0778,0.1186,final breakdown,docs/lyris_qwen235b_swe_pard2_k_sweep_live_log_metrics_20260620.csv,Lyris SWE Qwen235B PARD-2 K sweep,15,/lustre/fsw/coreai_dlalgo_llm/users/sna/vllm-benchmark/vllm-runs/qwen235b_a22b_swe_verified_osl32k_bsweep_lyris_tp4_fp8kv_bs1_pard2_offset0_n1_isl4096_osl32768_bs1_k11_20260620_swe_pard2_ksweep_t10_k11,True
SWE,Qwen3-235B-A22B,1.0,1.0,1,4096.0,32768.0,pard2_k3,2165292,COMPLETED,1.834,2.1345933246551825,0.8591800502778488,3.679,0.1104,final breakdown,docs/lyris_qwen235b_swe_pard2_k_sweep_live_log_metrics_20260620.csv,Lyris SWE Qwen235B PARD-2 K sweep,15,/lustre/fsw/coreai_dlalgo_llm/users/sna/vllm-benchmark/vllm-runs/qwen235b_a22b_swe_verified_osl32k_bsweep_lyris_tp4_fp8kv_bs1_pard2_offset0_n1_isl4096_osl32768_bs1_k3_20260620_swe_pard2_ksweep_t10_k3,True
SWE,Qwen3-235B-A22B,1.0,1.0,2,4096.0,32768.0,pard2_k3,2165293,COMPLETED,3.5587,4.1208614649423545,0.8635815666882123,3.6157,0.1085,final breakdown,docs/lyris_qwen235b_swe_pard2_k_sweep_live_log_metrics_20260620.csv,Lyris SWE Qwen235B PARD-2 K sweep,15,/lustre/fsw/coreai_dlalgo_llm/users/sna/vllm-benchmark/vllm-runs/qwen235b_a22b_swe_verified_osl32k_bsweep_lyris_tp4_fp8kv_bs2_pard2_offset0_n2_isl4096_osl32768_bs2_k3_20260620_swe_pard2_ksweep_t10_k3,True
SWE,Qwen3-235B-A22B,1.0,1.0,4,4096.0,32768.0,pard2_k3,2165294,COMPLETED,7.0393,7.923111303156699,0.8884514846074958,4.1792,0.1254,final breakdown,docs/lyris_qwen235b_swe_pard2_k_sweep_live_log_metrics_20260620.csv,Lyris SWE Qwen235B PARD-2 K sweep,15,/lustre/fsw/coreai_dlalgo_llm/users/sna/vllm-benchmark/vllm-runs/qwen235b_a22b_swe_verified_osl32k_bsweep_lyris_tp4_fp8kv_bs4_pard2_offset0_n4_isl4096_osl32768_bs4_k3_20260620_swe_pard2_ksweep_t10_k3,True
SWE,Qwen3-235B-A22B,1.0,1.0,8,4096.0,32768.0,pard2_k3,2165295,COMPLETED,13.4002,15.075989863776506,0.8888437920880424,4.2757,0.1283,final breakdown,docs/lyris_qwen235b_swe_pard2_k_sweep_live_log_metrics_20260620.csv,Lyris SWE Qwen235B PARD-2 K sweep,15,/lustre/fsw/coreai_dlalgo_llm/users/sna/vllm-benchmark/vllm-runs/qwen235b_a22b_swe_verified_osl32k_bsweep_lyris_tp4_fp8kv_bs8_pard2_offset0_n8_isl4096_osl32768_bs8_k3_20260620_swe_pard2_ksweep_t10_k3,True
SWE,Qwen3-235B-A22B,1.0,1.0,16,4096.0,32768.0,pard2_k3,2165296,COMPLETED,26.3989,30.56043220920272,0.8638261337171289,4.1337,0.124,final breakdown,docs/lyris_qwen235b_swe_pard2_k_sweep_live_log_metrics_20260620.csv,Lyris SWE Qwen235B PARD-2 K sweep,15,/lustre/fsw/coreai_dlalgo_llm/users/sna/vllm-benchmark/vllm-runs/qwen235b_a22b_swe_verified_osl32k_bsweep_lyris_tp4_fp8kv_bs16_pard2_offset0_n16_isl4096_osl32768_bs16_k3_20260620_swe_pard2_ksweep_t10_k3,True
SWE,Qwen3-235B-A22B,1.0,1.0,32,4096.0,32768.0,pard2_k3,2165297,COMPLETED,48.5545,60.25629688901522,0.8057996011509219,5.107,0.1532,final breakdown,docs/lyris_qwen235b_swe_pard2_k_sweep_live_log_metrics_20260620.csv,Lyris SWE Qwen235B PARD-2 K sweep,15,/lustre/fsw/coreai_dlalgo_llm/users/sna/vllm-benchmark/vllm-runs/qwen235b_a22b_swe_verified_osl32k_bsweep_lyris_tp4_fp8kv_bs32_pard2_offset0_n32_isl4096_osl32768_bs32_k3_20260620_swe_pard2_ksweep_t10_k3,True
SWE,Qwen3-235B-A22B,1.0,1.0,1,4096.0,32768.0,pard2_k5,2165306,COMPLETED,1.9243,2.1345933246551825,0.9014831901579412,3.441,0.172,final breakdown,docs/lyris_qwen235b_swe_pard2_k_sweep_live_log_metrics_20260620.csv,Lyris SWE Qwen235B PARD-2 K sweep,15,/lustre/fsw/coreai_dlalgo_llm/users/sna/vllm-benchmark/vllm-runs/qwen235b_a22b_swe_verified_osl32k_bsweep_lyris_tp4_fp8kv_bs1_pard2_offset0_n1_isl4096_osl32768_bs1_k5_20260620_swe_pard2_ksweep_t10_k5,True
SWE,Qwen3-235B-A22B,1.0,1.0,2,4096.0,32768.0,pard2_k5,2165307,COMPLETED,3.5128,4.1208614649423545,0.8524431189654514,2.2315,0.1116,final breakdown,docs/lyris_qwen235b_swe_pard2_k_sweep_live_log_metrics_20260620.csv,Lyris SWE Qwen235B PARD-2 K sweep,15,/lustre/fsw/coreai_dlalgo_llm/users/sna/vllm-benchmark/vllm-runs/qwen235b_a22b_swe_verified_osl32k_bsweep_lyris_tp4_fp8kv_bs2_pard2_offset0_n2_isl4096_osl32768_bs2_k5_20260620_swe_pard2_ksweep_t10_k5,True
SWE,Qwen3-235B-A22B,1.0,1.0,4,4096.0,32768.0,pard2_k5,2165308,COMPLETED,6.8748,7.923111303156699,0.8676894387765277,3.5121,0.1756,final breakdown,docs/lyris_qwen235b_swe_pard2_k_sweep_live_log_metrics_20260620.csv,Lyris SWE Qwen235B PARD-2 K sweep,15,/lustre/fsw/coreai_dlalgo_llm/users/sna/vllm-benchmark/vllm-runs/qwen235b_a22b_swe_verified_osl32k_bsweep_lyris_tp4_fp8kv_bs4_pard2_offset0_n4_isl4096_osl32768_bs4_k5_20260620_swe_pard2_ksweep_t10_k5,True
SWE,Qwen3-235B-A22B,1.0,1.0,8,4096.0,32768.0,pard2_k5,2165309,COMPLETED,13.3737,15.075989863776506,0.8870860302270005,1.8703,0.0935,final breakdown,docs/lyris_qwen235b_swe_pard2_k_sweep_live_log_metrics_20260620.csv,Lyris SWE Qwen235B PARD-2 K sweep,15,/lustre/fsw/coreai_dlalgo_llm/users/sna/vllm-benchmark/vllm-runs/qwen235b_a22b_swe_verified_osl32k_bsweep_lyris_tp4_fp8kv_bs8_pard2_offset0_n8_isl4096_osl32768_bs8_k5_20260620_swe_pard2_ksweep_t10_k5,True
SWE,Qwen3-235B-A22B,1.0,1.0,16,4096.0,32768.0,pard2_k5,2165310,COMPLETED,25.8771,30.56043220920272,0.8467517678695519,3.6397,0.182,final breakdown,docs/lyris_qwen235b_swe_pard2_k_sweep_live_log_metrics_20260620.csv,Lyris SWE Qwen235B PARD-2 K sweep,15,/lustre/fsw/coreai_dlalgo_llm/users/sna/vllm-benchmark/vllm-runs/qwen235b_a22b_swe_verified_osl32k_bsweep_lyris_tp4_fp8kv_bs16_pard2_offset0_n16_isl4096_osl32768_bs16_k5_20260620_swe_pard2_ksweep_t10_k5,True
SWE,Qwen3-235B-A22B,1.0,1.0,32,4096.0,32768.0,pard2_k5,2165311,COMPLETED,49.933,60.25629688901522,0.8286768782351581,2.9528,0.1476,final breakdown,docs/lyris_qwen235b_swe_pard2_k_sweep_live_log_metrics_20260620.csv,Lyris SWE Qwen235B PARD-2 K sweep,15,/lustre/fsw/coreai_dlalgo_llm/users/sna/vllm-benchmark/vllm-runs/qwen235b_a22b_swe_verified_osl32k_bsweep_lyris_tp4_fp8kv_bs32_pard2_offset0_n32_isl4096_osl32768_bs32_k5_20260620_swe_pard2_ksweep_t10_k5,True
SWE,Qwen3-235B-A22B,1.0,1.0,1,4096.0,32768.0,pard2_k9,2165321,COMPLETED,1.8681,2.1345933246551825,0.8751549901439746,1.3173,0.1186,final breakdown,docs/lyris_qwen235b_swe_pard2_k_sweep_live_log_metrics_20260620.csv,Lyris SWE Qwen235B PARD-2 K sweep,15,/lustre/fsw/coreai_dlalgo_llm/users/sna/vllm-benchmark/vllm-runs/qwen235b_a22b_swe_verified_osl32k_bsweep_lyris_tp4_fp8kv_bs1_pard2_offset0_n1_isl4096_osl32768_bs1_k9_20260620_swe_pard2_ksweep_t10_k9,True
