model,dispatcher,scope,router_replay,status,failure,exit_code,mode,cluster,profile,phase,steps,step,repeat,run_group,job_id,e2e_step_time,e2e_tokens_per_sec_per_gpu,generation_time,generation_tokens_per_sec_per_gpu,policy_training_time,policy_training_tokens_per_sec_per_gpu,logprob_time,logprob_tokens_per_sec_per_gpu,graph_telemetry_status,capture_count,replay_count,cache_hits,cache_misses,cache_evictions,fallback_count,graph_calls,eligible_calls,graph_coverage,logical_tokens,padded_tokens,capacity_tokens,capacity_utilization,padding_utilization,reward,policy_loss,gen_kl_error,token_mult_prob_error,policy_kl_error,js_divergence_error,sampling_importance_ratio,num_masked_seqs_by_logprob_error,router_topk_parity,expert_count_parity,parameter_delta_parity,parameter_delta_max_abs_error,parameter_delta_max_rel_error,grad_norm,nan_inf_status,nemo_rl_commit,bridge_commit,mcore_commit,te_commit,te_version,container_sha256
nano,hybridep,attn,off,completed,,,nemorl,oci-hsg,direct-4n4g,performance,20,1,1,nano-ep8-v2,5893775,253.8230393808335,11.07365984922582,25.307794905034825,111.06261966113922,126.59993253881112,22.20182857631715,97.97480941587128,28.688496734597138,reported,0.0,0.0,0.0,1.0,0.0,0.0,0.0,36.0,0.0,44972.0,45024.0,49152.0,0.9149576822916666,0.9988450604122245,0.0,2.1068188189588e-06,0.0023247096096383757,1.042546614073217,0.00284108832693164,0.0005959485108633089,0.9996079927077517,0.0,,,,,,0.0007404781063087285,clear,2bc7389cb4834c556f4418d12ad2e6e86da0f46a,0142aebf95c49d9137de52a9e7a4fc098a0a6a56,2812006062d10e04141180a4291b663ef2edff7e,04a76c84423d9a4eb2f2010ef6692e347326cc00,2.19.0.dev0+04a76c84,0f82ea5319d53ec37fca894a6efb5549c2990c1efa62415dff5578929a86ccc0
nano,hybridep,attn,off,completed,,,nemorl,oci-hsg,direct-4n4g,performance,20,2,1,nano-ep8-v2,5893775,49.12180806719698,64.1873767286172,27.18391702999361,115.98769951074786,2.9315631620120257,1075.5354142995832,4.592488056048751,686.5559499598903,reported,0.0,0.0,0.0,1.0,0.0,0.0,0.0,48.0,0.0,50448.0,50488.0,65536.0,0.769775390625,0.9992077325305023,0.0,1.9679417899709506e-05,0.0018696156686246468,1.0387600467947777,0.002006492017471828,0.0004747197757524191,0.9997648082789965,0.0,,,,,,0.010482880286872387,clear,2bc7389cb4834c556f4418d12ad2e6e86da0f46a,0142aebf95c49d9137de52a9e7a4fc098a0a6a56,2812006062d10e04141180a4291b663ef2edff7e,04a76c84423d9a4eb2f2010ef6692e347326cc00,2.19.0.dev0+04a76c84,0f82ea5319d53ec37fca894a6efb5549c2990c1efa62415dff5578929a86ccc0
nano,hybridep,attn,off,completed,,,nemorl,oci-hsg,direct-4n4g,performance,20,3,1,nano-ep8-v2,5893775,45.25865066004917,76.4563779417864,29.06927103898488,119.03678270292245,2.9768179529346526,1162.4199244662245,3.382450672099367,1023.0193535541812,reported,0.0,0.0,0.0,1.0,0.0,0.0,0.0,48.0,0.0,55365.0,55416.0,65536.0,0.8448028564453125,0.9990796881766999,0.0,1.6879172711981028e-05,0.0017241161822312279,1.0365777884144336,0.0023136784166126745,0.0004437851569036866,0.9997861844021827,0.0,,,,,,0.012920806184411049,clear,2bc7389cb4834c556f4418d12ad2e6e86da0f46a,0142aebf95c49d9137de52a9e7a4fc098a0a6a56,2812006062d10e04141180a4291b663ef2edff7e,04a76c84423d9a4eb2f2010ef6692e347326cc00,2.19.0.dev0+04a76c84,0f82ea5319d53ec37fca894a6efb5549c2990c1efa62415dff5578929a86ccc0
nano,hybridep,attn,off,completed,,,nemorl,oci-hsg,direct-4n4g,performance,20,4,1,nano-ep8-v2,5893775,44.87948405393399,71.15444990772079,26.684929478215054,119.66960612007597,5.227436175802723,610.8874202581013,3.1675894840154797,1008.1404222720909,reported,1.0,1.0,0.0,1.0,0.0,0.0,48.0,48.0,1.0,51094.0,51128.0,65536.0,0.779632568359375,0.9993350023470505,0.0,1.8145720134477017e-05,0.0019381052945277588,1.0378603847348131,0.0022152316922756654,0.0004769964061495102,1.0001109047298087,0.0,,,,,,0.0050918483175337315,clear,2bc7389cb4834c556f4418d12ad2e6e86da0f46a,0142aebf95c49d9137de52a9e7a4fc098a0a6a56,2812006062d10e04141180a4291b663ef2edff7e,04a76c84423d9a4eb2f2010ef6692e347326cc00,2.19.0.dev0+04a76c84,0f82ea5319d53ec37fca894a6efb5549c2990c1efa62415dff5578929a86ccc0
nano,hybridep,attn,off,completed,,,nemorl,oci-hsg,direct-4n4g,performance,20,5,1,nano-ep8-v2,5893775,49.102101664058864,47.67489416269711,30.38941456703469,77.03134572850121,4.648825570940971,503.5545998182439,3.307732009096071,707.7167961499172,reported,1.0,1.0,0.0,1.0,0.0,0.0,36.0,36.0,1.0,37455.0,37504.0,49152.0,0.76202392578125,0.9986934726962458,0.0,2.611168692112642e-05,0.0027320362441969337,1.0443583946907893,0.003057176518268534,0.0006935025085113011,1.0005174258258194,0.0,,,,,,0.04358067363500595,clear,2bc7389cb4834c556f4418d12ad2e6e86da0f46a,0142aebf95c49d9137de52a9e7a4fc098a0a6a56,2812006062d10e04141180a4291b663ef2edff7e,04a76c84423d9a4eb2f2010ef6692e347326cc00,2.19.0.dev0+04a76c84,0f82ea5319d53ec37fca894a6efb5549c2990c1efa62415dff5578929a86ccc0
nano,hybridep,attn,off,completed,,,nemorl,oci-hsg,direct-4n4g,performance,20,6,1,nano-ep8-v2,5893775,46.27328990097158,69.99178158568746,25.687652996974066,126.0819741056731,6.43042240710929,503.66053657988795,3.790026265894994,854.5455289173799,reported,1.0,1.0,0.0,1.0,0.0,0.0,48.0,48.0,1.0,51820.0,51872.0,65536.0,0.79071044921875,0.9989975323874152,0.0,2.1596292867798184e-05,0.0019402391772018746,1.3031340449815616,0.26656200957586407,0.0005342926365301537,0.9998679507989436,0.0,,,,,,0.017176566645503044,clear,2bc7389cb4834c556f4418d12ad2e6e86da0f46a,0142aebf95c49d9137de52a9e7a4fc098a0a6a56,2812006062d10e04141180a4291b663ef2edff7e,04a76c84423d9a4eb2f2010ef6692e347326cc00,2.19.0.dev0+04a76c84,0f82ea5319d53ec37fca894a6efb5549c2990c1efa62415dff5578929a86ccc0
nano,hybridep,attn,off,completed,,,nemorl,oci-hsg,direct-4n4g,performance,20,7,1,nano-ep8-v2,5893775,41.73858460597694,60.04635815180725,25.081812181975693,99.92300324300503,4.185616477159783,598.776790390661,3.2941349698230624,760.8218919258849,reported,1.0,1.0,0.0,1.0,0.0,0.0,36.0,36.0,1.0,40100.0,40144.0,49152.0,0.8158365885416666,0.9989039457951375,0.0,2.338557479930614e-05,0.0020421438039193163,1.0400936976075172,0.0021110779425725923,0.0005096089739708987,1.0000855549005792,0.0,,,,,,0.025813305750489235,clear,2bc7389cb4834c556f4418d12ad2e6e86da0f46a,0142aebf95c49d9137de52a9e7a4fc098a0a6a56,2812006062d10e04141180a4291b663ef2edff7e,04a76c84423d9a4eb2f2010ef6692e347326cc00,2.19.0.dev0+04a76c84,0f82ea5319d53ec37fca894a6efb5549c2990c1efa62415dff5578929a86ccc0
nano,hybridep,attn,off,completed,,,nemorl,oci-hsg,direct-4n4g,performance,20,8,1,nano-ep8-v2,5893775,32.946770967915654,76.53064096798546,15.909113151952624,158.49013555419512,4.358461111085489,578.5155438434158,3.2755923909135163,769.7653429023893,reported,1.0,1.0,0.0,1.0,0.0,0.0,36.0,36.0,1.0,40343.0,40416.0,49152.0,0.8207804361979166,0.9981937846397466,0.0625,0.04823770066514044,0.002777792211418273,1.0608477448113263,0.022005732815159718,0.0007346326001425041,1.00048629171215,0.0,,,,,,1.1721100807189941,clear,2bc7389cb4834c556f4418d12ad2e6e86da0f46a,0142aebf95c49d9137de52a9e7a4fc098a0a6a56,2812006062d10e04141180a4291b663ef2edff7e,04a76c84423d9a4eb2f2010ef6692e347326cc00,2.19.0.dev0+04a76c84,0f82ea5319d53ec37fca894a6efb5549c2990c1efa62415dff5578929a86ccc0
nano,hybridep,attn,off,completed,,,nemorl,oci-hsg,direct-4n4g,performance,20,9,1,nano-ep8-v2,5893775,43.98825792199932,57.78530726329952,26.370463751954958,96.39098591171191,4.803801988949999,529.1381713582236,3.3424454741179943,760.4836098846911,reported,1.0,1.0,0.0,1.0,0.0,0.0,36.0,36.0,1.0,40670.0,40728.0,49152.0,0.8274332682291666,0.9985759182871734,0.125,-0.21815591260279277,0.0021622939046892498,1.0388775105893728,0.002322641635458922,0.0005491275732083523,1.0003498315054458,0.0,,,,,,1.5150556564331055,clear,2bc7389cb4834c556f4418d12ad2e6e86da0f46a,0142aebf95c49d9137de52a9e7a4fc098a0a6a56,2812006062d10e04141180a4291b663ef2edff7e,04a76c84423d9a4eb2f2010ef6692e347326cc00,2.19.0.dev0+04a76c84,0f82ea5319d53ec37fca894a6efb5549c2990c1efa62415dff5578929a86ccc0
nano,hybridep,attn,off,completed,,,nemorl,oci-hsg,direct-4n4g,performance,20,10,1,nano-ep8-v2,5893775,94.00507233804092,39.98055537349023,27.544096443103626,136.44938427236033,5.500242550158873,683.3107750659906,3.5850649219937623,1048.3422425471322,reported,1.0,1.0,0.0,1.0,0.0,0.0,48.0,48.0,1.0,60134.0,60176.0,65536.0,0.917572021484375,0.9993020473278383,0.0,2.3030946280311326e-05,0.0018235606725340858,1.0373231293142453,0.0019495394693365142,0.00046284907654481344,0.9996600895628944,0.0,,,,,,0.014158744364976883,clear,2bc7389cb4834c556f4418d12ad2e6e86da0f46a,0142aebf95c49d9137de52a9e7a4fc098a0a6a56,2812006062d10e04141180a4291b663ef2edff7e,04a76c84423d9a4eb2f2010ef6692e347326cc00,2.19.0.dev0+04a76c84,0f82ea5319d53ec37fca894a6efb5549c2990c1efa62415dff5578929a86ccc0
nano,hybridep,attn,off,completed,,,nemorl,oci-hsg,direct-4n4g,performance,20,11,1,nano-ep8-v2,5893775,40.513699722941965,66.33712838815597,27.14118386199698,99.02156492750188,4.415184353012592,608.7090107950324,3.281198118114844,819.0796176440857,reported,1.0,1.0,0.0,1.0,0.0,0.0,36.0,36.0,1.0,43001.0,43064.0,49152.0,0.8748575846354166,0.9985370611183355,0.0,3.6175142255956416e-05,0.002229011019153404,1.041773580480367,0.002367520322877681,0.000562203046229115,0.9997508502565324,0.0,,,,,,0.026357289403676987,clear,2bc7389cb4834c556f4418d12ad2e6e86da0f46a,0142aebf95c49d9137de52a9e7a4fc098a0a6a56,2812006062d10e04141180a4291b663ef2edff7e,04a76c84423d9a4eb2f2010ef6692e347326cc00,2.19.0.dev0+04a76c84,0f82ea5319d53ec37fca894a6efb5549c2990c1efa62415dff5578929a86ccc0
nano,hybridep,attn,off,completed,,,nemorl,oci-hsg,direct-4n4g,performance,20,12,1,nano-ep8-v2,5893775,45.135866096941754,70.73365986027508,27.857593866996467,114.60519581277894,4.5991130280308425,694.1827653596405,3.7423857951071113,853.0988451736102,reported,1.0,1.0,0.0,1.0,0.0,0.0,48.0,48.0,1.0,51082.0,51136.0,65536.0,0.779449462890625,0.9989439924906133,0.125,0.2884452909929678,0.0021421478186312015,1.0395365578879137,0.002246420222490997,0.0005301482372033206,0.9997835957037751,0.0,,,,,,0.8410024642944336,clear,2bc7389cb4834c556f4418d12ad2e6e86da0f46a,0142aebf95c49d9137de52a9e7a4fc098a0a6a56,2812006062d10e04141180a4291b663ef2edff7e,04a76c84423d9a4eb2f2010ef6692e347326cc00,2.19.0.dev0+04a76c84,0f82ea5319d53ec37fca894a6efb5549c2990c1efa62415dff5578929a86ccc0
nano,hybridep,attn,off,completed,,,nemorl,oci-hsg,direct-4n4g,performance,20,13,1,nano-ep8-v2,5893775,47.25878925900906,67.19781758680182,29.91613058000803,106.15301639718767,4.311426559928805,736.5746478243249,3.727869204012677,851.8773932791663,reported,1.0,1.0,0.0,1.0,0.0,0.0,48.0,48.0,1.0,50811.0,50848.0,65536.0,0.7753143310546875,0.9992723410950283,0.0,7.13522625233054e-05,0.0025223926422768272,1.0592799608130008,0.018853975256206468,0.0006860552548459964,0.9997412527445704,0.0,,,,,,0.03846105560660362,clear,2bc7389cb4834c556f4418d12ad2e6e86da0f46a,0142aebf95c49d9137de52a9e7a4fc098a0a6a56,2812006062d10e04141180a4291b663ef2edff7e,04a76c84423d9a4eb2f2010ef6692e347326cc00,2.19.0.dev0+04a76c84,0f82ea5319d53ec37fca894a6efb5549c2990c1efa62415dff5578929a86ccc0
nano,hybridep,attn,off,completed,,,nemorl,oci-hsg,direct-4n4g,performance,20,14,1,nano-ep8-v2,5893775,44.20188512606546,68.43882317173188,26.324976454954594,114.91463269402638,5.0049153049476445,604.4308076521278,3.623792844824493,834.79523514168,reported,1.0,1.0,0.0,1.0,0.0,0.0,48.0,48.0,1.0,48402.0,48456.0,65536.0,0.738555908203125,0.9988855869242199,0.0,0.00012842260355583335,0.002887388490705689,1.042428491928149,0.003649397292008416,0.0007534991470237173,0.9996156465786044,0.0,,,,,,0.05768376961350441,clear,2bc7389cb4834c556f4418d12ad2e6e86da0f46a,0142aebf95c49d9137de52a9e7a4fc098a0a6a56,2812006062d10e04141180a4291b663ef2edff7e,04a76c84423d9a4eb2f2010ef6692e347326cc00,2.19.0.dev0+04a76c84,0f82ea5319d53ec37fca894a6efb5549c2990c1efa62415dff5578929a86ccc0
nano,hybridep,attn,off,completed,,,nemorl,oci-hsg,direct-4n4g,performance,20,15,1,nano-ep8-v2,5893775,43.66787410201505,51.41365468708263,26.542285894975066,84.58672357323385,4.572380342055112,491.0188637087223,3.268080495065078,686.9858326287316,reported,1.0,1.0,0.0,1.0,0.0,0.0,36.0,36.0,1.0,35922.0,35984.0,49152.0,0.7308349609375,0.9982770120053357,0.0,0.000218892061617737,0.0022054657556509483,1.0414619080693228,0.002389298633488579,0.0005612528107121761,0.9995022664079443,0.0,,,,,,0.07255584746599197,clear,2bc7389cb4834c556f4418d12ad2e6e86da0f46a,0142aebf95c49d9137de52a9e7a4fc098a0a6a56,2812006062d10e04141180a4291b663ef2edff7e,04a76c84423d9a4eb2f2010ef6692e347326cc00,2.19.0.dev0+04a76c84,0f82ea5319d53ec37fca894a6efb5549c2990c1efa62415dff5578929a86ccc0
nano,hybridep,attn,off,completed,,,nemorl,oci-hsg,direct-4n4g,performance,20,16,1,nano-ep8-v2,5893775,44.049613035982475,67.29485903947815,27.03617098997347,109.64246753356211,4.1101562939584255,721.2164910510296,3.363304686965421,881.3690033758387,reported,1.0,1.0,0.0,1.0,0.0,0.0,36.0,36.0,1.0,47429.0,47480.0,49152.0,0.9649454752604166,0.9989258635214827,0.0625,0.043154719927997576,0.0024475425962009467,1.0444528739899397,0.002743809196545044,0.0006275908554016496,0.9995155958458781,0.0,,,,,,0.3004135191440582,clear,2bc7389cb4834c556f4418d12ad2e6e86da0f46a,0142aebf95c49d9137de52a9e7a4fc098a0a6a56,2812006062d10e04141180a4291b663ef2edff7e,04a76c84423d9a4eb2f2010ef6692e347326cc00,2.19.0.dev0+04a76c84,0f82ea5319d53ec37fca894a6efb5549c2990c1efa62415dff5578929a86ccc0
nano,hybridep,attn,off,completed,,,nemorl,oci-hsg,direct-4n4g,performance,20,17,1,nano-ep8-v2,5893775,47.824837896972895,85.76087615468127,29.704534832853824,138.07656046724748,5.40575177106075,758.7288824390799,3.7094476399943233,1105.6902261616171,reported,1.0,1.0,0.0,1.0,0.0,0.0,60.0,60.0,1.0,65624.0,65664.0,81920.0,0.80107421875,0.9993908382066277,0.0,0.00023089703017831198,0.0021475246467161924,1.0394666381180286,0.0023901020576886367,0.0005384472560763243,0.9999028528109193,0.0,,,,,,0.04021180421113968,clear,2bc7389cb4834c556f4418d12ad2e6e86da0f46a,0142aebf95c49d9137de52a9e7a4fc098a0a6a56,2812006062d10e04141180a4291b663ef2edff7e,04a76c84423d9a4eb2f2010ef6692e347326cc00,2.19.0.dev0+04a76c84,0f82ea5319d53ec37fca894a6efb5549c2990c1efa62415dff5578929a86ccc0
nano,hybridep,attn,off,completed,,,nemorl,oci-hsg,direct-4n4g,performance,20,18,1,nano-ep8-v2,5893775,43.338326999917626,58.41971011028673,25.962385484948754,97.51848502009858,4.32442252477631,585.4683453095193,3.1871873380150646,794.3720376276273,reported,1.0,1.0,0.0,1.0,0.0,0.0,36.0,36.0,1.0,40509.0,40560.0,49152.0,0.82415771484375,0.9987426035502959,0.25,-0.19439899548888206,0.0020120255285291933,1.2869767430238426,0.2514530611488226,0.0005582989936101512,1.0000756559893489,0.0,,,,,,1.1199853420257568,clear,2bc7389cb4834c556f4418d12ad2e6e86da0f46a,0142aebf95c49d9137de52a9e7a4fc098a0a6a56,2812006062d10e04141180a4291b663ef2edff7e,04a76c84423d9a4eb2f2010ef6692e347326cc00,2.19.0.dev0+04a76c84,0f82ea5319d53ec37fca894a6efb5549c2990c1efa62415dff5578929a86ccc0
nano,hybridep,attn,off,completed,,,nemorl,oci-hsg,direct-4n4g,performance,20,19,1,nano-ep8-v2,5893775,49.899361674906686,68.92372736963337,28.80128892697394,119.41305851693879,4.796839559916407,716.9824958790023,5.810248663881794,591.9281942921625,reported,1.0,1.0,0.0,1.0,0.0,0.0,48.0,48.0,1.0,55028.0,55072.0,65536.0,0.83966064453125,0.9992010459035444,0.0,0.000256853930750367,0.0023193612978502642,1.0402456019073725,0.0025890281231113477,0.0005850480492881616,0.9998582568950951,0.0,,,,,,0.03425169736146927,clear,2bc7389cb4834c556f4418d12ad2e6e86da0f46a,0142aebf95c49d9137de52a9e7a4fc098a0a6a56,2812006062d10e04141180a4291b663ef2edff7e,04a76c84423d9a4eb2f2010ef6692e347326cc00,2.19.0.dev0+04a76c84,0f82ea5319d53ec37fca894a6efb5549c2990c1efa62415dff5578929a86ccc0
nano,hybridep,attn,off,completed,,,nemorl,oci-hsg,direct-4n4g,performance,20,20,1,nano-ep8-v2,5893775,92.24195906193927,35.1487276828424,29.851473732851446,108.61063440335221,4.4205008840654045,733.4434682927279,3.505008848151192,925.0154965258293,reported,1.0,1.0,0.0,1.0,0.0,0.0,48.0,48.0,1.0,51875.0,51928.0,65536.0,0.7915496826171875,0.9989793560314282,0.1875,0.03542555961757898,0.002074391379210283,1.0366125907748938,0.002202229401518707,0.0005225370259722695,1.000005854293704,0.0,,,,,,1.0125725269317627,clear,2bc7389cb4834c556f4418d12ad2e6e86da0f46a,0142aebf95c49d9137de52a9e7a4fc098a0a6a56,2812006062d10e04141180a4291b663ef2edff7e,04a76c84423d9a4eb2f2010ef6692e347326cc00,2.19.0.dev0+04a76c84,0f82ea5319d53ec37fca894a6efb5549c2990c1efa62415dff5578929a86ccc0
nano,hybridep,"attn,mamba,moe_router",off,completed,,,nemorl,oci-hsg,direct-4n4g,performance,20,1,1,nano-ep8-v2,5894434,251.32001199101796,11.022301718253152,22.558881400997052,122.79531731912765,127.72043974301778,21.688971675744934,96.99189196698717,28.560376994634346,reported,0.0,0.0,0.0,1.0,0.0,0.0,0.0,312.0,0.0,44322.0,44368.0,49152.0,0.9017333984375,0.9989632167327804,0.0625,0.05961780106787273,0.002138610378096928,1.0405449157115072,0.002343984418985201,0.0005431483195934561,0.9995878289919347,0.0,,,,,,0.7362083196640015,clear,2bc7389cb4834c556f4418d12ad2e6e86da0f46a,0142aebf95c49d9137de52a9e7a4fc098a0a6a56,2812006062d10e04141180a4291b663ef2edff7e,04a76c84423d9a4eb2f2010ef6692e347326cc00,2.19.0.dev0+04a76c84,0f82ea5319d53ec37fca894a6efb5549c2990c1efa62415dff5578929a86ccc0
nano,hybridep,"attn,mamba,moe_router",off,completed,,,nemorl,oci-hsg,direct-4n4g,performance,20,2,1,nano-ep8-v2,5894434,48.91940458401223,63.884414100603536,27.808179433981422,112.38375052273435,3.2318871220049914,966.9853500518307,4.56077117100358,685.2322519203072,reported,0.0,0.0,0.0,1.0,0.0,0.0,0.0,416.0,0.0,50003.0,50048.0,65536.0,0.7629852294921875,0.9991008631713555,0.0,2.1444077169974207e-05,0.0017303077543147083,1.0358754994813353,0.0027573146362556145,0.00046254137828327657,1.0001447803806514,0.0,,,,,,0.011587812565267086,clear,2bc7389cb4834c556f4418d12ad2e6e86da0f46a,0142aebf95c49d9137de52a9e7a4fc098a0a6a56,2812006062d10e04141180a4291b663ef2edff7e,04a76c84423d9a4eb2f2010ef6692e347326cc00,2.19.0.dev0+04a76c84,0f82ea5319d53ec37fca894a6efb5549c2990c1efa62415dff5578929a86ccc0
nano,hybridep,"attn,mamba,moe_router",off,completed,,,nemorl,oci-hsg,direct-4n4g,performance,20,3,1,nano-ep8-v2,5894434,46.39205173699884,65.44898072655114,29.15532760298811,104.14263016851886,2.818023544998141,1077.4617214924665,4.834423793014139,628.0608879154422,reported,0.0,0.0,0.0,1.0,0.0,0.0,0.0,416.0,0.0,48581.0,48640.0,65536.0,0.7412872314453125,0.9987870065789474,0.0,1.9583538367839992e-05,0.002409169734619354,5.3114508712315,4.273998758788366,0.000676664880302269,1.00039370849845,0.0,,,,,,0.013223914429545403,clear,2bc7389cb4834c556f4418d12ad2e6e86da0f46a,0142aebf95c49d9137de52a9e7a4fc098a0a6a56,2812006062d10e04141180a4291b663ef2edff7e,04a76c84423d9a4eb2f2010ef6692e347326cc00,2.19.0.dev0+04a76c84,0f82ea5319d53ec37fca894a6efb5549c2990c1efa62415dff5578929a86ccc0
nano,hybridep,"attn,mamba,moe_router",off,completed,,,nemorl,oci-hsg,direct-4n4g,performance,20,4,1,nano-ep8-v2,5894434,45.82722400399507,62.968847943930335,27.961062252987176,103.20378653324275,5.7762362050125375,499.5792065248025,2.984961217996897,966.7420409356218,reported,1.0,1.0,0.0,1.0,0.0,0.0,312.0,312.0,1.0,46171.0,46224.0,49152.0,0.9393513997395834,0.9988534094842506,0.0,2.2844774239416665e-05,0.002091715280812423,1.0408989050119999,0.002375652346700008,0.0005366054173521206,0.99999205316999,0.0,,,,,,0.01924043521285057,clear,2bc7389cb4834c556f4418d12ad2e6e86da0f46a,0142aebf95c49d9137de52a9e7a4fc098a0a6a56,2812006062d10e04141180a4291b663ef2edff7e,04a76c84423d9a4eb2f2010ef6692e347326cc00,2.19.0.dev0+04a76c84,0f82ea5319d53ec37fca894a6efb5549c2990c1efa62415dff5578929a86ccc0
nano,hybridep,"attn,mamba,moe_router",off,completed,,,nemorl,oci-hsg,direct-4n4g,performance,20,5,1,nano-ep8-v2,5894434,43.63136049199966,55.55350492553279,25.238524798012804,96.03869558140133,5.628464111010544,430.64590129629755,3.2613658479822334,743.2085552436938,reported,1.0,1.0,0.0,1.0,0.0,0.0,312.0,312.0,1.0,38782.0,38832.0,49152.0,0.7890218098958334,0.9987124021425628,0.1875,0.1859721882356098,0.0020959348034921277,1.039575503906235,0.00296717045364403,0.0005532823170142365,0.9997551703127101,0.0,,,,,,1.3457026481628418,clear,2bc7389cb4834c556f4418d12ad2e6e86da0f46a,0142aebf95c49d9137de52a9e7a4fc098a0a6a56,2812006062d10e04141180a4291b663ef2edff7e,04a76c84423d9a4eb2f2010ef6692e347326cc00,2.19.0.dev0+04a76c84,0f82ea5319d53ec37fca894a6efb5549c2990c1efa62415dff5578929a86ccc0
nano,hybridep,"attn,mamba,moe_router",off,completed,,,nemorl,oci-hsg,direct-4n4g,performance,20,6,1,nano-ep8-v2,5894434,45.72744643801707,85.37952158102843,26.624774411000544,146.63739266789463,6.4158551689761225,608.5217632216364,3.531086747010704,1105.6617352448648,reported,1.0,1.0,0.0,1.0,0.0,0.0,416.0,416.0,1.0,62467.0,62504.0,65536.0,0.9531707763671875,0.9994080378855753,0.0,2.4312959283179225e-05,0.002170948188904731,1.0401018904522061,0.0023314698446483817,0.0005468084484618885,1.000209168996662,0.0,,,,,,0.01714213751256466,clear,2bc7389cb4834c556f4418d12ad2e6e86da0f46a,0142aebf95c49d9137de52a9e7a4fc098a0a6a56,2812006062d10e04141180a4291b663ef2edff7e,04a76c84423d9a4eb2f2010ef6692e347326cc00,2.19.0.dev0+04a76c84,0f82ea5319d53ec37fca894a6efb5549c2990c1efa62415dff5578929a86ccc0
nano,hybridep,"attn,mamba,moe_router",off,completed,,,nemorl,oci-hsg,direct-4n4g,performance,20,7,1,nano-ep8-v2,5894434,49.34063591301674,61.69357049565206,29.86917399900267,101.91108733377224,6.621423343021888,459.7198883542126,3.691137390997028,824.678053822801,reported,1.0,1.0,0.0,1.0,0.0,0.0,416.0,416.0,1.0,48704.0,48752.0,65536.0,0.7431640625,0.9990154250082048,0.125,-0.09201144829944496,0.0023452357381756883,1.042359669925645,0.0024451643657812383,0.0005869246242582449,0.9999524471350014,0.0,,,,,,1.7429003715515137,clear,2bc7389cb4834c556f4418d12ad2e6e86da0f46a,0142aebf95c49d9137de52a9e7a4fc098a0a6a56,2812006062d10e04141180a4291b663ef2edff7e,04a76c84423d9a4eb2f2010ef6692e347326cc00,2.19.0.dev0+04a76c84,0f82ea5319d53ec37fca894a6efb5549c2990c1efa62415dff5578929a86ccc0
nano,hybridep,"attn,mamba,moe_router",off,completed,,,nemorl,oci-hsg,direct-4n4g,performance,20,8,1,nano-ep8-v2,5894434,51.95078392801224,43.26931818997883,25.04053725299309,89.7694397404078,6.078135920019122,369.82966975061134,8.042331533011748,279.5053885521927,reported,1.0,1.0,0.0,1.0,0.0,0.0,312.0,312.0,1.0,35966.0,36016.0,49152.0,0.7317301432291666,0.9986117281208352,0.0,3.38628322118506e-05,0.0018850032622594881,1.0365259851241717,0.0022140449426615305,0.00048699900580118083,1.000070223966759,0.0,,,,,,0.03956891968846321,clear,2bc7389cb4834c556f4418d12ad2e6e86da0f46a,0142aebf95c49d9137de52a9e7a4fc098a0a6a56,2812006062d10e04141180a4291b663ef2edff7e,04a76c84423d9a4eb2f2010ef6692e347326cc00,2.19.0.dev0+04a76c84,0f82ea5319d53ec37fca894a6efb5549c2990c1efa62415dff5578929a86ccc0
nano,hybridep,"attn,mamba,moe_router",off,completed,,,nemorl,oci-hsg,direct-4n4g,performance,20,9,1,nano-ep8-v2,5894434,50.271795405016746,55.72085654455187,31.25815099000465,89.61462566662146,5.874025142984465,476.877002023995,3.431459355982952,816.3254200041637,reported,1.0,1.0,0.0,1.0,0.0,0.0,312.0,312.0,1.0,44819.0,44872.0,49152.0,0.9118448893229166,0.9988188625423426,0.1875,-0.1481515963532729,0.0021769092736576567,1.0411460107425228,0.002535100159548165,0.0005391674128532031,1.0000571019772906,0.0,,,,,,1.3880980014801025,clear,2bc7389cb4834c556f4418d12ad2e6e86da0f46a,0142aebf95c49d9137de52a9e7a4fc098a0a6a56,2812006062d10e04141180a4291b663ef2edff7e,04a76c84423d9a4eb2f2010ef6692e347326cc00,2.19.0.dev0+04a76c84,0f82ea5319d53ec37fca894a6efb5549c2990c1efa62415dff5578929a86ccc0
nano,hybridep,"attn,mamba,moe_router",off,completed,,,nemorl,oci-hsg,direct-4n4g,performance,20,10,1,nano-ep8-v2,5894434,90.16310540499398,31.936566371198982,25.934947136003757,111.02779523319646,5.785218044999056,497.7340486741274,3.4545854320167564,833.5298277220411,reported,1.0,1.0,0.0,1.0,0.0,0.0,312.0,312.0,1.0,46072.0,46128.0,49152.0,0.9373372395833334,0.9987859868192854,0.0625,0.10518389379192783,0.002402173635005056,1.0435146589297801,0.00307307532420964,0.0006255487091095802,1.0001168345334008,0.0,,,,,,0.5607304573059082,clear,2bc7389cb4834c556f4418d12ad2e6e86da0f46a,0142aebf95c49d9137de52a9e7a4fc098a0a6a56,2812006062d10e04141180a4291b663ef2edff7e,04a76c84423d9a4eb2f2010ef6692e347326cc00,2.19.0.dev0+04a76c84,0f82ea5319d53ec37fca894a6efb5549c2990c1efa62415dff5578929a86ccc0
nano,hybridep,"attn,mamba,moe_router",off,completed,,,nemorl,oci-hsg,direct-4n4g,performance,20,11,1,nano-ep8-v2,5894434,41.887913938000565,65.59171230313949,27.161612466996303,101.15378839671058,5.954248288995586,461.4352419730001,3.6455952289979905,753.6492197887706,reported,1.0,1.0,0.0,1.0,0.0,0.0,312.0,312.0,1.0,43960.0,44016.0,49152.0,0.8943684895833334,0.9987277353689568,0.0625,0.10341094028615316,0.0025047787530638743,1.0417496621375903,0.002852958824405505,0.0006461237949224596,1.0001734960824251,0.0,,,,,,0.5769413709640503,clear,2bc7389cb4834c556f4418d12ad2e6e86da0f46a,0142aebf95c49d9137de52a9e7a4fc098a0a6a56,2812006062d10e04141180a4291b663ef2edff7e,04a76c84423d9a4eb2f2010ef6692e347326cc00,2.19.0.dev0+04a76c84,0f82ea5319d53ec37fca894a6efb5549c2990c1efa62415dff5578929a86ccc0
nano,hybridep,"attn,mamba,moe_router",off,completed,,,nemorl,oci-hsg,direct-4n4g,performance,20,12,1,nano-ep8-v2,5894434,31.596655081986682,67.02054361467086,13.896205999015365,152.38871675837615,5.6984902060066815,371.61158893768874,3.2281715520075522,655.9827957975407,reported,1.0,1.0,0.0,1.0,0.0,0.0,312.0,312.0,1.0,33882.0,33936.0,49152.0,0.6893310546875,0.9984087694483734,0.0,0.0001995405617662982,0.002569417861650436,1.0432909490191378,0.0035849072664859705,0.0006689392541829875,1.0000603997614235,0.0,,,,,,0.07066543400287628,clear,2bc7389cb4834c556f4418d12ad2e6e86da0f46a,0142aebf95c49d9137de52a9e7a4fc098a0a6a56,2812006062d10e04141180a4291b663ef2edff7e,04a76c84423d9a4eb2f2010ef6692e347326cc00,2.19.0.dev0+04a76c84,0f82ea5319d53ec37fca894a6efb5549c2990c1efa62415dff5578929a86ccc0
nano,hybridep,"attn,mamba,moe_router",off,completed,,,nemorl,oci-hsg,direct-4n4g,performance,20,13,1,nano-ep8-v2,5894434,36.47388687799685,57.17960652167652,18.327220295992447,113.7958984678131,5.712764255993534,365.07063945653573,3.411788821016671,611.2812396690274,reported,1.0,1.0,0.0,1.0,0.0,0.0,312.0,312.0,1.0,33369.0,33440.0,49152.0,0.67889404296875,0.9978767942583732,0.0625,0.05300576689546688,0.002958349405162153,1.04509570566006,0.0032279687729896978,0.0007271996132658387,0.9998613058123738,0.0,,,,,,0.5007994174957275,clear,2bc7389cb4834c556f4418d12ad2e6e86da0f46a,0142aebf95c49d9137de52a9e7a4fc098a0a6a56,2812006062d10e04141180a4291b663ef2edff7e,04a76c84423d9a4eb2f2010ef6692e347326cc00,2.19.0.dev0+04a76c84,0f82ea5319d53ec37fca894a6efb5549c2990c1efa62415dff5578929a86ccc0
nano,hybridep,"attn,mamba,moe_router",off,completed,,,nemorl,oci-hsg,direct-4n4g,performance,20,14,1,nano-ep8-v2,5894434,46.334341740992386,52.03214094368106,25.51892612699885,94.4739989450148,6.853946133021964,351.74991942007347,3.349076326005161,719.8626622152071,reported,1.0,1.0,0.0,1.0,0.0,0.0,312.0,312.0,1.0,38574.0,38624.0,49152.0,0.7847900390625,0.9987054681027341,0.0,0.00034899883621619665,0.002313686758498079,1.0411572551820427,0.0030350319502758794,0.0006014972759658122,1.000447308178991,0.0,,,,,,0.038295917212963104,clear,2bc7389cb4834c556f4418d12ad2e6e86da0f46a,0142aebf95c49d9137de52a9e7a4fc098a0a6a56,2812006062d10e04141180a4291b663ef2edff7e,04a76c84423d9a4eb2f2010ef6692e347326cc00,2.19.0.dev0+04a76c84,0f82ea5319d53ec37fca894a6efb5549c2990c1efa62415dff5578929a86ccc0
nano,hybridep,"attn,mamba,moe_router",off,completed,,,nemorl,oci-hsg,direct-4n4g,performance,20,15,1,nano-ep8-v2,5894434,44.508655148994876,65.91976302537772,25.626796636002837,114.48953381391617,5.688403857988305,515.7861630868108,3.371264062996488,870.296703306049,reported,1.0,1.0,0.0,1.0,0.0,0.0,312.0,312.0,1.0,46944.0,46984.0,49152.0,0.955078125,0.9991486463476928,0.0625,0.15244651289503963,0.0015370641303888988,1.0309848755132407,0.0018344445570619428,0.0003978235604336078,1.0001649230252951,0.0,,,,,,0.35684847831726074,clear,2bc7389cb4834c556f4418d12ad2e6e86da0f46a,0142aebf95c49d9137de52a9e7a4fc098a0a6a56,2812006062d10e04141180a4291b663ef2edff7e,04a76c84423d9a4eb2f2010ef6692e347326cc00,2.19.0.dev0+04a76c84,0f82ea5319d53ec37fca894a6efb5549c2990c1efa62415dff5578929a86ccc0
nano,hybridep,"attn,mamba,moe_router",off,completed,,,nemorl,oci-hsg,direct-4n4g,performance,20,16,1,nano-ep8-v2,5894434,48.49927493999712,49.608989061726845,30.491621947992826,78.90692086185923,5.730185853986768,419.8816689908983,3.475689978018636,692.2366537914215,reported,1.0,1.0,0.0,1.0,0.0,0.0,312.0,312.0,1.0,38496.0,38560.0,49152.0,0.783203125,0.9983402489626556,0.125,0.25545256029249686,0.0018518515166761063,1.0337671071756631,0.0020149354782006412,0.00046837427373702667,1.0002535169478506,0.0,,,,,,0.5409553647041321,clear,2bc7389cb4834c556f4418d12ad2e6e86da0f46a,0142aebf95c49d9137de52a9e7a4fc098a0a6a56,2812006062d10e04141180a4291b663ef2edff7e,04a76c84423d9a4eb2f2010ef6692e347326cc00,2.19.0.dev0+04a76c84,0f82ea5319d53ec37fca894a6efb5549c2990c1efa62415dff5578929a86ccc0
nano,hybridep,"attn,mamba,moe_router",off,completed,,,nemorl,oci-hsg,direct-4n4g,performance,20,17,1,nano-ep8-v2,5894434,44.141707456990844,53.220641777144095,25.431792399002006,92.37453511503928,5.480967340990901,428.6195946526623,3.2346541449951474,726.2754825380332,reported,1.0,1.0,0.0,1.0,0.0,0.0,312.0,312.0,1.0,37588.0,37648.0,49152.0,0.7647298177083334,0.9984062898427539,0.3125,-0.32811893592588603,0.001130997958171065,1.0207453882321715,0.0014046161686565029,0.000294801463951444,0.9998758272267878,0.0,,,,,,1.217212438583374,clear,2bc7389cb4834c556f4418d12ad2e6e86da0f46a,0142aebf95c49d9137de52a9e7a4fc098a0a6a56,2812006062d10e04141180a4291b663ef2edff7e,04a76c84423d9a4eb2f2010ef6692e347326cc00,2.19.0.dev0+04a76c84,0f82ea5319d53ec37fca894a6efb5549c2990c1efa62415dff5578929a86ccc0
nano,hybridep,"attn,mamba,moe_router",off,completed,,,nemorl,oci-hsg,direct-4n4g,performance,20,18,1,nano-ep8-v2,5894434,45.199582982982974,62.09819460185565,26.404730336013017,106.29960860353232,5.792535004991805,484.55684731834793,3.3719842779973987,832.3919296761813,reported,1.0,1.0,0.0,1.0,0.0,0.0,312.0,312.0,1.0,44909.0,44968.0,49152.0,0.9136759440104166,0.9986879558797367,0.0625,0.12545329123656757,0.0019000314259756124,1.0360138108953834,0.0022491720851576247,0.0004911416298227778,0.9997209140565246,0.0,,,,,,0.22621729969978333,clear,2bc7389cb4834c556f4418d12ad2e6e86da0f46a,0142aebf95c49d9137de52a9e7a4fc098a0a6a56,2812006062d10e04141180a4291b663ef2edff7e,04a76c84423d9a4eb2f2010ef6692e347326cc00,2.19.0.dev0+04a76c84,0f82ea5319d53ec37fca894a6efb5549c2990c1efa62415dff5578929a86ccc0
nano,hybridep,"attn,mamba,moe_router",off,completed,,,nemorl,oci-hsg,direct-4n4g,performance,20,19,1,nano-ep8-v2,5894434,45.89911755901994,61.85304099473017,27.91915186602273,101.68647004836234,5.385185020015342,527.187086320743,3.240709259000141,876.0427959143484,reported,1.0,1.0,0.0,1.0,0.0,0.0,312.0,312.0,1.0,45424.0,45472.0,49152.0,0.9241536458333334,0.9989444053483463,0.125,0.09360320551218138,0.001719513589705457,1.0585034247487783,0.024722160311284824,0.0004589307835658474,1.0000947266817093,0.0,,,,,,0.4422900676727295,clear,2bc7389cb4834c556f4418d12ad2e6e86da0f46a,0142aebf95c49d9137de52a9e7a4fc098a0a6a56,2812006062d10e04141180a4291b663ef2edff7e,04a76c84423d9a4eb2f2010ef6692e347326cc00,2.19.0.dev0+04a76c84,0f82ea5319d53ec37fca894a6efb5549c2990c1efa62415dff5578929a86ccc0
nano,hybridep,"attn,mamba,moe_router",off,completed,,,nemorl,oci-hsg,direct-4n4g,performance,20,20,1,nano-ep8-v2,5894434,97.22991909197299,28.995061667522705,29.442953129007947,95.75084019756376,5.662729901989223,497.8495440882084,3.2977584679902066,854.8799214267902,reported,1.0,1.0,0.0,1.0,0.0,0.0,312.0,312.0,1.0,45107.0,45144.0,49152.0,0.9177042643229166,0.99918040049619,0.1875,-0.17990395151389293,0.0013155579116670424,1.0272174143756274,0.0013511598113069567,0.0003302533224882609,1.0002605814479466,0.0,,,,,,0.5512419939041138,clear,2bc7389cb4834c556f4418d12ad2e6e86da0f46a,0142aebf95c49d9137de52a9e7a4fc098a0a6a56,2812006062d10e04141180a4291b663ef2edff7e,04a76c84423d9a4eb2f2010ef6692e347326cc00,2.19.0.dev0+04a76c84,0f82ea5319d53ec37fca894a6efb5549c2990c1efa62415dff5578929a86ccc0
nano,hybridep,"attn,mamba,moe_router,moe_preprocess",off,completed,,,nemorl,oci-hsg,direct-4n4g,performance,20,1,1,nano-ep8-v2,5894286,253.94123112014495,12.98454955682235,25.831654970068485,127.64619625883994,127.15139975794591,25.932176179554368,96.83956120582297,34.04923007645487,reported,0.0,0.0,0.0,1.0,0.0,0.0,0.0,416.0,0.0,52757.0,52824.0,65536.0,0.8050079345703125,0.9987316371346358,0.0,2.968961826610439e-06,0.0022406769157896633,1.04128850530833,0.002894714491048944,0.0005727071695673658,0.9999112464138307,0.0,,,,,,0.0014457337092608213,clear,2bc7389cb4834c556f4418d12ad2e6e86da0f46a,0142aebf95c49d9137de52a9e7a4fc098a0a6a56,2812006062d10e04141180a4291b663ef2edff7e,04a76c84423d9a4eb2f2010ef6692e347326cc00,2.19.0.dev0+04a76c84,0f82ea5319d53ec37fca894a6efb5549c2990c1efa62415dff5578929a86ccc0
nano,hybridep,"attn,mamba,moe_router,moe_preprocess",off,completed,,,nemorl,oci-hsg,direct-4n4g,performance,20,2,1,nano-ep8-v2,5894286,42.81416449602693,72.28478089972285,27.272137076128274,113.4789140785354,3.473920600954443,890.8702458973055,3.399541541002691,910.3617245657156,reported,0.0,0.0,0.0,1.0,0.0,0.0,0.0,416.0,0.0,49517.0,49576.0,65536.0,0.7555694580078125,0.9988099080200097,0.0,1.8600244914068753e-05,0.0019393534148548497,1.035338960122317,0.003129792181425728,0.0005158274427685683,0.9997127363458276,0.0,,,,,,0.010242659598588943,clear,2bc7389cb4834c556f4418d12ad2e6e86da0f46a,0142aebf95c49d9137de52a9e7a4fc098a0a6a56,2812006062d10e04141180a4291b663ef2edff7e,04a76c84423d9a4eb2f2010ef6692e347326cc00,2.19.0.dev0+04a76c84,0f82ea5319d53ec37fca894a6efb5549c2990c1efa62415dff5578929a86ccc0
nano,hybridep,"attn,mamba,moe_router,moe_preprocess",off,completed,,,nemorl,oci-hsg,direct-4n4g,performance,20,3,1,nano-ep8-v2,5894286,31.415796406799927,85.35117064291957,16.222091258969158,165.29157413767314,2.6810296459589154,1000.1288139583257,2.9746683510020375,901.4030082031701,reported,0.0,0.0,0.0,1.0,0.0,0.0,0.0,312.0,0.0,42902.0,42960.0,49152.0,0.8728434244791666,0.9986499068901303,0.125,-0.21714220944595652,0.0020391634234329103,1.0393130482989363,0.002234930538406843,0.0005105293856786375,0.999874266795814,0.0,,,,,,1.130265474319458,clear,2bc7389cb4834c556f4418d12ad2e6e86da0f46a,0142aebf95c49d9137de52a9e7a4fc098a0a6a56,2812006062d10e04141180a4291b663ef2edff7e,04a76c84423d9a4eb2f2010ef6692e347326cc00,2.19.0.dev0+04a76c84,0f82ea5319d53ec37fca894a6efb5549c2990c1efa62415dff5578929a86ccc0
nano,hybridep,"attn,mamba,moe_router,moe_preprocess",off,completed,,,nemorl,oci-hsg,direct-4n4g,performance,20,4,1,nano-ep8-v2,5894286,33.48482325789519,77.32047680405601,16.002673002891243,161.7893772829219,5.709619467146695,453.4562267936657,3.1673640380613506,817.4186701900828,reported,1.0,1.0,0.0,1.0,0.0,0.0,312.0,312.0,1.0,41425.0,41480.0,49152.0,0.8427937825520834,0.9986740597878495,0.0,1.941231711555247e-05,0.001914151294840849,1.037657840643078,0.002083449155179551,0.0004862681096255983,0.9999599732691422,0.0,,,,,,0.008283971808850765,clear,2bc7389cb4834c556f4418d12ad2e6e86da0f46a,0142aebf95c49d9137de52a9e7a4fc098a0a6a56,2812006062d10e04141180a4291b663ef2edff7e,04a76c84423d9a4eb2f2010ef6692e347326cc00,2.19.0.dev0+04a76c84,0f82ea5319d53ec37fca894a6efb5549c2990c1efa62415dff5578929a86ccc0
nano,hybridep,"attn,mamba,moe_router,moe_preprocess",off,completed,,,nemorl,oci-hsg,direct-4n4g,performance,20,5,1,nano-ep8-v2,5894286,51.64967365283519,70.86443613567897,31.3049729031045,116.9183251277316,7.298360640183091,501.4996079870588,4.635028626071289,789.6661046303764,reported,1.0,1.0,0.0,1.0,0.0,0.0,416.0,416.0,1.0,58562.0,58608.0,65536.0,0.893585205078125,0.9992151242151243,0.1875,-0.11185322486066696,0.0018923337129308493,1.0376645671203732,0.002174819524952909,0.0004792099045971554,0.9999986924231052,0.0,,,,,,1.169358730316162,clear,2bc7389cb4834c556f4418d12ad2e6e86da0f46a,0142aebf95c49d9137de52a9e7a4fc098a0a6a56,2812006062d10e04141180a4291b663ef2edff7e,04a76c84423d9a4eb2f2010ef6692e347326cc00,2.19.0.dev0+04a76c84,0f82ea5319d53ec37fca894a6efb5549c2990c1efa62415dff5578929a86ccc0
nano,hybridep,"attn,mamba,moe_router,moe_preprocess",off,completed,,,nemorl,oci-hsg,direct-4n4g,performance,20,6,1,nano-ep8-v2,5894286,45.17612112802453,85.7491170838242,27.18183407606557,142.51475780330105,5.922803549095988,654.0504792854846,3.6994198879692703,1047.1405294105339,reported,1.0,1.0,0.0,1.0,0.0,0.0,416.0,416.0,1.0,61981.0,62008.0,65536.0,0.9457550048828125,0.9995645723132499,0.0,2.1366562748426077e-05,0.0019009793359145988,1.0388971250504255,0.0023043552282615565,0.0004887136319666752,1.0000462289899588,0.0,,,,,,0.02623739466071129,clear,2bc7389cb4834c556f4418d12ad2e6e86da0f46a,0142aebf95c49d9137de52a9e7a4fc098a0a6a56,2812006062d10e04141180a4291b663ef2edff7e,04a76c84423d9a4eb2f2010ef6692e347326cc00,2.19.0.dev0+04a76c84,0f82ea5319d53ec37fca894a6efb5549c2990c1efa62415dff5578929a86ccc0
nano,hybridep,"attn,mamba,moe_router,moe_preprocess",off,completed,,,nemorl,oci-hsg,direct-4n4g,performance,20,7,1,nano-ep8-v2,5894286,35.69737182999961,64.54781912161921,17.85592153389007,129.0433258024075,5.389246512902901,427.5528117860871,3.307551681995392,696.644443242659,reported,1.0,1.0,0.0,1.0,0.0,0.0,312.0,312.0,1.0,36867.0,36920.0,49152.0,0.75006103515625,0.9985644637053088,0.0,3.24367385928781e-05,0.0023269443390745437,1.042378217447549,0.004607270784617867,0.0006167844776427955,0.9999580797739327,0.0,,,,,,0.05491539090871811,clear,2bc7389cb4834c556f4418d12ad2e6e86da0f46a,0142aebf95c49d9137de52a9e7a4fc098a0a6a56,2812006062d10e04141180a4291b663ef2edff7e,04a76c84423d9a4eb2f2010ef6692e347326cc00,2.19.0.dev0+04a76c84,0f82ea5319d53ec37fca894a6efb5549c2990c1efa62415dff5578929a86ccc0
nano,hybridep,"attn,mamba,moe_router,moe_preprocess",off,completed,,,nemorl,oci-hsg,direct-4n4g,performance,20,8,1,nano-ep8-v2,5894286,33.795352407032624,63.44807339703295,13.843743322882801,154.88946522547084,5.45519942115061,393.065373868172,5.813985197106376,368.8089885518103,reported,1.0,1.0,0.0,1.0,0.0,0.0,312.0,312.0,1.0,34308.0,34368.0,49152.0,0.697998046875,0.9982541899441341,0.0625,0.019403763883481417,0.002818470653892291,1.0804284782498144,0.040932388880264625,0.0007737729357586431,0.9992901140794856,0.0,,,,,,1.1131048202514648,clear,2bc7389cb4834c556f4418d12ad2e6e86da0f46a,0142aebf95c49d9137de52a9e7a4fc098a0a6a56,2812006062d10e04141180a4291b663ef2edff7e,04a76c84423d9a4eb2f2010ef6692e347326cc00,2.19.0.dev0+04a76c84,0f82ea5319d53ec37fca894a6efb5549c2990c1efa62415dff5578929a86ccc0
nano,hybridep,"attn,mamba,moe_router,moe_preprocess",off,completed,,,nemorl,oci-hsg,direct-4n4g,performance,20,9,1,nano-ep8-v2,5894286,34.8789000059478,75.00415722840715,15.840994170866907,165.14509580536225,5.860739406896755,446.3707253254582,3.3123954529874027,789.7796435025928,reported,1.0,1.0,0.0,1.0,0.0,0.0,312.0,312.0,1.0,41857.0,41920.0,49152.0,0.8515828450520834,0.9984971374045801,0.0625,0.05454584625275061,0.0017078526852856157,1.034921831684187,0.0017939066692633787,0.0004282725190023484,1.0001436555758119,0.0,,,,,,0.782746434211731,clear,2bc7389cb4834c556f4418d12ad2e6e86da0f46a,0142aebf95c49d9137de52a9e7a4fc098a0a6a56,2812006062d10e04141180a4291b663ef2edff7e,04a76c84423d9a4eb2f2010ef6692e347326cc00,2.19.0.dev0+04a76c84,0f82ea5319d53ec37fca894a6efb5549c2990c1efa62415dff5578929a86ccc0
nano,hybridep,"attn,mamba,moe_router,moe_preprocess",off,completed,,,nemorl,oci-hsg,direct-4n4g,performance,20,10,1,nano-ep8-v2,5894286,88.26025877706707,29.933489167227126,26.25691001303494,100.61875135682152,5.500259313965216,480.3296261490968,3.3271324299275875,794.0584138568538,reported,1.0,1.0,0.0,1.0,0.0,0.0,312.0,312.0,1.0,42271.0,42328.0,49152.0,0.8600056966145834,0.9986533736533737,0.0625,0.18951529592774818,0.003071395082770323,1.04718103306368,0.004574376025630045,0.0007688339694595925,0.9999459590762854,0.0,,,,,,0.8189812302589417,clear,2bc7389cb4834c556f4418d12ad2e6e86da0f46a,0142aebf95c49d9137de52a9e7a4fc098a0a6a56,2812006062d10e04141180a4291b663ef2edff7e,04a76c84423d9a4eb2f2010ef6692e347326cc00,2.19.0.dev0+04a76c84,0f82ea5319d53ec37fca894a6efb5549c2990c1efa62415dff5578929a86ccc0
nano,hybridep,"attn,mamba,moe_router,moe_preprocess",off,completed,,,nemorl,oci-hsg,direct-4n4g,performance,20,11,1,nano-ep8-v2,5894286,39.226073783123866,67.04724042841877,25.055147181963548,104.96845142834597,5.761824027867988,456.45267666620543,3.313415431883186,793.742907904921,reported,1.0,1.0,0.0,1.0,0.0,0.0,312.0,312.0,1.0,42080.0,42136.0,49152.0,0.8561197916666666,0.99867097019176,0.125,-0.16962600688748353,0.002693894064577762,1.3120008809491992,0.27311451597779524,0.0007344057448790409,0.9993537762202322,0.0,,,,,,2.179975986480713,clear,2bc7389cb4834c556f4418d12ad2e6e86da0f46a,0142aebf95c49d9137de52a9e7a4fc098a0a6a56,2812006062d10e04141180a4291b663ef2edff7e,04a76c84423d9a4eb2f2010ef6692e347326cc00,2.19.0.dev0+04a76c84,0f82ea5319d53ec37fca894a6efb5549c2990c1efa62415dff5578929a86ccc0
nano,hybridep,"attn,mamba,moe_router,moe_preprocess",off,completed,,,nemorl,oci-hsg,direct-4n4g,performance,20,12,1,nano-ep8-v2,5894286,45.38469638186507,78.08937334691844,27.31599782803096,129.74310959869737,6.262659403029829,565.9037593973909,3.623588277027011,978.0533076753802,reported,1.0,1.0,0.0,1.0,0.0,0.0,416.0,416.0,1.0,56705.0,56768.0,65536.0,0.8652496337890625,0.9988902198421646,0.0,0.00012484290454040092,0.0028401207837305265,1.047368073835969,0.00303277409329894,0.0007168681513576303,0.9998972350731492,0.0,,,,,,0.0659739151597023,clear,2bc7389cb4834c556f4418d12ad2e6e86da0f46a,0142aebf95c49d9137de52a9e7a4fc098a0a6a56,2812006062d10e04141180a4291b663ef2edff7e,04a76c84423d9a4eb2f2010ef6692e347326cc00,2.19.0.dev0+04a76c84,0f82ea5319d53ec37fca894a6efb5549c2990c1efa62415dff5578929a86ccc0
nano,hybridep,"attn,mamba,moe_router,moe_preprocess",off,completed,,,nemorl,oci-hsg,direct-4n4g,performance,20,13,1,nano-ep8-v2,5894286,45.31303291791119,53.974537622116486,28.018649879842997,87.2900732365233,5.378890383988619,454.6941516563121,3.407916185911745,717.6672977201376,reported,1.0,1.0,0.0,1.0,0.0,0.0,312.0,312.0,1.0,39132.0,39184.0,49152.0,0.796142578125,0.9986729277256022,0.0,0.00046930034233128026,0.011588578781015713,1.0941605709813302,0.018540215444318164,0.0029799766689393437,0.9996022667037323,0.0,,,,,,0.31311023235321045,clear,2bc7389cb4834c556f4418d12ad2e6e86da0f46a,0142aebf95c49d9137de52a9e7a4fc098a0a6a56,2812006062d10e04141180a4291b663ef2edff7e,04a76c84423d9a4eb2f2010ef6692e347326cc00,2.19.0.dev0+04a76c84,0f82ea5319d53ec37fca894a6efb5549c2990c1efa62415dff5578929a86ccc0
nano,hybridep,"attn,mamba,moe_router,moe_preprocess",off,completed,,,nemorl,oci-hsg,direct-4n4g,performance,20,14,1,nano-ep8-v2,5894286,46.640467597870156,73.14999560930212,28.22884889622219,120.86040109331513,6.486973004881293,525.9386770120269,3.610315596917644,945.0004877448464,reported,1.0,1.0,0.0,1.0,0.0,0.0,416.0,416.0,1.0,54588.0,54632.0,65536.0,0.83294677734375,0.9991946112168693,0.0,0.0003998104853053519,0.0038345420252881013,1.0547094400972128,0.005159776890650392,0.0009927597238856833,0.9998118337243795,0.0,,,,,,0.28600379824638367,clear,2bc7389cb4834c556f4418d12ad2e6e86da0f46a,0142aebf95c49d9137de52a9e7a4fc098a0a6a56,2812006062d10e04141180a4291b663ef2edff7e,04a76c84423d9a4eb2f2010ef6692e347326cc00,2.19.0.dev0+04a76c84,0f82ea5319d53ec37fca894a6efb5549c2990c1efa62415dff5578929a86ccc0
nano,hybridep,"attn,mamba,moe_router,moe_preprocess",off,completed,,,nemorl,oci-hsg,direct-4n4g,performance,20,15,1,nano-ep8-v2,5894286,43.7245911990758,60.33932914290495,25.611708634067327,103.01196760026613,5.599684176035225,471.1538038682779,3.4448786969296634,765.8651384013793,reported,1.0,1.0,0.0,1.0,0.0,0.0,312.0,312.0,1.0,42213.0,42272.0,49152.0,0.85882568359375,0.9986042770628312,0.0625,0.08785067108692601,0.0026900149855464406,1.0459112864919007,0.002883806381305476,0.0006688592122827686,0.9996205803472549,0.0,,,,,,0.6669208407402039,clear,2bc7389cb4834c556f4418d12ad2e6e86da0f46a,0142aebf95c49d9137de52a9e7a4fc098a0a6a56,2812006062d10e04141180a4291b663ef2edff7e,04a76c84423d9a4eb2f2010ef6692e347326cc00,2.19.0.dev0+04a76c84,0f82ea5319d53ec37fca894a6efb5549c2990c1efa62415dff5578929a86ccc0
nano,hybridep,"attn,mamba,moe_router,moe_preprocess",off,completed,,,nemorl,oci-hsg,direct-4n4g,performance,20,16,1,nano-ep8-v2,5894286,45.910614741034806,59.25917166097781,27.6868786518462,98.26405620550459,5.897616161033511,461.30926898491674,3.3992531718686223,800.3596267895604,reported,1.0,1.0,0.0,1.0,0.0,0.0,312.0,312.0,1.0,43530.0,43584.0,49152.0,0.8856201171875,0.9987610132158591,0.0,0.0003590972322502495,0.006332748186537174,1.079183209069015,0.020723613898780968,0.001693292634001864,1.0002394427410763,0.0,,,,,,0.26905789971351624,clear,2bc7389cb4834c556f4418d12ad2e6e86da0f46a,0142aebf95c49d9137de52a9e7a4fc098a0a6a56,2812006062d10e04141180a4291b663ef2edff7e,04a76c84423d9a4eb2f2010ef6692e347326cc00,2.19.0.dev0+04a76c84,0f82ea5319d53ec37fca894a6efb5549c2990c1efa62415dff5578929a86ccc0
nano,hybridep,"attn,mamba,moe_router,moe_preprocess",off,completed,,,nemorl,oci-hsg,direct-4n4g,performance,20,17,1,nano-ep8-v2,5894286,44.75000519794412,53.564239588292196,27.116693807998672,88.39573205244334,5.434585083974525,441.0640302731225,3.7005365260411054,647.743910411918,reported,1.0,1.0,0.0,1.0,0.0,0.0,312.0,312.0,1.0,38352.0,38400.0,49152.0,0.7802734375,0.99875,0.125,-0.1254077853770923,0.0024641433071792562,1.0377051609102637,0.002749347251437939,0.0006290572472948952,0.9996505193412304,0.0,,,,,,1.395377516746521,clear,2bc7389cb4834c556f4418d12ad2e6e86da0f46a,0142aebf95c49d9137de52a9e7a4fc098a0a6a56,2812006062d10e04141180a4291b663ef2edff7e,04a76c84423d9a4eb2f2010ef6692e347326cc00,2.19.0.dev0+04a76c84,0f82ea5319d53ec37fca894a6efb5549c2990c1efa62415dff5578929a86ccc0
nano,hybridep,"attn,mamba,moe_router,moe_preprocess",off,completed,,,nemorl,oci-hsg,direct-4n4g,performance,20,18,1,nano-ep8-v2,5894286,45.01133751193993,53.90169753023708,27.296005957061425,88.884340947777,5.425081056077033,447.2168203426654,3.230497187934816,751.0260368160256,reported,1.0,1.0,0.0,1.0,0.0,0.0,312.0,312.0,1.0,38819.0,38864.0,49152.0,0.7897745768229166,0.9988421160971593,0.3125,0.12382118075038306,0.0024933740182859765,1.0428887646121439,0.002561773309480486,0.0006199602893275369,1.0001636338420212,0.0,,,,,,1.1430552005767822,clear,2bc7389cb4834c556f4418d12ad2e6e86da0f46a,0142aebf95c49d9137de52a9e7a4fc098a0a6a56,2812006062d10e04141180a4291b663ef2edff7e,04a76c84423d9a4eb2f2010ef6692e347326cc00,2.19.0.dev0+04a76c84,0f82ea5319d53ec37fca894a6efb5549c2990c1efa62415dff5578929a86ccc0
nano,hybridep,"attn,mamba,moe_router,moe_preprocess",off,completed,,,nemorl,oci-hsg,direct-4n4g,performance,20,19,1,nano-ep8-v2,5894286,48.569950190139934,60.47077438832222,31.037301546894014,94.63008552990392,5.6857456469442695,516.5659321356534,3.3684834628365934,871.9242746487184,reported,1.0,1.0,0.0,1.0,0.0,0.0,312.0,312.0,1.0,46993.0,47048.0,49152.0,0.9560750325520834,0.9988309811256589,0.1875,0.12559289615433045,0.01742585235115257,1.2024328345432878,0.1064580415841192,0.004712856798505527,0.999389809789136,0.0,,,,,,1.7959768772125244,clear,2bc7389cb4834c556f4418d12ad2e6e86da0f46a,0142aebf95c49d9137de52a9e7a4fc098a0a6a56,2812006062d10e04141180a4291b663ef2edff7e,04a76c84423d9a4eb2f2010ef6692e347326cc00,2.19.0.dev0+04a76c84,0f82ea5319d53ec37fca894a6efb5549c2990c1efa62415dff5578929a86ccc0
nano,hybridep,"attn,mamba,moe_router,moe_preprocess",off,completed,,,nemorl,oci-hsg,direct-4n4g,performance,20,20,1,nano-ep8-v2,5894286,79.23656136216596,30.15732206093655,19.194987456081435,124.48888051984264,5.844257905846462,408.8735539219678,3.18188950791955,750.9885224023363,reported,1.0,1.0,0.0,1.0,0.0,0.0,312.0,312.0,1.0,38233.0,38280.0,49152.0,0.7778523763020834,0.9987722048066876,0.25,0.16952269691682886,0.007674007320019882,1.0775990909605753,0.01377125347795527,0.0020406795805953948,1.0006607349059777,0.0,,,,,,2.140770196914673,clear,2bc7389cb4834c556f4418d12ad2e6e86da0f46a,0142aebf95c49d9137de52a9e7a4fc098a0a6a56,2812006062d10e04141180a4291b663ef2edff7e,04a76c84423d9a4eb2f2010ef6692e347326cc00,2.19.0.dev0+04a76c84,0f82ea5319d53ec37fca894a6efb5549c2990c1efa62415dff5578929a86ccc0
nano,hybridep,baseline,off,completed,,,nemorl,oci-hsg,direct-4n4g,performance,20,1,1,nano-ep8-v2,5893771,252.05397323402576,12.973411837328538,26.151394113199785,125.04113493320358,123.54106809711084,26.468930942296694,98.18299067113549,33.305157824667255,not_applicable,,,,,,,,,,,,,,,0.0,0.0,0.0023360389368463075,1.0426984477089718,0.0036877094507872243,0.0006006333749155601,0.999797360622324,0.0,,,,,,0.0,clear,2bc7389cb4834c556f4418d12ad2e6e86da0f46a,0142aebf95c49d9137de52a9e7a4fc098a0a6a56,2812006062d10e04141180a4291b663ef2edff7e,04a76c84423d9a4eb2f2010ef6692e347326cc00,2.19.0.dev0+04a76c84,0f82ea5319d53ec37fca894a6efb5549c2990c1efa62415dff5578929a86ccc0
nano,hybridep,baseline,off,completed,,,nemorl,oci-hsg,direct-4n4g,performance,20,2,1,nano-ep8-v2,5893771,49.37251147511415,71.74665404220882,27.404470313107595,129.26038925502263,3.0336645818315446,1167.6678170733576,3.337646277155727,1061.3205252591013,not_applicable,,,,,,,,,,,,,,,0.0,0.0,0.0019753851433961245,1.0396197603549808,0.002141638464308926,0.0004996745841481243,1.0002381453086855,0.0,,,,,,0.0,clear,2bc7389cb4834c556f4418d12ad2e6e86da0f46a,0142aebf95c49d9137de52a9e7a4fc098a0a6a56,2812006062d10e04141180a4291b663ef2edff7e,04a76c84423d9a4eb2f2010ef6692e347326cc00,2.19.0.dev0+04a76c84,0f82ea5319d53ec37fca894a6efb5549c2990c1efa62415dff5578929a86ccc0
nano,hybridep,baseline,off,completed,,,nemorl,oci-hsg,direct-4n4g,performance,20,3,1,nano-ep8-v2,5893771,38.81918052188121,63.9825459118073,22.153936825925484,112.11325641650335,2.6360620288178325,942.219861614509,5.098130135098472,487.18842677248085,not_applicable,,,,,,,,,,,,,,,0.0,0.0,0.002012003169511445,1.037798159290105,0.002156964404093742,0.0005113548343160801,0.9997269469313323,0.0,,,,,,0.0,clear,2bc7389cb4834c556f4418d12ad2e6e86da0f46a,0142aebf95c49d9137de52a9e7a4fc098a0a6a56,2812006062d10e04141180a4291b663ef2edff7e,04a76c84423d9a4eb2f2010ef6692e347326cc00,2.19.0.dev0+04a76c84,0f82ea5319d53ec37fca894a6efb5549c2990c1efa62415dff5578929a86ccc0
nano,hybridep,baseline,off,completed,,,nemorl,oci-hsg,direct-4n4g,performance,20,4,1,nano-ep8-v2,5893771,36.7970121789258,67.04008977698511,21.66748690092936,113.85145915995412,2.498830313095823,987.2118915284675,2.9503513139206916,836.1292393758339,not_applicable,,,,,,,,,,,,,,,0.0625,0.015527568379184231,0.0021028001797276374,1.0400400836515473,0.002465095288584962,0.0005338559846848057,1.000155338566401,0.0,,,,,,0.40916523337364197,clear,2bc7389cb4834c556f4418d12ad2e6e86da0f46a,0142aebf95c49d9137de52a9e7a4fc098a0a6a56,2812006062d10e04141180a4291b663ef2edff7e,04a76c84423d9a4eb2f2010ef6692e347326cc00,2.19.0.dev0+04a76c84,0f82ea5319d53ec37fca894a6efb5549c2990c1efa62415dff5578929a86ccc0
nano,hybridep,baseline,off,completed,,,nemorl,oci-hsg,direct-4n4g,performance,20,5,1,nano-ep8-v2,5893771,42.84727800404653,63.628604359477045,28.593015582067892,95.34889708204848,2.5225902679376304,1080.7591445395233,2.893423576839268,942.2445167804232,not_applicable,,,,,,,,,,,,,,,0.125,0.28245326134492643,0.002426649777817147,1.0392133768182248,0.0022014614644376707,0.0005216669091510084,1.0006857733533252,0.0,,,,,,0.6254874467849731,clear,2bc7389cb4834c556f4418d12ad2e6e86da0f46a,0142aebf95c49d9137de52a9e7a4fc098a0a6a56,2812006062d10e04141180a4291b663ef2edff7e,04a76c84423d9a4eb2f2010ef6692e347326cc00,2.19.0.dev0+04a76c84,0f82ea5319d53ec37fca894a6efb5549c2990c1efa62415dff5578929a86ccc0
nano,hybridep,baseline,off,completed,,,nemorl,oci-hsg,direct-4n4g,performance,20,6,1,nano-ep8-v2,5893771,38.78150589205325,67.45966769011116,23.60911158681847,110.81261954222283,2.7025642581284046,968.0389623045548,3.068178841145709,852.6841606870191,not_applicable,,,,,,,,,,,,,,,0.0,2.1850863959116396e-05,0.0019394394203118281,1.0387924388051033,0.001992877081647748,0.00048332612414014875,0.999624190852046,0.0,,,,,,0.018987230956554413,clear,2bc7389cb4834c556f4418d12ad2e6e86da0f46a,0142aebf95c49d9137de52a9e7a4fc098a0a6a56,2812006062d10e04141180a4291b663ef2edff7e,04a76c84423d9a4eb2f2010ef6692e347326cc00,2.19.0.dev0+04a76c84,0f82ea5319d53ec37fca894a6efb5549c2990c1efa62415dff5578929a86ccc0
nano,hybridep,baseline,off,completed,,,nemorl,oci-hsg,direct-4n4g,performance,20,7,1,nano-ep8-v2,5893771,40.50289776199497,45.85474379916369,26.50631542201154,70.06820715857364,2.086753183044493,890.01900899959,2.800431706942618,663.2013183523264,not_applicable,,,,,,,,,,,,,,,0.0,2.4358204781305126e-05,0.0019057646023021846,1.0385609036493406,0.0021337624046813275,0.0004885168586494792,0.9997369126176636,0.0,,,,,,0.028722483664751053,clear,2bc7389cb4834c556f4418d12ad2e6e86da0f46a,0142aebf95c49d9137de52a9e7a4fc098a0a6a56,2812006062d10e04141180a4291b663ef2edff7e,04a76c84423d9a4eb2f2010ef6692e347326cc00,2.19.0.dev0+04a76c84,0f82ea5319d53ec37fca894a6efb5549c2990c1efa62415dff5578929a86ccc0
nano,hybridep,baseline,off,completed,,,nemorl,oci-hsg,direct-4n4g,performance,20,8,1,nano-ep8-v2,5893771,45.83984947996214,66.26739691472714,29.627136608120054,102.53057999426937,3.0518710729666054,995.352499293878,3.17700885492377,956.147004529796,not_applicable,,,,,,,,,,,,,,,0.0,5.844187342063378e-05,0.0027707081353582907,1.0619641412049532,0.022962577386351768,0.0007143515913412557,0.9998695962131023,0.0,,,,,,0.09357398748397827,clear,2bc7389cb4834c556f4418d12ad2e6e86da0f46a,0142aebf95c49d9137de52a9e7a4fc098a0a6a56,2812006062d10e04141180a4291b663ef2edff7e,04a76c84423d9a4eb2f2010ef6692e347326cc00,2.19.0.dev0+04a76c84,0f82ea5319d53ec37fca894a6efb5549c2990c1efa62415dff5578929a86ccc0
nano,hybridep,baseline,off,completed,,,nemorl,oci-hsg,direct-4n4g,performance,20,9,1,nano-ep8-v2,5893771,44.709791117114946,69.53174958605359,28.737486395053566,108.17751967809868,3.0619919111486524,1015.2704808530364,3.6848826371133327,843.6496643581941,not_applicable,,,,,,,,,,,,,,,0.0,4.6441653211104494e-05,0.0017942630261131853,1.037272973684594,0.002355256957343954,0.00045581337167277525,1.0002743375953287,0.0,,,,,,0.07633402943611145,clear,2bc7389cb4834c556f4418d12ad2e6e86da0f46a,0142aebf95c49d9137de52a9e7a4fc098a0a6a56,2812006062d10e04141180a4291b663ef2edff7e,04a76c84423d9a4eb2f2010ef6692e347326cc00,2.19.0.dev0+04a76c84,0f82ea5319d53ec37fca894a6efb5549c2990c1efa62415dff5578929a86ccc0
nano,hybridep,baseline,off,completed,,,nemorl,oci-hsg,direct-4n4g,performance,20,10,1,nano-ep8-v2,5893771,79.07093507004902,30.915278766267466,17.610821595182642,138.80669830126956,2.3496720131952316,1040.3579675257804,2.9007233099546283,842.720845387434,not_applicable,,,,,,,,,,,,,,,0.0625,0.12801259677429044,0.002356351043090399,1.041470551630482,0.003208097925380571,0.0005986843625578331,1.0004736603004858,0.0,,,,,,0.47636327147483826,clear,2bc7389cb4834c556f4418d12ad2e6e86da0f46a,0142aebf95c49d9137de52a9e7a4fc098a0a6a56,2812006062d10e04141180a4291b663ef2edff7e,04a76c84423d9a4eb2f2010ef6692e347326cc00,2.19.0.dev0+04a76c84,0f82ea5319d53ec37fca894a6efb5549c2990c1efa62415dff5578929a86ccc0
nano,hybridep,baseline,off,completed,,,nemorl,oci-hsg,direct-4n4g,performance,20,11,1,nano-ep8-v2,5893771,40.07036982290447,79.43837339331235,28.958103560842574,109.92173549321276,2.995305374963209,1062.7046666449153,3.1224679579026997,1019.4259934497591,not_applicable,,,,,,,,,,,,,,,0.0,4.4293198811828915e-05,0.002015900863625575,1.0393096804618835,0.0021724014331994113,0.000511719730184268,0.9997265012934804,0.0,,,,,,0.019021393731236458,clear,2bc7389cb4834c556f4418d12ad2e6e86da0f46a,0142aebf95c49d9137de52a9e7a4fc098a0a6a56,2812006062d10e04141180a4291b663ef2edff7e,04a76c84423d9a4eb2f2010ef6692e347326cc00,2.19.0.dev0+04a76c84,0f82ea5319d53ec37fca894a6efb5549c2990c1efa62415dff5578929a86ccc0
nano,hybridep,baseline,off,completed,,,nemorl,oci-hsg,direct-4n4g,performance,20,12,1,nano-ep8-v2,5893771,44.02767796278931,42.5116105732827,29.298800259130076,63.88273524670164,2.334080534055829,801.8949957770527,2.6601516529917717,703.601803263729,not_applicable,,,,,,,,,,,,,,,0.0625,0.17803965586486825,0.0020735317064008996,1.0408169450529385,0.002875181065974175,0.0005380881676728677,1.0001657772518229,0.0,,,,,,0.551884651184082,clear,2bc7389cb4834c556f4418d12ad2e6e86da0f46a,0142aebf95c49d9137de52a9e7a4fc098a0a6a56,2812006062d10e04141180a4291b663ef2edff7e,04a76c84423d9a4eb2f2010ef6692e347326cc00,2.19.0.dev0+04a76c84,0f82ea5319d53ec37fca894a6efb5549c2990c1efa62415dff5578929a86ccc0
nano,hybridep,baseline,off,completed,,,nemorl,oci-hsg,direct-4n4g,performance,20,13,1,nano-ep8-v2,5893771,34.132957444991916,70.66300961137155,19.299152777995914,124.97634107285737,2.6565419510006905,907.9237386375357,2.843336683930829,848.2771363768175,not_applicable,,,,,,,,,,,,,,,0.0,9.992581630058339e-05,0.00383007114942302,1.051052730763331,0.004489883995120181,0.0009704846597742289,0.9995832121931016,0.0,,,,,,0.09227092564105988,clear,2bc7389cb4834c556f4418d12ad2e6e86da0f46a,0142aebf95c49d9137de52a9e7a4fc098a0a6a56,2812006062d10e04141180a4291b663ef2edff7e,04a76c84423d9a4eb2f2010ef6692e347326cc00,2.19.0.dev0+04a76c84,0f82ea5319d53ec37fca894a6efb5549c2990c1efa62415dff5578929a86ccc0
nano,hybridep,baseline,off,completed,,,nemorl,oci-hsg,direct-4n4g,performance,20,14,1,nano-ep8-v2,5893771,34.92214911989868,87.09193381993165,20.007994792889804,152.01111013287692,2.6804553780239075,1134.6719385577746,3.160984847927466,962.1803476831442,not_applicable,,,,,,,,,,,,,,,0.0625,0.006720201238465506,0.005033302790707239,1.0597913009114563,0.005708259303446539,0.0012665639446822752,0.9997944463975728,0.0,,,,,,1.5376479625701904,clear,2bc7389cb4834c556f4418d12ad2e6e86da0f46a,0142aebf95c49d9137de52a9e7a4fc098a0a6a56,2812006062d10e04141180a4291b663ef2edff7e,04a76c84423d9a4eb2f2010ef6692e347326cc00,2.19.0.dev0+04a76c84,0f82ea5319d53ec37fca894a6efb5549c2990c1efa62415dff5578929a86ccc0
nano,hybridep,baseline,off,completed,,,nemorl,oci-hsg,direct-4n4g,performance,20,15,1,nano-ep8-v2,5893771,28.57186324498616,81.33220014651255,13.287007658975199,174.89359227021257,2.4733252960722893,939.5498860138939,3.0552487790118903,760.5968181587992,not_applicable,,,,,,,,,,,,,,,0.0,0.0003574645616524208,0.0031795903419151728,1.0499561495380476,0.0062580180065197055,0.0008359980510022069,0.999310402374249,0.0,,,,,,0.34345486760139465,clear,2bc7389cb4834c556f4418d12ad2e6e86da0f46a,0142aebf95c49d9137de52a9e7a4fc098a0a6a56,2812006062d10e04141180a4291b663ef2edff7e,04a76c84423d9a4eb2f2010ef6692e347326cc00,2.19.0.dev0+04a76c84,0f82ea5319d53ec37fca894a6efb5549c2990c1efa62415dff5578929a86ccc0
nano,hybridep,baseline,off,completed,,,nemorl,oci-hsg,direct-4n4g,performance,20,16,1,nano-ep8-v2,5893771,43.94133976311423,64.07263672837233,29.604112269124016,95.10291929734358,2.3992287130095065,1173.4760778468744,2.984877477865666,943.2338582999982,not_applicable,,,,,,,,,,,,,,,0.0625,0.20391068796526213,0.004689432196641974,1.0550966869777767,0.009191288160195654,0.001259276012973487,1.0006948991431273,0.0,,,,,,1.4789836406707764,clear,2bc7389cb4834c556f4418d12ad2e6e86da0f46a,0142aebf95c49d9137de52a9e7a4fc098a0a6a56,2812006062d10e04141180a4291b663ef2edff7e,04a76c84423d9a4eb2f2010ef6692e347326cc00,2.19.0.dev0+04a76c84,0f82ea5319d53ec37fca894a6efb5549c2990c1efa62415dff5578929a86ccc0
nano,hybridep,baseline,off,completed,,,nemorl,oci-hsg,direct-4n4g,performance,20,17,1,nano-ep8-v2,5893771,43.20655877888203,93.61859898865714,26.83314676489681,150.7440605248579,2.9588857060298324,1367.0475651549948,4.527743218932301,893.3672481881266,not_applicable,,,,,,,,,,,,,,,0.1875,-0.22290803380622037,0.013707231165426492,1.1096404088893905,0.03279796266815538,0.003520965855841496,1.0009433159139007,0.0,,,,,,1.603647232055664,clear,2bc7389cb4834c556f4418d12ad2e6e86da0f46a,0142aebf95c49d9137de52a9e7a4fc098a0a6a56,2812006062d10e04141180a4291b663ef2edff7e,04a76c84423d9a4eb2f2010ef6692e347326cc00,2.19.0.dev0+04a76c84,0f82ea5319d53ec37fca894a6efb5549c2990c1efa62415dff5578929a86ccc0
nano,hybridep,baseline,off,completed,,,nemorl,oci-hsg,direct-4n4g,performance,20,18,1,nano-ep8-v2,5893771,42.7530709200073,70.22887328065384,27.48628525598906,109.23629628510012,2.7301663239486516,1099.749848081589,3.1919193901121616,940.6565871622762,not_applicable,,,,,,,,,,,,,,,0.0,0.0003182292941801279,0.004442733363248408,1.0661395234055817,0.016980186039290857,0.0012427079291228438,0.9999135131947696,0.0,,,,,,0.059799667447805405,clear,2bc7389cb4834c556f4418d12ad2e6e86da0f46a,0142aebf95c49d9137de52a9e7a4fc098a0a6a56,2812006062d10e04141180a4291b663ef2edff7e,04a76c84423d9a4eb2f2010ef6692e347326cc00,2.19.0.dev0+04a76c84,0f82ea5319d53ec37fca894a6efb5549c2990c1efa62415dff5578929a86ccc0
nano,hybridep,baseline,off,completed,,,nemorl,oci-hsg,direct-4n4g,performance,20,19,1,nano-ep8-v2,5893771,39.401017835130915,54.36883658599228,16.66788476589136,128.52185685754836,5.2940854511689395,404.6378774500141,6.938726359046996,308.7292089573367,not_applicable,,,,,,,,,,,,,,,0.0,0.0004199731642984261,0.004211399149426143,1.0541830904548988,0.007412645058138878,0.0011662885390251176,0.9992543818661943,0.0,,,,,,0.05010616406798363,clear,2bc7389cb4834c556f4418d12ad2e6e86da0f46a,0142aebf95c49d9137de52a9e7a4fc098a0a6a56,2812006062d10e04141180a4291b663ef2edff7e,04a76c84423d9a4eb2f2010ef6692e347326cc00,2.19.0.dev0+04a76c84,0f82ea5319d53ec37fca894a6efb5549c2990c1efa62415dff5578929a86ccc0
nano,hybridep,baseline,off,completed,,,nemorl,oci-hsg,direct-4n4g,performance,20,20,1,nano-ep8-v2,5893771,88.42652426403947,27.581514939085373,30.174852535827085,80.82682416108614,2.3634133408777416,1031.9555440497809,2.901172460988164,840.673049532973,not_applicable,,,,,,,,,,,,,,,0.0625,0.13270305762193857,0.0022620608551733312,1.0390779714216478,0.002429033262160374,0.0005655320605910674,1.0000334099167958,0.0,,,,,,0.27557826042175293,clear,2bc7389cb4834c556f4418d12ad2e6e86da0f46a,0142aebf95c49d9137de52a9e7a4fc098a0a6a56,2812006062d10e04141180a4291b663ef2edff7e,04a76c84423d9a4eb2f2010ef6692e347326cc00,2.19.0.dev0+04a76c84,0f82ea5319d53ec37fca894a6efb5549c2990c1efa62415dff5578929a86ccc0
nano,hybridep,mamba,off,completed,,,nemorl,oci-hsg,direct-4n4g,performance,20,1,1,nano-ep8-v2,5893773,256.8382526420173,10.259861889314646,27.837160302966367,94.66213404386644,127.1473531810334,20.724969368792824,97.9302048169775,26.908194513886755,reported,0.0,0.0,0.0,1.0,0.0,0.0,0.0,138.0,0.0,42162.0,42200.0,49152.0,0.8577880859375,0.9990995260663507,0.0625,0.02207366726361215,0.0020489145172177814,1.0374184451065958,0.00249152117248741,0.0005263086263767036,0.999629563651979,0.0,,,,,,1.0917460918426514,clear,2bc7389cb4834c556f4418d12ad2e6e86da0f46a,0142aebf95c49d9137de52a9e7a4fc098a0a6a56,2812006062d10e04141180a4291b663ef2edff7e,04a76c84423d9a4eb2f2010ef6692e347326cc00,2.19.0.dev0+04a76c84,0f82ea5319d53ec37fca894a6efb5549c2990c1efa62415dff5578929a86ccc0
nano,hybridep,mamba,off,completed,,,nemorl,oci-hsg,direct-4n4g,performance,20,2,1,nano-ep8-v2,5893773,46.08582966402173,69.19290643669243,28.598524394037668,111.50269349787908,3.1910204899613746,999.3080614905731,4.480400100990664,711.724941550403,reported,0.0,0.0,0.0,1.0,0.0,0.0,0.0,184.0,0.0,51021.0,51064.0,65536.0,0.7785186767578125,0.9991579194736018,0.0,1.9551614158785924e-05,0.0018292245204065694,1.0358186641242355,0.001893734165605565,0.0004534052604867611,1.0005718113388866,0.0,,,,,,0.008646254427731037,clear,2bc7389cb4834c556f4418d12ad2e6e86da0f46a,0142aebf95c49d9137de52a9e7a4fc098a0a6a56,2812006062d10e04141180a4291b663ef2edff7e,04a76c84423d9a4eb2f2010ef6692e347326cc00,2.19.0.dev0+04a76c84,0f82ea5319d53ec37fca894a6efb5549c2990c1efa62415dff5578929a86ccc0
nano,hybridep,mamba,off,completed,,,nemorl,oci-hsg,direct-4n4g,performance,20,3,1,nano-ep8-v2,5893773,32.43973706901306,63.02840851176495,16.548838745977264,123.5509651997191,2.720275842002593,751.6241435628832,3.2248303039814346,634.0256098051635,reported,0.0,0.0,0.0,1.0,0.0,0.0,0.0,138.0,0.0,32714.0,32760.0,49152.0,0.6655680338541666,0.9985958485958486,0.0,2.7465521164948825e-05,0.0020456652353004756,1.0387077831837814,0.0023092753194191573,0.0005215861801417532,1.0006226352543308,0.0,,,,,,0.017062781378626823,clear,2bc7389cb4834c556f4418d12ad2e6e86da0f46a,0142aebf95c49d9137de52a9e7a4fc098a0a6a56,2812006062d10e04141180a4291b663ef2edff7e,04a76c84423d9a4eb2f2010ef6692e347326cc00,2.19.0.dev0+04a76c84,0f82ea5319d53ec37fca894a6efb5549c2990c1efa62415dff5578929a86ccc0
nano,hybridep,mamba,off,completed,,,nemorl,oci-hsg,direct-4n4g,performance,20,4,1,nano-ep8-v2,5893773,48.90545449202182,67.15125202518556,29.378047698002774,111.78627435557136,6.006080090999603,546.7896615167227,3.2711612560087815,1003.9439339676454,reported,1.0,1.0,0.0,1.0,0.0,0.0,184.0,184.0,1.0,52545.0,52584.0,65536.0,0.8017730712890625,0.999258329529895,0.0,1.872028329330533e-05,0.0017642819293541834,1.0370097644627094,0.001844679456553422,0.00044287385935604107,1.0000119041651487,0.0,,,,,,0.007677170448005199,clear,2bc7389cb4834c556f4418d12ad2e6e86da0f46a,0142aebf95c49d9137de52a9e7a4fc098a0a6a56,2812006062d10e04141180a4291b663ef2edff7e,04a76c84423d9a4eb2f2010ef6692e347326cc00,2.19.0.dev0+04a76c84,0f82ea5319d53ec37fca894a6efb5549c2990c1efa62415dff5578929a86ccc0
nano,hybridep,mamba,off,completed,,,nemorl,oci-hsg,direct-4n4g,performance,20,5,1,nano-ep8-v2,5893773,35.96419341705041,61.947030874986275,12.868652225006372,173.12419055593034,4.8612241160008125,458.29506042869053,7.242093101027422,307.6286052831792,reported,1.0,1.0,0.0,1.0,0.0,0.0,138.0,138.0,1.0,35646.0,35696.0,49152.0,0.7252197265625,0.9985992828328104,0.0,2.8316460117139286e-05,0.002413087033346528,1.0726004096213728,0.03354857469093986,0.0006322291187643714,1.000148040940985,0.0,,,,,,0.030182378366589546,clear,2bc7389cb4834c556f4418d12ad2e6e86da0f46a,0142aebf95c49d9137de52a9e7a4fc098a0a6a56,2812006062d10e04141180a4291b663ef2edff7e,04a76c84423d9a4eb2f2010ef6692e347326cc00,2.19.0.dev0+04a76c84,0f82ea5319d53ec37fca894a6efb5549c2990c1efa62415dff5578929a86ccc0
nano,hybridep,mamba,off,completed,,,nemorl,oci-hsg,direct-4n4g,performance,20,6,1,nano-ep8-v2,5893773,46.76907893101452,68.34643899476643,27.7212682919926,115.3085770221892,5.399572797003202,591.9912778607371,3.59393942396855,889.4139891958213,reported,1.0,1.0,0.0,1.0,0.0,0.0,184.0,184.0,1.0,51144.0,51192.0,65536.0,0.7803955078125,0.9990623534927332,0.0,2.7472393597349765e-05,0.00204908730029274,1.040526793920435,0.002203710789217439,0.0005207035203511623,0.9999158014543355,0.0,,,,,,0.046546533703804016,clear,2bc7389cb4834c556f4418d12ad2e6e86da0f46a,0142aebf95c49d9137de52a9e7a4fc098a0a6a56,2812006062d10e04141180a4291b663ef2edff7e,04a76c84423d9a4eb2f2010ef6692e347326cc00,2.19.0.dev0+04a76c84,0f82ea5319d53ec37fca894a6efb5549c2990c1efa62415dff5578929a86ccc0
nano,hybridep,mamba,off,completed,,,nemorl,oci-hsg,direct-4n4g,performance,20,7,1,nano-ep8-v2,5893773,45.8281201730133,48.34368050960633,25.38216092600487,87.28571245209254,5.254194907029159,421.6630785881321,4.082272309984546,542.7124483051418,reported,1.0,1.0,0.0,1.0,0.0,0.0,138.0,138.0,1.0,35448.0,35496.0,49152.0,0.72119140625,0.9986477349560514,0.0625,0.11320816489793373,0.0017792955314348546,1.0357648807985242,0.0019294258979130063,0.000452428897077084,0.9999512251233682,0.0,,,,,,0.4285135567188263,clear,2bc7389cb4834c556f4418d12ad2e6e86da0f46a,0142aebf95c49d9137de52a9e7a4fc098a0a6a56,2812006062d10e04141180a4291b663ef2edff7e,04a76c84423d9a4eb2f2010ef6692e347326cc00,2.19.0.dev0+04a76c84,0f82ea5319d53ec37fca894a6efb5549c2990c1efa62415dff5578929a86ccc0
nano,hybridep,mamba,off,completed,,,nemorl,oci-hsg,direct-4n4g,performance,20,8,1,nano-ep8-v2,5893773,33.361238130019046,62.447097792974226,14.965714877005666,139.2056789215557,4.781390673015267,435.71267074192247,3.26694544905331,637.6943026715364,reported,1.0,1.0,0.0,1.0,0.0,0.0,138.0,138.0,1.0,33333.0,33392.0,49152.0,0.67816162109375,0.9982331097268807,0.125,-0.11947002108513516,0.003117467020274489,1.0464459378272295,0.004582931087497855,0.0008177211570910004,1.0001495908945799,0.0,,,,,,1.8817918300628662,clear,2bc7389cb4834c556f4418d12ad2e6e86da0f46a,0142aebf95c49d9137de52a9e7a4fc098a0a6a56,2812006062d10e04141180a4291b663ef2edff7e,04a76c84423d9a4eb2f2010ef6692e347326cc00,2.19.0.dev0+04a76c84,0f82ea5319d53ec37fca894a6efb5549c2990c1efa62415dff5578929a86ccc0
nano,hybridep,mamba,off,completed,,,nemorl,oci-hsg,direct-4n4g,performance,20,9,1,nano-ep8-v2,5893773,48.02739657094935,78.00495690965883,27.694489267945755,135.27510703496313,5.773250071972143,648.9195779319911,4.141771467984654,904.5344555968343,reported,1.0,1.0,0.0,1.0,0.0,0.0,184.0,184.0,1.0,59942.0,59984.0,65536.0,0.914642333984375,0.9992998132835422,0.1875,0.2156558370916173,0.001914265181767405,1.0401449447963387,0.0019409732049098238,0.00047388900156875025,1.0003076120046899,0.0,,,,,,0.7975935339927673,clear,2bc7389cb4834c556f4418d12ad2e6e86da0f46a,0142aebf95c49d9137de52a9e7a4fc098a0a6a56,2812006062d10e04141180a4291b663ef2edff7e,04a76c84423d9a4eb2f2010ef6692e347326cc00,2.19.0.dev0+04a76c84,0f82ea5319d53ec37fca894a6efb5549c2990c1efa62415dff5578929a86ccc0
nano,hybridep,mamba,off,completed,,,nemorl,oci-hsg,direct-4n4g,performance,20,10,1,nano-ep8-v2,5893773,92.60024706600234,28.465771782673457,26.55640952300746,99.25805285222478,5.466186020988971,482.22608778379856,3.5243233739747666,747.927253062242,reported,1.0,1.0,0.0,1.0,0.0,0.0,138.0,138.0,1.0,42175.0,42232.0,49152.0,0.8580525716145834,0.9986503125591968,0.0,0.00012386113613538363,0.0027716262064956254,1.0501125816535932,0.0077506648344787266,0.0007267044393683975,0.9994066216331703,0.0,,,,,,0.1378358155488968,clear,2bc7389cb4834c556f4418d12ad2e6e86da0f46a,0142aebf95c49d9137de52a9e7a4fc098a0a6a56,2812006062d10e04141180a4291b663ef2edff7e,04a76c84423d9a4eb2f2010ef6692e347326cc00,2.19.0.dev0+04a76c84,0f82ea5319d53ec37fca894a6efb5549c2990c1efa62415dff5578929a86ccc0
nano,hybridep,mamba,off,completed,,,nemorl,oci-hsg,direct-4n4g,performance,20,11,1,nano-ep8-v2,5893773,40.186373568023555,85.20612078131352,25.767510617966764,132.88536291947736,5.409062416001689,633.0348471983561,3.717138118983712,921.1723886483337,reported,1.0,1.0,0.0,1.0,0.0,0.0,184.0,184.0,1.0,54786.0,54840.0,65536.0,0.835968017578125,0.999015317286652,0.0,0.00016679244140505034,0.003024406140866631,1.0483931405469775,0.0031996466127566237,0.000745282505704381,1.0004450195701793,0.0,,,,,,0.14724713563919067,clear,2bc7389cb4834c556f4418d12ad2e6e86da0f46a,0142aebf95c49d9137de52a9e7a4fc098a0a6a56,2812006062d10e04141180a4291b663ef2edff7e,04a76c84423d9a4eb2f2010ef6692e347326cc00,2.19.0.dev0+04a76c84,0f82ea5319d53ec37fca894a6efb5549c2990c1efa62415dff5578929a86ccc0
nano,hybridep,mamba,off,completed,,,nemorl,oci-hsg,direct-4n4g,performance,20,12,1,nano-ep8-v2,5893773,45.81220043101348,55.80391196990674,27.390894718002528,93.33393546723953,5.125450471008662,498.78542665868235,3.4903660499840043,732.4446672324572,reported,1.0,1.0,0.0,1.0,0.0,0.0,138.0,138.0,1.0,40904.0,40976.0,49152.0,0.8321940104166666,0.9982428738773916,0.0625,0.08835924648459326,0.0025104933156399056,1.0463600676739588,0.002724930105614476,0.0006409994081195691,0.9993299574125558,0.0,,,,,,0.5959293842315674,clear,2bc7389cb4834c556f4418d12ad2e6e86da0f46a,0142aebf95c49d9137de52a9e7a4fc098a0a6a56,2812006062d10e04141180a4291b663ef2edff7e,04a76c84423d9a4eb2f2010ef6692e347326cc00,2.19.0.dev0+04a76c84,0f82ea5319d53ec37fca894a6efb5549c2990c1efa62415dff5578929a86ccc0
nano,hybridep,mamba,off,completed,,,nemorl,oci-hsg,direct-4n4g,performance,20,13,1,nano-ep8-v2,5893773,33.455611902987584,62.91918994349715,14.786933224007953,142.35541393954074,5.047899228986353,417.0051549192071,3.3136198589927517,635.2569363945873,reported,1.0,1.0,0.0,1.0,0.0,0.0,138.0,138.0,1.0,33680.0,33744.0,49152.0,0.6852213541666666,0.9981033665244191,0.0,0.00024807720735253724,0.004510019381996244,1.0593146098399302,0.0065429058122390416,0.001187016649510042,1.0003697417851072,0.0,,,,,,0.21786075830459595,clear,2bc7389cb4834c556f4418d12ad2e6e86da0f46a,0142aebf95c49d9137de52a9e7a4fc098a0a6a56,2812006062d10e04141180a4291b663ef2edff7e,04a76c84423d9a4eb2f2010ef6692e347326cc00,2.19.0.dev0+04a76c84,0f82ea5319d53ec37fca894a6efb5549c2990c1efa62415dff5578929a86ccc0
nano,hybridep,mamba,off,completed,,,nemorl,oci-hsg,direct-4n4g,performance,20,14,1,nano-ep8-v2,5893773,46.91018324898323,81.74531060019076,26.811860436049756,143.0220595525736,6.385649055999238,600.5164809984913,3.7518649749690667,1022.0750281749189,reported,1.0,1.0,0.0,1.0,0.0,0.0,184.0,184.0,1.0,61355.0,61408.0,65536.0,0.9362030029296875,0.9991369202709744,0.0,0.0001757434860110152,0.002638280251630931,1.0478389009367675,0.0031407166006829357,0.0006775349984309287,0.9997978862375021,0.0,,,,,,0.060128554701805115,clear,2bc7389cb4834c556f4418d12ad2e6e86da0f46a,0142aebf95c49d9137de52a9e7a4fc098a0a6a56,2812006062d10e04141180a4291b663ef2edff7e,04a76c84423d9a4eb2f2010ef6692e347326cc00,2.19.0.dev0+04a76c84,0f82ea5319d53ec37fca894a6efb5549c2990c1efa62415dff5578929a86ccc0
nano,hybridep,mamba,off,completed,,,nemorl,oci-hsg,direct-4n4g,performance,20,15,1,nano-ep8-v2,5893773,46.02026710205246,78.3255449605863,26.26395687100012,137.24369552175327,5.583066638035234,645.6241226718548,3.6734001959557645,981.260496465495,reported,1.0,1.0,0.0,1.0,0.0,0.0,184.0,184.0,1.0,57673.0,57720.0,65536.0,0.8800201416015625,0.9991857241857242,0.0,0.00015202334282093943,0.0021148634364180907,1.0421244586468674,0.002233874112334888,0.0005311994300427614,1.0001712079392746,0.0,,,,,,0.02882343716919422,clear,2bc7389cb4834c556f4418d12ad2e6e86da0f46a,0142aebf95c49d9137de52a9e7a4fc098a0a6a56,2812006062d10e04141180a4291b663ef2edff7e,04a76c84423d9a4eb2f2010ef6692e347326cc00,2.19.0.dev0+04a76c84,0f82ea5319d53ec37fca894a6efb5549c2990c1efa62415dff5578929a86ccc0
nano,hybridep,mamba,off,completed,,,nemorl,oci-hsg,direct-4n4g,performance,20,16,1,nano-ep8-v2,5893773,45.84113673097454,67.2471871300052,26.41927445901092,116.68327624904083,5.456385710975155,564.9687656426818,3.662610250990838,841.6640834678075,reported,1.0,1.0,0.0,1.0,0.0,0.0,184.0,184.0,1.0,49323.0,49368.0,65536.0,0.7526092529296875,0.9990884783665532,0.125,0.1791110214253422,0.002284067466121087,1.0420360394491581,0.0029230383676122074,0.0005888871941976959,0.9998031463765074,0.0,,,,,,0.6753591895103455,clear,2bc7389cb4834c556f4418d12ad2e6e86da0f46a,0142aebf95c49d9137de52a9e7a4fc098a0a6a56,2812006062d10e04141180a4291b663ef2edff7e,04a76c84423d9a4eb2f2010ef6692e347326cc00,2.19.0.dev0+04a76c84,0f82ea5319d53ec37fca894a6efb5549c2990c1efa62415dff5578929a86ccc0
nano,hybridep,mamba,off,completed,,,nemorl,oci-hsg,direct-4n4g,performance,20,17,1,nano-ep8-v2,5893773,48.4945698690135,78.16339046285695,29.26209703803761,129.53617080391587,5.43198393197963,697.811342497582,3.7114069020026363,1021.3108128765633,reported,1.0,1.0,0.0,1.0,0.0,0.0,184.0,184.0,1.0,60648.0,60696.0,65536.0,0.9254150390625,0.9992091735863978,0.0,0.00021094482337957743,0.0019915124012186425,1.0403287135995924,0.0021222280156507622,0.0005020183434680803,0.9999071389902383,0.0,,,,,,0.032903242856264114,clear,2bc7389cb4834c556f4418d12ad2e6e86da0f46a,0142aebf95c49d9137de52a9e7a4fc098a0a6a56,2812006062d10e04141180a4291b663ef2edff7e,04a76c84423d9a4eb2f2010ef6692e347326cc00,2.19.0.dev0+04a76c84,0f82ea5319d53ec37fca894a6efb5549c2990c1efa62415dff5578929a86ccc0
nano,hybridep,mamba,off,completed,,,nemorl,oci-hsg,direct-4n4g,performance,20,18,1,nano-ep8-v2,5893773,45.10681384999771,65.0456050776938,26.387868302001152,111.18745805539346,5.448563707002904,538.4905376492161,3.3807588610216044,867.8524912934482,reported,1.0,1.0,0.0,1.0,0.0,0.0,138.0,138.0,1.0,46944.0,47016.0,49152.0,0.955078125,0.998468606431853,0.0625,0.1047068454690816,0.0022190803956618765,1.0431730444543064,0.003713987327500945,0.0005685864452971146,0.9999958029948175,0.0,,,,,,0.38405728340148926,clear,2bc7389cb4834c556f4418d12ad2e6e86da0f46a,0142aebf95c49d9137de52a9e7a4fc098a0a6a56,2812006062d10e04141180a4291b663ef2edff7e,04a76c84423d9a4eb2f2010ef6692e347326cc00,2.19.0.dev0+04a76c84,0f82ea5319d53ec37fca894a6efb5549c2990c1efa62415dff5578929a86ccc0
nano,hybridep,mamba,off,completed,,,nemorl,oci-hsg,direct-4n4g,performance,20,19,1,nano-ep8-v2,5893773,48.25338961195666,75.32372397522472,29.082519212039188,124.97627779423549,5.710319358040579,636.5011783241443,3.6006442719954066,1009.4374021529658,reported,1.0,1.0,0.0,1.0,0.0,0.0,184.0,184.0,1.0,58154.0,58184.0,65536.0,0.887359619140625,0.9994843943352124,0.0625,0.14123126171068634,0.002251226478620083,1.0529937450774014,0.014482689357464551,0.0005845205760124372,0.9999547258485109,0.0,,,,,,0.3197600841522217,clear,2bc7389cb4834c556f4418d12ad2e6e86da0f46a,0142aebf95c49d9137de52a9e7a4fc098a0a6a56,2812006062d10e04141180a4291b663ef2edff7e,04a76c84423d9a4eb2f2010ef6692e347326cc00,2.19.0.dev0+04a76c84,0f82ea5319d53ec37fca894a6efb5549c2990c1efa62415dff5578929a86ccc0
nano,hybridep,mamba,off,completed,,,nemorl,oci-hsg,direct-4n4g,performance,20,20,1,nano-ep8-v2,5893773,94.32898637198377,33.9894196186577,26.950022385979537,118.96789746890842,5.123279162973631,625.8076903502324,3.7574122339719906,853.2967107020656,reported,1.0,1.0,0.0,1.0,0.0,0.0,184.0,184.0,1.0,51299.0,51344.0,65536.0,0.7827606201171875,0.9991235587410409,0.3125,-0.021793841384351254,0.0021722101510022185,2.495680467225611,1.4590928540073946,0.000597059056190119,0.9997964762151241,0.0,,,,,,1.2903151512145996,clear,2bc7389cb4834c556f4418d12ad2e6e86da0f46a,0142aebf95c49d9137de52a9e7a4fc098a0a6a56,2812006062d10e04141180a4291b663ef2edff7e,04a76c84423d9a4eb2f2010ef6692e347326cc00,2.19.0.dev0+04a76c84,0f82ea5319d53ec37fca894a6efb5549c2990c1efa62415dff5578929a86ccc0
nano,hybridep,moe_router,off,completed,,,nemorl,oci-hsg,direct-4n4g,performance,20,1,1,nano-ep8-v2,5893777,258.0318310810253,11.267747424103762,27.521400433965027,105.6427890352498,127.99670729995705,22.714939792837747,98.4825375371147,29.522365819466078,reported,0.0,0.0,0.0,1.0,0.0,0.0,0.0,184.0,0.0,46519.0,46568.0,65536.0,0.7098236083984375,0.9989477752963408,0.0,3.5310233919005896e-06,0.0024406235261267284,1.0429573997389525,0.0026464470283826813,0.0006104561962274602,1.0000448831124231,0.0,,,,,,0.0012519513256847858,clear,2bc7389cb4834c556f4418d12ad2e6e86da0f46a,0142aebf95c49d9137de52a9e7a4fc098a0a6a56,2812006062d10e04141180a4291b663ef2edff7e,04a76c84423d9a4eb2f2010ef6692e347326cc00,2.19.0.dev0+04a76c84,0f82ea5319d53ec37fca894a6efb5549c2990c1efa62415dff5578929a86ccc0
nano,hybridep,moe_router,off,completed,,,nemorl,oci-hsg,direct-4n4g,performance,20,2,1,nano-ep8-v2,5893777,42.206918535986915,66.82109468842921,23.94359061983414,117.78987307207547,2.574344613123685,1095.5458277117996,3.125833075027913,902.2594720528432,reported,0.0,0.0,0.0,1.0,0.0,0.0,0.0,138.0,0.0,45125.0,45192.0,49152.0,0.9180704752604166,0.9985174367144627,0.0,1.91792910300137e-05,0.002112687605404062,1.0914404829964042,0.05576416644544224,0.0005451789197650214,1.0002483138814569,0.0,,,,,,0.005777874030172825,clear,2bc7389cb4834c556f4418d12ad2e6e86da0f46a,0142aebf95c49d9137de52a9e7a4fc098a0a6a56,2812006062d10e04141180a4291b663ef2edff7e,04a76c84423d9a4eb2f2010ef6692e347326cc00,2.19.0.dev0+04a76c84,0f82ea5319d53ec37fca894a6efb5549c2990c1efa62415dff5578929a86ccc0
nano,hybridep,moe_router,off,completed,,,nemorl,oci-hsg,direct-4n4g,performance,20,3,1,nano-ep8-v2,5893777,43.42419382301159,56.70370093768229,27.756205810932443,88.71214303469964,2.5530962490011007,964.4417052288492,3.2918442289810628,748.0039542339368,reported,0.0,0.0,0.0,1.0,0.0,0.0,0.0,138.0,0.0,39397.0,39440.0,49152.0,0.8015340169270834,0.9989097363083165,0.0,2.145997561342483e-05,0.001970711527974345,1.0387923470698297,0.00200714703896665,0.00048814044839673443,1.000272860750556,0.0,,,,,,0.006058868020772934,clear,2bc7389cb4834c556f4418d12ad2e6e86da0f46a,0142aebf95c49d9137de52a9e7a4fc098a0a6a56,2812006062d10e04141180a4291b663ef2edff7e,04a76c84423d9a4eb2f2010ef6692e347326cc00,2.19.0.dev0+04a76c84,0f82ea5319d53ec37fca894a6efb5549c2990c1efa62415dff5578929a86ccc0
nano,hybridep,moe_router,off,completed,,,nemorl,oci-hsg,direct-4n4g,performance,20,4,1,nano-ep8-v2,5893777,45.407047517830506,66.94583035389654,27.74353084806353,109.56833564723345,4.635543569922447,655.7618225667667,3.464726153993979,877.3601043464408,reported,1.0,1.0,0.0,1.0,0.0,0.0,138.0,138.0,1.0,48637.0,48664.0,49152.0,0.9895222981770834,0.9994451750780865,0.0625,0.13860309923227138,0.002151970239168577,1.0414618861468625,0.0023997242444977473,0.0005496398822693038,0.9999133552992134,0.0,,,,,,0.39858025312423706,clear,2bc7389cb4834c556f4418d12ad2e6e86da0f46a,0142aebf95c49d9137de52a9e7a4fc098a0a6a56,2812006062d10e04141180a4291b663ef2edff7e,04a76c84423d9a4eb2f2010ef6692e347326cc00,2.19.0.dev0+04a76c84,0f82ea5319d53ec37fca894a6efb5549c2990c1efa62415dff5578929a86ccc0
nano,hybridep,moe_router,off,completed,,,nemorl,oci-hsg,direct-4n4g,performance,20,5,1,nano-ep8-v2,5893777,47.5488390121609,57.94042624879637,28.775748354848474,95.74034238924686,4.8974901949986815,562.5330302474943,4.708600366022438,585.0995594954834,reported,1.0,1.0,0.0,1.0,0.0,0.0,184.0,184.0,1.0,44080.0,44128.0,65536.0,0.672607421875,0.9989122552574329,0.125,-0.3554988675207298,0.0027747225276471,1.0458416900364682,0.002959852987260092,0.0007004952786928698,1.0005695970903616,0.0,,,,,,1.3560017347335815,clear,2bc7389cb4834c556f4418d12ad2e6e86da0f46a,0142aebf95c49d9137de52a9e7a4fc098a0a6a56,2812006062d10e04141180a4291b663ef2edff7e,04a76c84423d9a4eb2f2010ef6692e347326cc00,2.19.0.dev0+04a76c84,0f82ea5319d53ec37fca894a6efb5549c2990c1efa62415dff5578929a86ccc0
nano,hybridep,moe_router,off,completed,,,nemorl,oci-hsg,direct-4n4g,performance,20,6,1,nano-ep8-v2,5893777,47.396652430063114,61.28861113738643,28.768803731072694,100.97308971045237,5.40913727786392,537.0311106519266,3.3776413470041007,860.0306253879102,reported,1.0,1.0,0.0,1.0,0.0,0.0,138.0,138.0,1.0,46478.0,46528.0,49152.0,0.9455973307291666,0.99892537826685,0.0625,0.03903322293426026,0.0018581348163024813,1.0368638383370126,0.0020404046608746285,0.0004668829999445734,0.9999162739841267,0.0,,,,,,0.5779343843460083,clear,2bc7389cb4834c556f4418d12ad2e6e86da0f46a,0142aebf95c49d9137de52a9e7a4fc098a0a6a56,2812006062d10e04141180a4291b663ef2edff7e,04a76c84423d9a4eb2f2010ef6692e347326cc00,2.19.0.dev0+04a76c84,0f82ea5319d53ec37fca894a6efb5549c2990c1efa62415dff5578929a86ccc0
nano,hybridep,moe_router,off,completed,,,nemorl,oci-hsg,direct-4n4g,performance,20,7,1,nano-ep8-v2,5893777,43.598942786920816,69.68345573992686,25.17256234609522,120.69192473253624,5.08822932606563,597.0888506216697,3.8058633629698306,798.2748486349386,reported,1.0,1.0,0.0,1.0,0.0,0.0,184.0,184.0,1.0,48610.0,48680.0,65536.0,0.741729736328125,0.9985620377978636,0.0,2.8266416016720086e-05,0.0018950635360397428,1.0381630838965066,0.0032065018965568015,0.0004982785395100109,0.9999559846473858,0.0,,,,,,0.040208496153354645,clear,2bc7389cb4834c556f4418d12ad2e6e86da0f46a,0142aebf95c49d9137de52a9e7a4fc098a0a6a56,2812006062d10e04141180a4291b663ef2edff7e,04a76c84423d9a4eb2f2010ef6692e347326cc00,2.19.0.dev0+04a76c84,0f82ea5319d53ec37fca894a6efb5549c2990c1efa62415dff5578929a86ccc0
nano,hybridep,moe_router,off,completed,,,nemorl,oci-hsg,direct-4n4g,performance,20,8,1,nano-ep8-v2,5893777,44.544867570046335,61.575556279000224,27.333187473006546,100.34962086689607,4.518534005153924,607.0276326063776,3.3713784529827535,813.576712983172,reported,1.0,1.0,0.0,1.0,0.0,0.0,138.0,138.0,1.0,43886.0,43936.0,49152.0,0.8928629557291666,0.9988619810633649,0.0,3.644452049422764e-05,0.001700393353189611,1.0355918952009233,0.0020735251988526215,0.00044256351745985967,0.9998049783680472,0.0,,,,,,0.0652640238404274,clear,2bc7389cb4834c556f4418d12ad2e6e86da0f46a,0142aebf95c49d9137de52a9e7a4fc098a0a6a56,2812006062d10e04141180a4291b663ef2edff7e,04a76c84423d9a4eb2f2010ef6692e347326cc00,2.19.0.dev0+04a76c84,0f82ea5319d53ec37fca894a6efb5549c2990c1efa62415dff5578929a86ccc0
nano,hybridep,moe_router,off,completed,,,nemorl,oci-hsg,direct-4n4g,performance,20,9,1,nano-ep8-v2,5893777,43.815520389936864,65.8684976080495,26.529998116893694,108.78487391079842,4.399855238152668,655.9448763163736,3.4687849439214915,832.0096364167451,reported,1.0,1.0,0.0,1.0,0.0,0.0,138.0,138.0,1.0,46177.0,46232.0,49152.0,0.9394734700520834,0.99881034781104,0.0,0.00017273123017602643,0.004133054613816967,1.0624062210554257,0.012547541873516366,0.0010647175313636126,0.999729602408479,0.0,,,,,,0.24366745352745056,clear,2bc7389cb4834c556f4418d12ad2e6e86da0f46a,0142aebf95c49d9137de52a9e7a4fc098a0a6a56,2812006062d10e04141180a4291b663ef2edff7e,04a76c84423d9a4eb2f2010ef6692e347326cc00,2.19.0.dev0+04a76c84,0f82ea5319d53ec37fca894a6efb5549c2990c1efa62415dff5578929a86ccc0
nano,hybridep,moe_router,off,completed,,,nemorl,oci-hsg,direct-4n4g,performance,20,10,1,nano-ep8-v2,5893777,89.05817346903495,23.698695108920365,25.235449932981282,83.63482741956648,5.460266324924305,386.531054422379,3.6094552660360932,584.7315853613062,reported,1.0,1.0,0.0,1.0,0.0,0.0,138.0,138.0,1.0,33769.0,33832.0,49152.0,0.6870320638020834,0.9981378576495625,0.0,0.00017473091600095358,0.0036380233459567535,1.053487614961341,0.004215936057335057,0.0009311722842539893,0.9994909496745095,0.0,,,,,,0.20292162895202637,clear,2bc7389cb4834c556f4418d12ad2e6e86da0f46a,0142aebf95c49d9137de52a9e7a4fc098a0a6a56,2812006062d10e04141180a4291b663ef2edff7e,04a76c84423d9a4eb2f2010ef6692e347326cc00,2.19.0.dev0+04a76c84,0f82ea5319d53ec37fca894a6efb5549c2990c1efa62415dff5578929a86ccc0
nano,hybridep,moe_router,off,completed,,,nemorl,oci-hsg,direct-4n4g,performance,20,11,1,nano-ep8-v2,5893777,40.7804653251078,81.8912308473315,26.37590524018742,126.61413777418734,5.061594657134265,659.784658041102,3.6850315399933606,906.2507237064291,reported,1.0,1.0,0.0,1.0,0.0,0.0,184.0,184.0,1.0,53433.0,53480.0,65536.0,0.8153228759765625,0.9991211667913239,0.0,0.00018071348840464907,0.004438623601572544,1.0610343152657151,0.005283522730223922,0.0011366958199232613,1.000030492345104,0.0,,,,,,0.21732129156589508,clear,2bc7389cb4834c556f4418d12ad2e6e86da0f46a,0142aebf95c49d9137de52a9e7a4fc098a0a6a56,2812006062d10e04141180a4291b663ef2edff7e,04a76c84423d9a4eb2f2010ef6692e347326cc00,2.19.0.dev0+04a76c84,0f82ea5319d53ec37fca894a6efb5549c2990c1efa62415dff5578929a86ccc0
nano,hybridep,moe_router,off,completed,,,nemorl,oci-hsg,direct-4n4g,performance,20,12,1,nano-ep8-v2,5893777,44.82794062397443,53.58265328645025,26.80569752701558,89.60781556156832,4.587848800001666,523.5569227998812,3.618649423122406,663.7835609749116,reported,1.0,1.0,0.0,1.0,0.0,0.0,138.0,138.0,1.0,38432.0,38480.0,49152.0,0.7819010416666666,0.9987525987525988,0.0625,0.15421601057323642,0.005617247636109823,1.0809404687024653,0.025703562914713984,0.0014964568817958934,0.9994744090363383,0.0,,,,,,1.4819692373275757,clear,2bc7389cb4834c556f4418d12ad2e6e86da0f46a,0142aebf95c49d9137de52a9e7a4fc098a0a6a56,2812006062d10e04141180a4291b663ef2edff7e,04a76c84423d9a4eb2f2010ef6692e347326cc00,2.19.0.dev0+04a76c84,0f82ea5319d53ec37fca894a6efb5549c2990c1efa62415dff5578929a86ccc0
nano,hybridep,moe_router,off,completed,,,nemorl,oci-hsg,direct-4n4g,performance,20,13,1,nano-ep8-v2,5893777,46.43751923996024,71.04034741720679,28.02874596300535,117.69836240102251,5.364419125951827,614.9663966487068,3.675767773995176,897.4825676798399,reported,1.0,1.0,0.0,1.0,0.0,0.0,184.0,184.0,1.0,52783.0,52840.0,65536.0,0.8054046630859375,0.9989212717638153,0.0625,0.1040900413536292,0.004327059898059815,1.0534342285245657,0.005435022045276128,0.0011215074955543969,0.9995184484869242,0.0,,,,,,0.4247834086418152,clear,2bc7389cb4834c556f4418d12ad2e6e86da0f46a,0142aebf95c49d9137de52a9e7a4fc098a0a6a56,2812006062d10e04141180a4291b663ef2edff7e,04a76c84423d9a4eb2f2010ef6692e347326cc00,2.19.0.dev0+04a76c84,0f82ea5319d53ec37fca894a6efb5549c2990c1efa62415dff5578929a86ccc0
nano,hybridep,moe_router,off,completed,,,nemorl,oci-hsg,direct-4n4g,performance,20,14,1,nano-ep8-v2,5893777,45.59628456202336,64.70784907894418,26.974514991044998,109.37870434295061,5.014276038855314,588.4074744065231,3.3676774678751826,876.1045343993593,reported,1.0,1.0,0.0,1.0,0.0,0.0,138.0,138.0,1.0,47207.0,47264.0,49152.0,0.9604288736979166,0.9987940081245769,0.0,0.0005492086234610838,0.005924633179347438,1.070199512556428,0.012563362443870574,0.001618864263946307,1.0000638890342088,0.0,,,,,,0.0677846372127533,clear,2bc7389cb4834c556f4418d12ad2e6e86da0f46a,0142aebf95c49d9137de52a9e7a4fc098a0a6a56,2812006062d10e04141180a4291b663ef2edff7e,04a76c84423d9a4eb2f2010ef6692e347326cc00,2.19.0.dev0+04a76c84,0f82ea5319d53ec37fca894a6efb5549c2990c1efa62415dff5578929a86ccc0
nano,hybridep,moe_router,off,completed,,,nemorl,oci-hsg,direct-4n4g,performance,20,15,1,nano-ep8-v2,5893777,46.77987882611342,63.455433714013,28.931141305947676,102.60353950812674,4.835168038029224,613.9264399195341,3.3335847181733698,890.4640952477574,reported,1.0,1.0,0.0,1.0,0.0,0.0,138.0,138.0,1.0,47495.0,47536.0,49152.0,0.9662882486979166,0.9991374957926624,0.0,0.0005093786852512494,0.0030048875596548896,1.068926916923374,0.022591809597543033,0.000785688360565473,0.9998898190679029,0.0,,,,,,0.08831720054149628,clear,2bc7389cb4834c556f4418d12ad2e6e86da0f46a,0142aebf95c49d9137de52a9e7a4fc098a0a6a56,2812006062d10e04141180a4291b663ef2edff7e,04a76c84423d9a4eb2f2010ef6692e347326cc00,2.19.0.dev0+04a76c84,0f82ea5319d53ec37fca894a6efb5549c2990c1efa62415dff5578929a86ccc0
nano,hybridep,moe_router,off,completed,,,nemorl,oci-hsg,direct-4n4g,performance,20,16,1,nano-ep8-v2,5893777,44.154826028971,62.64179363282293,26.031269776867703,106.25442107545246,4.8797591659240425,566.8184445074423,3.4011245290748775,813.2420546072591,reported,1.0,1.0,0.0,1.0,0.0,0.0,138.0,138.0,1.0,44255.0,44320.0,49152.0,0.9003702799479166,0.998533393501805,0.0,0.0004151741511577711,0.002087392118482967,6751.034504212439,6750.00527887293,0.0006413535911633517,0.9994127410463989,0.0,,,,,,0.04380309209227562,clear,2bc7389cb4834c556f4418d12ad2e6e86da0f46a,0142aebf95c49d9137de52a9e7a4fc098a0a6a56,2812006062d10e04141180a4291b663ef2edff7e,04a76c84423d9a4eb2f2010ef6692e347326cc00,2.19.0.dev0+04a76c84,0f82ea5319d53ec37fca894a6efb5549c2990c1efa62415dff5578929a86ccc0
nano,hybridep,moe_router,off,completed,,,nemorl,oci-hsg,direct-4n4g,performance,20,17,1,nano-ep8-v2,5893777,46.490546081913635,72.93418309231507,27.88494611508213,121.59786811157025,5.023314168909565,675.0025751895281,4.563686124049127,742.9849266214566,reported,1.0,1.0,0.0,1.0,0.0,0.0,184.0,184.0,1.0,54252.0,54288.0,65536.0,0.82781982421875,0.9993368700265252,0.125,0.10968423045778763,0.0022017896913607005,29.611847629148542,28.579934228741255,0.000642276300609812,0.9998666726351075,0.0,,,,,,0.4668292999267578,clear,2bc7389cb4834c556f4418d12ad2e6e86da0f46a,0142aebf95c49d9137de52a9e7a4fc098a0a6a56,2812006062d10e04141180a4291b663ef2edff7e,04a76c84423d9a4eb2f2010ef6692e347326cc00,2.19.0.dev0+04a76c84,0f82ea5319d53ec37fca894a6efb5549c2990c1efa62415dff5578929a86ccc0
nano,hybridep,moe_router,off,completed,,,nemorl,oci-hsg,direct-4n4g,performance,20,18,1,nano-ep8-v2,5893777,44.123020024970174,66.10211627285301,26.78127750195563,108.90537241126835,4.643780524842441,628.0712416095414,3.3621280540246516,867.4937281192011,reported,1.0,1.0,0.0,1.0,0.0,0.0,138.0,138.0,1.0,46666.0,46712.0,49152.0,0.9494222005208334,0.9990152423360165,0.0,0.0013436643880200272,0.00833186932334229,1.0807606703383499,0.029693068622123064,0.0023105402250394036,1.000080013916886,0.0,,,,,,0.1051253080368042,clear,2bc7389cb4834c556f4418d12ad2e6e86da0f46a,0142aebf95c49d9137de52a9e7a4fc098a0a6a56,2812006062d10e04141180a4291b663ef2edff7e,04a76c84423d9a4eb2f2010ef6692e347326cc00,2.19.0.dev0+04a76c84,0f82ea5319d53ec37fca894a6efb5549c2990c1efa62415dff5578929a86ccc0
nano,hybridep,moe_router,off,completed,,,nemorl,oci-hsg,direct-4n4g,performance,20,19,1,nano-ep8-v2,5893777,43.42178239300847,66.44994380665007,26.07699164818041,110.64830786189765,4.669633796904236,617.901772492926,3.5178276230581105,820.2150045918656,reported,1.0,1.0,0.0,1.0,0.0,0.0,184.0,184.0,1.0,46166.0,46224.0,65536.0,0.704437255859375,0.9987452405676704,0.0,0.0005003681044399855,0.0018810616766131716,1.0344167100265622,0.0021100405783727183,0.00048039377429631713,0.9998236149549484,0.0,,,,,,0.05525098741054535,clear,2bc7389cb4834c556f4418d12ad2e6e86da0f46a,0142aebf95c49d9137de52a9e7a4fc098a0a6a56,2812006062d10e04141180a4291b663ef2edff7e,04a76c84423d9a4eb2f2010ef6692e347326cc00,2.19.0.dev0+04a76c84,0f82ea5319d53ec37fca894a6efb5549c2990c1efa62415dff5578929a86ccc0
nano,hybridep,moe_router,off,completed,,,nemorl,oci-hsg,direct-4n4g,performance,20,20,1,nano-ep8-v2,5893777,94.01302630221471,40.37538891470171,31.132472916971892,121.92454194445665,5.019235231913626,756.2531590201669,3.5840059181209654,1059.0977210188541,reported,1.0,1.0,0.0,1.0,0.0,0.0,184.0,184.0,1.0,60733.0,60792.0,65536.0,0.9267120361328125,0.9990294775628372,0.1875,-0.24672808639297727,0.0023318861794905388,1.0371415503905155,0.002414891611351777,0.0005227341385989348,1.0005780129285995,0.0,,,,,,0.9093690514564514,clear,2bc7389cb4834c556f4418d12ad2e6e86da0f46a,0142aebf95c49d9137de52a9e7a4fc098a0a6a56,2812006062d10e04141180a4291b663ef2edff7e,04a76c84423d9a4eb2f2010ef6692e347326cc00,2.19.0.dev0+04a76c84,0f82ea5319d53ec37fca894a6efb5549c2990c1efa62415dff5578929a86ccc0
nano,hybridep,"moe_router,moe_preprocess",off,completed,,,nemorl,oci-hsg,direct-4n4g,performance,20,1,1,nano-ep8-v2,5893778,254.44396686303662,11.744236017230977,25.217507197055966,118.49902437418022,125.2623608680442,23.855929101862674,99.89354308403563,29.91434589006548,reported,0.0,0.0,0.0,1.0,0.0,0.0,0.0,184.0,0.0,47812.0,47864.0,65536.0,0.72955322265625,0.9989135885007522,0.0,3.6763376272119785e-06,0.0022581959474337054,1.0416004258440807,0.002579482600594929,0.0005755279009918013,1.0002151808002964,0.0,,,,,,0.0019066488603129983,clear,2bc7389cb4834c556f4418d12ad2e6e86da0f46a,0142aebf95c49d9137de52a9e7a4fc098a0a6a56,2812006062d10e04141180a4291b663ef2edff7e,04a76c84423d9a4eb2f2010ef6692e347326cc00,2.19.0.dev0+04a76c84,0f82ea5319d53ec37fca894a6efb5549c2990c1efa62415dff5578929a86ccc0
nano,hybridep,"moe_router,moe_preprocess",off,completed,,,nemorl,oci-hsg,direct-4n4g,performance,20,2,1,nano-ep8-v2,5893778,36.35227809601929,66.45560131387035,16.83773069496965,143.47613367647787,2.7406706189503893,881.4676536814912,3.0168375759967603,800.77645519309,reported,0.0,0.0,0.0,1.0,0.0,0.0,0.0,138.0,0.0,38653.0,38704.0,49152.0,0.7863972981770834,0.9986823067383216,0.0,2.589891411730605e-05,0.002517249298762181,1.0406730398535728,0.002698942384085967,0.0006183980931382393,1.000208492623642,0.0,,,,,,0.017515359446406364,clear,2bc7389cb4834c556f4418d12ad2e6e86da0f46a,0142aebf95c49d9137de52a9e7a4fc098a0a6a56,2812006062d10e04141180a4291b663ef2edff7e,04a76c84423d9a4eb2f2010ef6692e347326cc00,2.19.0.dev0+04a76c84,0f82ea5319d53ec37fca894a6efb5549c2990c1efa62415dff5578929a86ccc0
nano,hybridep,"moe_router,moe_preprocess",off,completed,,,nemorl,oci-hsg,direct-4n4g,performance,20,3,1,nano-ep8-v2,5893778,40.97037657297915,67.81119024012867,24.977013455994893,111.23227382228016,2.8795691980049014,964.81445972019,3.299060863966588,842.1335993964061,reported,0.0,0.0,0.0,1.0,0.0,0.0,0.0,138.0,0.0,44452.0,44504.0,49152.0,0.9043782552083334,0.9988315657019594,0.0,1.8639650733121016e-05,0.0016772968265286181,1.0369241770822555,0.0017704220308587537,0.0004249940325280477,0.9997926340438426,0.0,,,,,,0.007479321677237749,clear,2bc7389cb4834c556f4418d12ad2e6e86da0f46a,0142aebf95c49d9137de52a9e7a4fc098a0a6a56,2812006062d10e04141180a4291b663ef2edff7e,04a76c84423d9a4eb2f2010ef6692e347326cc00,2.19.0.dev0+04a76c84,0f82ea5319d53ec37fca894a6efb5549c2990c1efa62415dff5578929a86ccc0
nano,hybridep,"moe_router,moe_preprocess",off,completed,,,nemorl,oci-hsg,direct-4n4g,performance,20,4,1,nano-ep8-v2,5893778,44.72628166899085,67.15989766890395,27.23796154098818,110.28037085226838,4.9589385250001214,605.736990861351,3.023376177006867,993.529195223654,reported,1.0,1.0,0.0,1.0,0.0,0.0,138.0,138.0,1.0,48061.0,48104.0,49152.0,0.9778035481770834,0.9991061034425411,0.0,1.8161130896032773e-05,0.0018021742471319158,1.0376219972968102,0.002010536605666857,0.0004607432119883015,1.000209336169064,0.0,,,,,,0.004741067998111248,clear,2bc7389cb4834c556f4418d12ad2e6e86da0f46a,0142aebf95c49d9137de52a9e7a4fc098a0a6a56,2812006062d10e04141180a4291b663ef2edff7e,04a76c84423d9a4eb2f2010ef6692e347326cc00,2.19.0.dev0+04a76c84,0f82ea5319d53ec37fca894a6efb5549c2990c1efa62415dff5578929a86ccc0
nano,hybridep,"moe_router,moe_preprocess",off,completed,,,nemorl,oci-hsg,direct-4n4g,performance,20,5,1,nano-ep8-v2,5893778,45.97881541500101,63.57955231369973,28.03931038401788,104.25764613905262,4.64723042800324,629.0440177841687,3.532163213007152,827.6266762631279,reported,1.0,1.0,0.0,1.0,0.0,0.0,138.0,138.0,1.0,46773.0,46840.0,49152.0,0.95159912109375,0.9985695986336465,0.0,2.849280591021852e-05,0.0022523172083310783,1.0402985215187073,0.0022974657167651458,0.0005527232628992351,1.0005422653630376,0.0,,,,,,0.0334765762090683,clear,2bc7389cb4834c556f4418d12ad2e6e86da0f46a,0142aebf95c49d9137de52a9e7a4fc098a0a6a56,2812006062d10e04141180a4291b663ef2edff7e,04a76c84423d9a4eb2f2010ef6692e347326cc00,2.19.0.dev0+04a76c84,0f82ea5319d53ec37fca894a6efb5549c2990c1efa62415dff5578929a86ccc0
nano,hybridep,"moe_router,moe_preprocess",off,completed,,,nemorl,oci-hsg,direct-4n4g,performance,20,6,1,nano-ep8-v2,5893778,47.58260081097251,77.45740958216176,27.999997210979927,131.6294773970448,6.03287331701722,610.9236521847356,3.6127008509938605,1020.1854933507926,reported,1.0,1.0,0.0,1.0,0.0,0.0,184.0,184.0,1.0,58970.0,59016.0,65536.0,0.899810791015625,0.9992205503592246,0.0,2.4236724755155592e-05,0.0020557494417516864,1.0406339489854872,0.0023481633743358543,0.0005210624358369387,1.0002894814824685,0.0,,,,,,0.017914343625307083,clear,2bc7389cb4834c556f4418d12ad2e6e86da0f46a,0142aebf95c49d9137de52a9e7a4fc098a0a6a56,2812006062d10e04141180a4291b663ef2edff7e,04a76c84423d9a4eb2f2010ef6692e347326cc00,2.19.0.dev0+04a76c84,0f82ea5319d53ec37fca894a6efb5549c2990c1efa62415dff5578929a86ccc0
nano,hybridep,"moe_router,moe_preprocess",off,completed,,,nemorl,oci-hsg,direct-4n4g,performance,20,7,1,nano-ep8-v2,5893778,33.20478766103042,69.98802473076506,11.584393813973293,200.6093315989333,4.803225174022373,483.82855598124314,3.2499696809682064,715.0643630951259,reported,1.0,1.0,0.0,1.0,0.0,0.0,138.0,138.0,1.0,37183.0,37256.0,49152.0,0.7564900716145834,0.9980405840669959,0.0,3.8464805598437124e-05,0.002139831210115517,1.0389809232437983,0.002970539982925402,0.0005497134625329636,1.0003469494404271,0.0,,,,,,0.03642347455024719,clear,2bc7389cb4834c556f4418d12ad2e6e86da0f46a,0142aebf95c49d9137de52a9e7a4fc098a0a6a56,2812006062d10e04141180a4291b663ef2edff7e,04a76c84423d9a4eb2f2010ef6692e347326cc00,2.19.0.dev0+04a76c84,0f82ea5319d53ec37fca894a6efb5549c2990c1efa62415dff5578929a86ccc0
nano,hybridep,"moe_router,moe_preprocess",off,completed,,,nemorl,oci-hsg,direct-4n4g,performance,20,8,1,nano-ep8-v2,5893778,40.95229967002524,67.11619425884871,23.207581867987756,118.43381682911705,4.473258287005592,614.4430577559815,3.415947822970338,804.6266051013587,reported,1.0,1.0,0.0,1.0,0.0,0.0,138.0,138.0,1.0,43977.0,44040.0,49152.0,0.89471435546875,0.9985694822888284,0.0,1.770841047132876e-05,0.001990832624869654,1.0385015756182838,0.002094244001455081,0.0005017052923221854,0.9997705998248421,0.0,,,,,,0.005953552667051554,clear,2bc7389cb4834c556f4418d12ad2e6e86da0f46a,0142aebf95c49d9137de52a9e7a4fc098a0a6a56,2812006062d10e04141180a4291b663ef2edff7e,04a76c84423d9a4eb2f2010ef6692e347326cc00,2.19.0.dev0+04a76c84,0f82ea5319d53ec37fca894a6efb5549c2990c1efa62415dff5578929a86ccc0
nano,hybridep,"moe_router,moe_preprocess",off,completed,,,nemorl,oci-hsg,direct-4n4g,performance,20,9,1,nano-ep8-v2,5893778,44.46170587599045,51.82268549089205,26.4772420389927,87.02284764428049,5.001056144014001,460.72768104351627,3.311013553990051,695.8971814607447,reported,1.0,1.0,0.0,1.0,0.0,0.0,138.0,138.0,1.0,36866.0,36912.0,49152.0,0.7500406901041666,0.998753792804508,0.0625,0.036362264289167,0.0021583207960702566,1.0411900629114825,0.00227148952387779,0.000533703291381471,0.9999960779823596,0.0,,,,,,0.908949077129364,clear,2bc7389cb4834c556f4418d12ad2e6e86da0f46a,0142aebf95c49d9137de52a9e7a4fc098a0a6a56,2812006062d10e04141180a4291b663ef2edff7e,04a76c84423d9a4eb2f2010ef6692e347326cc00,2.19.0.dev0+04a76c84,0f82ea5319d53ec37fca894a6efb5549c2990c1efa62415dff5578929a86ccc0
nano,hybridep,"moe_router,moe_preprocess",off,completed,,,nemorl,oci-hsg,direct-4n4g,performance,20,10,1,nano-ep8-v2,5893778,89.64309078099905,30.03020061609257,25.9632395519875,103.6850580456138,4.52578452101443,594.814001307469,3.3124418680090457,812.6935074691697,reported,1.0,1.0,0.0,1.0,0.0,0.0,138.0,138.0,1.0,43072.0,43144.0,49152.0,0.8763020833333334,0.9983311700352309,0.0625,0.0999568940458424,0.0030950392929298687,1.046864068834111,0.004847593714657705,0.0008155722764513484,0.99977591066272,0.0,,,,,,0.6948903799057007,clear,2bc7389cb4834c556f4418d12ad2e6e86da0f46a,0142aebf95c49d9137de52a9e7a4fc098a0a6a56,2812006062d10e04141180a4291b663ef2edff7e,04a76c84423d9a4eb2f2010ef6692e347326cc00,2.19.0.dev0+04a76c84,0f82ea5319d53ec37fca894a6efb5549c2990c1efa62415dff5578929a86ccc0
nano,hybridep,"moe_router,moe_preprocess",off,completed,,,nemorl,oci-hsg,direct-4n4g,performance,20,11,1,nano-ep8-v2,5893778,34.8355949059478,62.53840377584693,20.05972150299931,108.60382581454401,4.6957814319757745,463.94035403035326,3.6877126109902747,590.7625484446258,reported,1.0,1.0,0.0,1.0,0.0,0.0,138.0,138.0,1.0,34857.0,34920.0,49152.0,0.70916748046875,0.9981958762886598,0.0,7.261040985184763e-05,0.0039918757468058175,1.0530763215210754,0.0046706125924629305,0.001007070756770645,1.0003852445806842,0.0,,,,,,0.05165684223175049,clear,2bc7389cb4834c556f4418d12ad2e6e86da0f46a,0142aebf95c49d9137de52a9e7a4fc098a0a6a56,2812006062d10e04141180a4291b663ef2edff7e,04a76c84423d9a4eb2f2010ef6692e347326cc00,2.19.0.dev0+04a76c84,0f82ea5319d53ec37fca894a6efb5549c2990c1efa62415dff5578929a86ccc0
nano,hybridep,"moe_router,moe_preprocess",off,completed,,,nemorl,oci-hsg,direct-4n4g,performance,20,12,1,nano-ep8-v2,5893778,45.960415824025404,65.20420771374837,26.92949861002853,111.28363522089448,5.059281459019985,592.3395494546179,4.728434770018794,633.785310733617,reported,1.0,1.0,0.0,1.0,0.0,0.0,184.0,184.0,1.0,47949.0,48016.0,65536.0,0.7316436767578125,0.9986046317894035,0.0625,0.10907460772079958,0.0029952698014312773,1.0466314613004215,0.0038604732189924107,0.000782962224889161,1.000178822374437,0.0,,,,,,0.4805585443973541,clear,2bc7389cb4834c556f4418d12ad2e6e86da0f46a,0142aebf95c49d9137de52a9e7a4fc098a0a6a56,2812006062d10e04141180a4291b663ef2edff7e,04a76c84423d9a4eb2f2010ef6692e347326cc00,2.19.0.dev0+04a76c84,0f82ea5319d53ec37fca894a6efb5549c2990c1efa62415dff5578929a86ccc0
nano,hybridep,"moe_router,moe_preprocess",off,completed,,,nemorl,oci-hsg,direct-4n4g,performance,20,13,1,nano-ep8-v2,5893778,47.05619987298269,70.43705205577001,28.78033937496366,115.16542445233709,5.022122818976641,659.9798769308865,3.518010122992564,942.1519222862696,reported,1.0,1.0,0.0,1.0,0.0,0.0,184.0,184.0,1.0,53032.0,53080.0,65536.0,0.8092041015625,0.9990957045968349,0.0625,0.11234177578069193,0.0030085935341048753,1.0646851556375623,0.023029023730487097,0.000819648777905968,1.0000521265901625,0.0,,,,,,0.3602929711341858,clear,2bc7389cb4834c556f4418d12ad2e6e86da0f46a,0142aebf95c49d9137de52a9e7a4fc098a0a6a56,2812006062d10e04141180a4291b663ef2edff7e,04a76c84423d9a4eb2f2010ef6692e347326cc00,2.19.0.dev0+04a76c84,0f82ea5319d53ec37fca894a6efb5549c2990c1efa62415dff5578929a86ccc0
nano,hybridep,"moe_router,moe_preprocess",off,completed,,,nemorl,oci-hsg,direct-4n4g,performance,20,14,1,nano-ep8-v2,5893778,44.689677884976845,65.26814777021549,27.80099653301295,104.91755202143068,4.201787783997133,694.1836784591856,3.26922148198355,892.2040051658626,reported,1.0,1.0,0.0,1.0,0.0,0.0,138.0,138.0,1.0,46669.0,46720.0,49152.0,0.9494832356770834,0.9989083904109589,0.0,0.00019838435173369362,0.002788072548355558,1.0655797279905528,0.02025248561585613,0.0007417566125695885,1.0002696828451008,0.0,,,,,,0.03588312119245529,clear,2bc7389cb4834c556f4418d12ad2e6e86da0f46a,0142aebf95c49d9137de52a9e7a4fc098a0a6a56,2812006062d10e04141180a4291b663ef2edff7e,04a76c84423d9a4eb2f2010ef6692e347326cc00,2.19.0.dev0+04a76c84,0f82ea5319d53ec37fca894a6efb5549c2990c1efa62415dff5578929a86ccc0
nano,hybridep,"moe_router,moe_preprocess",off,completed,,,nemorl,oci-hsg,direct-4n4g,performance,20,15,1,nano-ep8-v2,5893778,48.877124636026565,87.11897501559253,29.22939748200588,145.67953385359294,5.8502954239957035,727.8478591926792,3.9647552680107765,1073.994411296013,reported,1.0,1.0,0.0,1.0,0.0,0.0,230.0,230.0,1.0,68130.0,68160.0,81920.0,0.8316650390625,0.9995598591549296,0.0,0.00029662917415862466,0.0024195889418479055,1.0456956936977804,0.002681120697161532,0.0006178718908813607,1.0001190991606563,0.0,,,,,,0.04389916732907295,clear,2bc7389cb4834c556f4418d12ad2e6e86da0f46a,0142aebf95c49d9137de52a9e7a4fc098a0a6a56,2812006062d10e04141180a4291b663ef2edff7e,04a76c84423d9a4eb2f2010ef6692e347326cc00,2.19.0.dev0+04a76c84,0f82ea5319d53ec37fca894a6efb5549c2990c1efa62415dff5578929a86ccc0
nano,hybridep,"moe_router,moe_preprocess",off,completed,,,nemorl,oci-hsg,direct-4n4g,performance,20,16,1,nano-ep8-v2,5893778,45.03328887897078,62.040216683011515,27.194022576033603,102.73857029383632,4.791026504011825,583.1474732315746,3.348412594990805,834.3879138967557,reported,1.0,1.0,0.0,1.0,0.0,0.0,138.0,138.0,1.0,44702.0,44744.0,49152.0,0.9094645182291666,0.9990613266583229,0.0625,-0.09565791859267847,0.002471478140250838,1.0449743678618688,0.0029279754139679426,0.0006446137264219942,0.9997261078679003,0.0,,,,,,0.48002558946609497,clear,2bc7389cb4834c556f4418d12ad2e6e86da0f46a,0142aebf95c49d9137de52a9e7a4fc098a0a6a56,2812006062d10e04141180a4291b663ef2edff7e,04a76c84423d9a4eb2f2010ef6692e347326cc00,2.19.0.dev0+04a76c84,0f82ea5319d53ec37fca894a6efb5549c2990c1efa62415dff5578929a86ccc0
nano,hybridep,"moe_router,moe_preprocess",off,completed,,,nemorl,oci-hsg,direct-4n4g,performance,20,17,1,nano-ep8-v2,5893778,45.541644215001725,80.82437653376368,27.883986894972622,132.00676839593723,5.1426353030256,715.7565689782449,3.4792669090093113,1057.9455661963268,reported,1.0,1.0,0.0,1.0,0.0,0.0,184.0,184.0,1.0,58894.0,58928.0,65536.0,0.898651123046875,0.9994230247081184,0.125,0.09737471587504842,0.0017187953390020994,1.035064470837824,0.0018741019407571002,0.00043915945138905954,0.999621128605213,0.0,,,,,,0.4533618688583374,clear,2bc7389cb4834c556f4418d12ad2e6e86da0f46a,0142aebf95c49d9137de52a9e7a4fc098a0a6a56,2812006062d10e04141180a4291b663ef2edff7e,04a76c84423d9a4eb2f2010ef6692e347326cc00,2.19.0.dev0+04a76c84,0f82ea5319d53ec37fca894a6efb5549c2990c1efa62415dff5578929a86ccc0
nano,hybridep,"moe_router,moe_preprocess",off,completed,,,nemorl,oci-hsg,direct-4n4g,performance,20,18,1,nano-ep8-v2,5893778,43.779721419967245,67.79679960791812,26.099903086957056,113.72168663274714,4.452782489010133,666.5775854368811,3.322980543016456,893.2116699382375,reported,1.0,1.0,0.0,1.0,0.0,0.0,138.0,138.0,1.0,47490.0,47552.0,49152.0,0.9661865234375,0.9986961641991925,0.0,0.0004665490209845302,0.0014591165145247942,1.0297427241457626,0.001498028514561156,0.0003651763945526909,1.0002707426901907,0.0,,,,,,0.03998478874564171,clear,2bc7389cb4834c556f4418d12ad2e6e86da0f46a,0142aebf95c49d9137de52a9e7a4fc098a0a6a56,2812006062d10e04141180a4291b663ef2edff7e,04a76c84423d9a4eb2f2010ef6692e347326cc00,2.19.0.dev0+04a76c84,0f82ea5319d53ec37fca894a6efb5549c2990c1efa62415dff5578929a86ccc0
nano,hybridep,"moe_router,moe_preprocess",off,completed,,,nemorl,oci-hsg,direct-4n4g,performance,20,19,1,nano-ep8-v2,5893778,44.961669331998564,68.31513477223173,27.250213311985135,112.71700756371956,4.740654236986302,647.9195373574922,3.4743285850272514,884.0736921766735,reported,1.0,1.0,0.0,1.0,0.0,0.0,184.0,184.0,1.0,49145.0,49192.0,65536.0,0.7498931884765625,0.9990445600910717,0.125,0.022363639294781024,0.001530648843072413,1.0314166345633566,0.0015809955993972835,0.0003852971901778801,1.000010855961591,0.0,,,,,,0.5474730730056763,clear,2bc7389cb4834c556f4418d12ad2e6e86da0f46a,0142aebf95c49d9137de52a9e7a4fc098a0a6a56,2812006062d10e04141180a4291b663ef2edff7e,04a76c84423d9a4eb2f2010ef6692e347326cc00,2.19.0.dev0+04a76c84,0f82ea5319d53ec37fca894a6efb5549c2990c1efa62415dff5578929a86ccc0
nano,hybridep,"moe_router,moe_preprocess",off,completed,,,nemorl,oci-hsg,direct-4n4g,performance,20,20,1,nano-ep8-v2,5893778,94.74830125400331,45.14658778454104,27.4357714469661,155.9118725080727,5.306175142002758,806.1480040753952,3.836200680991169,1115.05180664709,reported,1.0,1.0,0.0,1.0,0.0,0.0,230.0,230.0,1.0,68441.0,68480.0,81920.0,0.83546142578125,0.9994304906542056,0.125,0.2782844714820385,0.002898367806665192,1.1750381598249078,0.13288063661002525,0.0007440495294304128,0.9999708971008658,0.0,,,,,,0.568614661693573,clear,2bc7389cb4834c556f4418d12ad2e6e86da0f46a,0142aebf95c49d9137de52a9e7a4fc098a0a6a56,2812006062d10e04141180a4291b663ef2edff7e,04a76c84423d9a4eb2f2010ef6692e347326cc00,2.19.0.dev0+04a76c84,0f82ea5319d53ec37fca894a6efb5549c2990c1efa62415dff5578929a86ccc0
