job_id,label,step,max_steps,status,loss,draft_training_enabled,draft_refit_this_step,draft_loss,generation_kl_error,avg_reward,total_step_time_s,generation_time_s,policy_training_time_s,policy_and_reference_logprobs_time_s,prepare_for_generation_total_s,e2e_tokens_per_sec_per_gpu,generation_worker_tokens_per_sec_per_gpu,policy_training_tokens_per_sec_per_gpu,policy_logprobs_tokens_per_sec_per_gpu,mean_generation_length,vllm_acceptance_rate_pct_mean_visible,vllm_acceptance_rate_pct_mean_weighted,vllm_acceptance_rate_pct_latest_visible,vllm_acceptance_length_mean_visible,vllm_acceptance_length_mean_weighted,vllm_acceptance_length_latest_visible,vllm_accepted_throughput_mean_visible,vllm_drafted_throughput_mean_visible,vllm_accepted_tokens_sum_weighted,vllm_drafted_tokens_sum_weighted,vllm_specdec_metric_visible_count,vllm_specdec_metric_weighted_count,error_count,latest_error,log_path,vllm_acceptance_rate_pos1_weighted,vllm_acceptance_rate_pos2_weighted,vllm_acceptance_rate_pos3_weighted,vllm_acceptance_rate_pos4_weighted,vllm_acceptance_rate_pos5_weighted,vllm_acceptance_rate_pos6_weighted,vllm_acceptance_rate_pos7_weighted,vllm_acceptance_rate_pos8_weighted,vllm_acceptance_rate_pos9_weighted
2152132,qwen30_sync_baseline,1,20,completed_step,0.0017,,,,0.0019,0.582,409.12,237.51,110.37,55.22,4.73,1033.3,1779.93,3830.27,7655.44,3201.8667,,,,,,,,,,,0,0,0,,tmp/lyris_nemorl_perfcfg_step20_20260618_logs/lustre/fsw/coreai_dlalgo_llm/users/sna/nemorl_reference_runs/20260618_lyris_nemorl_qwen30_qwen32_recipe_osl_bestk_step20/logs/qwen30ba3b_sync_baseline/2152132-logs/ray-driver.log,,,,,,,,,
2152132,qwen30_sync_baseline,2,20,completed_step,0.0116,,,,0.0019,0.4932,401.86,258.41,91.41,41.38,8.38,1016.05,1580.1,4466.58,9867.34,3048.04,,,,,,,,,,,0,0,0,,tmp/lyris_nemorl_perfcfg_step20_20260618_logs/lustre/fsw/coreai_dlalgo_llm/users/sna/nemorl_reference_runs/20260618_lyris_nemorl_qwen30_qwen32_recipe_osl_bestk_step20/logs/qwen30ba3b_sync_baseline/2152132-logs/ray-driver.log,,,,,,,,,
2152132,qwen30_sync_baseline,3,20,completed_step,0.0027,,,,0.0018,0.4653,409.27,256.99,99.24,44.97,6.39,1066.45,1698.38,4398.18,9706.59,3309.0137,,,,,,,,,,,0,0,0,,tmp/lyris_nemorl_perfcfg_step20_20260618_logs/lustre/fsw/coreai_dlalgo_llm/users/sna/nemorl_reference_runs/20260618_lyris_nemorl_qwen30_qwen32_recipe_osl_bestk_step20/logs/qwen30ba3b_sync_baseline/2152132-logs/ray-driver.log,,,,,,,,,
2152132,qwen30_sync_baseline,4,20,completed_step,0.0098,,,,0.002,0.5166,389.15,251.05,88.07,41.33,6.92,1040.22,1612.43,4596.34,9793.36,3033.6064,,,,,,,,,,,0,0,0,,tmp/lyris_nemorl_perfcfg_step20_20260618_logs/lustre/fsw/coreai_dlalgo_llm/users/sna/nemorl_reference_runs/20260618_lyris_nemorl_qwen30_qwen32_recipe_osl_bestk_step20/logs/qwen30ba3b_sync_baseline/2152132-logs/ray-driver.log,,,,,,,,,
2152132,qwen30_sync_baseline,5,20,completed_step,17.2901,,,,0.0019,0.541,394.61,254.42,90.35,41.25,6.88,1041.33,1615.11,4548.05,9962.03,3114.6934,,,,,,,,,,,0,0,0,,tmp/lyris_nemorl_perfcfg_step20_20260618_logs/lustre/fsw/coreai_dlalgo_llm/users/sna/nemorl_reference_runs/20260618_lyris_nemorl_qwen30_qwen32_recipe_osl_bestk_step20/logs/qwen30ba3b_sync_baseline/2152132-logs/ray-driver.log,,,,,,,,,
2152132,qwen30_sync_baseline,6,20,completed_step,-0.0057,,,,0.002,0.5835,391.9,256.91,87.97,38.57,6.73,994.19,1516.58,4428.76,10101.57,2936.2393,,,,,,,,,,,0,0,0,,tmp/lyris_nemorl_perfcfg_step20_20260618_logs/lustre/fsw/coreai_dlalgo_llm/users/sna/nemorl_reference_runs/20260618_lyris_nemorl_qwen30_qwen32_recipe_osl_bestk_step20/logs/qwen30ba3b_sync_baseline/2152132-logs/ray-driver.log,,,,,,,,,
2152132,qwen30_sync_baseline,7,20,completed_step,0.004,,,,0.0019,0.4775,408.66,254.84,100.17,44.95,6.64,1083.51,1737.53,4420.16,9851.66,3355.729,,,,,,,,,,,0,0,0,,tmp/lyris_nemorl_perfcfg_step20_20260618_logs/lustre/fsw/coreai_dlalgo_llm/users/sna/nemorl_reference_runs/20260618_lyris_nemorl_qwen30_qwen32_recipe_osl_bestk_step20/logs/qwen30ba3b_sync_baseline/2152132-logs/ray-driver.log,,,,,,,,,
2152132,qwen30_sync_baseline,8,20,completed_step,0.0155,,,,0.0019,0.4258,416.91,263.01,100.14,44.76,6.89,1077.79,1708.46,4487.29,10039.84,3417.3906,,,,,,,,,,,0,0,0,,tmp/lyris_nemorl_perfcfg_step20_20260618_logs/lustre/fsw/coreai_dlalgo_llm/users/sna/nemorl_reference_runs/20260618_lyris_nemorl_qwen30_qwen32_recipe_osl_bestk_step20/logs/qwen30ba3b_sync_baseline/2152132-logs/ray-driver.log,,,,,,,,,
2152132,qwen30_sync_baseline,9,20,completed_step,0.0053,,,,0.0019,0.5063,393.46,259.11,85.54,39.57,7.16,982.69,1492.22,4520.13,9772.32,2901.9692,,,,,,,,,,,0,0,0,,tmp/lyris_nemorl_perfcfg_step20_20260618_logs/lustre/fsw/coreai_dlalgo_llm/users/sna/nemorl_reference_runs/20260618_lyris_nemorl_qwen30_qwen32_recipe_osl_bestk_step20/logs/qwen30ba3b_sync_baseline/2152132-logs/ray-driver.log,,,,,,,,,
2152132,qwen30_sync_baseline,10,20,completed_step,0.0041,,,,0.0019,0.6001,400.32,259.01,90.52,41.47,6.84,1006.3,1555.33,4450.28,9713.51,3007.9814,,,,,,,,,,,0,0,0,,tmp/lyris_nemorl_perfcfg_step20_20260618_logs/lustre/fsw/coreai_dlalgo_llm/users/sna/nemorl_reference_runs/20260618_lyris_nemorl_qwen30_qwen32_recipe_osl_bestk_step20/logs/qwen30ba3b_sync_baseline/2152132-logs/ray-driver.log,,,,,,,,,
2152132,qwen30_sync_baseline,11,20,completed_step,0.0007,,,,0.0018,0.5039,464.49,324.23,90.43,41.11,6.71,877.2,1256.71,4505.71,9910.71,3077.144,,,,,,,,,,,0,0,0,,tmp/lyris_nemorl_perfcfg_step20_20260618_logs/lustre/fsw/coreai_dlalgo_llm/users/sna/nemorl_reference_runs/20260618_lyris_nemorl_qwen30_qwen32_recipe_osl_bestk_step20/logs/qwen30ba3b_sync_baseline/2152132-logs/ray-driver.log,,,,,,,,,
2152132,qwen30_sync_baseline,12,20,completed_step,-0.0011,,,,0.0018,0.5483,447.31,299.78,95.48,43.47,6.45,956.39,1427.03,4480.38,9840.82,3240.7344,,,,,,,,,,,0,0,0,,tmp/lyris_nemorl_perfcfg_step20_20260618_logs/lustre/fsw/coreai_dlalgo_llm/users/sna/nemorl_reference_runs/20260618_lyris_nemorl_qwen30_qwen32_recipe_osl_bestk_step20/logs/qwen30ba3b_sync_baseline/2152132-logs/ray-driver.log,,,,,,,,,
2152132,qwen30_sync_baseline,13,20,completed_step,0.0047,,,,0.0019,0.5391,435.88,284.51,96.91,45.6,7.12,994.89,1524.19,4474.78,9509.18,3267.0273,,,,,,,,,,,0,0,0,,tmp/lyris_nemorl_perfcfg_step20_20260618_logs/lustre/fsw/coreai_dlalgo_llm/users/sna/nemorl_reference_runs/20260618_lyris_nemorl_qwen30_qwen32_recipe_osl_bestk_step20/logs/qwen30ba3b_sync_baseline/2152132-logs/ray-driver.log,,,,,,,,,
2152132,qwen30_sync_baseline,14,20,completed_step,0.012,,,,0.0018,0.4614,434.21,280.92,98.75,45.32,7.14,1021.05,1578.23,4489.55,9782.22,3357.9116,,,,,,,,,,,0,0,0,,tmp/lyris_nemorl_perfcfg_step20_20260618_logs/lustre/fsw/coreai_dlalgo_llm/users/sna/nemorl_reference_runs/20260618_lyris_nemorl_qwen30_qwen32_recipe_osl_bestk_step20/logs/qwen30ba3b_sync_baseline/2152132-logs/ray-driver.log,,,,,,,,,
2152132,qwen30_sync_baseline,15,20,completed_step,-0.0009,,,,0.0019,0.5547,409.04,271.93,88.42,39.86,6.89,974.33,1465.61,4507.49,9997.48,3019.5044,,,,,,,,,,,0,0,0,,tmp/lyris_nemorl_perfcfg_step20_20260618_logs/lustre/fsw/coreai_dlalgo_llm/users/sna/nemorl_reference_runs/20260618_lyris_nemorl_qwen30_qwen32_recipe_osl_bestk_step20/logs/qwen30ba3b_sync_baseline/2152132-logs/ray-driver.log,,,,,,,,,
2152132,qwen30_sync_baseline,16,20,completed_step,0.012,,,,0.0019,0.5552,443.06,304.73,90.36,39.51,6.7,900.4,1309.15,4414.82,10095.85,3006.8486,,,,,,,,,,,0,0,0,,tmp/lyris_nemorl_perfcfg_step20_20260618_logs/lustre/fsw/coreai_dlalgo_llm/users/sna/nemorl_reference_runs/20260618_lyris_nemorl_qwen30_qwen32_recipe_osl_bestk_step20/logs/qwen30ba3b_sync_baseline/2152132-logs/ray-driver.log,,,,,,,,,
2152132,qwen30_sync_baseline,17,20,completed_step,0.0036,,,,0.0018,0.5962,462.32,322.49,90.34,40.56,7.09,879.27,1260.52,4499.9,10023.33,3077.9072,,,,,,,,,,,0,0,0,,tmp/lyris_nemorl_perfcfg_step20_20260618_logs/lustre/fsw/coreai_dlalgo_llm/users/sna/nemorl_reference_runs/20260618_lyris_nemorl_qwen30_qwen32_recipe_osl_bestk_step20/logs/qwen30ba3b_sync_baseline/2152132-logs/ray-driver.log,,,,,,,,,
2152132,qwen30_sync_baseline,18,20,completed_step,-0.0085,,,,0.002,0.6133,427.73,289.95,88.6,40.35,6.88,929.17,1370.66,4485.74,9850.17,3007.1738,,,,,,,,,,,0,0,0,,tmp/lyris_nemorl_perfcfg_step20_20260618_logs/lustre/fsw/coreai_dlalgo_llm/users/sna/nemorl_reference_runs/20260618_lyris_nemorl_qwen30_qwen32_recipe_osl_bestk_step20/logs/qwen30ba3b_sync_baseline/2152132-logs/ray-driver.log,,,,,,,,,
2152132,qwen30_sync_baseline,19,20,completed_step,0.0012,,,,0.0019,0.4805,430.34,283.97,93.2,44.18,7.13,989.95,1500.22,4570.95,9642.14,3219.2627,,,,,,,,,,,0,0,0,,tmp/lyris_nemorl_perfcfg_step20_20260618_logs/lustre/fsw/coreai_dlalgo_llm/users/sna/nemorl_reference_runs/20260618_lyris_nemorl_qwen30_qwen32_recipe_osl_bestk_step20/logs/qwen30ba3b_sync_baseline/2152132-logs/ray-driver.log,,,,,,,,,
2152132,qwen30_sync_baseline,20,20,completed_step,-0.0054,,,,0.0019,0.5132,451.94,314.62,89.31,39.69,6.61,900.07,1292.93,4554.74,10248.62,3079.3022,,,,,,,,,,,0,0,0,,tmp/lyris_nemorl_perfcfg_step20_20260618_logs/lustre/fsw/coreai_dlalgo_llm/users/sna/nemorl_reference_runs/20260618_lyris_nemorl_qwen30_qwen32_recipe_osl_bestk_step20/logs/qwen30ba3b_sync_baseline/2152132-logs/ray-driver.log,,,,,,,,,
2152134,qwen30_sync_suffix,1,20,completed_step,0.0061,,,,0.0019,0.5854,448.96,249.46,128.45,62.6,6.42,940.82,1693.25,3288.42,6747.6,3199.123,14.56086956521739,17.198916967509025,0.0,1.6760869565217391,1.8441155234657038,1.0,923.1200000000001,12039.652608695653,3401149.0,38194515.0,23,277,0,,tmp/lyris_nemorl_perfcfg_step20_20260618_logs/lustre/fsw/coreai_dlalgo_llm/users/sna/nemorl_reference_runs/20260618_lyris_nemorl_qwen30_qwen32_recipe_osl_bestk_step20/logs/qwen30ba3b_sync_suffix/2152134-logs/ray-driver.log,0.2894981949458484,0.17817328519855596,0.11511552346570397,0.07678339350180506,0.053519855595667874,0.037422382671480146,0.027974729241877255,0.020310469314079423,0.016180505415162454
2152134,qwen30_sync_suffix,2,20,completed_step,0.0073,,,,0.002,0.4907,423.24,243.08,116.15,51.09,10.36,968.86,1686.98,3530.49,8027.04,3061.7876,14.299999999999999,16.77003367003367,0.0,1.7375,1.8217171717171716,1.0,798.3741666666666,7288.380833333333,3064760.0,26771443.0,24,297,0,,tmp/lyris_nemorl_perfcfg_step20_20260618_logs/lustre/fsw/coreai_dlalgo_llm/users/sna/nemorl_reference_runs/20260618_lyris_nemorl_qwen30_qwen32_recipe_osl_bestk_step20/logs/qwen30ba3b_sync_suffix/2152134-logs/ray-driver.log,0.28191245791245795,0.17065656565656567,0.11012457912457913,0.07452861952861953,0.05238047138047138,0.03665319865319865,0.02792255892255892,0.02073063973063973,0.016259259259259258
2152134,qwen30_sync_suffix,3,20,completed_step,0.0057,,,,0.0018,0.478,414.89,231.99,118.0,53.97,8.42,1051.8,1881.02,3698.01,8086.16,3308.3101,15.06086956521739,17.75704918032787,5.0,1.7682608695652176,1.8725901639344262,1.56,966.6304347826087,9968.47,3567222.0,34351292.0,23,305,0,,tmp/lyris_nemorl_perfcfg_step20_20260618_logs/lustre/fsw/coreai_dlalgo_llm/users/sna/nemorl_reference_runs/20260618_lyris_nemorl_qwen30_qwen32_recipe_osl_bestk_step20/logs/qwen30ba3b_sync_suffix/2152134-logs/ray-driver.log,0.28238688524590166,0.1737639344262295,0.11384918032786884,0.07959672131147541,0.05812786885245901,0.04237049180327869,0.033609836065573766,0.02564918032786885,0.02122950819672131
2152134,qwen30_sync_suffix,4,20,completed_step,0.017,,,,0.002,0.5181,399.21,227.37,109.96,51.19,8.23,1014.46,1781.15,3682.98,7911.33,3035.0522,14.795454545454545,17.098293515358364,13.2,1.7881818181818183,1.896552901023891,1.77,975.4263636363637,7109.040454545454,3423872.0,23863904.0,22,293,0,,tmp/lyris_nemorl_perfcfg_step20_20260618_logs/lustre/fsw/coreai_dlalgo_llm/users/sna/nemorl_reference_runs/20260618_lyris_nemorl_qwen30_qwen32_recipe_osl_bestk_step20/logs/qwen30ba3b_sync_suffix/2152134-logs/ray-driver.log,0.32312286689419795,0.19141296928327647,0.11930375426621162,0.07863139931740615,0.053774744027303756,0.03767235494880546,0.028088737201365187,0.020467576791808873,0.015976109215017065
2152134,qwen30_sync_suffix,5,20,completed_step,-0.0025,,,,0.0018,0.5508,407.57,233.79,110.78,52.13,8.4,1011.06,1762.63,3719.77,7904.13,3123.75,16.01304347826087,17.466206896551725,0.8,1.878695652173913,1.9286896551724135,1.14,969.4534782608696,8309.547826086957,3574926.0,27087359.0,23,290,0,,tmp/lyris_nemorl_perfcfg_step20_20260618_logs/lustre/fsw/coreai_dlalgo_llm/users/sna/nemorl_reference_runs/20260618_lyris_nemorl_qwen30_qwen32_recipe_osl_bestk_step20/logs/qwen30ba3b_sync_suffix/2152134-logs/ray-driver.log,0.30864827586206894,0.1892793103448276,0.12320689655172412,0.08422758620689655,0.0607551724137931,0.04383448275862069,0.03417241379310345,0.025596551724137932,0.02060344827586207
2152134,qwen30_sync_suffix,6,20,completed_step,0.0196,,,,0.002,0.5757,390.45,224.12,108.03,47.6,8.14,999.88,1741.96,3613.82,8201.13,2942.3135,12.354545454545455,15.430357142857142,1.0,1.6527272727272726,1.7969642857142856,1.24,883.2295454545455,8884.035,3113688.0,28946797.0,22,280,0,,tmp/lyris_nemorl_perfcfg_step20_20260618_logs/lustre/fsw/coreai_dlalgo_llm/users/sna/nemorl_reference_runs/20260618_lyris_nemorl_qwen30_qwen32_recipe_osl_bestk_step20/logs/qwen30ba3b_sync_suffix/2152134-logs/ray-driver.log,0.2879,0.17064285714285715,0.10841428571428571,0.07015714285714285,0.04717142857142857,0.032796428571428574,0.023760714285714288,0.017382142857142856,0.013557142857142856
2152134,qwen30_sync_suffix,7,20,completed_step,-0.0026,,,,0.0019,0.4663,438.68,251.07,121.09,55.57,8.44,1013.78,1771.29,3672.75,8003.5,3370.8633,11.683333333333332,14.56072607260726,0.5,1.6420833333333331,1.7710561056105611,1.12,927.7654166666666,13975.42875,3568867.0,47397438.0,24,303,0,,tmp/lyris_nemorl_perfcfg_step20_20260618_logs/lustre/fsw/coreai_dlalgo_llm/users/sna/nemorl_reference_runs/20260618_lyris_nemorl_qwen30_qwen32_recipe_osl_bestk_step20/logs/qwen30ba3b_sync_suffix/2152134-logs/ray-driver.log,0.27483498349834984,0.1636336633663366,0.10485478547854786,0.07020462046204622,0.04767656765676567,0.03285478547854785,0.023973597359735973,0.017356435643564358,0.013066006600660067
2152134,qwen30_sync_suffix,8,20,completed_step,0.0017,,,,0.0019,0.4302,442.73,252.43,122.2,56.68,8.57,1017.36,1784.3,3685.82,7946.66,3425.811,14.15,16.596763754045305,16.3,1.7129166666666666,1.8197411003236243,1.75,847.89,7261.81,3259638.0,26954218.0,24,309,0,,tmp/lyris_nemorl_perfcfg_step20_20260618_logs/lustre/fsw/coreai_dlalgo_llm/users/sna/nemorl_reference_runs/20260618_lyris_nemorl_qwen30_qwen32_recipe_osl_bestk_step20/logs/qwen30ba3b_sync_suffix/2152134-logs/ray-driver.log,0.30059546925566344,0.17391262135922328,0.10839482200647249,0.07166990291262136,0.048734627831715206,0.033993527508090614,0.025611650485436892,0.017841423948220064,0.014135922330097089
2152134,qwen30_sync_suffix,9,20,completed_step,0.0088,,,,0.0019,0.5137,385.52,220.86,105.42,48.8,7.91,1000.46,1746.32,3658.63,7903.39,2894.4736,13.668181818181818,17.23345323741007,0.0,1.6859090909090908,1.852230215827338,1.0,866.8686363636364,10354.30409090909,3052373.0,32285018.0,22,278,0,,tmp/lyris_nemorl_perfcfg_step20_20260618_logs/lustre/fsw/coreai_dlalgo_llm/users/sna/nemorl_reference_runs/20260618_lyris_nemorl_qwen30_qwen32_recipe_osl_bestk_step20/logs/qwen30ba3b_sync_suffix/2152134-logs/ray-driver.log,0.30831294964028777,0.18029496402877698,0.1135251798561151,0.07444244604316547,0.051924460431654676,0.03625179856115108,0.026586330935251798,0.01937769784172662,0.01510431654676259
2152134,qwen30_sync_suffix,10,20,completed_step,0.0007,,,,0.0019,0.5952,395.84,222.42,110.84,51.12,8.41,1020.59,1816.38,3644.84,7902.95,3016.9443,13.813636363636363,17.278057553956835,0.2,1.6913636363636364,1.854136690647482,1.05,920.8213636363636,7288.264090909091,3218283.0,22269739.0,22,278,0,,tmp/lyris_nemorl_perfcfg_step20_20260618_logs/lustre/fsw/coreai_dlalgo_llm/users/sna/nemorl_reference_runs/20260618_lyris_nemorl_qwen30_qwen32_recipe_osl_bestk_step20/logs/qwen30ba3b_sync_suffix/2152134-logs/ray-driver.log,0.30552158273381297,0.1771294964028777,0.11154676258992806,0.07435971223021583,0.051798561151079135,0.03688489208633093,0.028115107913669064,0.020787769784172662,0.016633093525179856
2152134,qwen30_sync_suffix,11,20,completed_step,0.0092,,,,0.0018,0.5098,415.59,241.44,111.29,52.01,8.32,983.05,1692.15,3671.1,7854.76,3085.6729,17.921739130434784,17.30952380952381,16.0,2.0191304347826087,1.878877551020408,1.53,870.7582608695651,7335.716521739131,3206660.0,26696599.0,23,294,0,,tmp/lyris_nemorl_perfcfg_step20_20260618_logs/lustre/fsw/coreai_dlalgo_llm/users/sna/nemorl_reference_runs/20260618_lyris_nemorl_qwen30_qwen32_recipe_osl_bestk_step20/logs/qwen30ba3b_sync_suffix/2152134-logs/ray-driver.log,0.30824489795918364,0.18120408163265306,0.11648299319727892,0.07890476190476191,0.05596258503401361,0.03951020408163265,0.029445578231292516,0.021346938775510204,0.0168843537414966
2152134,qwen30_sync_suffix,12,20,completed_step,-0.0056,,,,0.0018,0.54,428.09,243.6,121.99,51.73,8.25,1000.17,1757.64,3509.91,8276.12,3243.5581,11.637500000000001,14.60990099009901,0.0,1.6404166666666666,1.7871287128712872,1.0,838.2570833333333,9559.2525,3224927.0,33131980.0,24,303,0,,tmp/lyris_nemorl_perfcfg_step20_20260618_logs/lustre/fsw/coreai_dlalgo_llm/users/sna/nemorl_reference_runs/20260618_lyris_nemorl_qwen30_qwen32_recipe_osl_bestk_step20/logs/qwen30ba3b_sync_suffix/2152134-logs/ray-driver.log,0.26335643564356437,0.16303300330033005,0.10606270627062707,0.0734983498349835,0.05194719471947195,0.03655775577557756,0.026976897689768974,0.02014191419141914,0.01612871287128713
2152134,qwen30_sync_suffix,13,20,completed_step,-0.001,,,,0.0019,0.5439,431.9,251.87,118.31,50.59,8.36,999.18,1713.34,3647.51,8529.72,3250.5645,11.74,15.084868421052633,2.9,1.6684,1.8194407894736842,1.39,945.8444000000001,8769.597600000001,3788453.0,33147074.0,25,304,0,,tmp/lyris_nemorl_perfcfg_step20_20260618_logs/lustre/fsw/coreai_dlalgo_llm/users/sna/nemorl_reference_runs/20260618_lyris_nemorl_qwen30_qwen32_recipe_osl_bestk_step20/logs/qwen30ba3b_sync_suffix/2152134-logs/ray-driver.log,0.3028453947368421,0.1751940789473684,0.10928947368421052,0.07308223684210526,0.05013815789473684,0.033980263157894736,0.02413486842105263,0.016990131578947368,0.01267763157894737
2152134,qwen30_sync_suffix,14,20,completed_step,0.0021,,,,0.0018,0.4639,422.74,239.8,121.68,50.57,8.19,1049.26,1849.74,3645.36,8770.55,3359.5483,14.265217391304349,16.8512987012987,0.0,1.6986956521739132,1.807987012987013,1.0,883.4547826086956,6065.347826086957,3247404.0,21014578.0,23,308,0,,tmp/lyris_nemorl_perfcfg_step20_20260618_logs/lustre/fsw/coreai_dlalgo_llm/users/sna/nemorl_reference_runs/20260618_lyris_nemorl_qwen30_qwen32_recipe_osl_bestk_step20/logs/qwen30ba3b_sync_suffix/2152134-logs/ray-driver.log,0.31360714285714286,0.17576623376623376,0.10587662337662337,0.06745779220779222,0.04555194805194805,0.03125324675324675,0.022305194805194807,0.01546103896103896,0.011717532467532467
2152134,qwen30_sync_suffix,15,20,completed_step,-0.0141,,,,0.0019,0.561,416.37,243.6,110.55,51.0,8.67,961.6,1643.59,3621.85,7850.94,3033.9336,13.73913043478261,17.039100346020764,4.4,1.7382608695652173,1.872006920415225,1.63,853.0995652173914,7929.0960869565215,3145504.0,27278410.0,23,289,0,,tmp/lyris_nemorl_perfcfg_step20_20260618_logs/lustre/fsw/coreai_dlalgo_llm/users/sna/nemorl_reference_runs/20260618_lyris_nemorl_qwen30_qwen32_recipe_osl_bestk_step20/logs/qwen30ba3b_sync_suffix/2152134-logs/ray-driver.log,0.2924429065743945,0.17416262975778546,0.11396539792387543,0.07956055363321798,0.05741176470588235,0.041792387543252596,0.0316401384083045,0.023820069204152246,0.01928373702422145
2152134,qwen30_sync_suffix,16,20,completed_step,-0.0117,,,,0.0019,0.5566,418.17,250.09,109.18,48.18,8.18,951.96,1591.76,3646.11,8262.65,3000.1143,12.258333333333333,15.706484641638225,0.0,1.6629166666666668,1.8131058020477817,1.0,794.9512500000001,8958.59125,3059817.0,30776183.0,24,293,0,,tmp/lyris_nemorl_perfcfg_step20_20260618_logs/lustre/fsw/coreai_dlalgo_llm/users/sna/nemorl_reference_runs/20260618_lyris_nemorl_qwen30_qwen32_recipe_osl_bestk_step20/logs/qwen30ba3b_sync_suffix/2152134-logs/ray-driver.log,0.2884095563139932,0.16891808873720138,0.10736860068259385,0.0722457337883959,0.050491467576791814,0.03520136518771331,0.026197952218430035,0.019426621160409555,0.015488054607508534
2152134,qwen30_sync_suffix,17,20,completed_step,266590.6114,,,,0.0018,0.5996,411.51,243.89,108.99,47.41,8.7,986.43,1664.41,3724.55,8562.31,3073.4331,12.154166666666667,16.37218309859155,0.7,1.6441666666666668,1.86056338028169,1.12,869.26125,8618.66375,3344173.0,29652778.0,24,284,0,,tmp/lyris_nemorl_perfcfg_step20_20260618_logs/lustre/fsw/coreai_dlalgo_llm/users/sna/nemorl_reference_runs/20260618_lyris_nemorl_qwen30_qwen32_recipe_osl_bestk_step20/logs/qwen30ba3b_sync_suffix/2152134-logs/ray-driver.log,0.3068943661971831,0.18092957746478874,0.11559154929577466,0.07693661971830987,0.053313380281690144,0.0375,0.027450704225352115,0.019929577464788732,0.015461267605633803
2152134,qwen30_sync_suffix,18,20,completed_step,0.0017,,,,0.0021,0.623,400.19,236.36,105.91,46.86,8.31,991.5,1678.72,3746.32,8466.72,3002.1494,12.908695652173913,16.23425605536332,0.6,1.7200000000000002,1.8882698961937718,1.15,851.6830434782609,9560.621739130434,3138461.0,28190768.0,23,289,0,,tmp/lyris_nemorl_perfcfg_step20_20260618_logs/lustre/fsw/coreai_dlalgo_llm/users/sna/nemorl_reference_runs/20260618_lyris_nemorl_qwen30_qwen32_recipe_osl_bestk_step20/logs/qwen30ba3b_sync_suffix/2152134-logs/ray-driver.log,0.3162698961937716,0.18891349480968858,0.12020415224913494,0.08114186851211072,0.055577854671280284,0.03890311418685121,0.02782698961937716,0.019792387543252594,0.01478546712802768
2152134,qwen30_sync_suffix,19,20,completed_step,-0.0122,,,,0.0019,0.4824,430.2,253.61,116.05,49.56,8.48,996.5,1690.41,3694.11,8650.65,3240.2822,12.799999999999999,16.222591362126245,0.0,1.6875,1.858604651162791,1.0,847.215,7990.718333333333,3258940.0,26883376.0,24,301,0,,tmp/lyris_nemorl_perfcfg_step20_20260618_logs/lustre/fsw/coreai_dlalgo_llm/users/sna/nemorl_reference_runs/20260618_lyris_nemorl_qwen30_qwen32_recipe_osl_bestk_step20/logs/qwen30ba3b_sync_suffix/2152134-logs/ray-driver.log,0.2932691029900332,0.17589036544850498,0.11575747508305649,0.07989036544850499,0.0560531561461794,0.03940531561461794,0.029890365448504982,0.021259136212624586,0.016710963455149504
2152134,qwen30_sync_suffix,20,20,completed_step,-0.0018,,,,0.0019,0.52,416.74,248.49,109.93,47.62,8.13,975.92,1636.7,3699.76,8539.9,3078.7349,11.241666666666667,14.375675675675675,0.2,1.5858333333333334,1.7263175675675675,1.06,782.0729166666666,7301.465,3006588.0,24833165.0,24,296,2,"[rank13]:[W618 09:48:50.865072433 ProcessGroupNCCL.cpp:1826] [PG ID 0 PG GUID 0(default_pg) Rank 13] Failed to check the ""should dump"" flag on TCPStore, (maybe TCPStore server has shut down too early), with error: Connection reset by peer",tmp/lyris_nemorl_perfcfg_step20_20260618_logs/lustre/fsw/coreai_dlalgo_llm/users/sna/nemorl_reference_runs/20260618_lyris_nemorl_qwen30_qwen32_recipe_osl_bestk_step20/logs/qwen30ba3b_sync_suffix/2152134-logs/ray-driver.log,0.27556756756756756,0.15741554054054055,0.09669594594594595,0.06315878378378378,0.042868243243243245,0.028709459459459456,0.020057432432432434,0.01381081081081081,0.010513513513513513
2152135,qwen30_sync_pard_k5,1,20,completed_step,-0.0082,,,,0.0019,0.5791,443.77,269.07,107.73,57.53,7.31,953.57,1572.7,3927.91,7356.21,3205.1714,18.857692307692307,23.047517730496452,3.7,1.941923076923077,2.1515248226950354,1.18,911.4523076923077,2701.0615384615385,3770750.0,10290524.0,26,282,0,,tmp/lyris_nemorl_perfcfg_step20_20260618_logs/lustre/fsw/coreai_dlalgo_llm/users/sna/nemorl_reference_runs/20260618_lyris_nemorl_qwen30_qwen32_recipe_osl_bestk_step20/logs/qwen30ba3b_sync_pard/2152135-logs/ray-driver.log,0.41994326241134755,0.26985815602836877,0.1964468085106383,0.15045390070921985,0.11519503546099291,,,,
2152135,qwen30_sync_pard_k5,2,20,completed_step,0.0203,,,,0.0019,0.4941,444.09,294.4,94.87,41.94,10.32,919.52,1387.06,4304.3,9737.14,3048.394,17.641379310344828,24.72097902097902,3.2,1.8786206896551723,2.2351048951048953,1.16,896.2231034482759,2894.1206896551726,3981882.0,11236623.0,29,286,0,,tmp/lyris_nemorl_perfcfg_step20_20260618_logs/lustre/fsw/coreai_dlalgo_llm/users/sna/nemorl_reference_runs/20260618_lyris_nemorl_qwen30_qwen32_recipe_osl_bestk_step20/logs/qwen30ba3b_sync_pard/2152135-logs/ray-driver.log,0.4506503496503496,0.2953286713286713,0.21265734265734265,0.15821678321678323,0.11802447552447554,,,,
2152135,qwen30_sync_pard_k5,3,20,completed_step,0.0135,,,,0.0018,0.4639,445.83,294.34,93.76,46.17,8.73,976.11,1478.5,4641.6,9425.63,3298.938,17.52413793103448,23.943769968051118,2.1,1.873448275862069,2.1946325878594246,1.1,993.1372413793104,3071.22275862069,4568420.0,12913298.0,29,313,0,,tmp/lyris_nemorl_perfcfg_step20_20260618_logs/lustre/fsw/coreai_dlalgo_llm/users/sna/nemorl_reference_runs/20260618_lyris_nemorl_qwen30_qwen32_recipe_osl_bestk_step20/logs/qwen30ba3b_sync_pard/2152135-logs/ray-driver.log,0.4404856230031948,0.2846741214057508,0.2041597444089457,0.1521150159744409,0.1142332268370607,,,,
2152135,qwen30_sync_pard_k5,4,20,completed_step,0.006,,,,0.002,0.5259,424.7,284.43,86.22,42.81,8.27,950.32,1418.99,4681.03,9427.75,3024.2261,16.282142857142855,23.62616487455197,4.6,1.8135714285714286,2.1810752688172044,1.23,831.9117857142857,2841.8814285714284,3672422.0,11305720.0,28,279,0,,tmp/lyris_nemorl_perfcfg_step20_20260618_logs/lustre/fsw/coreai_dlalgo_llm/users/sna/nemorl_reference_runs/20260618_lyris_nemorl_qwen30_qwen32_recipe_osl_bestk_step20/logs/qwen30ba3b_sync_pard/2152135-logs/ray-driver.log,0.42940501792114694,0.2827956989247312,0.20339068100358423,0.15123655913978495,0.11380645161290322,,,,
2152135,qwen30_sync_pard_k5,5,20,completed_step,-0.0001,,,,0.0019,0.54,412.42,264.5,92.84,43.91,8.51,997.12,1554.77,4429.46,9366.26,3117.1328,20.0,28.002197802197802,3.7,1.9996153846153848,2.4004395604395605,1.19,1079.2853846153846,2740.3219230769228,4459783.0,10808591.0,26,273,0,,tmp/lyris_nemorl_perfcfg_step20_20260618_logs/lustre/fsw/coreai_dlalgo_llm/users/sna/nemorl_reference_runs/20260618_lyris_nemorl_qwen30_qwen32_recipe_osl_bestk_step20/logs/qwen30ba3b_sync_pard/2152135-logs/ray-driver.log,0.49136263736263736,0.33163736263736265,0.24546520146520145,0.18672527472527473,0.14465201465201466,,,,
2152135,qwen30_sync_pard_k5,6,20,completed_step,-0.0004,,,,0.002,0.5874,389.59,249.77,88.55,40.05,8.65,1001.44,1562.09,4406.22,9741.12,2940.4292,25.392,34.036679536679536,5.5,2.2676,2.6996138996138996,1.28,1081.3355999999999,2543.388,4254151.0,9157459.0,25,259,0,,tmp/lyris_nemorl_perfcfg_step20_20260618_logs/lustre/fsw/coreai_dlalgo_llm/users/sna/nemorl_reference_runs/20260618_lyris_nemorl_qwen30_qwen32_recipe_osl_bestk_step20/logs/qwen30ba3b_sync_pard/2152135-logs/ray-driver.log,0.5664440154440155,0.40425868725868724,0.30410810810810807,0.23783397683397683,0.1872123552123552,,,,
2152135,qwen30_sync_pard_k5,7,20,completed_step,0.0063,,,,0.0019,0.4668,439.0,285.88,96.95,44.45,8.87,1010.9,1552.35,4577.61,9984.95,3363.5342,17.517857142857142,22.675465838509318,2.1,1.875,2.133509316770186,1.1,1043.6589285714285,2938.692857142857,4563322.0,12114590.0,28,322,0,,tmp/lyris_nemorl_perfcfg_step20_20260618_logs/lustre/fsw/coreai_dlalgo_llm/users/sna/nemorl_reference_runs/20260618_lyris_nemorl_qwen30_qwen32_recipe_osl_bestk_step20/logs/qwen30ba3b_sync_pard/2152135-logs/ray-driver.log,0.39318944099378883,0.2641583850931677,0.19943167701863354,0.15520496894409938,0.12136335403726708,,,,
2152135,qwen30_sync_pard_k5,8,20,completed_step,0.0187,,,,0.0019,0.4229,434.98,276.29,100.64,46.96,8.64,1036.82,1632.34,4481.36,9604.68,3430.3184,17.646428571428572,21.774117647058823,6.7,1.8810714285714287,2.088676470588235,1.33,997.4421428571429,3288.117142857143,4398858.0,13715442.0,28,340,0,,tmp/lyris_nemorl_perfcfg_step20_20260618_logs/lustre/fsw/coreai_dlalgo_llm/users/sna/nemorl_reference_runs/20260618_lyris_nemorl_qwen30_qwen32_recipe_osl_bestk_step20/logs/qwen30ba3b_sync_pard/2152135-logs/ray-driver.log,0.4082529411764706,0.2589470588235294,0.18481176470588234,0.13597647058823528,0.10002058823529411,,,,
2152135,qwen30_sync_pard_k5,9,20,completed_step,-0.001,,,,0.002,0.5142,416.24,280.41,83.71,40.28,8.92,928.87,1378.78,4618.53,9597.88,2901.7935,18.82857142857143,26.791335740072203,2.1,1.9385714285714286,2.3368231046931407,1.1,810.5678571428572,2238.1853571428574,3585627.0,8999638.0,28,277,0,,tmp/lyris_nemorl_perfcfg_step20_20260618_logs/lustre/fsw/coreai_dlalgo_llm/users/sna/nemorl_reference_runs/20260618_lyris_nemorl_qwen30_qwen32_recipe_osl_bestk_step20/logs/qwen30ba3b_sync_pard/2152135-logs/ray-driver.log,0.4967725631768953,0.3248339350180505,0.22806498194945848,0.16570758122743684,0.12251263537906137,,,,
2152135,qwen30_sync_pard_k5,10,20,completed_step,0.003,,,,0.0019,0.5869,413.38,271.57,88.35,42.41,8.49,974.99,1484.09,4561.88,9503.68,3009.499,18.86923076923077,26.748689138576783,2.8,1.9426923076923077,2.336816479400749,1.14,1094.0257692307694,2871.9473076923077,4500581.0,11178831.0,26,267,0,,tmp/lyris_nemorl_perfcfg_step20_20260618_logs/lustre/fsw/coreai_dlalgo_llm/users/sna/nemorl_reference_runs/20260618_lyris_nemorl_qwen30_qwen32_recipe_osl_bestk_step20/logs/qwen30ba3b_sync_pard/2152135-logs/ray-driver.log,0.478812734082397,0.31609737827715356,0.2325318352059925,0.1755505617977528,0.1336142322097378,,,,
2152135,qwen30_sync_pard_k5,11,20,completed_step,0.0074,,,,0.0018,0.5215,409.19,267.49,88.32,41.85,8.64,995.41,1522.72,4611.71,9732.46,3076.0356,18.48846153846154,25.687226277372265,3.0,1.9234615384615383,2.282919708029197,1.15,1030.2365384615384,2973.983461538461,4236239.0,11145139.0,26,274,0,,tmp/lyris_nemorl_perfcfg_step20_20260618_logs/lustre/fsw/coreai_dlalgo_llm/users/sna/nemorl_reference_runs/20260618_lyris_nemorl_qwen30_qwen32_recipe_osl_bestk_step20/logs/qwen30ba3b_sync_pard/2152135-logs/ray-driver.log,0.4646751824817518,0.3056386861313869,0.2211313868613139,0.16589781021897812,0.12619708029197083,,,,
2152135,qwen30_sync_pard_k5,12,20,completed_step,-0.0076,,,,0.0018,0.541,428.67,277.04,93.3,47.61,8.2,998.62,1545.16,4588.07,8991.57,3242.875,17.114814814814817,23.06789297658863,1.9,1.8562962962962961,2.1544481605351167,1.1,908.1218518518518,3132.24,3882255.0,12161657.0,27,299,0,,tmp/lyris_nemorl_perfcfg_step20_20260618_logs/lustre/fsw/coreai_dlalgo_llm/users/sna/nemorl_reference_runs/20260618_lyris_nemorl_qwen30_qwen32_recipe_osl_bestk_step20/logs/qwen30ba3b_sync_pard/2152135-logs/ray-driver.log,0.41563545150501674,0.27236454849498326,0.19970903010033444,0.15038795986622075,0.11481605351170568,,,,
2152135,qwen30_sync_pard_k5,13,20,completed_step,0.0058,,,,0.0019,0.5347,443.44,289.84,96.28,46.09,8.77,975.74,1492.85,4494.04,9387.0,3259.4375,18.05,24.602302631578947,2.1,1.9010714285714285,2.229111842105263,1.1,1066.1139285714287,3150.861785714286,4717830.0,12592684.0,28,304,0,,tmp/lyris_nemorl_perfcfg_step20_20260618_logs/lustre/fsw/coreai_dlalgo_llm/users/sna/nemorl_reference_runs/20260618_lyris_nemorl_qwen30_qwen32_recipe_osl_bestk_step20/logs/qwen30ba3b_sync_pard/2152135-logs/ray-driver.log,0.4411480263157895,0.29026315789473683,0.21358881578947367,0.16177960526315788,0.12318750000000002,,,,
2152135,qwen30_sync_pard_k5,14,20,completed_step,0.0053,,,,0.0018,0.4731,461.66,305.63,96.75,47.63,9.21,960.26,1450.48,4582.29,9307.87,3357.5972,15.456666666666667,21.41614906832298,3.0,1.7713333333333334,2.069503105590062,1.15,960.1193333333333,3602.846,4552411.0,15575059.0,30,322,0,,tmp/lyris_nemorl_perfcfg_step20_20260618_logs/lustre/fsw/coreai_dlalgo_llm/users/sna/nemorl_reference_runs/20260618_lyris_nemorl_qwen30_qwen32_recipe_osl_bestk_step20/logs/qwen30ba3b_sync_pard/2152135-logs/ray-driver.log,0.41649689440993787,0.26217391304347826,0.17873602484472048,0.1247577639751553,0.08762422360248447,,,,
2152135,qwen30_sync_pard_k5,15,20,completed_step,-0.0091,,,,0.0019,0.5591,421.05,280.06,86.59,42.6,8.59,948.37,1425.81,4611.34,9372.47,3025.5649,20.44814814814815,29.033457249070633,2.2,2.0218518518518516,2.451338289962825,1.11,818.9433333333334,2328.7829629629628,3458084.0,8746950.0,27,269,0,,tmp/lyris_nemorl_perfcfg_step20_20260618_logs/lustre/fsw/coreai_dlalgo_llm/users/sna/nemorl_reference_runs/20260618_lyris_nemorl_qwen30_qwen32_recipe_osl_bestk_step20/logs/qwen30ba3b_sync_pard/2152135-logs/ray-driver.log,0.5037100371747212,0.34721561338289963,0.2561784386617101,0.19472118959107806,0.1488364312267658,,,,
2152135,qwen30_sync_pard_k5,16,20,completed_step,-0.0018,,,,0.0019,0.5513,417.63,276.74,87.79,41.12,9.06,956.72,1443.77,4551.04,9717.51,3011.6665,18.274074074074072,26.302197802197803,4.8,1.9133333333333336,2.315054945054945,1.24,826.3674074074073,2726.2685185185187,3494235.0,9959938.0,27,273,0,,tmp/lyris_nemorl_perfcfg_step20_20260618_logs/lustre/fsw/coreai_dlalgo_llm/users/sna/nemorl_reference_runs/20260618_lyris_nemorl_qwen30_qwen32_recipe_osl_bestk_step20/logs/qwen30ba3b_sync_pard/2152135-logs/ray-driver.log,0.4728021978021978,0.31677289377289375,0.22795604395604396,0.16985714285714287,0.12699267399267397,,,,
2152135,qwen30_sync_pard_k5,17,20,completed_step,0.0057,,,,0.0018,0.5952,426.44,282.1,89.72,43.41,8.75,949.2,1434.85,4511.62,9324.69,3064.4365,20.49285714285714,30.72328244274809,2.3,2.0235714285714286,2.5357251908396945,1.11,965.7667857142858,2735.252857142857,4242566.0,10237910.0,28,262,0,,tmp/lyris_nemorl_perfcfg_step20_20260618_logs/lustre/fsw/coreai_dlalgo_llm/users/sna/nemorl_reference_runs/20260618_lyris_nemorl_qwen30_qwen32_recipe_osl_bestk_step20/logs/qwen30ba3b_sync_pard/2152135-logs/ray-driver.log,0.5149083969465649,0.36135496183206106,0.2741946564885496,0.21483969465648856,0.17002290076335877,,,,
2152135,qwen30_sync_pard_k5,18,20,completed_step,0.0071,,,,0.0021,0.6191,417.4,276.09,88.53,41.82,8.53,953.19,1441.09,4494.18,9514.7,3010.5845,18.16296296296296,27.05153846153846,3.1,1.9048148148148147,2.3504615384615386,1.15,981.5203703703703,3476.472222222222,4105557.0,11665924.0,27,260,0,,tmp/lyris_nemorl_perfcfg_step20_20260618_logs/lustre/fsw/coreai_dlalgo_llm/users/sna/nemorl_reference_runs/20260618_lyris_nemorl_qwen30_qwen32_recipe_osl_bestk_step20/logs/qwen30ba3b_sync_pard/2152135-logs/ray-driver.log,0.4792192307692308,0.3258153846153846,0.23687307692307694,0.17713846153846152,0.1316,,,,
2152135,qwen30_sync_pard_k5,19,20,completed_step,0.0046,,,,0.002,0.4878,445.8,293.5,93.91,46.38,9.07,959.17,1456.91,4553.31,9219.68,3231.6812,17.903448275862072,25.163,2.5,1.8927586206896552,2.256,1.12,919.7472413793103,2390.215862068965,4231855.0,10300178.0,29,300,0,,tmp/lyris_nemorl_perfcfg_step20_20260618_logs/lustre/fsw/coreai_dlalgo_llm/users/sna/nemorl_reference_runs/20260618_lyris_nemorl_qwen30_qwen32_recipe_osl_bestk_step20/logs/qwen30ba3b_sync_pard/2152135-logs/ray-driver.log,0.44839,0.29667333333333334,0.21902666666666668,0.16667666666666667,0.12577,,,,
2152135,qwen30_sync_pard_k5,20,20,completed_step,0.0094,,,,0.002,0.5132,430.34,287.17,90.03,41.9,8.31,946.88,1418.94,4526.19,9725.88,3084.771,19.075,24.811784511784513,2.6,1.9464285714285714,2.2382828282828284,1.13,1065.4578571428572,3487.2260714285717,4649308.0,13630648.0,28,297,0,,tmp/lyris_nemorl_perfcfg_step20_20260618_logs/lustre/fsw/coreai_dlalgo_llm/users/sna/nemorl_reference_runs/20260618_lyris_nemorl_qwen30_qwen32_recipe_osl_bestk_step20/logs/qwen30ba3b_sync_pard/2152135-logs/ray-driver.log,0.4538754208754208,0.2952626262626263,0.21212121212121213,0.15825252525252526,0.1193939393939394,,,,
2152136,qwen30_async_baseline,1,20,completed_step,-0.0167,,,,0.0018,0.5825,320.31,,219.55,91.58,,1332.43,2731.12,3887.77,9321.01,,,,,,,,,,,,0,0,0,,tmp/lyris_nemorl_perfcfg_step20_20260618_logs/lustre/fsw/coreai_dlalgo_llm/users/sna/nemorl_reference_runs/20260618_lyris_nemorl_qwen30_qwen32_recipe_osl_bestk_step20/logs/qwen30ba3b_async1off_baseline/2152136-logs/ray-driver.log,,,,,,,,,
2152136,qwen30_async_baseline,2,20,completed_step,-0.0021,,,,0.002,0.4893,370.48,,200.39,82.0,,1106.48,2256.91,4091.19,9998.35,,,,,,,,,,,,0,0,0,,tmp/lyris_nemorl_perfcfg_step20_20260618_logs/lustre/fsw/coreai_dlalgo_llm/users/sna/nemorl_reference_runs/20260618_lyris_nemorl_qwen30_qwen32_recipe_osl_bestk_step20/logs/qwen30ba3b_async1off_baseline/2152136-logs/ray-driver.log,,,,,,,,,
2152136,qwen30_async_baseline,3,20,completed_step,0.0098,,,,0.0018,0.4736,508.46,,215.43,86.09,,858.28,1736.92,4051.36,10138.65,,,,,,,,,,,,0,0,0,,tmp/lyris_nemorl_perfcfg_step20_20260618_logs/lustre/fsw/coreai_dlalgo_llm/users/sna/nemorl_reference_runs/20260618_lyris_nemorl_qwen30_qwen32_recipe_osl_bestk_step20/logs/qwen30ba3b_async1off_baseline/2152136-logs/ray-driver.log,,,,,,,,,
2152136,qwen30_async_baseline,4,20,completed_step,0.0144,,,,0.002,0.5146,392.29,,195.79,81.95,,1029.25,2089.27,4124.55,9853.29,,,,,,,,,,,,0,0,0,,tmp/lyris_nemorl_perfcfg_step20_20260618_logs/lustre/fsw/coreai_dlalgo_llm/users/sna/nemorl_reference_runs/20260618_lyris_nemorl_qwen30_qwen32_recipe_osl_bestk_step20/logs/qwen30ba3b_async1off_baseline/2152136-logs/ray-driver.log,,,,,,,,,
2152136,qwen30_async_baseline,5,20,completed_step,-0.0027,,,,0.0018,0.5396,437.02,,202.35,84.45,,943.46,1915.01,4075.29,9765.08,,,,,,,,,,,,0,0,0,,tmp/lyris_nemorl_perfcfg_step20_20260618_logs/lustre/fsw/coreai_dlalgo_llm/users/sna/nemorl_reference_runs/20260618_lyris_nemorl_qwen30_qwen32_recipe_osl_bestk_step20/logs/qwen30ba3b_async1off_baseline/2152136-logs/ray-driver.log,,,,,,,,,
2152136,qwen30_async_baseline,6,20,completed_step,0.0215,,,,0.0021,0.5884,410.42,,191.25,77.2,,952.39,1935.97,4087.67,10126.59,,,,,,,,,,,,0,0,0,,tmp/lyris_nemorl_perfcfg_step20_20260618_logs/lustre/fsw/coreai_dlalgo_llm/users/sna/nemorl_reference_runs/20260618_lyris_nemorl_qwen30_qwen32_recipe_osl_bestk_step20/logs/qwen30ba3b_async1off_baseline/2152136-logs/ray-driver.log,,,,,,,,,
2152136,qwen30_async_baseline,7,20,completed_step,0.0054,,,,0.0019,0.4658,461.13,,213.28,86.44,,961.78,1953.6,4158.87,10261.36,,,,,,,,,,,,0,0,0,,tmp/lyris_nemorl_perfcfg_step20_20260618_logs/lustre/fsw/coreai_dlalgo_llm/users/sna/nemorl_reference_runs/20260618_lyris_nemorl_qwen30_qwen32_recipe_osl_bestk_step20/logs/qwen30ba3b_async1off_baseline/2152136-logs/ray-driver.log,,,,,,,,,
2152136,qwen30_async_baseline,8,20,completed_step,0.0157,,,,0.0018,0.4219,471.12,,218.57,87.95,,954.42,1936.81,4114.52,10225.11,,,,,,,,,,,,0,0,0,,tmp/lyris_nemorl_perfcfg_step20_20260618_logs/lustre/fsw/coreai_dlalgo_llm/users/sna/nemorl_reference_runs/20260618_lyris_nemorl_qwen30_qwen32_recipe_osl_bestk_step20/logs/qwen30ba3b_async1off_baseline/2152136-logs/ray-driver.log,,,,,,,,,
2152136,qwen30_async_baseline,9,20,completed_step,0.0017,,,,0.002,0.5137,329.64,,188.37,77.37,,1173.4,2392.79,4106.85,9998.77,,,,,,,,,,,,0,0,0,,tmp/lyris_nemorl_perfcfg_step20_20260618_logs/lustre/fsw/coreai_dlalgo_llm/users/sna/nemorl_reference_runs/20260618_lyris_nemorl_qwen30_qwen32_recipe_osl_bestk_step20/logs/qwen30ba3b_async1off_baseline/2152136-logs/ray-driver.log,,,,,,,,,
2152136,qwen30_async_baseline,10,20,completed_step,0.0013,,,,0.002,0.605,492.99,,201.35,80.66,,816.99,1656.3,4000.72,9986.61,,,,,,,,,,,,0,0,0,,tmp/lyris_nemorl_perfcfg_step20_20260618_logs/lustre/fsw/coreai_dlalgo_llm/users/sna/nemorl_reference_runs/20260618_lyris_nemorl_qwen30_qwen32_recipe_osl_bestk_step20/logs/qwen30ba3b_async1off_baseline/2152136-logs/ray-driver.log,,,,,,,,,
2152136,qwen30_async_baseline,11,20,completed_step,0.0192,,,,0.0018,0.5127,411.6,,202.47,82.67,,990.58,2018.02,4027.51,9863.56,,,,,,,,,,,,0,0,0,,tmp/lyris_nemorl_perfcfg_step20_20260618_logs/lustre/fsw/coreai_dlalgo_llm/users/sna/nemorl_reference_runs/20260618_lyris_nemorl_qwen30_qwen32_recipe_osl_bestk_step20/logs/qwen30ba3b_async1off_baseline/2152136-logs/ray-driver.log,,,,,,,,,
2152136,qwen30_async_baseline,12,20,completed_step,0.0017,,,,0.0018,0.5469,430.87,,211.7,84.97,,996.31,2023.46,4055.52,10104.73,,,,,,,,,,,,0,0,0,,tmp/lyris_nemorl_perfcfg_step20_20260618_logs/lustre/fsw/coreai_dlalgo_llm/users/sna/nemorl_reference_runs/20260618_lyris_nemorl_qwen30_qwen32_recipe_osl_bestk_step20/logs/qwen30ba3b_async1off_baseline/2152136-logs/ray-driver.log,,,,,,,,,
2152136,qwen30_async_baseline,13,20,completed_step,0.004,,,,0.0019,0.5391,447.86,,217.84,85.85,,964.46,1957.03,3965.72,10062.96,,,,,,,,,,,,0,0,0,,tmp/lyris_nemorl_perfcfg_step20_20260618_logs/lustre/fsw/coreai_dlalgo_llm/users/sna/nemorl_reference_runs/20260618_lyris_nemorl_qwen30_qwen32_recipe_osl_bestk_step20/logs/qwen30ba3b_async1off_baseline/2152136-logs/ray-driver.log,,,,,,,,,
2152136,qwen30_async_baseline,14,20,completed_step,0.0084,,,,0.0018,0.4658,424.12,,219.23,89.42,,1045.08,2123.93,4043.59,9913.07,,,,,,,,,,,,0,0,0,,tmp/lyris_nemorl_perfcfg_step20_20260618_logs/lustre/fsw/coreai_dlalgo_llm/users/sna/nemorl_reference_runs/20260618_lyris_nemorl_qwen30_qwen32_recipe_osl_bestk_step20/logs/qwen30ba3b_async1off_baseline/2152136-logs/ray-driver.log,,,,,,,,,
2152136,qwen30_async_baseline,15,20,completed_step,-0.0034,,,,0.0018,0.5532,386.53,,199.07,80.16,,1033.66,2102.76,4014.07,9968.45,,,,,,,,,,,,0,0,0,,tmp/lyris_nemorl_perfcfg_step20_20260618_logs/lustre/fsw/coreai_dlalgo_llm/users/sna/nemorl_reference_runs/20260618_lyris_nemorl_qwen30_qwen32_recipe_osl_bestk_step20/logs/qwen30ba3b_async1off_baseline/2152136-logs/ray-driver.log,,,,,,,,,
2152136,qwen30_async_baseline,16,20,completed_step,0.0064,,,,0.0019,0.5518,467.12,,201.43,81.07,,855.35,1735.32,3967.12,9856.4,,,,,,,,,,,,0,0,0,,tmp/lyris_nemorl_perfcfg_step20_20260618_logs/lustre/fsw/coreai_dlalgo_llm/users/sna/nemorl_reference_runs/20260618_lyris_nemorl_qwen30_qwen32_recipe_osl_bestk_step20/logs/qwen30ba3b_async1off_baseline/2152136-logs/ray-driver.log,,,,,,,,,
2152136,qwen30_async_baseline,17,20,completed_step,-0.0035,,,,0.0018,0.5981,380.45,,202.1,82.29,,1065.88,2168.84,4012.95,9856.37,,,,,,,,,,,,0,0,0,,tmp/lyris_nemorl_perfcfg_step20_20260618_logs/lustre/fsw/coreai_dlalgo_llm/users/sna/nemorl_reference_runs/20260618_lyris_nemorl_qwen30_qwen32_recipe_osl_bestk_step20/logs/qwen30ba3b_async1off_baseline/2152136-logs/ray-driver.log,,,,,,,,,
2152136,qwen30_async_baseline,18,20,completed_step,0.0021,,,,0.0021,0.6167,425.61,,195.34,79.52,,935.31,1899.96,4075.68,10012.3,,,,,,,,,,,,0,0,0,,tmp/lyris_nemorl_perfcfg_step20_20260618_logs/lustre/fsw/coreai_dlalgo_llm/users/sna/nemorl_reference_runs/20260618_lyris_nemorl_qwen30_qwen32_recipe_osl_bestk_step20/logs/qwen30ba3b_async1off_baseline/2152136-logs/ray-driver.log,,,,,,,,,
2152136,qwen30_async_baseline,19,20,completed_step,-0.0017,,,,0.0019,0.481,460.7,,211.6,85.35,,927.38,1882.33,4038.2,10011.98,,,,,,,,,,,,0,0,0,,tmp/lyris_nemorl_perfcfg_step20_20260618_logs/lustre/fsw/coreai_dlalgo_llm/users/sna/nemorl_reference_runs/20260618_lyris_nemorl_qwen30_qwen32_recipe_osl_bestk_step20/logs/qwen30ba3b_async1off_baseline/2152136-logs/ray-driver.log,,,,,,,,,
2152136,qwen30_async_baseline,20,20,completed_step,0.0068,,,,0.002,0.5156,378.22,,200.36,82.08,,1073.12,2183.96,4051.4,9889.55,,,,,,,,,,,,0,0,2,"[rank0]:[W618 09:58:21.338173953 ProcessGroupNCCL.cpp:1575] Warning: WARNING: destroy_process_group() was not called before program exit, which can leak resources. For more info, please see https://pytorch.org/docs/stable/distributed.html#shutdown (function operator()) [repeated 7x across cluster]",tmp/lyris_nemorl_perfcfg_step20_20260618_logs/lustre/fsw/coreai_dlalgo_llm/users/sna/nemorl_reference_runs/20260618_lyris_nemorl_qwen30_qwen32_recipe_osl_bestk_step20/logs/qwen30ba3b_async1off_baseline/2152136-logs/ray-driver.log,,,,,,,,,
2152138,qwen30_async_suffix,1,20,completed_step,-0.0045,,,,0.0018,0.5806,388.13,,274.67,101.04,,1093.11,2250.16,3089.34,8397.92,,,,,,,,,,,,0,0,0,,tmp/lyris_nemorl_perfcfg_step20_20260618_logs/lustre/fsw/coreai_dlalgo_llm/users/sna/nemorl_reference_runs/20260618_lyris_nemorl_qwen30_qwen32_recipe_osl_bestk_step20/logs/qwen30ba3b_async1off_suffix/2152138-logs/ray-driver.log,,,,,,,,,
2152138,qwen30_async_suffix,2,20,completed_step,-0.0059,,,,0.002,0.4893,413.2,,254.43,90.08,,990.9,2023.3,3218.55,9090.72,,,,,,,,,,,,0,0,0,,tmp/lyris_nemorl_perfcfg_step20_20260618_logs/lustre/fsw/coreai_dlalgo_llm/users/sna/nemorl_reference_runs/20260618_lyris_nemorl_qwen30_qwen32_recipe_osl_bestk_step20/logs/qwen30ba3b_async1off_suffix/2152138-logs/ray-driver.log,,,,,,,,,
2152138,qwen30_async_suffix,3,20,completed_step,0.002,,,,0.0018,0.4697,499.1,,263.69,94.29,,875.97,1779.36,3316.02,9273.04,,,,,,,,,,,,0,0,0,,tmp/lyris_nemorl_perfcfg_step20_20260618_logs/lustre/fsw/coreai_dlalgo_llm/users/sna/nemorl_reference_runs/20260618_lyris_nemorl_qwen30_qwen32_recipe_osl_bestk_step20/logs/qwen30ba3b_async1off_suffix/2152138-logs/ray-driver.log,,,,,,,,,
2152138,qwen30_async_suffix,4,20,completed_step,0.0158,,,,0.002,0.5122,442.16,,246.09,86.16,,918.3,1871.38,3299.87,9425.29,,,,,,,,,,,,0,0,0,,tmp/lyris_nemorl_perfcfg_step20_20260618_logs/lustre/fsw/coreai_dlalgo_llm/users/sna/nemorl_reference_runs/20260618_lyris_nemorl_qwen30_qwen32_recipe_osl_bestk_step20/logs/qwen30ba3b_async1off_suffix/2152138-logs/ray-driver.log,,,,,,,,,
2152138,qwen30_async_suffix,5,20,completed_step,-0.001,,,,0.0019,0.5425,487.04,,249.76,90.96,,846.2,1718.53,3300.24,9062.25,,,,,,,,,,,,0,0,0,,tmp/lyris_nemorl_perfcfg_step20_20260618_logs/lustre/fsw/coreai_dlalgo_llm/users/sna/nemorl_reference_runs/20260618_lyris_nemorl_qwen30_qwen32_recipe_osl_bestk_step20/logs/qwen30ba3b_async1off_suffix/2152138-logs/ray-driver.log,,,,,,,,,
2152138,qwen30_async_suffix,6,20,completed_step,0.0075,,,,0.0021,0.583,419.65,,238.54,84.19,,930.03,1893.42,3272.38,9271.18,,,,,,,,,,,,0,0,0,,tmp/lyris_nemorl_perfcfg_step20_20260618_logs/lustre/fsw/coreai_dlalgo_llm/users/sna/nemorl_reference_runs/20260618_lyris_nemorl_qwen30_qwen32_recipe_osl_bestk_step20/logs/qwen30ba3b_async1off_suffix/2152138-logs/ray-driver.log,,,,,,,,,
2152138,qwen30_async_suffix,7,20,completed_step,-0.0001,,,,0.0019,0.4712,578.04,,265.69,95.59,,768.41,1557.82,3343.54,9293.47,,,,,,,,,,,,0,0,0,,tmp/lyris_nemorl_perfcfg_step20_20260618_logs/lustre/fsw/coreai_dlalgo_llm/users/sna/nemorl_reference_runs/20260618_lyris_nemorl_qwen30_qwen32_recipe_osl_bestk_step20/logs/qwen30ba3b_async1off_suffix/2152138-logs/ray-driver.log,,,,,,,,,
2152138,qwen30_async_suffix,8,20,completed_step,0.0169,,,,0.0019,0.4194,563.19,,271.44,98.83,,802.09,1626.37,3328.43,9141.61,,,,,,,,,,,,0,0,0,,tmp/lyris_nemorl_perfcfg_step20_20260618_logs/lustre/fsw/coreai_dlalgo_llm/users/sna/nemorl_reference_runs/20260618_lyris_nemorl_qwen30_qwen32_recipe_osl_bestk_step20/logs/qwen30ba3b_async1off_suffix/2152138-logs/ray-driver.log,,,,,,,,,
2152138,qwen30_async_suffix,9,20,completed_step,-0.0007,,,,0.002,0.5093,327.75,,235.69,83.04,,1181.17,2418.7,3284.99,9323.37,,,,,,,,,,,,0,0,0,,tmp/lyris_nemorl_perfcfg_step20_20260618_logs/lustre/fsw/coreai_dlalgo_llm/users/sna/nemorl_reference_runs/20260618_lyris_nemorl_qwen30_qwen32_recipe_osl_bestk_step20/logs/qwen30ba3b_async1off_suffix/2152138-logs/ray-driver.log,,,,,,,,,
2152138,qwen30_async_suffix,10,20,completed_step,0.0054,,,,0.0019,0.5947,538.15,,260.92,89.46,,745.88,1513.49,3076.75,8973.58,,,,,,,,,,,,0,0,0,,tmp/lyris_nemorl_perfcfg_step20_20260618_logs/lustre/fsw/coreai_dlalgo_llm/users/sna/nemorl_reference_runs/20260618_lyris_nemorl_qwen30_qwen32_recipe_osl_bestk_step20/logs/qwen30ba3b_async1off_suffix/2152138-logs/ray-driver.log,,,,,,,,,
2152138,qwen30_async_suffix,11,20,completed_step,0.0097,,,,0.0018,0.5142,459.74,,261.21,93.22,,888.11,1809.22,3126.2,8760.12,,,,,,,,,,,,0,0,0,,tmp/lyris_nemorl_perfcfg_step20_20260618_logs/lustre/fsw/coreai_dlalgo_llm/users/sna/nemorl_reference_runs/20260618_lyris_nemorl_qwen30_qwen32_recipe_osl_bestk_step20/logs/qwen30ba3b_async1off_suffix/2152138-logs/ray-driver.log,,,,,,,,,
2152138,qwen30_async_suffix,12,20,completed_step,0.0112,,,,0.0018,0.54,496.97,,273.61,92.95,,862.76,1753.25,3134.12,9225.95,,,,,,,,,,,,0,0,0,,tmp/lyris_nemorl_perfcfg_step20_20260618_logs/lustre/fsw/coreai_dlalgo_llm/users/sna/nemorl_reference_runs/20260618_lyris_nemorl_qwen30_qwen32_recipe_osl_bestk_step20/logs/qwen30ba3b_async1off_suffix/2152138-logs/ray-driver.log,,,,,,,,,
2152138,qwen30_async_suffix,13,20,completed_step,0.0135,,,,0.0019,0.5356,497.15,,276.11,96.17,,871.03,1771.97,3136.59,9005.38,,,,,,,,,,,,0,0,0,,tmp/lyris_nemorl_perfcfg_step20_20260618_logs/lustre/fsw/coreai_dlalgo_llm/users/sna/nemorl_reference_runs/20260618_lyris_nemorl_qwen30_qwen32_recipe_osl_bestk_step20/logs/qwen30ba3b_async1off_suffix/2152138-logs/ray-driver.log,,,,,,,,,
2152138,qwen30_async_suffix,14,20,completed_step,0.0157,,,,0.0018,0.457,539.92,,282.32,99.17,,825.22,1674.78,3156.42,8985.44,,,,,,,,,,,,0,0,0,,tmp/lyris_nemorl_perfcfg_step20_20260618_logs/lustre/fsw/coreai_dlalgo_llm/users/sna/nemorl_reference_runs/20260618_lyris_nemorl_qwen30_qwen32_recipe_osl_bestk_step20/logs/qwen30ba3b_async1off_suffix/2152138-logs/ray-driver.log,,,,,,,,,
2152138,qwen30_async_suffix,15,20,completed_step,-0.0023,,,,0.0019,0.562,414.69,,256.45,90.04,,966.88,1977.2,3126.97,8905.66,,,,,,,,,,,,0,0,0,,tmp/lyris_nemorl_perfcfg_step20_20260618_logs/lustre/fsw/coreai_dlalgo_llm/users/sna/nemorl_reference_runs/20260618_lyris_nemorl_qwen30_qwen32_recipe_osl_bestk_step20/logs/qwen30ba3b_async1off_suffix/2152138-logs/ray-driver.log,,,,,,,,,
2152138,qwen30_async_suffix,16,20,completed_step,0.0011,,,,0.0018,0.5537,508.88,,253.07,88.04,,784.68,1593.36,3155.72,9071.25,,,,,,,,,,,,0,0,0,,tmp/lyris_nemorl_perfcfg_step20_20260618_logs/lustre/fsw/coreai_dlalgo_llm/users/sna/nemorl_reference_runs/20260618_lyris_nemorl_qwen30_qwen32_recipe_osl_bestk_step20/logs/qwen30ba3b_async1off_suffix/2152138-logs/ray-driver.log,,,,,,,,,
2152138,qwen30_async_suffix,17,20,completed_step,-0.0064,,,,0.0018,0.5884,417.68,,260.59,91.48,,974.62,1983.84,3124.33,8899.55,,,,,,,,,,,,0,0,0,,tmp/lyris_nemorl_perfcfg_step20_20260618_logs/lustre/fsw/coreai_dlalgo_llm/users/sna/nemorl_reference_runs/20260618_lyris_nemorl_qwen30_qwen32_recipe_osl_bestk_step20/logs/qwen30ba3b_async1off_suffix/2152138-logs/ray-driver.log,,,,,,,,,
2152138,qwen30_async_suffix,18,20,completed_step,-0.0094,,,,0.002,0.627,466.05,,251.83,87.76,,853.63,1736.38,3159.53,9066.13,,,,,,,,,,,,0,0,0,,tmp/lyris_nemorl_perfcfg_step20_20260618_logs/lustre/fsw/coreai_dlalgo_llm/users/sna/nemorl_reference_runs/20260618_lyris_nemorl_qwen30_qwen32_recipe_osl_bestk_step20/logs/qwen30ba3b_async1off_suffix/2152138-logs/ray-driver.log,,,,,,,,,
2152138,qwen30_async_suffix,19,20,completed_step,0.0036,,,,0.0019,0.4922,520.55,,270.3,93.57,,820.71,1665.78,3161.09,9131.58,,,,,,,,,,,,0,0,0,,tmp/lyris_nemorl_perfcfg_step20_20260618_logs/lustre/fsw/coreai_dlalgo_llm/users/sna/nemorl_reference_runs/20260618_lyris_nemorl_qwen30_qwen32_recipe_osl_bestk_step20/logs/qwen30ba3b_async1off_suffix/2152138-logs/ray-driver.log,,,,,,,,,
2152138,qwen30_async_suffix,20,20,completed_step,0.018,,,,0.0019,0.5259,477.24,,256.22,89.68,,852.03,1730.62,3174.05,9068.75,,,,,,,,,,,,0,0,2,"[rank0]:[W618 10:22:35.862269533 ProcessGroupNCCL.cpp:1575] Warning: WARNING: destroy_process_group() was not called before program exit, which can leak resources. For more info, please see https://pytorch.org/docs/stable/distributed.html#shutdown (function operator()) [repeated 7x across cluster]",tmp/lyris_nemorl_perfcfg_step20_20260618_logs/lustre/fsw/coreai_dlalgo_llm/users/sna/nemorl_reference_runs/20260618_lyris_nemorl_qwen30_qwen32_recipe_osl_bestk_step20/logs/qwen30ba3b_async1off_suffix/2152138-logs/ray-driver.log,,,,,,,,,
2152139,qwen30_async_pard_k5,1,20,completed_step,0.0055,,,,0.0018,0.5889,323.79,,221.95,92.33,,1307.11,2682.19,3813.66,9167.16,,,,,,,,,,,,0,0,0,,tmp/lyris_nemorl_perfcfg_step20_20260618_logs/lustre/fsw/coreai_dlalgo_llm/users/sna/nemorl_reference_runs/20260618_lyris_nemorl_qwen30_qwen32_recipe_osl_bestk_step20/logs/qwen30ba3b_async1off_pard/2152139-logs/ray-driver.log,,,,,,,,,
2152139,qwen30_async_pard_k5,2,20,completed_step,0.0164,,,,0.0019,0.4917,383.01,,202.65,80.74,,1064.43,2167.06,4023.6,10098.88,,,,,,,,,,,,0,0,0,,tmp/lyris_nemorl_perfcfg_step20_20260618_logs/lustre/fsw/coreai_dlalgo_llm/users/sna/nemorl_reference_runs/20260618_lyris_nemorl_qwen30_qwen32_recipe_osl_bestk_step20/logs/qwen30ba3b_async1off_pard/2152139-logs/ray-driver.log,,,,,,,,,
2152139,qwen30_async_pard_k5,3,20,completed_step,-0.0033,,,,0.0018,0.4639,592.7,,210.28,87.19,,734.88,1486.33,4142.69,9990.9,,,,,,,,,,,,0,0,0,,tmp/lyris_nemorl_perfcfg_step20_20260618_logs/lustre/fsw/coreai_dlalgo_llm/users/sna/nemorl_reference_runs/20260618_lyris_nemorl_qwen30_qwen32_recipe_osl_bestk_step20/logs/qwen30ba3b_async1off_pard/2152139-logs/ray-driver.log,,,,,,,,,
2152139,qwen30_async_pard_k5,4,20,completed_step,0.0015,,,,0.002,0.5186,419.12,,192.3,79.4,,965.06,1958.48,4206.79,10187.77,,,,,,,,,,,,0,0,0,,tmp/lyris_nemorl_perfcfg_step20_20260618_logs/lustre/fsw/coreai_dlalgo_llm/users/sna/nemorl_reference_runs/20260618_lyris_nemorl_qwen30_qwen32_recipe_osl_bestk_step20/logs/qwen30ba3b_async1off_pard/2152139-logs/ray-driver.log,,,,,,,,,
2152139,qwen30_async_pard_k5,5,20,completed_step,-0.0037,,,,0.0019,0.5449,489.58,,200.78,80.31,,839.06,1699.86,4092.02,10230.04,,,,,,,,,,,,0,0,0,,tmp/lyris_nemorl_perfcfg_step20_20260618_logs/lustre/fsw/coreai_dlalgo_llm/users/sna/nemorl_reference_runs/20260618_lyris_nemorl_qwen30_qwen32_recipe_osl_bestk_step20/logs/qwen30ba3b_async1off_pard/2152139-logs/ray-driver.log,,,,,,,,,
2152139,qwen30_async_pard_k5,6,20,completed_step,-0.0001,,,,0.002,0.583,359.84,,189.45,79.1,,1082.88,2201.68,4113.61,9852.38,,,,,,,,,,,,0,0,0,,tmp/lyris_nemorl_perfcfg_step20_20260618_logs/lustre/fsw/coreai_dlalgo_llm/users/sna/nemorl_reference_runs/20260618_lyris_nemorl_qwen30_qwen32_recipe_osl_bestk_step20/logs/qwen30ba3b_async1off_pard/2152139-logs/ray-driver.log,,,,,,,,,
2152139,qwen30_async_pard_k5,7,20,completed_step,0.0022,,,,0.0018,0.4639,498.31,,212.3,87.33,,891.93,1806.59,4187.02,10179.2,,,,,,,,,,,,0,0,0,,tmp/lyris_nemorl_perfcfg_step20_20260618_logs/lustre/fsw/coreai_dlalgo_llm/users/sna/nemorl_reference_runs/20260618_lyris_nemorl_qwen30_qwen32_recipe_osl_bestk_step20/logs/qwen30ba3b_async1off_pard/2152139-logs/ray-driver.log,,,,,,,,,
2152139,qwen30_async_pard_k5,8,20,completed_step,0.0092,,,,0.0019,0.4204,520.76,,216.36,87.34,,863.42,1746.85,4156.45,10296.36,,,,,,,,,,,,0,0,0,,tmp/lyris_nemorl_perfcfg_step20_20260618_logs/lustre/fsw/coreai_dlalgo_llm/users/sna/nemorl_reference_runs/20260618_lyris_nemorl_qwen30_qwen32_recipe_osl_bestk_step20/logs/qwen30ba3b_async1off_pard/2152139-logs/ray-driver.log,,,,,,,,,
2152139,qwen30_async_pard_k5,9,20,completed_step,0.0057,,,,0.002,0.5063,327.79,,185.08,75.36,,1170.12,2386.69,4144.8,10179.85,,,,,,,,,,,,0,0,0,,tmp/lyris_nemorl_perfcfg_step20_20260618_logs/lustre/fsw/coreai_dlalgo_llm/users/sna/nemorl_reference_runs/20260618_lyris_nemorl_qwen30_qwen32_recipe_osl_bestk_step20/logs/qwen30ba3b_async1off_pard/2152139-logs/ray-driver.log,,,,,,,,,
2152139,qwen30_async_pard_k5,10,20,completed_step,0.0082,,,,0.002,0.6011,474.93,,199.76,81.64,,849.12,1721.26,4037.55,9879.25,,,,,,,,,,,,0,0,0,,tmp/lyris_nemorl_perfcfg_step20_20260618_logs/lustre/fsw/coreai_dlalgo_llm/users/sna/nemorl_reference_runs/20260618_lyris_nemorl_qwen30_qwen32_recipe_osl_bestk_step20/logs/qwen30ba3b_async1off_pard/2152139-logs/ray-driver.log,,,,,,,,,
2152139,qwen30_async_pard_k5,11,20,completed_step,0.0056,,,,0.0018,0.519,411.38,,199.95,80.36,,989.69,2007.91,4072.44,10133.45,,,,,,,,,,,,0,0,0,,tmp/lyris_nemorl_perfcfg_step20_20260618_logs/lustre/fsw/coreai_dlalgo_llm/users/sna/nemorl_reference_runs/20260618_lyris_nemorl_qwen30_qwen32_recipe_osl_bestk_step20/logs/qwen30ba3b_async1off_pard/2152139-logs/ray-driver.log,,,,,,,,,
2152139,qwen30_async_pard_k5,12,20,completed_step,0.0027,,,,0.0018,0.5449,506.42,,209.09,83.86,,848.14,1717.75,4108.41,10244.02,,,,,,,,,,,,0,0,0,,tmp/lyris_nemorl_perfcfg_step20_20260618_logs/lustre/fsw/coreai_dlalgo_llm/users/sna/nemorl_reference_runs/20260618_lyris_nemorl_qwen30_qwen32_recipe_osl_bestk_step20/logs/qwen30ba3b_async1off_pard/2152139-logs/ray-driver.log,,,,,,,,,
2152139,qwen30_async_pard_k5,13,20,completed_step,-0.0062,,,,0.0019,0.5371,483.45,,214.33,85.04,,891.37,1805.81,4021.29,10134.92,,,,,,,,,,,,0,0,0,,tmp/lyris_nemorl_perfcfg_step20_20260618_logs/lustre/fsw/coreai_dlalgo_llm/users/sna/nemorl_reference_runs/20260618_lyris_nemorl_qwen30_qwen32_recipe_osl_bestk_step20/logs/qwen30ba3b_async1off_pard/2152139-logs/ray-driver.log,,,,,,,,,
2152139,qwen30_async_pard_k5,14,20,completed_step,0.0128,,,,0.0018,0.4707,475.0,,212.1,85.6,,934.09,1893.12,4183.81,10367.09,,,,,,,,,,,,0,0,0,,tmp/lyris_nemorl_perfcfg_step20_20260618_logs/lustre/fsw/coreai_dlalgo_llm/users/sna/nemorl_reference_runs/20260618_lyris_nemorl_qwen30_qwen32_recipe_osl_bestk_step20/logs/qwen30ba3b_async1off_pard/2152139-logs/ray-driver.log,,,,,,,,,
2152139,qwen30_async_pard_k5,15,20,completed_step,-0.0061,,,,0.0019,0.5596,386.84,,197.1,79.95,,1035.6,2103.85,4065.2,10021.45,,,,,,,,,,,,0,0,0,,tmp/lyris_nemorl_perfcfg_step20_20260618_logs/lustre/fsw/coreai_dlalgo_llm/users/sna/nemorl_reference_runs/20260618_lyris_nemorl_qwen30_qwen32_recipe_osl_bestk_step20/logs/qwen30ba3b_async1off_pard/2152139-logs/ray-driver.log,,,,,,,,,
2152139,qwen30_async_pard_k5,16,20,completed_step,0.0016,,,,0.0019,0.5576,477.88,,192.89,77.85,,835.26,1695.9,4138.57,10253.94,,,,,,,,,,,,0,0,0,,tmp/lyris_nemorl_perfcfg_step20_20260618_logs/lustre/fsw/coreai_dlalgo_llm/users/sna/nemorl_reference_runs/20260618_lyris_nemorl_qwen30_qwen32_recipe_osl_bestk_step20/logs/qwen30ba3b_async1off_pard/2152139-logs/ray-driver.log,,,,,,,,,
2152139,qwen30_async_pard_k5,17,20,completed_step,-0.0007,,,,0.0018,0.5962,425.01,,198.96,79.94,,955.89,1940.2,4083.82,10164.0,,,,,,,,,,,,0,0,0,,tmp/lyris_nemorl_perfcfg_step20_20260618_logs/lustre/fsw/coreai_dlalgo_llm/users/sna/nemorl_reference_runs/20260618_lyris_nemorl_qwen30_qwen32_recipe_osl_bestk_step20/logs/qwen30ba3b_async1off_pard/2152139-logs/ray-driver.log,,,,,,,,,
2152139,qwen30_async_pard_k5,18,20,completed_step,-0.0019,,,,0.002,0.6074,407.77,,194.46,79.15,,977.62,1986.45,4100.08,10072.92,,,,,,,,,,,,0,0,0,,tmp/lyris_nemorl_perfcfg_step20_20260618_logs/lustre/fsw/coreai_dlalgo_llm/users/sna/nemorl_reference_runs/20260618_lyris_nemorl_qwen30_qwen32_recipe_osl_bestk_step20/logs/qwen30ba3b_async1off_pard/2152139-logs/ray-driver.log,,,,,,,,,
2152139,qwen30_async_pard_k5,19,20,completed_step,0.0,,,,0.0019,0.4771,460.66,,207.92,83.08,,928.46,1883.86,4114.0,10295.72,,,,,,,,,,,,0,0,0,,tmp/lyris_nemorl_perfcfg_step20_20260618_logs/lustre/fsw/coreai_dlalgo_llm/users/sna/nemorl_reference_runs/20260618_lyris_nemorl_qwen30_qwen32_recipe_osl_bestk_step20/logs/qwen30ba3b_async1off_pard/2152139-logs/ray-driver.log,,,,,,,,,
2152139,qwen30_async_pard_k5,20,20,completed_step,-0.0067,,,,0.002,0.5151,461.34,,198.44,79.66,,881.46,1788.12,4098.46,10209.52,,,,,,,,,,,,0,0,2,"[rank0]:[W618 10:11:23.950215961 ProcessGroupNCCL.cpp:1575] Warning: WARNING: destroy_process_group() was not called before program exit, which can leak resources. For more info, please see https://pytorch.org/docs/stable/distributed.html#shutdown (function operator()) [repeated 7x across cluster]",tmp/lyris_nemorl_perfcfg_step20_20260618_logs/lustre/fsw/coreai_dlalgo_llm/users/sna/nemorl_reference_runs/20260618_lyris_nemorl_qwen30_qwen32_recipe_osl_bestk_step20/logs/qwen30ba3b_async1off_pard/2152139-logs/ray-driver.log,,,,,,,,,
2152140,qwen32_sync_baseline,1,20,completed_step,-0.0025,,,,0.0009,0.5947,565.96,353.38,139.31,68.52,3.15,745.59,1194.11,3029.08,6158.56,3195.8271,,,,,,,,,,,0,0,0,,tmp/lyris_nemorl_perfcfg_step20_20260618_logs/lustre/fsw/coreai_dlalgo_llm/users/sna/nemorl_reference_runs/20260618_lyris_nemorl_qwen30_qwen32_recipe_osl_bestk_step20/logs/qwen32_sync_baseline/2152140-logs/ray-driver.log,,,,,,,,,
2152140,qwen32_sync_baseline,2,20,completed_step,-0.0001,,,,0.001,0.4678,494.72,305.77,116.94,61.63,8.73,846.96,1370.34,3582.98,6798.75,3131.6943,,,,,,,,,,,0,0,0,,tmp/lyris_nemorl_perfcfg_step20_20260618_logs/lustre/fsw/coreai_dlalgo_llm/users/sna/nemorl_reference_runs/20260618_lyris_nemorl_qwen30_qwen32_recipe_osl_bestk_step20/logs/qwen32_sync_baseline/2152140-logs/ray-driver.log,,,,,,,,,
2152140,qwen32_sync_baseline,3,20,completed_step,-0.0003,,,,0.0009,0.4609,533.33,328.05,125.01,65.33,13.39,833.61,1355.23,3556.29,6805.52,3372.4517,,,,,,,,,,,0,0,0,,tmp/lyris_nemorl_perfcfg_step20_20260618_logs/lustre/fsw/coreai_dlalgo_llm/users/sna/nemorl_reference_runs/20260618_lyris_nemorl_qwen30_qwen32_recipe_osl_bestk_step20/logs/qwen32_sync_baseline/2152140-logs/ray-driver.log,,,,,,,,,
2152140,qwen32_sync_baseline,4,20,completed_step,0.0037,,,,0.001,0.5322,521.88,331.07,116.66,61.3,11.12,796.18,1255.06,3561.65,6778.27,3117.3228,,,,,,,,,,,0,0,0,,tmp/lyris_nemorl_perfcfg_step20_20260618_logs/lustre/fsw/coreai_dlalgo_llm/users/sna/nemorl_reference_runs/20260618_lyris_nemorl_qwen30_qwen32_recipe_osl_bestk_step20/logs/qwen32_sync_baseline/2152140-logs/ray-driver.log,,,,,,,,,
2152140,qwen32_sync_baseline,5,20,completed_step,0.001,,,,0.0009,0.5508,521.9,329.6,116.55,61.46,12.42,793.75,1256.85,3554.32,6740.69,3140.7632,,,,,,,,,,,0,0,0,,tmp/lyris_nemorl_perfcfg_step20_20260618_logs/lustre/fsw/coreai_dlalgo_llm/users/sna/nemorl_reference_runs/20260618_lyris_nemorl_qwen30_qwen32_recipe_osl_bestk_step20/logs/qwen32_sync_baseline/2152140-logs/ray-driver.log,,,,,,,,,
2152140,qwen32_sync_baseline,6,20,completed_step,-0.0032,,,,0.001,0.5771,522.03,337.24,112.47,58.7,12.23,760.39,1177.05,3529.22,6762.06,2993.5146,,,,,,,,,,,0,0,0,,tmp/lyris_nemorl_perfcfg_step20_20260618_logs/lustre/fsw/coreai_dlalgo_llm/users/sna/nemorl_reference_runs/20260618_lyris_nemorl_qwen30_qwen32_recipe_osl_bestk_step20/logs/qwen32_sync_baseline/2152140-logs/ray-driver.log,,,,,,,,,
2152140,qwen32_sync_baseline,7,20,completed_step,0.0059,,,,0.0009,0.4404,568.64,360.37,128.91,66.43,11.3,793.12,1251.48,3498.49,6789.0,3419.9316,,,,,,,,,,,0,0,0,,tmp/lyris_nemorl_perfcfg_step20_20260618_logs/lustre/fsw/coreai_dlalgo_llm/users/sna/nemorl_reference_runs/20260618_lyris_nemorl_qwen30_qwen32_recipe_osl_bestk_step20/logs/qwen32_sync_baseline/2152140-logs/ray-driver.log,,,,,,,,,
2152140,qwen32_sync_baseline,8,20,completed_step,-0.0077,,,,0.001,0.4233,554.79,338.42,136.96,67.3,10.54,823.29,1349.68,3334.87,6786.83,3475.374,,,,,,,,,,,0,0,0,,tmp/lyris_nemorl_perfcfg_step20_20260618_logs/lustre/fsw/coreai_dlalgo_llm/users/sna/nemorl_reference_runs/20260618_lyris_nemorl_qwen30_qwen32_recipe_osl_bestk_step20/logs/qwen32_sync_baseline/2152140-logs/ray-driver.log,,,,,,,,,
2152140,qwen32_sync_baseline,9,20,completed_step,0.0074,,,,0.001,0.5059,507.43,308.55,128.37,58.74,10.4,785.72,1292.19,3105.78,6787.09,2996.1343,,,,,,,,,,,0,0,0,,tmp/lyris_nemorl_perfcfg_step20_20260618_logs/lustre/fsw/coreai_dlalgo_llm/users/sna/nemorl_reference_runs/20260618_lyris_nemorl_qwen30_qwen32_recipe_osl_bestk_step20/logs/qwen32_sync_baseline/2152140-logs/ray-driver.log,,,,,,,,,
2152140,qwen32_sync_baseline,10,20,completed_step,0.0039,,,,0.0009,0.5908,523.98,314.28,134.47,60.96,12.38,783.51,1306.31,3053.14,6734.78,3068.1382,,,,,,,,,,,0,0,0,,tmp/lyris_nemorl_perfcfg_step20_20260618_logs/lustre/fsw/coreai_dlalgo_llm/users/sna/nemorl_reference_runs/20260618_lyris_nemorl_qwen30_qwen32_recipe_osl_bestk_step20/logs/qwen32_sync_baseline/2152140-logs/ray-driver.log,,,,,,,,,
2152140,qwen32_sync_baseline,11,20,completed_step,0.0043,,,,0.0009,0.54,542.81,338.23,133.79,60.68,8.52,758.55,1217.38,3077.58,6785.47,3110.6553,,,,,,,,,,,0,0,0,,tmp/lyris_nemorl_perfcfg_step20_20260618_logs/lustre/fsw/coreai_dlalgo_llm/users/sna/nemorl_reference_runs/20260618_lyris_nemorl_qwen30_qwen32_recipe_osl_bestk_step20/logs/qwen32_sync_baseline/2152140-logs/ray-driver.log,,,,,,,,,
2152140,qwen32_sync_baseline,12,20,completed_step,-0.0088,,,,0.0009,0.5469,562.43,346.63,141.41,64.35,8.7,776.19,1259.42,3087.17,6784.53,3309.1265,,,,,,,,,,,0,0,0,,tmp/lyris_nemorl_perfcfg_step20_20260618_logs/lustre/fsw/coreai_dlalgo_llm/users/sna/nemorl_reference_runs/20260618_lyris_nemorl_qwen30_qwen32_recipe_osl_bestk_step20/logs/qwen32_sync_baseline/2152140-logs/ray-driver.log,,,,,,,,,
2152140,qwen32_sync_baseline,13,20,completed_step,-0.0002,,,,0.0009,0.519,564.84,348.01,141.81,64.39,8.69,771.11,1251.53,3071.37,6763.84,3281.8687,,,,,,,,,,,0,0,0,,tmp/lyris_nemorl_perfcfg_step20_20260618_logs/lustre/fsw/coreai_dlalgo_llm/users/sna/nemorl_reference_runs/20260618_lyris_nemorl_qwen30_qwen32_recipe_osl_bestk_step20/logs/qwen32_sync_baseline/2152140-logs/ray-driver.log,,,,,,,,,
2152140,qwen32_sync_baseline,14,20,completed_step,0.0087,,,,0.0009,0.4438,593.78,375.05,142.77,65.83,8.6,752.57,1191.49,3130.05,6788.65,3385.3418,,,,,,,,,,,0,0,0,,tmp/lyris_nemorl_perfcfg_step20_20260618_logs/lustre/fsw/coreai_dlalgo_llm/users/sna/nemorl_reference_runs/20260618_lyris_nemorl_qwen30_qwen32_recipe_osl_bestk_step20/logs/qwen32_sync_baseline/2152140-logs/ray-driver.log,,,,,,,,,
2152140,qwen32_sync_baseline,15,20,completed_step,-0.0041,,,,0.0009,0.5654,490.12,288.71,131.99,60.0,8.07,825.79,1401.85,3066.37,6745.43,3067.9048,,,,,,,,,,,0,0,0,,tmp/lyris_nemorl_perfcfg_step20_20260618_logs/lustre/fsw/coreai_dlalgo_llm/users/sna/nemorl_reference_runs/20260618_lyris_nemorl_qwen30_qwen32_recipe_osl_bestk_step20/logs/qwen32_sync_baseline/2152140-logs/ray-driver.log,,,,,,,,,
2152140,qwen32_sync_baseline,16,20,completed_step,0.0171,,,,0.0009,0.5786,532.56,332.74,131.31,59.22,7.93,756.34,1210.55,3067.46,6801.33,3036.9863,,,,,,,,,,,0,0,0,,tmp/lyris_nemorl_perfcfg_step20_20260618_logs/lustre/fsw/coreai_dlalgo_llm/users/sna/nemorl_reference_runs/20260618_lyris_nemorl_qwen30_qwen32_recipe_osl_bestk_step20/logs/qwen32_sync_baseline/2152140-logs/ray-driver.log,,,,,,,,,
2152140,qwen32_sync_baseline,17,20,completed_step,0.0099,,,,0.0009,0.6079,556.66,349.36,135.03,59.79,11.14,727.6,1159.35,2999.45,6774.66,3066.3613,,,,,,,,,,,0,0,0,,tmp/lyris_nemorl_perfcfg_step20_20260618_logs/lustre/fsw/coreai_dlalgo_llm/users/sna/nemorl_reference_runs/20260618_lyris_nemorl_qwen30_qwen32_recipe_osl_bestk_step20/logs/qwen32_sync_baseline/2152140-logs/ray-driver.log,,,,,,,,,
2152140,qwen32_sync_baseline,18,20,completed_step,0.0079,,,,0.001,0.6211,521.83,320.39,128.88,59.08,11.98,765.6,1246.98,3099.97,6762.0,3023.5127,,,,,,,,,,,0,0,0,,tmp/lyris_nemorl_perfcfg_step20_20260618_logs/lustre/fsw/coreai_dlalgo_llm/users/sna/nemorl_reference_runs/20260618_lyris_nemorl_qwen30_qwen32_recipe_osl_bestk_step20/logs/qwen32_sync_baseline/2152140-logs/ray-driver.log,,,,,,,,,
2152140,qwen32_sync_baseline,19,20,completed_step,0.0048,,,,0.001,0.4863,544.34,328.13,138.96,63.67,11.36,784.08,1300.74,3071.51,6703.65,3225.4126,,,,,,,,,,,0,0,0,,tmp/lyris_nemorl_perfcfg_step20_20260618_logs/lustre/fsw/coreai_dlalgo_llm/users/sna/nemorl_reference_runs/20260618_lyris_nemorl_qwen30_qwen32_recipe_osl_bestk_step20/logs/qwen32_sync_baseline/2152140-logs/ray-driver.log,,,,,,,,,
2152140,qwen32_sync_baseline,20,20,completed_step,0.0019,,,,0.0009,0.5215,527.79,323.99,133.38,60.72,8.36,779.03,1269.06,3082.6,6771.55,3113.5215,,,,,,,,,,,0,0,0,,tmp/lyris_nemorl_perfcfg_step20_20260618_logs/lustre/fsw/coreai_dlalgo_llm/users/sna/nemorl_reference_runs/20260618_lyris_nemorl_qwen30_qwen32_recipe_osl_bestk_step20/logs/qwen32_sync_baseline/2152140-logs/ray-driver.log,,,,,,,,,
2152142,qwen32_sync_suffix,1,20,completed_step,0.0024,,,,0.0009,0.5991,897.0,676.61,146.75,67.78,3.86,472.21,626.02,2886.37,6248.99,3208.2832,8.175,11.641194029850746,0.5,1.36125,1.5097313432835822,1.12,492.53703125,9903.6975,2534061.0,32661192.0,64,335,0,,tmp/lyris_nemorl_perfcfg_step20_20260618_logs/lustre/fsw/coreai_dlalgo_llm/users/sna/nemorl_reference_runs/20260618_lyris_nemorl_qwen30_qwen32_recipe_osl_bestk_step20/logs/qwen32_sync_suffix/2152142-logs/ray-driver.log,0.200355223880597,0.11340000000000001,0.06764477611940299,0.042283582089552234,0.027686567164179107,0.01837910447761194,0.01302089552238806,0.008997014925373133,0.0069582089552238805
2152142,qwen32_sync_suffix,2,20,completed_step,-0.0064,,,,0.001,0.4707,762.63,558.08,132.18,61.56,8.95,551.44,753.56,3181.61,6831.32,3143.7124,10.155555555555555,12.978994082840236,0.0,1.4225925925925924,1.5399408284023668,1.0,658.6112962962964,11522.837592592592,2855860.0,38455172.0,54,338,0,,tmp/lyris_nemorl_perfcfg_step20_20260618_logs/lustre/fsw/coreai_dlalgo_llm/users/sna/nemorl_reference_runs/20260618_lyris_nemorl_qwen30_qwen32_recipe_osl_bestk_step20/logs/qwen32_sync_suffix/2152142-logs/ray-driver.log,0.21791715976331363,0.1183284023668639,0.06879881656804733,0.04233136094674556,0.028118343195266272,0.01876923076923077,0.013988165680473372,0.009893491124260355,0.007857988165680474
2152142,qwen32_sync_suffix,3,20,completed_step,0.0183,,,,0.0009,0.4688,823.35,605.56,137.6,64.9,13.33,541.73,736.57,3241.54,6872.76,3383.7944,9.210169491525424,10.91326530612245,0.6,1.4608474576271187,1.5239030612244897,1.13,642.3399999999999,10668.548644067796,3041854.0,47016643.0,59,392,0,,tmp/lyris_nemorl_perfcfg_step20_20260618_logs/lustre/fsw/coreai_dlalgo_llm/users/sna/nemorl_reference_runs/20260618_lyris_nemorl_qwen30_qwen32_recipe_osl_bestk_step20/logs/qwen32_sync_suffix/2152142-logs/ray-driver.log,0.19498214285714288,0.11129846938775512,0.06888265306122449,0.04489285714285714,0.030698979591836737,0.02150765306122449,0.015849489795918367,0.011408163265306123,0.008826530612244898
2152142,qwen32_sync_suffix,4,20,completed_step,0.0122,,,,0.001,0.5371,704.08,495.99,132.32,60.76,12.82,588.37,835.22,3130.79,6818.3,3107.52,13.139583333333334,14.283094555873927,0.0,1.6133333333333333,1.6551289398280802,1.0,803.2025,8369.968333333332,3094861.0,31421419.0,48,349,0,,tmp/lyris_nemorl_perfcfg_step20_20260618_logs/lustre/fsw/coreai_dlalgo_llm/users/sna/nemorl_reference_runs/20260618_lyris_nemorl_qwen30_qwen32_recipe_osl_bestk_step20/logs/qwen32_sync_suffix/2152142-logs/ray-driver.log,0.2710515759312321,0.1470401146131805,0.0836704871060172,0.05111174785100287,0.032756446991404016,0.021702005730659026,0.015329512893982806,0.010418338108882522,0.008094555873925501
2152142,qwen32_sync_suffix,5,20,completed_step,-0.0044,,,,0.0009,0.5405,757.2,549.34,131.02,61.41,13.47,548.83,756.5,3171.83,6767.13,3151.0625,10.735849056603774,13.603647416413375,0.0,1.4952830188679245,1.6246504559270516,1.0,681.6803773584905,10531.109811320754,3062084.0,34221867.0,53,329,0,,tmp/lyris_nemorl_perfcfg_step20_20260618_logs/lustre/fsw/coreai_dlalgo_llm/users/sna/nemorl_reference_runs/20260618_lyris_nemorl_qwen30_qwen32_recipe_osl_bestk_step20/logs/qwen32_sync_suffix/2152142-logs/ray-driver.log,0.24249240121580548,0.13568996960486324,0.08150759878419453,0.05225227963525836,0.03504863221884499,0.02356838905775076,0.01703343465045593,0.012151975683890578,0.009446808510638298
2152142,qwen32_sync_suffix,6,20,completed_step,0.011,,,,0.001,0.5874,878.43,681.65,124.75,58.41,11.57,450.66,580.77,3173.5,6777.84,2985.1548,7.913846153846153,12.080428134556575,12.2,1.3873846153846152,1.5458409785932723,2.03,528.6981538461538,10194.159076923077,2745957.0,36909886.0,65,327,0,,tmp/lyris_nemorl_perfcfg_step20_20260618_logs/lustre/fsw/coreai_dlalgo_llm/users/sna/nemorl_reference_runs/20260618_lyris_nemorl_qwen30_qwen32_recipe_osl_bestk_step20/logs/qwen32_sync_suffix/2152142-logs/ray-driver.log,0.22169724770642205,0.11934862385321102,0.06924159021406728,0.043678899082568806,0.0287737003058104,0.019275229357798164,0.0137217125382263,0.009819571865443424,0.007492354740061162
2152142,qwen32_sync_suffix,7,20,completed_step,0.0052,,,,0.001,0.4478,871.47,650.52,140.34,66.03,12.83,516.61,692.08,3207.98,6817.96,3413.7832,9.092063492063492,11.332258064516129,0.3,1.4303174603174602,1.5293548387096776,1.07,623.3639682539682,9770.026666666667,3157833.0,42594971.0,63,403,0,,tmp/lyris_nemorl_perfcfg_step20_20260618_logs/lustre/fsw/coreai_dlalgo_llm/users/sna/nemorl_reference_runs/20260618_lyris_nemorl_qwen30_qwen32_recipe_osl_bestk_step20/logs/qwen32_sync_suffix/2152142-logs/ray-driver.log,0.20368486352357323,0.11438957816377172,0.06918858560794044,0.04509181141439206,0.03049875930521092,0.020565756823821342,0.014593052109181142,0.010399503722084367,0.007967741935483871
2152142,qwen32_sync_suffix,8,20,completed_step,0.0053,,,,0.001,0.4229,843.55,620.54,144.49,66.29,10.37,542.33,737.24,3166.22,6901.43,3481.1426,9.299999999999999,11.117199017199017,0.0,1.410655737704918,1.4858968058968058,1.01,603.5095081967213,10363.755901639344,2958301.0,43163121.0,61,407,0,,tmp/lyris_nemorl_perfcfg_step20_20260618_logs/lustre/fsw/coreai_dlalgo_llm/users/sna/nemorl_reference_runs/20260618_lyris_nemorl_qwen30_qwen32_recipe_osl_bestk_step20/logs/qwen32_sync_suffix/2152142-logs/ray-driver.log,0.20683292383292382,0.10874692874692875,0.06186732186732187,0.037493857493857495,0.023948402948402947,0.015395577395577396,0.010724815724815725,0.00728992628992629,0.005459459459459459
2152142,qwen32_sync_suffix,9,20,completed_step,0.0188,,,,0.001,0.5083,686.51,491.75,125.51,58.59,8.74,584.99,816.69,3199.71,6854.66,3018.8696,8.977083333333333,10.594427244582043,0.0,1.4147916666666667,1.4855417956656347,1.0,632.181875,9882.331041666666,2439730.0,33924282.0,48,323,0,,tmp/lyris_nemorl_perfcfg_step20_20260618_logs/lustre/fsw/coreai_dlalgo_llm/users/sna/nemorl_reference_runs/20260618_lyris_nemorl_qwen30_qwen32_recipe_osl_bestk_step20/logs/qwen32_sync_suffix/2152142-logs/ray-driver.log,0.19926625386996905,0.10741176470588236,0.06209597523219814,0.037981424148606814,0.024557275541795664,0.016272445820433436,0.01171517027863777,0.008321981424148608,0.0064396284829721364
2152142,qwen32_sync_suffix,10,20,completed_step,0.0047,,,,0.0009,0.5938,755.32,546.33,133.37,61.03,12.25,547.09,756.37,3098.31,6771.39,3089.0918,9.71320754716981,12.382262996941895,0.6,1.4775471698113207,1.5946177370030583,1.13,696.9032075471698,10235.114150943396,2940812.0,35602329.0,53,327,0,,tmp/lyris_nemorl_perfcfg_step20_20260618_logs/lustre/fsw/coreai_dlalgo_llm/users/sna/nemorl_reference_runs/20260618_lyris_nemorl_qwen30_qwen32_recipe_osl_bestk_step20/logs/qwen32_sync_suffix/2152142-logs/ray-driver.log,0.2257645259938838,0.12617125382262998,0.07743119266055046,0.05092966360856269,0.03462079510703364,0.02399388379204893,0.017351681957186546,0.012339449541284403,0.009522935779816513
2152142,qwen32_sync_suffix,11,20,completed_step,0.0059,,,,0.0009,0.5254,821.28,618.16,132.37,60.63,8.28,501.45,666.22,3111.19,6792.6,3111.2808,8.731666666666666,12.686153846153847,0.3,1.3996666666666668,1.5578769230769232,1.09,560.7645,9723.641,2688178.0,30403407.0,60,325,0,,tmp/lyris_nemorl_perfcfg_step20_20260618_logs/lustre/fsw/coreai_dlalgo_llm/users/sna/nemorl_reference_runs/20260618_lyris_nemorl_qwen30_qwen32_recipe_osl_bestk_step20/logs/qwen32_sync_suffix/2152142-logs/ray-driver.log,0.2366769230769231,0.122,0.06919692307692307,0.04271076923076923,0.028083076923076926,0.018436923076923076,0.013116923076923076,0.008984615384615384,0.00672
2152142,qwen32_sync_suffix,12,20,completed_step,0.0033,,,,0.0009,0.5352,817.85,607.4,136.87,63.38,8.64,531.95,716.26,3178.64,6864.75,3297.4102,9.254237288135593,11.307978723404256,2.5,1.4786440677966102,1.56343085106383,1.35,645.3301694915255,8798.61372881356,3054062.0,36776964.0,59,376,0,,tmp/lyris_nemorl_perfcfg_step20_20260618_logs/lustre/fsw/coreai_dlalgo_llm/users/sna/nemorl_reference_runs/20260618_lyris_nemorl_qwen30_qwen32_recipe_osl_bestk_step20/logs/qwen32_sync_suffix/2152142-logs/ray-driver.log,0.20483244680851062,0.11766223404255319,0.07340425531914893,0.049119680851063836,0.03456117021276595,0.024106382978723404,0.01766755319148936,0.012984042553191489,0.01014627659574468
2152142,qwen32_sync_suffix,13,20,completed_step,0.0013,,,,0.0009,0.5142,785.09,570.33,137.77,63.41,11.43,555.5,764.67,3165.57,6877.47,3286.2485,9.172727272727272,11.050413223140497,1.9,1.4787272727272727,1.5704683195592288,1.28,669.5158181818182,11308.007636363636,2959941.0,41556421.0,55,363,0,,tmp/lyris_nemorl_perfcfg_step20_20260618_logs/lustre/fsw/coreai_dlalgo_llm/users/sna/nemorl_reference_runs/20260618_lyris_nemorl_qwen30_qwen32_recipe_osl_bestk_step20/logs/qwen32_sync_suffix/2152142-logs/ray-driver.log,0.2078292011019284,0.11839669421487603,0.07463911845730029,0.0501129476584022,0.03477961432506887,0.024482093663911846,0.018046831955922864,0.01324793388429752,0.010399449035812672
2152142,qwen32_sync_suffix,14,20,completed_step,0.0079,,,,0.0009,0.4448,861.55,642.07,140.29,65.5,11.84,516.33,692.81,3170.81,6791.72,3369.4756,7.990322580645161,10.071502590673575,1.3,1.3780645161290321,1.4585751295336786,1.25,538.5248387096774,10110.410322580645,2656590.0,40944866.0,62,386,0,,tmp/lyris_nemorl_perfcfg_step20_20260618_logs/lustre/fsw/coreai_dlalgo_llm/users/sna/nemorl_reference_runs/20260618_lyris_nemorl_qwen30_qwen32_recipe_osl_bestk_step20/logs/qwen32_sync_suffix/2152142-logs/ray-driver.log,0.19506476683937823,0.10240414507772021,0.05762694300518135,0.03462435233160622,0.0223860103626943,0.014658031088082902,0.010331606217616581,0.007121761658031089,0.005297927461139896
2152142,qwen32_sync_suffix,15,20,completed_step,0.0012,,,,0.0009,0.5625,752.17,547.34,129.51,60.36,13.09,541.64,744.34,3145.85,6749.92,3088.8115,10.052830188679245,12.792660550458715,0.3,1.5067924528301886,1.6218348623853212,1.06,695.1173584905661,9299.435283018867,2957740.0,32227315.0,53,327,0,,tmp/lyris_nemorl_perfcfg_step20_20260618_logs/lustre/fsw/coreai_dlalgo_llm/users/sna/nemorl_reference_runs/20260618_lyris_nemorl_qwen30_qwen32_recipe_osl_bestk_step20/logs/qwen32_sync_suffix/2152142-logs/ray-driver.log,0.23947400611620798,0.13212232415902142,0.07956269113149847,0.05162996941896024,0.0355045871559633,0.024688073394495413,0.017954128440366975,0.012761467889908257,0.0098868501529052
2152142,qwen32_sync_suffix,16,20,completed_step,0.0086,,,,0.0009,0.5854,744.79,548.12,127.79,59.02,8.25,539.56,733.15,3144.73,6809.32,3029.6079,9.311538461538461,11.961993769470405,0.0,1.4407692307692308,1.5602180685358256,1.0,652.6590384615384,10165.5125,2725751.0,33653248.0,52,321,0,,tmp/lyris_nemorl_perfcfg_step20_20260618_logs/lustre/fsw/coreai_dlalgo_llm/users/sna/nemorl_reference_runs/20260618_lyris_nemorl_qwen30_qwen32_recipe_osl_bestk_step20/logs/qwen32_sync_suffix/2152142-logs/ray-driver.log,0.22261059190031152,0.12141121495327102,0.07212772585669781,0.04558566978193146,0.030523364485981308,0.020613707165109033,0.014785046728971964,0.010355140186915888,0.007965732087227414
2152142,qwen32_sync_suffix,17,20,completed_step,-0.0022,,,,0.0009,0.6089,752.02,546.85,131.16,59.9,12.27,541.96,745.29,3107.31,6804.11,3086.21,10.575471698113208,13.821562499999999,1.1,1.5332075471698114,1.68346875,1.21,749.0884905660378,9510.064905660378,3188790.0,32334034.0,53,320,0,,tmp/lyris_nemorl_perfcfg_step20_20260618_logs/lustre/fsw/coreai_dlalgo_llm/users/sna/nemorl_reference_runs/20260618_lyris_nemorl_qwen30_qwen32_recipe_osl_bestk_step20/logs/qwen32_sync_suffix/2152142-logs/ray-driver.log,0.27845625,0.15000625,0.08825,0.055299999999999995,0.03618125,0.02375625,0.01669375,0.011678125000000001,0.00871875
2152142,qwen32_sync_suffix,18,20,incomplete_step,,,,,,,,,,,,,,,,,,,,,,,,,,,0,0,0,,tmp/lyris_nemorl_perfcfg_step20_20260618_logs/lustre/fsw/coreai_dlalgo_llm/users/sna/nemorl_reference_runs/20260618_lyris_nemorl_qwen30_qwen32_recipe_osl_bestk_step20/logs/qwen32_sync_suffix/2152142-logs/ray-driver.log,,,,,,,,,
2152143,qwen32_sync_pard_k5,1,20,completed_step,0.0111,,,,0.0009,0.604,602.62,399.12,130.87,67.09,3.4,700.96,1058.37,3227.83,6296.6,3199.2188,15.756756756756756,18.99526066350711,2.5,1.7872972972972971,1.949478672985782,1.12,1064.2856756756757,4708.1945945945945,3109080.0,11759565.0,37,211,0,,tmp/lyris_nemorl_perfcfg_step20_20260618_logs/lustre/fsw/coreai_dlalgo_llm/users/sna/nemorl_reference_runs/20260618_lyris_nemorl_qwen30_qwen32_recipe_osl_bestk_step20/logs/qwen32_sync_pard/2152143-logs/ray-driver.log,0.3696777251184834,0.22833175355450236,0.15591943127962085,0.112260663507109,0.08339336492890995,,,,
2152143,qwen32_sync_pard_k5,2,20,completed_step,0.0042,,,,0.001,0.4712,541.0,353.31,117.09,60.5,8.51,775.5,1187.47,3583.07,6934.67,3135.9131,16.18235294117647,18.58782608695652,3.8,1.808235294117647,1.9286086956521737,1.19,1432.9008823529412,4065.2373529411766,3905324.0,10966651.0,34,230,0,,tmp/lyris_nemorl_perfcfg_step20_20260618_logs/lustre/fsw/coreai_dlalgo_llm/users/sna/nemorl_reference_runs/20260618_lyris_nemorl_qwen30_qwen32_recipe_osl_bestk_step20/logs/qwen32_sync_pard/2152143-logs/ray-driver.log,0.35782173913043475,0.21727391304347826,0.15378695652173913,0.11402608695652174,0.08553478260869567,,,,
2152143,qwen32_sync_pard_k5,3,20,completed_step,0.0087,,,,0.0009,0.4697,573.77,368.6,127.04,63.53,13.2,773.07,1203.39,3491.47,6981.99,3364.459,16.565714285714286,18.3934693877551,3.3,1.8265714285714285,1.9182448979591837,1.16,1432.0268571428571,4338.392,4015194.0,12004959.0,35,245,0,,tmp/lyris_nemorl_perfcfg_step20_20260618_logs/lustre/fsw/coreai_dlalgo_llm/users/sna/nemorl_reference_runs/20260618_lyris_nemorl_qwen30_qwen32_recipe_osl_bestk_step20/logs/qwen32_sync_pard/2152143-logs/ray-driver.log,0.3485755102040816,0.2154530612244898,0.15304897959183675,0.11453469387755102,0.0872530612244898,,,,
2152143,qwen32_sync_pard_k5,4,20,completed_step,0.0132,,,,0.001,0.5352,530.71,340.11,117.19,60.27,11.73,782.51,1221.03,3543.62,6890.39,3115.5552,16.439393939393938,19.3110599078341,1.6,1.8212121212121213,1.9647926267281106,1.08,1385.7527272727273,4773.125454545455,3644127.0,11903015.0,33,217,0,,tmp/lyris_nemorl_perfcfg_step20_20260618_logs/lustre/fsw/coreai_dlalgo_llm/users/sna/nemorl_reference_runs/20260618_lyris_nemorl_qwen30_qwen32_recipe_osl_bestk_step20/logs/qwen32_sync_pard/2152143-logs/ray-driver.log,0.3786589861751152,0.22413824884792627,0.15668663594470045,0.11646082949308757,0.08842857142857143,,,,
2152143,qwen32_sync_pard_k5,5,20,completed_step,0.0081,,,,0.0009,0.543,547.0,356.12,118.37,59.53,11.28,758.17,1164.55,3503.6,6966.07,3144.3496,16.557142857142857,21.145714285714288,1.8,1.8262857142857143,2.0557142857142856,1.09,1421.1465714285714,4674.241714285714,3960063.0,12097818.0,35,210,0,,tmp/lyris_nemorl_perfcfg_step20_20260618_logs/lustre/fsw/coreai_dlalgo_llm/users/sna/nemorl_reference_runs/20260618_lyris_nemorl_qwen30_qwen32_recipe_osl_bestk_step20/logs/qwen32_sync_pard/2152143-logs/ray-driver.log,0.38857142857142857,0.24891904761904762,0.1793952380952381,0.1353095238095238,0.10413809523809524,,,,
2152143,qwen32_sync_pard_k5,6,20,completed_step,-0.0028,,,,0.0009,0.5718,577.95,396.85,111.45,57.31,10.9,683.58,995.54,3544.97,6893.31,2978.8945,15.731578947368419,23.021052631578947,6.3,1.784736842105263,2.149947368421053,1.31,1283.9307894736842,4335.5486842105265,3862425.0,11551823.0,38,190,0,,tmp/lyris_nemorl_perfcfg_step20_20260618_logs/lustre/fsw/coreai_dlalgo_llm/users/sna/nemorl_reference_runs/20260618_lyris_nemorl_qwen30_qwen32_recipe_osl_bestk_step20/logs/qwen32_sync_pard/2152143-logs/ray-driver.log,0.4320894736842105,0.271721052631579,0.1928684210526316,0.14306842105263157,0.11057368421052632,,,,
2152143,qwen32_sync_pard_k5,7,20,completed_step,-0.0,,,,0.0009,0.439,588.85,385.6,126.67,64.47,10.54,763.74,1166.31,3550.27,6975.25,3410.0024,14.697368421052632,16.82421875,2.5,1.7344736842105262,1.8412109375,1.12,1374.2357894736842,5600.356578947368,4174113.0,16510547.0,38,256,0,,tmp/lyris_nemorl_perfcfg_step20_20260618_logs/lustre/fsw/coreai_dlalgo_llm/users/sna/nemorl_reference_runs/20260618_lyris_nemorl_qwen30_qwen32_recipe_osl_bestk_step20/logs/qwen32_sync_pard/2152143-logs/ray-driver.log,0.31302734375,0.19702734375,0.1428125,0.10685546875,0.081046875,,,,
2152143,qwen32_sync_pard_k5,8,20,completed_step,0.0047,,,,0.001,0.4248,573.51,370.64,126.58,65.58,9.31,796.61,1232.63,3609.19,6966.32,3476.2402,14.480555555555554,15.898046875,3.6,1.7233333333333334,1.794453125,1.18,1425.3019444444444,5793.9447222222225,4114051.0,16493314.0,36,256,0,,tmp/lyris_nemorl_perfcfg_step20_20260618_logs/lustre/fsw/coreai_dlalgo_llm/users/sna/nemorl_reference_runs/20260618_lyris_nemorl_qwen30_qwen32_recipe_osl_bestk_step20/logs/qwen32_sync_pard/2152143-logs/ray-driver.log,0.3070234375,0.186609375,0.13183984375,0.0967578125,0.07216796875,,,,
2152143,qwen32_sync_pard_k5,9,20,completed_step,0.0061,,,,0.001,0.5103,549.97,363.83,115.73,57.9,11.16,728.12,1100.62,3460.22,6916.58,3009.7617,16.151428571428575,21.397474747474746,2.3,1.806857142857143,2.0693939393939393,1.11,1432.1257142857144,4573.799142857143,3988751.0,11771891.0,35,198,0,,tmp/lyris_nemorl_perfcfg_step20_20260618_logs/lustre/fsw/coreai_dlalgo_llm/users/sna/nemorl_reference_runs/20260618_lyris_nemorl_qwen30_qwen32_recipe_osl_bestk_step20/logs/qwen32_sync_pard/2152143-logs/ray-driver.log,0.403489898989899,0.25696464646464645,0.18005050505050504,0.13117676767676767,0.09715151515151516,,,,
2152143,qwen32_sync_pard_k5,10,20,completed_step,0.0086,,,,0.0009,0.5859,540.92,354.45,115.52,59.33,10.16,759.87,1159.62,3558.06,6928.33,3071.9976,17.61470588235294,22.16048780487805,1.6,1.8794117647058823,2.107170731707317,1.08,1362.3288235294117,4306.776764705883,3682106.0,10755498.0,34,205,0,,tmp/lyris_nemorl_perfcfg_step20_20260618_logs/lustre/fsw/coreai_dlalgo_llm/users/sna/nemorl_reference_runs/20260618_lyris_nemorl_qwen30_qwen32_recipe_osl_bestk_step20/logs/qwen32_sync_pard/2152143-logs/ray-driver.log,0.41115121951219513,0.2654682926829268,0.18758536585365854,0.13853170731707318,0.10409268292682926,,,,
2152143,qwen32_sync_pard_k5,11,20,completed_step,0.0159,,,,0.0009,0.5229,559.47,376.92,113.6,59.3,8.12,736.66,1093.44,3627.92,6950.5,3113.7188,16.686486486486487,23.17929292929293,4.0,1.8329729729729727,2.157171717171717,1.2,1320.7764864864866,4089.1600000000003,3862358.0,10525953.0,37,198,0,,tmp/lyris_nemorl_perfcfg_step20_20260618_logs/lustre/fsw/coreai_dlalgo_llm/users/sna/nemorl_reference_runs/20260618_lyris_nemorl_qwen30_qwen32_recipe_osl_bestk_step20/logs/qwen32_sync_pard/2152143-logs/ray-driver.log,0.44591919191919194,0.27645959595959596,0.19167676767676767,0.13922222222222222,0.10435858585858586,,,,
2152143,qwen32_sync_pard_k5,12,20,completed_step,-0.001,,,,0.0009,0.5449,580.87,382.12,123.16,62.97,11.19,750.77,1141.25,3541.01,6925.86,3305.5288,14.913513513513513,18.121052631578948,2.4,1.7443243243243245,1.9051315789473684,1.12,1357.5018918918918,4858.902972972973,4004112.0,13225709.0,37,228,0,,tmp/lyris_nemorl_perfcfg_step20_20260618_logs/lustre/fsw/coreai_dlalgo_llm/users/sna/nemorl_reference_runs/20260618_lyris_nemorl_qwen30_qwen32_recipe_osl_bestk_step20/logs/qwen32_sync_pard/2152143-logs/ray-driver.log,0.34475438596491226,0.2151798245614035,0.1513640350877193,0.11082456140350877,0.08310964912280702,,,,
2152143,qwen32_sync_pard_k5,13,20,completed_step,-0.0102,,,,0.0009,0.5239,575.86,378.47,123.81,62.77,9.34,755.75,1149.92,3515.23,6933.52,3279.166,16.88888888888889,20.12155172413793,2.3,1.8438888888888887,2.0054310344827586,1.12,1389.062777777778,4536.746944444445,3985724.0,12286347.0,36,232,0,,tmp/lyris_nemorl_perfcfg_step20_20260618_logs/lustre/fsw/coreai_dlalgo_llm/users/sna/nemorl_reference_runs/20260618_lyris_nemorl_qwen30_qwen32_recipe_osl_bestk_step20/logs/qwen32_sync_pard/2152143-logs/ray-driver.log,0.3716853448275862,0.23532758620689656,0.17038362068965518,0.12898706896551723,0.09884051724137931,,,,
2152143,qwen32_sync_pard_k5,14,20,completed_step,0.0117,,,,0.0009,0.4492,618.65,414.94,125.72,64.14,12.43,720.49,1074.2,3545.4,6949.05,3376.4639,14.187179487179487,17.334156378600824,3.9,1.7084615384615383,1.8660493827160494,1.19,1328.3382051282051,5152.5641025641025,4130825.0,15210292.0,39,243,0,,tmp/lyris_nemorl_perfcfg_step20_20260618_logs/lustre/fsw/coreai_dlalgo_llm/users/sna/nemorl_reference_runs/20260618_lyris_nemorl_qwen30_qwen32_recipe_osl_bestk_step20/logs/qwen32_sync_pard/2152143-logs/ray-driver.log,0.3317201646090535,0.20522222222222222,0.14409465020576132,0.10602057613168725,0.07930864197530864,,,,
2152143,qwen32_sync_pard_k5,15,20,completed_step,-0.0029,,,,0.0009,0.5771,551.11,364.11,116.31,58.47,10.76,735.92,1113.86,3486.88,6936.02,3074.4336,16.36,22.53723404255319,1.7,1.816857142857143,2.126276595744681,1.08,1309.4445714285714,4003.6457142857143,3642481.0,10133977.0,35,188,0,,tmp/lyris_nemorl_perfcfg_step20_20260618_logs/lustre/fsw/coreai_dlalgo_llm/users/sna/nemorl_reference_runs/20260618_lyris_nemorl_qwen30_qwen32_recipe_osl_bestk_step20/logs/qwen32_sync_pard/2152143-logs/ray-driver.log,0.40884574468085105,0.26798404255319147,0.19360106382978723,0.14504787234042554,0.11073936170212766,,,,
2152143,qwen32_sync_pard_k5,16,20,completed_step,0.0089,,,,0.0009,0.5732,572.31,385.97,115.49,58.41,11.01,705.23,1045.71,3494.82,6909.35,3043.3081,16.278378378378378,23.070466321243526,1.4,1.8108108108108107,2.1509326424870467,1.07,1322.3172972972973,4651.711891891891,3857733.0,11677831.0,37,193,0,,tmp/lyris_nemorl_perfcfg_step20_20260618_logs/lustre/fsw/coreai_dlalgo_llm/users/sna/nemorl_reference_runs/20260618_lyris_nemorl_qwen30_qwen32_recipe_osl_bestk_step20/logs/qwen32_sync_pard/2152143-logs/ray-driver.log,0.41899481865284977,0.2747979274611399,0.1982176165803109,0.1481554404145078,0.11168911917098447,,,,
2152143,qwen32_sync_pard_k5,17,20,completed_step,0.0098,,,,0.0009,0.6069,593.36,405.33,117.14,58.92,10.53,685.81,1003.93,3473.76,6906.44,3081.231,14.34871794871795,20.6726368159204,1.2,1.7161538461538464,2.0323383084577116,1.06,1236.6805128205128,4099.106666666667,3824051.0,11157449.0,39,201,0,,tmp/lyris_nemorl_perfcfg_step20_20260618_logs/lustre/fsw/coreai_dlalgo_llm/users/sna/nemorl_reference_runs/20260618_lyris_nemorl_qwen30_qwen32_recipe_osl_bestk_step20/logs/qwen32_sync_pard/2152143-logs/ray-driver.log,0.3810099502487562,0.24429850746268655,0.17448258706467662,0.13201492537313433,0.10075621890547264,,,,
2152143,qwen32_sync_pard_k5,18,20,completed_step,0.0015,,,,0.001,0.6147,512.87,330.72,112.71,57.89,10.11,781.94,1212.6,3558.02,6926.98,3035.3481,17.10625,20.960204081632654,8.1,1.85375,2.0474489795918367,1.4,1438.685,4739.970625,3664992.0,11394308.0,32,196,0,,tmp/lyris_nemorl_perfcfg_step20_20260618_logs/lustre/fsw/coreai_dlalgo_llm/users/sna/nemorl_reference_runs/20260618_lyris_nemorl_qwen30_qwen32_recipe_osl_bestk_step20/logs/qwen32_sync_pard/2152143-logs/ray-driver.log,0.3882704081632653,0.25086224489795916,0.17873469387755103,0.1313265306122449,0.09782142857142859,,,,
2152143,qwen32_sync_pard_k5,19,20,completed_step,-0.0066,,,,0.0009,0.4824,559.56,363.16,121.32,61.68,11.99,765.89,1180.09,3532.44,6947.68,3239.1587,16.274285714285714,19.591964285714287,2.1,1.8117142857142856,1.9788839285714286,1.1,1381.5159999999998,4039.0628571428574,3862876.0,10828054.0,35,224,0,,tmp/lyris_nemorl_perfcfg_step20_20260618_logs/lustre/fsw/coreai_dlalgo_llm/users/sna/nemorl_reference_runs/20260618_lyris_nemorl_qwen30_qwen32_recipe_osl_bestk_step20/logs/qwen32_sync_pard/2152143-logs/ray-driver.log,0.3663035714285714,0.23095982142857144,0.16549107142857142,0.12333482142857143,0.09269642857142857,,,,
2152143,qwen32_sync_pard_k5,20,20,completed_step,0.0029,,,,0.0009,0.519,534.6,349.38,113.96,59.44,10.43,770.68,1179.24,3615.36,6931.5,3120.1099,16.66470588235294,19.639545454545452,3.9,1.8320588235294117,1.9813181818181818,1.19,1396.4073529411764,4734.499705882353,3737689.0,12101499.0,34,220,0,,tmp/lyris_nemorl_perfcfg_step20_20260618_logs/lustre/fsw/coreai_dlalgo_llm/users/sna/nemorl_reference_runs/20260618_lyris_nemorl_qwen30_qwen32_recipe_osl_bestk_step20/logs/qwen32_sync_pard/2152143-logs/ray-driver.log,0.3585090909090909,0.23201818181818185,0.16832272727272726,0.12693181818181817,0.0960409090909091,,,,
2152144,qwen32_async_baseline,1,20,completed_step,-0.0023,,,,0.0009,0.5854,179.9,,112.97,59.93,,1178.63,2433.88,3753.81,7075.41,,,,,,,,,,,,0,0,0,,tmp/lyris_nemorl_perfcfg_step20_20260618_logs/lustre/fsw/coreai_dlalgo_llm/users/sna/nemorl_reference_runs/20260618_lyris_nemorl_qwen30_qwen32_recipe_osl_bestk_step20/logs/qwen32_async1off_baseline/2152144-logs/ray-driver.log,,,,,,,,,
2152144,qwen32_async_baseline,2,20,completed_step,0.0031,,,,0.0009,0.4634,179.35,,108.74,56.75,,1166.26,2398.8,3847.0,7372.09,,,,,,,,,,,,0,0,0,,tmp/lyris_nemorl_perfcfg_step20_20260618_logs/lustre/fsw/coreai_dlalgo_llm/users/sna/nemorl_reference_runs/20260618_lyris_nemorl_qwen30_qwen32_recipe_osl_bestk_step20/logs/qwen32_async1off_baseline/2152144-logs/ray-driver.log,,,,,,,,,
2152144,qwen32_async_baseline,3,20,completed_step,-0.0039,,,,0.0009,0.4727,252.62,,113.92,58.72,,879.03,1793.03,3898.45,7562.7,,,,,,,,,,,,0,0,0,,tmp/lyris_nemorl_perfcfg_step20_20260618_logs/lustre/fsw/coreai_dlalgo_llm/users/sna/nemorl_reference_runs/20260618_lyris_nemorl_qwen30_qwen32_recipe_osl_bestk_step20/logs/qwen32_async1off_baseline/2152144-logs/ray-driver.log,,,,,,,,,
2152144,qwen32_async_baseline,4,20,completed_step,-0.0053,,,,0.001,0.5225,229.6,,106.35,54.35,,905.65,1844.23,3910.48,7651.25,,,,,,,,,,,,0,0,0,,tmp/lyris_nemorl_perfcfg_step20_20260618_logs/lustre/fsw/coreai_dlalgo_llm/users/sna/nemorl_reference_runs/20260618_lyris_nemorl_qwen30_qwen32_recipe_osl_bestk_step20/logs/qwen32_async1off_baseline/2152144-logs/ray-driver.log,,,,,,,,,
2152144,qwen32_async_baseline,5,20,completed_step,0.0021,,,,0.0009,0.5605,203.4,,111.14,54.43,,1016.63,2070.46,3721.08,7598.62,,,,,,,,,,,,0,0,0,,tmp/lyris_nemorl_perfcfg_step20_20260618_logs/lustre/fsw/coreai_dlalgo_llm/users/sna/nemorl_reference_runs/20260618_lyris_nemorl_qwen30_qwen32_recipe_osl_bestk_step20/logs/qwen32_async1off_baseline/2152144-logs/ray-driver.log,,,,,,,,,
2152144,qwen32_async_baseline,6,20,completed_step,0.0142,,,,0.0009,0.5854,263.52,,102.54,51.76,,750.84,1528.86,3859.17,7645.0,,,,,,,,,,,,0,0,0,,tmp/lyris_nemorl_perfcfg_step20_20260618_logs/lustre/fsw/coreai_dlalgo_llm/users/sna/nemorl_reference_runs/20260618_lyris_nemorl_qwen30_qwen32_recipe_osl_bestk_step20/logs/qwen32_async1off_baseline/2152144-logs/ray-driver.log,,,,,,,,,
2152144,qwen32_async_baseline,7,20,completed_step,0.0137,,,,0.001,0.4453,242.04,,116.03,59.18,,931.44,1895.23,3885.9,7619.6,,,,,,,,,,,,0,0,0,,tmp/lyris_nemorl_perfcfg_step20_20260618_logs/lustre/fsw/coreai_dlalgo_llm/users/sna/nemorl_reference_runs/20260618_lyris_nemorl_qwen30_qwen32_recipe_osl_bestk_step20/logs/qwen32_async1off_baseline/2152144-logs/ray-driver.log,,,,,,,,,
2152144,qwen32_async_baseline,8,20,completed_step,0.0031,,,,0.001,0.4165,252.69,,116.47,59.22,,901.81,1830.9,3912.9,7695.88,,,,,,,,,,,,0,0,0,,tmp/lyris_nemorl_perfcfg_step20_20260618_logs/lustre/fsw/coreai_dlalgo_llm/users/sna/nemorl_reference_runs/20260618_lyris_nemorl_qwen30_qwen32_recipe_osl_bestk_step20/logs/qwen32_async1off_baseline/2152144-logs/ray-driver.log,,,,,,,,,
2152144,qwen32_async_baseline,9,20,completed_step,0.0113,,,,0.0009,0.5103,186.94,,105.27,52.92,,1076.29,2202.64,3822.71,7603.91,,,,,,,,,,,,0,0,0,,tmp/lyris_nemorl_perfcfg_step20_20260618_logs/lustre/fsw/coreai_dlalgo_llm/users/sna/nemorl_reference_runs/20260618_lyris_nemorl_qwen30_qwen32_recipe_osl_bestk_step20/logs/qwen32_async1off_baseline/2152144-logs/ray-driver.log,,,,,,,,,
2152144,qwen32_async_baseline,10,20,completed_step,0.0073,,,,0.0009,0.5947,243.08,,107.37,54.25,,847.29,1724.88,3836.59,7592.82,,,,,,,,,,,,0,0,0,,tmp/lyris_nemorl_perfcfg_step20_20260618_logs/lustre/fsw/coreai_dlalgo_llm/users/sna/nemorl_reference_runs/20260618_lyris_nemorl_qwen30_qwen32_recipe_osl_bestk_step20/logs/qwen32_async1off_baseline/2152144-logs/ray-driver.log,,,,,,,,,
2152144,qwen32_async_baseline,11,20,completed_step,-0.0044,,,,0.0009,0.5332,224.85,,108.09,54.44,,915.97,1864.61,3810.82,7567.08,,,,,,,,,,,,0,0,0,,tmp/lyris_nemorl_perfcfg_step20_20260618_logs/lustre/fsw/coreai_dlalgo_llm/users/sna/nemorl_reference_runs/20260618_lyris_nemorl_qwen30_qwen32_recipe_osl_bestk_step20/logs/qwen32_async1off_baseline/2152144-logs/ray-driver.log,,,,,,,,,
2152144,qwen32_async_baseline,12,20,completed_step,-0.0087,,,,0.0009,0.542,254.96,,113.31,56.7,,855.68,1739.74,3850.84,7695.91,,,,,,,,,,,,0,0,0,,tmp/lyris_nemorl_perfcfg_step20_20260618_logs/lustre/fsw/coreai_dlalgo_llm/users/sna/nemorl_reference_runs/20260618_lyris_nemorl_qwen30_qwen32_recipe_osl_bestk_step20/logs/qwen32_async1off_baseline/2152144-logs/ray-driver.log,,,,,,,,,
2152144,qwen32_async_baseline,13,20,completed_step,-0.0016,,,,0.0009,0.522,224.08,,113.85,56.99,,972.72,1983.13,3829.23,7649.9,,,,,,,,,,,,0,0,0,,tmp/lyris_nemorl_perfcfg_step20_20260618_logs/lustre/fsw/coreai_dlalgo_llm/users/sna/nemorl_reference_runs/20260618_lyris_nemorl_qwen30_qwen32_recipe_osl_bestk_step20/logs/qwen32_async1off_baseline/2152144-logs/ray-driver.log,,,,,,,,,
2152144,qwen32_async_baseline,14,20,completed_step,0.01,,,,0.0009,0.4526,270.44,,116.72,58.33,,825.21,1669.89,3824.09,7651.97,,,,,,,,,,,,0,0,0,,tmp/lyris_nemorl_perfcfg_step20_20260618_logs/lustre/fsw/coreai_dlalgo_llm/users/sna/nemorl_reference_runs/20260618_lyris_nemorl_qwen30_qwen32_recipe_osl_bestk_step20/logs/qwen32_async1off_baseline/2152144-logs/ray-driver.log,,,,,,,,,
2152144,qwen32_async_baseline,15,20,completed_step,-0.0021,,,,0.0009,0.5659,171.86,,106.99,53.36,,1178.13,2404.5,3785.01,7589.52,,,,,,,,,,,,0,0,0,,tmp/lyris_nemorl_perfcfg_step20_20260618_logs/lustre/fsw/coreai_dlalgo_llm/users/sna/nemorl_reference_runs/20260618_lyris_nemorl_qwen30_qwen32_recipe_osl_bestk_step20/logs/qwen32_async1off_baseline/2152144-logs/ray-driver.log,,,,,,,,,
2152144,qwen32_async_baseline,16,20,completed_step,0.0056,,,,0.0009,0.5762,247.69,,106.46,52.8,,813.47,1649.61,3785.17,7632.51,,,,,,,,,,,,0,0,0,,tmp/lyris_nemorl_perfcfg_step20_20260618_logs/lustre/fsw/coreai_dlalgo_llm/users/sna/nemorl_reference_runs/20260618_lyris_nemorl_qwen30_qwen32_recipe_osl_bestk_step20/logs/qwen32_async1off_baseline/2152144-logs/ray-driver.log,,,,,,,,,
2152144,qwen32_async_baseline,17,20,completed_step,0.0086,,,,0.0009,0.6064,215.16,,108.26,53.44,,943.9,1919.36,3751.8,7600.33,,,,,,,,,,,,0,0,0,,tmp/lyris_nemorl_perfcfg_step20_20260618_logs/lustre/fsw/coreai_dlalgo_llm/users/sna/nemorl_reference_runs/20260618_lyris_nemorl_qwen30_qwen32_recipe_osl_bestk_step20/logs/qwen32_async1off_baseline/2152144-logs/ray-driver.log,,,,,,,,,
2152144,qwen32_async_baseline,18,20,completed_step,0.0141,,,,0.001,0.6177,196.82,,104.22,52.49,,1014.62,2064.6,3832.47,7609.29,,,,,,,,,,,,0,0,0,,tmp/lyris_nemorl_perfcfg_step20_20260618_logs/lustre/fsw/coreai_dlalgo_llm/users/sna/nemorl_reference_runs/20260618_lyris_nemorl_qwen30_qwen32_recipe_osl_bestk_step20/logs/qwen32_async1off_baseline/2152144-logs/ray-driver.log,,,,,,,,,
2152144,qwen32_async_baseline,19,20,completed_step,0.0062,,,,0.0009,0.4888,249.68,,113.38,56.85,,858.21,1740.37,3779.86,7538.6,,,,,,,,,,,,0,0,0,,tmp/lyris_nemorl_perfcfg_step20_20260618_logs/lustre/fsw/coreai_dlalgo_llm/users/sna/nemorl_reference_runs/20260618_lyris_nemorl_qwen30_qwen32_recipe_osl_bestk_step20/logs/qwen32_async1off_baseline/2152144-logs/ray-driver.log,,,,,,,,,
2152144,qwen32_async_baseline,20,20,completed_step,-0.0019,,,,0.0009,0.522,212.8,,106.79,54.32,,972.15,1975.0,3874.6,7616.48,,,,,,,,,,,,0,0,2,"[rank0]:[W618 08:55:55.801837850 ProcessGroupNCCL.cpp:1575] Warning: WARNING: destroy_process_group() was not called before program exit, which can leak resources. For more info, please see https://pytorch.org/docs/stable/distributed.html#shutdown (function operator()) [repeated 15x across cluster]",tmp/lyris_nemorl_perfcfg_step20_20260618_logs/lustre/fsw/coreai_dlalgo_llm/users/sna/nemorl_reference_runs/20260618_lyris_nemorl_qwen30_qwen32_recipe_osl_bestk_step20/logs/qwen32_async1off_baseline/2152144-logs/ray-driver.log,,,,,,,,,
2152146,qwen32_async_suffix,1,20,completed_step,0.0042,,,,0.0009,0.605,196.02,,127.0,60.42,,1081.86,2246.75,3339.54,7019.91,,,,,,,,,,,,0,0,0,,tmp/lyris_nemorl_perfcfg_step20_20260618_logs/lustre/fsw/coreai_dlalgo_llm/users/sna/nemorl_reference_runs/20260618_lyris_nemorl_qwen30_qwen32_recipe_osl_bestk_step20/logs/qwen32_async1off_suffix/2152146-logs/ray-driver.log,,,,,,,,,
2152146,qwen32_async_suffix,2,20,completed_step,0.0042,,,,0.001,0.4678,384.09,,123.63,57.28,,544.2,1105.87,3381.51,7298.08,,,,,,,,,,,,0,0,0,,tmp/lyris_nemorl_perfcfg_step20_20260618_logs/lustre/fsw/coreai_dlalgo_llm/users/sna/nemorl_reference_runs/20260618_lyris_nemorl_qwen30_qwen32_recipe_osl_bestk_step20/logs/qwen32_async1off_suffix/2152146-logs/ray-driver.log,,,,,,,,,
2152146,qwen32_async_suffix,3,20,completed_step,0.0128,,,,0.0009,0.4673,567.01,,133.01,60.49,,391.76,791.87,3340.01,7344.27,,,,,,,,,,,,0,0,0,,tmp/lyris_nemorl_perfcfg_step20_20260618_logs/lustre/fsw/coreai_dlalgo_llm/users/sna/nemorl_reference_runs/20260618_lyris_nemorl_qwen30_qwen32_recipe_osl_bestk_step20/logs/qwen32_async1off_suffix/2152146-logs/ray-driver.log,,,,,,,,,
2152146,qwen32_async_suffix,4,20,completed_step,0.0023,,,,0.001,0.5312,449.32,,123.99,55.6,,462.62,936.6,3353.05,7477.09,,,,,,,,,,,,0,0,0,,tmp/lyris_nemorl_perfcfg_step20_20260618_logs/lustre/fsw/coreai_dlalgo_llm/users/sna/nemorl_reference_runs/20260618_lyris_nemorl_qwen30_qwen32_recipe_osl_bestk_step20/logs/qwen32_async1off_suffix/2152146-logs/ray-driver.log,,,,,,,,,
2152146,qwen32_async_suffix,5,20,completed_step,0.0034,,,,0.0009,0.5537,483.84,,124.6,57.17,,429.78,868.49,3337.89,7274.87,,,,,,,,,,,,0,0,0,,tmp/lyris_nemorl_perfcfg_step20_20260618_logs/lustre/fsw/coreai_dlalgo_llm/users/sna/nemorl_reference_runs/20260618_lyris_nemorl_qwen30_qwen32_recipe_osl_bestk_step20/logs/qwen32_async1off_suffix/2152146-logs/ray-driver.log,,,,,,,,,
2152146,qwen32_async_suffix,6,20,completed_step,-0.0006,,,,0.0009,0.5786,400.77,,120.39,53.13,,493.96,1004.06,3288.8,7451.89,,,,,,,,,,,,0,0,0,,tmp/lyris_nemorl_perfcfg_step20_20260618_logs/lustre/fsw/coreai_dlalgo_llm/users/sna/nemorl_reference_runs/20260618_lyris_nemorl_qwen30_qwen32_recipe_osl_bestk_step20/logs/qwen32_async1off_suffix/2152146-logs/ray-driver.log,,,,,,,,,
2152146,qwen32_async_suffix,7,20,completed_step,0.0137,,,,0.0009,0.4487,661.98,,134.09,60.62,,339.95,685.12,3356.54,7424.34,,,,,,,,,,,,0,0,0,,tmp/lyris_nemorl_perfcfg_step20_20260618_logs/lustre/fsw/coreai_dlalgo_llm/users/sna/nemorl_reference_runs/20260618_lyris_nemorl_qwen30_qwen32_recipe_osl_bestk_step20/logs/qwen32_async1off_suffix/2152146-logs/ray-driver.log,,,,,,,,,
2152146,qwen32_async_suffix,8,20,completed_step,0.0016,,,,0.001,0.4185,618.39,,131.99,60.47,,367.9,741.69,3447.41,7524.38,,,,,,,,,,,,0,0,0,,tmp/lyris_nemorl_perfcfg_step20_20260618_logs/lustre/fsw/coreai_dlalgo_llm/users/sna/nemorl_reference_runs/20260618_lyris_nemorl_qwen30_qwen32_recipe_osl_bestk_step20/logs/qwen32_async1off_suffix/2152146-logs/ray-driver.log,,,,,,,,,
2152146,qwen32_async_suffix,9,20,completed_step,0.0122,,,,0.0009,0.5122,448.35,,116.92,54.7,,445.97,903.67,3420.17,7310.17,,,,,,,,,,,,0,0,0,,tmp/lyris_nemorl_perfcfg_step20_20260618_logs/lustre/fsw/coreai_dlalgo_llm/users/sna/nemorl_reference_runs/20260618_lyris_nemorl_qwen30_qwen32_recipe_osl_bestk_step20/logs/qwen32_async1off_suffix/2152146-logs/ray-driver.log,,,,,,,,,
2152146,qwen32_async_suffix,10,20,completed_step,0.0084,,,,0.0009,0.5957,445.81,,128.88,57.84,,463.62,937.71,3207.54,7146.63,,,,,,,,,,,,0,0,0,,tmp/lyris_nemorl_perfcfg_step20_20260618_logs/lustre/fsw/coreai_dlalgo_llm/users/sna/nemorl_reference_runs/20260618_lyris_nemorl_qwen30_qwen32_recipe_osl_bestk_step20/logs/qwen32_async1off_suffix/2152146-logs/ray-driver.log,,,,,,,,,
2152146,qwen32_async_suffix,11,20,completed_step,-0.0088,,,,0.0009,0.5376,473.35,,130.02,55.95,,434.16,878.34,3161.16,7346.54,,,,,,,,,,,,0,0,0,,tmp/lyris_nemorl_perfcfg_step20_20260618_logs/lustre/fsw/coreai_dlalgo_llm/users/sna/nemorl_reference_runs/20260618_lyris_nemorl_qwen30_qwen32_recipe_osl_bestk_step20/logs/qwen32_async1off_suffix/2152146-logs/ray-driver.log,,,,,,,,,
2152146,qwen32_async_suffix,12,20,completed_step,-0.0029,,,,0.0009,0.5356,510.71,,135.35,58.34,,426.72,861.95,3220.2,7470.88,,,,,,,,,,,,0,0,0,,tmp/lyris_nemorl_perfcfg_step20_20260618_logs/lustre/fsw/coreai_dlalgo_llm/users/sna/nemorl_reference_runs/20260618_lyris_nemorl_qwen30_qwen32_recipe_osl_bestk_step20/logs/qwen32_async1off_suffix/2152146-logs/ray-driver.log,,,,,,,,,
2152146,qwen32_async_suffix,13,20,completed_step,0.0075,,,,0.001,0.5151,540.17,,140.03,58.9,,404.37,816.61,3119.65,7416.42,,,,,,,,,,,,0,0,0,,tmp/lyris_nemorl_perfcfg_step20_20260618_logs/lustre/fsw/coreai_dlalgo_llm/users/sna/nemorl_reference_runs/20260618_lyris_nemorl_qwen30_qwen32_recipe_osl_bestk_step20/logs/qwen32_async1off_suffix/2152146-logs/ray-driver.log,,,,,,,,,
2152146,qwen32_async_suffix,14,20,completed_step,0.0051,,,,0.0009,0.4478,585.83,,138.47,59.32,,381.01,768.78,3223.87,7526.11,,,,,,,,,,,,0,0,0,,tmp/lyris_nemorl_perfcfg_step20_20260618_logs/lustre/fsw/coreai_dlalgo_llm/users/sna/nemorl_reference_runs/20260618_lyris_nemorl_qwen30_qwen32_recipe_osl_bestk_step20/logs/qwen32_async1off_suffix/2152146-logs/ray-driver.log,,,,,,,,,
2152146,qwen32_async_suffix,15,20,completed_step,-0.0073,,,,0.0009,0.5723,448.83,,129.07,55.35,,454.42,919.66,3160.33,7369.24,,,,,,,,,,,,0,0,0,,tmp/lyris_nemorl_perfcfg_step20_20260618_logs/lustre/fsw/coreai_dlalgo_llm/users/sna/nemorl_reference_runs/20260618_lyris_nemorl_qwen30_qwen32_recipe_osl_bestk_step20/logs/qwen32_async1off_suffix/2152146-logs/ray-driver.log,,,,,,,,,
2152146,qwen32_async_suffix,16,20,completed_step,-0.0004,,,,0.0009,0.5703,456.26,,124.14,54.02,,442.22,895.21,3250.58,7469.97,,,,,,,,,,,,0,0,0,,tmp/lyris_nemorl_perfcfg_step20_20260618_logs/lustre/fsw/coreai_dlalgo_llm/users/sna/nemorl_reference_runs/20260618_lyris_nemorl_qwen30_qwen32_recipe_osl_bestk_step20/logs/qwen32_async1off_suffix/2152146-logs/ray-driver.log,,,,,,,,,
2152146,qwen32_async_suffix,17,20,completed_step,0.0074,,,,0.0009,0.6025,465.76,,128.5,54.72,,437.35,884.58,3170.57,7445.91,,,,,,,,,,,,0,0,0,,tmp/lyris_nemorl_perfcfg_step20_20260618_logs/lustre/fsw/coreai_dlalgo_llm/users/sna/nemorl_reference_runs/20260618_lyris_nemorl_qwen30_qwen32_recipe_osl_bestk_step20/logs/qwen32_async1off_suffix/2152146-logs/ray-driver.log,,,,,,,,,
2152146,qwen32_async_suffix,18,20,completed_step,0.0247,,,,0.001,0.623,440.3,,124.52,54.67,,455.33,921.58,3220.04,7334.53,,,,,,,,,,,,0,0,0,,tmp/lyris_nemorl_perfcfg_step20_20260618_logs/lustre/fsw/coreai_dlalgo_llm/users/sna/nemorl_reference_runs/20260618_lyris_nemorl_qwen30_qwen32_recipe_osl_bestk_step20/logs/qwen32_async1off_suffix/2152146-logs/ray-driver.log,,,,,,,,,
2152146,qwen32_async_suffix,19,20,completed_step,0.0086,,,,0.001,0.4868,560.93,,134.9,57.53,,381.24,769.43,3170.42,7434.35,,,,,,,,,,,,0,0,0,,tmp/lyris_nemorl_perfcfg_step20_20260618_logs/lustre/fsw/coreai_dlalgo_llm/users/sna/nemorl_reference_runs/20260618_lyris_nemorl_qwen30_qwen32_recipe_osl_bestk_step20/logs/qwen32_async1off_suffix/2152146-logs/ray-driver.log,,,,,,,,,
2152146,qwen32_async_suffix,20,20,completed_step,-0.0015,,,,0.0009,0.5103,461.22,,128.56,55.33,,445.82,901.8,3198.72,7432.7,,,,,,,,,,,,0,0,2,"[rank0]:[W618 10:26:54.888139128 ProcessGroupNCCL.cpp:1575] Warning: WARNING: destroy_process_group() was not called before program exit, which can leak resources. For more info, please see https://pytorch.org/docs/stable/distributed.html#shutdown (function operator()) [repeated 15x across cluster]",tmp/lyris_nemorl_perfcfg_step20_20260618_logs/lustre/fsw/coreai_dlalgo_llm/users/sna/nemorl_reference_runs/20260618_lyris_nemorl_qwen30_qwen32_recipe_osl_bestk_step20/logs/qwen32_async1off_suffix/2152146-logs/ray-driver.log,,,,,,,,,
2152147,qwen32_async_pard_k5,1,20,completed_step,-0.0107,,,,0.0009,0.6045,202.58,,132.76,61.74,,1046.19,2164.57,3192.73,6865.28,,,,,,,,,,,,0,0,0,,tmp/lyris_nemorl_perfcfg_step20_20260618_logs/lustre/fsw/coreai_dlalgo_llm/users/sna/nemorl_reference_runs/20260618_lyris_nemorl_qwen30_qwen32_recipe_osl_bestk_step20/logs/qwen32_async1off_pard/2152147-logs/ray-driver.log,,,,,,,,,
2152147,qwen32_async_pard_k5,2,20,completed_step,0.0034,,,,0.0009,0.4644,188.4,,125.33,57.08,,1114.18,2278.69,3349.73,7355.3,,,,,,,,,,,,0,0,0,,tmp/lyris_nemorl_perfcfg_step20_20260618_logs/lustre/fsw/coreai_dlalgo_llm/users/sna/nemorl_reference_runs/20260618_lyris_nemorl_qwen30_qwen32_recipe_osl_bestk_step20/logs/qwen32_async1off_pard/2152147-logs/ray-driver.log,,,,,,,,,
2152147,qwen32_async_pard_k5,3,20,completed_step,-0.0001,,,,0.0009,0.4639,266.76,,130.8,59.79,,831.04,1688.38,3389.75,7415.34,,,,,,,,,,,,0,0,0,,tmp/lyris_nemorl_perfcfg_step20_20260618_logs/lustre/fsw/coreai_dlalgo_llm/users/sna/nemorl_reference_runs/20260618_lyris_nemorl_qwen30_qwen32_recipe_osl_bestk_step20/logs/qwen32_async1off_pard/2152147-logs/ray-driver.log,,,,,,,,,
2152147,qwen32_async_pard_k5,4,20,completed_step,0.0008,,,,0.001,0.5259,205.88,,122.27,56.34,,1011.26,2065.29,3405.68,7390.55,,,,,,,,,,,,0,0,0,,tmp/lyris_nemorl_perfcfg_step20_20260618_logs/lustre/fsw/coreai_dlalgo_llm/users/sna/nemorl_reference_runs/20260618_lyris_nemorl_qwen30_qwen32_recipe_osl_bestk_step20/logs/qwen32_async1off_pard/2152147-logs/ray-driver.log,,,,,,,,,
2152147,qwen32_async_pard_k5,5,20,completed_step,-0.0103,,,,0.0009,0.5566,266.97,,124.12,55.22,,777.74,1580.82,3345.71,7520.72,,,,,,,,,,,,0,0,0,,tmp/lyris_nemorl_perfcfg_step20_20260618_logs/lustre/fsw/coreai_dlalgo_llm/users/sna/nemorl_reference_runs/20260618_lyris_nemorl_qwen30_qwen32_recipe_osl_bestk_step20/logs/qwen32_async1off_pard/2152147-logs/ray-driver.log,,,,,,,,,
2152147,qwen32_async_pard_k5,6,20,completed_step,0.0166,,,,0.0009,0.5889,177.22,,118.39,52.98,,1120.36,2291.59,3354.23,7495.07,,,,,,,,,,,,0,0,0,,tmp/lyris_nemorl_perfcfg_step20_20260618_logs/lustre/fsw/coreai_dlalgo_llm/users/sna/nemorl_reference_runs/20260618_lyris_nemorl_qwen30_qwen32_recipe_osl_bestk_step20/logs/qwen32_async1off_pard/2152147-logs/ray-driver.log,,,,,,,,,
2152147,qwen32_async_pard_k5,7,20,completed_step,-0.0055,,,,0.0009,0.4434,351.9,,132.17,60.6,,640.75,1297.21,3411.97,7442.25,,,,,,,,,,,,0,0,0,,tmp/lyris_nemorl_perfcfg_step20_20260618_logs/lustre/fsw/coreai_dlalgo_llm/users/sna/nemorl_reference_runs/20260618_lyris_nemorl_qwen30_qwen32_recipe_osl_bestk_step20/logs/qwen32_async1off_pard/2152147-logs/ray-driver.log,,,,,,,,,
2152147,qwen32_async_pard_k5,8,20,completed_step,0.002,,,,0.001,0.4126,278.77,,132.08,60.63,,817.17,1659.13,3449.36,7515.0,,,,,,,,,,,,0,0,0,,tmp/lyris_nemorl_perfcfg_step20_20260618_logs/lustre/fsw/coreai_dlalgo_llm/users/sna/nemorl_reference_runs/20260618_lyris_nemorl_qwen30_qwen32_recipe_osl_bestk_step20/logs/qwen32_async1off_pard/2152147-logs/ray-driver.log,,,,,,,,,
2152147,qwen32_async_pard_k5,9,20,completed_step,0.0062,,,,0.0009,0.5049,238.54,,118.01,54.51,,841.64,1713.08,3402.48,7365.72,,,,,,,,,,,,0,0,0,,tmp/lyris_nemorl_perfcfg_step20_20260618_logs/lustre/fsw/coreai_dlalgo_llm/users/sna/nemorl_reference_runs/20260618_lyris_nemorl_qwen30_qwen32_recipe_osl_bestk_step20/logs/qwen32_async1off_pard/2152147-logs/ray-driver.log,,,,,,,,,
2152147,qwen32_async_pard_k5,10,20,completed_step,0.0074,,,,0.0009,0.5908,229.38,,124.47,55.06,,895.9,1821.95,3301.91,7464.36,,,,,,,,,,,,0,0,0,,tmp/lyris_nemorl_perfcfg_step20_20260618_logs/lustre/fsw/coreai_dlalgo_llm/users/sna/nemorl_reference_runs/20260618_lyris_nemorl_qwen30_qwen32_recipe_osl_bestk_step20/logs/qwen32_async1off_pard/2152147-logs/ray-driver.log,,,,,,,,,
2152147,qwen32_async_pard_k5,11,20,completed_step,0.0114,,,,0.0009,0.5303,246.35,,123.96,55.23,,838.82,1703.9,3334.08,7483.51,,,,,,,,,,,,0,0,0,,tmp/lyris_nemorl_perfcfg_step20_20260618_logs/lustre/fsw/coreai_dlalgo_llm/users/sna/nemorl_reference_runs/20260618_lyris_nemorl_qwen30_qwen32_recipe_osl_bestk_step20/logs/qwen32_async1off_pard/2152147-logs/ray-driver.log,,,,,,,,,
2152147,qwen32_async_pard_k5,12,20,completed_step,0.0029,,,,0.0009,0.5386,271.38,,128.62,58.09,,807.7,1637.93,3408.34,7547.37,,,,,,,,,,,,0,0,0,,tmp/lyris_nemorl_perfcfg_step20_20260618_logs/lustre/fsw/coreai_dlalgo_llm/users/sna/nemorl_reference_runs/20260618_lyris_nemorl_qwen30_qwen32_recipe_osl_bestk_step20/logs/qwen32_async1off_pard/2152147-logs/ray-driver.log,,,,,,,,,
2152147,qwen32_async_pard_k5,13,20,completed_step,0.0033,,,,0.0009,0.5068,279.9,,130.17,58.12,,778.23,1579.13,3346.97,7495.89,,,,,,,,,,,,0,0,0,,tmp/lyris_nemorl_perfcfg_step20_20260618_logs/lustre/fsw/coreai_dlalgo_llm/users/sna/nemorl_reference_runs/20260618_lyris_nemorl_qwen30_qwen32_recipe_osl_bestk_step20/logs/qwen32_async1off_pard/2152147-logs/ray-driver.log,,,,,,,,,
2152147,qwen32_async_pard_k5,14,20,completed_step,0.0149,,,,0.0009,0.4536,270.41,,129.18,60.75,,826.09,1676.49,3458.63,7353.96,,,,,,,,,,,,0,0,0,,tmp/lyris_nemorl_perfcfg_step20_20260618_logs/lustre/fsw/coreai_dlalgo_llm/users/sna/nemorl_reference_runs/20260618_lyris_nemorl_qwen30_qwen32_recipe_osl_bestk_step20/logs/qwen32_async1off_pard/2152147-logs/ray-driver.log,,,,,,,,,
2152147,qwen32_async_pard_k5,15,20,completed_step,0.0028,,,,0.0009,0.5659,207.54,,120.05,53.75,,976.35,1994.0,3375.86,7539.54,,,,,,,,,,,,0,0,0,,tmp/lyris_nemorl_perfcfg_step20_20260618_logs/lustre/fsw/coreai_dlalgo_llm/users/sna/nemorl_reference_runs/20260618_lyris_nemorl_qwen30_qwen32_recipe_osl_bestk_step20/logs/qwen32_async1off_pard/2152147-logs/ray-driver.log,,,,,,,,,
2152147,qwen32_async_pard_k5,16,20,completed_step,0.0049,,,,0.0009,0.5742,209.46,,119.44,54.22,,961.13,1959.6,3370.97,7425.54,,,,,,,,,,,,0,0,0,,tmp/lyris_nemorl_perfcfg_step20_20260618_logs/lustre/fsw/coreai_dlalgo_llm/users/sna/nemorl_reference_runs/20260618_lyris_nemorl_qwen30_qwen32_recipe_osl_bestk_step20/logs/qwen32_async1off_pard/2152147-logs/ray-driver.log,,,,,,,,,
2152147,qwen32_async_pard_k5,17,20,completed_step,-0.0004,,,,0.0009,0.6089,261.71,,123.96,54.83,,779.2,1581.71,3290.19,7438.73,,,,,,,,,,,,0,0,0,,tmp/lyris_nemorl_perfcfg_step20_20260618_logs/lustre/fsw/coreai_dlalgo_llm/users/sna/nemorl_reference_runs/20260618_lyris_nemorl_qwen30_qwen32_recipe_osl_bestk_step20/logs/qwen32_async1off_pard/2152147-logs/ray-driver.log,,,,,,,,,
2152147,qwen32_async_pard_k5,18,20,completed_step,-0.0068,,,,0.001,0.6187,228.24,,117.49,54.32,,876.08,1782.56,3403.93,7362.25,,,,,,,,,,,,0,0,0,,tmp/lyris_nemorl_perfcfg_step20_20260618_logs/lustre/fsw/coreai_dlalgo_llm/users/sna/nemorl_reference_runs/20260618_lyris_nemorl_qwen30_qwen32_recipe_osl_bestk_step20/logs/qwen32_async1off_pard/2152147-logs/ray-driver.log,,,,,,,,,
2152147,qwen32_async_pard_k5,19,20,completed_step,0.0008,,,,0.0009,0.4858,280.13,,126.7,57.87,,761.88,1547.38,3369.06,7376.31,,,,,,,,,,,,0,0,0,,tmp/lyris_nemorl_perfcfg_step20_20260618_logs/lustre/fsw/coreai_dlalgo_llm/users/sna/nemorl_reference_runs/20260618_lyris_nemorl_qwen30_qwen32_recipe_osl_bestk_step20/logs/qwen32_async1off_pard/2152147-logs/ray-driver.log,,,,,,,,,
2152147,qwen32_async_pard_k5,20,20,completed_step,-0.0009,,,,0.0009,0.522,189.23,,120.43,57.13,,1091.73,2231.76,3430.94,7231.84,,,,,,,,,,,,0,0,2,"[rank0]:[W618 09:02:50.628385120 ProcessGroupNCCL.cpp:1575] Warning: WARNING: destroy_process_group() was not called before program exit, which can leak resources. For more info, please see https://pytorch.org/docs/stable/distributed.html#shutdown (function operator()) [repeated 15x across cluster]",tmp/lyris_nemorl_perfcfg_step20_20260618_logs/lustre/fsw/coreai_dlalgo_llm/users/sna/nemorl_reference_runs/20260618_lyris_nemorl_qwen30_qwen32_recipe_osl_bestk_step20/logs/qwen32_async1off_pard/2152147-logs/ray-driver.log,,,,,,,,,
2152151,qwen235b_sync_baseline,1,20,incomplete_step,,,,,,,,,,,,,,,,,,,,,,,,,,,0,0,459,"Process group watchdog thread terminated with exception: [Rank 3] Watchdog caught collective operation timeout: WorkNCCL(SeqNum=60, OpType=COALESCED, NumelIn=0, NumelOut=0, Timeout(ms)=3600000) ran for 3600089 milliseconds before timing out. [repeated 95x across cluster]",tmp/lyris_nemorl_perfcfg_step20_20260618_logs/lustre/fsw/coreai_dlalgo_llm/users/sna/nemorl_reference_runs/20260618_lyris_nemorl_qwen235b_recipe_osl_alltoall_bestk_step20_retry_no_flexnull/logs/qwen235b_sync_baseline/2152151-logs/ray-driver.log,,,,,,,,,
2152152,qwen235b_sync_eagle3,1,20,incomplete_step,,,,,,,,,,,,,,,,,,,,,,,,,,,0,0,0,,tmp/lyris_nemorl_perfcfg_step20_20260618_logs/lustre/fsw/coreai_dlalgo_llm/users/sna/nemorl_reference_runs/20260618_lyris_nemorl_qwen235b_recipe_osl_alltoall_bestk_step20_retry_no_flexnull/logs/qwen235b_sync_eagle3/2152152-logs/ray-driver.log,,,,,,,,,
2152193,qwen30_sync_eagle3,1,20,completed_step,0.0035,,,,0.0019,0.5898,328.54,128.35,127.75,63.36,6.88,1276.99,3268.61,3284.2,6621.05,3175.1123,63.05,62.96223776223776,41.2,2.891,2.8886713286713284,2.24,2839.049,4413.997,4550217.0,7058903.0,10,143,0,,tmp/lyris_nemorl_perfcfg_step20_20260618_logs/lustre/fsw/coreai_dlalgo_llm/users/sna/nemorl_reference_runs/20260618_lyris_nemorl_qwen30_qwen32_recipe_osl_eagle3_contextguard_retry/logs/qwen30ba3b_sync_eagle3/2152193-logs/ray-driver.log,0.7704615384615384,0.6183496503496504,0.5000489510489511,,,,,,
2152193,qwen30_sync_eagle3,2,20,completed_step,0.002,,,,0.0019,0.4834,287.0,110.53,110.85,51.47,10.95,1364.18,3542.32,3531.89,7606.23,2915.2007,60.0,63.42066666666667,56.9,2.799090909090909,2.9017999999999997,2.71,2858.0754545454547,4493.266363636364,4817903.0,7550064.0,11,150,0,,tmp/lyris_nemorl_perfcfg_step20_20260618_logs/lustre/fsw/coreai_dlalgo_llm/users/sna/nemorl_reference_runs/20260618_lyris_nemorl_qwen30_qwen32_recipe_osl_eagle3_contextguard_retry/logs/qwen30ba3b_sync_eagle3/2152193-logs/ray-driver.log,0.7914533333333333,0.6210666666666667,0.49036,,,,,,
2152193,qwen30_sync_eagle3,3,20,completed_step,-0.0054,,,,0.0018,0.4727,317.68,139.96,112.15,54.13,8.86,1369.35,3108.07,3878.8,8036.88,3295.7563,61.392307692307696,65.37125,51.5,2.8415384615384616,2.961125,2.54,2391.872307692308,3712.683846153846,4738686.0,7163890.0,13,160,0,,tmp/lyris_nemorl_perfcfg_step20_20260618_logs/lustre/fsw/coreai_dlalgo_llm/users/sna/nemorl_reference_runs/20260618_lyris_nemorl_qwen30_qwen32_recipe_osl_eagle3_contextguard_retry/logs/qwen30ba3b_sync_eagle3/2152193-logs/ray-driver.log,0.80184375,0.6417,0.5173875000000001,,,,,,
2152193,qwen30_sync_eagle3,4,20,completed_step,0.0064,,,,0.002,0.5142,301.43,133.67,106.22,50.06,8.5,1324.18,2986.13,3757.83,7973.69,2987.7114,57.074999999999996,60.604347826086965,36.8,2.7116666666666664,2.8181987577639753,2.1,2041.4241666666667,3374.028333333333,3765628.0,6124328.0,12,161,0,,tmp/lyris_nemorl_perfcfg_step20_20260618_logs/lustre/fsw/coreai_dlalgo_llm/users/sna/nemorl_reference_runs/20260618_lyris_nemorl_qwen30_qwen32_recipe_osl_eagle3_contextguard_retry/logs/qwen30ba3b_sync_eagle3/2152193-logs/ray-driver.log,0.7700310559006212,0.5936335403726708,0.45453416149068326,,,,,,
2152193,qwen30_sync_eagle3,5,20,completed_step,-0.0044,,,,0.0019,0.5288,294.08,124.16,108.64,50.21,8.48,1388.71,3289.13,3759.2,8133.0,3093.29,62.89166666666667,65.28098159509202,49.5,2.8866666666666667,2.958650306748466,2.48,2311.6733333333336,3539.4500000000003,4328748.0,6580260.0,12,163,0,,tmp/lyris_nemorl_perfcfg_step20_20260618_logs/lustre/fsw/coreai_dlalgo_llm/users/sna/nemorl_reference_runs/20260618_lyris_nemorl_qwen30_qwen32_recipe_osl_eagle3_contextguard_retry/logs/qwen30ba3b_sync_eagle3/2152193-logs/ray-driver.log,0.8054233128834355,0.6406993865030675,0.5121840490797547,,,,,,
2152193,qwen30_sync_eagle3,6,20,completed_step,0.015,,,,0.0021,0.5786,281.12,119.39,102.5,47.74,8.53,1368.55,3222.58,3753.43,8058.22,2896.5088,64.35000000000001,65.58148148148149,62.0,2.93,2.9674074074074075,2.86,2377.4725,3614.3583333333336,4378085.0,6627939.0,12,162,0,,tmp/lyris_nemorl_perfcfg_step20_20260618_logs/lustre/fsw/coreai_dlalgo_llm/users/sna/nemorl_reference_runs/20260618_lyris_nemorl_qwen30_qwen32_recipe_osl_eagle3_contextguard_retry/logs/qwen30ba3b_sync_eagle3/2152193-logs/ray-driver.log,0.8066481481481481,0.6440185185185185,0.5163148148148148,,,,,,
2152193,qwen30_sync_eagle3,7,20,completed_step,0.0012,,,,0.0018,0.4604,307.35,121.91,118.43,55.43,8.55,1432.47,3611.51,3717.58,7942.37,3334.083,60.875,62.360365853658536,52.6,2.8275,2.8720731707317073,2.58,2222.6666666666665,3531.728333333333,4101701.0,6458648.0,12,164,0,,tmp/lyris_nemorl_perfcfg_step20_20260618_logs/lustre/fsw/coreai_dlalgo_llm/users/sna/nemorl_reference_runs/20260618_lyris_nemorl_qwen30_qwen32_recipe_osl_eagle3_contextguard_retry/logs/qwen30ba3b_sync_eagle3/2152193-logs/ray-driver.log,0.7800060975609756,0.6110731707317073,0.4797987804878049,,,,,,
2152193,qwen30_sync_eagle3,8,20,completed_step,0.0065,,,,0.0019,0.4204,308.65,124.13,115.43,58.54,7.96,1449.32,3603.82,3875.31,7641.47,3399.6006,53.52307692307692,57.9921686746988,49.0,2.605384615384615,2.7398192771084338,2.47,1940.25,3233.1715384615386,3875885.0,6341653.0,13,166,0,,tmp/lyris_nemorl_perfcfg_step20_20260618_logs/lustre/fsw/coreai_dlalgo_llm/users/sna/nemorl_reference_runs/20260618_lyris_nemorl_qwen30_qwen32_recipe_osl_eagle3_contextguard_retry/logs/qwen30ba3b_sync_eagle3/2152193-logs/ray-driver.log,0.7290843373493976,0.5675783132530121,0.4430542168674699,,,,,,
2152193,qwen30_sync_eagle3,9,20,completed_step,-0.004,,,,0.002,0.5059,275.93,117.91,101.44,45.06,8.5,1378.54,3226.19,3749.89,8441.79,2851.3833,60.925000000000004,62.146249999999995,59.2,2.8275,2.8640625,2.77,1492.430833333333,2379.7125,2713050.0,4293854.0,12,160,0,,tmp/lyris_nemorl_perfcfg_step20_20260618_logs/lustre/fsw/coreai_dlalgo_llm/users/sna/nemorl_reference_runs/20260618_lyris_nemorl_qwen30_qwen32_recipe_osl_eagle3_contextguard_retry/logs/qwen30ba3b_sync_eagle3/2152193-logs/ray-driver.log,0.77440625,0.60755,0.48205,,,,,,
2152193,qwen30_sync_eagle3,10,20,completed_step,-0.0,,,,0.0019,0.5986,300.78,134.52,105.95,49.04,8.63,1322.44,2956.87,3754.12,8110.75,2966.772,59.86923076923077,63.349999999999994,47.4,2.7961538461538464,2.9009740259740258,2.42,2357.5246153846156,3660.813076923077,4499562.0,6904664.0,13,154,0,,tmp/lyris_nemorl_perfcfg_step20_20260618_logs/lustre/fsw/coreai_dlalgo_llm/users/sna/nemorl_reference_runs/20260618_lyris_nemorl_qwen30_qwen32_recipe_osl_eagle3_contextguard_retry/logs/qwen30ba3b_sync_eagle3/2152193-logs/ray-driver.log,0.7796428571428571,0.6234285714285714,0.497461038961039,,,,,,
2152193,qwen30_sync_eagle3,11,20,completed_step,-0.0113,,,,0.0018,0.5098,311.04,142.98,106.09,50.43,8.46,1302.25,2832.87,3817.94,8031.49,3056.7661,62.66153846153846,63.558282208588956,51.4,2.88,2.907116564417178,2.54,2220.8446153846153,3469.336923076923,4428285.0,6868036.0,13,163,0,,tmp/lyris_nemorl_perfcfg_step20_20260618_logs/lustre/fsw/coreai_dlalgo_llm/users/sna/nemorl_reference_runs/20260618_lyris_nemorl_qwen30_qwen32_recipe_osl_eagle3_contextguard_retry/logs/qwen30ba3b_sync_eagle3/2152193-logs/ray-driver.log,0.7914355828220858,0.6224539877300614,0.49247239263803677,,,,,,
2152193,qwen30_sync_eagle3,12,20,completed_step,-0.0068,,,,0.0018,0.5322,305.16,130.66,112.93,50.13,8.54,1392.57,3252.37,3762.99,8476.55,3216.6626,58.9076923076923,62.07012195121951,49.2,2.766923076923077,2.862987804878049,2.48,2077.0607692307694,3299.7930769230766,4117705.0,6462133.0,13,164,0,,tmp/lyris_nemorl_perfcfg_step20_20260618_logs/lustre/fsw/coreai_dlalgo_llm/users/sna/nemorl_reference_runs/20260618_lyris_nemorl_qwen30_qwen32_recipe_osl_eagle3_contextguard_retry/logs/qwen30ba3b_sync_eagle3/2152193-logs/ray-driver.log,0.7742682926829269,0.6088536585365854,0.47879878048780483,,,,,,
2152193,qwen30_sync_eagle3,13,20,completed_step,-0.0035,,,,0.0019,0.5444,302.57,124.01,114.22,52.53,8.68,1411.56,3444.14,3739.38,8130.89,3214.0239,57.79230769230769,61.57423312883436,31.2,2.7323076923076925,2.8458282208588956,1.93,2457.5723076923077,3962.3499999999995,4965868.0,7840570.0,13,163,0,,tmp/lyris_nemorl_perfcfg_step20_20260618_logs/lustre/fsw/coreai_dlalgo_llm/users/sna/nemorl_reference_runs/20260618_lyris_nemorl_qwen30_qwen32_recipe_osl_eagle3_contextguard_retry/logs/qwen30ba3b_sync_eagle3/2152193-logs/ray-driver.log,0.7668036809815951,0.6047423312883435,0.4756625766871166,,,,,,
2152193,qwen30_sync_eagle3,14,20,completed_step,0.0022,,,,0.0018,0.458,315.39,128.33,116.5,58.58,8.47,1396.63,3432.51,3780.96,7519.2,3333.4365,57.97692307692308,58.984337349397585,47.0,2.740769230769231,2.771385542168675,2.41,1944.3146153846153,3190.6284615384616,3710297.0,5968257.0,13,166,0,,tmp/lyris_nemorl_perfcfg_step20_20260618_logs/lustre/fsw/coreai_dlalgo_llm/users/sna/nemorl_reference_runs/20260618_lyris_nemorl_qwen30_qwen32_recipe_osl_eagle3_contextguard_retry/logs/qwen30ba3b_sync_eagle3/2152193-logs/ray-driver.log,0.7489216867469879,0.5755903614457831,0.44540361445783133,,,,,,
2152193,qwen30_sync_eagle3,15,20,completed_step,0.0007,,,,0.0019,0.562,290.92,125.66,105.46,49.04,8.14,1366.95,3164.57,3770.86,8108.89,3011.2388,60.85,61.92453987730062,57.2,2.825833333333333,2.8582208588957054,2.71,2535.1349999999998,4062.7475,4714108.0,7533903.0,12,163,0,,tmp/lyris_nemorl_perfcfg_step20_20260618_logs/lustre/fsw/coreai_dlalgo_llm/users/sna/nemorl_reference_runs/20260618_lyris_nemorl_qwen30_qwen32_recipe_osl_eagle3_contextguard_retry/logs/qwen30ba3b_sync_eagle3/2152193-logs/ray-driver.log,0.7769079754601227,0.6047852760736196,0.4762147239263804,,,,,,
2152193,qwen30_sync_eagle3,16,20,completed_step,0.0033,,,,0.0019,0.5513,285.54,121.34,105.46,48.11,8.08,1377.99,3242.78,3730.93,8179.3,2962.5435,58.19166666666666,59.50993788819876,64.6,2.7466666666666666,2.7867080745341615,2.94,2599.9325,4210.830833333333,4917506.0,7960173.0,12,161,0,,tmp/lyris_nemorl_perfcfg_step20_20260618_logs/lustre/fsw/coreai_dlalgo_llm/users/sna/nemorl_reference_runs/20260618_lyris_nemorl_qwen30_qwen32_recipe_osl_eagle3_contextguard_retry/logs/qwen30ba3b_sync_eagle3/2152193-logs/ray-driver.log,0.744832298136646,0.5837826086956522,0.4565465838509317,,,,,,
2152193,qwen30_sync_eagle3,17,20,completed_step,0.007,,,,0.0018,0.5928,290.67,123.62,107.64,48.33,8.48,1390.09,3268.53,3753.69,8361.0,3057.3394,60.30833333333334,63.158787878787884,60.6,2.81,2.8958787878787877,2.82,2187.523333333333,3376.1891666666666,4124376.0,6363626.0,12,165,0,,tmp/lyris_nemorl_perfcfg_step20_20260618_logs/lustre/fsw/coreai_dlalgo_llm/users/sna/nemorl_reference_runs/20260618_lyris_nemorl_qwen30_qwen32_recipe_osl_eagle3_contextguard_retry/logs/qwen30ba3b_sync_eagle3/2152193-logs/ray-driver.log,0.7815757575757576,0.6191333333333333,0.49400000000000005,,,,,,
2152193,qwen30_sync_eagle3,18,20,completed_step,0.0015,,,,0.002,0.6118,307.68,141.83,105.57,49.3,8.37,1289.84,2798.11,3759.03,8049.28,3001.103,56.87692307692308,60.424096385542164,40.6,2.706153846153846,2.8123493975903617,2.22,1914.15,3085.626923076923,3807977.0,6086251.0,13,166,0,,tmp/lyris_nemorl_perfcfg_step20_20260618_logs/lustre/fsw/coreai_dlalgo_llm/users/sna/nemorl_reference_runs/20260618_lyris_nemorl_qwen30_qwen32_recipe_osl_eagle3_contextguard_retry/logs/qwen30ba3b_sync_eagle3/2152193-logs/ray-driver.log,0.7565120481927711,0.5922289156626506,0.46354819277108433,,,,,,
2152193,qwen30_sync_eagle3,19,20,completed_step,0.0149,,,,0.002,0.479,303.41,126.95,111.88,53.34,8.65,1400.19,3346.53,3797.27,7964.24,3208.2544,60.823076923076925,64.68263473053892,47.6,2.823846153846154,2.939820359281437,2.43,2238.336153846154,3397.4684615384617,4471383.0,6677226.0,13,167,0,,tmp/lyris_nemorl_perfcfg_step20_20260618_logs/lustre/fsw/coreai_dlalgo_llm/users/sna/nemorl_reference_runs/20260618_lyris_nemorl_qwen30_qwen32_recipe_osl_eagle3_contextguard_retry/logs/qwen30ba3b_sync_eagle3/2152193-logs/ray-driver.log,0.7900898203592814,0.6361976047904192,0.513562874251497,,,,,,
2152193,qwen30_sync_eagle3,20,20,completed_step,0.0129,,,,0.0019,0.5186,302.21,135.74,106.29,49.4,8.05,1334.19,2970.35,3793.39,8162.4,3049.6577,61.26153846153846,64.32694610778444,36.0,2.836153846153846,2.928562874251497,2.08,1868.0230769230768,2842.3030769230772,3830452.0,5792524.0,13,167,0,,tmp/lyris_nemorl_perfcfg_step20_20260618_logs/lustre/fsw/coreai_dlalgo_llm/users/sna/nemorl_reference_runs/20260618_lyris_nemorl_qwen30_qwen32_recipe_osl_eagle3_contextguard_retry/logs/qwen30ba3b_sync_eagle3/2152193-logs/ray-driver.log,0.7917425149700599,0.6316227544910179,0.5059580838323353,,,,,,
2152194,qwen30_async_eagle3,1,20,completed_step,0.0002,,,,0.0019,0.584,374.29,,265.51,97.04,,1128.56,2321.74,3181.9,8706.03,,,,,,,,,,,,0,0,0,,tmp/lyris_nemorl_perfcfg_step20_20260618_logs/lustre/fsw/coreai_dlalgo_llm/users/sna/nemorl_reference_runs/20260618_lyris_nemorl_qwen30_qwen32_recipe_osl_eagle3_contextguard_retry/logs/qwen30ba3b_async1off_eagle3/2152194-logs/ray-driver.log,,,,,,,,,
2152194,qwen30_async_eagle3,2,20,completed_step,0.0138,,,,0.0019,0.498,334.34,,238.61,86.0,,1225.36,2509.13,3433.85,9526.91,,,,,,,,,,,,0,0,0,,tmp/lyris_nemorl_perfcfg_step20_20260618_logs/lustre/fsw/coreai_dlalgo_llm/users/sna/nemorl_reference_runs/20260618_lyris_nemorl_qwen30_qwen32_recipe_osl_eagle3_contextguard_retry/logs/qwen30ba3b_async1off_eagle3/2152194-logs/ray-driver.log,,,,,,,,,
2152194,qwen30_async_eagle3,3,20,completed_step,0.0004,,,,0.0018,0.4712,352.46,,253.62,90.24,,1237.61,2525.69,3439.8,9667.77,,,,,,,,,,,,0,0,0,,tmp/lyris_nemorl_perfcfg_step20_20260618_logs/lustre/fsw/coreai_dlalgo_llm/users/sna/nemorl_reference_runs/20260618_lyris_nemorl_qwen30_qwen32_recipe_osl_eagle3_contextguard_retry/logs/qwen30ba3b_async1off_eagle3/2152194-logs/ray-driver.log,,,,,,,,,
2152194,qwen30_async_eagle3,4,20,completed_step,0.0061,,,,0.002,0.5151,332.62,,235.43,87.72,,1219.24,2497.58,3445.12,9246.45,,,,,,,,,,,,0,0,0,,tmp/lyris_nemorl_perfcfg_step20_20260618_logs/lustre/fsw/coreai_dlalgo_llm/users/sna/nemorl_reference_runs/20260618_lyris_nemorl_qwen30_qwen32_recipe_osl_eagle3_contextguard_retry/logs/qwen30ba3b_async1off_eagle3/2152194-logs/ray-driver.log,,,,,,,,,
2152194,qwen30_async_eagle3,5,20,completed_step,0.0037,,,,0.0018,0.5464,332.4,,237.32,86.21,,1243.45,2544.68,3483.27,9588.98,,,,,,,,,,,,0,0,0,,tmp/lyris_nemorl_perfcfg_step20_20260618_logs/lustre/fsw/coreai_dlalgo_llm/users/sna/nemorl_reference_runs/20260618_lyris_nemorl_qwen30_qwen32_recipe_osl_eagle3_contextguard_retry/logs/qwen30ba3b_async1off_eagle3/2152194-logs/ray-driver.log,,,,,,,,,
2152194,qwen30_async_eagle3,6,20,completed_step,0.0019,,,,0.0021,0.5874,317.9,,227.9,80.74,,1229.11,2516.34,3428.96,9678.77,,,,,,,,,,,,0,0,0,,tmp/lyris_nemorl_perfcfg_step20_20260618_logs/lustre/fsw/coreai_dlalgo_llm/users/sna/nemorl_reference_runs/20260618_lyris_nemorl_qwen30_qwen32_recipe_osl_eagle3_contextguard_retry/logs/qwen30ba3b_async1off_eagle3/2152194-logs/ray-driver.log,,,,,,,,,
2152194,qwen30_async_eagle3,7,20,completed_step,0.0073,,,,0.0018,0.4712,350.54,,250.66,91.17,,1265.64,2584.38,3539.92,9732.73,,,,,,,,,,,,0,0,0,,tmp/lyris_nemorl_perfcfg_step20_20260618_logs/lustre/fsw/coreai_dlalgo_llm/users/sna/nemorl_reference_runs/20260618_lyris_nemorl_qwen30_qwen32_recipe_osl_eagle3_contextguard_retry/logs/qwen30ba3b_async1off_eagle3/2152194-logs/ray-driver.log,,,,,,,,,
2152194,qwen30_async_eagle3,8,20,completed_step,0.0092,,,,0.0019,0.4268,356.15,,255.69,91.86,,1265.83,2583.28,3526.36,9815.58,,,,,,,,,,,,0,0,0,,tmp/lyris_nemorl_perfcfg_step20_20260618_logs/lustre/fsw/coreai_dlalgo_llm/users/sna/nemorl_reference_runs/20260618_lyris_nemorl_qwen30_qwen32_recipe_osl_eagle3_contextguard_retry/logs/qwen30ba3b_async1off_eagle3/2152194-logs/ray-driver.log,,,,,,,,,
2152194,qwen30_async_eagle3,9,20,completed_step,0.0071,,,,0.002,0.5015,311.99,,222.4,80.19,,1234.69,2528.1,3464.18,9607.63,,,,,,,,,,,,0,0,0,,tmp/lyris_nemorl_perfcfg_step20_20260618_logs/lustre/fsw/coreai_dlalgo_llm/users/sna/nemorl_reference_runs/20260618_lyris_nemorl_qwen30_qwen32_recipe_osl_eagle3_contextguard_retry/logs/qwen30ba3b_async1off_eagle3/2152194-logs/ray-driver.log,,,,,,,,,
2152194,qwen30_async_eagle3,10,20,completed_step,0.0001,,,,0.0019,0.5957,334.39,,236.7,86.09,,1201.95,2478.72,3395.99,9336.97,,,,,,,,,,,,0,0,0,,tmp/lyris_nemorl_perfcfg_step20_20260618_logs/lustre/fsw/coreai_dlalgo_llm/users/sna/nemorl_reference_runs/20260618_lyris_nemorl_qwen30_qwen32_recipe_osl_eagle3_contextguard_retry/logs/qwen30ba3b_async1off_eagle3/2152194-logs/ray-driver.log,,,,,,,,,
2152194,qwen30_async_eagle3,11,20,completed_step,0.004,,,,0.0018,0.5103,334.86,,241.75,84.35,,1217.19,2487.81,3372.03,9664.25,,,,,,,,,,,,0,0,0,,tmp/lyris_nemorl_perfcfg_step20_20260618_logs/lustre/fsw/coreai_dlalgo_llm/users/sna/nemorl_reference_runs/20260618_lyris_nemorl_qwen30_qwen32_recipe_osl_eagle3_contextguard_retry/logs/qwen30ba3b_async1off_eagle3/2152194-logs/ray-driver.log,,,,,,,,,
2152194,qwen30_async_eagle3,12,20,completed_step,-0.0018,,,,0.0017,0.5479,349.54,,248.53,90.73,,1227.83,2513.73,3453.68,9460.29,,,,,,,,,,,,0,0,0,,tmp/lyris_nemorl_perfcfg_step20_20260618_logs/lustre/fsw/coreai_dlalgo_llm/users/sna/nemorl_reference_runs/20260618_lyris_nemorl_qwen30_qwen32_recipe_osl_eagle3_contextguard_retry/logs/qwen30ba3b_async1off_eagle3/2152194-logs/ray-driver.log,,,,,,,,,
2152194,qwen30_async_eagle3,13,20,completed_step,0.0121,,,,0.0018,0.5327,356.2,,256.45,90.95,,1209.01,2467.78,3358.52,9469.89,,,,,,,,,,,,0,0,0,,tmp/lyris_nemorl_perfcfg_step20_20260618_logs/lustre/fsw/coreai_dlalgo_llm/users/sna/nemorl_reference_runs/20260618_lyris_nemorl_qwen30_qwen32_recipe_osl_eagle3_contextguard_retry/logs/qwen30ba3b_async1off_eagle3/2152194-logs/ray-driver.log,,,,,,,,,
2152194,qwen30_async_eagle3,14,20,completed_step,-0.0018,,,,0.0018,0.4639,357.69,,255.34,93.18,,1238.79,2526.13,3470.72,9511.09,,,,,,,,,,,,0,0,0,,tmp/lyris_nemorl_perfcfg_step20_20260618_logs/lustre/fsw/coreai_dlalgo_llm/users/sna/nemorl_reference_runs/20260618_lyris_nemorl_qwen30_qwen32_recipe_osl_eagle3_contextguard_retry/logs/qwen30ba3b_async1off_eagle3/2152194-logs/ray-driver.log,,,,,,,,,
2152194,qwen30_async_eagle3,15,20,completed_step,0.0143,,,,0.0019,0.5562,333.4,,236.8,86.98,,1201.41,2462.19,3382.94,9210.39,,,,,,,,,,,,0,0,0,,tmp/lyris_nemorl_perfcfg_step20_20260618_logs/lustre/fsw/coreai_dlalgo_llm/users/sna/nemorl_reference_runs/20260618_lyris_nemorl_qwen30_qwen32_recipe_osl_eagle3_contextguard_retry/logs/qwen30ba3b_async1off_eagle3/2152194-logs/ray-driver.log,,,,,,,,,
2152194,qwen30_async_eagle3,16,20,completed_step,0.0116,,,,0.0019,0.5459,324.78,,232.54,83.61,,1231.86,2519.55,3440.9,9569.67,,,,,,,,,,,,0,0,0,,tmp/lyris_nemorl_perfcfg_step20_20260618_logs/lustre/fsw/coreai_dlalgo_llm/users/sna/nemorl_reference_runs/20260618_lyris_nemorl_qwen30_qwen32_recipe_osl_eagle3_contextguard_retry/logs/qwen30ba3b_async1off_eagle3/2152194-logs/ray-driver.log,,,,,,,,,
2152194,qwen30_async_eagle3,17,20,completed_step,-0.0049,,,,0.0018,0.5947,335.71,,240.4,87.02,,1210.29,2470.3,3380.34,9338.58,,,,,,,,,,,,0,0,0,,tmp/lyris_nemorl_perfcfg_step20_20260618_logs/lustre/fsw/coreai_dlalgo_llm/users/sna/nemorl_reference_runs/20260618_lyris_nemorl_qwen30_qwen32_recipe_osl_eagle3_contextguard_retry/logs/qwen30ba3b_async1off_eagle3/2152194-logs/ray-driver.log,,,,,,,,,
2152194,qwen30_async_eagle3,18,20,completed_step,0.006,,,,0.002,0.6162,326.06,,231.99,83.92,,1213.09,2492.33,3409.99,9426.88,,,,,,,,,,,,0,0,0,,tmp/lyris_nemorl_perfcfg_step20_20260618_logs/lustre/fsw/coreai_dlalgo_llm/users/sna/nemorl_reference_runs/20260618_lyris_nemorl_qwen30_qwen32_recipe_osl_eagle3_contextguard_retry/logs/qwen30ba3b_async1off_eagle3/2152194-logs/ray-driver.log,,,,,,,,,
2152194,qwen30_async_eagle3,19,20,completed_step,0.0024,,,,0.0019,0.4805,351.14,,248.96,93.02,,1219.9,2491.47,3441.2,9210.27,,,,,,,,,,,,0,0,0,,tmp/lyris_nemorl_perfcfg_step20_20260618_logs/lustre/fsw/coreai_dlalgo_llm/users/sna/nemorl_reference_runs/20260618_lyris_nemorl_qwen30_qwen32_recipe_osl_eagle3_contextguard_retry/logs/qwen30ba3b_async1off_eagle3/2152194-logs/ray-driver.log,,,,,,,,,
2152194,qwen30_async_eagle3,20,20,completed_step,-0.0014,,,,0.0019,0.5161,332.82,,238.82,84.9,,1221.35,2498.22,3404.14,9576.14,,,,,,,,,,,,0,0,2,"[rank0]:[W618 09:47:51.204551405 ProcessGroupNCCL.cpp:1575] Warning: WARNING: destroy_process_group() was not called before program exit, which can leak resources. For more info, please see https://pytorch.org/docs/stable/distributed.html#shutdown (function operator()) [repeated 7x across cluster]",tmp/lyris_nemorl_perfcfg_step20_20260618_logs/lustre/fsw/coreai_dlalgo_llm/users/sna/nemorl_reference_runs/20260618_lyris_nemorl_qwen30_qwen32_recipe_osl_eagle3_contextguard_retry/logs/qwen30ba3b_async1off_eagle3/2152194-logs/ray-driver.log,,,,,,,,,
2152195,qwen32_sync_eagle3,1,20,completed_step,0.0093,,,,0.0009,0.5962,417.45,218.88,126.69,67.03,3.16,1000.42,1907.96,3296.45,6229.95,3160.1455,44.757894736842104,44.28050847457627,43.7,2.3421052631578947,2.3283050847457627,2.31,2451.597894736842,5480.602631578947,3640940.0,8146911.0,19,118,0,,tmp/lyris_nemorl_perfcfg_step20_20260618_logs/lustre/fsw/coreai_dlalgo_llm/users/sna/nemorl_reference_runs/20260618_lyris_nemorl_qwen30_qwen32_recipe_osl_eagle3_contextguard_retry/logs/qwen32_sync_eagle3/2152195-logs/ray-driver.log,0.6513474576271188,0.41624576271186436,0.26089830508474576,,,,,,
2152195,qwen32_sync_eagle3,2,20,completed_step,-0.0052,,,,0.001,0.4624,367.71,185.69,114.49,57.46,8.43,1064.7,2108.33,3419.43,6814.01,2915.0098,43.57647058823529,44.504629629629626,38.4,2.3058823529411767,2.3337037037037036,2.15,2967.240588235294,6625.5505882352945,3751864.0,8318982.0,17,108,0,,tmp/lyris_nemorl_perfcfg_step20_20260618_logs/lustre/fsw/coreai_dlalgo_llm/users/sna/nemorl_reference_runs/20260618_lyris_nemorl_qwen30_qwen32_recipe_osl_eagle3_contextguard_retry/logs/qwen32_sync_eagle3/2152195-logs/ray-driver.log,0.6582129629629629,0.41659259259259257,0.26058333333333333,,,,,,
2152195,qwen32_sync_eagle3,3,20,completed_step,0.0236,,,,0.0009,0.4712,404.79,191.14,136.4,63.66,11.95,1086.97,2301.92,3225.79,6911.69,3334.5967,46.17777777777778,47.20645161290323,38.7,2.385,2.4158064516129034,2.16,2814.7116666666666,5973.2155555555555,4042656.0,8572764.0,18,124,0,,tmp/lyris_nemorl_perfcfg_step20_20260618_logs/lustre/fsw/coreai_dlalgo_llm/users/sna/nemorl_reference_runs/20260618_lyris_nemorl_qwen30_qwen32_recipe_osl_eagle3_contextguard_retry/logs/qwen32_sync_eagle3/2152195-logs/ray-driver.log,0.6756532258064517,0.44837096774193547,0.2916451612903226,,,,,,
2152195,qwen32_sync_eagle3,4,20,completed_step,0.0054,,,,0.001,0.5308,397.35,197.08,128.94,58.67,10.59,1011.37,2039.07,3116.71,6850.11,3009.0083,43.37222222222223,43.63739130434783,41.6,2.302222222222222,2.3098260869565217,2.25,2659.365,5984.476111111111,3753388.0,8422173.0,18,115,0,,tmp/lyris_nemorl_perfcfg_step20_20260618_logs/lustre/fsw/coreai_dlalgo_llm/users/sna/nemorl_reference_runs/20260618_lyris_nemorl_qwen30_qwen32_recipe_osl_eagle3_contextguard_retry/logs/qwen32_sync_eagle3/2152195-logs/ray-driver.log,0.6480521739130435,0.4070347826086957,0.25477391304347824,,,,,,
2152195,qwen32_sync_eagle3,5,20,completed_step,-0.0006,,,,0.0009,0.5488,389.44,189.09,128.53,59.61,10.84,1052.27,2167.26,3188.39,6874.61,3104.2666,44.61764705882353,45.14705882352941,40.4,2.338235294117647,2.3542016806722685,2.21,2864.5423529411764,6207.084117647059,3888818.0,8421078.0,17,119,0,,tmp/lyris_nemorl_perfcfg_step20_20260618_logs/lustre/fsw/coreai_dlalgo_llm/users/sna/nemorl_reference_runs/20260618_lyris_nemorl_qwen30_qwen32_recipe_osl_eagle3_contextguard_retry/logs/qwen32_sync_eagle3/2152195-logs/ray-driver.log,0.6599579831932773,0.42504201680672266,0.2690336134453782,,,,,,
2152195,qwen32_sync_eagle3,6,20,completed_step,0.0046,,,,0.0009,0.5708,362.91,173.99,123.96,55.78,7.78,1055.9,2202.43,3091.41,6870.19,2884.5049,43.84117647058823,44.88620689655173,32.1,2.316470588235294,2.348275862068965,1.96,2416.544117647059,5346.117647058823,3229099.0,7110747.0,17,116,0,,tmp/lyris_nemorl_perfcfg_step20_20260618_logs/lustre/fsw/coreai_dlalgo_llm/users/sna/nemorl_reference_runs/20260618_lyris_nemorl_qwen30_qwen32_recipe_osl_eagle3_contextguard_retry/logs/qwen32_sync_eagle3/2152195-logs/ray-driver.log,0.6588620689655172,0.42088793103448274,0.2672155172413793,,,,,,
2152195,qwen32_sync_eagle3,7,20,completed_step,0.0081,,,,0.0009,0.4443,437.5,221.33,141.36,65.24,7.86,1024.29,2024.72,3170.0,6868.77,3395.4155,43.46,44.32910447761194,41.2,2.304,2.3300746268656716,2.24,2729.3345,6011.0244999999995,4277986.0,9392511.0,20,134,0,,tmp/lyris_nemorl_perfcfg_step20_20260618_logs/lustre/fsw/coreai_dlalgo_llm/users/sna/nemorl_reference_runs/20260618_lyris_nemorl_qwen30_qwen32_recipe_osl_eagle3_contextguard_retry/logs/qwen32_sync_eagle3/2152195-logs/ray-driver.log,0.651544776119403,0.41655223880597014,0.2618059701492537,,,,,,
2152195,qwen32_sync_eagle3,8,20,completed_step,-0.0079,,,,0.001,0.4175,428.01,213.64,140.21,65.04,7.76,1050.98,2105.56,3208.17,6916.64,3419.1636,42.975,43.65151515151515,39.5,2.289,2.3090151515151516,2.19,2435.8275000000003,5507.415,3848937.0,8687781.0,20,132,0,,tmp/lyris_nemorl_perfcfg_step20_20260618_logs/lustre/fsw/coreai_dlalgo_llm/users/sna/nemorl_reference_runs/20260618_lyris_nemorl_qwen30_qwen32_recipe_osl_eagle3_contextguard_retry/logs/qwen32_sync_eagle3/2152195-logs/ray-driver.log,0.6485833333333333,0.4093181818181818,0.2515,,,,,,
2152195,qwen32_sync_eagle3,9,20,completed_step,-0.0023,,,,0.001,0.5098,367.36,174.09,124.71,57.17,10.0,1070.93,2259.87,3154.7,6881.61,2953.1836,42.294117647058826,42.92583333333334,39.4,2.2694117647058825,2.2885,2.18,2382.354705882353,5346.96294117647,3207549.0,7184859.0,17,120,0,,tmp/lyris_nemorl_perfcfg_step20_20260618_logs/lustre/fsw/coreai_dlalgo_llm/users/sna/nemorl_reference_runs/20260618_lyris_nemorl_qwen30_qwen32_recipe_osl_eagle3_contextguard_retry/logs/qwen32_sync_eagle3/2152195-logs/ray-driver.log,0.63705,0.4007,0.249775,,,,,,
2152195,qwen32_sync_eagle3,10,20,completed_step,-0.001,,,,0.0009,0.5928,381.23,182.33,129.04,56.99,10.99,1028.73,2150.94,3039.29,6881.74,2923.1548,44.50588235294118,45.59464285714286,39.9,2.334705882352941,2.3670535714285714,2.2,2912.2088235294113,6268.04,3811688.0,8181009.0,17,112,0,,tmp/lyris_nemorl_perfcfg_step20_20260618_logs/lustre/fsw/coreai_dlalgo_llm/users/sna/nemorl_reference_runs/20260618_lyris_nemorl_qwen30_qwen32_recipe_osl_eagle3_contextguard_retry/logs/qwen32_sync_eagle3/2152195-logs/ray-driver.log,0.6641517857142858,0.42983928571428576,0.27383035714285714,,,,,,
2152195,qwen32_sync_eagle3,11,20,completed_step,0.0211,,,,0.0009,0.5342,394.55,195.97,129.77,59.0,8.43,1031.17,2076.08,3135.11,6895.4,3070.7695,43.142105263157895,44.03852459016393,40.4,2.294736842105263,2.3215573770491806,2.21,2252.894210526316,4985.960526315789,3355647.0,7412406.0,19,122,0,,tmp/lyris_nemorl_perfcfg_step20_20260618_logs/lustre/fsw/coreai_dlalgo_llm/users/sna/nemorl_reference_runs/20260618_lyris_nemorl_qwen30_qwen32_recipe_osl_eagle3_contextguard_retry/logs/qwen32_sync_eagle3/2152195-logs/ray-driver.log,0.6499672131147541,0.41252459016393445,0.25868852459016395,,,,,,
2152195,qwen32_sync_eagle3,12,20,completed_step,-0.0008,,,,0.0009,0.5449,424.16,212.05,137.53,62.2,10.88,1015.02,2030.31,3130.44,6921.82,3260.251,41.335,43.14094488188976,33.3,2.2415,2.2959842519685036,2.0,2471.002,5522.4175000000005,3915146.0,8725155.0,20,127,0,,tmp/lyris_nemorl_perfcfg_step20_20260618_logs/lustre/fsw/coreai_dlalgo_llm/users/sna/nemorl_reference_runs/20260618_lyris_nemorl_qwen30_qwen32_recipe_osl_eagle3_contextguard_retry/logs/qwen32_sync_eagle3/2152195-logs/ray-driver.log,0.6445748031496064,0.40258267716535434,0.24781102362204727,,,,,,
2152195,qwen32_sync_eagle3,13,20,completed_step,0.0108,,,,0.0009,0.5229,394.6,180.04,138.3,63.78,11.02,1078.75,2364.3,3077.83,6673.83,3202.9556,42.85294117647059,43.29495798319328,38.1,2.2858823529411763,2.2994117647058823,2.14,2894.6723529411765,6583.121764705883,3907240.0,8875452.0,17,119,0,,tmp/lyris_nemorl_perfcfg_step20_20260618_logs/lustre/fsw/coreai_dlalgo_llm/users/sna/nemorl_reference_runs/20260618_lyris_nemorl_qwen30_qwen32_recipe_osl_eagle3_contextguard_retry/logs/qwen32_sync_eagle3/2152195-logs/ray-driver.log,0.6469663865546219,0.405,0.24661344537815127,,,,,,
2152195,qwen32_sync_eagle3,14,20,completed_step,-0.0026,,,,0.0009,0.4502,428.04,214.83,137.87,63.89,10.06,1027.6,2047.44,3190.3,6884.73,3328.5254,42.459999999999994,42.651968503937006,40.9,2.2745,2.2798425196850394,2.23,2513.1965,5933.0665,3814260.0,8996583.0,20,127,0,,tmp/lyris_nemorl_perfcfg_step20_20260618_logs/lustre/fsw/coreai_dlalgo_llm/users/sna/nemorl_reference_runs/20260618_lyris_nemorl_qwen30_qwen32_recipe_osl_eagle3_contextguard_retry/logs/qwen32_sync_eagle3/2152195-logs/ray-driver.log,0.6420157480314961,0.3961181102362205,0.24130708661417324,,,,,,
2152195,qwen32_sync_eagle3,15,20,completed_step,-0.0072,,,,0.0009,0.5669,396.95,201.34,127.89,58.43,7.89,1015.08,2001.28,3150.66,6895.82,3052.4038,44.742105263157896,45.33416666666667,44.4,2.341578947368421,2.359166666666667,2.33,2394.9215789473687,5199.361578947368,3578227.0,7745133.0,19,120,0,,tmp/lyris_nemorl_perfcfg_step20_20260618_logs/lustre/fsw/coreai_dlalgo_llm/users/sna/nemorl_reference_runs/20260618_lyris_nemorl_qwen30_qwen32_recipe_osl_eagle3_contextguard_retry/logs/qwen32_sync_eagle3/2152195-logs/ray-driver.log,0.66505,0.42608333333333337,0.2687583333333333,,,,,,
2152195,qwen32_sync_eagle3,16,20,completed_step,0.0139,,,,0.0009,0.5698,387.49,189.36,127.28,57.67,11.41,1023.42,2094.22,3115.71,6876.61,2986.6675,45.84705882352941,44.72521008403361,48.3,2.376470588235294,2.3430252100840336,2.45,2778.7223529411763,6081.531764705882,3739509.0,8180127.0,17,119,0,,tmp/lyris_nemorl_perfcfg_step20_20260618_logs/lustre/fsw/coreai_dlalgo_llm/users/sna/nemorl_reference_runs/20260618_lyris_nemorl_qwen30_qwen32_recipe_osl_eagle3_contextguard_retry/logs/qwen32_sync_eagle3/2152195-logs/ray-driver.log,0.653,0.4207310924369748,0.26805042016806724,,,,,,
2152195,qwen32_sync_eagle3,17,20,completed_step,0.01,,,,0.0009,0.606,391.96,189.44,131.14,58.91,10.76,1031.81,2134.89,3083.86,6865.14,3060.1841,42.73888888888889,43.63223140495868,35.7,2.282222222222222,2.309504132231405,2.07,2619.8305555555557,5833.417777777778,3756765.0,8357826.0,18,121,0,,tmp/lyris_nemorl_perfcfg_step20_20260618_logs/lustre/fsw/coreai_dlalgo_llm/users/sna/nemorl_reference_runs/20260618_lyris_nemorl_qwen30_qwen32_recipe_osl_eagle3_contextguard_retry/logs/qwen32_sync_eagle3/2152195-logs/ray-driver.log,0.6470495867768595,0.4090495867768595,0.2533388429752066,,,,,,
2152195,qwen32_sync_eagle3,18,20,completed_step,0.0121,,,,0.001,0.6152,362.89,168.13,124.34,57.96,11.03,1094.68,2362.77,3194.78,6853.77,3004.168,44.53125,44.504273504273506,40.6,2.336875,2.336153846153846,2.22,2839.31625,6254.640625,3624489.0,7979847.0,16,117,0,,tmp/lyris_nemorl_perfcfg_step20_20260618_logs/lustre/fsw/coreai_dlalgo_llm/users/sna/nemorl_reference_runs/20260618_lyris_nemorl_qwen30_qwen32_recipe_osl_eagle3_contextguard_retry/logs/qwen32_sync_eagle3/2152195-logs/ray-driver.log,0.658136752136752,0.4163675213675213,0.2608034188034188,,,,,,
2152195,qwen32_sync_eagle3,19,20,completed_step,0.0003,,,,0.001,0.4814,412.69,201.08,135.45,61.61,12.41,1025.25,2104.21,3123.7,6867.33,3194.8267,45.51111111111111,44.68474576271186,46.4,2.365,2.3404237288135596,2.39,2862.5805555555553,6345.23,4010406.0,8880849.0,18,118,0,,tmp/lyris_nemorl_perfcfg_step20_20260618_logs/lustre/fsw/coreai_dlalgo_llm/users/sna/nemorl_reference_runs/20260618_lyris_nemorl_qwen30_qwen32_recipe_osl_eagle3_contextguard_retry/logs/qwen32_sync_eagle3/2152195-logs/ray-driver.log,0.6582118644067796,0.41940677966101697,0.2631186440677966,,,,,,
2152195,qwen32_sync_eagle3,20,20,completed_step,-0.0025,,,,0.0009,0.5205,379.2,179.59,128.14,59.63,10.44,1080.16,2280.69,3196.59,6869.4,3099.6143,43.41764705882353,44.05084745762712,39.5,2.302941176470588,2.321949152542373,2.19,2871.8658823529413,6430.851176470588,3875589.0,8667099.0,17,118,0,,tmp/lyris_nemorl_perfcfg_step20_20260618_logs/lustre/fsw/coreai_dlalgo_llm/users/sna/nemorl_reference_runs/20260618_lyris_nemorl_qwen30_qwen32_recipe_osl_eagle3_contextguard_retry/logs/qwen32_sync_eagle3/2152195-logs/ray-driver.log,0.6568050847457627,0.4127627118644068,0.25203389830508477,,,,,,
2152196,qwen32_async_eagle3,1,20,completed_step,-0.0005,,,,0.0009,0.5918,200.97,,131.5,60.85,,1050.04,2178.48,3209.48,6935.97,,,,,,,,,,,,0,0,0,,tmp/lyris_nemorl_perfcfg_step20_20260618_logs/lustre/fsw/coreai_dlalgo_llm/users/sna/nemorl_reference_runs/20260618_lyris_nemorl_qwen30_qwen32_recipe_osl_eagle3_contextguard_retry/logs/qwen32_async1off_eagle3/2152196-logs/ray-driver.log,,,,,,,,,
2152196,qwen32_async_eagle3,2,20,completed_step,0.0098,,,,0.001,0.4707,189.31,,125.68,56.85,,1106.91,2271.75,3334.51,7372.3,,,,,,,,,,,,0,0,0,,tmp/lyris_nemorl_perfcfg_step20_20260618_logs/lustre/fsw/coreai_dlalgo_llm/users/sna/nemorl_reference_runs/20260618_lyris_nemorl_qwen30_qwen32_recipe_osl_eagle3_contextguard_retry/logs/qwen32_async1off_eagle3/2152196-logs/ray-driver.log,,,,,,,,,
2152196,qwen32_async_eagle3,3,20,completed_step,0.0102,,,,0.0009,0.4692,197.38,,130.88,59.69,,1125.77,2313.62,3395.61,7445.06,,,,,,,,,,,,0,0,0,,tmp/lyris_nemorl_perfcfg_step20_20260618_logs/lustre/fsw/coreai_dlalgo_llm/users/sna/nemorl_reference_runs/20260618_lyris_nemorl_qwen30_qwen32_recipe_osl_eagle3_contextguard_retry/logs/qwen32_async1off_eagle3/2152196-logs/ray-driver.log,,,,,,,,,
2152196,qwen32_async_eagle3,4,20,completed_step,-0.0012,,,,0.0009,0.5298,186.75,,124.6,55.86,,1110.12,2278.72,3327.64,7422.38,,,,,,,,,,,,0,0,0,,tmp/lyris_nemorl_perfcfg_step20_20260618_logs/lustre/fsw/coreai_dlalgo_llm/users/sna/nemorl_reference_runs/20260618_lyris_nemorl_qwen30_qwen32_recipe_osl_eagle3_contextguard_retry/logs/qwen32_async1off_eagle3/2152196-logs/ray-driver.log,,,,,,,,,
2152196,qwen32_async_eagle3,5,20,completed_step,-0.0082,,,,0.0009,0.5444,185.47,,124.03,55.37,,1116.4,2289.13,3338.74,7479.15,,,,,,,,,,,,0,0,0,,tmp/lyris_nemorl_perfcfg_step20_20260618_logs/lustre/fsw/coreai_dlalgo_llm/users/sna/nemorl_reference_runs/20260618_lyris_nemorl_qwen30_qwen32_recipe_osl_eagle3_contextguard_retry/logs/qwen32_async1off_eagle3/2152196-logs/ray-driver.log,,,,,,,,,
2152196,qwen32_async_eagle3,6,20,completed_step,0.0093,,,,0.0009,0.5796,180.98,,120.76,53.49,,1095.72,2249.05,3284.25,7415.06,,,,,,,,,,,,0,0,0,,tmp/lyris_nemorl_perfcfg_step20_20260618_logs/lustre/fsw/coreai_dlalgo_llm/users/sna/nemorl_reference_runs/20260618_lyris_nemorl_qwen30_qwen32_recipe_osl_eagle3_contextguard_retry/logs/qwen32_async1off_eagle3/2152196-logs/ray-driver.log,,,,,,,,,
2152196,qwen32_async_eagle3,7,20,completed_step,0.0019,,,,0.0009,0.4438,195.37,,129.51,59.96,,1155.52,2364.23,3486.25,7529.65,,,,,,,,,,,,0,0,0,,tmp/lyris_nemorl_perfcfg_step20_20260618_logs/lustre/fsw/coreai_dlalgo_llm/users/sna/nemorl_reference_runs/20260618_lyris_nemorl_qwen30_qwen32_recipe_osl_eagle3_contextguard_retry/logs/qwen32_async1off_eagle3/2152196-logs/ray-driver.log,,,,,,,,,
2152196,qwen32_async_eagle3,8,20,completed_step,0.0016,,,,0.001,0.4248,224.9,,133.77,62.11,,1014.8,2069.17,3412.39,7349.7,,,,,,,,,,,,0,0,0,,tmp/lyris_nemorl_perfcfg_step20_20260618_logs/lustre/fsw/coreai_dlalgo_llm/users/sna/nemorl_reference_runs/20260618_lyris_nemorl_qwen30_qwen32_recipe_osl_eagle3_contextguard_retry/logs/qwen32_async1off_eagle3/2152196-logs/ray-driver.log,,,,,,,,,
2152196,qwen32_async_eagle3,9,20,completed_step,0.0051,,,,0.0009,0.5103,177.71,,117.26,54.89,,1127.91,2310.7,3418.67,7303.25,,,,,,,,,,,,0,0,0,,tmp/lyris_nemorl_perfcfg_step20_20260618_logs/lustre/fsw/coreai_dlalgo_llm/users/sna/nemorl_reference_runs/20260618_lyris_nemorl_qwen30_qwen32_recipe_osl_eagle3_contextguard_retry/logs/qwen32_async1off_eagle3/2152196-logs/ray-driver.log,,,,,,,,,
2152196,qwen32_async_eagle3,10,20,completed_step,-0.0015,,,,0.0009,0.6021,183.55,,122.54,55.43,,1122.38,2297.41,3362.37,7433.73,,,,,,,,,,,,0,0,0,,tmp/lyris_nemorl_perfcfg_step20_20260618_logs/lustre/fsw/coreai_dlalgo_llm/users/sna/nemorl_reference_runs/20260618_lyris_nemorl_qwen30_qwen32_recipe_osl_eagle3_contextguard_retry/logs/qwen32_async1off_eagle3/2152196-logs/ray-driver.log,,,,,,,,,
2152196,qwen32_async_eagle3,11,20,completed_step,0.0024,,,,0.0009,0.5332,184.5,,123.41,55.18,,1113.6,2275.17,3329.62,7446.84,,,,,,,,,,,,0,0,0,,tmp/lyris_nemorl_perfcfg_step20_20260618_logs/lustre/fsw/coreai_dlalgo_llm/users/sna/nemorl_reference_runs/20260618_lyris_nemorl_qwen30_qwen32_recipe_osl_eagle3_contextguard_retry/logs/qwen32_async1off_eagle3/2152196-logs/ray-driver.log,,,,,,,,,
2152196,qwen32_async_eagle3,12,20,completed_step,-0.0002,,,,0.0009,0.5439,200.21,,128.4,58.58,,1091.73,2231.96,3404.56,7462.24,,,,,,,,,,,,0,0,0,,tmp/lyris_nemorl_perfcfg_step20_20260618_logs/lustre/fsw/coreai_dlalgo_llm/users/sna/nemorl_reference_runs/20260618_lyris_nemorl_qwen30_qwen32_recipe_osl_eagle3_contextguard_retry/logs/qwen32_async1off_eagle3/2152196-logs/ray-driver.log,,,,,,,,,
2152196,qwen32_async_eagle3,13,20,completed_step,-0.007,,,,0.0009,0.5234,192.2,,128.98,57.89,,1131.3,2310.51,3371.6,7512.01,,,,,,,,,,,,0,0,0,,tmp/lyris_nemorl_perfcfg_step20_20260618_logs/lustre/fsw/coreai_dlalgo_llm/users/sna/nemorl_reference_runs/20260618_lyris_nemorl_qwen30_qwen32_recipe_osl_eagle3_contextguard_retry/logs/qwen32_async1off_eagle3/2152196-logs/ray-driver.log,,,,,,,,,
2152196,qwen32_async_eagle3,14,20,completed_step,-0.0004,,,,0.0009,0.4531,195.72,,128.72,60.15,,1137.28,2332.01,3458.42,7400.43,,,,,,,,,,,,0,0,0,,tmp/lyris_nemorl_perfcfg_step20_20260618_logs/lustre/fsw/coreai_dlalgo_llm/users/sna/nemorl_reference_runs/20260618_lyris_nemorl_qwen30_qwen32_recipe_osl_eagle3_contextguard_retry/logs/qwen32_async1off_eagle3/2152196-logs/ray-driver.log,,,,,,,,,
2152196,qwen32_async_eagle3,15,20,completed_step,0.0016,,,,0.0009,0.5654,181.43,,121.48,54.35,,1122.79,2299.26,3353.8,7496.19,,,,,,,,,,,,0,0,0,,tmp/lyris_nemorl_perfcfg_step20_20260618_logs/lustre/fsw/coreai_dlalgo_llm/users/sna/nemorl_reference_runs/20260618_lyris_nemorl_qwen30_qwen32_recipe_osl_eagle3_contextguard_retry/logs/qwen32_async1off_eagle3/2152196-logs/ray-driver.log,,,,,,,,,
2152196,qwen32_async_eagle3,16,20,completed_step,0.0004,,,,0.0009,0.5771,179.04,,119.4,54.3,,1129.57,2308.62,3387.45,7448.61,,,,,,,,,,,,0,0,0,,tmp/lyris_nemorl_perfcfg_step20_20260618_logs/lustre/fsw/coreai_dlalgo_llm/users/sna/nemorl_reference_runs/20260618_lyris_nemorl_qwen30_qwen32_recipe_osl_eagle3_contextguard_retry/logs/qwen32_async1off_eagle3/2152196-logs/ray-driver.log,,,,,,,,,
2152196,qwen32_async_eagle3,17,20,completed_step,0.012,,,,0.0009,0.5972,187.41,,125.67,54.81,,1090.65,2239.15,3252.84,7458.84,,,,,,,,,,,,0,0,0,,tmp/lyris_nemorl_perfcfg_step20_20260618_logs/lustre/fsw/coreai_dlalgo_llm/users/sna/nemorl_reference_runs/20260618_lyris_nemorl_qwen30_qwen32_recipe_osl_eagle3_contextguard_retry/logs/qwen32_async1off_eagle3/2152196-logs/ray-driver.log,,,,,,,,,
2152196,qwen32_async_eagle3,18,20,completed_step,0.0057,,,,0.001,0.6162,178.3,,118.82,54.0,,1125.59,2302.95,3378.25,7433.55,,,,,,,,,,,,0,0,0,,tmp/lyris_nemorl_perfcfg_step20_20260618_logs/lustre/fsw/coreai_dlalgo_llm/users/sna/nemorl_reference_runs/20260618_lyris_nemorl_qwen30_qwen32_recipe_osl_eagle3_contextguard_retry/logs/qwen32_async1off_eagle3/2152196-logs/ray-driver.log,,,,,,,,,
2152196,qwen32_async_eagle3,19,20,completed_step,-0.0047,,,,0.0009,0.4883,189.71,,126.93,57.4,,1125.24,2297.1,3363.44,7437.56,,,,,,,,,,,,0,0,0,,tmp/lyris_nemorl_perfcfg_step20_20260618_logs/lustre/fsw/coreai_dlalgo_llm/users/sna/nemorl_reference_runs/20260618_lyris_nemorl_qwen30_qwen32_recipe_osl_eagle3_contextguard_retry/logs/qwen32_async1off_eagle3/2152196-logs/ray-driver.log,,,,,,,,,
2152196,qwen32_async_eagle3,20,20,completed_step,-0.0006,,,,0.001,0.52,181.93,,121.13,55.61,,1134.03,2314.93,3406.4,7420.55,,,,,,,,,,,,0,0,2,"[rank0]:[W618 08:56:30.049071455 ProcessGroupNCCL.cpp:1575] Warning: WARNING: destroy_process_group() was not called before program exit, which can leak resources. For more info, please see https://pytorch.org/docs/stable/distributed.html#shutdown (function operator()) [repeated 15x across cluster]",tmp/lyris_nemorl_perfcfg_step20_20260618_logs/lustre/fsw/coreai_dlalgo_llm/users/sna/nemorl_reference_runs/20260618_lyris_nemorl_qwen30_qwen32_recipe_osl_eagle3_contextguard_retry/logs/qwen32_async1off_eagle3/2152196-logs/ray-driver.log,,,,,,,,,
2152218,qwen32_async_pard2,1,20,completed_step,0.0081,,,,0.0009,0.6113,193.96,,124.84,60.57,,1086.38,2256.93,3375.71,6957.5,,,,,,,,,,,,0,0,0,,tmp/lyris_nemorl_perfcfg_step20_20260618_logs/lustre/fsw/coreai_dlalgo_llm/users/sna/nemorl_reference_runs/20260618_lyris_nemorl_qwen30_qwen32_recipe_osl_pard2_step20_retry_globalcache/logs/qwen32_async1off_pard2/2152218-logs/ray-driver.log,,,,,,,,,
2152218,qwen32_async_pard2,2,20,completed_step,0.0041,,,,0.001,0.4629,253.75,,123.5,56.76,,824.51,1686.08,3388.19,7372.15,,,,,,,,,,,,0,0,0,,tmp/lyris_nemorl_perfcfg_step20_20260618_logs/lustre/fsw/coreai_dlalgo_llm/users/sna/nemorl_reference_runs/20260618_lyris_nemorl_qwen30_qwen32_recipe_osl_pard2_step20_retry_globalcache/logs/qwen32_async1off_pard2/2152218-logs/ray-driver.log,,,,,,,,,
2152218,qwen32_async_pard2,3,20,completed_step,0.0048,,,,0.0009,0.459,441.69,,128.65,59.69,,504.32,1020.49,3463.0,7464.22,,,,,,,,,,,,0,0,0,,tmp/lyris_nemorl_perfcfg_step20_20260618_logs/lustre/fsw/coreai_dlalgo_llm/users/sna/nemorl_reference_runs/20260618_lyris_nemorl_qwen30_qwen32_recipe_osl_pard2_step20_retry_globalcache/logs/qwen32_async1off_pard2/2152218-logs/ray-driver.log,,,,,,,,,
2152218,qwen32_async_pard2,4,20,completed_step,-0.0021,,,,0.001,0.5439,217.38,,122.1,56.41,,957.39,1961.04,3408.88,7379.36,,,,,,,,,,,,0,0,0,,tmp/lyris_nemorl_perfcfg_step20_20260618_logs/lustre/fsw/coreai_dlalgo_llm/users/sna/nemorl_reference_runs/20260618_lyris_nemorl_qwen30_qwen32_recipe_osl_pard2_step20_retry_globalcache/logs/qwen32_async1off_pard2/2152218-logs/ray-driver.log,,,,,,,,,
2152218,qwen32_async_pard2,5,20,completed_step,-0.0128,,,,0.0009,0.5454,459.19,,124.94,55.5,,451.89,913.77,3321.6,7478.15,,,,,,,,,,,,0,0,0,,tmp/lyris_nemorl_perfcfg_step20_20260618_logs/lustre/fsw/coreai_dlalgo_llm/users/sna/nemorl_reference_runs/20260618_lyris_nemorl_qwen30_qwen32_recipe_osl_pard2_step20_retry_globalcache/logs/qwen32_async1off_pard2/2152218-logs/ray-driver.log,,,,,,,,,
2152218,qwen32_async_pard2,6,20,completed_step,-0.0056,,,,0.0009,0.5874,181.19,,119.93,53.4,,1097.62,2267.55,3316.67,7448.24,,,,,,,,,,,,0,0,0,,tmp/lyris_nemorl_perfcfg_step20_20260618_logs/lustre/fsw/coreai_dlalgo_llm/users/sna/nemorl_reference_runs/20260618_lyris_nemorl_qwen30_qwen32_recipe_osl_pard2_step20_retry_globalcache/logs/qwen32_async1off_pard2/2152218-logs/ray-driver.log,,,,,,,,,
2152218,qwen32_async_pard2,7,20,completed_step,-0.0044,,,,0.001,0.4546,520.6,,133.23,60.2,,433.11,875.87,3384.64,7491.15,,,,,,,,,,,,0,0,0,,tmp/lyris_nemorl_perfcfg_step20_20260618_logs/lustre/fsw/coreai_dlalgo_llm/users/sna/nemorl_reference_runs/20260618_lyris_nemorl_qwen30_qwen32_recipe_osl_pard2_step20_retry_globalcache/logs/qwen32_async1off_pard2/2152218-logs/ray-driver.log,,,,,,,,,
2152218,qwen32_async_pard2,8,20,completed_step,0.009,,,,0.001,0.4312,296.92,,133.5,60.75,,768.35,1568.0,3417.77,7511.37,,,,,,,,,,,,0,0,0,,tmp/lyris_nemorl_perfcfg_step20_20260618_logs/lustre/fsw/coreai_dlalgo_llm/users/sna/nemorl_reference_runs/20260618_lyris_nemorl_qwen30_qwen32_recipe_osl_pard2_step20_retry_globalcache/logs/qwen32_async1off_pard2/2152218-logs/ray-driver.log,,,,,,,,,
2152218,qwen32_async_pard2,9,20,completed_step,0.0243,,,,0.0009,0.5112,388.76,,117.89,53.43,,514.71,1043.52,3394.78,7490.28,,,,,,,,,,,,0,0,0,,tmp/lyris_nemorl_perfcfg_step20_20260618_logs/lustre/fsw/coreai_dlalgo_llm/users/sna/nemorl_reference_runs/20260618_lyris_nemorl_qwen30_qwen32_recipe_osl_pard2_step20_retry_globalcache/logs/qwen32_async1off_pard2/2152218-logs/ray-driver.log,,,,,,,,,
2152218,qwen32_async_pard2,10,20,completed_step,-0.0094,,,,0.0009,0.5942,247.25,,123.21,55.02,,831.25,1699.77,3336.15,7470.57,,,,,,,,,,,,0,0,0,,tmp/lyris_nemorl_perfcfg_step20_20260618_logs/lustre/fsw/coreai_dlalgo_llm/users/sna/nemorl_reference_runs/20260618_lyris_nemorl_qwen30_qwen32_recipe_osl_pard2_step20_retry_globalcache/logs/qwen32_async1off_pard2/2152218-logs/ray-driver.log,,,,,,,,,
2152218,qwen32_async_pard2,11,20,completed_step,0.0001,,,,0.0009,0.5288,429.03,,123.94,55.37,,481.45,974.77,3333.04,7461.36,,,,,,,,,,,,0,0,0,,tmp/lyris_nemorl_perfcfg_step20_20260618_logs/lustre/fsw/coreai_dlalgo_llm/users/sna/nemorl_reference_runs/20260618_lyris_nemorl_qwen30_qwen32_recipe_osl_pard2_step20_retry_globalcache/logs/qwen32_async1off_pard2/2152218-logs/ray-driver.log,,,,,,,,,
2152218,qwen32_async_pard2,12,20,completed_step,0.003,,,,0.0009,0.5449,320.33,,129.3,58.81,,681.83,1388.48,3378.33,7427.68,,,,,,,,,,,,0,0,0,,tmp/lyris_nemorl_perfcfg_step20_20260618_logs/lustre/fsw/coreai_dlalgo_llm/users/sna/nemorl_reference_runs/20260618_lyris_nemorl_qwen30_qwen32_recipe_osl_pard2_step20_retry_globalcache/logs/qwen32_async1off_pard2/2152218-logs/ray-driver.log,,,,,,,,,
2152218,qwen32_async_pard2,13,20,completed_step,-0.0036,,,,0.001,0.5376,386.5,,131.85,58.42,,562.31,1141.21,3296.56,7440.38,,,,,,,,,,,,0,0,0,,tmp/lyris_nemorl_perfcfg_step20_20260618_logs/lustre/fsw/coreai_dlalgo_llm/users/sna/nemorl_reference_runs/20260618_lyris_nemorl_qwen30_qwen32_recipe_osl_pard2_step20_retry_globalcache/logs/qwen32_async1off_pard2/2152218-logs/ray-driver.log,,,,,,,,,
2152218,qwen32_async_pard2,14,20,completed_step,0.0086,,,,0.0009,0.436,328.42,,128.41,60.16,,677.47,1375.24,3465.3,7397.08,,,,,,,,,,,,0,0,0,,tmp/lyris_nemorl_perfcfg_step20_20260618_logs/lustre/fsw/coreai_dlalgo_llm/users/sna/nemorl_reference_runs/20260618_lyris_nemorl_qwen30_qwen32_recipe_osl_pard2_step20_retry_globalcache/logs/qwen32_async1off_pard2/2152218-logs/ray-driver.log,,,,,,,,,
2152218,qwen32_async_pard2,15,20,completed_step,-0.0018,,,,0.0009,0.5737,336.6,,120.24,54.49,,601.26,1222.67,3366.22,7428.42,,,,,,,,,,,,0,0,0,,tmp/lyris_nemorl_perfcfg_step20_20260618_logs/lustre/fsw/coreai_dlalgo_llm/users/sna/nemorl_reference_runs/20260618_lyris_nemorl_qwen30_qwen32_recipe_osl_pard2_step20_retry_globalcache/logs/qwen32_async1off_pard2/2152218-logs/ray-driver.log,,,,,,,,,
2152218,qwen32_async_pard2,16,20,completed_step,0.0023,,,,0.0009,0.5703,339.84,,117.15,55.06,,590.81,1198.98,3427.76,7293.12,,,,,,,,,,,,0,0,0,,tmp/lyris_nemorl_perfcfg_step20_20260618_logs/lustre/fsw/coreai_dlalgo_llm/users/sna/nemorl_reference_runs/20260618_lyris_nemorl_qwen30_qwen32_recipe_osl_pard2_step20_retry_globalcache/logs/qwen32_async1off_pard2/2152218-logs/ray-driver.log,,,,,,,,,
2152218,qwen32_async_pard2,17,20,completed_step,0.0096,,,,0.0009,0.6084,320.48,,123.78,54.66,,635.02,1290.14,3288.33,7446.14,,,,,,,,,,,,0,0,0,,tmp/lyris_nemorl_perfcfg_step20_20260618_logs/lustre/fsw/coreai_dlalgo_llm/users/sna/nemorl_reference_runs/20260618_lyris_nemorl_qwen30_qwen32_recipe_osl_pard2_step20_retry_globalcache/logs/qwen32_async1off_pard2/2152218-logs/ray-driver.log,,,,,,,,,
2152218,qwen32_async_pard2,18,20,completed_step,0.0098,,,,0.001,0.6255,314.78,,116.85,55.59,,636.44,1292.82,3429.03,7208.17,,,,,,,,,,,,0,0,0,,tmp/lyris_nemorl_perfcfg_step20_20260618_logs/lustre/fsw/coreai_dlalgo_llm/users/sna/nemorl_reference_runs/20260618_lyris_nemorl_qwen30_qwen32_recipe_osl_pard2_step20_retry_globalcache/logs/qwen32_async1off_pard2/2152218-logs/ray-driver.log,,,,,,,,,
2152218,qwen32_async_pard2,19,20,completed_step,-0.0014,,,,0.001,0.4902,376.24,,126.94,57.6,,569.28,1154.03,3374.47,7437.26,,,,,,,,,,,,0,0,0,,tmp/lyris_nemorl_perfcfg_step20_20260618_logs/lustre/fsw/coreai_dlalgo_llm/users/sna/nemorl_reference_runs/20260618_lyris_nemorl_qwen30_qwen32_recipe_osl_pard2_step20_retry_globalcache/logs/qwen32_async1off_pard2/2152218-logs/ray-driver.log,,,,,,,,,
2152218,qwen32_async_pard2,20,20,completed_step,-0.0073,,,,0.0009,0.521,287.04,,120.91,55.32,,720.93,1464.86,3423.14,7481.04,,,,,,,,,,,,0,0,2,"[rank0]:[W618 10:27:08.895039158 ProcessGroupNCCL.cpp:1575] Warning: WARNING: destroy_process_group() was not called before program exit, which can leak resources. For more info, please see https://pytorch.org/docs/stable/distributed.html#shutdown (function operator()) [repeated 15x across cluster]",tmp/lyris_nemorl_perfcfg_step20_20260618_logs/lustre/fsw/coreai_dlalgo_llm/users/sna/nemorl_reference_runs/20260618_lyris_nemorl_qwen30_qwen32_recipe_osl_pard2_step20_retry_globalcache/logs/qwen32_async1off_pard2/2152218-logs/ray-driver.log,,,,,,,,,
2152222,qwen30_sync_pard2,1,20,incomplete_step,,,,,,,,,,,,,,,,,,,,,,,,,,,0,0,4,"RuntimeError: shape mismatch: value tensor of shape [11264, 8192] cannot be broadcast to indexing result of shape [11264, 16384]",tmp/lyris_nemorl_perfcfg_step20_20260618_logs/20260618_lyris_nemorl_qwen30_recipe_osl_pard2_step20_retry_staticcheck/logs/qwen30ba3b_sync_pard2/2152222-logs/ray-driver.log,,,,,,,,,
2152224,qwen32_sync_pard2,1,20,completed_step,-0.0023,,,,0.0009,0.5884,840.68,632.87,134.03,67.22,4.45,496.78,659.89,3116.03,6212.74,3160.1885,0.91,0.9382428940568476,0.9,1.0448333333333335,1.0463565891472868,1.04,61.91466666666667,6397.9515,286015.0,29121810.0,60,387,0,,tmp/lyris_nemorl_perfcfg_step20_20260618_logs/lustre/fsw/coreai_dlalgo_llm/users/sna/nemorl_reference_runs/20260618_lyris_nemorl_qwen32_sync_recipe_osl_pard2_step20_retry_staticcheck/logs/qwen32_sync_pard2/2152224-logs/ray-driver.log,0.046677002583979325,0.0,0.0,0.0,0.0,,,,
2152224,qwen32_sync_pard2,2,20,completed_step,0.0068,,,,0.001,0.4648,825.01,635.46,122.45,57.02,8.54,473.49,614.73,3190.18,6850.61,2908.2334,0.7,0.7426315789473684,0.7,1.035,1.0369736842105264,1.03,49.01564516129032,5811.010322580645,233042.0,27434720.0,62,380,0,,tmp/lyris_nemorl_perfcfg_step20_20260618_logs/lustre/fsw/coreai_dlalgo_llm/users/sna/nemorl_reference_runs/20260618_lyris_nemorl_qwen32_sync_recipe_osl_pard2_step20_retry_staticcheck/logs/qwen32_sync_pard2/2152224-logs/ray-driver.log,0.037331578947368424,3.6842105263157895e-05,0.0,0.0,0.0,,,,
2152224,qwen32_sync_pard2,3,20,completed_step,0.0096,,,,0.0009,0.4668,833.25,623.44,132.29,63.86,12.16,529.76,708.04,3336.82,6912.82,3345.7397,0.8516666666666667,0.8610091743119266,1.2,1.0430000000000001,1.0436467889908259,1.06,64.024,6718.048,306101.0,32126505.0,60,436,0,,tmp/lyris_nemorl_perfcfg_step20_20260618_logs/lustre/fsw/coreai_dlalgo_llm/users/sna/nemorl_reference_runs/20260618_lyris_nemorl_qwen32_sync_recipe_osl_pard2_step20_retry_staticcheck/logs/qwen32_sync_pard2/2152224-logs/ray-driver.log,0.04311238532110092,1.834862385321101e-05,0.0,0.0,0.0,,,,
2152224,qwen32_sync_pard2,4,20,completed_step,0.0142,,,,0.001,0.5317,811.7,616.74,123.31,58.38,11.71,496.95,654.04,3271.12,6909.26,3020.7544,1.0916666666666666,1.108974358974359,1.2,1.0546666666666666,1.0553333333333335,1.06,79.29116666666667,6450.735333333333,365435.0,29544375.0,60,390,0,,tmp/lyris_nemorl_perfcfg_step20_20260618_logs/lustre/fsw/coreai_dlalgo_llm/users/sna/nemorl_reference_runs/20260618_lyris_nemorl_qwen32_sync_recipe_osl_pard2_step20_retry_staticcheck/logs/qwen32_sync_pard2/2152224-logs/ray-driver.log,0.0546974358974359,0.0005538461538461538,0.00014358974358974358,0.0,0.0,,,,
2152224,qwen32_sync_pard2,5,20,completed_step,0.0059,,,,0.0009,0.543,761.83,567.4,121.31,59.83,11.73,540.3,725.44,3392.97,6880.03,3118.4644,1.05,1.0411167512690356,0.7,1.052857142857143,1.0525634517766498,1.03,75.75125,7382.179464285714,327902.0,32253785.0,56,394,0,,tmp/lyris_nemorl_perfcfg_step20_20260618_logs/lustre/fsw/coreai_dlalgo_llm/users/sna/nemorl_reference_runs/20260618_lyris_nemorl_qwen32_sync_recipe_osl_pard2_step20_retry_staticcheck/logs/qwen32_sync_pard2/2152224-logs/ray-driver.log,0.0522258883248731,0.0,0.0,0.0,0.0,,,,
2152224,qwen32_sync_pard2,6,20,completed_step,-0.0026,,,,0.001,0.5815,746.57,563.07,114.71,55.73,11.67,514.26,681.84,3346.91,6889.26,2890.2168,0.92,0.9794520547945206,0.2,1.0447272727272727,1.0474794520547945,1.01,72.10727272727273,7242.7401818181825,307510.0,30379620.0,55,365,0,,tmp/lyris_nemorl_perfcfg_step20_20260618_logs/lustre/fsw/coreai_dlalgo_llm/users/sna/nemorl_reference_runs/20260618_lyris_nemorl_qwen32_sync_recipe_osl_pard2_step20_retry_staticcheck/logs/qwen32_sync_pard2/2152224-logs/ray-driver.log,0.048186301369863016,0.0,0.0,0.0,0.0,,,,
2152224,qwen32_sync_pard2,7,20,completed_step,0.0133,,,,0.0009,0.4336,827.1,614.95,134.38,64.77,11.61,538.74,724.59,3315.75,6879.06,3375.5957,1.0566666666666666,1.0503416856492027,0.4,1.0525,1.0523006833712985,1.02,64.50616666666666,6530.188666666667,307017.0,31054155.0,60,439,0,,tmp/lyris_nemorl_perfcfg_step20_20260618_logs/lustre/fsw/coreai_dlalgo_llm/users/sna/nemorl_reference_runs/20260618_lyris_nemorl_qwen32_sync_recipe_osl_pard2_step20_retry_staticcheck/logs/qwen32_sync_pard2/2152224-logs/ray-driver.log,0.05199088838268793,0.0002642369020501139,0.00010933940774487472,1.8223234624145787e-05,0.0,,,,
2152224,qwen32_sync_pard2,8,20,completed_step,0.0208,,,,0.001,0.4209,854.56,636.39,140.04,65.56,11.2,529.72,711.32,3232.44,6904.99,3441.4062,0.8483870967741935,0.8452702702702702,0.9,1.0420967741935483,1.0417567567567567,1.05,64.04790322580645,7002.524838709677,314246.0,34346020.0,62,444,0,,tmp/lyris_nemorl_perfcfg_step20_20260618_logs/lustre/fsw/coreai_dlalgo_llm/users/sna/nemorl_reference_runs/20260618_lyris_nemorl_qwen32_sync_recipe_osl_pard2_step20_retry_staticcheck/logs/qwen32_sync_pard2/2152224-logs/ray-driver.log,0.0420518018018018,0.0,0.0,0.0,0.0,,,,
2152224,qwen32_sync_pard2,9,20,completed_step,-0.0017,,,,0.0009,0.5112,747.02,551.66,125.45,57.11,11.43,526.06,712.35,3132.45,6880.66,2949.7261,0.9462962962962963,0.9776595744680852,0.6,1.0474074074074073,1.0488297872340426,1.03,64.78092592592593,6537.538333333334,276423.0,27755070.0,54,376,0,,tmp/lyris_nemorl_perfcfg_step20_20260618_logs/lustre/fsw/coreai_dlalgo_llm/users/sna/nemorl_reference_runs/20260618_lyris_nemorl_qwen32_sync_recipe_osl_pard2_step20_retry_staticcheck/logs/qwen32_sync_pard2/2152224-logs/ray-driver.log,0.0490718085106383,1.5957446808510637e-05,0.0,0.0,0.0,,,,
2152224,qwen32_sync_pard2,10,20,completed_step,0.0079,,,,0.0009,0.5889,786.14,592.38,125.68,56.77,9.45,497.66,660.43,3112.91,6891.23,2915.6719,0.8844827586206897,0.9183908045977012,1.6,1.0444827586206897,1.0458045977011494,1.08,63.877758620689654,6807.930172413793,264480.0,27875245.0,58,348,0,,tmp/lyris_nemorl_perfcfg_step20_20260618_logs/lustre/fsw/coreai_dlalgo_llm/users/sna/nemorl_reference_runs/20260618_lyris_nemorl_qwen32_sync_recipe_osl_pard2_step20_retry_staticcheck/logs/qwen32_sync_pard2/2152224-logs/ray-driver.log,0.046255747126436784,0.0,0.0,0.0,0.0,,,,
2152224,qwen32_sync_pard2,11,20,completed_step,0.0025,,,,0.0009,0.5186,810.18,612.88,128.78,59.45,7.7,504.16,666.46,3171.83,6871.13,3083.3643,0.9216666666666667,0.961498708010336,0.4,1.0461666666666667,1.047984496124031,1.02,70.708,7232.705666666666,324793.0,32991635.0,60,387,0,,tmp/lyris_nemorl_perfcfg_step20_20260618_logs/lustre/fsw/coreai_dlalgo_llm/users/sna/nemorl_reference_runs/20260618_lyris_nemorl_qwen32_sync_recipe_osl_pard2_step20_retry_staticcheck/logs/qwen32_sync_pard2/2152224-logs/ray-driver.log,0.0483204134366925,0.00012403100775193799,0.0,0.0,0.0,,,,
2152224,qwen32_sync_pard2,12,20,completed_step,0.0029,,,,0.0009,0.5449,806.67,596.34,136.62,62.12,10.22,532.89,720.84,3146.4,6920.44,3255.0142,0.9896551724137931,0.9956730769230769,1.0,1.048793103448276,1.049158653846154,1.05,69.04741379310344,6992.766206896552,314756.0,31872810.0,58,416,0,,tmp/lyris_nemorl_perfcfg_step20_20260618_logs/lustre/fsw/coreai_dlalgo_llm/users/sna/nemorl_reference_runs/20260618_lyris_nemorl_qwen32_sync_recipe_osl_pard2_step20_retry_staticcheck/logs/qwen32_sync_pard2/2152224-logs/ray-driver.log,0.04948798076923077,1.923076923076923e-05,0.0,0.0,0.0,,,,
2152224,qwen32_sync_pard2,13,20,completed_step,-0.0017,,,,0.0009,0.5137,815.89,606.8,137.28,62.55,7.47,522.04,701.93,3102.67,6809.63,3204.9175,0.9779661016949153,0.9263157894736842,1.7,1.0489830508474576,1.0463875598086125,1.09,65.53152542372881,6609.7720338983045,301567.0,30665225.0,59,418,0,,tmp/lyris_nemorl_perfcfg_step20_20260618_logs/lustre/fsw/coreai_dlalgo_llm/users/sna/nemorl_reference_runs/20260618_lyris_nemorl_qwen32_sync_recipe_osl_pard2_step20_retry_staticcheck/logs/qwen32_sync_pard2/2152224-logs/ray-driver.log,0.04579425837320574,0.00040191387559808617,9.569377990430622e-05,0.0,0.0,,,,
2152224,qwen32_sync_pard2,14,20,completed_step,0.006,,,,0.0009,0.4448,836.02,622.77,136.67,63.92,11.27,525.89,705.97,3216.96,6878.75,3327.0029,1.0999999999999999,1.1227941176470588,1.1,1.0545901639344262,1.055857843137255,1.05,81.68639344262294,7212.226721311476,379302.0,32930875.0,61,408,0,,tmp/lyris_nemorl_perfcfg_step20_20260618_logs/lustre/fsw/coreai_dlalgo_llm/users/sna/nemorl_reference_runs/20260618_lyris_nemorl_qwen32_sync_recipe_osl_pard2_step20_retry_staticcheck/logs/qwen32_sync_pard2/2152224-logs/ray-driver.log,0.05603431372549019,9.80392156862745e-05,0.0,0.0,0.0,,,,
2152224,qwen32_sync_pard2,15,20,completed_step,0.0064,,,,0.0009,0.5713,798.38,602.4,128.34,58.57,7.68,504.66,668.85,3139.31,6878.66,3052.1924,1.0155172413793103,1.0394021739130435,0.9,1.0510344827586207,1.0524456521739132,1.04,70.80086206896551,6621.795689655173,317917.0,29572965.0,58,368,0,,tmp/lyris_nemorl_perfcfg_step20_20260618_logs/lustre/fsw/coreai_dlalgo_llm/users/sna/nemorl_reference_runs/20260618_lyris_nemorl_qwen32_sync_recipe_osl_pard2_step20_retry_staticcheck/logs/qwen32_sync_pard2/2152224-logs/ray-driver.log,0.050842391304347825,0.0007961956521739132,5.706521739130435e-05,0.0,0.0,,,,
2152224,qwen32_sync_pard2,16,20,completed_step,0.006,,,,0.0009,0.5713,783.19,586.14,126.78,57.76,10.67,506.08,676.22,3126.29,6861.82,2985.0923,0.9701754385964914,1.0241469816272966,0.3,1.0485964912280703,1.0514173228346457,1.01,71.76842105263158,6795.741578947369,318313.0,29907940.0,57,381,0,,tmp/lyris_nemorl_perfcfg_step20_20260618_logs/lustre/fsw/coreai_dlalgo_llm/users/sna/nemorl_reference_runs/20260618_lyris_nemorl_qwen32_sync_recipe_osl_pard2_step20_retry_staticcheck/logs/qwen32_sync_pard2/2152224-logs/ray-driver.log,0.051333333333333335,7.874015748031496e-05,1.837270341207349e-05,0.0,0.0,,,,
2152224,qwen32_sync_pard2,17,20,completed_step,0.005,,,,0.0009,0.6064,799.06,598.35,130.61,58.86,9.73,506.32,676.16,3097.51,6873.47,3061.3774,1.0135593220338983,1.0267857142857142,1.1,1.0501694915254238,1.0506887755102041,1.06,72.08118644067797,6562.278813559322,329399.0,30054395.0,59,392,0,,tmp/lyris_nemorl_perfcfg_step20_20260618_logs/lustre/fsw/coreai_dlalgo_llm/users/sna/nemorl_reference_runs/20260618_lyris_nemorl_qwen32_sync_recipe_osl_pard2_step20_retry_staticcheck/logs/qwen32_sync_pard2/2152224-logs/ray-driver.log,0.0510688775510204,2.0408163265306123e-05,0.0,0.0,0.0,,,,
2152224,qwen32_sync_pard2,18,20,incomplete_step,,,,,,,,,,,,,,,,,,,,,,,,,,,0,0,0,,tmp/lyris_nemorl_perfcfg_step20_20260618_logs/lustre/fsw/coreai_dlalgo_llm/users/sna/nemorl_reference_runs/20260618_lyris_nemorl_qwen32_sync_recipe_osl_pard2_step20_retry_staticcheck/logs/qwen32_sync_pard2/2152224-logs/ray-driver.log,,,,,,,,,
2152313,qwen235b_sync_baseline_deepep_smoke,1,3,incomplete_step,,,,,,,,,,,,,,,,,,,,,,,,,,,0,0,0,,tmp/lyris_nemorl_perfcfg_step20_20260618_logs/20260618_lyris_nemorl_qwen235b_sync_baseline_deepep_step3_gb200fix/logs/qwen235b_sync_baseline/2152313-logs/ray-driver.log,,,,,,,,,
2152320,qwen30_sync_baseline_fuselossfalse,1,20,completed_step,0.0017,,,,0.0019,0.582,487.16,313.09,113.35,54.56,4.87,867.77,1350.23,3729.68,7748.26,3201.8667,,,,,,,,,,,0,0,0,,tmp/lyris_nemorl_perfcfg_step20_20260618_logs/20260618_lyris_nemorl_fuse_loss_false_qwen30_qwen32_baseline_step20/logs/qwen30ba3b_sync_baseline/2152320-logs/ray-driver.log,,,,,,,,,
2152320,qwen30_sync_baseline_fuselossfalse,2,20,completed_step,0.0104,,,,0.0019,0.4937,419.79,259.89,104.82,44.21,8.3,975.37,1575.51,3906.38,9262.51,3057.043,,,,,,,,,,,0,0,0,,tmp/lyris_nemorl_perfcfg_step20_20260618_logs/20260618_lyris_nemorl_fuse_loss_false_qwen30_qwen32_baseline_step20/logs/qwen30ba3b_sync_baseline/2152320-logs/ray-driver.log,,,,,,,,,
2152320,qwen30_sync_baseline_fuselossfalse,3,20,completed_step,0.0007,,,,0.0018,0.4751,488.76,336.38,98.82,44.94,6.84,890.77,1294.28,4405.83,9686.92,3300.4185,,,,,,,,,,,0,0,0,,tmp/lyris_nemorl_perfcfg_step20_20260618_logs/20260618_lyris_nemorl_fuse_loss_false_qwen30_qwen32_baseline_step20/logs/qwen30ba3b_sync_baseline/2152320-logs/ray-driver.log,,,,,,,,,
2152320,qwen30_sync_baseline_fuselossfalse,4,20,completed_step,-0.0047,,,,0.002,0.522,502.06,363.13,88.18,41.42,7.21,807.53,1116.49,4597.55,9788.7,3038.5312,,,,,,,,,,,0,0,0,,tmp/lyris_nemorl_perfcfg_step20_20260618_logs/20260618_lyris_nemorl_fuse_loss_false_qwen30_qwen32_baseline_step20/logs/qwen30ba3b_sync_baseline/2152320-logs/ray-driver.log,,,,,,,,,
2152320,qwen30_sync_baseline_fuselossfalse,5,20,completed_step,-0.0028,,,,0.0019,0.5459,439.76,292.16,94.25,43.95,7.61,937.15,1410.6,4372.57,9376.41,3124.0796,,,,,,,,,,,0,0,0,,tmp/lyris_nemorl_perfcfg_step20_20260618_logs/20260618_lyris_nemorl_fuse_loss_false_qwen30_qwen32_baseline_step20/logs/qwen30ba3b_sync_baseline/2152320-logs/ray-driver.log,,,,,,,,,
2152320,qwen30_sync_baseline_fuselossfalse,6,20,completed_step,0.0108,,,,0.002,0.5801,456.2,306.19,100.38,40.95,6.93,858.12,1278.54,3900.05,9561.06,2950.7563,,,,,,,,,,,0,0,0,,tmp/lyris_nemorl_perfcfg_step20_20260618_logs/20260618_lyris_nemorl_fuse_loss_false_qwen30_qwen32_baseline_step20/logs/qwen30ba3b_sync_baseline/2152320-logs/ray-driver.log,,,,,,,,,
2152320,qwen30_sync_baseline_fuselossfalse,7,20,completed_step,0.0028,,,,0.0019,0.4731,469.96,313.83,102.86,44.24,7.09,942.68,1411.64,4306.97,10013.67,3357.5581,,,,,,,,,,,0,0,0,,tmp/lyris_nemorl_perfcfg_step20_20260618_logs/20260618_lyris_nemorl_fuse_loss_false_qwen30_qwen32_baseline_step20/logs/qwen30ba3b_sync_baseline/2152320-logs/ray-driver.log,,,,,,,,,
2152320,qwen30_sync_baseline_fuselossfalse,8,20,completed_step,0.0067,,,,0.0019,0.4292,466.86,313.39,98.82,46.06,6.89,962.18,1433.36,4545.87,9753.1,3416.314,,,,,,,,,,,0,0,0,,tmp/lyris_nemorl_perfcfg_step20_20260618_logs/20260618_lyris_nemorl_fuse_loss_false_qwen30_qwen32_baseline_step20/logs/qwen30ba3b_sync_baseline/2152320-logs/ray-driver.log,,,,,,,,,
2152320,qwen30_sync_baseline_fuselossfalse,9,20,completed_step,0.0048,,,,0.0019,0.5127,445.16,300.36,94.8,40.39,7.5,866.0,1283.48,4066.43,9544.98,2893.0439,,,,,,,,,,,0,0,0,,tmp/lyris_nemorl_perfcfg_step20_20260618_logs/20260618_lyris_nemorl_fuse_loss_false_qwen30_qwen32_baseline_step20/logs/qwen30ba3b_sync_baseline/2152320-logs/ray-driver.log,,,,,,,,,
2152320,qwen30_sync_baseline_fuselossfalse,10,20,completed_step,-0.0028,,,,0.0019,0.5879,460.06,316.78,91.71,42.45,7.02,873.24,1268.2,4380.68,9464.7,2999.3125,,,,,,,,,,,0,0,0,,tmp/lyris_nemorl_perfcfg_step20_20260618_logs/20260618_lyris_nemorl_fuse_loss_false_qwen30_qwen32_baseline_step20/logs/qwen30ba3b_sync_baseline/2152320-logs/ray-driver.log,,,,,,,,,
2152320,qwen30_sync_baseline_fuselossfalse,11,20,completed_step,-0.0058,,,,0.0018,0.5142,455.82,298.37,108.02,41.08,6.64,891.44,1361.85,3761.6,9892.26,3068.3843,,,,,,,,,,,0,0,0,,tmp/lyris_nemorl_perfcfg_step20_20260618_logs/20260618_lyris_nemorl_fuse_loss_false_qwen30_qwen32_baseline_step20/logs/qwen30ba3b_sync_baseline/2152320-logs/ray-driver.log,,,,,,,,,
2152320,qwen30_sync_baseline_fuselossfalse,12,20,completed_step,-0.0142,,,,0.0018,0.543,424.35,272.91,96.02,46.65,7.03,1009.62,1569.88,4461.71,9183.47,3245.6675,,,,,,,,,,,0,0,0,,tmp/lyris_nemorl_perfcfg_step20_20260618_logs/20260618_lyris_nemorl_fuse_loss_false_qwen30_qwen32_baseline_step20/logs/qwen30ba3b_sync_baseline/2152320-logs/ray-driver.log,,,,,,,,,
2152320,qwen30_sync_baseline_fuselossfalse,13,20,completed_step,-0.002,,,,0.0019,0.5435,482.52,325.33,102.86,45.01,7.43,895.6,1328.32,4201.4,9601.26,3255.2603,,,,,,,,,,,0,0,0,,tmp/lyris_nemorl_perfcfg_step20_20260618_logs/20260618_lyris_nemorl_fuse_loss_false_qwen30_qwen32_baseline_step20/logs/qwen30ba3b_sync_baseline/2152320-logs/ray-driver.log,,,,,,,,,
2152320,qwen30_sync_baseline_fuselossfalse,14,20,completed_step,0.0034,,,,0.0018,0.4609,454.09,285.78,109.71,50.0,6.89,976.11,1550.98,4040.31,8865.56,3357.0435,,,,,,,,,,,0,0,0,,tmp/lyris_nemorl_perfcfg_step20_20260618_logs/20260618_lyris_nemorl_fuse_loss_false_qwen30_qwen32_baseline_step20/logs/qwen30ba3b_sync_baseline/2152320-logs/ray-driver.log,,,,,,,,,
2152320,qwen30_sync_baseline_fuselossfalse,15,20,completed_step,-0.0056,,,,0.0019,0.564,450.19,306.85,92.17,41.74,7.16,891.31,1307.69,4353.68,9612.91,3040.7593,,,,,,,,,,,0,0,0,,tmp/lyris_nemorl_perfcfg_step20_20260618_logs/20260618_lyris_nemorl_fuse_loss_false_qwen30_qwen32_baseline_step20/logs/qwen30ba3b_sync_baseline/2152320-logs/ray-driver.log,,,,,,,,,
2152320,qwen30_sync_baseline_fuselossfalse,16,20,completed_step,-0.0009,,,,0.0019,0.5552,429.6,283.7,91.06,46.24,6.84,929.79,1407.97,4386.5,8637.65,3010.8057,,,,,,,,,,,0,0,0,,tmp/lyris_nemorl_perfcfg_step20_20260618_logs/20260618_lyris_nemorl_fuse_loss_false_qwen30_qwen32_baseline_step20/logs/qwen30ba3b_sync_baseline/2152320-logs/ray-driver.log,,,,,,,,,
2152320,qwen30_sync_baseline_fuselossfalse,17,20,completed_step,0.0104,,,,0.0018,0.6045,435.85,288.16,95.6,43.09,6.88,929.99,1406.64,4240.08,9406.89,3068.7891,,,,,,,,,,,0,0,0,,tmp/lyris_nemorl_perfcfg_step20_20260618_logs/20260618_lyris_nemorl_fuse_loss_false_qwen30_qwen32_baseline_step20/logs/qwen30ba3b_sync_baseline/2152320-logs/ray-driver.log,,,,,,,,,
2152320,qwen30_sync_baseline_fuselossfalse,18,20,completed_step,-0.0067,,,,0.0021,0.6206,434.05,289.57,93.07,41.91,7.73,916.2,1373.32,4272.84,9489.19,3009.1289,,,,,,,,,,,0,0,0,,tmp/lyris_nemorl_perfcfg_step20_20260618_logs/20260618_lyris_nemorl_fuse_loss_false_qwen30_qwen32_baseline_step20/logs/qwen30ba3b_sync_baseline/2152320-logs/ray-driver.log,,,,,,,,,
2152320,qwen30_sync_baseline_fuselossfalse,19,20,completed_step,0.0039,,,,0.002,0.4814,415.1,262.25,100.05,43.59,6.99,1029.09,1628.87,4269.76,9799.9,3228.3706,,,,,,,,,,,0,0,0,,tmp/lyris_nemorl_perfcfg_step20_20260618_logs/20260618_lyris_nemorl_fuse_loss_false_qwen30_qwen32_baseline_step20/logs/qwen30ba3b_sync_baseline/2152320-logs/ray-driver.log,,,,,,,,,
2152320,qwen30_sync_baseline_fuselossfalse,20,20,completed_step,0.0024,,,,0.0019,0.5151,414.28,271.65,91.94,41.96,6.64,982.71,1498.67,4428.11,9702.22,3081.895,,,,,,,,,,,0,0,0,,tmp/lyris_nemorl_perfcfg_step20_20260618_logs/20260618_lyris_nemorl_fuse_loss_false_qwen30_qwen32_baseline_step20/logs/qwen30ba3b_sync_baseline/2152320-logs/ray-driver.log,,,,,,,,,
2152321,qwen30_async_baseline_fuselossfalse,1,20,completed_step,-0.0015,,,,0.0019,0.5781,325.79,,225.11,91.5,,1301.37,2666.91,3766.86,9267.64,,,,,,,,,,,,0,0,0,,tmp/lyris_nemorl_perfcfg_step20_20260618_logs/20260618_lyris_nemorl_fuse_loss_false_qwen30_qwen32_baseline_step20/logs/qwen30ba3b_async1off_baseline/2152321-logs/ray-driver.log,,,,,,,,,
2152321,qwen30_async_baseline_fuselossfalse,2,20,completed_step,0.0009,,,,0.002,0.498,370.92,,201.68,82.7,,1104.69,2246.48,4063.28,9909.83,,,,,,,,,,,,0,0,0,,tmp/lyris_nemorl_perfcfg_step20_20260618_logs/20260618_lyris_nemorl_fuse_loss_false_qwen30_qwen32_baseline_step20/logs/qwen30ba3b_async1off_baseline/2152321-logs/ray-driver.log,,,,,,,,,
2152321,qwen30_async_baseline_fuselossfalse,3,20,completed_step,-0.0024,,,,0.0018,0.4736,486.99,,215.42,87.56,,898.21,1822.06,4061.08,9990.85,,,,,,,,,,,,0,0,0,,tmp/lyris_nemorl_perfcfg_step20_20260618_logs/20260618_lyris_nemorl_fuse_loss_false_qwen30_qwen32_baseline_step20/logs/qwen30ba3b_async1off_baseline/2152321-logs/ray-driver.log,,,,,,,,,
2152321,qwen30_async_baseline_fuselossfalse,4,20,completed_step,0.0118,,,,0.002,0.5137,396.96,,199.23,83.17,,1020.39,2074.1,4066.2,9740.42,,,,,,,,,,,,0,0,0,,tmp/lyris_nemorl_perfcfg_step20_20260618_logs/20260618_lyris_nemorl_fuse_loss_false_qwen30_qwen32_baseline_step20/logs/qwen30ba3b_async1off_baseline/2152321-logs/ray-driver.log,,,,,,,,,
2152321,qwen30_async_baseline_fuselossfalse,5,20,completed_step,-0.0052,,,,0.0019,0.5459,446.59,,206.28,84.86,,923.67,1873.07,3999.49,9721.36,,,,,,,,,,,,0,0,0,,tmp/lyris_nemorl_perfcfg_step20_20260618_logs/20260618_lyris_nemorl_fuse_loss_false_qwen30_qwen32_baseline_step20/logs/qwen30ba3b_async1off_baseline/2152321-logs/ray-driver.log,,,,,,,,,
2152321,qwen30_async_baseline_fuselossfalse,6,20,completed_step,0.0051,,,,0.002,0.5806,349.18,,194.23,79.21,,1116.15,2274.96,4013.19,9841.26,,,,,,,,,,,,0,0,0,,tmp/lyris_nemorl_perfcfg_step20_20260618_logs/20260618_lyris_nemorl_fuse_loss_false_qwen30_qwen32_baseline_step20/logs/qwen30ba3b_async1off_baseline/2152321-logs/ray-driver.log,,,,,,,,,
2152321,qwen30_async_baseline_fuselossfalse,7,20,completed_step,0.0023,,,,0.0019,0.4712,507.5,,215.46,90.17,,877.73,1777.44,4134.82,9880.25,,,,,,,,,,,,0,0,0,,tmp/lyris_nemorl_perfcfg_step20_20260618_logs/20260618_lyris_nemorl_fuse_loss_false_qwen30_qwen32_baseline_step20/logs/qwen30ba3b_async1off_baseline/2152321-logs/ray-driver.log,,,,,,,,,
2152321,qwen30_async_baseline_fuselossfalse,8,20,completed_step,0.0158,,,,0.0019,0.4277,502.24,,220.27,89.87,,897.11,1816.84,4091.1,10027.12,,,,,,,,,,,,0,0,0,,tmp/lyris_nemorl_perfcfg_step20_20260618_logs/20260618_lyris_nemorl_fuse_loss_false_qwen30_qwen32_baseline_step20/logs/qwen30ba3b_async1off_baseline/2152321-logs/ray-driver.log,,,,,,,,,
2152321,qwen30_async_baseline_fuselossfalse,9,20,completed_step,-0.002,,,,0.002,0.5137,339.65,,188.4,77.65,,1134.75,2311.16,4091.6,9927.27,,,,,,,,,,,,0,0,0,,tmp/lyris_nemorl_perfcfg_step20_20260618_logs/20260618_lyris_nemorl_fuse_loss_false_qwen30_qwen32_baseline_step20/logs/qwen30ba3b_async1off_baseline/2152321-logs/ray-driver.log,,,,,,,,,
2152321,qwen30_async_baseline_fuselossfalse,10,20,completed_step,-0.005,,,,0.002,0.5879,449.48,,202.53,81.0,,895.66,1817.49,3975.57,9939.75,,,,,,,,,,,,0,0,0,,tmp/lyris_nemorl_perfcfg_step20_20260618_logs/20260618_lyris_nemorl_fuse_loss_false_qwen30_qwen32_baseline_step20/logs/qwen30ba3b_async1off_baseline/2152321-logs/ray-driver.log,,,,,,,,,
2152321,qwen30_async_baseline_fuselossfalse,11,20,completed_step,0.0271,,,,0.0018,0.52,449.29,,202.14,82.34,,907.99,1847.7,4036.35,9908.82,,,,,,,,,,,,0,0,0,,tmp/lyris_nemorl_perfcfg_step20_20260618_logs/20260618_lyris_nemorl_fuse_loss_false_qwen30_qwen32_baseline_step20/logs/qwen30ba3b_async1off_baseline/2152321-logs/ray-driver.log,,,,,,,,,
2152321,qwen30_async_baseline_fuselossfalse,12,20,completed_step,-0.0062,,,,0.0018,0.5444,403.71,,209.96,85.49,,1063.87,2160.23,4091.24,10048.22,,,,,,,,,,,,0,0,0,,tmp/lyris_nemorl_perfcfg_step20_20260618_logs/20260618_lyris_nemorl_fuse_loss_false_qwen30_qwen32_baseline_step20/logs/qwen30ba3b_async1off_baseline/2152321-logs/ray-driver.log,,,,,,,,,
2152321,qwen30_async_baseline_fuselossfalse,13,20,completed_step,0.0125,,,,0.0019,0.54,435.67,,217.91,85.96,,989.67,2008.97,3957.27,10031.53,,,,,,,,,,,,0,0,0,,tmp/lyris_nemorl_perfcfg_step20_20260618_logs/20260618_lyris_nemorl_fuse_loss_false_qwen30_qwen32_baseline_step20/logs/qwen30ba3b_async1off_baseline/2152321-logs/ray-driver.log,,,,,,,,,
2152321,qwen30_async_baseline_fuselossfalse,14,20,completed_step,0.0213,,,,0.0018,0.4624,397.59,,216.99,89.54,,1116.75,2269.57,4092.35,9917.4,,,,,,,,,,,,0,0,0,,tmp/lyris_nemorl_perfcfg_step20_20260618_logs/20260618_lyris_nemorl_fuse_loss_false_qwen30_qwen32_baseline_step20/logs/qwen30ba3b_async1off_baseline/2152321-logs/ray-driver.log,,,,,,,,,
2152321,qwen30_async_baseline_fuselossfalse,15,20,completed_step,0.0003,,,,0.0019,0.564,378.52,,197.4,82.2,,1058.31,2152.57,4058.69,9746.34,,,,,,,,,,,,0,0,0,,tmp/lyris_nemorl_perfcfg_step20_20260618_logs/20260618_lyris_nemorl_fuse_loss_false_qwen30_qwen32_baseline_step20/logs/qwen30ba3b_async1off_baseline/2152321-logs/ray-driver.log,,,,,,,,,
2152321,qwen30_async_baseline_fuselossfalse,16,20,completed_step,-0.0008,,,,0.0019,0.5571,437.1,,197.57,80.71,,914.98,1859.12,4048.69,9910.36,,,,,,,,,,,,0,0,0,,tmp/lyris_nemorl_perfcfg_step20_20260618_logs/20260618_lyris_nemorl_fuse_loss_false_qwen30_qwen32_baseline_step20/logs/qwen30ba3b_async1off_baseline/2152321-logs/ray-driver.log,,,,,,,,,
2152321,qwen30_async_baseline_fuselossfalse,17,20,completed_step,0.0105,,,,0.0018,0.5972,334.1,,203.83,82.86,,1215.49,2477.53,3984.62,9801.55,,,,,,,,,,,,0,0,0,,tmp/lyris_nemorl_perfcfg_step20_20260618_logs/20260618_lyris_nemorl_fuse_loss_false_qwen30_qwen32_baseline_step20/logs/qwen30ba3b_async1off_baseline/2152321-logs/ray-driver.log,,,,,,,,,
2152321,qwen30_async_baseline_fuselossfalse,18,20,completed_step,0.0005,,,,0.002,0.6235,415.59,,195.78,81.03,,958.36,1944.69,4068.67,9830.84,,,,,,,,,,,,0,0,0,,tmp/lyris_nemorl_perfcfg_step20_20260618_logs/20260618_lyris_nemorl_fuse_loss_false_qwen30_qwen32_baseline_step20/logs/qwen30ba3b_async1off_baseline/2152321-logs/ray-driver.log,,,,,,,,,
2152321,qwen30_async_baseline_fuselossfalse,19,20,completed_step,0.0014,,,,0.0019,0.48,471.92,,213.63,85.71,,909.55,1842.98,4018.52,10016.23,,,,,,,,,,,,0,0,0,,tmp/lyris_nemorl_perfcfg_step20_20260618_logs/20260618_lyris_nemorl_fuse_loss_false_qwen30_qwen32_baseline_step20/logs/qwen30ba3b_async1off_baseline/2152321-logs/ray-driver.log,,,,,,,,,
2152321,qwen30_async_baseline_fuselossfalse,20,20,completed_step,-0.004,,,,0.002,0.5166,342.24,,200.16,83.74,,1185.61,2417.09,4054.55,9691.22,,,,,,,,,,,,0,0,2,"[rank0]:[W618 12:47:35.329090656 ProcessGroupNCCL.cpp:1575] Warning: WARNING: destroy_process_group() was not called before program exit, which can leak resources. For more info, please see https://pytorch.org/docs/stable/distributed.html#shutdown (function operator()) [repeated 7x across cluster]",tmp/lyris_nemorl_perfcfg_step20_20260618_logs/20260618_lyris_nemorl_fuse_loss_false_qwen30_qwen32_baseline_step20/logs/qwen30ba3b_async1off_baseline/2152321-logs/ray-driver.log,,,,,,,,,
2152337,qwen235b_sync_baseline_alltoall_smoke,1,3,incomplete_step,,,,,,,,,,,,,,,,,,,,,,,,,,,0,0,0,,tmp/lyris_nemorl_perfcfg_step20_20260618_logs/20260618_lyris_nemorl_qwen235b_sync_baseline_alltoall_fuselosstrue_step3_latestmain/logs/qwen235b_sync_baseline/2152337-logs/ray-driver.log,,,,,,,,,
2152343,qwen32_sync_baseline_fuselossfalse,1,20,completed_step,-0.0025,,,,0.0009,0.5947,581.59,371.03,134.85,71.1,3.04,725.56,1137.32,3129.22,5934.82,3195.8271,,,,,,,,,,,0,0,0,,tmp/lyris_nemorl_perfcfg_step20_20260618_logs/20260618_lyris_nemorl_fuse_loss_false_qwen32_baseline_step20_retry_addkey/logs/qwen32_sync_baseline/2152343-logs/ray-driver.log,,,,,,,,,
2152343,qwen32_sync_baseline_fuselossfalse,2,20,completed_step,0.0102,,,,0.001,0.4648,520.33,312.16,135.46,64.2,6.99,805.16,1342.12,3092.72,6525.22,3131.2603,,,,,,,,,,,0,0,0,,tmp/lyris_nemorl_perfcfg_step20_20260618_logs/20260618_lyris_nemorl_fuse_loss_false_qwen32_baseline_step20_retry_addkey/logs/qwen32_sync_baseline/2152343-logs/ray-driver.log,,,,,,,,,
2152343,qwen32_sync_baseline_fuselossfalse,3,20,completed_step,0.0085,,,,0.0009,0.4604,561.39,336.21,143.8,67.95,12.05,792.93,1324.01,3095.67,6551.01,3376.8247,,,,,,,,,,,0,0,0,,tmp/lyris_nemorl_perfcfg_step20_20260618_logs/20260618_lyris_nemorl_fuse_loss_false_qwen32_baseline_step20_retry_addkey/logs/qwen32_sync_baseline/2152343-logs/ray-driver.log,,,,,,,,,
2152343,qwen32_sync_baseline_fuselossfalse,4,20,completed_step,0.002,,,,0.001,0.5356,532.51,321.15,134.34,64.16,10.9,783.79,1299.65,3106.95,6504.9,3131.916,,,,,,,,,,,0,0,0,,tmp/lyris_nemorl_perfcfg_step20_20260618_logs/20260618_lyris_nemorl_fuse_loss_false_qwen32_baseline_step20_retry_addkey/logs/qwen32_sync_baseline/2152343-logs/ray-driver.log,,,,,,,,,
2152343,qwen32_sync_baseline_fuselossfalse,5,20,completed_step,-0.0016,,,,0.0009,0.5532,523.09,315.46,132.16,63.59,10.5,789.94,1309.85,3126.65,6497.56,3132.5469,,,,,,,,,,,0,0,0,,tmp/lyris_nemorl_perfcfg_step20_20260618_logs/20260618_lyris_nemorl_fuse_loss_false_qwen32_baseline_step20_retry_addkey/logs/qwen32_sync_baseline/2152343-logs/ray-driver.log,,,,,,,,,
2152343,qwen32_sync_baseline_fuselossfalse,6,20,completed_step,0.001,,,,0.001,0.5825,547.35,343.91,128.89,61.16,12.03,725.12,1154.06,3079.37,6489.73,2993.0737,,,,,,,,,,,0,0,0,,tmp/lyris_nemorl_perfcfg_step20_20260618_logs/20260618_lyris_nemorl_fuse_loss_false_qwen32_baseline_step20_retry_addkey/logs/qwen32_sync_baseline/2152343-logs/ray-driver.log,,,,,,,,,
2152343,qwen32_sync_baseline_fuselossfalse,7,20,completed_step,0.0049,,,,0.0009,0.4482,580.76,351.54,146.74,69.38,11.78,777.49,1284.46,3077.15,6508.36,3424.1455,,,,,,,,,,,0,0,0,,tmp/lyris_nemorl_perfcfg_step20_20260618_logs/20260618_lyris_nemorl_fuse_loss_false_qwen32_baseline_step20_retry_addkey/logs/qwen32_sync_baseline/2152343-logs/ray-driver.log,,,,,,,,,
2152343,qwen32_sync_baseline_fuselossfalse,8,20,completed_step,0.0116,,,,0.001,0.4253,566.51,337.79,146.35,69.78,10.91,803.52,1347.58,3110.38,6523.88,3463.2666,,,,,,,,,,,0,0,0,,tmp/lyris_nemorl_perfcfg_step20_20260618_logs/20260618_lyris_nemorl_fuse_loss_false_qwen32_baseline_step20_retry_addkey/logs/qwen32_sync_baseline/2152343-logs/ray-driver.log,,,,,,,,,
2152343,qwen32_sync_baseline_fuselossfalse,9,20,completed_step,0.0084,,,,0.0009,0.5151,504.21,303.04,127.78,61.4,10.37,793.75,1320.66,3132.19,6518.69,3007.999,,,,,,,,,,,0,0,0,,tmp/lyris_nemorl_perfcfg_step20_20260618_logs/20260618_lyris_nemorl_fuse_loss_false_qwen32_baseline_step20_retry_addkey/logs/qwen32_sync_baseline/2152343-logs/ray-driver.log,,,,,,,,,
2152343,qwen32_sync_baseline_fuselossfalse,10,20,completed_step,0.0002,,,,0.0009,0.5957,527.43,317.33,134.81,63.21,10.65,778.42,1293.81,3045.38,6495.38,3068.2949,,,,,,,,,,,0,0,0,,tmp/lyris_nemorl_perfcfg_step20_20260618_logs/20260618_lyris_nemorl_fuse_loss_false_qwen32_baseline_step20_retry_addkey/logs/qwen32_sync_baseline/2152343-logs/ray-driver.log,,,,,,,,,
2152343,qwen32_sync_baseline_fuselossfalse,11,20,completed_step,0.0147,,,,0.0009,0.5259,545.9,337.17,133.28,63.19,10.73,754.32,1221.31,3089.55,6516.48,3110.9106,,,,,,,,,,,0,0,0,,tmp/lyris_nemorl_perfcfg_step20_20260618_logs/20260618_lyris_nemorl_fuse_loss_false_qwen32_baseline_step20_retry_addkey/logs/qwen32_sync_baseline/2152343-logs/ray-driver.log,,,,,,,,,
2152343,qwen32_sync_baseline_fuselossfalse,12,20,completed_step,0.0017,,,,0.0009,0.5381,553.91,334.71,141.13,66.93,9.81,788.86,1305.46,3096.11,6528.31,3312.2778,,,,,,,,,,,0,0,0,,tmp/lyris_nemorl_perfcfg_step20_20260618_logs/20260618_lyris_nemorl_fuse_loss_false_qwen32_baseline_step20_retry_addkey/logs/qwen32_sync_baseline/2152343-logs/ray-driver.log,,,,,,,,,
2152343,qwen32_sync_baseline_fuselossfalse,13,20,completed_step,-0.0027,,,,0.0009,0.5127,545.17,325.56,143.25,66.95,7.7,800.53,1340.53,3046.66,6518.26,3288.6504,,,,,,,,,,,0,0,0,,tmp/lyris_nemorl_perfcfg_step20_20260618_logs/20260618_lyris_nemorl_fuse_loss_false_qwen32_baseline_step20_retry_addkey/logs/qwen32_sync_baseline/2152343-logs/ray-driver.log,,,,,,,,,
2152343,qwen32_sync_baseline_fuselossfalse,14,20,completed_step,0.6623,,,,0.0009,0.4507,583.81,358.89,144.1,68.25,11.25,762.3,1240.05,3088.36,6521.04,3371.0396,,,,,,,,,,,0,0,0,,tmp/lyris_nemorl_perfcfg_step20_20260618_logs/20260618_lyris_nemorl_fuse_loss_false_qwen32_baseline_step20_retry_addkey/logs/qwen32_sync_baseline/2152343-logs/ray-driver.log,,,,,,,,,
2152343,qwen32_sync_baseline_fuselossfalse,15,20,completed_step,0.0021,,,,0.0009,0.5732,532.45,324.35,132.61,62.67,11.38,764.86,1255.61,3071.04,6498.86,3087.5811,,,,,,,,,,,0,0,0,,tmp/lyris_nemorl_perfcfg_step20_20260618_logs/20260618_lyris_nemorl_fuse_loss_false_qwen32_baseline_step20_retry_addkey/logs/qwen32_sync_baseline/2152343-logs/ray-driver.log,,,,,,,,,
2152343,qwen32_sync_baseline_fuselossfalse,16,20,completed_step,0.001,,,,0.0009,0.5776,536.8,333.15,131.05,61.72,9.54,749.48,1207.64,3069.95,6518.17,3033.272,,,,,,,,,,,0,0,0,,tmp/lyris_nemorl_perfcfg_step20_20260618_logs/20260618_lyris_nemorl_fuse_loss_false_qwen32_baseline_step20_retry_addkey/logs/qwen32_sync_baseline/2152343-logs/ray-driver.log,,,,,,,,,
2152343,qwen32_sync_baseline_fuselossfalse,17,20,completed_step,0.0073,,,,0.0009,0.6025,555.39,345.63,133.37,62.95,11.81,735.77,1182.3,3063.99,6491.18,3094.5698,,,,,,,,,,,0,0,0,,tmp/lyris_nemorl_perfcfg_step20_20260618_logs/20260618_lyris_nemorl_fuse_loss_false_qwen32_baseline_step20_retry_addkey/logs/qwen32_sync_baseline/2152343-logs/ray-driver.log,,,,,,,,,
2152343,qwen32_sync_baseline_fuselossfalse,18,20,completed_step,-0.0045,,,,0.001,0.6177,527.38,323.39,129.44,61.77,11.45,762.09,1242.84,3105.01,6507.09,3042.2295,,,,,,,,,,,0,0,0,,tmp/lyris_nemorl_perfcfg_step20_20260618_logs/20260618_lyris_nemorl_fuse_loss_false_qwen32_baseline_step20_retry_addkey/logs/qwen32_sync_baseline/2152343-logs/ray-driver.log,,,,,,,,,
2152343,qwen32_sync_baseline_fuselossfalse,19,20,completed_step,-0.0042,,,,0.001,0.4932,539.41,326.02,138.6,65.71,7.74,793.96,1313.62,3089.96,6517.16,3236.8491,,,,,,,,,,,0,0,0,,tmp/lyris_nemorl_perfcfg_step20_20260618_logs/20260618_lyris_nemorl_fuse_loss_false_qwen32_baseline_step20_retry_addkey/logs/qwen32_sync_baseline/2152343-logs/ray-driver.log,,,,,,,,,
2152343,qwen32_sync_baseline_fuselossfalse,20,20,completed_step,-0.009,,,,0.0009,0.5234,553.76,344.56,133.19,63.66,11.01,745.98,1198.89,3101.6,6489.24,3128.5815,,,,,,,,,,,0,0,0,,tmp/lyris_nemorl_perfcfg_step20_20260618_logs/20260618_lyris_nemorl_fuse_loss_false_qwen32_baseline_step20_retry_addkey/logs/qwen32_sync_baseline/2152343-logs/ray-driver.log,,,,,,,,,
2152344,qwen32_async_baseline_fuselossfalse,1,20,completed_step,0.0042,,,,0.0009,0.5977,196.45,,127.81,60.82,,1078.41,2229.96,3315.15,6967.07,,,,,,,,,,,,0,0,0,,tmp/lyris_nemorl_perfcfg_step20_20260618_logs/lustre/fsw/coreai_dlalgo_llm/users/sna/nemorl_reference_runs/20260618_lyris_nemorl_fuse_loss_false_qwen32_baseline_step20_retry_addkey/logs/qwen32_async1off_baseline/2152344-logs/ray-driver.log,,,,,,,,,
2152344,qwen32_async_baseline_fuselossfalse,2,20,completed_step,-0.0111,,,,0.001,0.4619,190.23,,126.81,56.08,,1102.9,2270.98,3309.03,7482.64,,,,,,,,,,,,0,0,0,,tmp/lyris_nemorl_perfcfg_step20_20260618_logs/lustre/fsw/coreai_dlalgo_llm/users/sna/nemorl_reference_runs/20260618_lyris_nemorl_fuse_loss_false_qwen32_baseline_step20_retry_addkey/logs/qwen32_async1off_baseline/2152344-logs/ray-driver.log,,,,,,,,,
2152344,qwen32_async_baseline_fuselossfalse,3,20,completed_step,0.0112,,,,0.0009,0.4702,295.91,,129.7,59.41,,751.73,1526.52,3430.09,7488.04,,,,,,,,,,,,0,0,0,,tmp/lyris_nemorl_perfcfg_step20_20260618_logs/lustre/fsw/coreai_dlalgo_llm/users/sna/nemorl_reference_runs/20260618_lyris_nemorl_fuse_loss_false_qwen32_baseline_step20_retry_addkey/logs/qwen32_async1off_baseline/2152344-logs/ray-driver.log,,,,,,,,,
2152344,qwen32_async_baseline_fuselossfalse,4,20,completed_step,0.0017,,,,0.001,0.5312,185.63,,122.52,56.13,,1118.59,2292.13,3389.58,7398.64,,,,,,,,,,,,0,0,0,,tmp/lyris_nemorl_perfcfg_step20_20260618_logs/lustre/fsw/coreai_dlalgo_llm/users/sna/nemorl_reference_runs/20260618_lyris_nemorl_fuse_loss_false_qwen32_baseline_step20_retry_addkey/logs/qwen32_async1off_baseline/2152344-logs/ray-driver.log,,,,,,,,,
2152344,qwen32_async_baseline_fuselossfalse,5,20,completed_step,-0.0056,,,,0.0009,0.5547,271.6,,125.38,55.37,,765.08,1554.11,3314.69,7506.15,,,,,,,,,,,,0,0,0,,tmp/lyris_nemorl_perfcfg_step20_20260618_logs/lustre/fsw/coreai_dlalgo_llm/users/sna/nemorl_reference_runs/20260618_lyris_nemorl_fuse_loss_false_qwen32_baseline_step20_retry_addkey/logs/qwen32_async1off_baseline/2152344-logs/ray-driver.log,,,,,,,,,
2152344,qwen32_async_baseline_fuselossfalse,6,20,completed_step,0.0162,,,,0.0009,0.5879,179.51,,118.12,53.51,,1105.0,2285.89,3358.54,7413.94,,,,,,,,,,,,0,0,0,,tmp/lyris_nemorl_perfcfg_step20_20260618_logs/lustre/fsw/coreai_dlalgo_llm/users/sna/nemorl_reference_runs/20260618_lyris_nemorl_fuse_loss_false_qwen32_baseline_step20_retry_addkey/logs/qwen32_async1off_baseline/2152344-logs/ray-driver.log,,,,,,,,,
2152344,qwen32_async_baseline_fuselossfalse,7,20,completed_step,0.0172,,,,0.0009,0.4419,342.36,,131.97,60.32,,659.51,1338.2,3421.84,7485.99,,,,,,,,,,,,0,0,0,,tmp/lyris_nemorl_perfcfg_step20_20260618_logs/lustre/fsw/coreai_dlalgo_llm/users/sna/nemorl_reference_runs/20260618_lyris_nemorl_fuse_loss_false_qwen32_baseline_step20_retry_addkey/logs/qwen32_async1off_baseline/2152344-logs/ray-driver.log,,,,,,,,,
2152344,qwen32_async_baseline_fuselossfalse,8,20,completed_step,-0.0094,,,,0.001,0.4316,222.86,,132.71,61.2,,1024.2,2087.47,3439.91,7458.72,,,,,,,,,,,,0,0,0,,tmp/lyris_nemorl_perfcfg_step20_20260618_logs/lustre/fsw/coreai_dlalgo_llm/users/sna/nemorl_reference_runs/20260618_lyris_nemorl_fuse_loss_false_qwen32_baseline_step20_retry_addkey/logs/qwen32_async1off_baseline/2152344-logs/ray-driver.log,,,,,,,,,
2152344,qwen32_async_baseline_fuselossfalse,9,20,completed_step,-0.0023,,,,0.0009,0.5117,227.82,,117.04,54.35,,879.98,1795.59,3425.89,7376.86,,,,,,,,,,,,0,0,0,,tmp/lyris_nemorl_perfcfg_step20_20260618_logs/lustre/fsw/coreai_dlalgo_llm/users/sna/nemorl_reference_runs/20260618_lyris_nemorl_fuse_loss_false_qwen32_baseline_step20_retry_addkey/logs/qwen32_async1off_baseline/2152344-logs/ray-driver.log,,,,,,,,,
2152344,qwen32_async_baseline_fuselossfalse,10,20,completed_step,0.0009,,,,0.0009,0.5962,228.26,,123.42,54.94,,901.8,1841.63,3335.77,7492.86,,,,,,,,,,,,0,0,0,,tmp/lyris_nemorl_perfcfg_step20_20260618_logs/lustre/fsw/coreai_dlalgo_llm/users/sna/nemorl_reference_runs/20260618_lyris_nemorl_fuse_loss_false_qwen32_baseline_step20_retry_addkey/logs/qwen32_async1off_baseline/2152344-logs/ray-driver.log,,,,,,,,,
2152344,qwen32_async_baseline_fuselossfalse,11,20,completed_step,-0.0076,,,,0.0009,0.5293,218.82,,124.58,55.93,,940.53,1925.57,3304.09,7359.88,,,,,,,,,,,,0,0,0,,tmp/lyris_nemorl_perfcfg_step20_20260618_logs/lustre/fsw/coreai_dlalgo_llm/users/sna/nemorl_reference_runs/20260618_lyris_nemorl_fuse_loss_false_qwen32_baseline_step20_retry_addkey/logs/qwen32_async1off_baseline/2152344-logs/ray-driver.log,,,,,,,,,
2152344,qwen32_async_baseline_fuselossfalse,12,20,completed_step,0.0012,,,,0.0009,0.5415,279.12,,127.98,58.41,,782.06,1592.65,3411.22,7474.12,,,,,,,,,,,,0,0,0,,tmp/lyris_nemorl_perfcfg_step20_20260618_logs/lustre/fsw/coreai_dlalgo_llm/users/sna/nemorl_reference_runs/20260618_lyris_nemorl_fuse_loss_false_qwen32_baseline_step20_retry_addkey/logs/qwen32_async1off_baseline/2152344-logs/ray-driver.log,,,,,,,,,
2152344,qwen32_async_baseline_fuselossfalse,13,20,completed_step,-0.0026,,,,0.001,0.5166,196.78,,129.76,57.94,,1102.18,2256.53,3342.97,7486.09,,,,,,,,,,,,0,0,0,,tmp/lyris_nemorl_perfcfg_step20_20260618_logs/lustre/fsw/coreai_dlalgo_llm/users/sna/nemorl_reference_runs/20260618_lyris_nemorl_fuse_loss_false_qwen32_baseline_step20_retry_addkey/logs/qwen32_async1off_baseline/2152344-logs/ray-driver.log,,,,,,,,,
2152344,qwen32_async_baseline_fuselossfalse,14,20,completed_step,-0.0068,,,,0.0009,0.4619,347.55,,130.67,59.35,,640.81,1297.8,3408.81,7505.38,,,,,,,,,,,,0,0,0,,tmp/lyris_nemorl_perfcfg_step20_20260618_logs/lustre/fsw/coreai_dlalgo_llm/users/sna/nemorl_reference_runs/20260618_lyris_nemorl_fuse_loss_false_qwen32_baseline_step20_retry_addkey/logs/qwen32_async1off_baseline/2152344-logs/ray-driver.log,,,,,,,,,
2152344,qwen32_async_baseline_fuselossfalse,15,20,completed_step,-0.001,,,,0.0009,0.5688,183.61,,123.36,54.17,,1109.5,2275.85,3302.61,7521.04,,,,,,,,,,,,0,0,0,,tmp/lyris_nemorl_perfcfg_step20_20260618_logs/lustre/fsw/coreai_dlalgo_llm/users/sna/nemorl_reference_runs/20260618_lyris_nemorl_fuse_loss_false_qwen32_baseline_step20_retry_addkey/logs/qwen32_async1off_baseline/2152344-logs/ray-driver.log,,,,,,,,,
2152344,qwen32_async_baseline_fuselossfalse,16,20,completed_step,-0.0026,,,,0.0009,0.5762,262.29,,120.0,54.14,,768.02,1561.92,3357.4,7441.88,,,,,,,,,,,,0,0,0,,tmp/lyris_nemorl_perfcfg_step20_20260618_logs/lustre/fsw/coreai_dlalgo_llm/users/sna/nemorl_reference_runs/20260618_lyris_nemorl_fuse_loss_false_qwen32_baseline_step20_retry_addkey/logs/qwen32_async1off_baseline/2152344-logs/ray-driver.log,,,,,,,,,
2152344,qwen32_async_baseline_fuselossfalse,17,20,completed_step,0.0025,,,,0.0009,0.6069,222.22,,123.75,54.27,,912.98,1862.66,3278.97,7477.11,,,,,,,,,,,,0,0,0,,tmp/lyris_nemorl_perfcfg_step20_20260618_logs/lustre/fsw/coreai_dlalgo_llm/users/sna/nemorl_reference_runs/20260618_lyris_nemorl_fuse_loss_false_qwen32_baseline_step20_retry_addkey/logs/qwen32_async1off_baseline/2152344-logs/ray-driver.log,,,,,,,,,
2152344,qwen32_async_baseline_fuselossfalse,18,20,completed_step,0.0162,,,,0.001,0.625,215.03,,119.89,53.13,,928.59,1895.59,3331.03,7516.54,,,,,,,,,,,,0,0,0,,tmp/lyris_nemorl_perfcfg_step20_20260618_logs/lustre/fsw/coreai_dlalgo_llm/users/sna/nemorl_reference_runs/20260618_lyris_nemorl_fuse_loss_false_qwen32_baseline_step20_retry_addkey/logs/qwen32_async1off_baseline/2152344-logs/ray-driver.log,,,,,,,,,
2152344,qwen32_async_baseline_fuselossfalse,19,20,completed_step,-0.0058,,,,0.001,0.4912,265.49,,128.06,56.95,,805.72,1640.51,3340.94,7511.99,,,,,,,,,,,,0,0,0,,tmp/lyris_nemorl_perfcfg_step20_20260618_logs/lustre/fsw/coreai_dlalgo_llm/users/sna/nemorl_reference_runs/20260618_lyris_nemorl_fuse_loss_false_qwen32_baseline_step20_retry_addkey/logs/qwen32_async1off_baseline/2152344-logs/ray-driver.log,,,,,,,,,
2152344,qwen32_async_baseline_fuselossfalse,20,20,completed_step,0.0031,,,,0.0009,0.5156,197.79,,121.11,54.85,,1039.42,2124.44,3395.2,7496.51,,,,,,,,,,,,0,0,2,"[rank0]:[W618 11:57:01.511715044 ProcessGroupNCCL.cpp:1575] Warning: WARNING: destroy_process_group() was not called before program exit, which can leak resources. For more info, please see https://pytorch.org/docs/stable/distributed.html#shutdown (function operator()) [repeated 15x across cluster]",tmp/lyris_nemorl_perfcfg_step20_20260618_logs/lustre/fsw/coreai_dlalgo_llm/users/sna/nemorl_reference_runs/20260618_lyris_nemorl_fuse_loss_false_qwen32_baseline_step20_retry_addkey/logs/qwen32_async1off_baseline/2152344-logs/ray-driver.log,,,,,,,,,
2152435,qwen235b_sync_baseline_alltoall_flexnone_smoke,1,3,incomplete_step,,,,,,,,,,,,,,,,,,,,,,,,,,,0,0,501,"Process group watchdog thread terminated with exception: [Rank 0] Watchdog caught collective operation timeout: WorkNCCL(SeqNum=6021, OpType=SEND, NumelIn=2097152, NumelOut=2097152, Timeout(ms)=3600000) ran for 3600087 milliseconds before timing out. [repeated 5x across cluster]",tmp/lyris_nemorl_perfcfg_step20_20260618_logs/20260618_lyris_nemorl_qwen235b_sync_baseline_alltoall_flexnone_seg16_fuselosstrue_step3/logs/qwen235b_sync_baseline/2152435-logs/ray-driver.log,,,,,,,,,
2152499,qwen32_sync_suffix,1,20,completed_step,0.0042,,,,0.0009,0.5972,638.83,423.92,141.13,68.38,3.26,651.46,981.73,2948.85,6085.85,3148.8071,24.856410256410257,25.407296137339053,23.6,2.0264102564102564,2.06862660944206,1.81,1137.8784615384616,5112.9789743589745,3289443.0,13948603.0,39,233,0,,tmp/lyris_nemorl_perfcfg_step20_20260618_logs/20260618_lyris_nemorl_qwen32_sync_suffix_step20_retry5h/logs/qwen32_sync_suffix/2152499-logs/ray-driver.log,0.43181115879828325,0.24030042918454936,0.13962231759656654,0.08533476394849784,0.055472103004291846,0.03633047210300429,0.02576824034334764,0.017721030042918456,0.013575107296137338
2152499,qwen32_sync_suffix,2,20,completed_step,0.0046,,,,0.001,0.459,537.55,337.31,130.88,58.64,8.64,726.22,1157.33,2982.6,6656.7,2906.2373,23.569696969696967,24.662844036697248,20.5,2.027878787878788,2.0732568807339447,1.82,1226.9066666666665,5562.764242424242,3107807.0,13419578.0,33,218,0,,tmp/lyris_nemorl_perfcfg_step20_20260618_logs/20260618_lyris_nemorl_qwen32_sync_suffix_step20_retry5h/logs/qwen32_sync_suffix/2152499-logs/ray-driver.log,0.42683027522935785,0.23560550458715598,0.1376926605504587,0.08641284403669726,0.057298165137614675,0.03817431192660551,0.02771559633027523,0.01992201834862385,0.015541284403669725
2152499,qwen32_sync_suffix,3,20,completed_step,-0.003,,,,0.0009,0.4639,600.52,380.5,140.06,65.02,13.04,728.92,1150.42,3125.36,6732.12,3316.9263,23.910810810810812,24.87734375,25.3,2.0502702702702704,2.0830078125,1.99,1213.6591891891892,5225.081081081081,3560496.0,14313892.0,37,256,0,,tmp/lyris_nemorl_perfcfg_step20_20260618_logs/20260618_lyris_nemorl_qwen32_sync_suffix_step20_retry5h/logs/qwen32_sync_suffix/2152499-logs/ray-driver.log,0.42512890625,0.235390625,0.13881640625,0.08839453125,0.05884765625,0.0403203125,0.02951953125,0.02112890625,0.016515625
2152499,qwen32_sync_suffix,4,20,completed_step,0.0089,,,,0.001,0.5254,576.28,372.84,130.41,58.71,12.45,694.32,1073.19,3068.14,6815.71,2995.3877,15.327777777777776,17.012916666666666,3.3,1.7138888888888888,1.7681666666666667,1.52,874.6316666666667,9463.486111111111,2665202.0,23483182.0,36,240,0,,tmp/lyris_nemorl_perfcfg_step20_20260618_logs/20260618_lyris_nemorl_qwen32_sync_suffix_step20_retry5h/logs/qwen32_sync_suffix/2152499-logs/ray-driver.log,0.32547916666666665,0.17183333333333334,0.09646249999999999,0.058025,0.03685416666666667,0.02414583333333333,0.01715,0.0120125,0.009308333333333333
2152499,qwen32_sync_suffix,5,20,completed_step,-0.0001,,,,0.0009,0.5415,541.21,335.15,130.97,60.76,12.49,753.65,1217.0,3114.28,6713.26,3089.3125,20.054545454545455,21.155555555555555,21.5,1.9727272727272727,2.0063247863247864,1.88,1270.9430303030304,8126.687575757576,3297658.0,20131046.0,33,234,0,,tmp/lyris_nemorl_perfcfg_step20_20260618_logs/20260618_lyris_nemorl_qwen32_sync_suffix_step20_retry5h/logs/qwen32_sync_suffix/2152499-logs/ray-driver.log,0.39113675213675214,0.21844444444444444,0.13214957264957267,0.08457692307692308,0.05638461538461539,0.0378931623931624,0.027294871794871795,0.01926068376068376,0.014747863247863249
2152499,qwen32_sync_suffix,6,20,completed_step,-0.0042,,,,0.0009,0.5796,526.64,332.23,125.47,56.68,10.04,722.4,1145.14,3032.27,6711.64,2863.0127,18.465625,19.486818181818183,18.3,1.8665625,1.9054090909090908,1.76,954.2325,6318.391875,2407527.0,14736892.0,32,220,0,,tmp/lyris_nemorl_perfcfg_step20_20260618_logs/20260618_lyris_nemorl_qwen32_sync_suffix_step20_retry5h/logs/qwen32_sync_suffix/2152499-logs/ray-driver.log,0.3663045454545455,0.20061363636363636,0.11548181818181817,0.07172272727272727,0.04735454545454545,0.031336363636363634,0.022331818181818182,0.015863636363636364,0.0125
2152499,qwen32_sync_suffix,7,20,completed_step,0.0185,,,,0.001,0.4385,626.75,403.78,143.67,66.82,10.27,709.95,1101.98,3097.11,6658.68,3370.7139,17.946153846153845,19.403690036900368,20.6,1.8964102564102563,1.9300369003690037,1.73,1074.5141025641026,6124.244615384616,3307989.0,17518961.0,39,271,0,,tmp/lyris_nemorl_perfcfg_step20_20260618_logs/20260618_lyris_nemorl_qwen32_sync_suffix_step20_retry5h/logs/qwen32_sync_suffix/2152499-logs/ray-driver.log,0.3858007380073801,0.2084981549815498,0.12045756457564576,0.07366420664206642,0.04712915129151292,0.030634686346863466,0.02107380073800738,0.014608856088560886,0.010583025830258302
2152499,qwen32_sync_suffix,8,20,completed_step,0.0166,,,,0.001,0.4116,713.01,490.28,143.18,68.03,9.69,631.46,918.32,3144.58,6618.33,3422.3491,18.127659574468087,19.779858657243814,16.9,1.8538297872340423,1.9296466431095407,1.65,954.9480851063829,7775.874042553191,3499728.0,23679694.0,47,283,0,,tmp/lyris_nemorl_perfcfg_step20_20260618_logs/20260618_lyris_nemorl_qwen32_sync_suffix_step20_retry5h/logs/qwen32_sync_suffix/2152499-logs/ray-driver.log,0.3760282685512367,0.20365017667844523,0.11936042402826853,0.0748303886925795,0.049575971731448766,0.03307067137809187,0.023363957597173145,0.016360424028268553,0.012498233215547702
2152499,qwen32_sync_suffix,9,20,completed_step,-0.0022,,,,0.001,0.4995,571.11,372.56,126.33,58.49,11.92,684.99,1050.04,3096.84,6688.88,2935.939,18.16857142857143,19.127118644067796,14.8,1.8334285714285714,1.8868220338983053,1.55,989.6085714285715,6543.176285714286,2768755.0,16648163.0,35,236,0,,tmp/lyris_nemorl_perfcfg_step20_20260618_logs/20260618_lyris_nemorl_qwen32_sync_suffix_step20_retry5h/logs/qwen32_sync_suffix/2152499-logs/ray-driver.log,0.36801271186440676,0.19997033898305083,0.11577966101694914,0.07037288135593221,0.044974576271186444,0.02871186440677966,0.019635593220338983,0.013347457627118644,0.010008474576271187
2152499,qwen32_sync_suffix,10,20,completed_step,0.0011,,,,0.0009,0.5879,586.85,387.7,128.95,58.43,10.31,667.19,1009.92,3036.48,6700.98,2918.1553,17.0,20.231555555555556,21.5,1.7897368421052633,1.9121777777777778,1.87,971.7436842105263,7542.446052631579,2789254.0,15742253.0,38,225,0,,tmp/lyris_nemorl_perfcfg_step20_20260618_logs/20260618_lyris_nemorl_qwen32_sync_suffix_step20_retry5h/logs/qwen32_sync_suffix/2152499-logs/ray-driver.log,0.3842888888888889,0.20293777777777777,0.11506222222222222,0.07037333333333333,0.04553333333333333,0.029964444444444443,0.02079111111111111,0.014422222222222223,0.01075111111111111
2152499,qwen32_sync_suffix,11,20,completed_step,0.0015,,,,0.0009,0.5293,602.39,396.64,131.48,60.67,11.79,675.59,1026.04,3095.24,6708.05,3071.7202,20.3,21.743089430894308,14.5,1.9357894736842105,1.994512195121951,1.57,1067.495,5218.099210526316,3094250.0,14478280.0,38,246,0,,tmp/lyris_nemorl_perfcfg_step20_20260618_logs/20260618_lyris_nemorl_qwen32_sync_suffix_step20_retry5h/logs/qwen32_sync_suffix/2152499-logs/ray-driver.log,0.40671138211382113,0.2171869918699187,0.12536991869918698,0.07820325203252032,0.051552845528455286,0.03460569105691057,0.024609756097560977,0.01789430894308943,0.013914634146341464
2152499,qwen32_sync_suffix,12,20,completed_step,0.0071,,,,0.0009,0.5371,620.36,405.52,139.05,63.76,10.17,690.44,1056.24,3080.38,6717.75,3242.9536,17.897435897435898,19.212890625,18.9,1.9117948717948718,1.943515625,1.89,1054.1276923076923,7618.242307692308,3110547.0,20869208.0,39,256,0,,tmp/lyris_nemorl_perfcfg_step20_20260618_logs/20260618_lyris_nemorl_qwen32_sync_suffix_step20_retry5h/logs/qwen32_sync_suffix/2152499-logs/ray-driver.log,0.37933203125,0.2051328125,0.12087890625,0.07774609375,0.05134375,0.033765625,0.02389453125,0.01677734375,0.01299609375
2152499,qwen32_sync_suffix,13,20,completed_step,0.0012,,,,0.0009,0.5229,584.07,373.37,136.86,63.0,8.99,723.95,1132.5,3089.54,6711.55,3180.7715,20.424999999999997,21.993469387755102,0.3,1.9916666666666667,2.060734693877551,1.09,1153.431388888889,6022.827222222222,3239639.0,14893753.0,36,245,0,,tmp/lyris_nemorl_perfcfg_step20_20260618_logs/20260618_lyris_nemorl_qwen32_sync_suffix_step20_retry5h/logs/qwen32_sync_suffix/2152499-logs/ray-driver.log,0.41588571428571425,0.2289265306122449,0.13640816326530614,0.08720816326530612,0.05874693877551021,0.0407265306122449,0.029236734693877553,0.02082857142857143,0.016048979591836734
2152499,qwen32_sync_suffix,14,20,completed_step,0.0012,,,,0.0009,0.4541,657.28,440.9,139.16,65.57,9.66,666.54,993.66,3148.19,6681.23,3314.8774,17.316279069767443,17.96964285714286,14.9,1.7706976744186047,1.795892857142857,1.51,849.5690697674419,6569.021395348836,2826798.0,19860592.0,43,280,0,,tmp/lyris_nemorl_perfcfg_step20_20260618_logs/20260618_lyris_nemorl_qwen32_sync_suffix_step20_retry5h/logs/qwen32_sync_suffix/2152499-logs/ray-driver.log,0.3550107142857143,0.18005714285714283,0.09877857142857144,0.05763571428571429,0.03600714285714286,0.022739285714285715,0.015471428571428572,0.01047142857142857,0.007725000000000001
2152499,qwen32_sync_suffix,15,20,completed_step,0.0031,,,,0.0009,0.5615,562.55,359.56,128.45,59.61,12.75,712.1,1114.12,3118.63,6719.64,3034.0527,19.076470588235296,20.79741379310345,0.3,1.9088235294117648,1.9873706896551724,1.07,1156.1511764705883,7067.238235294118,3124269.0,17435714.0,34,232,0,,tmp/lyris_nemorl_perfcfg_step20_20260618_logs/20260618_lyris_nemorl_qwen32_sync_suffix_step20_retry5h/logs/qwen32_sync_suffix/2152499-logs/ray-driver.log,0.3939396551724138,0.2138189655172414,0.1265646551724138,0.08023706896551723,0.05368103448275862,0.0359051724137931,0.026185344827586207,0.018603448275862067,0.01425
2152499,qwen32_sync_suffix,16,20,completed_step,-0.0136,,,,0.0009,0.5693,581.86,381.69,128.36,58.67,11.3,680.6,1037.53,3085.23,6749.81,2982.3599,18.57027027027027,18.902489626556015,22.2,1.915945945945946,1.944564315352697,2.03,944.3851351351351,5936.552972972972,2668318.0,15935173.0,37,241,0,,tmp/lyris_nemorl_perfcfg_step20_20260618_logs/20260618_lyris_nemorl_qwen32_sync_suffix_step20_retry5h/logs/qwen32_sync_suffix/2152499-logs/ray-driver.log,0.382298755186722,0.20678008298755188,0.12171369294605809,0.07644813278008299,0.04984232365145228,0.03338589211618257,0.023448132780082988,0.016286307053941906,0.012551867219917011
2152499,qwen32_sync_suffix,17,20,completed_step,0.0085,,,,0.0009,0.6089,617.16,418.08,128.59,59.73,8.9,650.55,960.32,3122.35,6722.18,3037.2744,16.380000000000003,17.86611570247934,17.7,1.823,1.9035123966942147,1.65,916.3487499999999,7140.4485,2856858.0,18941574.0,40,242,0,,tmp/lyris_nemorl_perfcfg_step20_20260618_logs/20260618_lyris_nemorl_qwen32_sync_suffix_step20_retry5h/logs/qwen32_sync_suffix/2152499-logs/ray-driver.log,0.36408677685950414,0.19833471074380166,0.1161198347107438,0.07364462809917355,0.04871487603305785,0.032074380165289254,0.022842975206611573,0.01604132231404959,0.012008264462809918
2152499,qwen32_sync_suffix,18,20,completed_step,-0.0001,,,,0.001,0.6157,544.19,346.61,126.33,59.51,9.83,727.85,1142.73,3135.21,6655.95,2995.0854,19.852941176470587,20.51082251082251,19.2,1.912941176470588,1.9521645021645022,1.78,1066.8217647058825,5881.8452941176465,2843007.0,14764781.0,34,231,0,,tmp/lyris_nemorl_perfcfg_step20_20260618_logs/20260618_lyris_nemorl_qwen32_sync_suffix_step20_retry5h/logs/qwen32_sync_suffix/2152499-logs/ray-driver.log,0.40658874458874456,0.21438961038961038,0.12107359307359307,0.07241125541125541,0.04551082251082251,0.02932900432900433,0.020575757575757577,0.01438961038961039,0.010528138528138527
2152499,qwen32_sync_suffix,19,20,completed_step,-0.0047,,,,0.001,0.4858,607.87,400.33,133.35,61.72,10.47,687.24,1043.52,3132.71,6768.19,3152.9058,17.012820512820515,17.911244979919676,27.7,1.7982051282051281,1.8355020080321283,2.36,975.5569230769231,8885.916923076924,2987839.0,22739474.0,39,249,0,,tmp/lyris_nemorl_perfcfg_step20_20260618_logs/20260618_lyris_nemorl_qwen32_sync_suffix_step20_retry5h/logs/qwen32_sync_suffix/2152499-logs/ray-driver.log,0.3441767068273093,0.1845261044176707,0.10772289156626506,0.06698393574297189,0.04330120481927711,0.0283574297188755,0.019787148594377513,0.013710843373493976,0.010224899598393573
2152499,qwen32_sync_suffix,20,20,completed_step,-0.0023,,,,0.0009,0.5186,599.01,400.04,127.69,60.59,8.87,677.7,1014.78,3179.19,6699.59,3071.1016,16.876315789473683,19.326,0.4,1.833421052631579,1.9439600000000001,1.12,995.6034210526316,7429.1776315789475,2978094.0,17791334.0,38,250,0,,tmp/lyris_nemorl_perfcfg_step20_20260618_logs/20260618_lyris_nemorl_qwen32_sync_suffix_step20_retry5h/logs/qwen32_sync_suffix/2152499-logs/ray-driver.log,0.384996,0.20635599999999998,0.119544,0.074636,0.049284,0.032992,0.023208,0.016728,0.012811999999999999
2152532,qwen32_sync_pard2,1,20,completed_step,-0.0023,,,,0.0009,0.5884,861.59,652.91,131.84,69.95,5.09,484.72,639.65,3167.82,5970.69,3160.1885,1.1129032258064515,1.0289473684210526,1.5,1.0566129032258065,1.0523947368421054,1.08,60.37870967741936,5972.286451612903,264453.0,27087665.0,62,380,0,,tmp/lyris_nemorl_perfcfg_step20_20260618_logs/20260618_lyris_nemorl_qwen32_sync_recipe_osl_pard2_step20_retry_global_pard2_site/logs/qwen32_sync_pard2/2152532-logs/ray-driver.log,0.05163421052631579,0.0,0.0,0.0,0.0,,,,
2152532,qwen32_sync_pard2,2,20,completed_step,-0.0005,,,,0.001,0.4546,937.22,745.85,117.8,59.99,11.48,418.23,525.54,3327.4,6534.53,2918.7271,0.9722222222222222,0.9797101449275363,0.6,1.04875,1.0491304347826087,1.03,55.50513888888889,5309.363055555556,302802.0,28752335.0,72,414,0,,tmp/lyris_nemorl_perfcfg_step20_20260618_logs/20260618_lyris_nemorl_qwen32_sync_recipe_osl_pard2_step20_retry_global_pard2_site/logs/qwen32_sync_pard2/2152532-logs/ray-driver.log,0.04886714975845411,0.0,0.0,0.0,0.0,,,,
2152532,qwen32_sync_pard2,3,20,completed_step,0.0071,,,,0.0009,0.4629,1092.61,883.13,125.92,67.91,13.73,403.17,498.8,3498.21,6486.14,3338.5977,0.7850574712643678,0.8884368308351177,0.0,1.039080459770115,1.043982869379015,1.0,50.436091954022984,5415.283908045977,327943.0,34524270.0,87,467,0,,tmp/lyris_nemorl_perfcfg_step20_20260618_logs/20260618_lyris_nemorl_qwen32_sync_recipe_osl_pard2_step20_retry_global_pard2_site/logs/qwen32_sync_pard2/2152532-logs/ray-driver.log,0.0445524625267666,8.565310492505354e-06,0.0,0.0,0.0,,,,
2152532,qwen32_sync_pard2,4,20,completed_step,0.0038,,,,0.001,0.5249,953.44,760.74,116.42,61.39,12.94,422.61,529.66,3461.0,6563.3,3017.2842,1.0027027027027027,0.9173076923076924,1.6,1.0497297297297299,1.0452163461538462,1.08,51.06648648648649,5310.755135135135,288105.0,30218685.0,74,416,0,,tmp/lyris_nemorl_perfcfg_step20_20260618_logs/20260618_lyris_nemorl_qwen32_sync_recipe_osl_pard2_step20_retry_global_pard2_site/logs/qwen32_sync_pard2/2152532-logs/ray-driver.log,0.045593749999999995,0.0,0.0,0.0,0.0,,,,
2152532,qwen32_sync_pard2,5,20,completed_step,0.011,,,,0.0009,0.5518,891.96,696.34,118.22,62.31,12.8,458.37,587.14,3458.53,6561.15,3096.894,0.8676470588235294,0.9012106537530266,0.3,1.0430882352941178,1.0445762711864408,1.02,57.119852941176475,5657.905735294118,304408.0,29990695.0,68,413,0,,tmp/lyris_nemorl_perfcfg_step20_20260618_logs/20260618_lyris_nemorl_qwen32_sync_recipe_osl_pard2_step20_retry_global_pard2_site/logs/qwen32_sync_pard2/2152532-logs/ray-driver.log,0.04487893462469734,0.0,0.0,0.0,0.0,,,,
2152532,qwen32_sync_pard2,6,20,completed_step,-0.0142,,,,0.001,0.5669,753.43,568.19,112.28,58.44,12.61,507.76,673.31,3407.3,6545.77,2879.5605,1.0163636363636364,1.0488063660477454,0.9,1.0505454545454547,1.0520424403183024,1.04,76.5930909090909,7076.496181818182,331828.0,30580550.0,55,377,0,,tmp/lyris_nemorl_perfcfg_step20_20260618_logs/20260618_lyris_nemorl_qwen32_sync_recipe_osl_pard2_step20_retry_global_pard2_site/logs/qwen32_sync_pard2/2152532-logs/ray-driver.log,0.052180371352785145,0.00020159151193633953,5.835543766578249e-05,0.0,0.0,,,,
2152532,qwen32_sync_pard2,7,20,completed_step,0.019,,,,0.0009,0.4395,851.29,638.08,129.76,68.34,13.0,525.85,701.55,3449.86,6550.32,3391.6914,1.09672131147541,1.0901601830663616,1.0,1.0545901639344262,1.0544393592677346,1.05,73.20803278688524,6880.065245901639,355452.0,33334935.0,61,437,0,,tmp/lyris_nemorl_perfcfg_step20_20260618_logs/20260618_lyris_nemorl_qwen32_sync_recipe_osl_pard2_step20_retry_global_pard2_site/logs/qwen32_sync_pard2/2152532-logs/ray-driver.log,0.052787185354691075,0.0010068649885583525,0.0006842105263157894,5.263157894736842e-05,1.6018306636155606e-05,,,,
2152532,qwen32_sync_pard2,8,20,completed_step,0.0106,,,,0.001,0.4316,847.2,636.17,128.86,68.28,11.61,531.0,707.14,3491.06,6588.27,3419.4258,0.9967213114754099,1.020316027088036,0.8,1.0498360655737706,1.0511512415349888,1.04,71.13868852459017,6724.290163934426,344753.0,32476100.0,61,443,0,,tmp/lyris_nemorl_perfcfg_step20_20260618_logs/20260618_lyris_nemorl_qwen32_sync_recipe_osl_pard2_step20_retry_global_pard2_site/logs/qwen32_sync_pard2/2152532-logs/ray-driver.log,0.05023024830699774,0.0003972911963882618,0.0001986455981941309,0.0,0.0,,,,
2152532,qwen32_sync_pard2,9,20,completed_step,0.0053,,,,0.0009,0.5034,756.78,571.47,113.47,60.04,9.9,519.53,688.0,3465.07,6547.92,2951.2441,0.9927272727272728,0.9902116402116402,1.0,1.049090909090909,1.049047619047619,1.05,64.91909090909091,6361.009454545455,276277.0,27168115.0,55,378,0,,tmp/lyris_nemorl_perfcfg_step20_20260618_logs/20260618_lyris_nemorl_qwen32_sync_recipe_osl_pard2_step20_retry_global_pard2_site/logs/qwen32_sync_pard2/2152532-logs/ray-driver.log,0.04972751322751323,0.0,0.0,0.0,0.0,,,,
2152532,qwen32_sync_pard2,10,20,completed_step,0.0035,,,,0.0009,0.582,929.59,739.56,117.59,59.82,10.65,423.39,532.18,3347.06,6578.98,2934.0493,0.9408450704225352,0.9637333333333334,0.8,1.047323943661972,1.04864,1.04,59.471830985915496,5978.23676056338,311230.0,30876495.0,71,375,0,,tmp/lyris_nemorl_perfcfg_step20_20260618_logs/20260618_lyris_nemorl_qwen32_sync_recipe_osl_pard2_step20_retry_global_pard2_site/logs/qwen32_sync_pard2/2152532-logs/ray-driver.log,0.047992,0.0,0.0,0.0,0.0,,,,
2152532,qwen32_sync_pard2,11,20,completed_step,-0.0046,,,,0.0009,0.5322,1203.59,1008.09,119.5,62.6,10.84,339.79,405.69,3422.27,6532.73,3087.3672,0.7887755102040817,0.8921800947867299,0.3,1.0396938775510205,1.0454502369668246,1.02,44.922448979591834,4949.905510204081,301960.0,31414675.0,98,422,0,,tmp/lyris_nemorl_perfcfg_step20_20260618_logs/20260618_lyris_nemorl_qwen32_sync_recipe_osl_pard2_step20_retry_global_pard2_site/logs/qwen32_sync_pard2/2152532-logs/ray-driver.log,0.0446563981042654,1.4218009478672985e-05,1.4218009478672985e-05,0.0,0.0,,,,
2152532,qwen32_sync_pard2,12,20,completed_step,-0.0033,,,,0.0009,0.5356,834.07,628.87,125.71,65.3,12.27,515.49,683.7,3420.23,6584.5,3255.7344,0.9311475409836066,0.9167058823529413,1.1,1.0465573770491803,1.0457411764705882,1.06,61.85131147540984,6659.6668852459015,294106.0,31852750.0,61,425,0,,tmp/lyris_nemorl_perfcfg_step20_20260618_logs/20260618_lyris_nemorl_qwen32_sync_recipe_osl_pard2_step20_retry_global_pard2_site/logs/qwen32_sync_pard2/2152532-logs/ray-driver.log,0.04565176470588236,0.00010352941176470587,0.0,0.0,0.0,,,,
2152532,qwen32_sync_pard2,13,20,completed_step,-0.0045,,,,0.0009,0.5181,782.3,578.51,125.61,65.19,10.73,544.01,735.66,3388.06,6528.34,3202.2378,0.9500000000000001,0.9470297029702971,1.4,1.0475,1.04730198019802,1.07,70.26285714285714,7219.698214285714,308782.0,31870600.0,56,404,0,,tmp/lyris_nemorl_perfcfg_step20_20260618_logs/20260618_lyris_nemorl_qwen32_sync_recipe_osl_pard2_step20_retry_global_pard2_site/logs/qwen32_sync_pard2/2152532-logs/ray-driver.log,0.04719306930693069,0.00023762376237623762,3.712871287128713e-05,0.0,0.0,,,,
2152532,qwen32_sync_pard2,14,20,completed_step,-0.002,,,,0.0009,0.4521,903.05,697.2,126.16,67.31,10.12,488.82,633.15,3499.11,6558.64,3340.8716,0.8507462686567164,0.9328537170263789,0.1,1.0426865671641792,1.0466187050359712,1.01,65.24641791044776,6673.61895522388,337865.0,34326060.0,67,417,0,,tmp/lyris_nemorl_perfcfg_step20_20260618_logs/20260618_lyris_nemorl_qwen32_sync_recipe_osl_pard2_step20_retry_global_pard2_site/logs/qwen32_sync_pard2/2152532-logs/ray-driver.log,0.04571702637889688,0.0005419664268585132,0.00013908872901678657,0.0,0.0,,,,
2152532,qwen32_sync_pard2,15,20,completed_step,0.0028,,,,0.0009,0.5723,790.41,601.32,115.04,61.17,10.94,507.74,667.4,3488.5,6561.07,3039.7642,1.0603448275862069,1.0842105263157895,1.4,1.0520689655172415,1.0533240997229918,1.07,71.41344827586207,6499.277068965517,316006.0,28614220.0,58,361,0,,tmp/lyris_nemorl_perfcfg_step20_20260618_logs/20260618_lyris_nemorl_qwen32_sync_recipe_osl_pard2_step20_retry_global_pard2_site/logs/qwen32_sync_pard2/2152532-logs/ray-driver.log,0.05295013850415512,0.0009002770083102493,3.878116343490305e-05,0.0,0.0,,,,
2152532,qwen32_sync_pard2,16,20,completed_step,0.0053,,,,0.0009,0.5693,777.86,591.08,115.29,60.31,9.28,508.59,669.31,3431.54,6559.79,2979.2583,0.8105263157894738,0.8091152815013405,0.6,1.0401754385964912,1.040053619302949,1.03,48.609298245614035,5446.178596491228,213712.0,23962840.0,57,373,0,,tmp/lyris_nemorl_perfcfg_step20_20260618_logs/20260618_lyris_nemorl_qwen32_sync_recipe_osl_pard2_step20_retry_global_pard2_site/logs/qwen32_sync_pard2/2152532-logs/ray-driver.log,0.04016353887399464,9.383378016085792e-05,8.04289544235925e-06,0.0,0.0,,,,
2152532,qwen32_sync_pard2,17,20,completed_step,0.0055,,,,0.0009,0.6069,928.6,736.37,118.14,61.68,10.53,434.2,547.55,3412.99,6537.44,3050.6187,0.9971830985915493,0.9792307692307693,1.7,1.0490140845070424,1.0485641025641026,1.08,52.265492957746474,5400.52985915493,281346.0,29214150.0,71,390,0,,tmp/lyris_nemorl_perfcfg_step20_20260618_logs/20260618_lyris_nemorl_qwen32_sync_recipe_osl_pard2_step20_retry_global_pard2_site/logs/qwen32_sync_pard2/2152532-logs/ray-driver.log,0.04882051282051282,0.0,0.0,0.0,0.0,,,,
2152532,qwen32_sync_pard2,18,20,completed_step,0.0055,,,,0.001,0.6152,794.59,606.43,115.82,60.87,9.58,501.67,657.33,3441.66,6549.15,3014.9146,0.9915254237288136,0.9955844155844156,0.5,1.049491525423729,1.0497142857142858,1.03,62.980000000000004,6486.630847457626,287959.0,29692625.0,59,385,0,,tmp/lyris_nemorl_perfcfg_step20_20260618_logs/20260618_lyris_nemorl_qwen32_sync_recipe_osl_pard2_step20_retry_global_pard2_site/logs/qwen32_sync_pard2/2152532-logs/ray-driver.log,0.049602597402597405,4.675324675324676e-05,0.0,0.0,0.0,,,,
2152532,qwen32_sync_pard2,19,20,completed_step,-0.0058,,,,0.0009,0.4849,788.78,592.07,119.9,64.72,10.2,534.98,712.72,3519.53,6520.5,3185.9731,0.9315789473684211,0.945925925925926,1.1,1.0463157894736843,1.047037037037037,1.05,76.1621052631579,7646.504385964912,339745.0,33787275.0,57,405,0,,tmp/lyris_nemorl_perfcfg_step20_20260618_logs/20260618_lyris_nemorl_qwen32_sync_recipe_osl_pard2_step20_retry_global_pard2_site/logs/qwen32_sync_pard2/2152532-logs/ray-driver.log,0.04690864197530865,0.00011358024691358025,9.876543209876543e-06,0.0,0.0,,,,
2152532,qwen32_sync_pard2,20,20,completed_step,-0.0126,,,,0.0009,0.5283,778.55,586.72,116.94,62.27,10.73,526.5,698.64,3505.39,6582.26,3102.0181,0.9403508771929825,0.9738271604938271,0.9,1.0464912280701755,1.0481234567901234,1.05,76.76684210526315,7096.347192982455,346040.0,31787655.0,57,405,0,,tmp/lyris_nemorl_perfcfg_step20_20260618_logs/20260618_lyris_nemorl_qwen32_sync_recipe_osl_pard2_step20_retry_global_pard2_site/logs/qwen32_sync_pard2/2152532-logs/ray-driver.log,0.048649382716049384,5.925925925925926e-05,0.0,0.0,0.0,,,,
2152615,qwen235b_sync_baseline,1,3,incomplete_step,,,,,,,,,,,,,,,,,,,,,,,,,,,0,0,456,"Process group watchdog thread terminated with exception: [Rank 0] Watchdog caught collective operation timeout: WorkNCCL(SeqNum=4517, OpType=SEND, NumelIn=2097152, NumelOut=2097152, Timeout(ms)=3600000) ran for 3600007 milliseconds before timing out. [repeated 6x across cluster]",tmp/lyris_nemorl_perfcfg_step20_20260618_logs/20260618_lyris_nemorl_qwen235b_sync_baseline_alltoall_flexnone_cuda_nosharp_fuselossfalse_step3_retryquoted/logs/qwen235b_sync_baseline/2152615-logs/ray-driver.log,,,,,,,,,
2152682,qwen235b_sync_baseline,1,3,incomplete_step,,,,,,,,,,,,,,,,,,,,,,,,,,,0,0,0,,tmp/lyris_nemorl_perfcfg_step20_20260618_logs/20260618_lyris_nemorl_qwen235b_sync_baseline_alltoall_flexnone_cuda_nosharp_fuselosstrue_step3_after_2152615/logs/qwen235b_sync_baseline/2152682-logs/ray-driver.log,,,,,,,,,
