local_time,cluster,host,remote_time,job_id,name,state,reason,start_time,elapsed,nodes,account,priority,log_file_count,non_marker_log_file_count,latest_log_file,runtime_log_present
2026-06-15 03:53:08 PDT,Lyris SWE-RL TE-Arch/PARD Proof Gates,login-lyris02.lyris.clusters.nvidia.com,2026-06-15 03:53:09 PDT,2126895,specdec-baseline-steps1-20260615_lyris_swerl_qwen235b_fullgrpo_tearchfix_r28,PENDING,Priority,2026-06-15T06:08:00,0:00,16,coreai_dlalgo_llm,,1,0,/lustre/fsw/coreai_dlalgo_llm/users/sna/swerl_fullgrpo_logs/20260615_lyris_swerl_qwen235b_fullgrpo_tearchfix_r28/baseline_steps1/latest_235b_scale_gen_job_id.txt,false
2026-06-15 03:53:08 PDT,Lyris SWE-RL TE-Arch/PARD Proof Gates,login-lyris02.lyris.clusters.nvidia.com,2026-06-15 03:53:09 PDT,2126915,specdec-pard2-steps1-20260615_lyris_swerl_qwen235b_fullgrpo_tearchfix_r28_afterok,PENDING,Dependency,N/A,0:00,16,coreai_dlalgo_llm,,1,0,/lustre/fsw/coreai_dlalgo_llm/users/sna/swerl_fullgrpo_logs/20260615_lyris_swerl_qwen235b_fullgrpo_tearchfix_r28_afterok/pard2_steps1/latest_235b_scale_gen_job_id.txt,false
2026-06-15 03:53:08 PDT,Lyris SWE-RL TE-Arch/PARD Proof Gates,login-lyris02.lyris.clusters.nvidia.com,2026-06-15 03:53:09 PDT,2126914,specdec-pard-steps1-20260615_lyris_swerl_qwen235b_fullgrpo_tearchfix_r28_afterok,PENDING,Dependency,N/A,0:00,16,coreai_dlalgo_llm,,1,0,/lustre/fsw/coreai_dlalgo_llm/users/sna/swerl_fullgrpo_logs/20260615_lyris_swerl_qwen235b_fullgrpo_tearchfix_r28_afterok/pard_steps1/latest_235b_scale_gen_job_id.txt,false
2026-06-15 03:53:08 PDT,OCI-HSG SWE-RL PARD-2 And MathRL Proof Gates,oci-hsg-cs-001-vscode-02,2026-06-15 03:53:09 PDT,3308774,specdec-pard2-steps1-20260614_oci_hsg_swerl_qwen235b_fullgrpo_pard2_pyoverlay_eager_nolevel_r16,PENDING,Priority,2026-06-15T11:20:00,0:00,16,nemotron_n3_post,,1,0,/lustre/fs1/portfolios/coreai/projects/coreai_dlalgo_nemorl/users/sna/swerl_fullgrpo_logs/20260614_oci_hsg_swerl_qwen235b_fullgrpo_pard2_pyoverlay_eager_nolevel_r16/pard2_steps1/latest_235b_scale_gen_job_id.txt,false
2026-06-15 03:53:08 PDT,OCI-HSG SWE-RL PARD-2 And MathRL Proof Gates,oci-hsg-cs-001-vscode-02,2026-06-15 03:53:09 PDT,3315380,online-qwen235b-mathrl-main-baseline-fixed256-step10-N32xG4,PENDING,Priority,2026-06-15T11:30:00,0:00,32,nemotron_n3_post,,0,0,,false
2026-06-15 03:53:08 PDT,OCI-HSG SWE-RL PARD-2 And MathRL Proof Gates,oci-hsg-cs-001-vscode-02,2026-06-15 03:53:09 PDT,3315381,online-qwen235b-mathrl-main-pard_k3-fixed256-step10-N32xG4,PENDING,Priority,2026-06-15T11:30:00,0:00,32,nemotron_n3_post,,0,0,,false
2026-06-15 03:53:08 PDT,OCI-HSG SWE-RL PARD-2 And MathRL Proof Gates,oci-hsg-cs-001-vscode-02,2026-06-15 03:53:09 PDT,3315382,online-qwen235b-mathrl-main-pard_k5-fixed256-step10-N32xG4,PENDING,Priority,2026-06-15T11:30:00,0:00,32,nemotron_n3_post,,0,0,,false
2026-06-15 03:54:44 PDT,Lyris SWE-RL TE-Arch/PARD Proof Gates,login-lyris02.lyris.clusters.nvidia.com,2026-06-15 03:54:45 PDT,2126895,specdec-baseline-steps1-20260615_lyris_swerl_qwen235b_fullgrpo_tearchfix_r28,PENDING,Priority,2026-06-15T07:32:00,0:00,16,coreai_dlalgo_llm,,1,0,/lustre/fsw/coreai_dlalgo_llm/users/sna/swerl_fullgrpo_logs/20260615_lyris_swerl_qwen235b_fullgrpo_tearchfix_r28/baseline_steps1/latest_235b_scale_gen_job_id.txt,false
2026-06-15 03:54:44 PDT,Lyris SWE-RL TE-Arch/PARD Proof Gates,login-lyris02.lyris.clusters.nvidia.com,2026-06-15 03:54:45 PDT,2126915,specdec-pard2-steps1-20260615_lyris_swerl_qwen235b_fullgrpo_tearchfix_r28_afterok,PENDING,Dependency,N/A,0:00,16,coreai_dlalgo_llm,,1,0,/lustre/fsw/coreai_dlalgo_llm/users/sna/swerl_fullgrpo_logs/20260615_lyris_swerl_qwen235b_fullgrpo_tearchfix_r28_afterok/pard2_steps1/latest_235b_scale_gen_job_id.txt,false
2026-06-15 03:54:44 PDT,Lyris SWE-RL TE-Arch/PARD Proof Gates,login-lyris02.lyris.clusters.nvidia.com,2026-06-15 03:54:45 PDT,2126914,specdec-pard-steps1-20260615_lyris_swerl_qwen235b_fullgrpo_tearchfix_r28_afterok,PENDING,Dependency,N/A,0:00,16,coreai_dlalgo_llm,,1,0,/lustre/fsw/coreai_dlalgo_llm/users/sna/swerl_fullgrpo_logs/20260615_lyris_swerl_qwen235b_fullgrpo_tearchfix_r28_afterok/pard_steps1/latest_235b_scale_gen_job_id.txt,false
2026-06-15 03:54:44 PDT,OCI-HSG SWE-RL PARD-2 And MathRL Proof Gates,oci-hsg-cs-001-vscode-02,2026-06-15 03:54:45 PDT,3308774,specdec-pard2-steps1-20260614_oci_hsg_swerl_qwen235b_fullgrpo_pard2_pyoverlay_eager_nolevel_r16,PENDING,Priority,2026-06-15T11:40:00,0:00,16,nemotron_n3_post,,1,0,/lustre/fs1/portfolios/coreai/projects/coreai_dlalgo_nemorl/users/sna/swerl_fullgrpo_logs/20260614_oci_hsg_swerl_qwen235b_fullgrpo_pard2_pyoverlay_eager_nolevel_r16/pard2_steps1/latest_235b_scale_gen_job_id.txt,false
2026-06-15 03:54:44 PDT,OCI-HSG SWE-RL PARD-2 And MathRL Proof Gates,oci-hsg-cs-001-vscode-02,2026-06-15 03:54:45 PDT,3315380,online-qwen235b-mathrl-main-baseline-fixed256-step10-N32xG4,PENDING,Priority,2026-06-15T11:40:00,0:00,32,nemotron_n3_post,,0,0,,false
2026-06-15 03:54:44 PDT,OCI-HSG SWE-RL PARD-2 And MathRL Proof Gates,oci-hsg-cs-001-vscode-02,2026-06-15 03:54:45 PDT,3315381,online-qwen235b-mathrl-main-pard_k3-fixed256-step10-N32xG4,PENDING,Priority,2026-06-15T11:40:00,0:00,32,nemotron_n3_post,,0,0,,false
2026-06-15 03:54:44 PDT,OCI-HSG SWE-RL PARD-2 And MathRL Proof Gates,oci-hsg-cs-001-vscode-02,2026-06-15 03:54:45 PDT,3315382,online-qwen235b-mathrl-main-pard_k5-fixed256-step10-N32xG4,PENDING,Priority,2026-06-15T11:40:00,0:00,32,nemotron_n3_post,,0,0,,false
2026-06-15 03:56:50 PDT,Lyris SWE-RL TE-Arch/PARD Proof Gates,login-lyris02.lyris.clusters.nvidia.com,2026-06-15 03:56:50 PDT,2126895,specdec-baseline-steps1-20260615_lyris_swerl_qwen235b_fullgrpo_tearchfix_r28,PENDING,Priority,2026-06-15T07:48:00,0:00,16,coreai_dlalgo_llm,,1,0,/lustre/fsw/coreai_dlalgo_llm/users/sna/swerl_fullgrpo_logs/20260615_lyris_swerl_qwen235b_fullgrpo_tearchfix_r28/baseline_steps1/latest_235b_scale_gen_job_id.txt,false
2026-06-15 03:56:50 PDT,Lyris SWE-RL TE-Arch/PARD Proof Gates,login-lyris02.lyris.clusters.nvidia.com,2026-06-15 03:56:50 PDT,2126915,specdec-pard2-steps1-20260615_lyris_swerl_qwen235b_fullgrpo_tearchfix_r28_afterok,PENDING,Dependency,N/A,0:00,16,coreai_dlalgo_llm,,1,0,/lustre/fsw/coreai_dlalgo_llm/users/sna/swerl_fullgrpo_logs/20260615_lyris_swerl_qwen235b_fullgrpo_tearchfix_r28_afterok/pard2_steps1/latest_235b_scale_gen_job_id.txt,false
2026-06-15 03:56:50 PDT,Lyris SWE-RL TE-Arch/PARD Proof Gates,login-lyris02.lyris.clusters.nvidia.com,2026-06-15 03:56:50 PDT,2126914,specdec-pard-steps1-20260615_lyris_swerl_qwen235b_fullgrpo_tearchfix_r28_afterok,PENDING,Dependency,N/A,0:00,16,coreai_dlalgo_llm,,1,0,/lustre/fsw/coreai_dlalgo_llm/users/sna/swerl_fullgrpo_logs/20260615_lyris_swerl_qwen235b_fullgrpo_tearchfix_r28_afterok/pard_steps1/latest_235b_scale_gen_job_id.txt,false
2026-06-15 03:56:50 PDT,OCI-HSG SWE-RL PARD-2 And MathRL Proof Gates,oci-hsg-cs-001-vscode-02,2026-06-15 03:56:51 PDT,3308774,specdec-pard2-steps1-20260614_oci_hsg_swerl_qwen235b_fullgrpo_pard2_pyoverlay_eager_nolevel_r16,PENDING,Priority,N/A,0:00,16,nemotron_n3_post,,1,0,/lustre/fs1/portfolios/coreai/projects/coreai_dlalgo_nemorl/users/sna/swerl_fullgrpo_logs/20260614_oci_hsg_swerl_qwen235b_fullgrpo_pard2_pyoverlay_eager_nolevel_r16/pard2_steps1/latest_235b_scale_gen_job_id.txt,false
2026-06-15 03:56:50 PDT,OCI-HSG SWE-RL PARD-2 And MathRL Proof Gates,oci-hsg-cs-001-vscode-02,2026-06-15 03:56:51 PDT,3315382,online-qwen235b-mathrl-main-pard_k5-fixed256-step10-N32xG4,PENDING,Priority,N/A,0:00,32,nemotron_n3_post,,0,0,,false
2026-06-15 03:56:50 PDT,OCI-HSG SWE-RL PARD-2 And MathRL Proof Gates,oci-hsg-cs-001-vscode-02,2026-06-15 03:56:51 PDT,3315381,online-qwen235b-mathrl-main-pard_k3-fixed256-step10-N32xG4,PENDING,Priority,N/A,0:00,32,nemotron_n3_post,,0,0,,false
2026-06-15 03:56:50 PDT,OCI-HSG SWE-RL PARD-2 And MathRL Proof Gates,oci-hsg-cs-001-vscode-02,2026-06-15 03:56:51 PDT,3315380,online-qwen235b-mathrl-main-baseline-fixed256-step10-N32xG4,PENDING,Priority,N/A,0:00,32,nemotron_n3_post,,0,0,,false
2026-06-15 03:57:23 PDT,Lyris SWE-RL TE-Arch/PARD Proof Gates,login-lyris02.lyris.clusters.nvidia.com,2026-06-15 03:57:24 PDT,2126895,specdec-baseline-steps1-20260615_lyris_swerl_qwen235b_fullgrpo_tearchfix_r28,PENDING,Priority,2026-06-15T07:58:00,0:00,16,coreai_dlalgo_llm,,1,0,/lustre/fsw/coreai_dlalgo_llm/users/sna/swerl_fullgrpo_logs/20260615_lyris_swerl_qwen235b_fullgrpo_tearchfix_r28/baseline_steps1/latest_235b_scale_gen_job_id.txt,false
2026-06-15 03:57:23 PDT,Lyris SWE-RL TE-Arch/PARD Proof Gates,login-lyris02.lyris.clusters.nvidia.com,2026-06-15 03:57:24 PDT,2126915,specdec-pard2-steps1-20260615_lyris_swerl_qwen235b_fullgrpo_tearchfix_r28_afterok,PENDING,Dependency,N/A,0:00,16,coreai_dlalgo_llm,,1,0,/lustre/fsw/coreai_dlalgo_llm/users/sna/swerl_fullgrpo_logs/20260615_lyris_swerl_qwen235b_fullgrpo_tearchfix_r28_afterok/pard2_steps1/latest_235b_scale_gen_job_id.txt,false
2026-06-15 03:57:23 PDT,Lyris SWE-RL TE-Arch/PARD Proof Gates,login-lyris02.lyris.clusters.nvidia.com,2026-06-15 03:57:24 PDT,2126914,specdec-pard-steps1-20260615_lyris_swerl_qwen235b_fullgrpo_tearchfix_r28_afterok,PENDING,Dependency,N/A,0:00,16,coreai_dlalgo_llm,,1,0,/lustre/fsw/coreai_dlalgo_llm/users/sna/swerl_fullgrpo_logs/20260615_lyris_swerl_qwen235b_fullgrpo_tearchfix_r28_afterok/pard_steps1/latest_235b_scale_gen_job_id.txt,false
2026-06-15 03:57:23 PDT,OCI-HSG SWE-RL PARD-2 And MathRL Proof Gates,oci-hsg-cs-001-vscode-02,2026-06-15 03:57:24 PDT,3308774,specdec-pard2-steps1-20260614_oci_hsg_swerl_qwen235b_fullgrpo_pard2_pyoverlay_eager_nolevel_r16,PENDING,Priority,N/A,0:00,16,nemotron_n3_post,,1,0,/lustre/fs1/portfolios/coreai/projects/coreai_dlalgo_nemorl/users/sna/swerl_fullgrpo_logs/20260614_oci_hsg_swerl_qwen235b_fullgrpo_pard2_pyoverlay_eager_nolevel_r16/pard2_steps1/latest_235b_scale_gen_job_id.txt,false
2026-06-15 03:57:23 PDT,OCI-HSG SWE-RL PARD-2 And MathRL Proof Gates,oci-hsg-cs-001-vscode-02,2026-06-15 03:57:24 PDT,3315382,online-qwen235b-mathrl-main-pard_k5-fixed256-step10-N32xG4,PENDING,Priority,N/A,0:00,32,nemotron_n3_post,,0,0,,false
2026-06-15 03:57:23 PDT,OCI-HSG SWE-RL PARD-2 And MathRL Proof Gates,oci-hsg-cs-001-vscode-02,2026-06-15 03:57:24 PDT,3315381,online-qwen235b-mathrl-main-pard_k3-fixed256-step10-N32xG4,PENDING,Priority,N/A,0:00,32,nemotron_n3_post,,0,0,,false
2026-06-15 03:57:23 PDT,OCI-HSG SWE-RL PARD-2 And MathRL Proof Gates,oci-hsg-cs-001-vscode-02,2026-06-15 03:57:24 PDT,3315380,online-qwen235b-mathrl-main-baseline-fixed256-step10-N32xG4,PENDING,Priority,N/A,0:00,32,nemotron_n3_post,,0,0,,false
2026-06-15 03:58:55 PDT,Lyris SWE-RL TE-Arch/PARD Proof Gates,login-lyris02.lyris.clusters.nvidia.com,2026-06-15 03:58:55 PDT,2126895,specdec-baseline-steps1-20260615_lyris_swerl_qwen235b_fullgrpo_tearchfix_r28,PENDING,Priority,2026-06-15T07:55:00,0:00,16,coreai_dlalgo_llm,,1,0,/lustre/fsw/coreai_dlalgo_llm/users/sna/swerl_fullgrpo_logs/20260615_lyris_swerl_qwen235b_fullgrpo_tearchfix_r28/baseline_steps1/latest_235b_scale_gen_job_id.txt,false
2026-06-15 03:58:55 PDT,Lyris SWE-RL TE-Arch/PARD Proof Gates,login-lyris02.lyris.clusters.nvidia.com,2026-06-15 03:58:55 PDT,2126915,specdec-pard2-steps1-20260615_lyris_swerl_qwen235b_fullgrpo_tearchfix_r28_afterok,PENDING,Dependency,N/A,0:00,16,coreai_dlalgo_llm,,1,0,/lustre/fsw/coreai_dlalgo_llm/users/sna/swerl_fullgrpo_logs/20260615_lyris_swerl_qwen235b_fullgrpo_tearchfix_r28_afterok/pard2_steps1/latest_235b_scale_gen_job_id.txt,false
2026-06-15 03:58:55 PDT,Lyris SWE-RL TE-Arch/PARD Proof Gates,login-lyris02.lyris.clusters.nvidia.com,2026-06-15 03:58:55 PDT,2126914,specdec-pard-steps1-20260615_lyris_swerl_qwen235b_fullgrpo_tearchfix_r28_afterok,PENDING,Dependency,N/A,0:00,16,coreai_dlalgo_llm,,1,0,/lustre/fsw/coreai_dlalgo_llm/users/sna/swerl_fullgrpo_logs/20260615_lyris_swerl_qwen235b_fullgrpo_tearchfix_r28_afterok/pard_steps1/latest_235b_scale_gen_job_id.txt,false
2026-06-15 03:58:55 PDT,OCI-HSG SWE-RL PARD-2 And MathRL Proof Gates,oci-hsg-cs-001-vscode-02,2026-06-15 03:58:56 PDT,3308774,specdec-pard2-steps1-20260614_oci_hsg_swerl_qwen235b_fullgrpo_pard2_pyoverlay_eager_nolevel_r16,PENDING,Priority,2026-06-15T11:30:00,0:00,16,nemotron_n3_post,,1,0,/lustre/fs1/portfolios/coreai/projects/coreai_dlalgo_nemorl/users/sna/swerl_fullgrpo_logs/20260614_oci_hsg_swerl_qwen235b_fullgrpo_pard2_pyoverlay_eager_nolevel_r16/pard2_steps1/latest_235b_scale_gen_job_id.txt,false
2026-06-15 03:58:55 PDT,OCI-HSG SWE-RL PARD-2 And MathRL Proof Gates,oci-hsg-cs-001-vscode-02,2026-06-15 03:58:56 PDT,3315382,online-qwen235b-mathrl-main-pard_k5-fixed256-step10-N32xG4,PENDING,Priority,2026-06-15T11:40:00,0:00,32,nemotron_n3_post,,0,0,,false
2026-06-15 03:58:55 PDT,OCI-HSG SWE-RL PARD-2 And MathRL Proof Gates,oci-hsg-cs-001-vscode-02,2026-06-15 03:58:56 PDT,3315380,online-qwen235b-mathrl-main-baseline-fixed256-step10-N32xG4,PENDING,Priority,2026-06-15T11:30:00,0:00,32,nemotron_n3_post,,0,0,,false
2026-06-15 03:58:55 PDT,OCI-HSG SWE-RL PARD-2 And MathRL Proof Gates,oci-hsg-cs-001-vscode-02,2026-06-15 03:58:56 PDT,3315381,online-qwen235b-mathrl-main-pard_k3-fixed256-step10-N32xG4,PENDING,Priority,2026-06-15T11:30:00,0:00,32,nemotron_n3_post,,0,0,,false
2026-06-15 04:01:05 PDT,Lyris SWE-RL TE-Arch/PARD Proof Gates,login-lyris02.lyris.clusters.nvidia.com,2026-06-15 04:01:06 PDT,2126895,specdec-baseline-steps1-20260615_lyris_swerl_qwen235b_fullgrpo_tearchfix_r28,PENDING,Priority,2026-06-15T07:53:00,0:00,16,coreai_dlalgo_llm,,1,0,/lustre/fsw/coreai_dlalgo_llm/users/sna/swerl_fullgrpo_logs/20260615_lyris_swerl_qwen235b_fullgrpo_tearchfix_r28/baseline_steps1/latest_235b_scale_gen_job_id.txt,false
2026-06-15 04:01:05 PDT,Lyris SWE-RL TE-Arch/PARD Proof Gates,login-lyris02.lyris.clusters.nvidia.com,2026-06-15 04:01:06 PDT,2126915,specdec-pard2-steps1-20260615_lyris_swerl_qwen235b_fullgrpo_tearchfix_r28_afterok,PENDING,Dependency,N/A,0:00,16,coreai_dlalgo_llm,,1,0,/lustre/fsw/coreai_dlalgo_llm/users/sna/swerl_fullgrpo_logs/20260615_lyris_swerl_qwen235b_fullgrpo_tearchfix_r28_afterok/pard2_steps1/latest_235b_scale_gen_job_id.txt,false
2026-06-15 04:01:05 PDT,Lyris SWE-RL TE-Arch/PARD Proof Gates,login-lyris02.lyris.clusters.nvidia.com,2026-06-15 04:01:06 PDT,2126914,specdec-pard-steps1-20260615_lyris_swerl_qwen235b_fullgrpo_tearchfix_r28_afterok,PENDING,Dependency,N/A,0:00,16,coreai_dlalgo_llm,,1,0,/lustre/fsw/coreai_dlalgo_llm/users/sna/swerl_fullgrpo_logs/20260615_lyris_swerl_qwen235b_fullgrpo_tearchfix_r28_afterok/pard_steps1/latest_235b_scale_gen_job_id.txt,false
2026-06-15 04:01:05 PDT,OCI-HSG SWE-RL PARD-2 And MathRL Proof Gates,oci-hsg-cs-001-vscode-02,2026-06-15 04:01:06 PDT,3308774,specdec-pard2-steps1-20260614_oci_hsg_swerl_qwen235b_fullgrpo_pard2_pyoverlay_eager_nolevel_r16,PENDING,Priority,N/A,0:00,16,nemotron_n3_post,,1,0,/lustre/fs1/portfolios/coreai/projects/coreai_dlalgo_nemorl/users/sna/swerl_fullgrpo_logs/20260614_oci_hsg_swerl_qwen235b_fullgrpo_pard2_pyoverlay_eager_nolevel_r16/pard2_steps1/latest_235b_scale_gen_job_id.txt,false
2026-06-15 04:01:05 PDT,OCI-HSG SWE-RL PARD-2 And MathRL Proof Gates,oci-hsg-cs-001-vscode-02,2026-06-15 04:01:06 PDT,3315382,online-qwen235b-mathrl-main-pard_k5-fixed256-step10-N32xG4,PENDING,Priority,N/A,0:00,32,nemotron_n3_post,,0,0,,false
2026-06-15 04:01:05 PDT,OCI-HSG SWE-RL PARD-2 And MathRL Proof Gates,oci-hsg-cs-001-vscode-02,2026-06-15 04:01:06 PDT,3315381,online-qwen235b-mathrl-main-pard_k3-fixed256-step10-N32xG4,PENDING,Priority,N/A,0:00,32,nemotron_n3_post,,0,0,,false
2026-06-15 04:01:05 PDT,OCI-HSG SWE-RL PARD-2 And MathRL Proof Gates,oci-hsg-cs-001-vscode-02,2026-06-15 04:01:06 PDT,3315380,online-qwen235b-mathrl-main-baseline-fixed256-step10-N32xG4,PENDING,Priority,N/A,0:00,32,nemotron_n3_post,,0,0,,false
2026-06-15 04:04:31 PDT,Lyris SWE-RL TE-Arch/PARD Proof Gates,login-lyris02.lyris.clusters.nvidia.com,2026-06-15 04:04:31 PDT,2126895,specdec-baseline-steps1-20260615_lyris_swerl_qwen235b_fullgrpo_tearchfix_r28,PENDING,Priority,2026-06-15T07:55:00,0:00,16,coreai_dlalgo_llm,,1,0,/lustre/fsw/coreai_dlalgo_llm/users/sna/swerl_fullgrpo_logs/20260615_lyris_swerl_qwen235b_fullgrpo_tearchfix_r28/baseline_steps1/latest_235b_scale_gen_job_id.txt,false
2026-06-15 04:04:31 PDT,Lyris SWE-RL TE-Arch/PARD Proof Gates,login-lyris02.lyris.clusters.nvidia.com,2026-06-15 04:04:31 PDT,2126915,specdec-pard2-steps1-20260615_lyris_swerl_qwen235b_fullgrpo_tearchfix_r28_afterok,PENDING,Dependency,N/A,0:00,16,coreai_dlalgo_llm,,1,0,/lustre/fsw/coreai_dlalgo_llm/users/sna/swerl_fullgrpo_logs/20260615_lyris_swerl_qwen235b_fullgrpo_tearchfix_r28_afterok/pard2_steps1/latest_235b_scale_gen_job_id.txt,false
2026-06-15 04:04:31 PDT,Lyris SWE-RL TE-Arch/PARD Proof Gates,login-lyris02.lyris.clusters.nvidia.com,2026-06-15 04:04:31 PDT,2126914,specdec-pard-steps1-20260615_lyris_swerl_qwen235b_fullgrpo_tearchfix_r28_afterok,PENDING,Dependency,N/A,0:00,16,coreai_dlalgo_llm,,1,0,/lustre/fsw/coreai_dlalgo_llm/users/sna/swerl_fullgrpo_logs/20260615_lyris_swerl_qwen235b_fullgrpo_tearchfix_r28_afterok/pard_steps1/latest_235b_scale_gen_job_id.txt,false
2026-06-15 04:04:31 PDT,OCI-HSG SWE-RL PARD-2 And MathRL Proof Gates,oci-hsg-cs-001-vscode-02,2026-06-15 04:04:32 PDT,3308774,specdec-pard2-steps1-20260614_oci_hsg_swerl_qwen235b_fullgrpo_pard2_pyoverlay_eager_nolevel_r16,PENDING,Priority,2026-06-15T11:40:00,0:00,16,nemotron_n3_post,,1,0,/lustre/fs1/portfolios/coreai/projects/coreai_dlalgo_nemorl/users/sna/swerl_fullgrpo_logs/20260614_oci_hsg_swerl_qwen235b_fullgrpo_pard2_pyoverlay_eager_nolevel_r16/pard2_steps1/latest_235b_scale_gen_job_id.txt,false
2026-06-15 04:04:31 PDT,OCI-HSG SWE-RL PARD-2 And MathRL Proof Gates,oci-hsg-cs-001-vscode-02,2026-06-15 04:04:32 PDT,3315380,online-qwen235b-mathrl-main-baseline-fixed256-step10-N32xG4,PENDING,Priority,2026-06-15T11:40:00,0:00,32,nemotron_n3_post,,0,0,,false
2026-06-15 04:04:31 PDT,OCI-HSG SWE-RL PARD-2 And MathRL Proof Gates,oci-hsg-cs-001-vscode-02,2026-06-15 04:04:32 PDT,3315381,online-qwen235b-mathrl-main-pard_k3-fixed256-step10-N32xG4,PENDING,Priority,2026-06-15T11:40:00,0:00,32,nemotron_n3_post,,0,0,,false
2026-06-15 04:04:31 PDT,OCI-HSG SWE-RL PARD-2 And MathRL Proof Gates,oci-hsg-cs-001-vscode-02,2026-06-15 04:04:32 PDT,3315382,online-qwen235b-mathrl-main-pard_k5-fixed256-step10-N32xG4,PENDING,Priority,2026-06-15T11:40:00,0:00,32,nemotron_n3_post,,0,0,,false
2026-06-15 04:07:06 PDT,Lyris SWE-RL TE-Arch/PARD Proof Gates,login-lyris02.lyris.clusters.nvidia.com,2026-06-15 04:07:06 PDT,2126895,specdec-baseline-steps1-20260615_lyris_swerl_qwen235b_fullgrpo_tearchfix_r28,PENDING,Priority,2026-06-15T07:55:00,0:00,16,coreai_dlalgo_llm,,1,0,/lustre/fsw/coreai_dlalgo_llm/users/sna/swerl_fullgrpo_logs/20260615_lyris_swerl_qwen235b_fullgrpo_tearchfix_r28/baseline_steps1/latest_235b_scale_gen_job_id.txt,false
2026-06-15 04:07:06 PDT,Lyris SWE-RL TE-Arch/PARD Proof Gates,login-lyris02.lyris.clusters.nvidia.com,2026-06-15 04:07:06 PDT,2126915,specdec-pard2-steps1-20260615_lyris_swerl_qwen235b_fullgrpo_tearchfix_r28_afterok,PENDING,Dependency,N/A,0:00,16,coreai_dlalgo_llm,,1,0,/lustre/fsw/coreai_dlalgo_llm/users/sna/swerl_fullgrpo_logs/20260615_lyris_swerl_qwen235b_fullgrpo_tearchfix_r28_afterok/pard2_steps1/latest_235b_scale_gen_job_id.txt,false
2026-06-15 04:07:06 PDT,Lyris SWE-RL TE-Arch/PARD Proof Gates,login-lyris02.lyris.clusters.nvidia.com,2026-06-15 04:07:06 PDT,2126914,specdec-pard-steps1-20260615_lyris_swerl_qwen235b_fullgrpo_tearchfix_r28_afterok,PENDING,Dependency,N/A,0:00,16,coreai_dlalgo_llm,,1,0,/lustre/fsw/coreai_dlalgo_llm/users/sna/swerl_fullgrpo_logs/20260615_lyris_swerl_qwen235b_fullgrpo_tearchfix_r28_afterok/pard_steps1/latest_235b_scale_gen_job_id.txt,false
2026-06-15 04:07:06 PDT,OCI-HSG SWE-RL PARD-2 And MathRL Proof Gates,oci-hsg-cs-001-vscode-02,2026-06-15 04:07:07 PDT,3308774,specdec-pard2-steps1-20260614_oci_hsg_swerl_qwen235b_fullgrpo_pard2_pyoverlay_eager_nolevel_r16,PENDING,Priority,2026-06-15T10:20:00,0:00,16,nemotron_n3_post,,1,0,/lustre/fs1/portfolios/coreai/projects/coreai_dlalgo_nemorl/users/sna/swerl_fullgrpo_logs/20260614_oci_hsg_swerl_qwen235b_fullgrpo_pard2_pyoverlay_eager_nolevel_r16/pard2_steps1/latest_235b_scale_gen_job_id.txt,false
2026-06-15 04:07:06 PDT,OCI-HSG SWE-RL PARD-2 And MathRL Proof Gates,oci-hsg-cs-001-vscode-02,2026-06-15 04:07:07 PDT,3315382,online-qwen235b-mathrl-main-pard_k5-fixed256-step10-N32xG4,PENDING,Priority,2026-06-15T11:36:17,0:00,32,nemotron_n3_post,,0,0,,false
2026-06-15 04:07:06 PDT,OCI-HSG SWE-RL PARD-2 And MathRL Proof Gates,oci-hsg-cs-001-vscode-02,2026-06-15 04:07:07 PDT,3315380,online-qwen235b-mathrl-main-baseline-fixed256-step10-N32xG4,PENDING,Priority,2026-06-15T11:10:00,0:00,32,nemotron_n3_post,,0,0,,false
2026-06-15 04:07:06 PDT,OCI-HSG SWE-RL PARD-2 And MathRL Proof Gates,oci-hsg-cs-001-vscode-02,2026-06-15 04:07:07 PDT,3315381,online-qwen235b-mathrl-main-pard_k3-fixed256-step10-N32xG4,PENDING,Priority,2026-06-15T11:10:00,0:00,32,nemotron_n3_post,,0,0,,false
2026-06-15 04:09:48 PDT,Lyris SWE-RL TE-Arch/PARD Proof Gates,login-lyris02.lyris.clusters.nvidia.com,2026-06-15 04:09:48 PDT,2126895,specdec-baseline-steps1-20260615_lyris_swerl_qwen235b_fullgrpo_tearchfix_r28,PENDING,Priority,2026-06-15T07:55:00,0:00,16,coreai_dlalgo_llm,,1,0,/lustre/fsw/coreai_dlalgo_llm/users/sna/swerl_fullgrpo_logs/20260615_lyris_swerl_qwen235b_fullgrpo_tearchfix_r28/baseline_steps1/latest_235b_scale_gen_job_id.txt,false
2026-06-15 04:09:48 PDT,Lyris SWE-RL TE-Arch/PARD Proof Gates,login-lyris02.lyris.clusters.nvidia.com,2026-06-15 04:09:48 PDT,2126915,specdec-pard2-steps1-20260615_lyris_swerl_qwen235b_fullgrpo_tearchfix_r28_afterok,PENDING,Dependency,N/A,0:00,16,coreai_dlalgo_llm,,1,0,/lustre/fsw/coreai_dlalgo_llm/users/sna/swerl_fullgrpo_logs/20260615_lyris_swerl_qwen235b_fullgrpo_tearchfix_r28_afterok/pard2_steps1/latest_235b_scale_gen_job_id.txt,false
2026-06-15 04:09:48 PDT,Lyris SWE-RL TE-Arch/PARD Proof Gates,login-lyris02.lyris.clusters.nvidia.com,2026-06-15 04:09:48 PDT,2126914,specdec-pard-steps1-20260615_lyris_swerl_qwen235b_fullgrpo_tearchfix_r28_afterok,PENDING,Dependency,N/A,0:00,16,coreai_dlalgo_llm,,1,0,/lustre/fsw/coreai_dlalgo_llm/users/sna/swerl_fullgrpo_logs/20260615_lyris_swerl_qwen235b_fullgrpo_tearchfix_r28_afterok/pard_steps1/latest_235b_scale_gen_job_id.txt,false
2026-06-15 04:09:48 PDT,OCI-HSG SWE-RL PARD-2 And MathRL Proof Gates,oci-hsg-cs-001-vscode-02,2026-06-15 04:09:49 PDT,3308774,specdec-pard2-steps1-20260614_oci_hsg_swerl_qwen235b_fullgrpo_pard2_pyoverlay_eager_nolevel_r16,PENDING,Priority,N/A,0:00,16,nemotron_n3_post,,1,0,/lustre/fs1/portfolios/coreai/projects/coreai_dlalgo_nemorl/users/sna/swerl_fullgrpo_logs/20260614_oci_hsg_swerl_qwen235b_fullgrpo_pard2_pyoverlay_eager_nolevel_r16/pard2_steps1/latest_235b_scale_gen_job_id.txt,false
2026-06-15 04:09:48 PDT,OCI-HSG SWE-RL PARD-2 And MathRL Proof Gates,oci-hsg-cs-001-vscode-02,2026-06-15 04:09:49 PDT,3315382,online-qwen235b-mathrl-main-pard_k5-fixed256-step10-N32xG4,PENDING,Priority,N/A,0:00,32,nemotron_n3_post,,0,0,,false
2026-06-15 04:09:48 PDT,OCI-HSG SWE-RL PARD-2 And MathRL Proof Gates,oci-hsg-cs-001-vscode-02,2026-06-15 04:09:49 PDT,3315381,online-qwen235b-mathrl-main-pard_k3-fixed256-step10-N32xG4,PENDING,Priority,N/A,0:00,32,nemotron_n3_post,,0,0,,false
2026-06-15 04:09:48 PDT,OCI-HSG SWE-RL PARD-2 And MathRL Proof Gates,oci-hsg-cs-001-vscode-02,2026-06-15 04:09:49 PDT,3315380,online-qwen235b-mathrl-main-baseline-fixed256-step10-N32xG4,PENDING,Priority,N/A,0:00,32,nemotron_n3_post,,0,0,,false
2026-06-15 04:10:18 PDT,Lyris SWE-RL TE-Arch/PARD Proof Gates,login-lyris02.lyris.clusters.nvidia.com,2026-06-15 04:10:18 PDT,2126895,specdec-baseline-steps1-20260615_lyris_swerl_qwen235b_fullgrpo_tearchfix_r28,PENDING,Priority,2026-06-15T07:55:00,0:00,16,coreai_dlalgo_llm,,1,0,/lustre/fsw/coreai_dlalgo_llm/users/sna/swerl_fullgrpo_logs/20260615_lyris_swerl_qwen235b_fullgrpo_tearchfix_r28/baseline_steps1/latest_235b_scale_gen_job_id.txt,false
2026-06-15 04:10:18 PDT,Lyris SWE-RL TE-Arch/PARD Proof Gates,login-lyris02.lyris.clusters.nvidia.com,2026-06-15 04:10:18 PDT,2126915,specdec-pard2-steps1-20260615_lyris_swerl_qwen235b_fullgrpo_tearchfix_r28_afterok,PENDING,Dependency,N/A,0:00,16,coreai_dlalgo_llm,,1,0,/lustre/fsw/coreai_dlalgo_llm/users/sna/swerl_fullgrpo_logs/20260615_lyris_swerl_qwen235b_fullgrpo_tearchfix_r28_afterok/pard2_steps1/latest_235b_scale_gen_job_id.txt,false
2026-06-15 04:10:18 PDT,Lyris SWE-RL TE-Arch/PARD Proof Gates,login-lyris02.lyris.clusters.nvidia.com,2026-06-15 04:10:18 PDT,2126914,specdec-pard-steps1-20260615_lyris_swerl_qwen235b_fullgrpo_tearchfix_r28_afterok,PENDING,Dependency,N/A,0:00,16,coreai_dlalgo_llm,,1,0,/lustre/fsw/coreai_dlalgo_llm/users/sna/swerl_fullgrpo_logs/20260615_lyris_swerl_qwen235b_fullgrpo_tearchfix_r28_afterok/pard_steps1/latest_235b_scale_gen_job_id.txt,false
2026-06-15 04:10:18 PDT,OCI-HSG SWE-RL PARD-2 And MathRL Proof Gates,oci-hsg-cs-001-vscode-02,2026-06-15 04:10:18 PDT,3308774,specdec-pard2-steps1-20260614_oci_hsg_swerl_qwen235b_fullgrpo_pard2_pyoverlay_eager_nolevel_r16,PENDING,Priority,2026-06-15T11:20:00,0:00,16,nemotron_n3_post,,1,0,/lustre/fs1/portfolios/coreai/projects/coreai_dlalgo_nemorl/users/sna/swerl_fullgrpo_logs/20260614_oci_hsg_swerl_qwen235b_fullgrpo_pard2_pyoverlay_eager_nolevel_r16/pard2_steps1/latest_235b_scale_gen_job_id.txt,false
2026-06-15 04:10:18 PDT,OCI-HSG SWE-RL PARD-2 And MathRL Proof Gates,oci-hsg-cs-001-vscode-02,2026-06-15 04:10:18 PDT,3315382,online-qwen235b-mathrl-main-pard_k5-fixed256-step10-N32xG4,PENDING,Priority,2026-06-15T11:29:28,0:00,32,nemotron_n3_post,,0,0,,false
2026-06-15 04:10:18 PDT,OCI-HSG SWE-RL PARD-2 And MathRL Proof Gates,oci-hsg-cs-001-vscode-02,2026-06-15 04:10:18 PDT,3315380,online-qwen235b-mathrl-main-baseline-fixed256-step10-N32xG4,PENDING,Priority,2026-06-15T11:20:00,0:00,32,nemotron_n3_post,,0,0,,false
2026-06-15 04:10:18 PDT,OCI-HSG SWE-RL PARD-2 And MathRL Proof Gates,oci-hsg-cs-001-vscode-02,2026-06-15 04:10:18 PDT,3315381,online-qwen235b-mathrl-main-pard_k3-fixed256-step10-N32xG4,PENDING,Priority,2026-06-15T11:20:00,0:00,32,nemotron_n3_post,,0,0,,false
2026-06-15 04:10:55 PDT,Lyris SWE-RL TE-Arch/PARD Proof Gates,login-lyris02.lyris.clusters.nvidia.com,2026-06-15 04:10:55 PDT,2126895,specdec-baseline-steps1-20260615_lyris_swerl_qwen235b_fullgrpo_tearchfix_r28,PENDING,Priority,2026-06-15T07:55:00,0:00,16,coreai_dlalgo_llm,,1,0,/lustre/fsw/coreai_dlalgo_llm/users/sna/swerl_fullgrpo_logs/20260615_lyris_swerl_qwen235b_fullgrpo_tearchfix_r28/baseline_steps1/latest_235b_scale_gen_job_id.txt,false
2026-06-15 04:10:55 PDT,Lyris SWE-RL TE-Arch/PARD Proof Gates,login-lyris02.lyris.clusters.nvidia.com,2026-06-15 04:10:55 PDT,2126915,specdec-pard2-steps1-20260615_lyris_swerl_qwen235b_fullgrpo_tearchfix_r28_afterok,PENDING,Dependency,N/A,0:00,16,coreai_dlalgo_llm,,1,0,/lustre/fsw/coreai_dlalgo_llm/users/sna/swerl_fullgrpo_logs/20260615_lyris_swerl_qwen235b_fullgrpo_tearchfix_r28_afterok/pard2_steps1/latest_235b_scale_gen_job_id.txt,false
2026-06-15 04:10:55 PDT,Lyris SWE-RL TE-Arch/PARD Proof Gates,login-lyris02.lyris.clusters.nvidia.com,2026-06-15 04:10:55 PDT,2126914,specdec-pard-steps1-20260615_lyris_swerl_qwen235b_fullgrpo_tearchfix_r28_afterok,PENDING,Dependency,N/A,0:00,16,coreai_dlalgo_llm,,1,0,/lustre/fsw/coreai_dlalgo_llm/users/sna/swerl_fullgrpo_logs/20260615_lyris_swerl_qwen235b_fullgrpo_tearchfix_r28_afterok/pard_steps1/latest_235b_scale_gen_job_id.txt,false
2026-06-15 04:10:55 PDT,OCI-HSG SWE-RL PARD-2 And MathRL Proof Gates,oci-hsg-cs-001-vscode-02,2026-06-15 04:10:56 PDT,3308774,specdec-pard2-steps1-20260614_oci_hsg_swerl_qwen235b_fullgrpo_pard2_pyoverlay_eager_nolevel_r16,PENDING,Priority,2026-06-15T11:20:00,0:00,16,nemotron_n3_post,,1,0,/lustre/fs1/portfolios/coreai/projects/coreai_dlalgo_nemorl/users/sna/swerl_fullgrpo_logs/20260614_oci_hsg_swerl_qwen235b_fullgrpo_pard2_pyoverlay_eager_nolevel_r16/pard2_steps1/latest_235b_scale_gen_job_id.txt,false
2026-06-15 04:10:55 PDT,OCI-HSG SWE-RL PARD-2 And MathRL Proof Gates,oci-hsg-cs-001-vscode-02,2026-06-15 04:10:56 PDT,3315382,online-qwen235b-mathrl-main-pard_k5-fixed256-step10-N32xG4,PENDING,Priority,2026-06-15T11:29:28,0:00,32,nemotron_n3_post,,0,0,,false
2026-06-15 04:10:55 PDT,OCI-HSG SWE-RL PARD-2 And MathRL Proof Gates,oci-hsg-cs-001-vscode-02,2026-06-15 04:10:56 PDT,3315380,online-qwen235b-mathrl-main-baseline-fixed256-step10-N32xG4,PENDING,Priority,2026-06-15T11:20:00,0:00,32,nemotron_n3_post,,0,0,,false
2026-06-15 04:10:55 PDT,OCI-HSG SWE-RL PARD-2 And MathRL Proof Gates,oci-hsg-cs-001-vscode-02,2026-06-15 04:10:56 PDT,3315381,online-qwen235b-mathrl-main-pard_k3-fixed256-step10-N32xG4,PENDING,Priority,2026-06-15T11:20:00,0:00,32,nemotron_n3_post,,0,0,,false
2026-06-15 04:13:28 PDT,Lyris SWE-RL TE-Arch/PARD Proof Gates,login-lyris02.lyris.clusters.nvidia.com,2026-06-15 04:13:29 PDT,2126895,specdec-baseline-steps1-20260615_lyris_swerl_qwen235b_fullgrpo_tearchfix_r28,PENDING,Priority,2026-06-15T07:55:00,0:00,16,coreai_dlalgo_llm,,1,0,/lustre/fsw/coreai_dlalgo_llm/users/sna/swerl_fullgrpo_logs/20260615_lyris_swerl_qwen235b_fullgrpo_tearchfix_r28/baseline_steps1/latest_235b_scale_gen_job_id.txt,false
2026-06-15 04:13:28 PDT,Lyris SWE-RL TE-Arch/PARD Proof Gates,login-lyris02.lyris.clusters.nvidia.com,2026-06-15 04:13:29 PDT,2126915,specdec-pard2-steps1-20260615_lyris_swerl_qwen235b_fullgrpo_tearchfix_r28_afterok,PENDING,Dependency,N/A,0:00,16,coreai_dlalgo_llm,,1,0,/lustre/fsw/coreai_dlalgo_llm/users/sna/swerl_fullgrpo_logs/20260615_lyris_swerl_qwen235b_fullgrpo_tearchfix_r28_afterok/pard2_steps1/latest_235b_scale_gen_job_id.txt,false
2026-06-15 04:13:28 PDT,Lyris SWE-RL TE-Arch/PARD Proof Gates,login-lyris02.lyris.clusters.nvidia.com,2026-06-15 04:13:29 PDT,2126914,specdec-pard-steps1-20260615_lyris_swerl_qwen235b_fullgrpo_tearchfix_r28_afterok,PENDING,Dependency,N/A,0:00,16,coreai_dlalgo_llm,,1,0,/lustre/fsw/coreai_dlalgo_llm/users/sna/swerl_fullgrpo_logs/20260615_lyris_swerl_qwen235b_fullgrpo_tearchfix_r28_afterok/pard_steps1/latest_235b_scale_gen_job_id.txt,false
2026-06-15 04:13:28 PDT,OCI-HSG SWE-RL PARD-2 And MathRL Proof Gates,oci-hsg-cs-001-vscode-02,2026-06-15 04:13:30 PDT,3308774,specdec-pard2-steps1-20260614_oci_hsg_swerl_qwen235b_fullgrpo_pard2_pyoverlay_eager_nolevel_r16,PENDING,Priority,2026-06-15T11:10:00,0:00,16,nemotron_n3_post,,1,0,/lustre/fs1/portfolios/coreai/projects/coreai_dlalgo_nemorl/users/sna/swerl_fullgrpo_logs/20260614_oci_hsg_swerl_qwen235b_fullgrpo_pard2_pyoverlay_eager_nolevel_r16/pard2_steps1/latest_235b_scale_gen_job_id.txt,false
2026-06-15 04:13:28 PDT,OCI-HSG SWE-RL PARD-2 And MathRL Proof Gates,oci-hsg-cs-001-vscode-02,2026-06-15 04:13:30 PDT,3315382,online-qwen235b-mathrl-main-pard_k5-fixed256-step10-N32xG4,PENDING,Priority,2026-06-15T12:00:00,0:00,32,nemotron_n3_post,,0,0,,false
2026-06-15 04:13:28 PDT,OCI-HSG SWE-RL PARD-2 And MathRL Proof Gates,oci-hsg-cs-001-vscode-02,2026-06-15 04:13:30 PDT,3315381,online-qwen235b-mathrl-main-pard_k3-fixed256-step10-N32xG4,PENDING,Priority,2026-06-15T11:36:17,0:00,32,nemotron_n3_post,,0,0,,false
2026-06-15 04:13:28 PDT,OCI-HSG SWE-RL PARD-2 And MathRL Proof Gates,oci-hsg-cs-001-vscode-02,2026-06-15 04:13:30 PDT,3315380,online-qwen235b-mathrl-main-baseline-fixed256-step10-N32xG4,PENDING,Priority,2026-06-15T11:10:00,0:00,32,nemotron_n3_post,,0,0,,false
2026-06-15 04:16:05 PDT,Lyris SWE-RL TE-Arch/PARD Proof Gates,login-lyris02.lyris.clusters.nvidia.com,2026-06-15 04:16:05 PDT,2126895,specdec-baseline-steps1-20260615_lyris_swerl_qwen235b_fullgrpo_tearchfix_r28,PENDING,Priority,2026-06-15T07:55:00,0:00,16,coreai_dlalgo_llm,,1,0,/lustre/fsw/coreai_dlalgo_llm/users/sna/swerl_fullgrpo_logs/20260615_lyris_swerl_qwen235b_fullgrpo_tearchfix_r28/baseline_steps1/latest_235b_scale_gen_job_id.txt,false
2026-06-15 04:16:05 PDT,Lyris SWE-RL TE-Arch/PARD Proof Gates,login-lyris02.lyris.clusters.nvidia.com,2026-06-15 04:16:05 PDT,2126915,specdec-pard2-steps1-20260615_lyris_swerl_qwen235b_fullgrpo_tearchfix_r28_afterok,PENDING,Dependency,N/A,0:00,16,coreai_dlalgo_llm,,1,0,/lustre/fsw/coreai_dlalgo_llm/users/sna/swerl_fullgrpo_logs/20260615_lyris_swerl_qwen235b_fullgrpo_tearchfix_r28_afterok/pard2_steps1/latest_235b_scale_gen_job_id.txt,false
2026-06-15 04:16:05 PDT,Lyris SWE-RL TE-Arch/PARD Proof Gates,login-lyris02.lyris.clusters.nvidia.com,2026-06-15 04:16:05 PDT,2126914,specdec-pard-steps1-20260615_lyris_swerl_qwen235b_fullgrpo_tearchfix_r28_afterok,PENDING,Dependency,N/A,0:00,16,coreai_dlalgo_llm,,1,0,/lustre/fsw/coreai_dlalgo_llm/users/sna/swerl_fullgrpo_logs/20260615_lyris_swerl_qwen235b_fullgrpo_tearchfix_r28_afterok/pard_steps1/latest_235b_scale_gen_job_id.txt,false
2026-06-15 04:16:05 PDT,OCI-HSG SWE-RL PARD-2 And MathRL Proof Gates,oci-hsg-cs-001-vscode-02,2026-06-15 04:16:06 PDT,3308774,specdec-pard2-steps1-20260614_oci_hsg_swerl_qwen235b_fullgrpo_pard2_pyoverlay_eager_nolevel_r16,PENDING,Priority,2026-06-15T11:30:00,0:00,16,nemotron_n3_post,,1,0,/lustre/fs1/portfolios/coreai/projects/coreai_dlalgo_nemorl/users/sna/swerl_fullgrpo_logs/20260614_oci_hsg_swerl_qwen235b_fullgrpo_pard2_pyoverlay_eager_nolevel_r16/pard2_steps1/latest_235b_scale_gen_job_id.txt,false
2026-06-15 04:16:05 PDT,OCI-HSG SWE-RL PARD-2 And MathRL Proof Gates,oci-hsg-cs-001-vscode-02,2026-06-15 04:16:06 PDT,3315380,online-qwen235b-mathrl-main-baseline-fixed256-step10-N32xG4,PENDING,Priority,2026-06-15T11:30:00,0:00,32,nemotron_n3_post,,0,0,,false
2026-06-15 04:16:05 PDT,OCI-HSG SWE-RL PARD-2 And MathRL Proof Gates,oci-hsg-cs-001-vscode-02,2026-06-15 04:16:06 PDT,3315381,online-qwen235b-mathrl-main-pard_k3-fixed256-step10-N32xG4,PENDING,Priority,2026-06-15T11:30:00,0:00,32,nemotron_n3_post,,0,0,,false
2026-06-15 04:16:05 PDT,OCI-HSG SWE-RL PARD-2 And MathRL Proof Gates,oci-hsg-cs-001-vscode-02,2026-06-15 04:16:06 PDT,3315382,online-qwen235b-mathrl-main-pard_k5-fixed256-step10-N32xG4,PENDING,Priority,2026-06-15T11:30:00,0:00,32,nemotron_n3_post,,0,0,,false
2026-06-15 04:18:39 PDT,Lyris SWE-RL TE-Arch/PARD Proof Gates,login-lyris02.lyris.clusters.nvidia.com,2026-06-15 04:18:40 PDT,2126895,specdec-baseline-steps1-20260615_lyris_swerl_qwen235b_fullgrpo_tearchfix_r28,PENDING,Priority,2026-06-15T07:55:00,0:00,16,coreai_dlalgo_llm,,1,0,/lustre/fsw/coreai_dlalgo_llm/users/sna/swerl_fullgrpo_logs/20260615_lyris_swerl_qwen235b_fullgrpo_tearchfix_r28/baseline_steps1/latest_235b_scale_gen_job_id.txt,false
2026-06-15 04:18:39 PDT,Lyris SWE-RL TE-Arch/PARD Proof Gates,login-lyris02.lyris.clusters.nvidia.com,2026-06-15 04:18:40 PDT,2126915,specdec-pard2-steps1-20260615_lyris_swerl_qwen235b_fullgrpo_tearchfix_r28_afterok,PENDING,Dependency,N/A,0:00,16,coreai_dlalgo_llm,,1,0,/lustre/fsw/coreai_dlalgo_llm/users/sna/swerl_fullgrpo_logs/20260615_lyris_swerl_qwen235b_fullgrpo_tearchfix_r28_afterok/pard2_steps1/latest_235b_scale_gen_job_id.txt,false
2026-06-15 04:18:39 PDT,Lyris SWE-RL TE-Arch/PARD Proof Gates,login-lyris02.lyris.clusters.nvidia.com,2026-06-15 04:18:40 PDT,2126914,specdec-pard-steps1-20260615_lyris_swerl_qwen235b_fullgrpo_tearchfix_r28_afterok,PENDING,Dependency,N/A,0:00,16,coreai_dlalgo_llm,,1,0,/lustre/fsw/coreai_dlalgo_llm/users/sna/swerl_fullgrpo_logs/20260615_lyris_swerl_qwen235b_fullgrpo_tearchfix_r28_afterok/pard_steps1/latest_235b_scale_gen_job_id.txt,false
2026-06-15 04:18:39 PDT,OCI-HSG SWE-RL PARD-2 And MathRL Proof Gates,oci-hsg-cs-001-vscode-02,2026-06-15 04:18:40 PDT,3308774,specdec-pard2-steps1-20260614_oci_hsg_swerl_qwen235b_fullgrpo_pard2_pyoverlay_eager_nolevel_r16,PENDING,Priority,N/A,0:00,16,nemotron_n3_post,,1,0,/lustre/fs1/portfolios/coreai/projects/coreai_dlalgo_nemorl/users/sna/swerl_fullgrpo_logs/20260614_oci_hsg_swerl_qwen235b_fullgrpo_pard2_pyoverlay_eager_nolevel_r16/pard2_steps1/latest_235b_scale_gen_job_id.txt,false
2026-06-15 04:18:39 PDT,OCI-HSG SWE-RL PARD-2 And MathRL Proof Gates,oci-hsg-cs-001-vscode-02,2026-06-15 04:18:40 PDT,3315382,online-qwen235b-mathrl-main-pard_k5-fixed256-step10-N32xG4,PENDING,Priority,N/A,0:00,32,nemotron_n3_post,,0,0,,false
2026-06-15 04:18:39 PDT,OCI-HSG SWE-RL PARD-2 And MathRL Proof Gates,oci-hsg-cs-001-vscode-02,2026-06-15 04:18:40 PDT,3315381,online-qwen235b-mathrl-main-pard_k3-fixed256-step10-N32xG4,PENDING,Priority,N/A,0:00,32,nemotron_n3_post,,0,0,,false
2026-06-15 04:18:39 PDT,OCI-HSG SWE-RL PARD-2 And MathRL Proof Gates,oci-hsg-cs-001-vscode-02,2026-06-15 04:18:40 PDT,3315380,online-qwen235b-mathrl-main-baseline-fixed256-step10-N32xG4,PENDING,Priority,N/A,0:00,32,nemotron_n3_post,,0,0,,false
2026-06-15 04:20:01 PDT,Lyris SWE-RL TE-Arch/PARD Proof Gates,login-lyris02.lyris.clusters.nvidia.com,2026-06-15 04:20:02 PDT,2126895,specdec-baseline-steps1-20260615_lyris_swerl_qwen235b_fullgrpo_tearchfix_r28,PENDING,Priority,2026-06-15T07:55:00,0:00,16,coreai_dlalgo_llm,,1,0,/lustre/fsw/coreai_dlalgo_llm/users/sna/swerl_fullgrpo_logs/20260615_lyris_swerl_qwen235b_fullgrpo_tearchfix_r28/baseline_steps1/latest_235b_scale_gen_job_id.txt,false
2026-06-15 04:20:01 PDT,Lyris SWE-RL TE-Arch/PARD Proof Gates,login-lyris02.lyris.clusters.nvidia.com,2026-06-15 04:20:02 PDT,2126915,specdec-pard2-steps1-20260615_lyris_swerl_qwen235b_fullgrpo_tearchfix_r28_afterok,PENDING,Dependency,N/A,0:00,16,coreai_dlalgo_llm,,1,0,/lustre/fsw/coreai_dlalgo_llm/users/sna/swerl_fullgrpo_logs/20260615_lyris_swerl_qwen235b_fullgrpo_tearchfix_r28_afterok/pard2_steps1/latest_235b_scale_gen_job_id.txt,false
2026-06-15 04:20:01 PDT,Lyris SWE-RL TE-Arch/PARD Proof Gates,login-lyris02.lyris.clusters.nvidia.com,2026-06-15 04:20:02 PDT,2126914,specdec-pard-steps1-20260615_lyris_swerl_qwen235b_fullgrpo_tearchfix_r28_afterok,PENDING,Dependency,N/A,0:00,16,coreai_dlalgo_llm,,1,0,/lustre/fsw/coreai_dlalgo_llm/users/sna/swerl_fullgrpo_logs/20260615_lyris_swerl_qwen235b_fullgrpo_tearchfix_r28_afterok/pard_steps1/latest_235b_scale_gen_job_id.txt,false
2026-06-15 04:20:01 PDT,OCI-HSG SWE-RL PARD-2 And MathRL Proof Gates,oci-hsg-cs-001-vscode-02,2026-06-15 04:20:02 PDT,3308774,specdec-pard2-steps1-20260614_oci_hsg_swerl_qwen235b_fullgrpo_pard2_pyoverlay_eager_nolevel_r16,PENDING,Priority,2026-06-15T11:40:00,0:00,16,nemotron_n3_post,,1,0,/lustre/fs1/portfolios/coreai/projects/coreai_dlalgo_nemorl/users/sna/swerl_fullgrpo_logs/20260614_oci_hsg_swerl_qwen235b_fullgrpo_pard2_pyoverlay_eager_nolevel_r16/pard2_steps1/latest_235b_scale_gen_job_id.txt,false
2026-06-15 04:20:01 PDT,OCI-HSG SWE-RL PARD-2 And MathRL Proof Gates,oci-hsg-cs-001-vscode-02,2026-06-15 04:20:02 PDT,3315380,online-qwen235b-mathrl-main-baseline-fixed256-step10-N32xG4,PENDING,Priority,2026-06-15T11:50:00,0:00,32,nemotron_n3_post,,0,0,,false
2026-06-15 04:20:01 PDT,OCI-HSG SWE-RL PARD-2 And MathRL Proof Gates,oci-hsg-cs-001-vscode-02,2026-06-15 04:20:02 PDT,3315381,online-qwen235b-mathrl-main-pard_k3-fixed256-step10-N32xG4,PENDING,Priority,2026-06-15T11:50:00,0:00,32,nemotron_n3_post,,0,0,,false
2026-06-15 04:20:01 PDT,OCI-HSG SWE-RL PARD-2 And MathRL Proof Gates,oci-hsg-cs-001-vscode-02,2026-06-15 04:20:02 PDT,3315382,online-qwen235b-mathrl-main-pard_k5-fixed256-step10-N32xG4,PENDING,Priority,2026-06-15T11:50:00,0:00,32,nemotron_n3_post,,0,0,,false
2026-06-15 04:24:21 PDT,Lyris SWE-RL TE-Arch/PARD Proof Gates,login-lyris02.lyris.clusters.nvidia.com,2026-06-15 04:24:22 PDT,2126895,specdec-baseline-steps1-20260615_lyris_swerl_qwen235b_fullgrpo_tearchfix_r28,PENDING,Priority,2026-06-15T07:55:00,0:00,16,coreai_dlalgo_llm,,1,0,/lustre/fsw/coreai_dlalgo_llm/users/sna/swerl_fullgrpo_logs/20260615_lyris_swerl_qwen235b_fullgrpo_tearchfix_r28/baseline_steps1/latest_235b_scale_gen_job_id.txt,false
2026-06-15 04:24:21 PDT,Lyris SWE-RL TE-Arch/PARD Proof Gates,login-lyris02.lyris.clusters.nvidia.com,2026-06-15 04:24:22 PDT,2126915,specdec-pard2-steps1-20260615_lyris_swerl_qwen235b_fullgrpo_tearchfix_r28_afterok,PENDING,Dependency,N/A,0:00,16,coreai_dlalgo_llm,,1,0,/lustre/fsw/coreai_dlalgo_llm/users/sna/swerl_fullgrpo_logs/20260615_lyris_swerl_qwen235b_fullgrpo_tearchfix_r28_afterok/pard2_steps1/latest_235b_scale_gen_job_id.txt,false
2026-06-15 04:24:21 PDT,Lyris SWE-RL TE-Arch/PARD Proof Gates,login-lyris02.lyris.clusters.nvidia.com,2026-06-15 04:24:22 PDT,2126914,specdec-pard-steps1-20260615_lyris_swerl_qwen235b_fullgrpo_tearchfix_r28_afterok,PENDING,Dependency,N/A,0:00,16,coreai_dlalgo_llm,,1,0,/lustre/fsw/coreai_dlalgo_llm/users/sna/swerl_fullgrpo_logs/20260615_lyris_swerl_qwen235b_fullgrpo_tearchfix_r28_afterok/pard_steps1/latest_235b_scale_gen_job_id.txt,false
2026-06-15 04:24:21 PDT,OCI-HSG SWE-RL PARD-2 And MathRL Proof Gates,oci-hsg-cs-001-vscode-02,2026-06-15 04:24:23 PDT,3308774,specdec-pard2-steps1-20260614_oci_hsg_swerl_qwen235b_fullgrpo_pard2_pyoverlay_eager_nolevel_r16,PENDING,Priority,N/A,0:00,16,nemotron_n3_post,,1,0,/lustre/fs1/portfolios/coreai/projects/coreai_dlalgo_nemorl/users/sna/swerl_fullgrpo_logs/20260614_oci_hsg_swerl_qwen235b_fullgrpo_pard2_pyoverlay_eager_nolevel_r16/pard2_steps1/latest_235b_scale_gen_job_id.txt,false
2026-06-15 04:24:21 PDT,OCI-HSG SWE-RL PARD-2 And MathRL Proof Gates,oci-hsg-cs-001-vscode-02,2026-06-15 04:24:23 PDT,3315382,online-qwen235b-mathrl-main-pard_k5-fixed256-step10-N32xG4,PENDING,Priority,N/A,0:00,32,nemotron_n3_post,,0,0,,false
2026-06-15 04:24:21 PDT,OCI-HSG SWE-RL PARD-2 And MathRL Proof Gates,oci-hsg-cs-001-vscode-02,2026-06-15 04:24:23 PDT,3315381,online-qwen235b-mathrl-main-pard_k3-fixed256-step10-N32xG4,PENDING,Priority,N/A,0:00,32,nemotron_n3_post,,0,0,,false
2026-06-15 04:24:21 PDT,OCI-HSG SWE-RL PARD-2 And MathRL Proof Gates,oci-hsg-cs-001-vscode-02,2026-06-15 04:24:23 PDT,3315380,online-qwen235b-mathrl-main-baseline-fixed256-step10-N32xG4,PENDING,Priority,N/A,0:00,32,nemotron_n3_post,,0,0,,false
2026-06-15 04:27:09 PDT,Lyris SWE-RL TE-Arch/PARD Proof Gates,login-lyris02.lyris.clusters.nvidia.com,2026-06-15 04:27:09 PDT,2126895,specdec-baseline-steps1-20260615_lyris_swerl_qwen235b_fullgrpo_tearchfix_r28,PENDING,Priority,2026-06-15T07:55:00,0:00,16,coreai_dlalgo_llm,,1,0,/lustre/fsw/coreai_dlalgo_llm/users/sna/swerl_fullgrpo_logs/20260615_lyris_swerl_qwen235b_fullgrpo_tearchfix_r28/baseline_steps1/latest_235b_scale_gen_job_id.txt,false
2026-06-15 04:27:09 PDT,Lyris SWE-RL TE-Arch/PARD Proof Gates,login-lyris02.lyris.clusters.nvidia.com,2026-06-15 04:27:09 PDT,2126915,specdec-pard2-steps1-20260615_lyris_swerl_qwen235b_fullgrpo_tearchfix_r28_afterok,PENDING,Dependency,N/A,0:00,16,coreai_dlalgo_llm,,1,0,/lustre/fsw/coreai_dlalgo_llm/users/sna/swerl_fullgrpo_logs/20260615_lyris_swerl_qwen235b_fullgrpo_tearchfix_r28_afterok/pard2_steps1/latest_235b_scale_gen_job_id.txt,false
2026-06-15 04:27:09 PDT,Lyris SWE-RL TE-Arch/PARD Proof Gates,login-lyris02.lyris.clusters.nvidia.com,2026-06-15 04:27:09 PDT,2126914,specdec-pard-steps1-20260615_lyris_swerl_qwen235b_fullgrpo_tearchfix_r28_afterok,PENDING,Dependency,N/A,0:00,16,coreai_dlalgo_llm,,1,0,/lustre/fsw/coreai_dlalgo_llm/users/sna/swerl_fullgrpo_logs/20260615_lyris_swerl_qwen235b_fullgrpo_tearchfix_r28_afterok/pard_steps1/latest_235b_scale_gen_job_id.txt,false
2026-06-15 04:27:09 PDT,OCI-HSG SWE-RL PARD-2 And MathRL Proof Gates,oci-hsg-cs-001-vscode-02,2026-06-15 04:27:10 PDT,3308774,specdec-pard2-steps1-20260614_oci_hsg_swerl_qwen235b_fullgrpo_pard2_pyoverlay_eager_nolevel_r16,PENDING,Priority,2026-06-15T12:00:00,0:00,16,nemotron_n3_post,,1,0,/lustre/fs1/portfolios/coreai/projects/coreai_dlalgo_nemorl/users/sna/swerl_fullgrpo_logs/20260614_oci_hsg_swerl_qwen235b_fullgrpo_pard2_pyoverlay_eager_nolevel_r16/pard2_steps1/latest_235b_scale_gen_job_id.txt,false
2026-06-15 04:27:09 PDT,OCI-HSG SWE-RL PARD-2 And MathRL Proof Gates,oci-hsg-cs-001-vscode-02,2026-06-15 04:27:10 PDT,3315381,online-qwen235b-mathrl-main-pard_k3-fixed256-step10-N32xG4,PENDING,Priority,2026-06-15T12:30:00,0:00,32,nemotron_n3_post,,0,0,,false
2026-06-15 04:27:09 PDT,OCI-HSG SWE-RL PARD-2 And MathRL Proof Gates,oci-hsg-cs-001-vscode-02,2026-06-15 04:27:10 PDT,3315382,online-qwen235b-mathrl-main-pard_k5-fixed256-step10-N32xG4,PENDING,Priority,2026-06-15T12:30:00,0:00,32,nemotron_n3_post,,0,0,,false
2026-06-15 04:27:09 PDT,OCI-HSG SWE-RL PARD-2 And MathRL Proof Gates,oci-hsg-cs-001-vscode-02,2026-06-15 04:27:10 PDT,3315380,online-qwen235b-mathrl-main-baseline-fixed256-step10-N32xG4,PENDING,Priority,2026-06-15T12:00:00,0:00,32,nemotron_n3_post,,0,0,,false
2026-06-15 04:30:28 PDT,Lyris SWE-RL TE-Arch/PARD Proof Gates,login-lyris02.lyris.clusters.nvidia.com,2026-06-15 04:30:28 PDT,2126895,specdec-baseline-steps1-20260615_lyris_swerl_qwen235b_fullgrpo_tearchfix_r28,PENDING,Priority,2026-06-15T07:33:00,0:00,16,coreai_dlalgo_llm,,1,0,/lustre/fsw/coreai_dlalgo_llm/users/sna/swerl_fullgrpo_logs/20260615_lyris_swerl_qwen235b_fullgrpo_tearchfix_r28/baseline_steps1/latest_235b_scale_gen_job_id.txt,false
2026-06-15 04:30:28 PDT,Lyris SWE-RL TE-Arch/PARD Proof Gates,login-lyris02.lyris.clusters.nvidia.com,2026-06-15 04:30:28 PDT,2126915,specdec-pard2-steps1-20260615_lyris_swerl_qwen235b_fullgrpo_tearchfix_r28_afterok,PENDING,Dependency,N/A,0:00,16,coreai_dlalgo_llm,,1,0,/lustre/fsw/coreai_dlalgo_llm/users/sna/swerl_fullgrpo_logs/20260615_lyris_swerl_qwen235b_fullgrpo_tearchfix_r28_afterok/pard2_steps1/latest_235b_scale_gen_job_id.txt,false
2026-06-15 04:30:28 PDT,Lyris SWE-RL TE-Arch/PARD Proof Gates,login-lyris02.lyris.clusters.nvidia.com,2026-06-15 04:30:28 PDT,2126914,specdec-pard-steps1-20260615_lyris_swerl_qwen235b_fullgrpo_tearchfix_r28_afterok,PENDING,Dependency,N/A,0:00,16,coreai_dlalgo_llm,,1,0,/lustre/fsw/coreai_dlalgo_llm/users/sna/swerl_fullgrpo_logs/20260615_lyris_swerl_qwen235b_fullgrpo_tearchfix_r28_afterok/pard_steps1/latest_235b_scale_gen_job_id.txt,false
2026-06-15 04:30:28 PDT,OCI-HSG SWE-RL PARD-2 And MathRL Proof Gates,oci-hsg-cs-001-vscode-02,2026-06-15 04:30:29 PDT,3308774,specdec-pard2-steps1-20260614_oci_hsg_swerl_qwen235b_fullgrpo_pard2_pyoverlay_eager_nolevel_r16,PENDING,Priority,2026-06-15T12:20:00,0:00,16,nemotron_n3_post,,1,0,/lustre/fs1/portfolios/coreai/projects/coreai_dlalgo_nemorl/users/sna/swerl_fullgrpo_logs/20260614_oci_hsg_swerl_qwen235b_fullgrpo_pard2_pyoverlay_eager_nolevel_r16/pard2_steps1/latest_235b_scale_gen_job_id.txt,false
2026-06-15 04:30:28 PDT,OCI-HSG SWE-RL PARD-2 And MathRL Proof Gates,oci-hsg-cs-001-vscode-02,2026-06-15 04:30:29 PDT,3315380,online-qwen235b-mathrl-main-baseline-fixed256-step10-N32xG4,PENDING,Priority,2026-06-15T12:30:00,0:00,32,nemotron_n3_post,,0,0,,false
2026-06-15 04:30:28 PDT,OCI-HSG SWE-RL PARD-2 And MathRL Proof Gates,oci-hsg-cs-001-vscode-02,2026-06-15 04:30:29 PDT,3315381,online-qwen235b-mathrl-main-pard_k3-fixed256-step10-N32xG4,PENDING,Priority,2026-06-15T12:30:00,0:00,32,nemotron_n3_post,,0,0,,false
2026-06-15 04:30:28 PDT,OCI-HSG SWE-RL PARD-2 And MathRL Proof Gates,oci-hsg-cs-001-vscode-02,2026-06-15 04:30:29 PDT,3315382,online-qwen235b-mathrl-main-pard_k5-fixed256-step10-N32xG4,PENDING,Priority,2026-06-15T12:30:00,0:00,32,nemotron_n3_post,,0,0,,false
2026-06-15 04:32:28 PDT,Lyris SWE-RL TE-Arch/PARD Proof Gates,login-lyris02.lyris.clusters.nvidia.com,2026-06-15 04:32:28 PDT,2126895,specdec-baseline-steps1-20260615_lyris_swerl_qwen235b_fullgrpo_tearchfix_r28,PENDING,Priority,2026-06-15T07:33:00,0:00,16,coreai_dlalgo_llm,,1,0,/lustre/fsw/coreai_dlalgo_llm/users/sna/swerl_fullgrpo_logs/20260615_lyris_swerl_qwen235b_fullgrpo_tearchfix_r28/baseline_steps1/latest_235b_scale_gen_job_id.txt,false
2026-06-15 04:32:28 PDT,Lyris SWE-RL TE-Arch/PARD Proof Gates,login-lyris02.lyris.clusters.nvidia.com,2026-06-15 04:32:28 PDT,2126915,specdec-pard2-steps1-20260615_lyris_swerl_qwen235b_fullgrpo_tearchfix_r28_afterok,PENDING,Dependency,N/A,0:00,16,coreai_dlalgo_llm,,1,0,/lustre/fsw/coreai_dlalgo_llm/users/sna/swerl_fullgrpo_logs/20260615_lyris_swerl_qwen235b_fullgrpo_tearchfix_r28_afterok/pard2_steps1/latest_235b_scale_gen_job_id.txt,false
2026-06-15 04:32:28 PDT,Lyris SWE-RL TE-Arch/PARD Proof Gates,login-lyris02.lyris.clusters.nvidia.com,2026-06-15 04:32:28 PDT,2126914,specdec-pard-steps1-20260615_lyris_swerl_qwen235b_fullgrpo_tearchfix_r28_afterok,PENDING,Dependency,N/A,0:00,16,coreai_dlalgo_llm,,1,0,/lustre/fsw/coreai_dlalgo_llm/users/sna/swerl_fullgrpo_logs/20260615_lyris_swerl_qwen235b_fullgrpo_tearchfix_r28_afterok/pard_steps1/latest_235b_scale_gen_job_id.txt,false
2026-06-15 04:32:28 PDT,OCI-HSG SWE-RL PARD-2 And MathRL Proof Gates,oci-hsg-cs-001-vscode-02,2026-06-15 04:32:29 PDT,3308774,specdec-pard2-steps1-20260614_oci_hsg_swerl_qwen235b_fullgrpo_pard2_pyoverlay_eager_nolevel_r16,PENDING,Priority,N/A,0:00,16,nemotron_n3_post,,1,0,/lustre/fs1/portfolios/coreai/projects/coreai_dlalgo_nemorl/users/sna/swerl_fullgrpo_logs/20260614_oci_hsg_swerl_qwen235b_fullgrpo_pard2_pyoverlay_eager_nolevel_r16/pard2_steps1/latest_235b_scale_gen_job_id.txt,false
2026-06-15 04:32:28 PDT,OCI-HSG SWE-RL PARD-2 And MathRL Proof Gates,oci-hsg-cs-001-vscode-02,2026-06-15 04:32:29 PDT,3315382,online-qwen235b-mathrl-main-pard_k5-fixed256-step10-N32xG4,PENDING,Priority,N/A,0:00,32,nemotron_n3_post,,0,0,,false
2026-06-15 04:32:28 PDT,OCI-HSG SWE-RL PARD-2 And MathRL Proof Gates,oci-hsg-cs-001-vscode-02,2026-06-15 04:32:29 PDT,3315381,online-qwen235b-mathrl-main-pard_k3-fixed256-step10-N32xG4,PENDING,Priority,N/A,0:00,32,nemotron_n3_post,,0,0,,false
2026-06-15 04:32:28 PDT,OCI-HSG SWE-RL PARD-2 And MathRL Proof Gates,oci-hsg-cs-001-vscode-02,2026-06-15 04:32:29 PDT,3315380,online-qwen235b-mathrl-main-baseline-fixed256-step10-N32xG4,PENDING,Priority,N/A,0:00,32,nemotron_n3_post,,0,0,,false
2026-06-15 04:33:20 PDT,Lyris SWE-RL TE-Arch/PARD Proof Gates,login-lyris02.lyris.clusters.nvidia.com,2026-06-15 04:33:20 PDT,2126895,specdec-baseline-steps1-20260615_lyris_swerl_qwen235b_fullgrpo_tearchfix_r28,PENDING,Priority,2026-06-15T07:33:00,0:00,16,coreai_dlalgo_llm,,1,0,/lustre/fsw/coreai_dlalgo_llm/users/sna/swerl_fullgrpo_logs/20260615_lyris_swerl_qwen235b_fullgrpo_tearchfix_r28/baseline_steps1/latest_235b_scale_gen_job_id.txt,false
2026-06-15 04:33:20 PDT,Lyris SWE-RL TE-Arch/PARD Proof Gates,login-lyris02.lyris.clusters.nvidia.com,2026-06-15 04:33:20 PDT,2126915,specdec-pard2-steps1-20260615_lyris_swerl_qwen235b_fullgrpo_tearchfix_r28_afterok,PENDING,Dependency,N/A,0:00,16,coreai_dlalgo_llm,,1,0,/lustre/fsw/coreai_dlalgo_llm/users/sna/swerl_fullgrpo_logs/20260615_lyris_swerl_qwen235b_fullgrpo_tearchfix_r28_afterok/pard2_steps1/latest_235b_scale_gen_job_id.txt,false
2026-06-15 04:33:20 PDT,Lyris SWE-RL TE-Arch/PARD Proof Gates,login-lyris02.lyris.clusters.nvidia.com,2026-06-15 04:33:20 PDT,2126914,specdec-pard-steps1-20260615_lyris_swerl_qwen235b_fullgrpo_tearchfix_r28_afterok,PENDING,Dependency,N/A,0:00,16,coreai_dlalgo_llm,,1,0,/lustre/fsw/coreai_dlalgo_llm/users/sna/swerl_fullgrpo_logs/20260615_lyris_swerl_qwen235b_fullgrpo_tearchfix_r28_afterok/pard_steps1/latest_235b_scale_gen_job_id.txt,false
2026-06-15 04:33:20 PDT,OCI-HSG SWE-RL PARD-2 And MathRL Proof Gates,oci-hsg-cs-001-vscode-02,2026-06-15 04:33:21 PDT,3308774,specdec-pard2-steps1-20260614_oci_hsg_swerl_qwen235b_fullgrpo_pard2_pyoverlay_eager_nolevel_r16,PENDING,Priority,2026-06-15T12:30:00,0:00,16,nemotron_n3_post,,1,0,/lustre/fs1/portfolios/coreai/projects/coreai_dlalgo_nemorl/users/sna/swerl_fullgrpo_logs/20260614_oci_hsg_swerl_qwen235b_fullgrpo_pard2_pyoverlay_eager_nolevel_r16/pard2_steps1/latest_235b_scale_gen_job_id.txt,false
2026-06-15 04:33:20 PDT,OCI-HSG SWE-RL PARD-2 And MathRL Proof Gates,oci-hsg-cs-001-vscode-02,2026-06-15 04:33:21 PDT,3315381,online-qwen235b-mathrl-main-pard_k3-fixed256-step10-N32xG4,PENDING,Priority,2026-06-15T12:50:00,0:00,32,nemotron_n3_post,,0,0,,false
2026-06-15 04:33:20 PDT,OCI-HSG SWE-RL PARD-2 And MathRL Proof Gates,oci-hsg-cs-001-vscode-02,2026-06-15 04:33:21 PDT,3315382,online-qwen235b-mathrl-main-pard_k5-fixed256-step10-N32xG4,PENDING,Priority,2026-06-15T12:50:00,0:00,32,nemotron_n3_post,,0,0,,false
2026-06-15 04:33:20 PDT,OCI-HSG SWE-RL PARD-2 And MathRL Proof Gates,oci-hsg-cs-001-vscode-02,2026-06-15 04:33:21 PDT,3315380,online-qwen235b-mathrl-main-baseline-fixed256-step10-N32xG4,PENDING,Priority,2026-06-15T12:30:00,0:00,32,nemotron_n3_post,,0,0,,false
2026-06-15 04:36:13 PDT,Lyris SWE-RL TE-Arch/PARD Proof Gates,login-lyris02.lyris.clusters.nvidia.com,2026-06-15 04:36:13 PDT,2126895,specdec-baseline-steps1-20260615_lyris_swerl_qwen235b_fullgrpo_tearchfix_r28,PENDING,Priority,2026-06-15T08:13:00,0:00,16,coreai_dlalgo_llm,,1,0,/lustre/fsw/coreai_dlalgo_llm/users/sna/swerl_fullgrpo_logs/20260615_lyris_swerl_qwen235b_fullgrpo_tearchfix_r28/baseline_steps1/latest_235b_scale_gen_job_id.txt,false
2026-06-15 04:36:13 PDT,Lyris SWE-RL TE-Arch/PARD Proof Gates,login-lyris02.lyris.clusters.nvidia.com,2026-06-15 04:36:13 PDT,2126915,specdec-pard2-steps1-20260615_lyris_swerl_qwen235b_fullgrpo_tearchfix_r28_afterok,PENDING,Dependency,N/A,0:00,16,coreai_dlalgo_llm,,1,0,/lustre/fsw/coreai_dlalgo_llm/users/sna/swerl_fullgrpo_logs/20260615_lyris_swerl_qwen235b_fullgrpo_tearchfix_r28_afterok/pard2_steps1/latest_235b_scale_gen_job_id.txt,false
2026-06-15 04:36:13 PDT,Lyris SWE-RL TE-Arch/PARD Proof Gates,login-lyris02.lyris.clusters.nvidia.com,2026-06-15 04:36:13 PDT,2126914,specdec-pard-steps1-20260615_lyris_swerl_qwen235b_fullgrpo_tearchfix_r28_afterok,PENDING,Dependency,N/A,0:00,16,coreai_dlalgo_llm,,1,0,/lustre/fsw/coreai_dlalgo_llm/users/sna/swerl_fullgrpo_logs/20260615_lyris_swerl_qwen235b_fullgrpo_tearchfix_r28_afterok/pard_steps1/latest_235b_scale_gen_job_id.txt,false
2026-06-15 04:36:13 PDT,OCI-HSG SWE-RL PARD-2 And MathRL Proof Gates,oci-hsg-cs-001-vscode-02,2026-06-15 04:36:14 PDT,3308774,specdec-pard2-steps1-20260614_oci_hsg_swerl_qwen235b_fullgrpo_pard2_pyoverlay_eager_nolevel_r16,PENDING,Priority,N/A,0:00,16,nemotron_n3_post,,1,0,/lustre/fs1/portfolios/coreai/projects/coreai_dlalgo_nemorl/users/sna/swerl_fullgrpo_logs/20260614_oci_hsg_swerl_qwen235b_fullgrpo_pard2_pyoverlay_eager_nolevel_r16/pard2_steps1/latest_235b_scale_gen_job_id.txt,false
2026-06-15 04:36:13 PDT,OCI-HSG SWE-RL PARD-2 And MathRL Proof Gates,oci-hsg-cs-001-vscode-02,2026-06-15 04:36:14 PDT,3315382,online-qwen235b-mathrl-main-pard_k5-fixed256-step10-N32xG4,PENDING,Priority,N/A,0:00,32,nemotron_n3_post,,0,0,,false
2026-06-15 04:36:13 PDT,OCI-HSG SWE-RL PARD-2 And MathRL Proof Gates,oci-hsg-cs-001-vscode-02,2026-06-15 04:36:14 PDT,3315381,online-qwen235b-mathrl-main-pard_k3-fixed256-step10-N32xG4,PENDING,Priority,N/A,0:00,32,nemotron_n3_post,,0,0,,false
2026-06-15 04:36:13 PDT,OCI-HSG SWE-RL PARD-2 And MathRL Proof Gates,oci-hsg-cs-001-vscode-02,2026-06-15 04:36:14 PDT,3315380,online-qwen235b-mathrl-main-baseline-fixed256-step10-N32xG4,PENDING,Priority,N/A,0:00,32,nemotron_n3_post,,0,0,,false
2026-06-15 04:40:58 PDT,Lyris SWE-RL TE-Arch/PARD Proof Gates,login-lyris02.lyris.clusters.nvidia.com,2026-06-15 04:40:58 PDT,2126895,specdec-baseline-steps1-20260615_lyris_swerl_qwen235b_fullgrpo_tearchfix_r28,PENDING,Priority,2026-06-15T08:01:00,0:00,16,coreai_dlalgo_llm,,1,0,/lustre/fsw/coreai_dlalgo_llm/users/sna/swerl_fullgrpo_logs/20260615_lyris_swerl_qwen235b_fullgrpo_tearchfix_r28/baseline_steps1/latest_235b_scale_gen_job_id.txt,false
2026-06-15 04:40:58 PDT,Lyris SWE-RL TE-Arch/PARD Proof Gates,login-lyris02.lyris.clusters.nvidia.com,2026-06-15 04:40:58 PDT,2126915,specdec-pard2-steps1-20260615_lyris_swerl_qwen235b_fullgrpo_tearchfix_r28_afterok,PENDING,Dependency,N/A,0:00,16,coreai_dlalgo_llm,,1,0,/lustre/fsw/coreai_dlalgo_llm/users/sna/swerl_fullgrpo_logs/20260615_lyris_swerl_qwen235b_fullgrpo_tearchfix_r28_afterok/pard2_steps1/latest_235b_scale_gen_job_id.txt,false
2026-06-15 04:40:58 PDT,Lyris SWE-RL TE-Arch/PARD Proof Gates,login-lyris02.lyris.clusters.nvidia.com,2026-06-15 04:40:58 PDT,2126914,specdec-pard-steps1-20260615_lyris_swerl_qwen235b_fullgrpo_tearchfix_r28_afterok,PENDING,Dependency,N/A,0:00,16,coreai_dlalgo_llm,,1,0,/lustre/fsw/coreai_dlalgo_llm/users/sna/swerl_fullgrpo_logs/20260615_lyris_swerl_qwen235b_fullgrpo_tearchfix_r28_afterok/pard_steps1/latest_235b_scale_gen_job_id.txt,false
2026-06-15 04:40:58 PDT,OCI-HSG SWE-RL PARD-2 And MathRL Proof Gates,oci-hsg-cs-001-vscode-02,2026-06-15 04:40:59 PDT,3308774,specdec-pard2-steps1-20260614_oci_hsg_swerl_qwen235b_fullgrpo_pard2_pyoverlay_eager_nolevel_r16,PENDING,Priority,2026-06-15T17:50:00,0:00,16,nemotron_n3_post,,1,0,/lustre/fs1/portfolios/coreai/projects/coreai_dlalgo_nemorl/users/sna/swerl_fullgrpo_logs/20260614_oci_hsg_swerl_qwen235b_fullgrpo_pard2_pyoverlay_eager_nolevel_r16/pard2_steps1/latest_235b_scale_gen_job_id.txt,false
2026-06-15 04:40:58 PDT,OCI-HSG SWE-RL PARD-2 And MathRL Proof Gates,oci-hsg-cs-001-vscode-02,2026-06-15 04:40:59 PDT,3315380,online-qwen235b-mathrl-main-baseline-fixed256-step10-N32xG4,PENDING,Priority,2026-06-15T17:50:00,0:00,32,nemotron_n3_post,,0,0,,false
2026-06-15 04:40:58 PDT,OCI-HSG SWE-RL PARD-2 And MathRL Proof Gates,oci-hsg-cs-001-vscode-02,2026-06-15 04:40:59 PDT,3315381,online-qwen235b-mathrl-main-pard_k3-fixed256-step10-N32xG4,PENDING,Priority,2026-06-15T17:50:00,0:00,32,nemotron_n3_post,,0,0,,false
2026-06-15 04:40:58 PDT,OCI-HSG SWE-RL PARD-2 And MathRL Proof Gates,oci-hsg-cs-001-vscode-02,2026-06-15 04:40:59 PDT,3315382,online-qwen235b-mathrl-main-pard_k5-fixed256-step10-N32xG4,PENDING,Priority,2026-06-15T17:50:00,0:00,32,nemotron_n3_post,,0,0,,false
2026-06-15 04:43:27 PDT,Lyris SWE-RL TE-Arch/PARD Proof Gates,login-lyris02.lyris.clusters.nvidia.com,2026-06-15 04:43:27 PDT,2126895,specdec-baseline-steps1-20260615_lyris_swerl_qwen235b_fullgrpo_tearchfix_r28,PENDING,Priority,2026-06-15T08:01:00,0:00,16,coreai_dlalgo_llm,,1,0,/lustre/fsw/coreai_dlalgo_llm/users/sna/swerl_fullgrpo_logs/20260615_lyris_swerl_qwen235b_fullgrpo_tearchfix_r28/baseline_steps1/latest_235b_scale_gen_job_id.txt,false
2026-06-15 04:43:27 PDT,Lyris SWE-RL TE-Arch/PARD Proof Gates,login-lyris02.lyris.clusters.nvidia.com,2026-06-15 04:43:27 PDT,2126915,specdec-pard2-steps1-20260615_lyris_swerl_qwen235b_fullgrpo_tearchfix_r28_afterok,PENDING,Dependency,N/A,0:00,16,coreai_dlalgo_llm,,1,0,/lustre/fsw/coreai_dlalgo_llm/users/sna/swerl_fullgrpo_logs/20260615_lyris_swerl_qwen235b_fullgrpo_tearchfix_r28_afterok/pard2_steps1/latest_235b_scale_gen_job_id.txt,false
2026-06-15 04:43:27 PDT,Lyris SWE-RL TE-Arch/PARD Proof Gates,login-lyris02.lyris.clusters.nvidia.com,2026-06-15 04:43:27 PDT,2126914,specdec-pard-steps1-20260615_lyris_swerl_qwen235b_fullgrpo_tearchfix_r28_afterok,PENDING,Dependency,N/A,0:00,16,coreai_dlalgo_llm,,1,0,/lustre/fsw/coreai_dlalgo_llm/users/sna/swerl_fullgrpo_logs/20260615_lyris_swerl_qwen235b_fullgrpo_tearchfix_r28_afterok/pard_steps1/latest_235b_scale_gen_job_id.txt,false
2026-06-15 04:43:27 PDT,OCI-HSG SWE-RL PARD-2 And MathRL Proof Gates,oci-hsg-cs-001-vscode-02,2026-06-15 04:43:28 PDT,3308774,specdec-pard2-steps1-20260614_oci_hsg_swerl_qwen235b_fullgrpo_pard2_pyoverlay_eager_nolevel_r16,PENDING,Priority,2026-06-15T11:50:00,0:00,16,nemotron_n3_post,,1,0,/lustre/fs1/portfolios/coreai/projects/coreai_dlalgo_nemorl/users/sna/swerl_fullgrpo_logs/20260614_oci_hsg_swerl_qwen235b_fullgrpo_pard2_pyoverlay_eager_nolevel_r16/pard2_steps1/latest_235b_scale_gen_job_id.txt,false
2026-06-15 04:43:27 PDT,OCI-HSG SWE-RL PARD-2 And MathRL Proof Gates,oci-hsg-cs-001-vscode-02,2026-06-15 04:43:28 PDT,3315381,online-qwen235b-mathrl-main-pard_k3-fixed256-step10-N32xG4,PENDING,Priority,2026-06-15T13:20:00,0:00,32,nemotron_n3_post,,0,0,,false
2026-06-15 04:43:27 PDT,OCI-HSG SWE-RL PARD-2 And MathRL Proof Gates,oci-hsg-cs-001-vscode-02,2026-06-15 04:43:28 PDT,3315382,online-qwen235b-mathrl-main-pard_k5-fixed256-step10-N32xG4,PENDING,Priority,2026-06-15T13:20:00,0:00,32,nemotron_n3_post,,0,0,,false
2026-06-15 04:43:27 PDT,OCI-HSG SWE-RL PARD-2 And MathRL Proof Gates,oci-hsg-cs-001-vscode-02,2026-06-15 04:43:28 PDT,3315380,online-qwen235b-mathrl-main-baseline-fixed256-step10-N32xG4,PENDING,Priority,2026-06-15T12:40:00,0:00,32,nemotron_n3_post,,0,0,,false
2026-06-15 04:48:06 PDT,Lyris SWE-RL TE-Arch/PARD Proof Gates,login-lyris02.lyris.clusters.nvidia.com,2026-06-15 04:48:06 PDT,2126895,specdec-baseline-steps1-20260615_lyris_swerl_qwen235b_fullgrpo_tearchfix_r28,PENDING,Priority,2026-06-15T08:28:00,0:00,16,coreai_dlalgo_llm,,1,0,/lustre/fsw/coreai_dlalgo_llm/users/sna/swerl_fullgrpo_logs/20260615_lyris_swerl_qwen235b_fullgrpo_tearchfix_r28/baseline_steps1/latest_235b_scale_gen_job_id.txt,false
2026-06-15 04:48:06 PDT,Lyris SWE-RL TE-Arch/PARD Proof Gates,login-lyris02.lyris.clusters.nvidia.com,2026-06-15 04:48:06 PDT,2126915,specdec-pard2-steps1-20260615_lyris_swerl_qwen235b_fullgrpo_tearchfix_r28_afterok,PENDING,Dependency,N/A,0:00,16,coreai_dlalgo_llm,,1,0,/lustre/fsw/coreai_dlalgo_llm/users/sna/swerl_fullgrpo_logs/20260615_lyris_swerl_qwen235b_fullgrpo_tearchfix_r28_afterok/pard2_steps1/latest_235b_scale_gen_job_id.txt,false
2026-06-15 04:48:06 PDT,Lyris SWE-RL TE-Arch/PARD Proof Gates,login-lyris02.lyris.clusters.nvidia.com,2026-06-15 04:48:06 PDT,2126914,specdec-pard-steps1-20260615_lyris_swerl_qwen235b_fullgrpo_tearchfix_r28_afterok,PENDING,Dependency,N/A,0:00,16,coreai_dlalgo_llm,,1,0,/lustre/fsw/coreai_dlalgo_llm/users/sna/swerl_fullgrpo_logs/20260615_lyris_swerl_qwen235b_fullgrpo_tearchfix_r28_afterok/pard_steps1/latest_235b_scale_gen_job_id.txt,false
2026-06-15 04:48:06 PDT,OCI-HSG SWE-RL PARD-2 And MathRL Proof Gates,oci-hsg-cs-001-vscode-02,2026-06-15 04:48:07 PDT,3308774,specdec-pard2-steps1-20260614_oci_hsg_swerl_qwen235b_fullgrpo_pard2_pyoverlay_eager_nolevel_r16,PENDING,Priority,2026-06-15T16:10:00,0:00,16,nemotron_n3_post,,1,0,/lustre/fs1/portfolios/coreai/projects/coreai_dlalgo_nemorl/users/sna/swerl_fullgrpo_logs/20260614_oci_hsg_swerl_qwen235b_fullgrpo_pard2_pyoverlay_eager_nolevel_r16/pard2_steps1/latest_235b_scale_gen_job_id.txt,false
2026-06-15 04:48:06 PDT,OCI-HSG SWE-RL PARD-2 And MathRL Proof Gates,oci-hsg-cs-001-vscode-02,2026-06-15 04:48:07 PDT,3315380,online-qwen235b-mathrl-main-baseline-fixed256-step10-N32xG4,PENDING,Priority,2026-06-15T16:40:00,0:00,32,nemotron_n3_post,,0,0,,false
2026-06-15 04:48:06 PDT,OCI-HSG SWE-RL PARD-2 And MathRL Proof Gates,oci-hsg-cs-001-vscode-02,2026-06-15 04:48:07 PDT,3315381,online-qwen235b-mathrl-main-pard_k3-fixed256-step10-N32xG4,PENDING,Priority,2026-06-15T16:40:00,0:00,32,nemotron_n3_post,,0,0,,false
2026-06-15 04:48:06 PDT,OCI-HSG SWE-RL PARD-2 And MathRL Proof Gates,oci-hsg-cs-001-vscode-02,2026-06-15 04:48:07 PDT,3315382,online-qwen235b-mathrl-main-pard_k5-fixed256-step10-N32xG4,PENDING,Priority,2026-06-15T16:40:00,0:00,32,nemotron_n3_post,,0,0,,false
2026-06-15 04:50:37 PDT,Lyris SWE-RL TE-Arch/PARD Proof Gates,login-lyris02.lyris.clusters.nvidia.com,2026-06-15 04:50:38 PDT,2126895,specdec-baseline-steps1-20260615_lyris_swerl_qwen235b_fullgrpo_tearchfix_r28,PENDING,Priority,2026-06-15T08:13:00,0:00,16,coreai_dlalgo_llm,,1,0,/lustre/fsw/coreai_dlalgo_llm/users/sna/swerl_fullgrpo_logs/20260615_lyris_swerl_qwen235b_fullgrpo_tearchfix_r28/baseline_steps1/latest_235b_scale_gen_job_id.txt,false
2026-06-15 04:50:37 PDT,Lyris SWE-RL TE-Arch/PARD Proof Gates,login-lyris02.lyris.clusters.nvidia.com,2026-06-15 04:50:38 PDT,2126915,specdec-pard2-steps1-20260615_lyris_swerl_qwen235b_fullgrpo_tearchfix_r28_afterok,PENDING,Dependency,N/A,0:00,16,coreai_dlalgo_llm,,1,0,/lustre/fsw/coreai_dlalgo_llm/users/sna/swerl_fullgrpo_logs/20260615_lyris_swerl_qwen235b_fullgrpo_tearchfix_r28_afterok/pard2_steps1/latest_235b_scale_gen_job_id.txt,false
2026-06-15 04:50:37 PDT,Lyris SWE-RL TE-Arch/PARD Proof Gates,login-lyris02.lyris.clusters.nvidia.com,2026-06-15 04:50:38 PDT,2126914,specdec-pard-steps1-20260615_lyris_swerl_qwen235b_fullgrpo_tearchfix_r28_afterok,PENDING,Dependency,N/A,0:00,16,coreai_dlalgo_llm,,1,0,/lustre/fsw/coreai_dlalgo_llm/users/sna/swerl_fullgrpo_logs/20260615_lyris_swerl_qwen235b_fullgrpo_tearchfix_r28_afterok/pard_steps1/latest_235b_scale_gen_job_id.txt,false
2026-06-15 04:50:37 PDT,OCI-HSG SWE-RL PARD-2 And MathRL Proof Gates,oci-hsg-cs-001-vscode-02,2026-06-15 04:50:38 PDT,3308774,specdec-pard2-steps1-20260614_oci_hsg_swerl_qwen235b_fullgrpo_pard2_pyoverlay_eager_nolevel_r16,PENDING,Priority,2026-06-15T12:40:00,0:00,16,nemotron_n3_post,,1,0,/lustre/fs1/portfolios/coreai/projects/coreai_dlalgo_nemorl/users/sna/swerl_fullgrpo_logs/20260614_oci_hsg_swerl_qwen235b_fullgrpo_pard2_pyoverlay_eager_nolevel_r16/pard2_steps1/latest_235b_scale_gen_job_id.txt,false
2026-06-15 04:50:37 PDT,OCI-HSG SWE-RL PARD-2 And MathRL Proof Gates,oci-hsg-cs-001-vscode-02,2026-06-15 04:50:38 PDT,3315381,online-qwen235b-mathrl-main-pard_k3-fixed256-step10-N32xG4,PENDING,Priority,2026-06-15T18:00:00,0:00,32,nemotron_n3_post,,0,0,,false
2026-06-15 04:50:37 PDT,OCI-HSG SWE-RL PARD-2 And MathRL Proof Gates,oci-hsg-cs-001-vscode-02,2026-06-15 04:50:38 PDT,3315382,online-qwen235b-mathrl-main-pard_k5-fixed256-step10-N32xG4,PENDING,Priority,2026-06-15T18:00:00,0:00,32,nemotron_n3_post,,0,0,,false
2026-06-15 04:50:37 PDT,OCI-HSG SWE-RL PARD-2 And MathRL Proof Gates,oci-hsg-cs-001-vscode-02,2026-06-15 04:50:38 PDT,3315380,online-qwen235b-mathrl-main-baseline-fixed256-step10-N32xG4,PENDING,Priority,2026-06-15T16:40:00,0:00,32,nemotron_n3_post,,0,0,,false
2026-06-15 04:55:15 PDT,Lyris SWE-RL TE-Arch/PARD Proof Gates,login-lyris02.lyris.clusters.nvidia.com,2026-06-15 04:55:15 PDT,2126895,specdec-baseline-steps1-20260615_lyris_swerl_qwen235b_fullgrpo_tearchfix_r28,PENDING,Priority,2026-06-15T08:13:00,0:00,16,coreai_dlalgo_llm,,1,0,/lustre/fsw/coreai_dlalgo_llm/users/sna/swerl_fullgrpo_logs/20260615_lyris_swerl_qwen235b_fullgrpo_tearchfix_r28/baseline_steps1/latest_235b_scale_gen_job_id.txt,false
2026-06-15 04:55:15 PDT,Lyris SWE-RL TE-Arch/PARD Proof Gates,login-lyris02.lyris.clusters.nvidia.com,2026-06-15 04:55:15 PDT,2126915,specdec-pard2-steps1-20260615_lyris_swerl_qwen235b_fullgrpo_tearchfix_r28_afterok,PENDING,Dependency,N/A,0:00,16,coreai_dlalgo_llm,,1,0,/lustre/fsw/coreai_dlalgo_llm/users/sna/swerl_fullgrpo_logs/20260615_lyris_swerl_qwen235b_fullgrpo_tearchfix_r28_afterok/pard2_steps1/latest_235b_scale_gen_job_id.txt,false
2026-06-15 04:55:15 PDT,Lyris SWE-RL TE-Arch/PARD Proof Gates,login-lyris02.lyris.clusters.nvidia.com,2026-06-15 04:55:15 PDT,2126914,specdec-pard-steps1-20260615_lyris_swerl_qwen235b_fullgrpo_tearchfix_r28_afterok,PENDING,Dependency,N/A,0:00,16,coreai_dlalgo_llm,,1,0,/lustre/fsw/coreai_dlalgo_llm/users/sna/swerl_fullgrpo_logs/20260615_lyris_swerl_qwen235b_fullgrpo_tearchfix_r28_afterok/pard_steps1/latest_235b_scale_gen_job_id.txt,false
2026-06-15 04:55:15 PDT,OCI-HSG SWE-RL PARD-2 And MathRL Proof Gates,oci-hsg-cs-001-vscode-02,2026-06-15 04:55:16 PDT,3308774,specdec-pard2-steps1-20260614_oci_hsg_swerl_qwen235b_fullgrpo_pard2_pyoverlay_eager_nolevel_r16,PENDING,Priority,N/A,0:00,16,nemotron_n3_post,,1,0,/lustre/fs1/portfolios/coreai/projects/coreai_dlalgo_nemorl/users/sna/swerl_fullgrpo_logs/20260614_oci_hsg_swerl_qwen235b_fullgrpo_pard2_pyoverlay_eager_nolevel_r16/pard2_steps1/latest_235b_scale_gen_job_id.txt,false
2026-06-15 04:55:15 PDT,OCI-HSG SWE-RL PARD-2 And MathRL Proof Gates,oci-hsg-cs-001-vscode-02,2026-06-15 04:55:16 PDT,3315382,online-qwen235b-mathrl-main-pard_k5-fixed256-step10-N32xG4,PENDING,Priority,N/A,0:00,32,nemotron_n3_post,,0,0,,false
2026-06-15 04:55:15 PDT,OCI-HSG SWE-RL PARD-2 And MathRL Proof Gates,oci-hsg-cs-001-vscode-02,2026-06-15 04:55:16 PDT,3315381,online-qwen235b-mathrl-main-pard_k3-fixed256-step10-N32xG4,PENDING,Priority,N/A,0:00,32,nemotron_n3_post,,0,0,,false
2026-06-15 04:55:15 PDT,OCI-HSG SWE-RL PARD-2 And MathRL Proof Gates,oci-hsg-cs-001-vscode-02,2026-06-15 04:55:16 PDT,3315380,online-qwen235b-mathrl-main-baseline-fixed256-step10-N32xG4,PENDING,Priority,N/A,0:00,32,nemotron_n3_post,,0,0,,false
2026-06-15 04:57:59 PDT,Lyris SWE-RL TE-Arch/PARD Proof Gates,login-lyris02.lyris.clusters.nvidia.com,2026-06-15 04:57:59 PDT,2126895,specdec-baseline-steps1-20260615_lyris_swerl_qwen235b_fullgrpo_tearchfix_r28,PENDING,Priority,2026-06-15T08:13:00,0:00,16,coreai_dlalgo_llm,76861,1,0,/lustre/fsw/coreai_dlalgo_llm/users/sna/swerl_fullgrpo_logs/20260615_lyris_swerl_qwen235b_fullgrpo_tearchfix_r28/baseline_steps1/latest_235b_scale_gen_job_id.txt,false
2026-06-15 04:57:59 PDT,Lyris SWE-RL TE-Arch/PARD Proof Gates,login-lyris02.lyris.clusters.nvidia.com,2026-06-15 04:57:59 PDT,2126915,specdec-pard2-steps1-20260615_lyris_swerl_qwen235b_fullgrpo_tearchfix_r28_afterok,PENDING,Dependency,N/A,0:00,16,coreai_dlalgo_llm,76754,1,0,/lustre/fsw/coreai_dlalgo_llm/users/sna/swerl_fullgrpo_logs/20260615_lyris_swerl_qwen235b_fullgrpo_tearchfix_r28_afterok/pard2_steps1/latest_235b_scale_gen_job_id.txt,false
2026-06-15 04:57:59 PDT,Lyris SWE-RL TE-Arch/PARD Proof Gates,login-lyris02.lyris.clusters.nvidia.com,2026-06-15 04:57:59 PDT,2126914,specdec-pard-steps1-20260615_lyris_swerl_qwen235b_fullgrpo_tearchfix_r28_afterok,PENDING,Dependency,N/A,0:00,16,coreai_dlalgo_llm,76754,1,0,/lustre/fsw/coreai_dlalgo_llm/users/sna/swerl_fullgrpo_logs/20260615_lyris_swerl_qwen235b_fullgrpo_tearchfix_r28_afterok/pard_steps1/latest_235b_scale_gen_job_id.txt,false
2026-06-15 04:57:59 PDT,OCI-HSG SWE-RL PARD-2 And MathRL Proof Gates,oci-hsg-cs-001-vscode-02,2026-06-15 04:58:00 PDT,3308774,specdec-pard2-steps1-20260614_oci_hsg_swerl_qwen235b_fullgrpo_pard2_pyoverlay_eager_nolevel_r16,PENDING,Priority,2026-06-15T18:00:00,0:00,16,nemotron_n3_post,128514,1,0,/lustre/fs1/portfolios/coreai/projects/coreai_dlalgo_nemorl/users/sna/swerl_fullgrpo_logs/20260614_oci_hsg_swerl_qwen235b_fullgrpo_pard2_pyoverlay_eager_nolevel_r16/pard2_steps1/latest_235b_scale_gen_job_id.txt,false
2026-06-15 04:57:59 PDT,OCI-HSG SWE-RL PARD-2 And MathRL Proof Gates,oci-hsg-cs-001-vscode-02,2026-06-15 04:58:00 PDT,3315380,online-qwen235b-mathrl-main-baseline-fixed256-step10-N32xG4,PENDING,Priority,2026-06-15T18:00:00,0:00,32,nemotron_n3_post,128462,0,0,,false
2026-06-15 04:57:59 PDT,OCI-HSG SWE-RL PARD-2 And MathRL Proof Gates,oci-hsg-cs-001-vscode-02,2026-06-15 04:58:00 PDT,3315381,online-qwen235b-mathrl-main-pard_k3-fixed256-step10-N32xG4,PENDING,Priority,2026-06-15T18:00:00,0:00,32,nemotron_n3_post,128461,0,0,,false
2026-06-15 04:57:59 PDT,OCI-HSG SWE-RL PARD-2 And MathRL Proof Gates,oci-hsg-cs-001-vscode-02,2026-06-15 04:58:00 PDT,3315382,online-qwen235b-mathrl-main-pard_k5-fixed256-step10-N32xG4,PENDING,Priority,2026-06-15T18:00:00,0:00,32,nemotron_n3_post,128461,0,0,,false
2026-06-15 05:01:36 PDT,Lyris SWE-RL TE-Arch/PARD Proof Gates,login-lyris02.lyris.clusters.nvidia.com,2026-06-15 05:01:36 PDT,2126895,specdec-baseline-steps1-20260615_lyris_swerl_qwen235b_fullgrpo_tearchfix_r28,PENDING,Priority,2026-06-15T08:13:00,0:00,16,coreai_dlalgo_llm,76861,1,0,/lustre/fsw/coreai_dlalgo_llm/users/sna/swerl_fullgrpo_logs/20260615_lyris_swerl_qwen235b_fullgrpo_tearchfix_r28/baseline_steps1/latest_235b_scale_gen_job_id.txt,false
2026-06-15 05:01:36 PDT,Lyris SWE-RL TE-Arch/PARD Proof Gates,login-lyris02.lyris.clusters.nvidia.com,2026-06-15 05:01:36 PDT,2126915,specdec-pard2-steps1-20260615_lyris_swerl_qwen235b_fullgrpo_tearchfix_r28_afterok,PENDING,Dependency,N/A,0:00,16,coreai_dlalgo_llm,76754,1,0,/lustre/fsw/coreai_dlalgo_llm/users/sna/swerl_fullgrpo_logs/20260615_lyris_swerl_qwen235b_fullgrpo_tearchfix_r28_afterok/pard2_steps1/latest_235b_scale_gen_job_id.txt,false
2026-06-15 05:01:36 PDT,Lyris SWE-RL TE-Arch/PARD Proof Gates,login-lyris02.lyris.clusters.nvidia.com,2026-06-15 05:01:36 PDT,2126914,specdec-pard-steps1-20260615_lyris_swerl_qwen235b_fullgrpo_tearchfix_r28_afterok,PENDING,Dependency,N/A,0:00,16,coreai_dlalgo_llm,76754,1,0,/lustre/fsw/coreai_dlalgo_llm/users/sna/swerl_fullgrpo_logs/20260615_lyris_swerl_qwen235b_fullgrpo_tearchfix_r28_afterok/pard_steps1/latest_235b_scale_gen_job_id.txt,false
2026-06-15 05:01:36 PDT,OCI-HSG SWE-RL PARD-2 And MathRL Proof Gates,oci-hsg-cs-001-vscode-02,2026-06-15 05:01:37 PDT,3308774,specdec-pard2-steps1-20260614_oci_hsg_swerl_qwen235b_fullgrpo_pard2_pyoverlay_eager_nolevel_r16,PENDING,Priority,2026-06-15T17:50:00,0:00,16,nemotron_n3_post,128514,1,0,/lustre/fs1/portfolios/coreai/projects/coreai_dlalgo_nemorl/users/sna/swerl_fullgrpo_logs/20260614_oci_hsg_swerl_qwen235b_fullgrpo_pard2_pyoverlay_eager_nolevel_r16/pard2_steps1/latest_235b_scale_gen_job_id.txt,false
2026-06-15 05:01:36 PDT,OCI-HSG SWE-RL PARD-2 And MathRL Proof Gates,oci-hsg-cs-001-vscode-02,2026-06-15 05:01:37 PDT,3315380,online-qwen235b-mathrl-main-baseline-fixed256-step10-N32xG4,PENDING,Priority,2026-06-15T18:00:00,0:00,32,nemotron_n3_post,128462,0,0,,false
2026-06-15 05:01:36 PDT,OCI-HSG SWE-RL PARD-2 And MathRL Proof Gates,oci-hsg-cs-001-vscode-02,2026-06-15 05:01:37 PDT,3315381,online-qwen235b-mathrl-main-pard_k3-fixed256-step10-N32xG4,PENDING,Priority,2026-06-15T18:00:00,0:00,32,nemotron_n3_post,128461,0,0,,false
2026-06-15 05:01:36 PDT,OCI-HSG SWE-RL PARD-2 And MathRL Proof Gates,oci-hsg-cs-001-vscode-02,2026-06-15 05:01:37 PDT,3315382,online-qwen235b-mathrl-main-pard_k5-fixed256-step10-N32xG4,PENDING,Priority,2026-06-15T18:00:00,0:00,32,nemotron_n3_post,128461,0,0,,false
2026-06-15 05:03:56 PDT,Lyris SWE-RL TE-Arch/PARD Proof Gates,login-lyris02.lyris.clusters.nvidia.com,2026-06-15 05:03:56 PDT,2126895,specdec-baseline-steps1-20260615_lyris_swerl_qwen235b_fullgrpo_tearchfix_r28,PENDING,Priority,2026-06-15T07:55:00,0:00,16,coreai_dlalgo_llm,76865,1,0,/lustre/fsw/coreai_dlalgo_llm/users/sna/swerl_fullgrpo_logs/20260615_lyris_swerl_qwen235b_fullgrpo_tearchfix_r28/baseline_steps1/latest_235b_scale_gen_job_id.txt,false
2026-06-15 05:03:56 PDT,Lyris SWE-RL TE-Arch/PARD Proof Gates,login-lyris02.lyris.clusters.nvidia.com,2026-06-15 05:03:56 PDT,2126915,specdec-pard2-steps1-20260615_lyris_swerl_qwen235b_fullgrpo_tearchfix_r28_afterok,PENDING,Dependency,N/A,0:00,16,coreai_dlalgo_llm,76754,1,0,/lustre/fsw/coreai_dlalgo_llm/users/sna/swerl_fullgrpo_logs/20260615_lyris_swerl_qwen235b_fullgrpo_tearchfix_r28_afterok/pard2_steps1/latest_235b_scale_gen_job_id.txt,false
2026-06-15 05:03:56 PDT,Lyris SWE-RL TE-Arch/PARD Proof Gates,login-lyris02.lyris.clusters.nvidia.com,2026-06-15 05:03:56 PDT,2126914,specdec-pard-steps1-20260615_lyris_swerl_qwen235b_fullgrpo_tearchfix_r28_afterok,PENDING,Dependency,N/A,0:00,16,coreai_dlalgo_llm,76754,1,0,/lustre/fsw/coreai_dlalgo_llm/users/sna/swerl_fullgrpo_logs/20260615_lyris_swerl_qwen235b_fullgrpo_tearchfix_r28_afterok/pard_steps1/latest_235b_scale_gen_job_id.txt,false
2026-06-15 05:03:56 PDT,OCI-HSG SWE-RL PARD-2 And MathRL Proof Gates,oci-hsg-cs-001-vscode-02,2026-06-15 05:03:57 PDT,3308774,specdec-pard2-steps1-20260614_oci_hsg_swerl_qwen235b_fullgrpo_pard2_pyoverlay_eager_nolevel_r16,PENDING,Priority,2026-06-15T18:00:00,0:00,16,nemotron_n3_post,128514,1,0,/lustre/fs1/portfolios/coreai/projects/coreai_dlalgo_nemorl/users/sna/swerl_fullgrpo_logs/20260614_oci_hsg_swerl_qwen235b_fullgrpo_pard2_pyoverlay_eager_nolevel_r16/pard2_steps1/latest_235b_scale_gen_job_id.txt,false
2026-06-15 05:03:56 PDT,OCI-HSG SWE-RL PARD-2 And MathRL Proof Gates,oci-hsg-cs-001-vscode-02,2026-06-15 05:03:57 PDT,3315380,online-qwen235b-mathrl-main-baseline-fixed256-step10-N32xG4,PENDING,Priority,2026-06-15T18:00:00,0:00,32,nemotron_n3_post,128462,0,0,,false
2026-06-15 05:03:56 PDT,OCI-HSG SWE-RL PARD-2 And MathRL Proof Gates,oci-hsg-cs-001-vscode-02,2026-06-15 05:03:57 PDT,3315381,online-qwen235b-mathrl-main-pard_k3-fixed256-step10-N32xG4,PENDING,Priority,2026-06-15T18:00:00,0:00,32,nemotron_n3_post,128461,0,0,,false
2026-06-15 05:03:56 PDT,OCI-HSG SWE-RL PARD-2 And MathRL Proof Gates,oci-hsg-cs-001-vscode-02,2026-06-15 05:03:57 PDT,3315382,online-qwen235b-mathrl-main-pard_k5-fixed256-step10-N32xG4,PENDING,Priority,2026-06-15T18:00:00,0:00,32,nemotron_n3_post,128461,0,0,,false
2026-06-15 05:06:00 PDT,Lyris SWE-RL TE-Arch/PARD Proof Gates,login-lyris02.lyris.clusters.nvidia.com,2026-06-15 05:06:01 PDT,2126895,specdec-baseline-steps1-20260615_lyris_swerl_qwen235b_fullgrpo_tearchfix_r28,PENDING,Priority,2026-06-15T07:55:00,0:00,16,coreai_dlalgo_llm,76865,1,0,/lustre/fsw/coreai_dlalgo_llm/users/sna/swerl_fullgrpo_logs/20260615_lyris_swerl_qwen235b_fullgrpo_tearchfix_r28/baseline_steps1/latest_235b_scale_gen_job_id.txt,false
2026-06-15 05:06:00 PDT,Lyris SWE-RL TE-Arch/PARD Proof Gates,login-lyris02.lyris.clusters.nvidia.com,2026-06-15 05:06:01 PDT,2126915,specdec-pard2-steps1-20260615_lyris_swerl_qwen235b_fullgrpo_tearchfix_r28_afterok,PENDING,Dependency,N/A,0:00,16,coreai_dlalgo_llm,76754,1,0,/lustre/fsw/coreai_dlalgo_llm/users/sna/swerl_fullgrpo_logs/20260615_lyris_swerl_qwen235b_fullgrpo_tearchfix_r28_afterok/pard2_steps1/latest_235b_scale_gen_job_id.txt,false
2026-06-15 05:06:00 PDT,Lyris SWE-RL TE-Arch/PARD Proof Gates,login-lyris02.lyris.clusters.nvidia.com,2026-06-15 05:06:01 PDT,2126914,specdec-pard-steps1-20260615_lyris_swerl_qwen235b_fullgrpo_tearchfix_r28_afterok,PENDING,Dependency,N/A,0:00,16,coreai_dlalgo_llm,76754,1,0,/lustre/fsw/coreai_dlalgo_llm/users/sna/swerl_fullgrpo_logs/20260615_lyris_swerl_qwen235b_fullgrpo_tearchfix_r28_afterok/pard_steps1/latest_235b_scale_gen_job_id.txt,false
2026-06-15 05:06:00 PDT,OCI-HSG SWE-RL PARD-2 And MathRL Proof Gates,oci-hsg-cs-001-vscode-02,2026-06-15 05:06:01 PDT,3308774,specdec-pard2-steps1-20260614_oci_hsg_swerl_qwen235b_fullgrpo_pard2_pyoverlay_eager_nolevel_r16,PENDING,Priority,N/A,0:00,16,nemotron_n3_post,128515,1,0,/lustre/fs1/portfolios/coreai/projects/coreai_dlalgo_nemorl/users/sna/swerl_fullgrpo_logs/20260614_oci_hsg_swerl_qwen235b_fullgrpo_pard2_pyoverlay_eager_nolevel_r16/pard2_steps1/latest_235b_scale_gen_job_id.txt,false
2026-06-15 05:06:00 PDT,OCI-HSG SWE-RL PARD-2 And MathRL Proof Gates,oci-hsg-cs-001-vscode-02,2026-06-15 05:06:01 PDT,3315382,online-qwen235b-mathrl-main-pard_k5-fixed256-step10-N32xG4,PENDING,Priority,N/A,0:00,32,nemotron_n3_post,128463,0,0,,false
2026-06-15 05:06:00 PDT,OCI-HSG SWE-RL PARD-2 And MathRL Proof Gates,oci-hsg-cs-001-vscode-02,2026-06-15 05:06:01 PDT,3315381,online-qwen235b-mathrl-main-pard_k3-fixed256-step10-N32xG4,PENDING,Priority,N/A,0:00,32,nemotron_n3_post,128463,0,0,,false
2026-06-15 05:06:00 PDT,OCI-HSG SWE-RL PARD-2 And MathRL Proof Gates,oci-hsg-cs-001-vscode-02,2026-06-15 05:06:01 PDT,3315380,online-qwen235b-mathrl-main-baseline-fixed256-step10-N32xG4,PENDING,Priority,N/A,0:00,32,nemotron_n3_post,128463,0,0,,false
2026-06-15 05:09:10 PDT,Lyris SWE-RL TE-Arch/PARD Proof Gates,login-lyris02.lyris.clusters.nvidia.com,2026-06-15 05:09:10 PDT,2126895,specdec-baseline-steps1-20260615_lyris_swerl_qwen235b_fullgrpo_tearchfix_r28,PENDING,Priority,2026-06-15T07:55:00,0:00,16,coreai_dlalgo_llm,76868,1,0,/lustre/fsw/coreai_dlalgo_llm/users/sna/swerl_fullgrpo_logs/20260615_lyris_swerl_qwen235b_fullgrpo_tearchfix_r28/baseline_steps1/latest_235b_scale_gen_job_id.txt,false
2026-06-15 05:09:10 PDT,Lyris SWE-RL TE-Arch/PARD Proof Gates,login-lyris02.lyris.clusters.nvidia.com,2026-06-15 05:09:10 PDT,2126915,specdec-pard2-steps1-20260615_lyris_swerl_qwen235b_fullgrpo_tearchfix_r28_afterok,PENDING,Dependency,N/A,0:00,16,coreai_dlalgo_llm,76754,1,0,/lustre/fsw/coreai_dlalgo_llm/users/sna/swerl_fullgrpo_logs/20260615_lyris_swerl_qwen235b_fullgrpo_tearchfix_r28_afterok/pard2_steps1/latest_235b_scale_gen_job_id.txt,false
2026-06-15 05:09:10 PDT,Lyris SWE-RL TE-Arch/PARD Proof Gates,login-lyris02.lyris.clusters.nvidia.com,2026-06-15 05:09:10 PDT,2126914,specdec-pard-steps1-20260615_lyris_swerl_qwen235b_fullgrpo_tearchfix_r28_afterok,PENDING,Dependency,N/A,0:00,16,coreai_dlalgo_llm,76754,1,0,/lustre/fsw/coreai_dlalgo_llm/users/sna/swerl_fullgrpo_logs/20260615_lyris_swerl_qwen235b_fullgrpo_tearchfix_r28_afterok/pard_steps1/latest_235b_scale_gen_job_id.txt,false
2026-06-15 05:09:10 PDT,OCI-HSG SWE-RL PARD-2 And MathRL Proof Gates,oci-hsg-cs-001-vscode-02,2026-06-15 05:09:11 PDT,3308774,specdec-pard2-steps1-20260614_oci_hsg_swerl_qwen235b_fullgrpo_pard2_pyoverlay_eager_nolevel_r16,PENDING,Priority,2026-06-15T17:20:00,0:00,16,nemotron_n3_post,128514,1,0,/lustre/fs1/portfolios/coreai/projects/coreai_dlalgo_nemorl/users/sna/swerl_fullgrpo_logs/20260614_oci_hsg_swerl_qwen235b_fullgrpo_pard2_pyoverlay_eager_nolevel_r16/pard2_steps1/latest_235b_scale_gen_job_id.txt,false
2026-06-15 05:09:10 PDT,OCI-HSG SWE-RL PARD-2 And MathRL Proof Gates,oci-hsg-cs-001-vscode-02,2026-06-15 05:09:11 PDT,3315380,online-qwen235b-mathrl-main-baseline-fixed256-step10-N32xG4,PENDING,Priority,2026-06-15T17:20:00,0:00,32,nemotron_n3_post,128462,0,0,,false
2026-06-15 05:09:10 PDT,OCI-HSG SWE-RL PARD-2 And MathRL Proof Gates,oci-hsg-cs-001-vscode-02,2026-06-15 05:09:11 PDT,3315381,online-qwen235b-mathrl-main-pard_k3-fixed256-step10-N32xG4,PENDING,Priority,2026-06-15T17:20:00,0:00,32,nemotron_n3_post,128461,0,0,,false
2026-06-15 05:09:10 PDT,OCI-HSG SWE-RL PARD-2 And MathRL Proof Gates,oci-hsg-cs-001-vscode-02,2026-06-15 05:09:11 PDT,3315382,online-qwen235b-mathrl-main-pard_k5-fixed256-step10-N32xG4,PENDING,Priority,2026-06-15T17:20:00,0:00,32,nemotron_n3_post,128461,0,0,,false
2026-06-15 05:11:26 PDT,Lyris SWE-RL TE-Arch/PARD Proof Gates,login-lyris02.lyris.clusters.nvidia.com,2026-06-15 05:11:26 PDT,2126895,specdec-baseline-steps1-20260615_lyris_swerl_qwen235b_fullgrpo_tearchfix_r28,PENDING,Priority,2026-06-15T07:55:00,0:00,16,coreai_dlalgo_llm,76868,1,0,/lustre/fsw/coreai_dlalgo_llm/users/sna/swerl_fullgrpo_logs/20260615_lyris_swerl_qwen235b_fullgrpo_tearchfix_r28/baseline_steps1/latest_235b_scale_gen_job_id.txt,false
2026-06-15 05:11:26 PDT,Lyris SWE-RL TE-Arch/PARD Proof Gates,login-lyris02.lyris.clusters.nvidia.com,2026-06-15 05:11:26 PDT,2126915,specdec-pard2-steps1-20260615_lyris_swerl_qwen235b_fullgrpo_tearchfix_r28_afterok,PENDING,Dependency,N/A,0:00,16,coreai_dlalgo_llm,76754,1,0,/lustre/fsw/coreai_dlalgo_llm/users/sna/swerl_fullgrpo_logs/20260615_lyris_swerl_qwen235b_fullgrpo_tearchfix_r28_afterok/pard2_steps1/latest_235b_scale_gen_job_id.txt,false
2026-06-15 05:11:26 PDT,Lyris SWE-RL TE-Arch/PARD Proof Gates,login-lyris02.lyris.clusters.nvidia.com,2026-06-15 05:11:26 PDT,2126914,specdec-pard-steps1-20260615_lyris_swerl_qwen235b_fullgrpo_tearchfix_r28_afterok,PENDING,Dependency,N/A,0:00,16,coreai_dlalgo_llm,76754,1,0,/lustre/fsw/coreai_dlalgo_llm/users/sna/swerl_fullgrpo_logs/20260615_lyris_swerl_qwen235b_fullgrpo_tearchfix_r28_afterok/pard_steps1/latest_235b_scale_gen_job_id.txt,false
2026-06-15 05:11:26 PDT,OCI-HSG SWE-RL PARD-2 And MathRL Proof Gates,oci-hsg-cs-001-vscode-02,2026-06-15 05:11:27 PDT,3308774,specdec-pard2-steps1-20260614_oci_hsg_swerl_qwen235b_fullgrpo_pard2_pyoverlay_eager_nolevel_r16,PENDING,Priority,N/A,0:00,16,nemotron_n3_post,128516,1,0,/lustre/fs1/portfolios/coreai/projects/coreai_dlalgo_nemorl/users/sna/swerl_fullgrpo_logs/20260614_oci_hsg_swerl_qwen235b_fullgrpo_pard2_pyoverlay_eager_nolevel_r16/pard2_steps1/latest_235b_scale_gen_job_id.txt,false
2026-06-15 05:11:26 PDT,OCI-HSG SWE-RL PARD-2 And MathRL Proof Gates,oci-hsg-cs-001-vscode-02,2026-06-15 05:11:27 PDT,3315382,online-qwen235b-mathrl-main-pard_k5-fixed256-step10-N32xG4,PENDING,Priority,N/A,0:00,32,nemotron_n3_post,128463,0,0,,false
2026-06-15 05:11:26 PDT,OCI-HSG SWE-RL PARD-2 And MathRL Proof Gates,oci-hsg-cs-001-vscode-02,2026-06-15 05:11:27 PDT,3315381,online-qwen235b-mathrl-main-pard_k3-fixed256-step10-N32xG4,PENDING,Priority,N/A,0:00,32,nemotron_n3_post,128463,0,0,,false
2026-06-15 05:11:26 PDT,OCI-HSG SWE-RL PARD-2 And MathRL Proof Gates,oci-hsg-cs-001-vscode-02,2026-06-15 05:11:27 PDT,3315380,online-qwen235b-mathrl-main-baseline-fixed256-step10-N32xG4,PENDING,Priority,N/A,0:00,32,nemotron_n3_post,128463,0,0,,false
2026-06-15 05:15:26 PDT,Lyris SWE-RL TE-Arch/PARD Proof Gates,login-lyris02.lyris.clusters.nvidia.com,2026-06-15 05:15:26 PDT,2126895,specdec-baseline-steps1-20260615_lyris_swerl_qwen235b_fullgrpo_tearchfix_r28,PENDING,Priority,2026-06-15T07:55:00,0:00,16,coreai_dlalgo_llm,76872,1,0,/lustre/fsw/coreai_dlalgo_llm/users/sna/swerl_fullgrpo_logs/20260615_lyris_swerl_qwen235b_fullgrpo_tearchfix_r28/baseline_steps1/latest_235b_scale_gen_job_id.txt,false
2026-06-15 05:15:26 PDT,Lyris SWE-RL TE-Arch/PARD Proof Gates,login-lyris02.lyris.clusters.nvidia.com,2026-06-15 05:15:26 PDT,2126915,specdec-pard2-steps1-20260615_lyris_swerl_qwen235b_fullgrpo_tearchfix_r28_afterok,PENDING,Dependency,N/A,0:00,16,coreai_dlalgo_llm,76754,1,0,/lustre/fsw/coreai_dlalgo_llm/users/sna/swerl_fullgrpo_logs/20260615_lyris_swerl_qwen235b_fullgrpo_tearchfix_r28_afterok/pard2_steps1/latest_235b_scale_gen_job_id.txt,false
2026-06-15 05:15:26 PDT,Lyris SWE-RL TE-Arch/PARD Proof Gates,login-lyris02.lyris.clusters.nvidia.com,2026-06-15 05:15:26 PDT,2126914,specdec-pard-steps1-20260615_lyris_swerl_qwen235b_fullgrpo_tearchfix_r28_afterok,PENDING,Dependency,N/A,0:00,16,coreai_dlalgo_llm,76754,1,0,/lustre/fsw/coreai_dlalgo_llm/users/sna/swerl_fullgrpo_logs/20260615_lyris_swerl_qwen235b_fullgrpo_tearchfix_r28_afterok/pard_steps1/latest_235b_scale_gen_job_id.txt,false
2026-06-15 05:15:26 PDT,OCI-HSG SWE-RL PARD-2 And MathRL Proof Gates,oci-hsg-cs-001-vscode-02,2026-06-15 05:15:27 PDT,3308774,specdec-pard2-steps1-20260614_oci_hsg_swerl_qwen235b_fullgrpo_pard2_pyoverlay_eager_nolevel_r16,PENDING,Priority,2026-06-15T18:20:00,0:00,16,nemotron_n3_post,128516,1,0,/lustre/fs1/portfolios/coreai/projects/coreai_dlalgo_nemorl/users/sna/swerl_fullgrpo_logs/20260614_oci_hsg_swerl_qwen235b_fullgrpo_pard2_pyoverlay_eager_nolevel_r16/pard2_steps1/latest_235b_scale_gen_job_id.txt,false
2026-06-15 05:15:26 PDT,OCI-HSG SWE-RL PARD-2 And MathRL Proof Gates,oci-hsg-cs-001-vscode-02,2026-06-15 05:15:27 PDT,3315380,online-qwen235b-mathrl-main-baseline-fixed256-step10-N32xG4,PENDING,Priority,2026-06-15T18:20:00,0:00,32,nemotron_n3_post,128464,0,0,,false
2026-06-15 05:15:26 PDT,OCI-HSG SWE-RL PARD-2 And MathRL Proof Gates,oci-hsg-cs-001-vscode-02,2026-06-15 05:15:27 PDT,3315381,online-qwen235b-mathrl-main-pard_k3-fixed256-step10-N32xG4,PENDING,Priority,2026-06-15T18:20:00,0:00,32,nemotron_n3_post,128464,0,0,,false
2026-06-15 05:15:26 PDT,OCI-HSG SWE-RL PARD-2 And MathRL Proof Gates,oci-hsg-cs-001-vscode-02,2026-06-15 05:15:27 PDT,3315382,online-qwen235b-mathrl-main-pard_k5-fixed256-step10-N32xG4,PENDING,Priority,2026-06-15T18:20:00,0:00,32,nemotron_n3_post,128464,0,0,,false
2026-06-15 05:19:16 PDT,Lyris SWE-RL TE-Arch/PARD Proof Gates,login-lyris02.lyris.clusters.nvidia.com,2026-06-15 05:19:16 PDT,2126895,specdec-baseline-steps1-20260615_lyris_swerl_qwen235b_fullgrpo_tearchfix_r28,PENDING,Priority,2026-06-15T07:55:00,0:00,16,coreai_dlalgo_llm,76875,1,0,/lustre/fsw/coreai_dlalgo_llm/users/sna/swerl_fullgrpo_logs/20260615_lyris_swerl_qwen235b_fullgrpo_tearchfix_r28/baseline_steps1/latest_235b_scale_gen_job_id.txt,false
2026-06-15 05:19:16 PDT,Lyris SWE-RL TE-Arch/PARD Proof Gates,login-lyris02.lyris.clusters.nvidia.com,2026-06-15 05:19:16 PDT,2126915,specdec-pard2-steps1-20260615_lyris_swerl_qwen235b_fullgrpo_tearchfix_r28_afterok,PENDING,Dependency,N/A,0:00,16,coreai_dlalgo_llm,76754,1,0,/lustre/fsw/coreai_dlalgo_llm/users/sna/swerl_fullgrpo_logs/20260615_lyris_swerl_qwen235b_fullgrpo_tearchfix_r28_afterok/pard2_steps1/latest_235b_scale_gen_job_id.txt,false
2026-06-15 05:19:16 PDT,Lyris SWE-RL TE-Arch/PARD Proof Gates,login-lyris02.lyris.clusters.nvidia.com,2026-06-15 05:19:16 PDT,2126914,specdec-pard-steps1-20260615_lyris_swerl_qwen235b_fullgrpo_tearchfix_r28_afterok,PENDING,Dependency,N/A,0:00,16,coreai_dlalgo_llm,76754,1,0,/lustre/fsw/coreai_dlalgo_llm/users/sna/swerl_fullgrpo_logs/20260615_lyris_swerl_qwen235b_fullgrpo_tearchfix_r28_afterok/pard_steps1/latest_235b_scale_gen_job_id.txt,false
2026-06-15 05:19:16 PDT,OCI-HSG SWE-RL PARD-2 And MathRL Proof Gates,oci-hsg-cs-001-vscode-02,2026-06-15 05:19:17 PDT,3308774,specdec-pard2-steps1-20260614_oci_hsg_swerl_qwen235b_fullgrpo_pard2_pyoverlay_eager_nolevel_r16,PENDING,Priority,2026-06-15T12:40:00,0:00,16,nemotron_n3_post,128516,1,0,/lustre/fs1/portfolios/coreai/projects/coreai_dlalgo_nemorl/users/sna/swerl_fullgrpo_logs/20260614_oci_hsg_swerl_qwen235b_fullgrpo_pard2_pyoverlay_eager_nolevel_r16/pard2_steps1/latest_235b_scale_gen_job_id.txt,false
2026-06-15 05:19:16 PDT,OCI-HSG SWE-RL PARD-2 And MathRL Proof Gates,oci-hsg-cs-001-vscode-02,2026-06-15 05:19:17 PDT,3315382,online-qwen235b-mathrl-main-pard_k5-fixed256-step10-N32xG4,PENDING,Priority,2026-06-15T13:30:00,0:00,32,nemotron_n3_post,128464,0,0,,false
2026-06-15 05:19:16 PDT,OCI-HSG SWE-RL PARD-2 And MathRL Proof Gates,oci-hsg-cs-001-vscode-02,2026-06-15 05:19:17 PDT,3315380,online-qwen235b-mathrl-main-baseline-fixed256-step10-N32xG4,PENDING,Priority,2026-06-15T12:40:00,0:00,32,nemotron_n3_post,128464,0,0,,false
2026-06-15 05:19:16 PDT,OCI-HSG SWE-RL PARD-2 And MathRL Proof Gates,oci-hsg-cs-001-vscode-02,2026-06-15 05:19:17 PDT,3315381,online-qwen235b-mathrl-main-pard_k3-fixed256-step10-N32xG4,PENDING,Priority,2026-06-15T12:40:00,0:00,32,nemotron_n3_post,128464,0,0,,false
2026-06-15 05:21:33 PDT,Lyris SWE-RL TE-Arch/PARD Proof Gates,login-lyris02.lyris.clusters.nvidia.com,2026-06-15 05:21:33 PDT,2126895,specdec-baseline-steps1-20260615_lyris_swerl_qwen235b_fullgrpo_tearchfix_r28,PENDING,Priority,2026-06-15T07:55:00,0:00,16,coreai_dlalgo_llm,76875,1,0,/lustre/fsw/coreai_dlalgo_llm/users/sna/swerl_fullgrpo_logs/20260615_lyris_swerl_qwen235b_fullgrpo_tearchfix_r28/baseline_steps1/latest_235b_scale_gen_job_id.txt,false
2026-06-15 05:21:33 PDT,Lyris SWE-RL TE-Arch/PARD Proof Gates,login-lyris02.lyris.clusters.nvidia.com,2026-06-15 05:21:33 PDT,2126915,specdec-pard2-steps1-20260615_lyris_swerl_qwen235b_fullgrpo_tearchfix_r28_afterok,PENDING,Dependency,N/A,0:00,16,coreai_dlalgo_llm,76754,1,0,/lustre/fsw/coreai_dlalgo_llm/users/sna/swerl_fullgrpo_logs/20260615_lyris_swerl_qwen235b_fullgrpo_tearchfix_r28_afterok/pard2_steps1/latest_235b_scale_gen_job_id.txt,false
2026-06-15 05:21:33 PDT,Lyris SWE-RL TE-Arch/PARD Proof Gates,login-lyris02.lyris.clusters.nvidia.com,2026-06-15 05:21:33 PDT,2126914,specdec-pard-steps1-20260615_lyris_swerl_qwen235b_fullgrpo_tearchfix_r28_afterok,PENDING,Dependency,N/A,0:00,16,coreai_dlalgo_llm,76754,1,0,/lustre/fsw/coreai_dlalgo_llm/users/sna/swerl_fullgrpo_logs/20260615_lyris_swerl_qwen235b_fullgrpo_tearchfix_r28_afterok/pard_steps1/latest_235b_scale_gen_job_id.txt,false
2026-06-15 05:21:33 PDT,OCI-HSG SWE-RL PARD-2 And MathRL Proof Gates,oci-hsg-cs-001-vscode-02,2026-06-15 05:21:34 PDT,3308774,specdec-pard2-steps1-20260614_oci_hsg_swerl_qwen235b_fullgrpo_pard2_pyoverlay_eager_nolevel_r16,PENDING,Priority,N/A,0:00,16,nemotron_n3_post,128517,1,0,/lustre/fs1/portfolios/coreai/projects/coreai_dlalgo_nemorl/users/sna/swerl_fullgrpo_logs/20260614_oci_hsg_swerl_qwen235b_fullgrpo_pard2_pyoverlay_eager_nolevel_r16/pard2_steps1/latest_235b_scale_gen_job_id.txt,false
2026-06-15 05:21:33 PDT,OCI-HSG SWE-RL PARD-2 And MathRL Proof Gates,oci-hsg-cs-001-vscode-02,2026-06-15 05:21:34 PDT,3315382,online-qwen235b-mathrl-main-pard_k5-fixed256-step10-N32xG4,PENDING,Priority,N/A,0:00,32,nemotron_n3_post,128464,0,0,,false
2026-06-15 05:21:33 PDT,OCI-HSG SWE-RL PARD-2 And MathRL Proof Gates,oci-hsg-cs-001-vscode-02,2026-06-15 05:21:34 PDT,3315381,online-qwen235b-mathrl-main-pard_k3-fixed256-step10-N32xG4,PENDING,Priority,N/A,0:00,32,nemotron_n3_post,128464,0,0,,false
2026-06-15 05:21:33 PDT,OCI-HSG SWE-RL PARD-2 And MathRL Proof Gates,oci-hsg-cs-001-vscode-02,2026-06-15 05:21:34 PDT,3315380,online-qwen235b-mathrl-main-baseline-fixed256-step10-N32xG4,PENDING,Priority,N/A,0:00,32,nemotron_n3_post,128464,0,0,,false
2026-06-15 05:23:56 PDT,Lyris SWE-RL TE-Arch/PARD Proof Gates,login-lyris02.lyris.clusters.nvidia.com,2026-06-15 05:23:56 PDT,2126895,specdec-baseline-steps1-20260615_lyris_swerl_qwen235b_fullgrpo_tearchfix_r28,PENDING,Priority,2026-06-15T07:55:00,0:00,16,coreai_dlalgo_llm,76879,1,0,/lustre/fsw/coreai_dlalgo_llm/users/sna/swerl_fullgrpo_logs/20260615_lyris_swerl_qwen235b_fullgrpo_tearchfix_r28/baseline_steps1/latest_235b_scale_gen_job_id.txt,false
2026-06-15 05:23:56 PDT,Lyris SWE-RL TE-Arch/PARD Proof Gates,login-lyris02.lyris.clusters.nvidia.com,2026-06-15 05:23:56 PDT,2126915,specdec-pard2-steps1-20260615_lyris_swerl_qwen235b_fullgrpo_tearchfix_r28_afterok,PENDING,Dependency,N/A,0:00,16,coreai_dlalgo_llm,76754,1,0,/lustre/fsw/coreai_dlalgo_llm/users/sna/swerl_fullgrpo_logs/20260615_lyris_swerl_qwen235b_fullgrpo_tearchfix_r28_afterok/pard2_steps1/latest_235b_scale_gen_job_id.txt,false
2026-06-15 05:23:56 PDT,Lyris SWE-RL TE-Arch/PARD Proof Gates,login-lyris02.lyris.clusters.nvidia.com,2026-06-15 05:23:56 PDT,2126914,specdec-pard-steps1-20260615_lyris_swerl_qwen235b_fullgrpo_tearchfix_r28_afterok,PENDING,Dependency,N/A,0:00,16,coreai_dlalgo_llm,76754,1,0,/lustre/fsw/coreai_dlalgo_llm/users/sna/swerl_fullgrpo_logs/20260615_lyris_swerl_qwen235b_fullgrpo_tearchfix_r28_afterok/pard_steps1/latest_235b_scale_gen_job_id.txt,false
2026-06-15 05:23:56 PDT,OCI-HSG SWE-RL PARD-2 And MathRL Proof Gates,oci-hsg-cs-001-vscode-02,2026-06-15 05:23:57 PDT,3308774,specdec-pard2-steps1-20260614_oci_hsg_swerl_qwen235b_fullgrpo_pard2_pyoverlay_eager_nolevel_r16,PENDING,Priority,2026-06-15T17:40:00,0:00,16,nemotron_n3_post,128517,1,0,/lustre/fs1/portfolios/coreai/projects/coreai_dlalgo_nemorl/users/sna/swerl_fullgrpo_logs/20260614_oci_hsg_swerl_qwen235b_fullgrpo_pard2_pyoverlay_eager_nolevel_r16/pard2_steps1/latest_235b_scale_gen_job_id.txt,false
2026-06-15 05:23:56 PDT,OCI-HSG SWE-RL PARD-2 And MathRL Proof Gates,oci-hsg-cs-001-vscode-02,2026-06-15 05:23:57 PDT,3315382,online-qwen235b-mathrl-main-pard_k5-fixed256-step10-N32xG4,PENDING,Priority,2026-06-15T18:20:00,0:00,32,nemotron_n3_post,128464,0,0,,false
2026-06-15 05:23:56 PDT,OCI-HSG SWE-RL PARD-2 And MathRL Proof Gates,oci-hsg-cs-001-vscode-02,2026-06-15 05:23:57 PDT,3315380,online-qwen235b-mathrl-main-baseline-fixed256-step10-N32xG4,PENDING,Priority,2026-06-15T17:40:00,0:00,32,nemotron_n3_post,128464,0,0,,false
2026-06-15 05:23:56 PDT,OCI-HSG SWE-RL PARD-2 And MathRL Proof Gates,oci-hsg-cs-001-vscode-02,2026-06-15 05:23:57 PDT,3315381,online-qwen235b-mathrl-main-pard_k3-fixed256-step10-N32xG4,PENDING,Priority,2026-06-15T17:40:00,0:00,32,nemotron_n3_post,128464,0,0,,false
2026-06-15 05:26:22 PDT,Lyris SWE-RL TE-Arch/PARD Proof Gates,login-lyris02.lyris.clusters.nvidia.com,2026-06-15 05:26:23 PDT,2126895,specdec-baseline-steps1-20260615_lyris_swerl_qwen235b_fullgrpo_tearchfix_r28,PENDING,Priority,2026-06-15T07:55:00,0:00,16,coreai_dlalgo_llm,76879,1,0,/lustre/fsw/coreai_dlalgo_llm/users/sna/swerl_fullgrpo_logs/20260615_lyris_swerl_qwen235b_fullgrpo_tearchfix_r28/baseline_steps1/latest_235b_scale_gen_job_id.txt,false
2026-06-15 05:26:22 PDT,Lyris SWE-RL TE-Arch/PARD Proof Gates,login-lyris02.lyris.clusters.nvidia.com,2026-06-15 05:26:23 PDT,2126915,specdec-pard2-steps1-20260615_lyris_swerl_qwen235b_fullgrpo_tearchfix_r28_afterok,PENDING,Dependency,N/A,0:00,16,coreai_dlalgo_llm,76754,1,0,/lustre/fsw/coreai_dlalgo_llm/users/sna/swerl_fullgrpo_logs/20260615_lyris_swerl_qwen235b_fullgrpo_tearchfix_r28_afterok/pard2_steps1/latest_235b_scale_gen_job_id.txt,false
2026-06-15 05:26:22 PDT,Lyris SWE-RL TE-Arch/PARD Proof Gates,login-lyris02.lyris.clusters.nvidia.com,2026-06-15 05:26:23 PDT,2126914,specdec-pard-steps1-20260615_lyris_swerl_qwen235b_fullgrpo_tearchfix_r28_afterok,PENDING,Dependency,N/A,0:00,16,coreai_dlalgo_llm,76754,1,0,/lustre/fsw/coreai_dlalgo_llm/users/sna/swerl_fullgrpo_logs/20260615_lyris_swerl_qwen235b_fullgrpo_tearchfix_r28_afterok/pard_steps1/latest_235b_scale_gen_job_id.txt,false
2026-06-15 05:26:22 PDT,OCI-HSG SWE-RL PARD-2 And MathRL Proof Gates,oci-hsg-cs-001-vscode-02,2026-06-15 05:26:23 PDT,3308774,specdec-pard2-steps1-20260614_oci_hsg_swerl_qwen235b_fullgrpo_pard2_pyoverlay_eager_nolevel_r16,PENDING,Priority,2026-06-15T18:20:00,0:00,16,nemotron_n3_post,128517,1,0,/lustre/fs1/portfolios/coreai/projects/coreai_dlalgo_nemorl/users/sna/swerl_fullgrpo_logs/20260614_oci_hsg_swerl_qwen235b_fullgrpo_pard2_pyoverlay_eager_nolevel_r16/pard2_steps1/latest_235b_scale_gen_job_id.txt,false
2026-06-15 05:26:22 PDT,OCI-HSG SWE-RL PARD-2 And MathRL Proof Gates,oci-hsg-cs-001-vscode-02,2026-06-15 05:26:23 PDT,3315380,online-qwen235b-mathrl-main-baseline-fixed256-step10-N32xG4,PENDING,Priority,2026-06-15T18:30:00,0:00,32,nemotron_n3_post,128465,0,0,,false
2026-06-15 05:26:22 PDT,OCI-HSG SWE-RL PARD-2 And MathRL Proof Gates,oci-hsg-cs-001-vscode-02,2026-06-15 05:26:23 PDT,3315381,online-qwen235b-mathrl-main-pard_k3-fixed256-step10-N32xG4,PENDING,Priority,2026-06-15T18:30:00,0:00,32,nemotron_n3_post,128465,0,0,,false
2026-06-15 05:26:22 PDT,OCI-HSG SWE-RL PARD-2 And MathRL Proof Gates,oci-hsg-cs-001-vscode-02,2026-06-15 05:26:23 PDT,3315382,online-qwen235b-mathrl-main-pard_k5-fixed256-step10-N32xG4,PENDING,Priority,2026-06-15T18:30:00,0:00,32,nemotron_n3_post,128465,0,0,,false
2026-06-15 05:28:44 PDT,Lyris SWE-RL TE-Arch/PARD Proof Gates,login-lyris02.lyris.clusters.nvidia.com,2026-06-15 05:28:45 PDT,2126895,specdec-baseline-steps1-20260615_lyris_swerl_qwen235b_fullgrpo_tearchfix_r28,PENDING,Priority,2026-06-15T08:13:00,0:00,16,coreai_dlalgo_llm,76882,1,0,/lustre/fsw/coreai_dlalgo_llm/users/sna/swerl_fullgrpo_logs/20260615_lyris_swerl_qwen235b_fullgrpo_tearchfix_r28/baseline_steps1/latest_235b_scale_gen_job_id.txt,false
2026-06-15 05:28:44 PDT,Lyris SWE-RL TE-Arch/PARD Proof Gates,login-lyris02.lyris.clusters.nvidia.com,2026-06-15 05:28:45 PDT,2126915,specdec-pard2-steps1-20260615_lyris_swerl_qwen235b_fullgrpo_tearchfix_r28_afterok,PENDING,Dependency,N/A,0:00,16,coreai_dlalgo_llm,76754,1,0,/lustre/fsw/coreai_dlalgo_llm/users/sna/swerl_fullgrpo_logs/20260615_lyris_swerl_qwen235b_fullgrpo_tearchfix_r28_afterok/pard2_steps1/latest_235b_scale_gen_job_id.txt,false
2026-06-15 05:28:44 PDT,Lyris SWE-RL TE-Arch/PARD Proof Gates,login-lyris02.lyris.clusters.nvidia.com,2026-06-15 05:28:45 PDT,2126914,specdec-pard-steps1-20260615_lyris_swerl_qwen235b_fullgrpo_tearchfix_r28_afterok,PENDING,Dependency,N/A,0:00,16,coreai_dlalgo_llm,76754,1,0,/lustre/fsw/coreai_dlalgo_llm/users/sna/swerl_fullgrpo_logs/20260615_lyris_swerl_qwen235b_fullgrpo_tearchfix_r28_afterok/pard_steps1/latest_235b_scale_gen_job_id.txt,false
2026-06-15 05:28:44 PDT,OCI-HSG SWE-RL PARD-2 And MathRL Proof Gates,oci-hsg-cs-001-vscode-02,2026-06-15 05:28:45 PDT,3308774,specdec-pard2-steps1-20260614_oci_hsg_swerl_qwen235b_fullgrpo_pard2_pyoverlay_eager_nolevel_r16,PENDING,Priority,2026-06-15T18:20:00,0:00,16,nemotron_n3_post,128517,1,0,/lustre/fs1/portfolios/coreai/projects/coreai_dlalgo_nemorl/users/sna/swerl_fullgrpo_logs/20260614_oci_hsg_swerl_qwen235b_fullgrpo_pard2_pyoverlay_eager_nolevel_r16/pard2_steps1/latest_235b_scale_gen_job_id.txt,false
2026-06-15 05:28:44 PDT,OCI-HSG SWE-RL PARD-2 And MathRL Proof Gates,oci-hsg-cs-001-vscode-02,2026-06-15 05:28:45 PDT,3315380,online-qwen235b-mathrl-main-baseline-fixed256-step10-N32xG4,PENDING,Priority,2026-06-15T18:40:00,0:00,32,nemotron_n3_post,128465,0,0,,false
2026-06-15 05:28:44 PDT,OCI-HSG SWE-RL PARD-2 And MathRL Proof Gates,oci-hsg-cs-001-vscode-02,2026-06-15 05:28:45 PDT,3315381,online-qwen235b-mathrl-main-pard_k3-fixed256-step10-N32xG4,PENDING,Priority,2026-06-15T18:40:00,0:00,32,nemotron_n3_post,128465,0,0,,false
2026-06-15 05:28:44 PDT,OCI-HSG SWE-RL PARD-2 And MathRL Proof Gates,oci-hsg-cs-001-vscode-02,2026-06-15 05:28:45 PDT,3315382,online-qwen235b-mathrl-main-pard_k5-fixed256-step10-N32xG4,PENDING,Priority,2026-06-15T18:40:00,0:00,32,nemotron_n3_post,128465,0,0,,false
2026-06-15 05:31:12 PDT,Lyris SWE-RL TE-Arch/PARD Proof Gates,login-lyris02.lyris.clusters.nvidia.com,2026-06-15 05:31:12 PDT,2126895,specdec-baseline-steps1-20260615_lyris_swerl_qwen235b_fullgrpo_tearchfix_r28,PENDING,Priority,2026-06-15T08:13:00,0:00,16,coreai_dlalgo_llm,76882,1,0,/lustre/fsw/coreai_dlalgo_llm/users/sna/swerl_fullgrpo_logs/20260615_lyris_swerl_qwen235b_fullgrpo_tearchfix_r28/baseline_steps1/latest_235b_scale_gen_job_id.txt,false
2026-06-15 05:31:12 PDT,Lyris SWE-RL TE-Arch/PARD Proof Gates,login-lyris02.lyris.clusters.nvidia.com,2026-06-15 05:31:12 PDT,2126915,specdec-pard2-steps1-20260615_lyris_swerl_qwen235b_fullgrpo_tearchfix_r28_afterok,PENDING,Dependency,N/A,0:00,16,coreai_dlalgo_llm,76754,1,0,/lustre/fsw/coreai_dlalgo_llm/users/sna/swerl_fullgrpo_logs/20260615_lyris_swerl_qwen235b_fullgrpo_tearchfix_r28_afterok/pard2_steps1/latest_235b_scale_gen_job_id.txt,false
2026-06-15 05:31:12 PDT,Lyris SWE-RL TE-Arch/PARD Proof Gates,login-lyris02.lyris.clusters.nvidia.com,2026-06-15 05:31:12 PDT,2126914,specdec-pard-steps1-20260615_lyris_swerl_qwen235b_fullgrpo_tearchfix_r28_afterok,PENDING,Dependency,N/A,0:00,16,coreai_dlalgo_llm,76754,1,0,/lustre/fsw/coreai_dlalgo_llm/users/sna/swerl_fullgrpo_logs/20260615_lyris_swerl_qwen235b_fullgrpo_tearchfix_r28_afterok/pard_steps1/latest_235b_scale_gen_job_id.txt,false
2026-06-15 05:31:12 PDT,OCI-HSG SWE-RL PARD-2 And MathRL Proof Gates,oci-hsg-cs-001-vscode-02,2026-06-15 05:31:13 PDT,3308774,specdec-pard2-steps1-20260614_oci_hsg_swerl_qwen235b_fullgrpo_pard2_pyoverlay_eager_nolevel_r16,PENDING,Priority,N/A,0:00,16,nemotron_n3_post,128518,1,0,/lustre/fs1/portfolios/coreai/projects/coreai_dlalgo_nemorl/users/sna/swerl_fullgrpo_logs/20260614_oci_hsg_swerl_qwen235b_fullgrpo_pard2_pyoverlay_eager_nolevel_r16/pard2_steps1/latest_235b_scale_gen_job_id.txt,false
2026-06-15 05:31:12 PDT,OCI-HSG SWE-RL PARD-2 And MathRL Proof Gates,oci-hsg-cs-001-vscode-02,2026-06-15 05:31:13 PDT,3315382,online-qwen235b-mathrl-main-pard_k5-fixed256-step10-N32xG4,PENDING,Priority,N/A,0:00,32,nemotron_n3_post,128465,0,0,,false
2026-06-15 05:31:12 PDT,OCI-HSG SWE-RL PARD-2 And MathRL Proof Gates,oci-hsg-cs-001-vscode-02,2026-06-15 05:31:13 PDT,3315381,online-qwen235b-mathrl-main-pard_k3-fixed256-step10-N32xG4,PENDING,Priority,N/A,0:00,32,nemotron_n3_post,128465,0,0,,false
2026-06-15 05:31:12 PDT,OCI-HSG SWE-RL PARD-2 And MathRL Proof Gates,oci-hsg-cs-001-vscode-02,2026-06-15 05:31:13 PDT,3315380,online-qwen235b-mathrl-main-baseline-fixed256-step10-N32xG4,PENDING,Priority,N/A,0:00,32,nemotron_n3_post,128465,0,0,,false
2026-06-15 05:34:05 PDT,Lyris SWE-RL TE-Arch/PARD Proof Gates,login-lyris02.lyris.clusters.nvidia.com,2026-06-15 05:34:05 PDT,2126895,specdec-baseline-steps1-20260615_lyris_swerl_qwen235b_fullgrpo_tearchfix_r28,PENDING,Priority,2026-06-15T08:13:00,0:00,16,coreai_dlalgo_llm,76885,1,0,/lustre/fsw/coreai_dlalgo_llm/users/sna/swerl_fullgrpo_logs/20260615_lyris_swerl_qwen235b_fullgrpo_tearchfix_r28/baseline_steps1/latest_235b_scale_gen_job_id.txt,false
2026-06-15 05:34:05 PDT,Lyris SWE-RL TE-Arch/PARD Proof Gates,login-lyris02.lyris.clusters.nvidia.com,2026-06-15 05:34:05 PDT,2126915,specdec-pard2-steps1-20260615_lyris_swerl_qwen235b_fullgrpo_tearchfix_r28_afterok,PENDING,Dependency,N/A,0:00,16,coreai_dlalgo_llm,76754,1,0,/lustre/fsw/coreai_dlalgo_llm/users/sna/swerl_fullgrpo_logs/20260615_lyris_swerl_qwen235b_fullgrpo_tearchfix_r28_afterok/pard2_steps1/latest_235b_scale_gen_job_id.txt,false
2026-06-15 05:34:05 PDT,Lyris SWE-RL TE-Arch/PARD Proof Gates,login-lyris02.lyris.clusters.nvidia.com,2026-06-15 05:34:05 PDT,2126914,specdec-pard-steps1-20260615_lyris_swerl_qwen235b_fullgrpo_tearchfix_r28_afterok,PENDING,Dependency,N/A,0:00,16,coreai_dlalgo_llm,76754,1,0,/lustre/fsw/coreai_dlalgo_llm/users/sna/swerl_fullgrpo_logs/20260615_lyris_swerl_qwen235b_fullgrpo_tearchfix_r28_afterok/pard_steps1/latest_235b_scale_gen_job_id.txt,false
2026-06-15 05:34:05 PDT,OCI-HSG SWE-RL PARD-2 And MathRL Proof Gates,oci-hsg-cs-001-vscode-02,2026-06-15 05:34:06 PDT,3308774,specdec-pard2-steps1-20260614_oci_hsg_swerl_qwen235b_fullgrpo_pard2_pyoverlay_eager_nolevel_r16,PENDING,Priority,2026-06-15T13:00:00,0:00,16,nemotron_n3_post,128518,1,0,/lustre/fs1/portfolios/coreai/projects/coreai_dlalgo_nemorl/users/sna/swerl_fullgrpo_logs/20260614_oci_hsg_swerl_qwen235b_fullgrpo_pard2_pyoverlay_eager_nolevel_r16/pard2_steps1/latest_235b_scale_gen_job_id.txt,false
2026-06-15 05:34:05 PDT,OCI-HSG SWE-RL PARD-2 And MathRL Proof Gates,oci-hsg-cs-001-vscode-02,2026-06-15 05:34:06 PDT,3315381,online-qwen235b-mathrl-main-pard_k3-fixed256-step10-N32xG4,PENDING,Priority,2026-06-15T13:30:00,0:00,32,nemotron_n3_post,128465,0,0,,false
2026-06-15 05:34:05 PDT,OCI-HSG SWE-RL PARD-2 And MathRL Proof Gates,oci-hsg-cs-001-vscode-02,2026-06-15 05:34:06 PDT,3315382,online-qwen235b-mathrl-main-pard_k5-fixed256-step10-N32xG4,PENDING,Priority,2026-06-15T13:30:00,0:00,32,nemotron_n3_post,128465,0,0,,false
2026-06-15 05:34:05 PDT,OCI-HSG SWE-RL PARD-2 And MathRL Proof Gates,oci-hsg-cs-001-vscode-02,2026-06-15 05:34:06 PDT,3315380,online-qwen235b-mathrl-main-baseline-fixed256-step10-N32xG4,PENDING,Priority,2026-06-15T13:00:00,0:00,32,nemotron_n3_post,128465,0,0,,false
2026-06-15 05:35:51 PDT,Lyris SWE-RL TE-Arch/PARD Proof Gates,login-lyris02.lyris.clusters.nvidia.com,2026-06-15 05:35:51 PDT,2126895,specdec-baseline-steps1-20260615_lyris_swerl_qwen235b_fullgrpo_tearchfix_r28,PENDING,Priority,2026-06-15T08:13:00,0:00,16,coreai_dlalgo_llm,76885,1,0,/lustre/fsw/coreai_dlalgo_llm/users/sna/swerl_fullgrpo_logs/20260615_lyris_swerl_qwen235b_fullgrpo_tearchfix_r28/baseline_steps1/latest_235b_scale_gen_job_id.txt,false
2026-06-15 05:35:51 PDT,Lyris SWE-RL TE-Arch/PARD Proof Gates,login-lyris02.lyris.clusters.nvidia.com,2026-06-15 05:35:51 PDT,2126915,specdec-pard2-steps1-20260615_lyris_swerl_qwen235b_fullgrpo_tearchfix_r28_afterok,PENDING,Dependency,N/A,0:00,16,coreai_dlalgo_llm,76754,1,0,/lustre/fsw/coreai_dlalgo_llm/users/sna/swerl_fullgrpo_logs/20260615_lyris_swerl_qwen235b_fullgrpo_tearchfix_r28_afterok/pard2_steps1/latest_235b_scale_gen_job_id.txt,false
2026-06-15 05:35:51 PDT,Lyris SWE-RL TE-Arch/PARD Proof Gates,login-lyris02.lyris.clusters.nvidia.com,2026-06-15 05:35:51 PDT,2126914,specdec-pard-steps1-20260615_lyris_swerl_qwen235b_fullgrpo_tearchfix_r28_afterok,PENDING,Dependency,N/A,0:00,16,coreai_dlalgo_llm,76754,1,0,/lustre/fsw/coreai_dlalgo_llm/users/sna/swerl_fullgrpo_logs/20260615_lyris_swerl_qwen235b_fullgrpo_tearchfix_r28_afterok/pard_steps1/latest_235b_scale_gen_job_id.txt,false
2026-06-15 05:35:51 PDT,OCI-HSG SWE-RL PARD-2 And MathRL Proof Gates,oci-hsg-cs-001-vscode-02,2026-06-15 05:35:51 PDT,3308774,specdec-pard2-steps1-20260614_oci_hsg_swerl_qwen235b_fullgrpo_pard2_pyoverlay_eager_nolevel_r16,PENDING,Priority,N/A,0:00,16,nemotron_n3_post,128518,1,0,/lustre/fs1/portfolios/coreai/projects/coreai_dlalgo_nemorl/users/sna/swerl_fullgrpo_logs/20260614_oci_hsg_swerl_qwen235b_fullgrpo_pard2_pyoverlay_eager_nolevel_r16/pard2_steps1/latest_235b_scale_gen_job_id.txt,false
2026-06-15 05:35:51 PDT,OCI-HSG SWE-RL PARD-2 And MathRL Proof Gates,oci-hsg-cs-001-vscode-02,2026-06-15 05:35:51 PDT,3315382,online-qwen235b-mathrl-main-pard_k5-fixed256-step10-N32xG4,PENDING,Priority,N/A,0:00,32,nemotron_n3_post,128466,0,0,,false
2026-06-15 05:35:51 PDT,OCI-HSG SWE-RL PARD-2 And MathRL Proof Gates,oci-hsg-cs-001-vscode-02,2026-06-15 05:35:51 PDT,3315381,online-qwen235b-mathrl-main-pard_k3-fixed256-step10-N32xG4,PENDING,Priority,N/A,0:00,32,nemotron_n3_post,128466,0,0,,false
2026-06-15 05:35:51 PDT,OCI-HSG SWE-RL PARD-2 And MathRL Proof Gates,oci-hsg-cs-001-vscode-02,2026-06-15 05:35:51 PDT,3315380,online-qwen235b-mathrl-main-baseline-fixed256-step10-N32xG4,PENDING,Priority,N/A,0:00,32,nemotron_n3_post,128466,0,0,,false
2026-06-15 05:38:36 PDT,Lyris SWE-RL TE-Arch/PARD Proof Gates,login-lyris02.lyris.clusters.nvidia.com,2026-06-15 05:38:36 PDT,2126895,specdec-baseline-steps1-20260615_lyris_swerl_qwen235b_fullgrpo_tearchfix_r28,PENDING,Priority,2026-06-15T08:13:00,0:00,16,coreai_dlalgo_llm,76889,1,0,/lustre/fsw/coreai_dlalgo_llm/users/sna/swerl_fullgrpo_logs/20260615_lyris_swerl_qwen235b_fullgrpo_tearchfix_r28/baseline_steps1/latest_235b_scale_gen_job_id.txt,false
2026-06-15 05:38:36 PDT,Lyris SWE-RL TE-Arch/PARD Proof Gates,login-lyris02.lyris.clusters.nvidia.com,2026-06-15 05:38:36 PDT,2126915,specdec-pard2-steps1-20260615_lyris_swerl_qwen235b_fullgrpo_tearchfix_r28_afterok,PENDING,Dependency,N/A,0:00,16,coreai_dlalgo_llm,76754,1,0,/lustre/fsw/coreai_dlalgo_llm/users/sna/swerl_fullgrpo_logs/20260615_lyris_swerl_qwen235b_fullgrpo_tearchfix_r28_afterok/pard2_steps1/latest_235b_scale_gen_job_id.txt,false
2026-06-15 05:38:36 PDT,Lyris SWE-RL TE-Arch/PARD Proof Gates,login-lyris02.lyris.clusters.nvidia.com,2026-06-15 05:38:36 PDT,2126914,specdec-pard-steps1-20260615_lyris_swerl_qwen235b_fullgrpo_tearchfix_r28_afterok,PENDING,Dependency,N/A,0:00,16,coreai_dlalgo_llm,76754,1,0,/lustre/fsw/coreai_dlalgo_llm/users/sna/swerl_fullgrpo_logs/20260615_lyris_swerl_qwen235b_fullgrpo_tearchfix_r28_afterok/pard_steps1/latest_235b_scale_gen_job_id.txt,false
2026-06-15 05:38:36 PDT,OCI-HSG SWE-RL PARD-2 And MathRL Proof Gates,oci-hsg-cs-001-vscode-02,2026-06-15 05:38:37 PDT,3308774,specdec-pard2-steps1-20260614_oci_hsg_swerl_qwen235b_fullgrpo_pard2_pyoverlay_eager_nolevel_r16,PENDING,Priority,N/A,0:00,16,nemotron_n3_post,128518,1,0,/lustre/fs1/portfolios/coreai/projects/coreai_dlalgo_nemorl/users/sna/swerl_fullgrpo_logs/20260614_oci_hsg_swerl_qwen235b_fullgrpo_pard2_pyoverlay_eager_nolevel_r16/pard2_steps1/latest_235b_scale_gen_job_id.txt,false
2026-06-15 05:38:36 PDT,OCI-HSG SWE-RL PARD-2 And MathRL Proof Gates,oci-hsg-cs-001-vscode-02,2026-06-15 05:38:37 PDT,3315382,online-qwen235b-mathrl-main-pard_k5-fixed256-step10-N32xG4,PENDING,Priority,N/A,0:00,32,nemotron_n3_post,128465,0,0,,false
2026-06-15 05:38:36 PDT,OCI-HSG SWE-RL PARD-2 And MathRL Proof Gates,oci-hsg-cs-001-vscode-02,2026-06-15 05:38:37 PDT,3315381,online-qwen235b-mathrl-main-pard_k3-fixed256-step10-N32xG4,PENDING,Priority,N/A,0:00,32,nemotron_n3_post,128465,0,0,,false
2026-06-15 05:38:36 PDT,OCI-HSG SWE-RL PARD-2 And MathRL Proof Gates,oci-hsg-cs-001-vscode-02,2026-06-15 05:38:37 PDT,3315380,online-qwen235b-mathrl-main-baseline-fixed256-step10-N32xG4,PENDING,Priority,N/A,0:00,32,nemotron_n3_post,128465,0,0,,false
2026-06-15 05:41:02 PDT,Lyris SWE-RL TE-Arch/PARD Proof Gates,login-lyris02.lyris.clusters.nvidia.com,2026-06-15 05:41:03 PDT,2126895,specdec-baseline-steps1-20260615_lyris_swerl_qwen235b_fullgrpo_tearchfix_r28,PENDING,Priority,2026-06-15T08:04:00,0:00,16,coreai_dlalgo_llm,76889,1,0,/lustre/fsw/coreai_dlalgo_llm/users/sna/swerl_fullgrpo_logs/20260615_lyris_swerl_qwen235b_fullgrpo_tearchfix_r28/baseline_steps1/latest_235b_scale_gen_job_id.txt,false
2026-06-15 05:41:02 PDT,Lyris SWE-RL TE-Arch/PARD Proof Gates,login-lyris02.lyris.clusters.nvidia.com,2026-06-15 05:41:03 PDT,2126915,specdec-pard2-steps1-20260615_lyris_swerl_qwen235b_fullgrpo_tearchfix_r28_afterok,PENDING,Dependency,N/A,0:00,16,coreai_dlalgo_llm,76754,1,0,/lustre/fsw/coreai_dlalgo_llm/users/sna/swerl_fullgrpo_logs/20260615_lyris_swerl_qwen235b_fullgrpo_tearchfix_r28_afterok/pard2_steps1/latest_235b_scale_gen_job_id.txt,false
2026-06-15 05:41:02 PDT,Lyris SWE-RL TE-Arch/PARD Proof Gates,login-lyris02.lyris.clusters.nvidia.com,2026-06-15 05:41:03 PDT,2126914,specdec-pard-steps1-20260615_lyris_swerl_qwen235b_fullgrpo_tearchfix_r28_afterok,PENDING,Dependency,N/A,0:00,16,coreai_dlalgo_llm,76754,1,0,/lustre/fsw/coreai_dlalgo_llm/users/sna/swerl_fullgrpo_logs/20260615_lyris_swerl_qwen235b_fullgrpo_tearchfix_r28_afterok/pard_steps1/latest_235b_scale_gen_job_id.txt,false
2026-06-15 05:41:02 PDT,OCI-HSG SWE-RL PARD-2 And MathRL Proof Gates,oci-hsg-cs-001-vscode-02,2026-06-15 05:41:03 PDT,3308774,specdec-pard2-steps1-20260614_oci_hsg_swerl_qwen235b_fullgrpo_pard2_pyoverlay_eager_nolevel_r16,PENDING,Priority,2026-06-15T14:10:00,0:00,16,nemotron_n3_post,128519,1,0,/lustre/fs1/portfolios/coreai/projects/coreai_dlalgo_nemorl/users/sna/swerl_fullgrpo_logs/20260614_oci_hsg_swerl_qwen235b_fullgrpo_pard2_pyoverlay_eager_nolevel_r16/pard2_steps1/latest_235b_scale_gen_job_id.txt,false
2026-06-15 05:41:02 PDT,OCI-HSG SWE-RL PARD-2 And MathRL Proof Gates,oci-hsg-cs-001-vscode-02,2026-06-15 05:41:03 PDT,3315381,online-qwen235b-mathrl-main-pard_k3-fixed256-step10-N32xG4,PENDING,Priority,2026-06-15T18:10:00,0:00,32,nemotron_n3_post,128466,0,0,,false
2026-06-15 05:41:02 PDT,OCI-HSG SWE-RL PARD-2 And MathRL Proof Gates,oci-hsg-cs-001-vscode-02,2026-06-15 05:41:03 PDT,3315382,online-qwen235b-mathrl-main-pard_k5-fixed256-step10-N32xG4,PENDING,Priority,2026-06-15T18:10:00,0:00,32,nemotron_n3_post,128466,0,0,,false
2026-06-15 05:41:02 PDT,OCI-HSG SWE-RL PARD-2 And MathRL Proof Gates,oci-hsg-cs-001-vscode-02,2026-06-15 05:41:03 PDT,3315380,online-qwen235b-mathrl-main-baseline-fixed256-step10-N32xG4,PENDING,Priority,2026-06-15T14:10:00,0:00,32,nemotron_n3_post,128466,0,0,,false
2026-06-15 05:44:56 PDT,Lyris SWE-RL TE-Arch/PARD Proof Gates,login-lyris02.lyris.clusters.nvidia.com,2026-06-15 05:44:57 PDT,2126895,specdec-baseline-steps1-20260615_lyris_swerl_qwen235b_fullgrpo_tearchfix_r28,PENDING,Priority,2026-06-15T07:48:00,0:00,16,coreai_dlalgo_llm,76892,1,0,/lustre/fsw/coreai_dlalgo_llm/users/sna/swerl_fullgrpo_logs/20260615_lyris_swerl_qwen235b_fullgrpo_tearchfix_r28/baseline_steps1/latest_235b_scale_gen_job_id.txt,false
2026-06-15 05:44:56 PDT,Lyris SWE-RL TE-Arch/PARD Proof Gates,login-lyris02.lyris.clusters.nvidia.com,2026-06-15 05:44:57 PDT,2126915,specdec-pard2-steps1-20260615_lyris_swerl_qwen235b_fullgrpo_tearchfix_r28_afterok,PENDING,Dependency,N/A,0:00,16,coreai_dlalgo_llm,76754,1,0,/lustre/fsw/coreai_dlalgo_llm/users/sna/swerl_fullgrpo_logs/20260615_lyris_swerl_qwen235b_fullgrpo_tearchfix_r28_afterok/pard2_steps1/latest_235b_scale_gen_job_id.txt,false
2026-06-15 05:44:56 PDT,Lyris SWE-RL TE-Arch/PARD Proof Gates,login-lyris02.lyris.clusters.nvidia.com,2026-06-15 05:44:57 PDT,2126914,specdec-pard-steps1-20260615_lyris_swerl_qwen235b_fullgrpo_tearchfix_r28_afterok,PENDING,Dependency,N/A,0:00,16,coreai_dlalgo_llm,76754,1,0,/lustre/fsw/coreai_dlalgo_llm/users/sna/swerl_fullgrpo_logs/20260615_lyris_swerl_qwen235b_fullgrpo_tearchfix_r28_afterok/pard_steps1/latest_235b_scale_gen_job_id.txt,false
2026-06-15 05:44:56 PDT,OCI-HSG SWE-RL PARD-2 And MathRL Proof Gates,oci-hsg-cs-001-vscode-02,2026-06-15 05:44:57 PDT,3308774,specdec-pard2-steps1-20260614_oci_hsg_swerl_qwen235b_fullgrpo_pard2_pyoverlay_eager_nolevel_r16,PENDING,Priority,N/A,0:00,16,nemotron_n3_post,128519,1,0,/lustre/fs1/portfolios/coreai/projects/coreai_dlalgo_nemorl/users/sna/swerl_fullgrpo_logs/20260614_oci_hsg_swerl_qwen235b_fullgrpo_pard2_pyoverlay_eager_nolevel_r16/pard2_steps1/latest_235b_scale_gen_job_id.txt,false
2026-06-15 05:44:56 PDT,OCI-HSG SWE-RL PARD-2 And MathRL Proof Gates,oci-hsg-cs-001-vscode-02,2026-06-15 05:44:57 PDT,3315382,online-qwen235b-mathrl-main-pard_k5-fixed256-step10-N32xG4,PENDING,Priority,N/A,0:00,32,nemotron_n3_post,128466,0,0,,false
2026-06-15 05:44:56 PDT,OCI-HSG SWE-RL PARD-2 And MathRL Proof Gates,oci-hsg-cs-001-vscode-02,2026-06-15 05:44:57 PDT,3315381,online-qwen235b-mathrl-main-pard_k3-fixed256-step10-N32xG4,PENDING,Priority,N/A,0:00,32,nemotron_n3_post,128466,0,0,,false
2026-06-15 05:44:56 PDT,OCI-HSG SWE-RL PARD-2 And MathRL Proof Gates,oci-hsg-cs-001-vscode-02,2026-06-15 05:44:57 PDT,3315380,online-qwen235b-mathrl-main-baseline-fixed256-step10-N32xG4,PENDING,Priority,N/A,0:00,32,nemotron_n3_post,128466,0,0,,false
2026-06-15 05:47:33 PDT,Lyris SWE-RL TE-Arch/PARD Proof Gates,login-lyris02.lyris.clusters.nvidia.com,2026-06-15 05:47:33 PDT,2126895,specdec-baseline-steps1-20260615_lyris_swerl_qwen235b_fullgrpo_tearchfix_r28,PENDING,Priority,2026-06-15T07:48:00,0:00,16,coreai_dlalgo_llm,76896,1,0,/lustre/fsw/coreai_dlalgo_llm/users/sna/swerl_fullgrpo_logs/20260615_lyris_swerl_qwen235b_fullgrpo_tearchfix_r28/baseline_steps1/latest_235b_scale_gen_job_id.txt,false
2026-06-15 05:47:33 PDT,Lyris SWE-RL TE-Arch/PARD Proof Gates,login-lyris02.lyris.clusters.nvidia.com,2026-06-15 05:47:33 PDT,2126915,specdec-pard2-steps1-20260615_lyris_swerl_qwen235b_fullgrpo_tearchfix_r28_afterok,PENDING,Dependency,N/A,0:00,16,coreai_dlalgo_llm,76754,1,0,/lustre/fsw/coreai_dlalgo_llm/users/sna/swerl_fullgrpo_logs/20260615_lyris_swerl_qwen235b_fullgrpo_tearchfix_r28_afterok/pard2_steps1/latest_235b_scale_gen_job_id.txt,false
2026-06-15 05:47:33 PDT,Lyris SWE-RL TE-Arch/PARD Proof Gates,login-lyris02.lyris.clusters.nvidia.com,2026-06-15 05:47:33 PDT,2126914,specdec-pard-steps1-20260615_lyris_swerl_qwen235b_fullgrpo_tearchfix_r28_afterok,PENDING,Dependency,N/A,0:00,16,coreai_dlalgo_llm,76754,1,0,/lustre/fsw/coreai_dlalgo_llm/users/sna/swerl_fullgrpo_logs/20260615_lyris_swerl_qwen235b_fullgrpo_tearchfix_r28_afterok/pard_steps1/latest_235b_scale_gen_job_id.txt,false
2026-06-15 05:47:33 PDT,OCI-HSG SWE-RL PARD-2 And MathRL Proof Gates,oci-hsg-cs-001-vscode-02,2026-06-15 05:47:34 PDT,3308774,specdec-pard2-steps1-20260614_oci_hsg_swerl_qwen235b_fullgrpo_pard2_pyoverlay_eager_nolevel_r16,PENDING,Priority,2026-06-15T14:20:00,0:00,16,nemotron_n3_post,128519,1,0,/lustre/fs1/portfolios/coreai/projects/coreai_dlalgo_nemorl/users/sna/swerl_fullgrpo_logs/20260614_oci_hsg_swerl_qwen235b_fullgrpo_pard2_pyoverlay_eager_nolevel_r16/pard2_steps1/latest_235b_scale_gen_job_id.txt,false
2026-06-15 05:47:33 PDT,OCI-HSG SWE-RL PARD-2 And MathRL Proof Gates,oci-hsg-cs-001-vscode-02,2026-06-15 05:47:34 PDT,3315381,online-qwen235b-mathrl-main-pard_k3-fixed256-step10-N32xG4,PENDING,Priority,2026-06-15T18:20:00,0:00,32,nemotron_n3_post,128466,0,0,,false
2026-06-15 05:47:33 PDT,OCI-HSG SWE-RL PARD-2 And MathRL Proof Gates,oci-hsg-cs-001-vscode-02,2026-06-15 05:47:34 PDT,3315382,online-qwen235b-mathrl-main-pard_k5-fixed256-step10-N32xG4,PENDING,Priority,2026-06-15T18:20:00,0:00,32,nemotron_n3_post,128466,0,0,,false
2026-06-15 05:47:33 PDT,OCI-HSG SWE-RL PARD-2 And MathRL Proof Gates,oci-hsg-cs-001-vscode-02,2026-06-15 05:47:34 PDT,3315380,online-qwen235b-mathrl-main-baseline-fixed256-step10-N32xG4,PENDING,Priority,2026-06-15T17:30:00,0:00,32,nemotron_n3_post,128466,0,0,,false
2026-06-15 05:50:17 PDT,Lyris SWE-RL TE-Arch/PARD Proof Gates,login-lyris02.lyris.clusters.nvidia.com,2026-06-15 05:50:17 PDT,2126895,specdec-baseline-steps1-20260615_lyris_swerl_qwen235b_fullgrpo_tearchfix_r28,PENDING,Priority,2026-06-15T07:48:00,0:00,16,coreai_dlalgo_llm,76896,1,0,/lustre/fsw/coreai_dlalgo_llm/users/sna/swerl_fullgrpo_logs/20260615_lyris_swerl_qwen235b_fullgrpo_tearchfix_r28/baseline_steps1/latest_235b_scale_gen_job_id.txt,false
2026-06-15 05:50:17 PDT,Lyris SWE-RL TE-Arch/PARD Proof Gates,login-lyris02.lyris.clusters.nvidia.com,2026-06-15 05:50:17 PDT,2126915,specdec-pard2-steps1-20260615_lyris_swerl_qwen235b_fullgrpo_tearchfix_r28_afterok,PENDING,Dependency,N/A,0:00,16,coreai_dlalgo_llm,76754,1,0,/lustre/fsw/coreai_dlalgo_llm/users/sna/swerl_fullgrpo_logs/20260615_lyris_swerl_qwen235b_fullgrpo_tearchfix_r28_afterok/pard2_steps1/latest_235b_scale_gen_job_id.txt,false
2026-06-15 05:50:17 PDT,Lyris SWE-RL TE-Arch/PARD Proof Gates,login-lyris02.lyris.clusters.nvidia.com,2026-06-15 05:50:17 PDT,2126914,specdec-pard-steps1-20260615_lyris_swerl_qwen235b_fullgrpo_tearchfix_r28_afterok,PENDING,Dependency,N/A,0:00,16,coreai_dlalgo_llm,76754,1,0,/lustre/fsw/coreai_dlalgo_llm/users/sna/swerl_fullgrpo_logs/20260615_lyris_swerl_qwen235b_fullgrpo_tearchfix_r28_afterok/pard_steps1/latest_235b_scale_gen_job_id.txt,false
2026-06-15 05:50:17 PDT,OCI-HSG SWE-RL PARD-2 And MathRL Proof Gates,oci-hsg-cs-001-vscode-02,2026-06-15 05:50:18 PDT,3308774,specdec-pard2-steps1-20260614_oci_hsg_swerl_qwen235b_fullgrpo_pard2_pyoverlay_eager_nolevel_r16,PENDING,Priority,2026-06-15T13:30:00,0:00,16,nemotron_n3_post,128519,1,0,/lustre/fs1/portfolios/coreai/projects/coreai_dlalgo_nemorl/users/sna/swerl_fullgrpo_logs/20260614_oci_hsg_swerl_qwen235b_fullgrpo_pard2_pyoverlay_eager_nolevel_r16/pard2_steps1/latest_235b_scale_gen_job_id.txt,false
2026-06-15 05:50:17 PDT,OCI-HSG SWE-RL PARD-2 And MathRL Proof Gates,oci-hsg-cs-001-vscode-02,2026-06-15 05:50:18 PDT,3315382,online-qwen235b-mathrl-main-pard_k5-fixed256-step10-N32xG4,PENDING,Priority,2026-06-15T18:00:00,0:00,32,nemotron_n3_post,128466,0,0,,false
2026-06-15 05:50:17 PDT,OCI-HSG SWE-RL PARD-2 And MathRL Proof Gates,oci-hsg-cs-001-vscode-02,2026-06-15 05:50:18 PDT,3315381,online-qwen235b-mathrl-main-pard_k3-fixed256-step10-N32xG4,PENDING,Priority,2026-06-15T17:30:00,0:00,32,nemotron_n3_post,128466,0,0,,false
2026-06-15 05:50:17 PDT,OCI-HSG SWE-RL PARD-2 And MathRL Proof Gates,oci-hsg-cs-001-vscode-02,2026-06-15 05:50:18 PDT,3315380,online-qwen235b-mathrl-main-baseline-fixed256-step10-N32xG4,PENDING,Priority,2026-06-15T14:20:00,0:00,32,nemotron_n3_post,128466,0,0,,false
2026-06-15 05:53:06 PDT,Lyris SWE-RL TE-Arch/PARD Proof Gates,login-lyris02.lyris.clusters.nvidia.com,2026-06-15 05:53:06 PDT,2126895,specdec-baseline-steps1-20260615_lyris_swerl_qwen235b_fullgrpo_tearchfix_r28,PENDING,Priority,2026-06-15T07:28:00,0:00,16,coreai_dlalgo_llm,77429,1,0,/lustre/fsw/coreai_dlalgo_llm/users/sna/swerl_fullgrpo_logs/20260615_lyris_swerl_qwen235b_fullgrpo_tearchfix_r28/baseline_steps1/latest_235b_scale_gen_job_id.txt,false
2026-06-15 05:53:06 PDT,Lyris SWE-RL TE-Arch/PARD Proof Gates,login-lyris02.lyris.clusters.nvidia.com,2026-06-15 05:53:06 PDT,2126915,specdec-pard2-steps1-20260615_lyris_swerl_qwen235b_fullgrpo_tearchfix_r28_afterok,PENDING,Dependency,N/A,0:00,16,coreai_dlalgo_llm,77284,1,0,/lustre/fsw/coreai_dlalgo_llm/users/sna/swerl_fullgrpo_logs/20260615_lyris_swerl_qwen235b_fullgrpo_tearchfix_r28_afterok/pard2_steps1/latest_235b_scale_gen_job_id.txt,false
2026-06-15 05:53:06 PDT,Lyris SWE-RL TE-Arch/PARD Proof Gates,login-lyris02.lyris.clusters.nvidia.com,2026-06-15 05:53:06 PDT,2126914,specdec-pard-steps1-20260615_lyris_swerl_qwen235b_fullgrpo_tearchfix_r28_afterok,PENDING,Dependency,N/A,0:00,16,coreai_dlalgo_llm,77284,1,0,/lustre/fsw/coreai_dlalgo_llm/users/sna/swerl_fullgrpo_logs/20260615_lyris_swerl_qwen235b_fullgrpo_tearchfix_r28_afterok/pard_steps1/latest_235b_scale_gen_job_id.txt,false
2026-06-15 05:53:06 PDT,OCI-HSG SWE-RL PARD-2 And MathRL Proof Gates,oci-hsg-cs-001-vscode-02,2026-06-15 05:53:07 PDT,3308774,specdec-pard2-steps1-20260614_oci_hsg_swerl_qwen235b_fullgrpo_pard2_pyoverlay_eager_nolevel_r16,PENDING,Priority,2026-06-15T09:05:16,0:00,16,nemotron_n3_post,128520,1,0,/lustre/fs1/portfolios/coreai/projects/coreai_dlalgo_nemorl/users/sna/swerl_fullgrpo_logs/20260614_oci_hsg_swerl_qwen235b_fullgrpo_pard2_pyoverlay_eager_nolevel_r16/pard2_steps1/latest_235b_scale_gen_job_id.txt,false
2026-06-15 05:53:06 PDT,OCI-HSG SWE-RL PARD-2 And MathRL Proof Gates,oci-hsg-cs-001-vscode-02,2026-06-15 05:53:07 PDT,3315382,online-qwen235b-mathrl-main-pard_k5-fixed256-step10-N32xG4,PENDING,Priority,2026-06-15T18:20:00,0:00,32,nemotron_n3_post,128467,0,0,,false
2026-06-15 05:53:06 PDT,OCI-HSG SWE-RL PARD-2 And MathRL Proof Gates,oci-hsg-cs-001-vscode-02,2026-06-15 05:53:07 PDT,3315381,online-qwen235b-mathrl-main-pard_k3-fixed256-step10-N32xG4,PENDING,Priority,2026-06-15T18:10:00,0:00,32,nemotron_n3_post,128467,0,0,,false
2026-06-15 05:53:06 PDT,OCI-HSG SWE-RL PARD-2 And MathRL Proof Gates,oci-hsg-cs-001-vscode-02,2026-06-15 05:53:07 PDT,3315380,online-qwen235b-mathrl-main-baseline-fixed256-step10-N32xG4,PENDING,Priority,2026-06-15T14:10:00,0:00,32,nemotron_n3_post,128467,0,0,,false
2026-06-15 05:54:57 PDT,Lyris SWE-RL TE-Arch/PARD Proof Gates,login-lyris02.lyris.clusters.nvidia.com,2026-06-15 05:54:57 PDT,2126895,specdec-baseline-steps1-20260615_lyris_swerl_qwen235b_fullgrpo_tearchfix_r28,PENDING,Priority,2026-06-15T07:28:00,0:00,16,coreai_dlalgo_llm,77429,1,0,/lustre/fsw/coreai_dlalgo_llm/users/sna/swerl_fullgrpo_logs/20260615_lyris_swerl_qwen235b_fullgrpo_tearchfix_r28/baseline_steps1/latest_235b_scale_gen_job_id.txt,false
2026-06-15 05:54:57 PDT,Lyris SWE-RL TE-Arch/PARD Proof Gates,login-lyris02.lyris.clusters.nvidia.com,2026-06-15 05:54:57 PDT,2126915,specdec-pard2-steps1-20260615_lyris_swerl_qwen235b_fullgrpo_tearchfix_r28_afterok,PENDING,Dependency,N/A,0:00,16,coreai_dlalgo_llm,77284,1,0,/lustre/fsw/coreai_dlalgo_llm/users/sna/swerl_fullgrpo_logs/20260615_lyris_swerl_qwen235b_fullgrpo_tearchfix_r28_afterok/pard2_steps1/latest_235b_scale_gen_job_id.txt,false
2026-06-15 05:54:57 PDT,Lyris SWE-RL TE-Arch/PARD Proof Gates,login-lyris02.lyris.clusters.nvidia.com,2026-06-15 05:54:57 PDT,2126914,specdec-pard-steps1-20260615_lyris_swerl_qwen235b_fullgrpo_tearchfix_r28_afterok,PENDING,Dependency,N/A,0:00,16,coreai_dlalgo_llm,77284,1,0,/lustre/fsw/coreai_dlalgo_llm/users/sna/swerl_fullgrpo_logs/20260615_lyris_swerl_qwen235b_fullgrpo_tearchfix_r28_afterok/pard_steps1/latest_235b_scale_gen_job_id.txt,false
2026-06-15 05:54:57 PDT,OCI-HSG SWE-RL PARD-2 And MathRL Proof Gates,oci-hsg-cs-001-vscode-02,2026-06-15 05:54:58 PDT,3308774,specdec-pard2-steps1-20260614_oci_hsg_swerl_qwen235b_fullgrpo_pard2_pyoverlay_eager_nolevel_r16,PENDING,Priority,2026-06-15T18:00:00,0:00,16,nemotron_n3_post,128520,1,0,/lustre/fs1/portfolios/coreai/projects/coreai_dlalgo_nemorl/users/sna/swerl_fullgrpo_logs/20260614_oci_hsg_swerl_qwen235b_fullgrpo_pard2_pyoverlay_eager_nolevel_r16/pard2_steps1/latest_235b_scale_gen_job_id.txt,false
2026-06-15 05:54:57 PDT,OCI-HSG SWE-RL PARD-2 And MathRL Proof Gates,oci-hsg-cs-001-vscode-02,2026-06-15 05:54:58 PDT,3315380,online-qwen235b-mathrl-main-baseline-fixed256-step10-N32xG4,PENDING,Priority,2026-06-15T18:10:00,0:00,32,nemotron_n3_post,128467,0,0,,false
2026-06-15 05:54:57 PDT,OCI-HSG SWE-RL PARD-2 And MathRL Proof Gates,oci-hsg-cs-001-vscode-02,2026-06-15 05:54:58 PDT,3315381,online-qwen235b-mathrl-main-pard_k3-fixed256-step10-N32xG4,PENDING,Priority,2026-06-15T18:10:00,0:00,32,nemotron_n3_post,128467,0,0,,false
2026-06-15 05:54:57 PDT,OCI-HSG SWE-RL PARD-2 And MathRL Proof Gates,oci-hsg-cs-001-vscode-02,2026-06-15 05:54:58 PDT,3315382,online-qwen235b-mathrl-main-pard_k5-fixed256-step10-N32xG4,PENDING,Priority,2026-06-15T18:10:00,0:00,32,nemotron_n3_post,128467,0,0,,false
2026-06-15 05:58:14 PDT,Lyris SWE-RL TE-Arch/PARD Proof Gates,login-lyris02.lyris.clusters.nvidia.com,2026-06-15 05:58:14 PDT,2126895,specdec-baseline-steps1-20260615_lyris_swerl_qwen235b_fullgrpo_tearchfix_r28,PENDING,Priority,2026-06-15T07:28:00,0:00,16,coreai_dlalgo_llm,77433,1,0,/lustre/fsw/coreai_dlalgo_llm/users/sna/swerl_fullgrpo_logs/20260615_lyris_swerl_qwen235b_fullgrpo_tearchfix_r28/baseline_steps1/latest_235b_scale_gen_job_id.txt,false
2026-06-15 05:58:14 PDT,Lyris SWE-RL TE-Arch/PARD Proof Gates,login-lyris02.lyris.clusters.nvidia.com,2026-06-15 05:58:14 PDT,2126915,specdec-pard2-steps1-20260615_lyris_swerl_qwen235b_fullgrpo_tearchfix_r28_afterok,PENDING,Dependency,N/A,0:00,16,coreai_dlalgo_llm,77284,1,0,/lustre/fsw/coreai_dlalgo_llm/users/sna/swerl_fullgrpo_logs/20260615_lyris_swerl_qwen235b_fullgrpo_tearchfix_r28_afterok/pard2_steps1/latest_235b_scale_gen_job_id.txt,false
2026-06-15 05:58:14 PDT,Lyris SWE-RL TE-Arch/PARD Proof Gates,login-lyris02.lyris.clusters.nvidia.com,2026-06-15 05:58:14 PDT,2126914,specdec-pard-steps1-20260615_lyris_swerl_qwen235b_fullgrpo_tearchfix_r28_afterok,PENDING,Dependency,N/A,0:00,16,coreai_dlalgo_llm,77284,1,0,/lustre/fsw/coreai_dlalgo_llm/users/sna/swerl_fullgrpo_logs/20260615_lyris_swerl_qwen235b_fullgrpo_tearchfix_r28_afterok/pard_steps1/latest_235b_scale_gen_job_id.txt,false
2026-06-15 05:58:14 PDT,OCI-HSG SWE-RL PARD-2 And MathRL Proof Gates,oci-hsg-cs-001-vscode-02,2026-06-15 05:58:16 PDT,3308774,specdec-pard2-steps1-20260614_oci_hsg_swerl_qwen235b_fullgrpo_pard2_pyoverlay_eager_nolevel_r16,PENDING,Priority,N/A,0:00,16,nemotron_n3_post,128520,1,0,/lustre/fs1/portfolios/coreai/projects/coreai_dlalgo_nemorl/users/sna/swerl_fullgrpo_logs/20260614_oci_hsg_swerl_qwen235b_fullgrpo_pard2_pyoverlay_eager_nolevel_r16/pard2_steps1/latest_235b_scale_gen_job_id.txt,false
2026-06-15 05:58:14 PDT,OCI-HSG SWE-RL PARD-2 And MathRL Proof Gates,oci-hsg-cs-001-vscode-02,2026-06-15 05:58:16 PDT,3315382,online-qwen235b-mathrl-main-pard_k5-fixed256-step10-N32xG4,PENDING,Priority,N/A,0:00,32,nemotron_n3_post,128468,0,0,,false
2026-06-15 05:58:14 PDT,OCI-HSG SWE-RL PARD-2 And MathRL Proof Gates,oci-hsg-cs-001-vscode-02,2026-06-15 05:58:16 PDT,3315381,online-qwen235b-mathrl-main-pard_k3-fixed256-step10-N32xG4,PENDING,Priority,N/A,0:00,32,nemotron_n3_post,128468,0,0,,false
2026-06-15 05:58:14 PDT,OCI-HSG SWE-RL PARD-2 And MathRL Proof Gates,oci-hsg-cs-001-vscode-02,2026-06-15 05:58:16 PDT,3315380,online-qwen235b-mathrl-main-baseline-fixed256-step10-N32xG4,PENDING,Priority,N/A,0:00,32,nemotron_n3_post,128468,0,0,,false
2026-06-15 06:01:35 PDT,Lyris SWE-RL TE-Arch/PARD Proof Gates,login-lyris02.lyris.clusters.nvidia.com,2026-06-15 06:01:36 PDT,2126895,specdec-baseline-steps1-20260615_lyris_swerl_qwen235b_fullgrpo_tearchfix_r28,PENDING,Priority,2026-06-15T07:28:00,0:00,16,coreai_dlalgo_llm,77433,1,0,/lustre/fsw/coreai_dlalgo_llm/users/sna/swerl_fullgrpo_logs/20260615_lyris_swerl_qwen235b_fullgrpo_tearchfix_r28/baseline_steps1/latest_235b_scale_gen_job_id.txt,false
2026-06-15 06:01:35 PDT,Lyris SWE-RL TE-Arch/PARD Proof Gates,login-lyris02.lyris.clusters.nvidia.com,2026-06-15 06:01:36 PDT,2126915,specdec-pard2-steps1-20260615_lyris_swerl_qwen235b_fullgrpo_tearchfix_r28_afterok,PENDING,Dependency,N/A,0:00,16,coreai_dlalgo_llm,77284,1,0,/lustre/fsw/coreai_dlalgo_llm/users/sna/swerl_fullgrpo_logs/20260615_lyris_swerl_qwen235b_fullgrpo_tearchfix_r28_afterok/pard2_steps1/latest_235b_scale_gen_job_id.txt,false
2026-06-15 06:01:35 PDT,Lyris SWE-RL TE-Arch/PARD Proof Gates,login-lyris02.lyris.clusters.nvidia.com,2026-06-15 06:01:36 PDT,2126914,specdec-pard-steps1-20260615_lyris_swerl_qwen235b_fullgrpo_tearchfix_r28_afterok,PENDING,Dependency,N/A,0:00,16,coreai_dlalgo_llm,77284,1,0,/lustre/fsw/coreai_dlalgo_llm/users/sna/swerl_fullgrpo_logs/20260615_lyris_swerl_qwen235b_fullgrpo_tearchfix_r28_afterok/pard_steps1/latest_235b_scale_gen_job_id.txt,false
2026-06-15 06:01:35 PDT,OCI-HSG SWE-RL PARD-2 And MathRL Proof Gates,oci-hsg-cs-001-vscode-02,2026-06-15 06:01:36 PDT,3308774,specdec-pard2-steps1-20260614_oci_hsg_swerl_qwen235b_fullgrpo_pard2_pyoverlay_eager_nolevel_r16,PENDING,Priority,2026-06-15T14:20:00,0:00,16,nemotron_n3_post,128521,1,0,/lustre/fs1/portfolios/coreai/projects/coreai_dlalgo_nemorl/users/sna/swerl_fullgrpo_logs/20260614_oci_hsg_swerl_qwen235b_fullgrpo_pard2_pyoverlay_eager_nolevel_r16/pard2_steps1/latest_235b_scale_gen_job_id.txt,false
2026-06-15 06:01:35 PDT,OCI-HSG SWE-RL PARD-2 And MathRL Proof Gates,oci-hsg-cs-001-vscode-02,2026-06-15 06:01:36 PDT,3315382,online-qwen235b-mathrl-main-pard_k5-fixed256-step10-N32xG4,PENDING,Priority,2026-06-15T18:30:00,0:00,32,nemotron_n3_post,128468,0,0,,false
2026-06-15 06:01:35 PDT,OCI-HSG SWE-RL PARD-2 And MathRL Proof Gates,oci-hsg-cs-001-vscode-02,2026-06-15 06:01:36 PDT,3315381,online-qwen235b-mathrl-main-pard_k3-fixed256-step10-N32xG4,PENDING,Priority,2026-06-15T18:20:00,0:00,32,nemotron_n3_post,128468,0,0,,false
2026-06-15 06:01:35 PDT,OCI-HSG SWE-RL PARD-2 And MathRL Proof Gates,oci-hsg-cs-001-vscode-02,2026-06-15 06:01:36 PDT,3315380,online-qwen235b-mathrl-main-baseline-fixed256-step10-N32xG4,PENDING,Priority,2026-06-15T14:20:00,0:00,32,nemotron_n3_post,128468,0,0,,false
2026-06-15 06:07:17 PDT,Lyris SWE-RL TE-Arch/PARD Proof Gates,login-lyris02.lyris.clusters.nvidia.com,2026-06-15 06:07:17 PDT,2126895,specdec-baseline-steps1-20260615_lyris_swerl_qwen235b_fullgrpo_tearchfix_r28,PENDING,Priority,2026-06-15T07:28:00,0:00,16,coreai_dlalgo_llm,77436,1,0,/lustre/fsw/coreai_dlalgo_llm/users/sna/swerl_fullgrpo_logs/20260615_lyris_swerl_qwen235b_fullgrpo_tearchfix_r28/baseline_steps1/latest_235b_scale_gen_job_id.txt,false
2026-06-15 06:07:17 PDT,Lyris SWE-RL TE-Arch/PARD Proof Gates,login-lyris02.lyris.clusters.nvidia.com,2026-06-15 06:07:17 PDT,2126915,specdec-pard2-steps1-20260615_lyris_swerl_qwen235b_fullgrpo_tearchfix_r28_afterok,PENDING,Dependency,N/A,0:00,16,coreai_dlalgo_llm,77284,1,0,/lustre/fsw/coreai_dlalgo_llm/users/sna/swerl_fullgrpo_logs/20260615_lyris_swerl_qwen235b_fullgrpo_tearchfix_r28_afterok/pard2_steps1/latest_235b_scale_gen_job_id.txt,false
2026-06-15 06:07:17 PDT,Lyris SWE-RL TE-Arch/PARD Proof Gates,login-lyris02.lyris.clusters.nvidia.com,2026-06-15 06:07:17 PDT,2126914,specdec-pard-steps1-20260615_lyris_swerl_qwen235b_fullgrpo_tearchfix_r28_afterok,PENDING,Dependency,N/A,0:00,16,coreai_dlalgo_llm,77284,1,0,/lustre/fsw/coreai_dlalgo_llm/users/sna/swerl_fullgrpo_logs/20260615_lyris_swerl_qwen235b_fullgrpo_tearchfix_r28_afterok/pard_steps1/latest_235b_scale_gen_job_id.txt,false
2026-06-15 06:07:17 PDT,OCI-HSG SWE-RL PARD-2 And MathRL Proof Gates,oci-hsg-cs-001-vscode-02,2026-06-15 06:07:18 PDT,3308774,specdec-pard2-steps1-20260614_oci_hsg_swerl_qwen235b_fullgrpo_pard2_pyoverlay_eager_nolevel_r16,PENDING,Priority,2026-06-15T10:40:00,0:00,16,nemotron_n3_post,128521,1,0,/lustre/fs1/portfolios/coreai/projects/coreai_dlalgo_nemorl/users/sna/swerl_fullgrpo_logs/20260614_oci_hsg_swerl_qwen235b_fullgrpo_pard2_pyoverlay_eager_nolevel_r16/pard2_steps1/latest_235b_scale_gen_job_id.txt,false
2026-06-15 06:07:17 PDT,OCI-HSG SWE-RL PARD-2 And MathRL Proof Gates,oci-hsg-cs-001-vscode-02,2026-06-15 06:07:18 PDT,3315382,online-qwen235b-mathrl-main-pard_k5-fixed256-step10-N32xG4,PENDING,Priority,N/A,0:00,32,nemotron_n3_post,128469,0,0,,false
2026-06-15 06:07:17 PDT,OCI-HSG SWE-RL PARD-2 And MathRL Proof Gates,oci-hsg-cs-001-vscode-02,2026-06-15 06:07:18 PDT,3315381,online-qwen235b-mathrl-main-pard_k3-fixed256-step10-N32xG4,PENDING,Priority,N/A,0:00,32,nemotron_n3_post,128469,0,0,,false
2026-06-15 06:07:17 PDT,OCI-HSG SWE-RL PARD-2 And MathRL Proof Gates,oci-hsg-cs-001-vscode-02,2026-06-15 06:07:18 PDT,3315380,online-qwen235b-mathrl-main-baseline-fixed256-step10-N32xG4,PENDING,Priority,N/A,0:00,32,nemotron_n3_post,128469,0,0,,false
2026-06-15 06:08:11 PDT,Lyris SWE-RL TE-Arch/PARD Proof Gates,login-lyris02.lyris.clusters.nvidia.com,2026-06-15 06:08:11 PDT,2126895,specdec-baseline-steps1-20260615_lyris_swerl_qwen235b_fullgrpo_tearchfix_r28,PENDING,Priority,2026-06-15T07:28:00,0:00,16,coreai_dlalgo_llm,77440,1,0,/lustre/fsw/coreai_dlalgo_llm/users/sna/swerl_fullgrpo_logs/20260615_lyris_swerl_qwen235b_fullgrpo_tearchfix_r28/baseline_steps1/latest_235b_scale_gen_job_id.txt,false
2026-06-15 06:08:11 PDT,Lyris SWE-RL TE-Arch/PARD Proof Gates,login-lyris02.lyris.clusters.nvidia.com,2026-06-15 06:08:11 PDT,2126915,specdec-pard2-steps1-20260615_lyris_swerl_qwen235b_fullgrpo_tearchfix_r28_afterok,PENDING,Dependency,N/A,0:00,16,coreai_dlalgo_llm,77284,1,0,/lustre/fsw/coreai_dlalgo_llm/users/sna/swerl_fullgrpo_logs/20260615_lyris_swerl_qwen235b_fullgrpo_tearchfix_r28_afterok/pard2_steps1/latest_235b_scale_gen_job_id.txt,false
2026-06-15 06:08:11 PDT,Lyris SWE-RL TE-Arch/PARD Proof Gates,login-lyris02.lyris.clusters.nvidia.com,2026-06-15 06:08:11 PDT,2126914,specdec-pard-steps1-20260615_lyris_swerl_qwen235b_fullgrpo_tearchfix_r28_afterok,PENDING,Dependency,N/A,0:00,16,coreai_dlalgo_llm,77284,1,0,/lustre/fsw/coreai_dlalgo_llm/users/sna/swerl_fullgrpo_logs/20260615_lyris_swerl_qwen235b_fullgrpo_tearchfix_r28_afterok/pard_steps1/latest_235b_scale_gen_job_id.txt,false
2026-06-15 06:08:11 PDT,OCI-HSG SWE-RL PARD-2 And MathRL Proof Gates,oci-hsg-cs-001-vscode-02,2026-06-15 06:08:12 PDT,3308774,specdec-pard2-steps1-20260614_oci_hsg_swerl_qwen235b_fullgrpo_pard2_pyoverlay_eager_nolevel_r16,PENDING,Priority,2026-06-15T10:40:00,0:00,16,nemotron_n3_post,128521,1,0,/lustre/fs1/portfolios/coreai/projects/coreai_dlalgo_nemorl/users/sna/swerl_fullgrpo_logs/20260614_oci_hsg_swerl_qwen235b_fullgrpo_pard2_pyoverlay_eager_nolevel_r16/pard2_steps1/latest_235b_scale_gen_job_id.txt,false
2026-06-15 06:08:11 PDT,OCI-HSG SWE-RL PARD-2 And MathRL Proof Gates,oci-hsg-cs-001-vscode-02,2026-06-15 06:08:12 PDT,3315382,online-qwen235b-mathrl-main-pard_k5-fixed256-step10-N32xG4,PENDING,Priority,2026-06-15T19:00:00,0:00,32,nemotron_n3_post,128469,0,0,,false
2026-06-15 06:08:11 PDT,OCI-HSG SWE-RL PARD-2 And MathRL Proof Gates,oci-hsg-cs-001-vscode-02,2026-06-15 06:08:12 PDT,3315381,online-qwen235b-mathrl-main-pard_k3-fixed256-step10-N32xG4,PENDING,Priority,2026-06-15T18:50:00,0:00,32,nemotron_n3_post,128469,0,0,,false
2026-06-15 06:08:11 PDT,OCI-HSG SWE-RL PARD-2 And MathRL Proof Gates,oci-hsg-cs-001-vscode-02,2026-06-15 06:08:12 PDT,3315380,online-qwen235b-mathrl-main-baseline-fixed256-step10-N32xG4,PENDING,Priority,2026-06-15T14:50:00,0:00,32,nemotron_n3_post,128469,0,0,,false
2026-06-15 06:11:22 PDT,Lyris SWE-RL TE-Arch/PARD Proof Gates,login-lyris02.lyris.clusters.nvidia.com,2026-06-15 06:11:22 PDT,2126895,specdec-baseline-steps1-20260615_lyris_swerl_qwen235b_fullgrpo_tearchfix_r28,PENDING,Priority,2026-06-15T08:10:00,0:00,16,coreai_dlalgo_llm,77440,1,0,/lustre/fsw/coreai_dlalgo_llm/users/sna/swerl_fullgrpo_logs/20260615_lyris_swerl_qwen235b_fullgrpo_tearchfix_r28/baseline_steps1/latest_235b_scale_gen_job_id.txt,false
2026-06-15 06:11:22 PDT,Lyris SWE-RL TE-Arch/PARD Proof Gates,login-lyris02.lyris.clusters.nvidia.com,2026-06-15 06:11:22 PDT,2126915,specdec-pard2-steps1-20260615_lyris_swerl_qwen235b_fullgrpo_tearchfix_r28_afterok,PENDING,Dependency,N/A,0:00,16,coreai_dlalgo_llm,77284,1,0,/lustre/fsw/coreai_dlalgo_llm/users/sna/swerl_fullgrpo_logs/20260615_lyris_swerl_qwen235b_fullgrpo_tearchfix_r28_afterok/pard2_steps1/latest_235b_scale_gen_job_id.txt,false
2026-06-15 06:11:22 PDT,Lyris SWE-RL TE-Arch/PARD Proof Gates,login-lyris02.lyris.clusters.nvidia.com,2026-06-15 06:11:22 PDT,2126914,specdec-pard-steps1-20260615_lyris_swerl_qwen235b_fullgrpo_tearchfix_r28_afterok,PENDING,Dependency,N/A,0:00,16,coreai_dlalgo_llm,77284,1,0,/lustre/fsw/coreai_dlalgo_llm/users/sna/swerl_fullgrpo_logs/20260615_lyris_swerl_qwen235b_fullgrpo_tearchfix_r28_afterok/pard_steps1/latest_235b_scale_gen_job_id.txt,false
2026-06-15 06:11:22 PDT,OCI-HSG SWE-RL PARD-2 And MathRL Proof Gates,oci-hsg-cs-001-vscode-02,2026-06-15 06:11:23 PDT,3308774,specdec-pard2-steps1-20260614_oci_hsg_swerl_qwen235b_fullgrpo_pard2_pyoverlay_eager_nolevel_r16,PENDING,Priority,2026-06-15T16:30:00,0:00,16,nemotron_n3_post,128522,1,0,/lustre/fs1/portfolios/coreai/projects/coreai_dlalgo_nemorl/users/sna/swerl_fullgrpo_logs/20260614_oci_hsg_swerl_qwen235b_fullgrpo_pard2_pyoverlay_eager_nolevel_r16/pard2_steps1/latest_235b_scale_gen_job_id.txt,false
2026-06-15 06:11:22 PDT,OCI-HSG SWE-RL PARD-2 And MathRL Proof Gates,oci-hsg-cs-001-vscode-02,2026-06-15 06:11:23 PDT,3315380,online-qwen235b-mathrl-main-baseline-fixed256-step10-N32xG4,PENDING,Priority,2026-06-15T18:20:00,0:00,32,nemotron_n3_post,128469,0,0,,false
2026-06-15 06:11:22 PDT,OCI-HSG SWE-RL PARD-2 And MathRL Proof Gates,oci-hsg-cs-001-vscode-02,2026-06-15 06:11:23 PDT,3315381,online-qwen235b-mathrl-main-pard_k3-fixed256-step10-N32xG4,PENDING,Priority,2026-06-15T18:20:00,0:00,32,nemotron_n3_post,128469,0,0,,false
2026-06-15 06:11:22 PDT,OCI-HSG SWE-RL PARD-2 And MathRL Proof Gates,oci-hsg-cs-001-vscode-02,2026-06-15 06:11:23 PDT,3315382,online-qwen235b-mathrl-main-pard_k5-fixed256-step10-N32xG4,PENDING,Priority,2026-06-15T18:20:00,0:00,32,nemotron_n3_post,128469,0,0,,false
2026-06-15 06:14:06 PDT,Lyris SWE-RL TE-Arch/PARD Proof Gates,login-lyris02.lyris.clusters.nvidia.com,2026-06-15 06:14:06 PDT,2126895,specdec-baseline-steps1-20260615_lyris_swerl_qwen235b_fullgrpo_tearchfix_r28,PENDING,Priority,2026-06-15T08:10:00,0:00,16,coreai_dlalgo_llm,77443,1,0,/lustre/fsw/coreai_dlalgo_llm/users/sna/swerl_fullgrpo_logs/20260615_lyris_swerl_qwen235b_fullgrpo_tearchfix_r28/baseline_steps1/latest_235b_scale_gen_job_id.txt,false
2026-06-15 06:14:06 PDT,Lyris SWE-RL TE-Arch/PARD Proof Gates,login-lyris02.lyris.clusters.nvidia.com,2026-06-15 06:14:06 PDT,2126915,specdec-pard2-steps1-20260615_lyris_swerl_qwen235b_fullgrpo_tearchfix_r28_afterok,PENDING,Dependency,N/A,0:00,16,coreai_dlalgo_llm,77284,1,0,/lustre/fsw/coreai_dlalgo_llm/users/sna/swerl_fullgrpo_logs/20260615_lyris_swerl_qwen235b_fullgrpo_tearchfix_r28_afterok/pard2_steps1/latest_235b_scale_gen_job_id.txt,false
2026-06-15 06:14:06 PDT,Lyris SWE-RL TE-Arch/PARD Proof Gates,login-lyris02.lyris.clusters.nvidia.com,2026-06-15 06:14:06 PDT,2126914,specdec-pard-steps1-20260615_lyris_swerl_qwen235b_fullgrpo_tearchfix_r28_afterok,PENDING,Dependency,N/A,0:00,16,coreai_dlalgo_llm,77284,1,0,/lustre/fsw/coreai_dlalgo_llm/users/sna/swerl_fullgrpo_logs/20260615_lyris_swerl_qwen235b_fullgrpo_tearchfix_r28_afterok/pard_steps1/latest_235b_scale_gen_job_id.txt,false
2026-06-15 06:14:06 PDT,OCI-HSG SWE-RL PARD-2 And MathRL Proof Gates,oci-hsg-cs-001-vscode-02,2026-06-15 06:14:07 PDT,3308774,specdec-pard2-steps1-20260614_oci_hsg_swerl_qwen235b_fullgrpo_pard2_pyoverlay_eager_nolevel_r16,PENDING,Priority,2026-06-15T14:40:00,0:00,16,nemotron_n3_post,128522,1,0,/lustre/fs1/portfolios/coreai/projects/coreai_dlalgo_nemorl/users/sna/swerl_fullgrpo_logs/20260614_oci_hsg_swerl_qwen235b_fullgrpo_pard2_pyoverlay_eager_nolevel_r16/pard2_steps1/latest_235b_scale_gen_job_id.txt,false
2026-06-15 06:14:06 PDT,OCI-HSG SWE-RL PARD-2 And MathRL Proof Gates,oci-hsg-cs-001-vscode-02,2026-06-15 06:14:07 PDT,3315381,online-qwen235b-mathrl-main-pard_k3-fixed256-step10-N32xG4,PENDING,Priority,2026-06-15T18:50:00,0:00,32,nemotron_n3_post,128469,0,0,,false
2026-06-15 06:14:06 PDT,OCI-HSG SWE-RL PARD-2 And MathRL Proof Gates,oci-hsg-cs-001-vscode-02,2026-06-15 06:14:07 PDT,3315382,online-qwen235b-mathrl-main-pard_k5-fixed256-step10-N32xG4,PENDING,Priority,2026-06-15T18:50:00,0:00,32,nemotron_n3_post,128469,0,0,,false
2026-06-15 06:14:06 PDT,OCI-HSG SWE-RL PARD-2 And MathRL Proof Gates,oci-hsg-cs-001-vscode-02,2026-06-15 06:14:07 PDT,3315380,online-qwen235b-mathrl-main-baseline-fixed256-step10-N32xG4,PENDING,Priority,2026-06-15T18:40:00,0:00,32,nemotron_n3_post,128469,0,0,,false
2026-06-15 06:16:40 PDT,Lyris SWE-RL TE-Arch/PARD Proof Gates,login-lyris02.lyris.clusters.nvidia.com,2026-06-15 06:16:40 PDT,2126895,specdec-baseline-steps1-20260615_lyris_swerl_qwen235b_fullgrpo_tearchfix_r28,PENDING,Priority,2026-06-15T08:16:00,0:00,16,coreai_dlalgo_llm,77443,1,0,/lustre/fsw/coreai_dlalgo_llm/users/sna/swerl_fullgrpo_logs/20260615_lyris_swerl_qwen235b_fullgrpo_tearchfix_r28/baseline_steps1/latest_235b_scale_gen_job_id.txt,false
2026-06-15 06:16:40 PDT,Lyris SWE-RL TE-Arch/PARD Proof Gates,login-lyris02.lyris.clusters.nvidia.com,2026-06-15 06:16:40 PDT,2126915,specdec-pard2-steps1-20260615_lyris_swerl_qwen235b_fullgrpo_tearchfix_r28_afterok,PENDING,Dependency,N/A,0:00,16,coreai_dlalgo_llm,77284,1,0,/lustre/fsw/coreai_dlalgo_llm/users/sna/swerl_fullgrpo_logs/20260615_lyris_swerl_qwen235b_fullgrpo_tearchfix_r28_afterok/pard2_steps1/latest_235b_scale_gen_job_id.txt,false
2026-06-15 06:16:40 PDT,Lyris SWE-RL TE-Arch/PARD Proof Gates,login-lyris02.lyris.clusters.nvidia.com,2026-06-15 06:16:40 PDT,2126914,specdec-pard-steps1-20260615_lyris_swerl_qwen235b_fullgrpo_tearchfix_r28_afterok,PENDING,Dependency,N/A,0:00,16,coreai_dlalgo_llm,77284,1,0,/lustre/fsw/coreai_dlalgo_llm/users/sna/swerl_fullgrpo_logs/20260615_lyris_swerl_qwen235b_fullgrpo_tearchfix_r28_afterok/pard_steps1/latest_235b_scale_gen_job_id.txt,false
2026-06-15 06:16:40 PDT,OCI-HSG SWE-RL PARD-2 And MathRL Proof Gates,oci-hsg-cs-001-vscode-02,2026-06-15 06:16:41 PDT,3308774,specdec-pard2-steps1-20260614_oci_hsg_swerl_qwen235b_fullgrpo_pard2_pyoverlay_eager_nolevel_r16,PENDING,Priority,2026-06-15T14:40:00,0:00,16,nemotron_n3_post,128522,1,0,/lustre/fs1/portfolios/coreai/projects/coreai_dlalgo_nemorl/users/sna/swerl_fullgrpo_logs/20260614_oci_hsg_swerl_qwen235b_fullgrpo_pard2_pyoverlay_eager_nolevel_r16/pard2_steps1/latest_235b_scale_gen_job_id.txt,false
2026-06-15 06:16:40 PDT,OCI-HSG SWE-RL PARD-2 And MathRL Proof Gates,oci-hsg-cs-001-vscode-02,2026-06-15 06:16:41 PDT,3315380,online-qwen235b-mathrl-main-baseline-fixed256-step10-N32xG4,PENDING,Priority,2026-06-15T14:40:00,0:00,32,nemotron_n3_post,128470,0,0,,false
2026-06-15 06:16:40 PDT,OCI-HSG SWE-RL PARD-2 And MathRL Proof Gates,oci-hsg-cs-001-vscode-02,2026-06-15 06:16:41 PDT,3315381,online-qwen235b-mathrl-main-pard_k3-fixed256-step10-N32xG4,PENDING,Priority,2026-06-15T14:40:00,0:00,32,nemotron_n3_post,128470,0,0,,false
2026-06-15 06:16:40 PDT,OCI-HSG SWE-RL PARD-2 And MathRL Proof Gates,oci-hsg-cs-001-vscode-02,2026-06-15 06:16:41 PDT,3315382,online-qwen235b-mathrl-main-pard_k5-fixed256-step10-N32xG4,PENDING,Priority,2026-06-15T14:40:00,0:00,32,nemotron_n3_post,128470,0,0,,false
2026-06-15 06:19:22 PDT,Lyris SWE-RL TE-Arch/PARD Proof Gates,login-lyris02.lyris.clusters.nvidia.com,2026-06-15 06:19:23 PDT,2126895,specdec-baseline-steps1-20260615_lyris_swerl_qwen235b_fullgrpo_tearchfix_r28,PENDING,Priority,2026-06-15T08:16:00,0:00,16,coreai_dlalgo_llm,77447,1,0,/lustre/fsw/coreai_dlalgo_llm/users/sna/swerl_fullgrpo_logs/20260615_lyris_swerl_qwen235b_fullgrpo_tearchfix_r28/baseline_steps1/latest_235b_scale_gen_job_id.txt,false
2026-06-15 06:19:22 PDT,Lyris SWE-RL TE-Arch/PARD Proof Gates,login-lyris02.lyris.clusters.nvidia.com,2026-06-15 06:19:23 PDT,2126915,specdec-pard2-steps1-20260615_lyris_swerl_qwen235b_fullgrpo_tearchfix_r28_afterok,PENDING,Dependency,N/A,0:00,16,coreai_dlalgo_llm,77284,1,0,/lustre/fsw/coreai_dlalgo_llm/users/sna/swerl_fullgrpo_logs/20260615_lyris_swerl_qwen235b_fullgrpo_tearchfix_r28_afterok/pard2_steps1/latest_235b_scale_gen_job_id.txt,false
2026-06-15 06:19:22 PDT,Lyris SWE-RL TE-Arch/PARD Proof Gates,login-lyris02.lyris.clusters.nvidia.com,2026-06-15 06:19:23 PDT,2126914,specdec-pard-steps1-20260615_lyris_swerl_qwen235b_fullgrpo_tearchfix_r28_afterok,PENDING,Dependency,N/A,0:00,16,coreai_dlalgo_llm,77284,1,0,/lustre/fsw/coreai_dlalgo_llm/users/sna/swerl_fullgrpo_logs/20260615_lyris_swerl_qwen235b_fullgrpo_tearchfix_r28_afterok/pard_steps1/latest_235b_scale_gen_job_id.txt,false
2026-06-15 06:19:22 PDT,OCI-HSG SWE-RL PARD-2 And MathRL Proof Gates,oci-hsg-cs-001-vscode-02,2026-06-15 06:19:23 PDT,3308774,specdec-pard2-steps1-20260614_oci_hsg_swerl_qwen235b_fullgrpo_pard2_pyoverlay_eager_nolevel_r16,PENDING,Priority,2026-06-15T15:40:00,0:00,16,nemotron_n3_post,128522,1,0,/lustre/fs1/portfolios/coreai/projects/coreai_dlalgo_nemorl/users/sna/swerl_fullgrpo_logs/20260614_oci_hsg_swerl_qwen235b_fullgrpo_pard2_pyoverlay_eager_nolevel_r16/pard2_steps1/latest_235b_scale_gen_job_id.txt,false
2026-06-15 06:19:22 PDT,OCI-HSG SWE-RL PARD-2 And MathRL Proof Gates,oci-hsg-cs-001-vscode-02,2026-06-15 06:19:23 PDT,3315380,online-qwen235b-mathrl-main-baseline-fixed256-step10-N32xG4,PENDING,Priority,2026-06-15T18:30:00,0:00,32,nemotron_n3_post,128470,0,0,,false
2026-06-15 06:19:22 PDT,OCI-HSG SWE-RL PARD-2 And MathRL Proof Gates,oci-hsg-cs-001-vscode-02,2026-06-15 06:19:23 PDT,3315381,online-qwen235b-mathrl-main-pard_k3-fixed256-step10-N32xG4,PENDING,Priority,2026-06-15T18:30:00,0:00,32,nemotron_n3_post,128470,0,0,,false
2026-06-15 06:19:22 PDT,OCI-HSG SWE-RL PARD-2 And MathRL Proof Gates,oci-hsg-cs-001-vscode-02,2026-06-15 06:19:23 PDT,3315382,online-qwen235b-mathrl-main-pard_k5-fixed256-step10-N32xG4,PENDING,Priority,2026-06-15T18:30:00,0:00,32,nemotron_n3_post,128470,0,0,,false
2026-06-15 06:22:18 PDT,Lyris SWE-RL TE-Arch/PARD Proof Gates,login-lyris02.lyris.clusters.nvidia.com,2026-06-15 06:22:18 PDT,2126895,specdec-baseline-steps1-20260615_lyris_swerl_qwen235b_fullgrpo_tearchfix_r28,PENDING,Priority,2026-06-15T08:16:00,0:00,16,coreai_dlalgo_llm,77447,1,0,/lustre/fsw/coreai_dlalgo_llm/users/sna/swerl_fullgrpo_logs/20260615_lyris_swerl_qwen235b_fullgrpo_tearchfix_r28/baseline_steps1/latest_235b_scale_gen_job_id.txt,false
2026-06-15 06:22:18 PDT,Lyris SWE-RL TE-Arch/PARD Proof Gates,login-lyris02.lyris.clusters.nvidia.com,2026-06-15 06:22:18 PDT,2126915,specdec-pard2-steps1-20260615_lyris_swerl_qwen235b_fullgrpo_tearchfix_r28_afterok,PENDING,Dependency,N/A,0:00,16,coreai_dlalgo_llm,77284,1,0,/lustre/fsw/coreai_dlalgo_llm/users/sna/swerl_fullgrpo_logs/20260615_lyris_swerl_qwen235b_fullgrpo_tearchfix_r28_afterok/pard2_steps1/latest_235b_scale_gen_job_id.txt,false
2026-06-15 06:22:18 PDT,Lyris SWE-RL TE-Arch/PARD Proof Gates,login-lyris02.lyris.clusters.nvidia.com,2026-06-15 06:22:18 PDT,2126914,specdec-pard-steps1-20260615_lyris_swerl_qwen235b_fullgrpo_tearchfix_r28_afterok,PENDING,Dependency,N/A,0:00,16,coreai_dlalgo_llm,77284,1,0,/lustre/fsw/coreai_dlalgo_llm/users/sna/swerl_fullgrpo_logs/20260615_lyris_swerl_qwen235b_fullgrpo_tearchfix_r28_afterok/pard_steps1/latest_235b_scale_gen_job_id.txt,false
2026-06-15 06:22:18 PDT,OCI-HSG SWE-RL PARD-2 And MathRL Proof Gates,oci-hsg-cs-001-vscode-02,2026-06-15 06:22:19 PDT,3308774,specdec-pard2-steps1-20260614_oci_hsg_swerl_qwen235b_fullgrpo_pard2_pyoverlay_eager_nolevel_r16,PENDING,Priority,2026-06-15T14:40:00,0:00,16,nemotron_n3_post,128523,1,0,/lustre/fs1/portfolios/coreai/projects/coreai_dlalgo_nemorl/users/sna/swerl_fullgrpo_logs/20260614_oci_hsg_swerl_qwen235b_fullgrpo_pard2_pyoverlay_eager_nolevel_r16/pard2_steps1/latest_235b_scale_gen_job_id.txt,false
2026-06-15 06:22:18 PDT,OCI-HSG SWE-RL PARD-2 And MathRL Proof Gates,oci-hsg-cs-001-vscode-02,2026-06-15 06:22:19 PDT,3315381,online-qwen235b-mathrl-main-pard_k3-fixed256-step10-N32xG4,PENDING,Priority,2026-06-15T18:40:00,0:00,32,nemotron_n3_post,128470,0,0,,false
2026-06-15 06:22:18 PDT,OCI-HSG SWE-RL PARD-2 And MathRL Proof Gates,oci-hsg-cs-001-vscode-02,2026-06-15 06:22:19 PDT,3315382,online-qwen235b-mathrl-main-pard_k5-fixed256-step10-N32xG4,PENDING,Priority,2026-06-15T18:40:00,0:00,32,nemotron_n3_post,128470,0,0,,false
2026-06-15 06:22:18 PDT,OCI-HSG SWE-RL PARD-2 And MathRL Proof Gates,oci-hsg-cs-001-vscode-02,2026-06-15 06:22:19 PDT,3315380,online-qwen235b-mathrl-main-baseline-fixed256-step10-N32xG4,PENDING,Priority,2026-06-15T18:30:00,0:00,32,nemotron_n3_post,128470,0,0,,false
2026-06-15 06:25:51 PDT,Lyris SWE-RL TE-Arch/PARD Proof Gates,login-lyris02.lyris.clusters.nvidia.com,2026-06-15 06:25:52 PDT,2126895,specdec-baseline-steps1-20260615_lyris_swerl_qwen235b_fullgrpo_tearchfix_r28,PENDING,Priority,2026-06-15T07:55:00,0:00,16,coreai_dlalgo_llm,77450,1,0,/lustre/fsw/coreai_dlalgo_llm/users/sna/swerl_fullgrpo_logs/20260615_lyris_swerl_qwen235b_fullgrpo_tearchfix_r28/baseline_steps1/latest_235b_scale_gen_job_id.txt,false
2026-06-15 06:25:51 PDT,Lyris SWE-RL TE-Arch/PARD Proof Gates,login-lyris02.lyris.clusters.nvidia.com,2026-06-15 06:25:52 PDT,2126915,specdec-pard2-steps1-20260615_lyris_swerl_qwen235b_fullgrpo_tearchfix_r28_afterok,PENDING,Dependency,N/A,0:00,16,coreai_dlalgo_llm,77284,1,0,/lustre/fsw/coreai_dlalgo_llm/users/sna/swerl_fullgrpo_logs/20260615_lyris_swerl_qwen235b_fullgrpo_tearchfix_r28_afterok/pard2_steps1/latest_235b_scale_gen_job_id.txt,false
2026-06-15 06:25:51 PDT,Lyris SWE-RL TE-Arch/PARD Proof Gates,login-lyris02.lyris.clusters.nvidia.com,2026-06-15 06:25:52 PDT,2126914,specdec-pard-steps1-20260615_lyris_swerl_qwen235b_fullgrpo_tearchfix_r28_afterok,PENDING,Dependency,N/A,0:00,16,coreai_dlalgo_llm,77284,1,0,/lustre/fsw/coreai_dlalgo_llm/users/sna/swerl_fullgrpo_logs/20260615_lyris_swerl_qwen235b_fullgrpo_tearchfix_r28_afterok/pard_steps1/latest_235b_scale_gen_job_id.txt,false
2026-06-15 06:25:51 PDT,OCI-HSG SWE-RL PARD-2 And MathRL Proof Gates,oci-hsg-cs-001-vscode-02,2026-06-15 06:25:53 PDT,3308774,specdec-pard2-steps1-20260614_oci_hsg_swerl_qwen235b_fullgrpo_pard2_pyoverlay_eager_nolevel_r16,PENDING,Priority,2026-06-15T18:40:00,0:00,16,nemotron_n3_post,128523,1,0,/lustre/fs1/portfolios/coreai/projects/coreai_dlalgo_nemorl/users/sna/swerl_fullgrpo_logs/20260614_oci_hsg_swerl_qwen235b_fullgrpo_pard2_pyoverlay_eager_nolevel_r16/pard2_steps1/latest_235b_scale_gen_job_id.txt,false
2026-06-15 06:25:51 PDT,OCI-HSG SWE-RL PARD-2 And MathRL Proof Gates,oci-hsg-cs-001-vscode-02,2026-06-15 06:25:53 PDT,3315380,online-qwen235b-mathrl-main-baseline-fixed256-step10-N32xG4,PENDING,Priority,2026-06-15T18:40:00,0:00,32,nemotron_n3_post,128470,0,0,,false
2026-06-15 06:25:51 PDT,OCI-HSG SWE-RL PARD-2 And MathRL Proof Gates,oci-hsg-cs-001-vscode-02,2026-06-15 06:25:53 PDT,3315381,online-qwen235b-mathrl-main-pard_k3-fixed256-step10-N32xG4,PENDING,Priority,2026-06-15T18:40:00,0:00,32,nemotron_n3_post,128470,0,0,,false
2026-06-15 06:25:51 PDT,OCI-HSG SWE-RL PARD-2 And MathRL Proof Gates,oci-hsg-cs-001-vscode-02,2026-06-15 06:25:53 PDT,3315382,online-qwen235b-mathrl-main-pard_k5-fixed256-step10-N32xG4,PENDING,Priority,2026-06-15T18:40:00,0:00,32,nemotron_n3_post,128470,0,0,,false
2026-06-15 06:28:57 PDT,Lyris SWE-RL TE-Arch/PARD Proof Gates,login-lyris02.lyris.clusters.nvidia.com,2026-06-15 06:28:58 PDT,2126895,specdec-baseline-steps1-20260615_lyris_swerl_qwen235b_fullgrpo_tearchfix_r28,PENDING,Priority,2026-06-15T07:00:00,0:00,16,coreai_dlalgo_llm,77454,1,0,/lustre/fsw/coreai_dlalgo_llm/users/sna/swerl_fullgrpo_logs/20260615_lyris_swerl_qwen235b_fullgrpo_tearchfix_r28/baseline_steps1/latest_235b_scale_gen_job_id.txt,false
2026-06-15 06:28:57 PDT,Lyris SWE-RL TE-Arch/PARD Proof Gates,login-lyris02.lyris.clusters.nvidia.com,2026-06-15 06:28:58 PDT,2126915,specdec-pard2-steps1-20260615_lyris_swerl_qwen235b_fullgrpo_tearchfix_r28_afterok,PENDING,Dependency,N/A,0:00,16,coreai_dlalgo_llm,77284,1,0,/lustre/fsw/coreai_dlalgo_llm/users/sna/swerl_fullgrpo_logs/20260615_lyris_swerl_qwen235b_fullgrpo_tearchfix_r28_afterok/pard2_steps1/latest_235b_scale_gen_job_id.txt,false
2026-06-15 06:28:57 PDT,Lyris SWE-RL TE-Arch/PARD Proof Gates,login-lyris02.lyris.clusters.nvidia.com,2026-06-15 06:28:58 PDT,2126914,specdec-pard-steps1-20260615_lyris_swerl_qwen235b_fullgrpo_tearchfix_r28_afterok,PENDING,Dependency,N/A,0:00,16,coreai_dlalgo_llm,77284,1,0,/lustre/fsw/coreai_dlalgo_llm/users/sna/swerl_fullgrpo_logs/20260615_lyris_swerl_qwen235b_fullgrpo_tearchfix_r28_afterok/pard_steps1/latest_235b_scale_gen_job_id.txt,false
2026-06-15 06:28:57 PDT,OCI-HSG SWE-RL PARD-2 And MathRL Proof Gates,oci-hsg-cs-001-vscode-02,2026-06-15 06:28:58 PDT,3308774,specdec-pard2-steps1-20260614_oci_hsg_swerl_qwen235b_fullgrpo_pard2_pyoverlay_eager_nolevel_r16,PENDING,Priority,2026-06-15T14:40:00,0:00,16,nemotron_n3_post,128523,1,0,/lustre/fs1/portfolios/coreai/projects/coreai_dlalgo_nemorl/users/sna/swerl_fullgrpo_logs/20260614_oci_hsg_swerl_qwen235b_fullgrpo_pard2_pyoverlay_eager_nolevel_r16/pard2_steps1/latest_235b_scale_gen_job_id.txt,false
2026-06-15 06:28:57 PDT,OCI-HSG SWE-RL PARD-2 And MathRL Proof Gates,oci-hsg-cs-001-vscode-02,2026-06-15 06:28:58 PDT,3315381,online-qwen235b-mathrl-main-pard_k3-fixed256-step10-N32xG4,PENDING,Priority,2026-06-15T18:40:00,0:00,32,nemotron_n3_post,128471,0,0,,false
2026-06-15 06:28:57 PDT,OCI-HSG SWE-RL PARD-2 And MathRL Proof Gates,oci-hsg-cs-001-vscode-02,2026-06-15 06:28:58 PDT,3315382,online-qwen235b-mathrl-main-pard_k5-fixed256-step10-N32xG4,PENDING,Priority,2026-06-15T18:40:00,0:00,32,nemotron_n3_post,128471,0,0,,false
2026-06-15 06:28:57 PDT,OCI-HSG SWE-RL PARD-2 And MathRL Proof Gates,oci-hsg-cs-001-vscode-02,2026-06-15 06:28:58 PDT,3315380,online-qwen235b-mathrl-main-baseline-fixed256-step10-N32xG4,PENDING,Priority,2026-06-15T14:40:00,0:00,32,nemotron_n3_post,128471,0,0,,false
2026-06-15 06:31:21 PDT,Lyris SWE-RL TE-Arch/PARD Proof Gates,login-lyris02.lyris.clusters.nvidia.com,2026-06-15 06:31:22 PDT,2126895,specdec-baseline-steps1-20260615_lyris_swerl_qwen235b_fullgrpo_tearchfix_r28,PENDING,Priority,2026-06-15T07:00:00,0:00,16,coreai_dlalgo_llm,77454,1,0,/lustre/fsw/coreai_dlalgo_llm/users/sna/swerl_fullgrpo_logs/20260615_lyris_swerl_qwen235b_fullgrpo_tearchfix_r28/baseline_steps1/latest_235b_scale_gen_job_id.txt,false
2026-06-15 06:31:21 PDT,Lyris SWE-RL TE-Arch/PARD Proof Gates,login-lyris02.lyris.clusters.nvidia.com,2026-06-15 06:31:22 PDT,2126915,specdec-pard2-steps1-20260615_lyris_swerl_qwen235b_fullgrpo_tearchfix_r28_afterok,PENDING,Dependency,N/A,0:00,16,coreai_dlalgo_llm,77284,1,0,/lustre/fsw/coreai_dlalgo_llm/users/sna/swerl_fullgrpo_logs/20260615_lyris_swerl_qwen235b_fullgrpo_tearchfix_r28_afterok/pard2_steps1/latest_235b_scale_gen_job_id.txt,false
2026-06-15 06:31:21 PDT,Lyris SWE-RL TE-Arch/PARD Proof Gates,login-lyris02.lyris.clusters.nvidia.com,2026-06-15 06:31:22 PDT,2126914,specdec-pard-steps1-20260615_lyris_swerl_qwen235b_fullgrpo_tearchfix_r28_afterok,PENDING,Dependency,N/A,0:00,16,coreai_dlalgo_llm,77284,1,0,/lustre/fsw/coreai_dlalgo_llm/users/sna/swerl_fullgrpo_logs/20260615_lyris_swerl_qwen235b_fullgrpo_tearchfix_r28_afterok/pard_steps1/latest_235b_scale_gen_job_id.txt,false
2026-06-15 06:31:21 PDT,OCI-HSG SWE-RL PARD-2 And MathRL Proof Gates,oci-hsg-cs-001-vscode-02,2026-06-15 06:31:22 PDT,3308774,specdec-pard2-steps1-20260614_oci_hsg_swerl_qwen235b_fullgrpo_pard2_pyoverlay_eager_nolevel_r16,PENDING,Priority,2026-06-15T14:40:00,0:00,16,nemotron_n3_post,128524,1,0,/lustre/fs1/portfolios/coreai/projects/coreai_dlalgo_nemorl/users/sna/swerl_fullgrpo_logs/20260614_oci_hsg_swerl_qwen235b_fullgrpo_pard2_pyoverlay_eager_nolevel_r16/pard2_steps1/latest_235b_scale_gen_job_id.txt,false
2026-06-15 06:31:21 PDT,OCI-HSG SWE-RL PARD-2 And MathRL Proof Gates,oci-hsg-cs-001-vscode-02,2026-06-15 06:31:22 PDT,3315381,online-qwen235b-mathrl-main-pard_k3-fixed256-step10-N32xG4,PENDING,Priority,2026-06-15T18:50:00,0:00,32,nemotron_n3_post,128471,0,0,,false
2026-06-15 06:31:21 PDT,OCI-HSG SWE-RL PARD-2 And MathRL Proof Gates,oci-hsg-cs-001-vscode-02,2026-06-15 06:31:22 PDT,3315382,online-qwen235b-mathrl-main-pard_k5-fixed256-step10-N32xG4,PENDING,Priority,2026-06-15T18:50:00,0:00,32,nemotron_n3_post,128471,0,0,,false
2026-06-15 06:31:21 PDT,OCI-HSG SWE-RL PARD-2 And MathRL Proof Gates,oci-hsg-cs-001-vscode-02,2026-06-15 06:31:22 PDT,3315380,online-qwen235b-mathrl-main-baseline-fixed256-step10-N32xG4,PENDING,Priority,2026-06-15T18:40:00,0:00,32,nemotron_n3_post,128471,0,0,,false
2026-06-15 06:33:49 PDT,Lyris SWE-RL TE-Arch/PARD Proof Gates,login-lyris02.lyris.clusters.nvidia.com,2026-06-15 06:33:49 PDT,2126895,specdec-baseline-steps1-20260615_lyris_swerl_qwen235b_fullgrpo_tearchfix_r28,PENDING,Priority,2026-06-15T06:40:00,0:00,16,coreai_dlalgo_llm,77457,1,0,/lustre/fsw/coreai_dlalgo_llm/users/sna/swerl_fullgrpo_logs/20260615_lyris_swerl_qwen235b_fullgrpo_tearchfix_r28/baseline_steps1/latest_235b_scale_gen_job_id.txt,false
2026-06-15 06:33:49 PDT,Lyris SWE-RL TE-Arch/PARD Proof Gates,login-lyris02.lyris.clusters.nvidia.com,2026-06-15 06:33:49 PDT,2126915,specdec-pard2-steps1-20260615_lyris_swerl_qwen235b_fullgrpo_tearchfix_r28_afterok,PENDING,Dependency,N/A,0:00,16,coreai_dlalgo_llm,77284,1,0,/lustre/fsw/coreai_dlalgo_llm/users/sna/swerl_fullgrpo_logs/20260615_lyris_swerl_qwen235b_fullgrpo_tearchfix_r28_afterok/pard2_steps1/latest_235b_scale_gen_job_id.txt,false
2026-06-15 06:33:49 PDT,Lyris SWE-RL TE-Arch/PARD Proof Gates,login-lyris02.lyris.clusters.nvidia.com,2026-06-15 06:33:49 PDT,2126914,specdec-pard-steps1-20260615_lyris_swerl_qwen235b_fullgrpo_tearchfix_r28_afterok,PENDING,Dependency,N/A,0:00,16,coreai_dlalgo_llm,77284,1,0,/lustre/fsw/coreai_dlalgo_llm/users/sna/swerl_fullgrpo_logs/20260615_lyris_swerl_qwen235b_fullgrpo_tearchfix_r28_afterok/pard_steps1/latest_235b_scale_gen_job_id.txt,false
2026-06-15 06:33:49 PDT,OCI-HSG SWE-RL PARD-2 And MathRL Proof Gates,oci-hsg-cs-001-vscode-02,2026-06-15 06:33:50 PDT,3308774,specdec-pard2-steps1-20260614_oci_hsg_swerl_qwen235b_fullgrpo_pard2_pyoverlay_eager_nolevel_r16,PENDING,Priority,2026-06-15T13:00:00,0:00,16,nemotron_n3_post,128524,1,0,/lustre/fs1/portfolios/coreai/projects/coreai_dlalgo_nemorl/users/sna/swerl_fullgrpo_logs/20260614_oci_hsg_swerl_qwen235b_fullgrpo_pard2_pyoverlay_eager_nolevel_r16/pard2_steps1/latest_235b_scale_gen_job_id.txt,false
2026-06-15 06:33:49 PDT,OCI-HSG SWE-RL PARD-2 And MathRL Proof Gates,oci-hsg-cs-001-vscode-02,2026-06-15 06:33:50 PDT,3315381,online-qwen235b-mathrl-main-pard_k3-fixed256-step10-N32xG4,PENDING,Priority,2026-06-15T16:20:00,0:00,32,nemotron_n3_post,128471,0,0,,false
2026-06-15 06:33:49 PDT,OCI-HSG SWE-RL PARD-2 And MathRL Proof Gates,oci-hsg-cs-001-vscode-02,2026-06-15 06:33:50 PDT,3315382,online-qwen235b-mathrl-main-pard_k5-fixed256-step10-N32xG4,PENDING,Priority,2026-06-15T16:20:00,0:00,32,nemotron_n3_post,128471,0,0,,false
2026-06-15 06:33:49 PDT,OCI-HSG SWE-RL PARD-2 And MathRL Proof Gates,oci-hsg-cs-001-vscode-02,2026-06-15 06:33:50 PDT,3315380,online-qwen235b-mathrl-main-baseline-fixed256-step10-N32xG4,PENDING,Priority,2026-06-15T13:00:00,0:00,32,nemotron_n3_post,128471,0,0,,false
2026-06-15 06:36:19 PDT,Lyris SWE-RL TE-Arch/PARD Proof Gates,login-lyris02.lyris.clusters.nvidia.com,2026-06-15 06:36:19 PDT,2126895,specdec-baseline-steps1-20260615_lyris_swerl_qwen235b_fullgrpo_tearchfix_r28,PENDING,Priority,2026-06-15T06:40:00,0:00,16,coreai_dlalgo_llm,77457,1,0,/lustre/fsw/coreai_dlalgo_llm/users/sna/swerl_fullgrpo_logs/20260615_lyris_swerl_qwen235b_fullgrpo_tearchfix_r28/baseline_steps1/latest_235b_scale_gen_job_id.txt,false
2026-06-15 06:36:19 PDT,Lyris SWE-RL TE-Arch/PARD Proof Gates,login-lyris02.lyris.clusters.nvidia.com,2026-06-15 06:36:19 PDT,2126915,specdec-pard2-steps1-20260615_lyris_swerl_qwen235b_fullgrpo_tearchfix_r28_afterok,PENDING,Dependency,N/A,0:00,16,coreai_dlalgo_llm,77284,1,0,/lustre/fsw/coreai_dlalgo_llm/users/sna/swerl_fullgrpo_logs/20260615_lyris_swerl_qwen235b_fullgrpo_tearchfix_r28_afterok/pard2_steps1/latest_235b_scale_gen_job_id.txt,false
2026-06-15 06:36:19 PDT,Lyris SWE-RL TE-Arch/PARD Proof Gates,login-lyris02.lyris.clusters.nvidia.com,2026-06-15 06:36:19 PDT,2126914,specdec-pard-steps1-20260615_lyris_swerl_qwen235b_fullgrpo_tearchfix_r28_afterok,PENDING,Dependency,N/A,0:00,16,coreai_dlalgo_llm,77284,1,0,/lustre/fsw/coreai_dlalgo_llm/users/sna/swerl_fullgrpo_logs/20260615_lyris_swerl_qwen235b_fullgrpo_tearchfix_r28_afterok/pard_steps1/latest_235b_scale_gen_job_id.txt,false
2026-06-15 06:36:19 PDT,OCI-HSG SWE-RL PARD-2 And MathRL Proof Gates,oci-hsg-cs-001-vscode-02,2026-06-15 06:36:21 PDT,3308774,specdec-pard2-steps1-20260614_oci_hsg_swerl_qwen235b_fullgrpo_pard2_pyoverlay_eager_nolevel_r16,PENDING,Priority,2026-06-15T13:00:00,0:00,16,nemotron_n3_post,128524,1,0,/lustre/fs1/portfolios/coreai/projects/coreai_dlalgo_nemorl/users/sna/swerl_fullgrpo_logs/20260614_oci_hsg_swerl_qwen235b_fullgrpo_pard2_pyoverlay_eager_nolevel_r16/pard2_steps1/latest_235b_scale_gen_job_id.txt,false
2026-06-15 06:36:19 PDT,OCI-HSG SWE-RL PARD-2 And MathRL Proof Gates,oci-hsg-cs-001-vscode-02,2026-06-15 06:36:21 PDT,3315381,online-qwen235b-mathrl-main-pard_k3-fixed256-step10-N32xG4,PENDING,Priority,2026-06-15T16:20:00,0:00,32,nemotron_n3_post,128472,0,0,,false
2026-06-15 06:36:19 PDT,OCI-HSG SWE-RL PARD-2 And MathRL Proof Gates,oci-hsg-cs-001-vscode-02,2026-06-15 06:36:21 PDT,3315382,online-qwen235b-mathrl-main-pard_k5-fixed256-step10-N32xG4,PENDING,Priority,2026-06-15T16:20:00,0:00,32,nemotron_n3_post,128472,0,0,,false
2026-06-15 06:36:19 PDT,OCI-HSG SWE-RL PARD-2 And MathRL Proof Gates,oci-hsg-cs-001-vscode-02,2026-06-15 06:36:21 PDT,3315380,online-qwen235b-mathrl-main-baseline-fixed256-step10-N32xG4,PENDING,Priority,2026-06-15T14:20:00,0:00,32,nemotron_n3_post,128472,0,0,,false
2026-06-15 06:37:40 PDT,Lyris SWE-RL TE-Arch/PARD Proof Gates,login-lyris02.lyris.clusters.nvidia.com,2026-06-15 06:37:40 PDT,2126895,specdec-baseline-steps1-20260615_lyris_swerl_qwen235b_fullgrpo_tearchfix_r28,PENDING,Priority,2026-06-15T06:40:00,0:00,16,coreai_dlalgo_llm,77461,1,0,/lustre/fsw/coreai_dlalgo_llm/users/sna/swerl_fullgrpo_logs/20260615_lyris_swerl_qwen235b_fullgrpo_tearchfix_r28/baseline_steps1/latest_235b_scale_gen_job_id.txt,false
2026-06-15 06:37:40 PDT,Lyris SWE-RL TE-Arch/PARD Proof Gates,login-lyris02.lyris.clusters.nvidia.com,2026-06-15 06:37:40 PDT,2126915,specdec-pard2-steps1-20260615_lyris_swerl_qwen235b_fullgrpo_tearchfix_r28_afterok,PENDING,Dependency,N/A,0:00,16,coreai_dlalgo_llm,77284,1,0,/lustre/fsw/coreai_dlalgo_llm/users/sna/swerl_fullgrpo_logs/20260615_lyris_swerl_qwen235b_fullgrpo_tearchfix_r28_afterok/pard2_steps1/latest_235b_scale_gen_job_id.txt,false
2026-06-15 06:37:40 PDT,Lyris SWE-RL TE-Arch/PARD Proof Gates,login-lyris02.lyris.clusters.nvidia.com,2026-06-15 06:37:40 PDT,2126914,specdec-pard-steps1-20260615_lyris_swerl_qwen235b_fullgrpo_tearchfix_r28_afterok,PENDING,Dependency,N/A,0:00,16,coreai_dlalgo_llm,77284,1,0,/lustre/fsw/coreai_dlalgo_llm/users/sna/swerl_fullgrpo_logs/20260615_lyris_swerl_qwen235b_fullgrpo_tearchfix_r28_afterok/pard_steps1/latest_235b_scale_gen_job_id.txt,false
2026-06-15 06:37:40 PDT,OCI-HSG SWE-RL PARD-2 And MathRL Proof Gates,oci-hsg-cs-001-vscode-02,2026-06-15 06:37:41 PDT,3308774,specdec-pard2-steps1-20260614_oci_hsg_swerl_qwen235b_fullgrpo_pard2_pyoverlay_eager_nolevel_r16,PENDING,Priority,2026-06-15T13:00:00,0:00,16,nemotron_n3_post,128524,1,0,/lustre/fs1/portfolios/coreai/projects/coreai_dlalgo_nemorl/users/sna/swerl_fullgrpo_logs/20260614_oci_hsg_swerl_qwen235b_fullgrpo_pard2_pyoverlay_eager_nolevel_r16/pard2_steps1/latest_235b_scale_gen_job_id.txt,false
2026-06-15 06:37:40 PDT,OCI-HSG SWE-RL PARD-2 And MathRL Proof Gates,oci-hsg-cs-001-vscode-02,2026-06-15 06:37:41 PDT,3315381,online-qwen235b-mathrl-main-pard_k3-fixed256-step10-N32xG4,PENDING,Priority,2026-06-15T16:20:00,0:00,32,nemotron_n3_post,128472,0,0,,false
2026-06-15 06:37:40 PDT,OCI-HSG SWE-RL PARD-2 And MathRL Proof Gates,oci-hsg-cs-001-vscode-02,2026-06-15 06:37:41 PDT,3315382,online-qwen235b-mathrl-main-pard_k5-fixed256-step10-N32xG4,PENDING,Priority,2026-06-15T16:20:00,0:00,32,nemotron_n3_post,128472,0,0,,false
2026-06-15 06:37:40 PDT,OCI-HSG SWE-RL PARD-2 And MathRL Proof Gates,oci-hsg-cs-001-vscode-02,2026-06-15 06:37:41 PDT,3315380,online-qwen235b-mathrl-main-baseline-fixed256-step10-N32xG4,PENDING,Priority,2026-06-15T14:20:00,0:00,32,nemotron_n3_post,128472,0,0,,false
2026-06-15 06:38:44 PDT,Lyris SWE-RL TE-Arch/PARD Proof Gates,login-lyris02.lyris.clusters.nvidia.com,2026-06-15 06:38:44 PDT,2126895,specdec-baseline-steps1-20260615_lyris_swerl_qwen235b_fullgrpo_tearchfix_r28,PENDING,Priority,2026-06-15T06:40:00,0:00,16,coreai_dlalgo_llm,77461,1,0,/lustre/fsw/coreai_dlalgo_llm/users/sna/swerl_fullgrpo_logs/20260615_lyris_swerl_qwen235b_fullgrpo_tearchfix_r28/baseline_steps1/latest_235b_scale_gen_job_id.txt,false
2026-06-15 06:38:44 PDT,Lyris SWE-RL TE-Arch/PARD Proof Gates,login-lyris02.lyris.clusters.nvidia.com,2026-06-15 06:38:44 PDT,2126915,specdec-pard2-steps1-20260615_lyris_swerl_qwen235b_fullgrpo_tearchfix_r28_afterok,PENDING,Dependency,N/A,0:00,16,coreai_dlalgo_llm,77284,1,0,/lustre/fsw/coreai_dlalgo_llm/users/sna/swerl_fullgrpo_logs/20260615_lyris_swerl_qwen235b_fullgrpo_tearchfix_r28_afterok/pard2_steps1/latest_235b_scale_gen_job_id.txt,false
2026-06-15 06:38:44 PDT,Lyris SWE-RL TE-Arch/PARD Proof Gates,login-lyris02.lyris.clusters.nvidia.com,2026-06-15 06:38:44 PDT,2126914,specdec-pard-steps1-20260615_lyris_swerl_qwen235b_fullgrpo_tearchfix_r28_afterok,PENDING,Dependency,N/A,0:00,16,coreai_dlalgo_llm,77284,1,0,/lustre/fsw/coreai_dlalgo_llm/users/sna/swerl_fullgrpo_logs/20260615_lyris_swerl_qwen235b_fullgrpo_tearchfix_r28_afterok/pard_steps1/latest_235b_scale_gen_job_id.txt,false
2026-06-15 06:38:44 PDT,OCI-HSG SWE-RL PARD-2 And MathRL Proof Gates,oci-hsg-cs-001-vscode-02,2026-06-15 06:38:45 PDT,3308774,specdec-pard2-steps1-20260614_oci_hsg_swerl_qwen235b_fullgrpo_pard2_pyoverlay_eager_nolevel_r16,PENDING,Priority,2026-06-15T12:20:00,0:00,16,nemotron_n3_post,128524,1,0,/lustre/fs1/portfolios/coreai/projects/coreai_dlalgo_nemorl/users/sna/swerl_fullgrpo_logs/20260614_oci_hsg_swerl_qwen235b_fullgrpo_pard2_pyoverlay_eager_nolevel_r16/pard2_steps1/latest_235b_scale_gen_job_id.txt,false
2026-06-15 06:38:44 PDT,OCI-HSG SWE-RL PARD-2 And MathRL Proof Gates,oci-hsg-cs-001-vscode-02,2026-06-15 06:38:45 PDT,3315381,online-qwen235b-mathrl-main-pard_k3-fixed256-step10-N32xG4,PENDING,Priority,2026-06-15T16:20:00,0:00,32,nemotron_n3_post,128472,0,0,,false
2026-06-15 06:38:44 PDT,OCI-HSG SWE-RL PARD-2 And MathRL Proof Gates,oci-hsg-cs-001-vscode-02,2026-06-15 06:38:45 PDT,3315382,online-qwen235b-mathrl-main-pard_k5-fixed256-step10-N32xG4,PENDING,Priority,2026-06-15T16:20:00,0:00,32,nemotron_n3_post,128472,0,0,,false
2026-06-15 06:38:44 PDT,OCI-HSG SWE-RL PARD-2 And MathRL Proof Gates,oci-hsg-cs-001-vscode-02,2026-06-15 06:38:45 PDT,3315380,online-qwen235b-mathrl-main-baseline-fixed256-step10-N32xG4,PENDING,Priority,2026-06-15T14:40:00,0:00,32,nemotron_n3_post,128472,0,0,,false
2026-06-15 06:39:48 PDT,Lyris SWE-RL TE-Arch/PARD Proof Gates,login-lyris02.lyris.clusters.nvidia.com,2026-06-15 06:39:48 PDT,2126895,specdec-baseline-steps1-20260615_lyris_swerl_qwen235b_fullgrpo_tearchfix_r28,PENDING,Priority,2026-06-15T06:40:00,0:00,16,coreai_dlalgo_llm,77461,1,0,/lustre/fsw/coreai_dlalgo_llm/users/sna/swerl_fullgrpo_logs/20260615_lyris_swerl_qwen235b_fullgrpo_tearchfix_r28/baseline_steps1/latest_235b_scale_gen_job_id.txt,false
2026-06-15 06:39:48 PDT,Lyris SWE-RL TE-Arch/PARD Proof Gates,login-lyris02.lyris.clusters.nvidia.com,2026-06-15 06:39:48 PDT,2126915,specdec-pard2-steps1-20260615_lyris_swerl_qwen235b_fullgrpo_tearchfix_r28_afterok,PENDING,Dependency,N/A,0:00,16,coreai_dlalgo_llm,77284,1,0,/lustre/fsw/coreai_dlalgo_llm/users/sna/swerl_fullgrpo_logs/20260615_lyris_swerl_qwen235b_fullgrpo_tearchfix_r28_afterok/pard2_steps1/latest_235b_scale_gen_job_id.txt,false
2026-06-15 06:39:48 PDT,Lyris SWE-RL TE-Arch/PARD Proof Gates,login-lyris02.lyris.clusters.nvidia.com,2026-06-15 06:39:48 PDT,2126914,specdec-pard-steps1-20260615_lyris_swerl_qwen235b_fullgrpo_tearchfix_r28_afterok,PENDING,Dependency,N/A,0:00,16,coreai_dlalgo_llm,77284,1,0,/lustre/fsw/coreai_dlalgo_llm/users/sna/swerl_fullgrpo_logs/20260615_lyris_swerl_qwen235b_fullgrpo_tearchfix_r28_afterok/pard_steps1/latest_235b_scale_gen_job_id.txt,false
2026-06-15 06:39:48 PDT,OCI-HSG SWE-RL PARD-2 And MathRL Proof Gates,oci-hsg-cs-001-vscode-02,2026-06-15 06:39:49 PDT,3308774,specdec-pard2-steps1-20260614_oci_hsg_swerl_qwen235b_fullgrpo_pard2_pyoverlay_eager_nolevel_r16,PENDING,Priority,2026-06-15T12:20:00,0:00,16,nemotron_n3_post,128524,1,0,/lustre/fs1/portfolios/coreai/projects/coreai_dlalgo_nemorl/users/sna/swerl_fullgrpo_logs/20260614_oci_hsg_swerl_qwen235b_fullgrpo_pard2_pyoverlay_eager_nolevel_r16/pard2_steps1/latest_235b_scale_gen_job_id.txt,false
2026-06-15 06:39:48 PDT,OCI-HSG SWE-RL PARD-2 And MathRL Proof Gates,oci-hsg-cs-001-vscode-02,2026-06-15 06:39:49 PDT,3315381,online-qwen235b-mathrl-main-pard_k3-fixed256-step10-N32xG4,PENDING,Priority,2026-06-15T16:20:00,0:00,32,nemotron_n3_post,128472,0,0,,false
2026-06-15 06:39:48 PDT,OCI-HSG SWE-RL PARD-2 And MathRL Proof Gates,oci-hsg-cs-001-vscode-02,2026-06-15 06:39:49 PDT,3315382,online-qwen235b-mathrl-main-pard_k5-fixed256-step10-N32xG4,PENDING,Priority,2026-06-15T16:20:00,0:00,32,nemotron_n3_post,128472,0,0,,false
2026-06-15 06:39:48 PDT,OCI-HSG SWE-RL PARD-2 And MathRL Proof Gates,oci-hsg-cs-001-vscode-02,2026-06-15 06:39:49 PDT,3315380,online-qwen235b-mathrl-main-baseline-fixed256-step10-N32xG4,PENDING,Priority,2026-06-15T14:40:00,0:00,32,nemotron_n3_post,128472,0,0,,false
2026-06-15 06:40:53 PDT,Lyris SWE-RL TE-Arch/PARD Proof Gates,login-lyris02.lyris.clusters.nvidia.com,2026-06-15 06:40:53 PDT,2126895,specdec-baseline-steps1-20260615_lyris_swerl_qwen235b_fullgrpo_tearchfix_r28,PENDING,Priority,2026-06-15T07:01:00,0:00,16,coreai_dlalgo_llm,77461,1,0,/lustre/fsw/coreai_dlalgo_llm/users/sna/swerl_fullgrpo_logs/20260615_lyris_swerl_qwen235b_fullgrpo_tearchfix_r28/baseline_steps1/latest_235b_scale_gen_job_id.txt,false
2026-06-15 06:40:53 PDT,Lyris SWE-RL TE-Arch/PARD Proof Gates,login-lyris02.lyris.clusters.nvidia.com,2026-06-15 06:40:53 PDT,2126915,specdec-pard2-steps1-20260615_lyris_swerl_qwen235b_fullgrpo_tearchfix_r28_afterok,PENDING,Dependency,N/A,0:00,16,coreai_dlalgo_llm,77284,1,0,/lustre/fsw/coreai_dlalgo_llm/users/sna/swerl_fullgrpo_logs/20260615_lyris_swerl_qwen235b_fullgrpo_tearchfix_r28_afterok/pard2_steps1/latest_235b_scale_gen_job_id.txt,false
2026-06-15 06:40:53 PDT,Lyris SWE-RL TE-Arch/PARD Proof Gates,login-lyris02.lyris.clusters.nvidia.com,2026-06-15 06:40:53 PDT,2126914,specdec-pard-steps1-20260615_lyris_swerl_qwen235b_fullgrpo_tearchfix_r28_afterok,PENDING,Dependency,N/A,0:00,16,coreai_dlalgo_llm,77284,1,0,/lustre/fsw/coreai_dlalgo_llm/users/sna/swerl_fullgrpo_logs/20260615_lyris_swerl_qwen235b_fullgrpo_tearchfix_r28_afterok/pard_steps1/latest_235b_scale_gen_job_id.txt,false
2026-06-15 06:40:53 PDT,OCI-HSG SWE-RL PARD-2 And MathRL Proof Gates,oci-hsg-cs-001-vscode-02,2026-06-15 06:40:54 PDT,3308774,specdec-pard2-steps1-20260614_oci_hsg_swerl_qwen235b_fullgrpo_pard2_pyoverlay_eager_nolevel_r16,PENDING,Priority,N/A,0:00,16,nemotron_n3_post,128524,1,0,/lustre/fs1/portfolios/coreai/projects/coreai_dlalgo_nemorl/users/sna/swerl_fullgrpo_logs/20260614_oci_hsg_swerl_qwen235b_fullgrpo_pard2_pyoverlay_eager_nolevel_r16/pard2_steps1/latest_235b_scale_gen_job_id.txt,false
2026-06-15 06:40:53 PDT,OCI-HSG SWE-RL PARD-2 And MathRL Proof Gates,oci-hsg-cs-001-vscode-02,2026-06-15 06:40:54 PDT,3315382,online-qwen235b-mathrl-main-pard_k5-fixed256-step10-N32xG4,PENDING,Priority,N/A,0:00,32,nemotron_n3_post,128472,0,0,,false
2026-06-15 06:40:53 PDT,OCI-HSG SWE-RL PARD-2 And MathRL Proof Gates,oci-hsg-cs-001-vscode-02,2026-06-15 06:40:54 PDT,3315381,online-qwen235b-mathrl-main-pard_k3-fixed256-step10-N32xG4,PENDING,Priority,N/A,0:00,32,nemotron_n3_post,128472,0,0,,false
2026-06-15 06:40:53 PDT,OCI-HSG SWE-RL PARD-2 And MathRL Proof Gates,oci-hsg-cs-001-vscode-02,2026-06-15 06:40:54 PDT,3315380,online-qwen235b-mathrl-main-baseline-fixed256-step10-N32xG4,PENDING,Priority,N/A,0:00,32,nemotron_n3_post,128472,0,0,,false
2026-06-15 06:42:00 PDT,Lyris SWE-RL TE-Arch/PARD Proof Gates,login-lyris02.lyris.clusters.nvidia.com,2026-06-15 06:42:00 PDT,2126915,specdec-pard2-steps1-20260615_lyris_swerl_qwen235b_fullgrpo_tearchfix_r28_afterok,PENDING,Dependency,N/A,0:00,16,coreai_dlalgo_llm,77284,1,0,/lustre/fsw/coreai_dlalgo_llm/users/sna/swerl_fullgrpo_logs/20260615_lyris_swerl_qwen235b_fullgrpo_tearchfix_r28_afterok/pard2_steps1/latest_235b_scale_gen_job_id.txt,false
2026-06-15 06:42:00 PDT,Lyris SWE-RL TE-Arch/PARD Proof Gates,login-lyris02.lyris.clusters.nvidia.com,2026-06-15 06:42:00 PDT,2126914,specdec-pard-steps1-20260615_lyris_swerl_qwen235b_fullgrpo_tearchfix_r28_afterok,PENDING,Dependency,N/A,0:00,16,coreai_dlalgo_llm,77284,1,0,/lustre/fsw/coreai_dlalgo_llm/users/sna/swerl_fullgrpo_logs/20260615_lyris_swerl_qwen235b_fullgrpo_tearchfix_r28_afterok/pard_steps1/latest_235b_scale_gen_job_id.txt,false
2026-06-15 06:42:00 PDT,Lyris SWE-RL TE-Arch/PARD Proof Gates,login-lyris02.lyris.clusters.nvidia.com,2026-06-15 06:42:00 PDT,2126895,specdec-baseline-steps1-20260615_lyris_swerl_qwen235b_fullgrpo_tearchfix_r28,RUNNING,None,2026-06-15T06:41:02,0:58,16,coreai_dlalgo_llm,77461,17,16,/lustre/fsw/coreai_dlalgo_llm/users/sna/swerl_fullgrpo_logs/20260615_lyris_swerl_qwen235b_fullgrpo_tearchfix_r28/baseline_steps1/2126895-logs/ray-worker-5.log,true
2026-06-15 06:42:00 PDT,OCI-HSG SWE-RL PARD-2 And MathRL Proof Gates,oci-hsg-cs-001-vscode-02,2026-06-15 06:42:01 PDT,3308774,specdec-pard2-steps1-20260614_oci_hsg_swerl_qwen235b_fullgrpo_pard2_pyoverlay_eager_nolevel_r16,PENDING,Priority,2026-06-15T12:20:00,0:00,16,nemotron_n3_post,128525,1,0,/lustre/fs1/portfolios/coreai/projects/coreai_dlalgo_nemorl/users/sna/swerl_fullgrpo_logs/20260614_oci_hsg_swerl_qwen235b_fullgrpo_pard2_pyoverlay_eager_nolevel_r16/pard2_steps1/latest_235b_scale_gen_job_id.txt,false
2026-06-15 06:42:00 PDT,OCI-HSG SWE-RL PARD-2 And MathRL Proof Gates,oci-hsg-cs-001-vscode-02,2026-06-15 06:42:01 PDT,3315381,online-qwen235b-mathrl-main-pard_k3-fixed256-step10-N32xG4,PENDING,Priority,2026-06-15T16:20:00,0:00,32,nemotron_n3_post,128472,0,0,,false
2026-06-15 06:42:00 PDT,OCI-HSG SWE-RL PARD-2 And MathRL Proof Gates,oci-hsg-cs-001-vscode-02,2026-06-15 06:42:01 PDT,3315382,online-qwen235b-mathrl-main-pard_k5-fixed256-step10-N32xG4,PENDING,Priority,2026-06-15T16:20:00,0:00,32,nemotron_n3_post,128472,0,0,,false
2026-06-15 06:42:00 PDT,OCI-HSG SWE-RL PARD-2 And MathRL Proof Gates,oci-hsg-cs-001-vscode-02,2026-06-15 06:42:01 PDT,3315380,online-qwen235b-mathrl-main-baseline-fixed256-step10-N32xG4,PENDING,Priority,2026-06-15T12:20:00,0:00,32,nemotron_n3_post,128472,0,0,,false
2026-06-15 06:44:47 PDT,Lyris SWE-RL TE-Arch/PARD Proof Gates,login-lyris02.lyris.clusters.nvidia.com,2026-06-15 06:44:47 PDT,2126915,specdec-pard2-steps1-20260615_lyris_swerl_qwen235b_fullgrpo_tearchfix_r28_afterok,PENDING,Dependency,N/A,0:00,16,coreai_dlalgo_llm,77284,1,0,/lustre/fsw/coreai_dlalgo_llm/users/sna/swerl_fullgrpo_logs/20260615_lyris_swerl_qwen235b_fullgrpo_tearchfix_r28_afterok/pard2_steps1/latest_235b_scale_gen_job_id.txt,false
2026-06-15 06:44:47 PDT,Lyris SWE-RL TE-Arch/PARD Proof Gates,login-lyris02.lyris.clusters.nvidia.com,2026-06-15 06:44:47 PDT,2126914,specdec-pard-steps1-20260615_lyris_swerl_qwen235b_fullgrpo_tearchfix_r28_afterok,PENDING,Dependency,N/A,0:00,16,coreai_dlalgo_llm,77284,1,0,/lustre/fsw/coreai_dlalgo_llm/users/sna/swerl_fullgrpo_logs/20260615_lyris_swerl_qwen235b_fullgrpo_tearchfix_r28_afterok/pard_steps1/latest_235b_scale_gen_job_id.txt,false
2026-06-15 06:44:47 PDT,Lyris SWE-RL TE-Arch/PARD Proof Gates,login-lyris02.lyris.clusters.nvidia.com,2026-06-15 06:44:47 PDT,2126895,specdec-baseline-steps1-20260615_lyris_swerl_qwen235b_fullgrpo_tearchfix_r28,RUNNING,None,2026-06-15T06:41:02,3:45,16,coreai_dlalgo_llm,77461,20,19,/lustre/fsw/coreai_dlalgo_llm/users/sna/swerl_fullgrpo_logs/20260615_lyris_swerl_qwen235b_fullgrpo_tearchfix_r28/baseline_steps1/2126895-logs/ray-driver.log,true
2026-06-15 06:44:47 PDT,OCI-HSG SWE-RL PARD-2 And MathRL Proof Gates,oci-hsg-cs-001-vscode-02,2026-06-15 06:44:48 PDT,3308774,specdec-pard2-steps1-20260614_oci_hsg_swerl_qwen235b_fullgrpo_pard2_pyoverlay_eager_nolevel_r16,PENDING,Priority,2026-06-15T19:00:00,0:00,16,nemotron_n3_post,128525,1,0,/lustre/fs1/portfolios/coreai/projects/coreai_dlalgo_nemorl/users/sna/swerl_fullgrpo_logs/20260614_oci_hsg_swerl_qwen235b_fullgrpo_pard2_pyoverlay_eager_nolevel_r16/pard2_steps1/latest_235b_scale_gen_job_id.txt,false
2026-06-15 06:44:47 PDT,OCI-HSG SWE-RL PARD-2 And MathRL Proof Gates,oci-hsg-cs-001-vscode-02,2026-06-15 06:44:48 PDT,3315380,online-qwen235b-mathrl-main-baseline-fixed256-step10-N32xG4,PENDING,Priority,2026-06-15T19:00:00,0:00,32,nemotron_n3_post,128472,0,0,,false
2026-06-15 06:44:47 PDT,OCI-HSG SWE-RL PARD-2 And MathRL Proof Gates,oci-hsg-cs-001-vscode-02,2026-06-15 06:44:48 PDT,3315381,online-qwen235b-mathrl-main-pard_k3-fixed256-step10-N32xG4,PENDING,Priority,2026-06-15T19:00:00,0:00,32,nemotron_n3_post,128472,0,0,,false
2026-06-15 06:44:47 PDT,OCI-HSG SWE-RL PARD-2 And MathRL Proof Gates,oci-hsg-cs-001-vscode-02,2026-06-15 06:44:48 PDT,3315382,online-qwen235b-mathrl-main-pard_k5-fixed256-step10-N32xG4,PENDING,Priority,2026-06-15T19:00:00,0:00,32,nemotron_n3_post,128472,0,0,,false
2026-06-15 06:47:07 PDT,Lyris SWE-RL TE-Arch/PARD Proof Gates,login-lyris02.lyris.clusters.nvidia.com,2026-06-15 06:47:08 PDT,2126915,specdec-pard2-steps1-20260615_lyris_swerl_qwen235b_fullgrpo_tearchfix_r28_afterok,PENDING,Dependency,N/A,0:00,16,coreai_dlalgo_llm,77284,1,0,/lustre/fsw/coreai_dlalgo_llm/users/sna/swerl_fullgrpo_logs/20260615_lyris_swerl_qwen235b_fullgrpo_tearchfix_r28_afterok/pard2_steps1/latest_235b_scale_gen_job_id.txt,false
2026-06-15 06:47:07 PDT,Lyris SWE-RL TE-Arch/PARD Proof Gates,login-lyris02.lyris.clusters.nvidia.com,2026-06-15 06:47:08 PDT,2126914,specdec-pard-steps1-20260615_lyris_swerl_qwen235b_fullgrpo_tearchfix_r28_afterok,PENDING,Dependency,N/A,0:00,16,coreai_dlalgo_llm,77284,1,0,/lustre/fsw/coreai_dlalgo_llm/users/sna/swerl_fullgrpo_logs/20260615_lyris_swerl_qwen235b_fullgrpo_tearchfix_r28_afterok/pard_steps1/latest_235b_scale_gen_job_id.txt,false
2026-06-15 06:47:07 PDT,Lyris SWE-RL TE-Arch/PARD Proof Gates,login-lyris02.lyris.clusters.nvidia.com,2026-06-15 06:47:08 PDT,2126895,specdec-baseline-steps1-20260615_lyris_swerl_qwen235b_fullgrpo_tearchfix_r28,RUNNING,None,2026-06-15T06:41:02,6:06,16,coreai_dlalgo_llm,77461,20,19,/lustre/fsw/coreai_dlalgo_llm/users/sna/swerl_fullgrpo_logs/20260615_lyris_swerl_qwen235b_fullgrpo_tearchfix_r28/baseline_steps1/2126895-logs/ray-driver.log,true
2026-06-15 06:47:07 PDT,OCI-HSG SWE-RL PARD-2 And MathRL Proof Gates,oci-hsg-cs-001-vscode-02,2026-06-15 06:47:08 PDT,3308774,specdec-pard2-steps1-20260614_oci_hsg_swerl_qwen235b_fullgrpo_pard2_pyoverlay_eager_nolevel_r16,PENDING,Priority,2026-06-15T14:40:00,0:00,16,nemotron_n3_post,128525,1,0,/lustre/fs1/portfolios/coreai/projects/coreai_dlalgo_nemorl/users/sna/swerl_fullgrpo_logs/20260614_oci_hsg_swerl_qwen235b_fullgrpo_pard2_pyoverlay_eager_nolevel_r16/pard2_steps1/latest_235b_scale_gen_job_id.txt,false
2026-06-15 06:47:07 PDT,OCI-HSG SWE-RL PARD-2 And MathRL Proof Gates,oci-hsg-cs-001-vscode-02,2026-06-15 06:47:08 PDT,3315381,online-qwen235b-mathrl-main-pard_k3-fixed256-step10-N32xG4,PENDING,Priority,2026-06-15T19:10:00,0:00,32,nemotron_n3_post,128472,0,0,,false
2026-06-15 06:47:07 PDT,OCI-HSG SWE-RL PARD-2 And MathRL Proof Gates,oci-hsg-cs-001-vscode-02,2026-06-15 06:47:08 PDT,3315382,online-qwen235b-mathrl-main-pard_k5-fixed256-step10-N32xG4,PENDING,Priority,2026-06-15T19:10:00,0:00,32,nemotron_n3_post,128472,0,0,,false
2026-06-15 06:47:07 PDT,OCI-HSG SWE-RL PARD-2 And MathRL Proof Gates,oci-hsg-cs-001-vscode-02,2026-06-15 06:47:08 PDT,3315380,online-qwen235b-mathrl-main-baseline-fixed256-step10-N32xG4,PENDING,Priority,2026-06-15T18:40:00,0:00,32,nemotron_n3_post,128472,0,0,,false
2026-06-15 06:49:17 PDT,Lyris SWE-RL TE-Arch/PARD Proof Gates,login-lyris02.lyris.clusters.nvidia.com,2026-06-15 06:49:17 PDT,2126915,specdec-pard2-steps1-20260615_lyris_swerl_qwen235b_fullgrpo_tearchfix_r28_afterok,PENDING,Dependency,N/A,0:00,16,coreai_dlalgo_llm,77284,1,0,/lustre/fsw/coreai_dlalgo_llm/users/sna/swerl_fullgrpo_logs/20260615_lyris_swerl_qwen235b_fullgrpo_tearchfix_r28_afterok/pard2_steps1/latest_235b_scale_gen_job_id.txt,false
2026-06-15 06:49:17 PDT,Lyris SWE-RL TE-Arch/PARD Proof Gates,login-lyris02.lyris.clusters.nvidia.com,2026-06-15 06:49:17 PDT,2126914,specdec-pard-steps1-20260615_lyris_swerl_qwen235b_fullgrpo_tearchfix_r28_afterok,PENDING,Dependency,N/A,0:00,16,coreai_dlalgo_llm,77284,1,0,/lustre/fsw/coreai_dlalgo_llm/users/sna/swerl_fullgrpo_logs/20260615_lyris_swerl_qwen235b_fullgrpo_tearchfix_r28_afterok/pard_steps1/latest_235b_scale_gen_job_id.txt,false
2026-06-15 06:49:17 PDT,Lyris SWE-RL TE-Arch/PARD Proof Gates,login-lyris02.lyris.clusters.nvidia.com,2026-06-15 06:49:17 PDT,2126895,specdec-baseline-steps1-20260615_lyris_swerl_qwen235b_fullgrpo_tearchfix_r28,RUNNING,None,2026-06-15T06:41:02,8:15,16,coreai_dlalgo_llm,77461,20,19,/lustre/fsw/coreai_dlalgo_llm/users/sna/swerl_fullgrpo_logs/20260615_lyris_swerl_qwen235b_fullgrpo_tearchfix_r28/baseline_steps1/2126895-logs/ray-driver.log,true
2026-06-15 06:49:17 PDT,OCI-HSG SWE-RL PARD-2 And MathRL Proof Gates,oci-hsg-cs-001-vscode-02,2026-06-15 06:49:18 PDT,3308774,specdec-pard2-steps1-20260614_oci_hsg_swerl_qwen235b_fullgrpo_pard2_pyoverlay_eager_nolevel_r16,PENDING,Priority,2026-06-15T15:00:00,0:00,16,nemotron_n3_post,128525,1,0,/lustre/fs1/portfolios/coreai/projects/coreai_dlalgo_nemorl/users/sna/swerl_fullgrpo_logs/20260614_oci_hsg_swerl_qwen235b_fullgrpo_pard2_pyoverlay_eager_nolevel_r16/pard2_steps1/latest_235b_scale_gen_job_id.txt,false
2026-06-15 06:49:17 PDT,OCI-HSG SWE-RL PARD-2 And MathRL Proof Gates,oci-hsg-cs-001-vscode-02,2026-06-15 06:49:18 PDT,3315380,online-qwen235b-mathrl-main-baseline-fixed256-step10-N32xG4,PENDING,Priority,2026-06-15T15:00:00,0:00,32,nemotron_n3_post,128472,0,0,,false
2026-06-15 06:49:17 PDT,OCI-HSG SWE-RL PARD-2 And MathRL Proof Gates,oci-hsg-cs-001-vscode-02,2026-06-15 06:49:18 PDT,3315381,online-qwen235b-mathrl-main-pard_k3-fixed256-step10-N32xG4,PENDING,Priority,2026-06-15T15:00:00,0:00,32,nemotron_n3_post,128472,0,0,,false
2026-06-15 06:49:17 PDT,OCI-HSG SWE-RL PARD-2 And MathRL Proof Gates,oci-hsg-cs-001-vscode-02,2026-06-15 06:49:18 PDT,3315382,online-qwen235b-mathrl-main-pard_k5-fixed256-step10-N32xG4,PENDING,Priority,2026-06-15T15:00:00,0:00,32,nemotron_n3_post,128472,0,0,,false
2026-06-15 06:51:56 PDT,Lyris SWE-RL TE-Arch/PARD Proof Gates,login-lyris02.lyris.clusters.nvidia.com,2026-06-15 06:51:56 PDT,2126915,specdec-pard2-steps1-20260615_lyris_swerl_qwen235b_fullgrpo_tearchfix_r28_afterok,PENDING,Dependency,N/A,0:00,16,coreai_dlalgo_llm,77284,1,0,/lustre/fsw/coreai_dlalgo_llm/users/sna/swerl_fullgrpo_logs/20260615_lyris_swerl_qwen235b_fullgrpo_tearchfix_r28_afterok/pard2_steps1/latest_235b_scale_gen_job_id.txt,false
2026-06-15 06:51:56 PDT,Lyris SWE-RL TE-Arch/PARD Proof Gates,login-lyris02.lyris.clusters.nvidia.com,2026-06-15 06:51:56 PDT,2126914,specdec-pard-steps1-20260615_lyris_swerl_qwen235b_fullgrpo_tearchfix_r28_afterok,PENDING,Dependency,N/A,0:00,16,coreai_dlalgo_llm,77284,1,0,/lustre/fsw/coreai_dlalgo_llm/users/sna/swerl_fullgrpo_logs/20260615_lyris_swerl_qwen235b_fullgrpo_tearchfix_r28_afterok/pard_steps1/latest_235b_scale_gen_job_id.txt,false
2026-06-15 06:51:56 PDT,Lyris SWE-RL TE-Arch/PARD Proof Gates,login-lyris02.lyris.clusters.nvidia.com,2026-06-15 06:51:56 PDT,2126895,specdec-baseline-steps1-20260615_lyris_swerl_qwen235b_fullgrpo_tearchfix_r28,RUNNING,None,2026-06-15T06:41:02,10:54,16,coreai_dlalgo_llm,77461,20,19,/lustre/fsw/coreai_dlalgo_llm/users/sna/swerl_fullgrpo_logs/20260615_lyris_swerl_qwen235b_fullgrpo_tearchfix_r28/baseline_steps1/2126895-logs/ray-driver.log,true
2026-06-15 06:51:56 PDT,OCI-HSG SWE-RL PARD-2 And MathRL Proof Gates,oci-hsg-cs-001-vscode-02,2026-06-15 06:51:57 PDT,3308774,specdec-pard2-steps1-20260614_oci_hsg_swerl_qwen235b_fullgrpo_pard2_pyoverlay_eager_nolevel_r16,PENDING,Priority,2026-06-15T15:00:00,0:00,16,nemotron_n3_post,128525,1,0,/lustre/fs1/portfolios/coreai/projects/coreai_dlalgo_nemorl/users/sna/swerl_fullgrpo_logs/20260614_oci_hsg_swerl_qwen235b_fullgrpo_pard2_pyoverlay_eager_nolevel_r16/pard2_steps1/latest_235b_scale_gen_job_id.txt,false
2026-06-15 06:51:56 PDT,OCI-HSG SWE-RL PARD-2 And MathRL Proof Gates,oci-hsg-cs-001-vscode-02,2026-06-15 06:51:57 PDT,3315381,online-qwen235b-mathrl-main-pard_k3-fixed256-step10-N32xG4,PENDING,Priority,2026-06-15T19:10:00,0:00,32,nemotron_n3_post,128472,0,0,,false
2026-06-15 06:51:56 PDT,OCI-HSG SWE-RL PARD-2 And MathRL Proof Gates,oci-hsg-cs-001-vscode-02,2026-06-15 06:51:57 PDT,3315382,online-qwen235b-mathrl-main-pard_k5-fixed256-step10-N32xG4,PENDING,Priority,2026-06-15T19:10:00,0:00,32,nemotron_n3_post,128472,0,0,,false
2026-06-15 06:51:56 PDT,OCI-HSG SWE-RL PARD-2 And MathRL Proof Gates,oci-hsg-cs-001-vscode-02,2026-06-15 06:51:57 PDT,3315380,online-qwen235b-mathrl-main-baseline-fixed256-step10-N32xG4,PENDING,Priority,2026-06-15T19:00:00,0:00,32,nemotron_n3_post,128472,0,0,,false
2026-06-15 06:53:56 PDT,Lyris SWE-RL TE-Arch/PARD Proof Gates,login-lyris02.lyris.clusters.nvidia.com,2026-06-15 06:53:56 PDT,2126915,specdec-pard2-steps1-20260615_lyris_swerl_qwen235b_fullgrpo_tearchfix_r28_afterok,PENDING,Dependency,N/A,0:00,16,coreai_dlalgo_llm,77284,1,0,/lustre/fsw/coreai_dlalgo_llm/users/sna/swerl_fullgrpo_logs/20260615_lyris_swerl_qwen235b_fullgrpo_tearchfix_r28_afterok/pard2_steps1/latest_235b_scale_gen_job_id.txt,false
2026-06-15 06:53:56 PDT,Lyris SWE-RL TE-Arch/PARD Proof Gates,login-lyris02.lyris.clusters.nvidia.com,2026-06-15 06:53:56 PDT,2126914,specdec-pard-steps1-20260615_lyris_swerl_qwen235b_fullgrpo_tearchfix_r28_afterok,PENDING,Dependency,N/A,0:00,16,coreai_dlalgo_llm,77284,1,0,/lustre/fsw/coreai_dlalgo_llm/users/sna/swerl_fullgrpo_logs/20260615_lyris_swerl_qwen235b_fullgrpo_tearchfix_r28_afterok/pard_steps1/latest_235b_scale_gen_job_id.txt,false
2026-06-15 06:53:56 PDT,Lyris SWE-RL TE-Arch/PARD Proof Gates,login-lyris02.lyris.clusters.nvidia.com,2026-06-15 06:53:56 PDT,2126895,specdec-baseline-steps1-20260615_lyris_swerl_qwen235b_fullgrpo_tearchfix_r28,RUNNING,None,2026-06-15T06:41:02,12:54,16,coreai_dlalgo_llm,77461,20,19,/lustre/fsw/coreai_dlalgo_llm/users/sna/swerl_fullgrpo_logs/20260615_lyris_swerl_qwen235b_fullgrpo_tearchfix_r28/baseline_steps1/2126895-logs/ray-driver.log,true
2026-06-15 06:53:56 PDT,OCI-HSG SWE-RL PARD-2 And MathRL Proof Gates,oci-hsg-cs-001-vscode-02,2026-06-15 06:53:57 PDT,3308774,specdec-pard2-steps1-20260614_oci_hsg_swerl_qwen235b_fullgrpo_pard2_pyoverlay_eager_nolevel_r16,PENDING,Priority,2026-06-15T15:00:00,0:00,16,nemotron_n3_post,128525,1,0,/lustre/fs1/portfolios/coreai/projects/coreai_dlalgo_nemorl/users/sna/swerl_fullgrpo_logs/20260614_oci_hsg_swerl_qwen235b_fullgrpo_pard2_pyoverlay_eager_nolevel_r16/pard2_steps1/latest_235b_scale_gen_job_id.txt,false
2026-06-15 06:53:56 PDT,OCI-HSG SWE-RL PARD-2 And MathRL Proof Gates,oci-hsg-cs-001-vscode-02,2026-06-15 06:53:57 PDT,3315381,online-qwen235b-mathrl-main-pard_k3-fixed256-step10-N32xG4,PENDING,Priority,2026-06-15T19:00:00,0:00,32,nemotron_n3_post,128472,0,0,,false
2026-06-15 06:53:56 PDT,OCI-HSG SWE-RL PARD-2 And MathRL Proof Gates,oci-hsg-cs-001-vscode-02,2026-06-15 06:53:57 PDT,3315382,online-qwen235b-mathrl-main-pard_k5-fixed256-step10-N32xG4,PENDING,Priority,2026-06-15T19:00:00,0:00,32,nemotron_n3_post,128472,0,0,,false
2026-06-15 06:53:56 PDT,OCI-HSG SWE-RL PARD-2 And MathRL Proof Gates,oci-hsg-cs-001-vscode-02,2026-06-15 06:53:57 PDT,3315380,online-qwen235b-mathrl-main-baseline-fixed256-step10-N32xG4,PENDING,Priority,2026-06-15T15:00:00,0:00,32,nemotron_n3_post,128472,0,0,,false
2026-06-15 06:55:04 PDT,Lyris SWE-RL TE-Arch/PARD Proof Gates,login-lyris02.lyris.clusters.nvidia.com,2026-06-15 06:55:04 PDT,2126915,specdec-pard2-steps1-20260615_lyris_swerl_qwen235b_fullgrpo_tearchfix_r28_afterok,PENDING,Dependency,N/A,0:00,16,coreai_dlalgo_llm,77284,1,0,/lustre/fsw/coreai_dlalgo_llm/users/sna/swerl_fullgrpo_logs/20260615_lyris_swerl_qwen235b_fullgrpo_tearchfix_r28_afterok/pard2_steps1/latest_235b_scale_gen_job_id.txt,false
2026-06-15 06:55:04 PDT,Lyris SWE-RL TE-Arch/PARD Proof Gates,login-lyris02.lyris.clusters.nvidia.com,2026-06-15 06:55:04 PDT,2126914,specdec-pard-steps1-20260615_lyris_swerl_qwen235b_fullgrpo_tearchfix_r28_afterok,PENDING,Dependency,N/A,0:00,16,coreai_dlalgo_llm,77284,1,0,/lustre/fsw/coreai_dlalgo_llm/users/sna/swerl_fullgrpo_logs/20260615_lyris_swerl_qwen235b_fullgrpo_tearchfix_r28_afterok/pard_steps1/latest_235b_scale_gen_job_id.txt,false
2026-06-15 06:55:04 PDT,Lyris SWE-RL TE-Arch/PARD Proof Gates,login-lyris02.lyris.clusters.nvidia.com,2026-06-15 06:55:04 PDT,2126895,specdec-baseline-steps1-20260615_lyris_swerl_qwen235b_fullgrpo_tearchfix_r28,RUNNING,None,2026-06-15T06:41:02,14:02,16,coreai_dlalgo_llm,77461,20,19,/lustre/fsw/coreai_dlalgo_llm/users/sna/swerl_fullgrpo_logs/20260615_lyris_swerl_qwen235b_fullgrpo_tearchfix_r28/baseline_steps1/2126895-logs/ray-driver.log,true
2026-06-15 06:55:04 PDT,OCI-HSG SWE-RL PARD-2 And MathRL Proof Gates,oci-hsg-cs-001-vscode-02,2026-06-15 06:55:05 PDT,3308774,specdec-pard2-steps1-20260614_oci_hsg_swerl_qwen235b_fullgrpo_pard2_pyoverlay_eager_nolevel_r16,PENDING,Priority,2026-06-15T15:00:00,0:00,16,nemotron_n3_post,128525,1,0,/lustre/fs1/portfolios/coreai/projects/coreai_dlalgo_nemorl/users/sna/swerl_fullgrpo_logs/20260614_oci_hsg_swerl_qwen235b_fullgrpo_pard2_pyoverlay_eager_nolevel_r16/pard2_steps1/latest_235b_scale_gen_job_id.txt,false
2026-06-15 06:55:04 PDT,OCI-HSG SWE-RL PARD-2 And MathRL Proof Gates,oci-hsg-cs-001-vscode-02,2026-06-15 06:55:05 PDT,3315381,online-qwen235b-mathrl-main-pard_k3-fixed256-step10-N32xG4,PENDING,Priority,2026-06-15T19:00:00,0:00,32,nemotron_n3_post,128472,0,0,,false
2026-06-15 06:55:04 PDT,OCI-HSG SWE-RL PARD-2 And MathRL Proof Gates,oci-hsg-cs-001-vscode-02,2026-06-15 06:55:05 PDT,3315382,online-qwen235b-mathrl-main-pard_k5-fixed256-step10-N32xG4,PENDING,Priority,2026-06-15T19:00:00,0:00,32,nemotron_n3_post,128472,0,0,,false
2026-06-15 06:55:04 PDT,OCI-HSG SWE-RL PARD-2 And MathRL Proof Gates,oci-hsg-cs-001-vscode-02,2026-06-15 06:55:05 PDT,3315380,online-qwen235b-mathrl-main-baseline-fixed256-step10-N32xG4,PENDING,Priority,2026-06-15T15:00:00,0:00,32,nemotron_n3_post,128472,0,0,,false
2026-06-15 06:56:08 PDT,Lyris SWE-RL TE-Arch/PARD Proof Gates,login-lyris02.lyris.clusters.nvidia.com,2026-06-15 06:56:09 PDT,2126915,specdec-pard2-steps1-20260615_lyris_swerl_qwen235b_fullgrpo_tearchfix_r28_afterok,PENDING,Dependency,N/A,0:00,16,coreai_dlalgo_llm,77284,1,0,/lustre/fsw/coreai_dlalgo_llm/users/sna/swerl_fullgrpo_logs/20260615_lyris_swerl_qwen235b_fullgrpo_tearchfix_r28_afterok/pard2_steps1/latest_235b_scale_gen_job_id.txt,false
2026-06-15 06:56:08 PDT,Lyris SWE-RL TE-Arch/PARD Proof Gates,login-lyris02.lyris.clusters.nvidia.com,2026-06-15 06:56:09 PDT,2126914,specdec-pard-steps1-20260615_lyris_swerl_qwen235b_fullgrpo_tearchfix_r28_afterok,PENDING,Dependency,N/A,0:00,16,coreai_dlalgo_llm,77284,1,0,/lustre/fsw/coreai_dlalgo_llm/users/sna/swerl_fullgrpo_logs/20260615_lyris_swerl_qwen235b_fullgrpo_tearchfix_r28_afterok/pard_steps1/latest_235b_scale_gen_job_id.txt,false
2026-06-15 06:56:08 PDT,Lyris SWE-RL TE-Arch/PARD Proof Gates,login-lyris02.lyris.clusters.nvidia.com,2026-06-15 06:56:09 PDT,2126895,specdec-baseline-steps1-20260615_lyris_swerl_qwen235b_fullgrpo_tearchfix_r28,RUNNING,None,2026-06-15T06:41:02,15:07,16,coreai_dlalgo_llm,77461,20,19,/lustre/fsw/coreai_dlalgo_llm/users/sna/swerl_fullgrpo_logs/20260615_lyris_swerl_qwen235b_fullgrpo_tearchfix_r28/baseline_steps1/2126895-logs/ray-driver.log,true
2026-06-15 06:56:08 PDT,OCI-HSG SWE-RL PARD-2 And MathRL Proof Gates,oci-hsg-cs-001-vscode-02,2026-06-15 06:56:09 PDT,3308774,specdec-pard2-steps1-20260614_oci_hsg_swerl_qwen235b_fullgrpo_pard2_pyoverlay_eager_nolevel_r16,PENDING,Priority,N/A,0:00,16,nemotron_n3_post,128525,1,0,/lustre/fs1/portfolios/coreai/projects/coreai_dlalgo_nemorl/users/sna/swerl_fullgrpo_logs/20260614_oci_hsg_swerl_qwen235b_fullgrpo_pard2_pyoverlay_eager_nolevel_r16/pard2_steps1/latest_235b_scale_gen_job_id.txt,false
2026-06-15 06:56:08 PDT,OCI-HSG SWE-RL PARD-2 And MathRL Proof Gates,oci-hsg-cs-001-vscode-02,2026-06-15 06:56:09 PDT,3315382,online-qwen235b-mathrl-main-pard_k5-fixed256-step10-N32xG4,PENDING,Priority,N/A,0:00,32,nemotron_n3_post,128472,0,0,,false
2026-06-15 06:56:08 PDT,OCI-HSG SWE-RL PARD-2 And MathRL Proof Gates,oci-hsg-cs-001-vscode-02,2026-06-15 06:56:09 PDT,3315381,online-qwen235b-mathrl-main-pard_k3-fixed256-step10-N32xG4,PENDING,Priority,N/A,0:00,32,nemotron_n3_post,128472,0,0,,false
2026-06-15 06:56:08 PDT,OCI-HSG SWE-RL PARD-2 And MathRL Proof Gates,oci-hsg-cs-001-vscode-02,2026-06-15 06:56:09 PDT,3315380,online-qwen235b-mathrl-main-baseline-fixed256-step10-N32xG4,PENDING,Priority,N/A,0:00,32,nemotron_n3_post,128472,0,0,,false
2026-06-15 06:58:19 PDT,Lyris SWE-RL TE-Arch/PARD Proof Gates,login-lyris02.lyris.clusters.nvidia.com,2026-06-15 06:58:20 PDT,2126915,specdec-pard2-steps1-20260615_lyris_swerl_qwen235b_fullgrpo_tearchfix_r28_afterok,PENDING,Dependency,N/A,0:00,16,coreai_dlalgo_llm,77284,1,0,/lustre/fsw/coreai_dlalgo_llm/users/sna/swerl_fullgrpo_logs/20260615_lyris_swerl_qwen235b_fullgrpo_tearchfix_r28_afterok/pard2_steps1/latest_235b_scale_gen_job_id.txt,false
2026-06-15 06:58:19 PDT,Lyris SWE-RL TE-Arch/PARD Proof Gates,login-lyris02.lyris.clusters.nvidia.com,2026-06-15 06:58:20 PDT,2126914,specdec-pard-steps1-20260615_lyris_swerl_qwen235b_fullgrpo_tearchfix_r28_afterok,PENDING,Dependency,N/A,0:00,16,coreai_dlalgo_llm,77284,1,0,/lustre/fsw/coreai_dlalgo_llm/users/sna/swerl_fullgrpo_logs/20260615_lyris_swerl_qwen235b_fullgrpo_tearchfix_r28_afterok/pard_steps1/latest_235b_scale_gen_job_id.txt,false
2026-06-15 06:58:19 PDT,Lyris SWE-RL TE-Arch/PARD Proof Gates,login-lyris02.lyris.clusters.nvidia.com,2026-06-15 06:58:20 PDT,2126895,specdec-baseline-steps1-20260615_lyris_swerl_qwen235b_fullgrpo_tearchfix_r28,RUNNING,None,2026-06-15T06:41:02,17:18,16,coreai_dlalgo_llm,77461,20,19,/lustre/fsw/coreai_dlalgo_llm/users/sna/swerl_fullgrpo_logs/20260615_lyris_swerl_qwen235b_fullgrpo_tearchfix_r28/baseline_steps1/2126895-logs/ray-driver.log,true
2026-06-15 06:58:19 PDT,OCI-HSG SWE-RL PARD-2 And MathRL Proof Gates,oci-hsg-cs-001-vscode-02,2026-06-15 06:58:20 PDT,3308774,specdec-pard2-steps1-20260614_oci_hsg_swerl_qwen235b_fullgrpo_pard2_pyoverlay_eager_nolevel_r16,PENDING,Priority,N/A,0:00,16,nemotron_n3_post,128525,1,0,/lustre/fs1/portfolios/coreai/projects/coreai_dlalgo_nemorl/users/sna/swerl_fullgrpo_logs/20260614_oci_hsg_swerl_qwen235b_fullgrpo_pard2_pyoverlay_eager_nolevel_r16/pard2_steps1/latest_235b_scale_gen_job_id.txt,false
2026-06-15 06:58:19 PDT,OCI-HSG SWE-RL PARD-2 And MathRL Proof Gates,oci-hsg-cs-001-vscode-02,2026-06-15 06:58:20 PDT,3315382,online-qwen235b-mathrl-main-pard_k5-fixed256-step10-N32xG4,PENDING,Priority,N/A,0:00,32,nemotron_n3_post,128472,0,0,,false
2026-06-15 06:58:19 PDT,OCI-HSG SWE-RL PARD-2 And MathRL Proof Gates,oci-hsg-cs-001-vscode-02,2026-06-15 06:58:20 PDT,3315381,online-qwen235b-mathrl-main-pard_k3-fixed256-step10-N32xG4,PENDING,Priority,N/A,0:00,32,nemotron_n3_post,128472,0,0,,false
2026-06-15 06:58:19 PDT,OCI-HSG SWE-RL PARD-2 And MathRL Proof Gates,oci-hsg-cs-001-vscode-02,2026-06-15 06:58:20 PDT,3315380,online-qwen235b-mathrl-main-baseline-fixed256-step10-N32xG4,PENDING,Priority,N/A,0:00,32,nemotron_n3_post,128472,0,0,,false
2026-06-15 07:00:22 PDT,Lyris SWE-RL TE-Arch/PARD Proof Gates,login-lyris02.lyris.clusters.nvidia.com,2026-06-15 07:00:22 PDT,2126915,specdec-pard2-steps1-20260615_lyris_swerl_qwen235b_fullgrpo_tearchfix_r28_afterok,PENDING,Dependency,N/A,0:00,16,coreai_dlalgo_llm,77284,1,0,/lustre/fsw/coreai_dlalgo_llm/users/sna/swerl_fullgrpo_logs/20260615_lyris_swerl_qwen235b_fullgrpo_tearchfix_r28_afterok/pard2_steps1/latest_235b_scale_gen_job_id.txt,false
2026-06-15 07:00:22 PDT,Lyris SWE-RL TE-Arch/PARD Proof Gates,login-lyris02.lyris.clusters.nvidia.com,2026-06-15 07:00:22 PDT,2126914,specdec-pard-steps1-20260615_lyris_swerl_qwen235b_fullgrpo_tearchfix_r28_afterok,PENDING,Dependency,N/A,0:00,16,coreai_dlalgo_llm,77284,1,0,/lustre/fsw/coreai_dlalgo_llm/users/sna/swerl_fullgrpo_logs/20260615_lyris_swerl_qwen235b_fullgrpo_tearchfix_r28_afterok/pard_steps1/latest_235b_scale_gen_job_id.txt,false
2026-06-15 07:00:22 PDT,Lyris SWE-RL TE-Arch/PARD Proof Gates,login-lyris02.lyris.clusters.nvidia.com,2026-06-15 07:00:22 PDT,2126895,specdec-baseline-steps1-20260615_lyris_swerl_qwen235b_fullgrpo_tearchfix_r28,RUNNING,None,2026-06-15T06:41:02,19:20,16,coreai_dlalgo_llm,77461,20,19,/lustre/fsw/coreai_dlalgo_llm/users/sna/swerl_fullgrpo_logs/20260615_lyris_swerl_qwen235b_fullgrpo_tearchfix_r28/baseline_steps1/2126895-logs/ray-driver.log,true
2026-06-15 07:00:22 PDT,OCI-HSG SWE-RL PARD-2 And MathRL Proof Gates,oci-hsg-cs-001-vscode-02,2026-06-15 07:00:23 PDT,3308774,specdec-pard2-steps1-20260614_oci_hsg_swerl_qwen235b_fullgrpo_pard2_pyoverlay_eager_nolevel_r16,PENDING,Priority,2026-06-15T15:00:00,0:00,16,nemotron_n3_post,128525,1,0,/lustre/fs1/portfolios/coreai/projects/coreai_dlalgo_nemorl/users/sna/swerl_fullgrpo_logs/20260614_oci_hsg_swerl_qwen235b_fullgrpo_pard2_pyoverlay_eager_nolevel_r16/pard2_steps1/latest_235b_scale_gen_job_id.txt,false
2026-06-15 07:00:22 PDT,OCI-HSG SWE-RL PARD-2 And MathRL Proof Gates,oci-hsg-cs-001-vscode-02,2026-06-15 07:00:23 PDT,3315381,online-qwen235b-mathrl-main-pard_k3-fixed256-step10-N32xG4,PENDING,Priority,2026-06-15T16:50:00,0:00,32,nemotron_n3_post,128472,0,0,,false
2026-06-15 07:00:22 PDT,OCI-HSG SWE-RL PARD-2 And MathRL Proof Gates,oci-hsg-cs-001-vscode-02,2026-06-15 07:00:23 PDT,3315382,online-qwen235b-mathrl-main-pard_k5-fixed256-step10-N32xG4,PENDING,Priority,2026-06-15T16:50:00,0:00,32,nemotron_n3_post,128472,0,0,,false
2026-06-15 07:00:22 PDT,OCI-HSG SWE-RL PARD-2 And MathRL Proof Gates,oci-hsg-cs-001-vscode-02,2026-06-15 07:00:23 PDT,3315380,online-qwen235b-mathrl-main-baseline-fixed256-step10-N32xG4,PENDING,Priority,2026-06-15T15:10:00,0:00,32,nemotron_n3_post,128472,0,0,,false
2026-06-15 07:01:16 PDT,Lyris SWE-RL TE-Arch/PARD Proof Gates,login-lyris02.lyris.clusters.nvidia.com,2026-06-15 07:01:16 PDT,2126915,specdec-pard2-steps1-20260615_lyris_swerl_qwen235b_fullgrpo_tearchfix_r28_afterok,PENDING,Dependency,N/A,0:00,16,coreai_dlalgo_llm,77284,1,0,/lustre/fsw/coreai_dlalgo_llm/users/sna/swerl_fullgrpo_logs/20260615_lyris_swerl_qwen235b_fullgrpo_tearchfix_r28_afterok/pard2_steps1/latest_235b_scale_gen_job_id.txt,false
2026-06-15 07:01:16 PDT,Lyris SWE-RL TE-Arch/PARD Proof Gates,login-lyris02.lyris.clusters.nvidia.com,2026-06-15 07:01:16 PDT,2126914,specdec-pard-steps1-20260615_lyris_swerl_qwen235b_fullgrpo_tearchfix_r28_afterok,PENDING,Dependency,N/A,0:00,16,coreai_dlalgo_llm,77284,1,0,/lustre/fsw/coreai_dlalgo_llm/users/sna/swerl_fullgrpo_logs/20260615_lyris_swerl_qwen235b_fullgrpo_tearchfix_r28_afterok/pard_steps1/latest_235b_scale_gen_job_id.txt,false
2026-06-15 07:01:16 PDT,Lyris SWE-RL TE-Arch/PARD Proof Gates,login-lyris02.lyris.clusters.nvidia.com,2026-06-15 07:01:16 PDT,2126895,specdec-baseline-steps1-20260615_lyris_swerl_qwen235b_fullgrpo_tearchfix_r28,RUNNING,None,2026-06-15T06:41:02,20:14,16,coreai_dlalgo_llm,77461,20,19,/lustre/fsw/coreai_dlalgo_llm/users/sna/swerl_fullgrpo_logs/20260615_lyris_swerl_qwen235b_fullgrpo_tearchfix_r28/baseline_steps1/2126895-logs/ray-driver.log,true
2026-06-15 07:01:16 PDT,OCI-HSG SWE-RL PARD-2 And MathRL Proof Gates,oci-hsg-cs-001-vscode-02,2026-06-15 07:01:17 PDT,3308774,specdec-pard2-steps1-20260614_oci_hsg_swerl_qwen235b_fullgrpo_pard2_pyoverlay_eager_nolevel_r16,PENDING,Priority,N/A,0:00,16,nemotron_n3_post,131049,1,0,/lustre/fs1/portfolios/coreai/projects/coreai_dlalgo_nemorl/users/sna/swerl_fullgrpo_logs/20260614_oci_hsg_swerl_qwen235b_fullgrpo_pard2_pyoverlay_eager_nolevel_r16/pard2_steps1/latest_235b_scale_gen_job_id.txt,false
2026-06-15 07:01:16 PDT,OCI-HSG SWE-RL PARD-2 And MathRL Proof Gates,oci-hsg-cs-001-vscode-02,2026-06-15 07:01:17 PDT,3315382,online-qwen235b-mathrl-main-pard_k5-fixed256-step10-N32xG4,PENDING,Priority,N/A,0:00,32,nemotron_n3_post,130996,0,0,,false
2026-06-15 07:01:16 PDT,OCI-HSG SWE-RL PARD-2 And MathRL Proof Gates,oci-hsg-cs-001-vscode-02,2026-06-15 07:01:17 PDT,3315381,online-qwen235b-mathrl-main-pard_k3-fixed256-step10-N32xG4,PENDING,Priority,N/A,0:00,32,nemotron_n3_post,130996,0,0,,false
2026-06-15 07:01:16 PDT,OCI-HSG SWE-RL PARD-2 And MathRL Proof Gates,oci-hsg-cs-001-vscode-02,2026-06-15 07:01:17 PDT,3315380,online-qwen235b-mathrl-main-baseline-fixed256-step10-N32xG4,PENDING,Priority,N/A,0:00,32,nemotron_n3_post,130996,0,0,,false
2026-06-15 07:02:20 PDT,Lyris SWE-RL TE-Arch/PARD Proof Gates,login-lyris02.lyris.clusters.nvidia.com,2026-06-15 07:02:21 PDT,2126915,specdec-pard2-steps1-20260615_lyris_swerl_qwen235b_fullgrpo_tearchfix_r28_afterok,PENDING,Dependency,N/A,0:00,16,coreai_dlalgo_llm,77284,1,0,/lustre/fsw/coreai_dlalgo_llm/users/sna/swerl_fullgrpo_logs/20260615_lyris_swerl_qwen235b_fullgrpo_tearchfix_r28_afterok/pard2_steps1/latest_235b_scale_gen_job_id.txt,false
2026-06-15 07:02:20 PDT,Lyris SWE-RL TE-Arch/PARD Proof Gates,login-lyris02.lyris.clusters.nvidia.com,2026-06-15 07:02:21 PDT,2126914,specdec-pard-steps1-20260615_lyris_swerl_qwen235b_fullgrpo_tearchfix_r28_afterok,PENDING,Dependency,N/A,0:00,16,coreai_dlalgo_llm,77284,1,0,/lustre/fsw/coreai_dlalgo_llm/users/sna/swerl_fullgrpo_logs/20260615_lyris_swerl_qwen235b_fullgrpo_tearchfix_r28_afterok/pard_steps1/latest_235b_scale_gen_job_id.txt,false
2026-06-15 07:02:20 PDT,Lyris SWE-RL TE-Arch/PARD Proof Gates,login-lyris02.lyris.clusters.nvidia.com,2026-06-15 07:02:21 PDT,2126895,specdec-baseline-steps1-20260615_lyris_swerl_qwen235b_fullgrpo_tearchfix_r28,RUNNING,None,2026-06-15T06:41:02,21:19,16,coreai_dlalgo_llm,77461,20,19,/lustre/fsw/coreai_dlalgo_llm/users/sna/swerl_fullgrpo_logs/20260615_lyris_swerl_qwen235b_fullgrpo_tearchfix_r28/baseline_steps1/2126895-logs/ray-driver.log,true
2026-06-15 07:02:20 PDT,OCI-HSG SWE-RL PARD-2 And MathRL Proof Gates,oci-hsg-cs-001-vscode-02,2026-06-15 07:02:21 PDT,3308774,specdec-pard2-steps1-20260614_oci_hsg_swerl_qwen235b_fullgrpo_pard2_pyoverlay_eager_nolevel_r16,PENDING,Priority,2026-06-15T13:30:00,0:00,16,nemotron_n3_post,128525,1,0,/lustre/fs1/portfolios/coreai/projects/coreai_dlalgo_nemorl/users/sna/swerl_fullgrpo_logs/20260614_oci_hsg_swerl_qwen235b_fullgrpo_pard2_pyoverlay_eager_nolevel_r16/pard2_steps1/latest_235b_scale_gen_job_id.txt,false
2026-06-15 07:02:20 PDT,OCI-HSG SWE-RL PARD-2 And MathRL Proof Gates,oci-hsg-cs-001-vscode-02,2026-06-15 07:02:21 PDT,3315382,online-qwen235b-mathrl-main-pard_k5-fixed256-step10-N32xG4,PENDING,Priority,2026-06-15T17:00:00,0:00,32,nemotron_n3_post,128472,0,0,,false
2026-06-15 07:02:20 PDT,OCI-HSG SWE-RL PARD-2 And MathRL Proof Gates,oci-hsg-cs-001-vscode-02,2026-06-15 07:02:21 PDT,3315381,online-qwen235b-mathrl-main-pard_k3-fixed256-step10-N32xG4,PENDING,Priority,2026-06-15T15:00:00,0:00,32,nemotron_n3_post,128472,0,0,,false
2026-06-15 07:02:20 PDT,OCI-HSG SWE-RL PARD-2 And MathRL Proof Gates,oci-hsg-cs-001-vscode-02,2026-06-15 07:02:21 PDT,3315380,online-qwen235b-mathrl-main-baseline-fixed256-step10-N32xG4,PENDING,Priority,2026-06-15T14:30:00,0:00,32,nemotron_n3_post,128472,0,0,,false
2026-06-15 07:03:28 PDT,Lyris SWE-RL TE-Arch/PARD Proof Gates,login-lyris02.lyris.clusters.nvidia.com,2026-06-15 07:03:29 PDT,2126915,specdec-pard2-steps1-20260615_lyris_swerl_qwen235b_fullgrpo_tearchfix_r28_afterok,PENDING,Dependency,N/A,0:00,16,coreai_dlalgo_llm,77284,1,0,/lustre/fsw/coreai_dlalgo_llm/users/sna/swerl_fullgrpo_logs/20260615_lyris_swerl_qwen235b_fullgrpo_tearchfix_r28_afterok/pard2_steps1/latest_235b_scale_gen_job_id.txt,false
2026-06-15 07:03:28 PDT,Lyris SWE-RL TE-Arch/PARD Proof Gates,login-lyris02.lyris.clusters.nvidia.com,2026-06-15 07:03:29 PDT,2126914,specdec-pard-steps1-20260615_lyris_swerl_qwen235b_fullgrpo_tearchfix_r28_afterok,PENDING,Dependency,N/A,0:00,16,coreai_dlalgo_llm,77284,1,0,/lustre/fsw/coreai_dlalgo_llm/users/sna/swerl_fullgrpo_logs/20260615_lyris_swerl_qwen235b_fullgrpo_tearchfix_r28_afterok/pard_steps1/latest_235b_scale_gen_job_id.txt,false
2026-06-15 07:03:28 PDT,Lyris SWE-RL TE-Arch/PARD Proof Gates,login-lyris02.lyris.clusters.nvidia.com,2026-06-15 07:03:29 PDT,2126895,specdec-baseline-steps1-20260615_lyris_swerl_qwen235b_fullgrpo_tearchfix_r28,RUNNING,None,2026-06-15T06:41:02,22:27,16,coreai_dlalgo_llm,77461,20,19,/lustre/fsw/coreai_dlalgo_llm/users/sna/swerl_fullgrpo_logs/20260615_lyris_swerl_qwen235b_fullgrpo_tearchfix_r28/baseline_steps1/2126895-logs/ray-driver.log,true
2026-06-15 07:03:28 PDT,OCI-HSG SWE-RL PARD-2 And MathRL Proof Gates,oci-hsg-cs-001-vscode-02,2026-06-15 07:03:31 PDT,3308774,specdec-pard2-steps1-20260614_oci_hsg_swerl_qwen235b_fullgrpo_pard2_pyoverlay_eager_nolevel_r16,PENDING,Priority,2026-06-15T13:30:00,0:00,16,nemotron_n3_post,128525,1,0,/lustre/fs1/portfolios/coreai/projects/coreai_dlalgo_nemorl/users/sna/swerl_fullgrpo_logs/20260614_oci_hsg_swerl_qwen235b_fullgrpo_pard2_pyoverlay_eager_nolevel_r16/pard2_steps1/latest_235b_scale_gen_job_id.txt,false
2026-06-15 07:03:28 PDT,OCI-HSG SWE-RL PARD-2 And MathRL Proof Gates,oci-hsg-cs-001-vscode-02,2026-06-15 07:03:31 PDT,3315382,online-qwen235b-mathrl-main-pard_k5-fixed256-step10-N32xG4,PENDING,Priority,2026-06-15T17:00:00,0:00,32,nemotron_n3_post,128472,0,0,,false
2026-06-15 07:03:28 PDT,OCI-HSG SWE-RL PARD-2 And MathRL Proof Gates,oci-hsg-cs-001-vscode-02,2026-06-15 07:03:31 PDT,3315381,online-qwen235b-mathrl-main-pard_k3-fixed256-step10-N32xG4,PENDING,Priority,2026-06-15T15:00:00,0:00,32,nemotron_n3_post,128472,0,0,,false
2026-06-15 07:03:28 PDT,OCI-HSG SWE-RL PARD-2 And MathRL Proof Gates,oci-hsg-cs-001-vscode-02,2026-06-15 07:03:31 PDT,3315380,online-qwen235b-mathrl-main-baseline-fixed256-step10-N32xG4,PENDING,Priority,2026-06-15T14:30:00,0:00,32,nemotron_n3_post,128472,0,0,,false
2026-06-15 07:04:34 PDT,Lyris SWE-RL TE-Arch/PARD Proof Gates,login-lyris02.lyris.clusters.nvidia.com,2026-06-15 07:04:35 PDT,2126915,specdec-pard2-steps1-20260615_lyris_swerl_qwen235b_fullgrpo_tearchfix_r28_afterok,PENDING,Dependency,N/A,0:00,16,coreai_dlalgo_llm,77284,1,0,/lustre/fsw/coreai_dlalgo_llm/users/sna/swerl_fullgrpo_logs/20260615_lyris_swerl_qwen235b_fullgrpo_tearchfix_r28_afterok/pard2_steps1/latest_235b_scale_gen_job_id.txt,false
2026-06-15 07:04:34 PDT,Lyris SWE-RL TE-Arch/PARD Proof Gates,login-lyris02.lyris.clusters.nvidia.com,2026-06-15 07:04:35 PDT,2126914,specdec-pard-steps1-20260615_lyris_swerl_qwen235b_fullgrpo_tearchfix_r28_afterok,PENDING,Dependency,N/A,0:00,16,coreai_dlalgo_llm,77284,1,0,/lustre/fsw/coreai_dlalgo_llm/users/sna/swerl_fullgrpo_logs/20260615_lyris_swerl_qwen235b_fullgrpo_tearchfix_r28_afterok/pard_steps1/latest_235b_scale_gen_job_id.txt,false
2026-06-15 07:04:34 PDT,Lyris SWE-RL TE-Arch/PARD Proof Gates,login-lyris02.lyris.clusters.nvidia.com,2026-06-15 07:04:35 PDT,2126895,specdec-baseline-steps1-20260615_lyris_swerl_qwen235b_fullgrpo_tearchfix_r28,RUNNING,None,2026-06-15T06:41:02,23:33,16,coreai_dlalgo_llm,77461,20,19,/lustre/fsw/coreai_dlalgo_llm/users/sna/swerl_fullgrpo_logs/20260615_lyris_swerl_qwen235b_fullgrpo_tearchfix_r28/baseline_steps1/2126895-logs/ray-driver.log,true
2026-06-15 07:04:34 PDT,OCI-HSG SWE-RL PARD-2 And MathRL Proof Gates,oci-hsg-cs-001-vscode-02,2026-06-15 07:04:36 PDT,3308774,specdec-pard2-steps1-20260614_oci_hsg_swerl_qwen235b_fullgrpo_pard2_pyoverlay_eager_nolevel_r16,PENDING,Priority,N/A,0:00,16,nemotron_n3_post,128525,1,0,/lustre/fs1/portfolios/coreai/projects/coreai_dlalgo_nemorl/users/sna/swerl_fullgrpo_logs/20260614_oci_hsg_swerl_qwen235b_fullgrpo_pard2_pyoverlay_eager_nolevel_r16/pard2_steps1/latest_235b_scale_gen_job_id.txt,false
2026-06-15 07:04:34 PDT,OCI-HSG SWE-RL PARD-2 And MathRL Proof Gates,oci-hsg-cs-001-vscode-02,2026-06-15 07:04:36 PDT,3315382,online-qwen235b-mathrl-main-pard_k5-fixed256-step10-N32xG4,PENDING,Priority,N/A,0:00,32,nemotron_n3_post,128472,0,0,,false
2026-06-15 07:04:34 PDT,OCI-HSG SWE-RL PARD-2 And MathRL Proof Gates,oci-hsg-cs-001-vscode-02,2026-06-15 07:04:36 PDT,3315381,online-qwen235b-mathrl-main-pard_k3-fixed256-step10-N32xG4,PENDING,Priority,N/A,0:00,32,nemotron_n3_post,128472,0,0,,false
2026-06-15 07:04:34 PDT,OCI-HSG SWE-RL PARD-2 And MathRL Proof Gates,oci-hsg-cs-001-vscode-02,2026-06-15 07:04:36 PDT,3315380,online-qwen235b-mathrl-main-baseline-fixed256-step10-N32xG4,PENDING,Priority,N/A,0:00,32,nemotron_n3_post,128472,0,0,,false
2026-06-15 07:05:41 PDT,Lyris SWE-RL TE-Arch/PARD Proof Gates,login-lyris02.lyris.clusters.nvidia.com,2026-06-15 07:05:42 PDT,2126915,specdec-pard2-steps1-20260615_lyris_swerl_qwen235b_fullgrpo_tearchfix_r28_afterok,PENDING,Dependency,N/A,0:00,16,coreai_dlalgo_llm,77284,1,0,/lustre/fsw/coreai_dlalgo_llm/users/sna/swerl_fullgrpo_logs/20260615_lyris_swerl_qwen235b_fullgrpo_tearchfix_r28_afterok/pard2_steps1/latest_235b_scale_gen_job_id.txt,false
2026-06-15 07:05:41 PDT,Lyris SWE-RL TE-Arch/PARD Proof Gates,login-lyris02.lyris.clusters.nvidia.com,2026-06-15 07:05:42 PDT,2126914,specdec-pard-steps1-20260615_lyris_swerl_qwen235b_fullgrpo_tearchfix_r28_afterok,PENDING,Dependency,N/A,0:00,16,coreai_dlalgo_llm,77284,1,0,/lustre/fsw/coreai_dlalgo_llm/users/sna/swerl_fullgrpo_logs/20260615_lyris_swerl_qwen235b_fullgrpo_tearchfix_r28_afterok/pard_steps1/latest_235b_scale_gen_job_id.txt,false
2026-06-15 07:05:41 PDT,Lyris SWE-RL TE-Arch/PARD Proof Gates,login-lyris02.lyris.clusters.nvidia.com,2026-06-15 07:05:42 PDT,2126895,specdec-baseline-steps1-20260615_lyris_swerl_qwen235b_fullgrpo_tearchfix_r28,RUNNING,None,2026-06-15T06:41:02,24:40,16,coreai_dlalgo_llm,77461,20,19,/lustre/fsw/coreai_dlalgo_llm/users/sna/swerl_fullgrpo_logs/20260615_lyris_swerl_qwen235b_fullgrpo_tearchfix_r28/baseline_steps1/2126895-logs/ray-driver.log,true
2026-06-15 07:05:41 PDT,OCI-HSG SWE-RL PARD-2 And MathRL Proof Gates,oci-hsg-cs-001-vscode-02,2026-06-15 07:05:42 PDT,3308774,specdec-pard2-steps1-20260614_oci_hsg_swerl_qwen235b_fullgrpo_pard2_pyoverlay_eager_nolevel_r16,PENDING,Priority,2026-06-15T15:00:00,0:00,16,nemotron_n3_post,128525,1,0,/lustre/fs1/portfolios/coreai/projects/coreai_dlalgo_nemorl/users/sna/swerl_fullgrpo_logs/20260614_oci_hsg_swerl_qwen235b_fullgrpo_pard2_pyoverlay_eager_nolevel_r16/pard2_steps1/latest_235b_scale_gen_job_id.txt,false
2026-06-15 07:05:41 PDT,OCI-HSG SWE-RL PARD-2 And MathRL Proof Gates,oci-hsg-cs-001-vscode-02,2026-06-15 07:05:42 PDT,3315381,online-qwen235b-mathrl-main-pard_k3-fixed256-step10-N32xG4,PENDING,Priority,2026-06-15T16:40:00,0:00,32,nemotron_n3_post,128472,0,0,,false
2026-06-15 07:05:41 PDT,OCI-HSG SWE-RL PARD-2 And MathRL Proof Gates,oci-hsg-cs-001-vscode-02,2026-06-15 07:05:42 PDT,3315382,online-qwen235b-mathrl-main-pard_k5-fixed256-step10-N32xG4,PENDING,Priority,2026-06-15T16:40:00,0:00,32,nemotron_n3_post,128472,0,0,,false
2026-06-15 07:05:41 PDT,OCI-HSG SWE-RL PARD-2 And MathRL Proof Gates,oci-hsg-cs-001-vscode-02,2026-06-15 07:05:42 PDT,3315380,online-qwen235b-mathrl-main-baseline-fixed256-step10-N32xG4,PENDING,Priority,2026-06-15T15:00:00,0:00,32,nemotron_n3_post,128472,0,0,,false
2026-06-15 07:08:15 PDT,Lyris SWE-RL TE-Arch/PARD Proof Gates,login-lyris02.lyris.clusters.nvidia.com,2026-06-15 07:08:15 PDT,2126915,specdec-pard2-steps1-20260615_lyris_swerl_qwen235b_fullgrpo_tearchfix_r28_afterok,PENDING,Dependency,N/A,0:00,16,coreai_dlalgo_llm,77284,1,0,/lustre/fsw/coreai_dlalgo_llm/users/sna/swerl_fullgrpo_logs/20260615_lyris_swerl_qwen235b_fullgrpo_tearchfix_r28_afterok/pard2_steps1/latest_235b_scale_gen_job_id.txt,false
2026-06-15 07:08:15 PDT,Lyris SWE-RL TE-Arch/PARD Proof Gates,login-lyris02.lyris.clusters.nvidia.com,2026-06-15 07:08:15 PDT,2126914,specdec-pard-steps1-20260615_lyris_swerl_qwen235b_fullgrpo_tearchfix_r28_afterok,PENDING,Dependency,N/A,0:00,16,coreai_dlalgo_llm,77284,1,0,/lustre/fsw/coreai_dlalgo_llm/users/sna/swerl_fullgrpo_logs/20260615_lyris_swerl_qwen235b_fullgrpo_tearchfix_r28_afterok/pard_steps1/latest_235b_scale_gen_job_id.txt,false
2026-06-15 07:08:15 PDT,Lyris SWE-RL TE-Arch/PARD Proof Gates,login-lyris02.lyris.clusters.nvidia.com,2026-06-15 07:08:15 PDT,2126895,specdec-baseline-steps1-20260615_lyris_swerl_qwen235b_fullgrpo_tearchfix_r28,RUNNING,None,2026-06-15T06:41:02,27:13,16,coreai_dlalgo_llm,77461,20,19,/lustre/fsw/coreai_dlalgo_llm/users/sna/swerl_fullgrpo_logs/20260615_lyris_swerl_qwen235b_fullgrpo_tearchfix_r28/baseline_steps1/2126895-logs/ray-driver.log,true
2026-06-15 07:08:15 PDT,OCI-HSG SWE-RL PARD-2 And MathRL Proof Gates,oci-hsg-cs-001-vscode-02,2026-06-15 07:08:16 PDT,3308774,specdec-pard2-steps1-20260614_oci_hsg_swerl_qwen235b_fullgrpo_pard2_pyoverlay_eager_nolevel_r16,PENDING,Priority,N/A,0:00,16,nemotron_n3_post,131049,1,0,/lustre/fs1/portfolios/coreai/projects/coreai_dlalgo_nemorl/users/sna/swerl_fullgrpo_logs/20260614_oci_hsg_swerl_qwen235b_fullgrpo_pard2_pyoverlay_eager_nolevel_r16/pard2_steps1/latest_235b_scale_gen_job_id.txt,false
2026-06-15 07:08:15 PDT,OCI-HSG SWE-RL PARD-2 And MathRL Proof Gates,oci-hsg-cs-001-vscode-02,2026-06-15 07:08:16 PDT,3315382,online-qwen235b-mathrl-main-pard_k5-fixed256-step10-N32xG4,PENDING,Priority,N/A,0:00,32,nemotron_n3_post,130997,0,0,,false
2026-06-15 07:08:15 PDT,OCI-HSG SWE-RL PARD-2 And MathRL Proof Gates,oci-hsg-cs-001-vscode-02,2026-06-15 07:08:16 PDT,3315381,online-qwen235b-mathrl-main-pard_k3-fixed256-step10-N32xG4,PENDING,Priority,N/A,0:00,32,nemotron_n3_post,130997,0,0,,false
2026-06-15 07:08:15 PDT,OCI-HSG SWE-RL PARD-2 And MathRL Proof Gates,oci-hsg-cs-001-vscode-02,2026-06-15 07:08:16 PDT,3315380,online-qwen235b-mathrl-main-baseline-fixed256-step10-N32xG4,PENDING,Priority,N/A,0:00,32,nemotron_n3_post,130997,0,0,,false
2026-06-15 07:08:56 PDT,Lyris SWE-RL TE-Arch/PARD Proof Gates,login-lyris02.lyris.clusters.nvidia.com,2026-06-15 07:08:56 PDT,2126915,specdec-pard2-steps1-20260615_lyris_swerl_qwen235b_fullgrpo_tearchfix_r28_afterok,PENDING,Dependency,N/A,0:00,16,coreai_dlalgo_llm,77284,1,0,/lustre/fsw/coreai_dlalgo_llm/users/sna/swerl_fullgrpo_logs/20260615_lyris_swerl_qwen235b_fullgrpo_tearchfix_r28_afterok/pard2_steps1/latest_235b_scale_gen_job_id.txt,false
2026-06-15 07:08:56 PDT,Lyris SWE-RL TE-Arch/PARD Proof Gates,login-lyris02.lyris.clusters.nvidia.com,2026-06-15 07:08:56 PDT,2126914,specdec-pard-steps1-20260615_lyris_swerl_qwen235b_fullgrpo_tearchfix_r28_afterok,PENDING,Dependency,N/A,0:00,16,coreai_dlalgo_llm,77284,1,0,/lustre/fsw/coreai_dlalgo_llm/users/sna/swerl_fullgrpo_logs/20260615_lyris_swerl_qwen235b_fullgrpo_tearchfix_r28_afterok/pard_steps1/latest_235b_scale_gen_job_id.txt,false
2026-06-15 07:08:56 PDT,Lyris SWE-RL TE-Arch/PARD Proof Gates,login-lyris02.lyris.clusters.nvidia.com,2026-06-15 07:08:56 PDT,2126895,specdec-baseline-steps1-20260615_lyris_swerl_qwen235b_fullgrpo_tearchfix_r28,RUNNING,None,2026-06-15T06:41:02,27:55,16,coreai_dlalgo_llm,77461,20,19,/lustre/fsw/coreai_dlalgo_llm/users/sna/swerl_fullgrpo_logs/20260615_lyris_swerl_qwen235b_fullgrpo_tearchfix_r28/baseline_steps1/2126895-logs/ray-driver.log,true
2026-06-15 07:08:56 PDT,OCI-HSG SWE-RL PARD-2 And MathRL Proof Gates,oci-hsg-cs-001-vscode-02,2026-06-15 07:08:58 PDT,3308774,specdec-pard2-steps1-20260614_oci_hsg_swerl_qwen235b_fullgrpo_pard2_pyoverlay_eager_nolevel_r16,PENDING,Priority,2026-06-15T14:30:00,0:00,16,nemotron_n3_post,131049,1,0,/lustre/fs1/portfolios/coreai/projects/coreai_dlalgo_nemorl/users/sna/swerl_fullgrpo_logs/20260614_oci_hsg_swerl_qwen235b_fullgrpo_pard2_pyoverlay_eager_nolevel_r16/pard2_steps1/latest_235b_scale_gen_job_id.txt,false
2026-06-15 07:08:56 PDT,OCI-HSG SWE-RL PARD-2 And MathRL Proof Gates,oci-hsg-cs-001-vscode-02,2026-06-15 07:08:58 PDT,3315382,online-qwen235b-mathrl-main-pard_k5-fixed256-step10-N32xG4,PENDING,Priority,2026-06-15T17:00:00,0:00,32,nemotron_n3_post,130997,0,0,,false
2026-06-15 07:08:56 PDT,OCI-HSG SWE-RL PARD-2 And MathRL Proof Gates,oci-hsg-cs-001-vscode-02,2026-06-15 07:08:58 PDT,3315381,online-qwen235b-mathrl-main-pard_k3-fixed256-step10-N32xG4,PENDING,Priority,2026-06-15T15:20:00,0:00,32,nemotron_n3_post,130997,0,0,,false
2026-06-15 07:08:56 PDT,OCI-HSG SWE-RL PARD-2 And MathRL Proof Gates,oci-hsg-cs-001-vscode-02,2026-06-15 07:08:58 PDT,3315380,online-qwen235b-mathrl-main-baseline-fixed256-step10-N32xG4,PENDING,Priority,2026-06-15T14:30:00,0:00,32,nemotron_n3_post,130997,0,0,,false
2026-06-15 07:10:04 PDT,Lyris SWE-RL TE-Arch/PARD Proof Gates,login-lyris02.lyris.clusters.nvidia.com,2026-06-15 07:10:04 PDT,2126915,specdec-pard2-steps1-20260615_lyris_swerl_qwen235b_fullgrpo_tearchfix_r28_afterok,PENDING,Dependency,N/A,0:00,16,coreai_dlalgo_llm,77284,1,0,/lustre/fsw/coreai_dlalgo_llm/users/sna/swerl_fullgrpo_logs/20260615_lyris_swerl_qwen235b_fullgrpo_tearchfix_r28_afterok/pard2_steps1/latest_235b_scale_gen_job_id.txt,false
2026-06-15 07:10:04 PDT,Lyris SWE-RL TE-Arch/PARD Proof Gates,login-lyris02.lyris.clusters.nvidia.com,2026-06-15 07:10:04 PDT,2126914,specdec-pard-steps1-20260615_lyris_swerl_qwen235b_fullgrpo_tearchfix_r28_afterok,PENDING,Dependency,N/A,0:00,16,coreai_dlalgo_llm,77284,1,0,/lustre/fsw/coreai_dlalgo_llm/users/sna/swerl_fullgrpo_logs/20260615_lyris_swerl_qwen235b_fullgrpo_tearchfix_r28_afterok/pard_steps1/latest_235b_scale_gen_job_id.txt,false
2026-06-15 07:10:04 PDT,Lyris SWE-RL TE-Arch/PARD Proof Gates,login-lyris02.lyris.clusters.nvidia.com,2026-06-15 07:10:04 PDT,2126895,specdec-baseline-steps1-20260615_lyris_swerl_qwen235b_fullgrpo_tearchfix_r28,RUNNING,None,2026-06-15T06:41:02,29:02,16,coreai_dlalgo_llm,77461,20,19,/lustre/fsw/coreai_dlalgo_llm/users/sna/swerl_fullgrpo_logs/20260615_lyris_swerl_qwen235b_fullgrpo_tearchfix_r28/baseline_steps1/2126895-logs/ray-driver.log,true
2026-06-15 07:10:04 PDT,OCI-HSG SWE-RL PARD-2 And MathRL Proof Gates,oci-hsg-cs-001-vscode-02,2026-06-15 07:10:05 PDT,3308774,specdec-pard2-steps1-20260614_oci_hsg_swerl_qwen235b_fullgrpo_pard2_pyoverlay_eager_nolevel_r16,PENDING,Priority,2026-06-15T14:30:00,0:00,16,nemotron_n3_post,131049,1,0,/lustre/fs1/portfolios/coreai/projects/coreai_dlalgo_nemorl/users/sna/swerl_fullgrpo_logs/20260614_oci_hsg_swerl_qwen235b_fullgrpo_pard2_pyoverlay_eager_nolevel_r16/pard2_steps1/latest_235b_scale_gen_job_id.txt,false
2026-06-15 07:10:04 PDT,OCI-HSG SWE-RL PARD-2 And MathRL Proof Gates,oci-hsg-cs-001-vscode-02,2026-06-15 07:10:05 PDT,3315382,online-qwen235b-mathrl-main-pard_k5-fixed256-step10-N32xG4,PENDING,Priority,2026-06-15T17:00:00,0:00,32,nemotron_n3_post,130997,0,0,,false
2026-06-15 07:10:04 PDT,OCI-HSG SWE-RL PARD-2 And MathRL Proof Gates,oci-hsg-cs-001-vscode-02,2026-06-15 07:10:05 PDT,3315381,online-qwen235b-mathrl-main-pard_k3-fixed256-step10-N32xG4,PENDING,Priority,2026-06-15T15:20:00,0:00,32,nemotron_n3_post,130997,0,0,,false
2026-06-15 07:10:04 PDT,OCI-HSG SWE-RL PARD-2 And MathRL Proof Gates,oci-hsg-cs-001-vscode-02,2026-06-15 07:10:05 PDT,3315380,online-qwen235b-mathrl-main-baseline-fixed256-step10-N32xG4,PENDING,Priority,2026-06-15T14:30:00,0:00,32,nemotron_n3_post,130997,0,0,,false
2026-06-15 07:11:08 PDT,Lyris SWE-RL TE-Arch/PARD Proof Gates,login-lyris02.lyris.clusters.nvidia.com,2026-06-15 07:11:08 PDT,2126915,specdec-pard2-steps1-20260615_lyris_swerl_qwen235b_fullgrpo_tearchfix_r28_afterok,PENDING,Dependency,N/A,0:00,16,coreai_dlalgo_llm,77284,1,0,/lustre/fsw/coreai_dlalgo_llm/users/sna/swerl_fullgrpo_logs/20260615_lyris_swerl_qwen235b_fullgrpo_tearchfix_r28_afterok/pard2_steps1/latest_235b_scale_gen_job_id.txt,false
2026-06-15 07:11:08 PDT,Lyris SWE-RL TE-Arch/PARD Proof Gates,login-lyris02.lyris.clusters.nvidia.com,2026-06-15 07:11:08 PDT,2126914,specdec-pard-steps1-20260615_lyris_swerl_qwen235b_fullgrpo_tearchfix_r28_afterok,PENDING,Dependency,N/A,0:00,16,coreai_dlalgo_llm,77284,1,0,/lustre/fsw/coreai_dlalgo_llm/users/sna/swerl_fullgrpo_logs/20260615_lyris_swerl_qwen235b_fullgrpo_tearchfix_r28_afterok/pard_steps1/latest_235b_scale_gen_job_id.txt,false
2026-06-15 07:11:08 PDT,Lyris SWE-RL TE-Arch/PARD Proof Gates,login-lyris02.lyris.clusters.nvidia.com,2026-06-15 07:11:08 PDT,2126895,specdec-baseline-steps1-20260615_lyris_swerl_qwen235b_fullgrpo_tearchfix_r28,RUNNING,None,2026-06-15T06:41:02,30:06,16,coreai_dlalgo_llm,77461,20,19,/lustre/fsw/coreai_dlalgo_llm/users/sna/swerl_fullgrpo_logs/20260615_lyris_swerl_qwen235b_fullgrpo_tearchfix_r28/baseline_steps1/2126895-logs/ray-driver.log,true
2026-06-15 07:11:08 PDT,OCI-HSG SWE-RL PARD-2 And MathRL Proof Gates,oci-hsg-cs-001-vscode-02,2026-06-15 07:11:09 PDT,3308774,specdec-pard2-steps1-20260614_oci_hsg_swerl_qwen235b_fullgrpo_pard2_pyoverlay_eager_nolevel_r16,PENDING,Priority,N/A,0:00,16,nemotron_n3_post,131049,1,0,/lustre/fs1/portfolios/coreai/projects/coreai_dlalgo_nemorl/users/sna/swerl_fullgrpo_logs/20260614_oci_hsg_swerl_qwen235b_fullgrpo_pard2_pyoverlay_eager_nolevel_r16/pard2_steps1/latest_235b_scale_gen_job_id.txt,false
2026-06-15 07:11:08 PDT,OCI-HSG SWE-RL PARD-2 And MathRL Proof Gates,oci-hsg-cs-001-vscode-02,2026-06-15 07:11:09 PDT,3315382,online-qwen235b-mathrl-main-pard_k5-fixed256-step10-N32xG4,PENDING,Priority,N/A,0:00,32,nemotron_n3_post,130997,0,0,,false
2026-06-15 07:11:08 PDT,OCI-HSG SWE-RL PARD-2 And MathRL Proof Gates,oci-hsg-cs-001-vscode-02,2026-06-15 07:11:09 PDT,3315381,online-qwen235b-mathrl-main-pard_k3-fixed256-step10-N32xG4,PENDING,Priority,N/A,0:00,32,nemotron_n3_post,130997,0,0,,false
2026-06-15 07:11:08 PDT,OCI-HSG SWE-RL PARD-2 And MathRL Proof Gates,oci-hsg-cs-001-vscode-02,2026-06-15 07:11:09 PDT,3315380,online-qwen235b-mathrl-main-baseline-fixed256-step10-N32xG4,PENDING,Priority,N/A,0:00,32,nemotron_n3_post,130997,0,0,,false
2026-06-15 07:12:13 PDT,Lyris SWE-RL TE-Arch/PARD Proof Gates,login-lyris02.lyris.clusters.nvidia.com,2026-06-15 07:12:13 PDT,2126915,specdec-pard2-steps1-20260615_lyris_swerl_qwen235b_fullgrpo_tearchfix_r28_afterok,PENDING,Dependency,N/A,0:00,16,coreai_dlalgo_llm,77284,1,0,/lustre/fsw/coreai_dlalgo_llm/users/sna/swerl_fullgrpo_logs/20260615_lyris_swerl_qwen235b_fullgrpo_tearchfix_r28_afterok/pard2_steps1/latest_235b_scale_gen_job_id.txt,false
2026-06-15 07:12:13 PDT,Lyris SWE-RL TE-Arch/PARD Proof Gates,login-lyris02.lyris.clusters.nvidia.com,2026-06-15 07:12:13 PDT,2126914,specdec-pard-steps1-20260615_lyris_swerl_qwen235b_fullgrpo_tearchfix_r28_afterok,PENDING,Dependency,N/A,0:00,16,coreai_dlalgo_llm,77284,1,0,/lustre/fsw/coreai_dlalgo_llm/users/sna/swerl_fullgrpo_logs/20260615_lyris_swerl_qwen235b_fullgrpo_tearchfix_r28_afterok/pard_steps1/latest_235b_scale_gen_job_id.txt,false
2026-06-15 07:12:13 PDT,Lyris SWE-RL TE-Arch/PARD Proof Gates,login-lyris02.lyris.clusters.nvidia.com,2026-06-15 07:12:13 PDT,2126895,specdec-baseline-steps1-20260615_lyris_swerl_qwen235b_fullgrpo_tearchfix_r28,RUNNING,None,2026-06-15T06:41:02,31:11,16,coreai_dlalgo_llm,77461,20,19,/lustre/fsw/coreai_dlalgo_llm/users/sna/swerl_fullgrpo_logs/20260615_lyris_swerl_qwen235b_fullgrpo_tearchfix_r28/baseline_steps1/2126895-logs/ray-driver.log,true
2026-06-15 07:12:13 PDT,OCI-HSG SWE-RL PARD-2 And MathRL Proof Gates,oci-hsg-cs-001-vscode-02,2026-06-15 07:12:14 PDT,3308774,specdec-pard2-steps1-20260614_oci_hsg_swerl_qwen235b_fullgrpo_pard2_pyoverlay_eager_nolevel_r16,PENDING,Priority,2026-06-15T14:30:00,0:00,16,nemotron_n3_post,131049,1,0,/lustre/fs1/portfolios/coreai/projects/coreai_dlalgo_nemorl/users/sna/swerl_fullgrpo_logs/20260614_oci_hsg_swerl_qwen235b_fullgrpo_pard2_pyoverlay_eager_nolevel_r16/pard2_steps1/latest_235b_scale_gen_job_id.txt,false
2026-06-15 07:12:13 PDT,OCI-HSG SWE-RL PARD-2 And MathRL Proof Gates,oci-hsg-cs-001-vscode-02,2026-06-15 07:12:14 PDT,3315381,online-qwen235b-mathrl-main-pard_k3-fixed256-step10-N32xG4,PENDING,Priority,2026-06-15T16:40:00,0:00,32,nemotron_n3_post,130997,0,0,,false
2026-06-15 07:12:13 PDT,OCI-HSG SWE-RL PARD-2 And MathRL Proof Gates,oci-hsg-cs-001-vscode-02,2026-06-15 07:12:14 PDT,3315382,online-qwen235b-mathrl-main-pard_k5-fixed256-step10-N32xG4,PENDING,Priority,2026-06-15T16:40:00,0:00,32,nemotron_n3_post,130997,0,0,,false
2026-06-15 07:12:13 PDT,OCI-HSG SWE-RL PARD-2 And MathRL Proof Gates,oci-hsg-cs-001-vscode-02,2026-06-15 07:12:14 PDT,3315380,online-qwen235b-mathrl-main-baseline-fixed256-step10-N32xG4,PENDING,Priority,2026-06-15T15:00:00,0:00,32,nemotron_n3_post,130997,0,0,,false
2026-06-15 07:13:18 PDT,Lyris SWE-RL TE-Arch/PARD Proof Gates,login-lyris02.lyris.clusters.nvidia.com,2026-06-15 07:13:18 PDT,2126915,specdec-pard2-steps1-20260615_lyris_swerl_qwen235b_fullgrpo_tearchfix_r28_afterok,PENDING,Dependency,N/A,0:00,16,coreai_dlalgo_llm,77284,1,0,/lustre/fsw/coreai_dlalgo_llm/users/sna/swerl_fullgrpo_logs/20260615_lyris_swerl_qwen235b_fullgrpo_tearchfix_r28_afterok/pard2_steps1/latest_235b_scale_gen_job_id.txt,false
2026-06-15 07:13:18 PDT,Lyris SWE-RL TE-Arch/PARD Proof Gates,login-lyris02.lyris.clusters.nvidia.com,2026-06-15 07:13:18 PDT,2126914,specdec-pard-steps1-20260615_lyris_swerl_qwen235b_fullgrpo_tearchfix_r28_afterok,PENDING,Dependency,N/A,0:00,16,coreai_dlalgo_llm,77284,1,0,/lustre/fsw/coreai_dlalgo_llm/users/sna/swerl_fullgrpo_logs/20260615_lyris_swerl_qwen235b_fullgrpo_tearchfix_r28_afterok/pard_steps1/latest_235b_scale_gen_job_id.txt,false
2026-06-15 07:13:18 PDT,Lyris SWE-RL TE-Arch/PARD Proof Gates,login-lyris02.lyris.clusters.nvidia.com,2026-06-15 07:13:18 PDT,2126895,specdec-baseline-steps1-20260615_lyris_swerl_qwen235b_fullgrpo_tearchfix_r28,RUNNING,None,2026-06-15T06:41:02,32:16,16,coreai_dlalgo_llm,77461,20,19,/lustre/fsw/coreai_dlalgo_llm/users/sna/swerl_fullgrpo_logs/20260615_lyris_swerl_qwen235b_fullgrpo_tearchfix_r28/baseline_steps1/2126895-logs/ray-driver.log,true
2026-06-15 07:13:18 PDT,OCI-HSG SWE-RL PARD-2 And MathRL Proof Gates,oci-hsg-cs-001-vscode-02,2026-06-15 07:13:19 PDT,3308774,specdec-pard2-steps1-20260614_oci_hsg_swerl_qwen235b_fullgrpo_pard2_pyoverlay_eager_nolevel_r16,PENDING,Priority,N/A,0:00,16,nemotron_n3_post,131049,1,0,/lustre/fs1/portfolios/coreai/projects/coreai_dlalgo_nemorl/users/sna/swerl_fullgrpo_logs/20260614_oci_hsg_swerl_qwen235b_fullgrpo_pard2_pyoverlay_eager_nolevel_r16/pard2_steps1/latest_235b_scale_gen_job_id.txt,false
2026-06-15 07:13:18 PDT,OCI-HSG SWE-RL PARD-2 And MathRL Proof Gates,oci-hsg-cs-001-vscode-02,2026-06-15 07:13:19 PDT,3315382,online-qwen235b-mathrl-main-pard_k5-fixed256-step10-N32xG4,PENDING,Priority,N/A,0:00,32,nemotron_n3_post,130997,0,0,,false
2026-06-15 07:13:18 PDT,OCI-HSG SWE-RL PARD-2 And MathRL Proof Gates,oci-hsg-cs-001-vscode-02,2026-06-15 07:13:19 PDT,3315381,online-qwen235b-mathrl-main-pard_k3-fixed256-step10-N32xG4,PENDING,Priority,N/A,0:00,32,nemotron_n3_post,130997,0,0,,false
2026-06-15 07:13:18 PDT,OCI-HSG SWE-RL PARD-2 And MathRL Proof Gates,oci-hsg-cs-001-vscode-02,2026-06-15 07:13:19 PDT,3315380,online-qwen235b-mathrl-main-baseline-fixed256-step10-N32xG4,PENDING,Priority,N/A,0:00,32,nemotron_n3_post,130997,0,0,,false
2026-06-15 07:13:45 PDT,Lyris SWE-RL TE-Arch/PARD Proof Gates,login-lyris02.lyris.clusters.nvidia.com,2026-06-15 07:13:45 PDT,2126915,specdec-pard2-steps1-20260615_lyris_swerl_qwen235b_fullgrpo_tearchfix_r28_afterok,PENDING,Dependency,N/A,0:00,16,coreai_dlalgo_llm,77284,1,0,/lustre/fsw/coreai_dlalgo_llm/users/sna/swerl_fullgrpo_logs/20260615_lyris_swerl_qwen235b_fullgrpo_tearchfix_r28_afterok/pard2_steps1/latest_235b_scale_gen_job_id.txt,false
2026-06-15 07:13:45 PDT,Lyris SWE-RL TE-Arch/PARD Proof Gates,login-lyris02.lyris.clusters.nvidia.com,2026-06-15 07:13:45 PDT,2126914,specdec-pard-steps1-20260615_lyris_swerl_qwen235b_fullgrpo_tearchfix_r28_afterok,PENDING,Dependency,N/A,0:00,16,coreai_dlalgo_llm,77284,1,0,/lustre/fsw/coreai_dlalgo_llm/users/sna/swerl_fullgrpo_logs/20260615_lyris_swerl_qwen235b_fullgrpo_tearchfix_r28_afterok/pard_steps1/latest_235b_scale_gen_job_id.txt,false
2026-06-15 07:13:45 PDT,Lyris SWE-RL TE-Arch/PARD Proof Gates,login-lyris02.lyris.clusters.nvidia.com,2026-06-15 07:13:45 PDT,2126895,specdec-baseline-steps1-20260615_lyris_swerl_qwen235b_fullgrpo_tearchfix_r28,RUNNING,None,2026-06-15T06:41:02,32:43,16,coreai_dlalgo_llm,77461,20,19,/lustre/fsw/coreai_dlalgo_llm/users/sna/swerl_fullgrpo_logs/20260615_lyris_swerl_qwen235b_fullgrpo_tearchfix_r28/baseline_steps1/2126895-logs/ray-driver.log,true
2026-06-15 07:13:45 PDT,OCI-HSG SWE-RL PARD-2 And MathRL Proof Gates,oci-hsg-cs-001-vscode-02,2026-06-15 07:13:46 PDT,3308774,specdec-pard2-steps1-20260614_oci_hsg_swerl_qwen235b_fullgrpo_pard2_pyoverlay_eager_nolevel_r16,PENDING,Priority,N/A,0:00,16,nemotron_n3_post,131049,1,0,/lustre/fs1/portfolios/coreai/projects/coreai_dlalgo_nemorl/users/sna/swerl_fullgrpo_logs/20260614_oci_hsg_swerl_qwen235b_fullgrpo_pard2_pyoverlay_eager_nolevel_r16/pard2_steps1/latest_235b_scale_gen_job_id.txt,false
2026-06-15 07:13:45 PDT,OCI-HSG SWE-RL PARD-2 And MathRL Proof Gates,oci-hsg-cs-001-vscode-02,2026-06-15 07:13:46 PDT,3315382,online-qwen235b-mathrl-main-pard_k5-fixed256-step10-N32xG4,PENDING,Priority,N/A,0:00,32,nemotron_n3_post,130997,0,0,,false
2026-06-15 07:13:45 PDT,OCI-HSG SWE-RL PARD-2 And MathRL Proof Gates,oci-hsg-cs-001-vscode-02,2026-06-15 07:13:46 PDT,3315381,online-qwen235b-mathrl-main-pard_k3-fixed256-step10-N32xG4,PENDING,Priority,N/A,0:00,32,nemotron_n3_post,130997,0,0,,false
2026-06-15 07:13:45 PDT,OCI-HSG SWE-RL PARD-2 And MathRL Proof Gates,oci-hsg-cs-001-vscode-02,2026-06-15 07:13:46 PDT,3315380,online-qwen235b-mathrl-main-baseline-fixed256-step10-N32xG4,PENDING,Priority,N/A,0:00,32,nemotron_n3_post,130997,0,0,,false
2026-06-15 07:14:50 PDT,Lyris SWE-RL TE-Arch/PARD Proof Gates,login-lyris02.lyris.clusters.nvidia.com,2026-06-15 07:14:50 PDT,2126915,specdec-pard2-steps1-20260615_lyris_swerl_qwen235b_fullgrpo_tearchfix_r28_afterok,PENDING,Dependency,N/A,0:00,16,coreai_dlalgo_llm,77284,1,0,/lustre/fsw/coreai_dlalgo_llm/users/sna/swerl_fullgrpo_logs/20260615_lyris_swerl_qwen235b_fullgrpo_tearchfix_r28_afterok/pard2_steps1/latest_235b_scale_gen_job_id.txt,false
2026-06-15 07:14:50 PDT,Lyris SWE-RL TE-Arch/PARD Proof Gates,login-lyris02.lyris.clusters.nvidia.com,2026-06-15 07:14:50 PDT,2126914,specdec-pard-steps1-20260615_lyris_swerl_qwen235b_fullgrpo_tearchfix_r28_afterok,PENDING,Dependency,N/A,0:00,16,coreai_dlalgo_llm,77284,1,0,/lustre/fsw/coreai_dlalgo_llm/users/sna/swerl_fullgrpo_logs/20260615_lyris_swerl_qwen235b_fullgrpo_tearchfix_r28_afterok/pard_steps1/latest_235b_scale_gen_job_id.txt,false
2026-06-15 07:14:50 PDT,Lyris SWE-RL TE-Arch/PARD Proof Gates,login-lyris02.lyris.clusters.nvidia.com,2026-06-15 07:14:50 PDT,2126895,specdec-baseline-steps1-20260615_lyris_swerl_qwen235b_fullgrpo_tearchfix_r28,RUNNING,None,2026-06-15T06:41:02,33:48,16,coreai_dlalgo_llm,77461,20,19,/lustre/fsw/coreai_dlalgo_llm/users/sna/swerl_fullgrpo_logs/20260615_lyris_swerl_qwen235b_fullgrpo_tearchfix_r28/baseline_steps1/2126895-logs/ray-driver.log,true
2026-06-15 07:14:50 PDT,OCI-HSG SWE-RL PARD-2 And MathRL Proof Gates,oci-hsg-cs-001-vscode-02,2026-06-15 07:14:51 PDT,3308774,specdec-pard2-steps1-20260614_oci_hsg_swerl_qwen235b_fullgrpo_pard2_pyoverlay_eager_nolevel_r16,PENDING,Priority,2026-06-15T15:00:00,0:00,16,nemotron_n3_post,131049,1,0,/lustre/fs1/portfolios/coreai/projects/coreai_dlalgo_nemorl/users/sna/swerl_fullgrpo_logs/20260614_oci_hsg_swerl_qwen235b_fullgrpo_pard2_pyoverlay_eager_nolevel_r16/pard2_steps1/latest_235b_scale_gen_job_id.txt,false
2026-06-15 07:14:50 PDT,OCI-HSG SWE-RL PARD-2 And MathRL Proof Gates,oci-hsg-cs-001-vscode-02,2026-06-15 07:14:51 PDT,3315381,online-qwen235b-mathrl-main-pard_k3-fixed256-step10-N32xG4,PENDING,Priority,2026-06-15T16:40:00,0:00,32,nemotron_n3_post,130997,0,0,,false
2026-06-15 07:14:50 PDT,OCI-HSG SWE-RL PARD-2 And MathRL Proof Gates,oci-hsg-cs-001-vscode-02,2026-06-15 07:14:51 PDT,3315382,online-qwen235b-mathrl-main-pard_k5-fixed256-step10-N32xG4,PENDING,Priority,2026-06-15T16:40:00,0:00,32,nemotron_n3_post,130997,0,0,,false
2026-06-15 07:14:50 PDT,OCI-HSG SWE-RL PARD-2 And MathRL Proof Gates,oci-hsg-cs-001-vscode-02,2026-06-15 07:14:51 PDT,3315380,online-qwen235b-mathrl-main-baseline-fixed256-step10-N32xG4,PENDING,Priority,2026-06-15T15:00:00,0:00,32,nemotron_n3_post,130997,0,0,,false
2026-06-15 07:17:24 PDT,Lyris SWE-RL TE-Arch/PARD Proof Gates,login-lyris02.lyris.clusters.nvidia.com,2026-06-15 07:17:24 PDT,2126895,specdec-baseline-steps1-20260615_lyris_swerl_qwen235b_fullgrpo_tearchfix_r28,FAILED,sacct_exit=1:0,2026-06-15T06:41:02,00:35:05,,coreai_dlalgo_llm,,20,19,/lustre/fsw/coreai_dlalgo_llm/users/sna/swerl_fullgrpo_logs/20260615_lyris_swerl_qwen235b_fullgrpo_tearchfix_r28/baseline_steps1/slurm-2126895.out,true
2026-06-15 07:17:24 PDT,Lyris SWE-RL TE-Arch/PARD Proof Gates,login-lyris02.lyris.clusters.nvidia.com,2026-06-15 07:17:24 PDT,2126914,specdec-pard-steps1-20260615_lyris_swerl_qwen235b_fullgrpo_tearchfix_r28_afterok,CANCELLED,sacct_exit=0:0,None,00:00:00,,coreai_dlalgo_llm,,1,0,/lustre/fsw/coreai_dlalgo_llm/users/sna/swerl_fullgrpo_logs/20260615_lyris_swerl_qwen235b_fullgrpo_tearchfix_r28_afterok/pard_steps1/latest_235b_scale_gen_job_id.txt,false
2026-06-15 07:17:24 PDT,Lyris SWE-RL TE-Arch/PARD Proof Gates,login-lyris02.lyris.clusters.nvidia.com,2026-06-15 07:17:24 PDT,2126915,specdec-pard2-steps1-20260615_lyris_swerl_qwen235b_fullgrpo_tearchfix_r28_afterok,CANCELLED,sacct_exit=0:0,None,00:00:00,,coreai_dlalgo_llm,,1,0,/lustre/fsw/coreai_dlalgo_llm/users/sna/swerl_fullgrpo_logs/20260615_lyris_swerl_qwen235b_fullgrpo_tearchfix_r28_afterok/pard2_steps1/latest_235b_scale_gen_job_id.txt,false
2026-06-15 07:17:24 PDT,OCI-HSG SWE-RL PARD-2 And MathRL Proof Gates,oci-hsg-cs-001-vscode-02,2026-06-15 07:17:25 PDT,3308774,specdec-pard2-steps1-20260614_oci_hsg_swerl_qwen235b_fullgrpo_pard2_pyoverlay_eager_nolevel_r16,PENDING,Priority,2026-06-15T14:50:00,0:00,16,nemotron_n3_post,131049,1,0,/lustre/fs1/portfolios/coreai/projects/coreai_dlalgo_nemorl/users/sna/swerl_fullgrpo_logs/20260614_oci_hsg_swerl_qwen235b_fullgrpo_pard2_pyoverlay_eager_nolevel_r16/pard2_steps1/latest_235b_scale_gen_job_id.txt,false
2026-06-15 07:17:24 PDT,OCI-HSG SWE-RL PARD-2 And MathRL Proof Gates,oci-hsg-cs-001-vscode-02,2026-06-15 07:17:25 PDT,3315380,online-qwen235b-mathrl-main-baseline-fixed256-step10-N32xG4,PENDING,Priority,2026-06-15T16:40:00,0:00,32,nemotron_n3_post,130997,0,0,,false
2026-06-15 07:17:24 PDT,OCI-HSG SWE-RL PARD-2 And MathRL Proof Gates,oci-hsg-cs-001-vscode-02,2026-06-15 07:17:25 PDT,3315381,online-qwen235b-mathrl-main-pard_k3-fixed256-step10-N32xG4,PENDING,Priority,2026-06-15T16:40:00,0:00,32,nemotron_n3_post,130997,0,0,,false
2026-06-15 07:17:24 PDT,OCI-HSG SWE-RL PARD-2 And MathRL Proof Gates,oci-hsg-cs-001-vscode-02,2026-06-15 07:17:25 PDT,3315382,online-qwen235b-mathrl-main-pard_k5-fixed256-step10-N32xG4,PENDING,Priority,2026-06-15T16:40:00,0:00,32,nemotron_n3_post,130997,0,0,,false
2026-06-15 07:19:56 PDT,Lyris SWE-RL TE-Arch/PARD Proof Gates,login-lyris02.lyris.clusters.nvidia.com,2026-06-15 07:19:57 PDT,2126895,specdec-baseline-steps1-20260615_lyris_swerl_qwen235b_fullgrpo_tearchfix_r28,FAILED,sacct_exit=1:0,2026-06-15T06:41:02,00:35:05,,coreai_dlalgo_llm,,20,19,/lustre/fsw/coreai_dlalgo_llm/users/sna/swerl_fullgrpo_logs/20260615_lyris_swerl_qwen235b_fullgrpo_tearchfix_r28/baseline_steps1/slurm-2126895.out,true
2026-06-15 07:19:56 PDT,Lyris SWE-RL TE-Arch/PARD Proof Gates,login-lyris02.lyris.clusters.nvidia.com,2026-06-15 07:19:57 PDT,2126914,specdec-pard-steps1-20260615_lyris_swerl_qwen235b_fullgrpo_tearchfix_r28_afterok,CANCELLED,sacct_exit=0:0,None,00:00:00,,coreai_dlalgo_llm,,1,0,/lustre/fsw/coreai_dlalgo_llm/users/sna/swerl_fullgrpo_logs/20260615_lyris_swerl_qwen235b_fullgrpo_tearchfix_r28_afterok/pard_steps1/latest_235b_scale_gen_job_id.txt,false
2026-06-15 07:19:56 PDT,Lyris SWE-RL TE-Arch/PARD Proof Gates,login-lyris02.lyris.clusters.nvidia.com,2026-06-15 07:19:57 PDT,2126915,specdec-pard2-steps1-20260615_lyris_swerl_qwen235b_fullgrpo_tearchfix_r28_afterok,CANCELLED,sacct_exit=0:0,None,00:00:00,,coreai_dlalgo_llm,,1,0,/lustre/fsw/coreai_dlalgo_llm/users/sna/swerl_fullgrpo_logs/20260615_lyris_swerl_qwen235b_fullgrpo_tearchfix_r28_afterok/pard2_steps1/latest_235b_scale_gen_job_id.txt,false
2026-06-15 07:19:56 PDT,OCI-HSG SWE-RL PARD-2 And MathRL Proof Gates,oci-hsg-cs-001-vscode-02,2026-06-15 07:19:57 PDT,3308774,specdec-pard2-steps1-20260614_oci_hsg_swerl_qwen235b_fullgrpo_pard2_pyoverlay_eager_nolevel_r16,PENDING,Priority,2026-06-15T15:00:00,0:00,16,nemotron_n3_post,131049,1,0,/lustre/fs1/portfolios/coreai/projects/coreai_dlalgo_nemorl/users/sna/swerl_fullgrpo_logs/20260614_oci_hsg_swerl_qwen235b_fullgrpo_pard2_pyoverlay_eager_nolevel_r16/pard2_steps1/latest_235b_scale_gen_job_id.txt,false
2026-06-15 07:19:56 PDT,OCI-HSG SWE-RL PARD-2 And MathRL Proof Gates,oci-hsg-cs-001-vscode-02,2026-06-15 07:19:57 PDT,3315381,online-qwen235b-mathrl-main-pard_k3-fixed256-step10-N32xG4,PENDING,Priority,2026-06-15T16:40:00,0:00,32,nemotron_n3_post,130997,0,0,,false
2026-06-15 07:19:56 PDT,OCI-HSG SWE-RL PARD-2 And MathRL Proof Gates,oci-hsg-cs-001-vscode-02,2026-06-15 07:19:57 PDT,3315382,online-qwen235b-mathrl-main-pard_k5-fixed256-step10-N32xG4,PENDING,Priority,2026-06-15T16:40:00,0:00,32,nemotron_n3_post,130997,0,0,,false
2026-06-15 07:19:56 PDT,OCI-HSG SWE-RL PARD-2 And MathRL Proof Gates,oci-hsg-cs-001-vscode-02,2026-06-15 07:19:57 PDT,3315380,online-qwen235b-mathrl-main-baseline-fixed256-step10-N32xG4,PENDING,Priority,2026-06-15T15:40:00,0:00,32,nemotron_n3_post,130997,0,0,,false
2026-06-15 07:21:12 PDT,Lyris SWE-RL TE-Arch/PARD Proof Gates,login-lyris02.lyris.clusters.nvidia.com,2026-06-15 07:21:12 PDT,2126895,specdec-baseline-steps1-20260615_lyris_swerl_qwen235b_fullgrpo_tearchfix_r28,FAILED,sacct_exit=1:0,2026-06-15T06:41:02,00:35:05,,coreai_dlalgo_llm,,20,19,/lustre/fsw/coreai_dlalgo_llm/users/sna/swerl_fullgrpo_logs/20260615_lyris_swerl_qwen235b_fullgrpo_tearchfix_r28/baseline_steps1/slurm-2126895.out,true
2026-06-15 07:21:12 PDT,Lyris SWE-RL TE-Arch/PARD Proof Gates,login-lyris02.lyris.clusters.nvidia.com,2026-06-15 07:21:12 PDT,2126914,specdec-pard-steps1-20260615_lyris_swerl_qwen235b_fullgrpo_tearchfix_r28_afterok,CANCELLED,sacct_exit=0:0,None,00:00:00,,coreai_dlalgo_llm,,1,0,/lustre/fsw/coreai_dlalgo_llm/users/sna/swerl_fullgrpo_logs/20260615_lyris_swerl_qwen235b_fullgrpo_tearchfix_r28_afterok/pard_steps1/latest_235b_scale_gen_job_id.txt,false
2026-06-15 07:21:12 PDT,Lyris SWE-RL TE-Arch/PARD Proof Gates,login-lyris02.lyris.clusters.nvidia.com,2026-06-15 07:21:12 PDT,2126915,specdec-pard2-steps1-20260615_lyris_swerl_qwen235b_fullgrpo_tearchfix_r28_afterok,CANCELLED,sacct_exit=0:0,None,00:00:00,,coreai_dlalgo_llm,,1,0,/lustre/fsw/coreai_dlalgo_llm/users/sna/swerl_fullgrpo_logs/20260615_lyris_swerl_qwen235b_fullgrpo_tearchfix_r28_afterok/pard2_steps1/latest_235b_scale_gen_job_id.txt,false
2026-06-15 07:21:12 PDT,OCI-HSG SWE-RL PARD-2 And MathRL Proof Gates,oci-hsg-cs-001-vscode-02,2026-06-15 07:21:13 PDT,3308774,specdec-pard2-steps1-20260614_oci_hsg_swerl_qwen235b_fullgrpo_pard2_pyoverlay_eager_nolevel_r16,PENDING,Priority,N/A,0:00,16,nemotron_n3_post,131051,1,0,/lustre/fs1/portfolios/coreai/projects/coreai_dlalgo_nemorl/users/sna/swerl_fullgrpo_logs/20260614_oci_hsg_swerl_qwen235b_fullgrpo_pard2_pyoverlay_eager_nolevel_r16/pard2_steps1/latest_235b_scale_gen_job_id.txt,false
2026-06-15 07:21:12 PDT,OCI-HSG SWE-RL PARD-2 And MathRL Proof Gates,oci-hsg-cs-001-vscode-02,2026-06-15 07:21:13 PDT,3315382,online-qwen235b-mathrl-main-pard_k5-fixed256-step10-N32xG4,PENDING,Priority,N/A,0:00,32,nemotron_n3_post,130998,0,0,,false
2026-06-15 07:21:12 PDT,OCI-HSG SWE-RL PARD-2 And MathRL Proof Gates,oci-hsg-cs-001-vscode-02,2026-06-15 07:21:13 PDT,3315381,online-qwen235b-mathrl-main-pard_k3-fixed256-step10-N32xG4,PENDING,Priority,N/A,0:00,32,nemotron_n3_post,130998,0,0,,false
2026-06-15 07:21:12 PDT,OCI-HSG SWE-RL PARD-2 And MathRL Proof Gates,oci-hsg-cs-001-vscode-02,2026-06-15 07:21:13 PDT,3315380,online-qwen235b-mathrl-main-baseline-fixed256-step10-N32xG4,PENDING,Priority,N/A,0:00,32,nemotron_n3_post,130998,0,0,,false
2026-06-15 07:30:41 PDT,Lyris SWE-RL Raymatch/PARD Proof Gates,login-lyris02.lyris.clusters.nvidia.com,2026-06-15 07:30:41 PDT,2128989,specdec-baseline-steps1-20260615_lyris_swerl_qwen235b_fullgrpo_raymatch_r29,PENDING,Priority,2026-06-15T08:27:00,0:00,16,coreai_dlalgo_llm,77284,1,0,/lustre/fsw/coreai_dlalgo_llm/users/sna/swerl_fullgrpo_logs/20260615_lyris_swerl_qwen235b_fullgrpo_raymatch_r29/baseline_steps1/latest_235b_scale_gen_job_id.txt,false
2026-06-15 07:30:41 PDT,Lyris SWE-RL Raymatch/PARD Proof Gates,login-lyris02.lyris.clusters.nvidia.com,2026-06-15 07:30:41 PDT,2128993,specdec-pard2-steps1-20260615_lyris_swerl_qwen235b_fullgrpo_raymatch_r29_afterok,PENDING,Dependency,N/A,0:00,16,coreai_dlalgo_llm,77284,1,0,/lustre/fsw/coreai_dlalgo_llm/users/sna/swerl_fullgrpo_logs/20260615_lyris_swerl_qwen235b_fullgrpo_raymatch_r29_afterok/pard2_steps1/latest_235b_scale_gen_job_id.txt,false
2026-06-15 07:30:41 PDT,Lyris SWE-RL Raymatch/PARD Proof Gates,login-lyris02.lyris.clusters.nvidia.com,2026-06-15 07:30:41 PDT,2128992,specdec-pard-steps1-20260615_lyris_swerl_qwen235b_fullgrpo_raymatch_r29_afterok,PENDING,Dependency,N/A,0:00,16,coreai_dlalgo_llm,77284,1,0,/lustre/fsw/coreai_dlalgo_llm/users/sna/swerl_fullgrpo_logs/20260615_lyris_swerl_qwen235b_fullgrpo_raymatch_r29_afterok/pard_steps1/latest_235b_scale_gen_job_id.txt,false
2026-06-15 07:30:41 PDT,OCI-HSG SWE-RL PARD-2 And MathRL Proof Gates,oci-hsg-cs-001-vscode-02,2026-06-15 07:30:42 PDT,3308774,specdec-pard2-steps1-20260614_oci_hsg_swerl_qwen235b_fullgrpo_pard2_pyoverlay_eager_nolevel_r16,PENDING,Priority,2026-06-15T11:40:00,0:00,16,nemotron_n3_post,131051,1,0,/lustre/fs1/portfolios/coreai/projects/coreai_dlalgo_nemorl/users/sna/swerl_fullgrpo_logs/20260614_oci_hsg_swerl_qwen235b_fullgrpo_pard2_pyoverlay_eager_nolevel_r16/pard2_steps1/latest_235b_scale_gen_job_id.txt,false
2026-06-15 07:30:41 PDT,OCI-HSG SWE-RL PARD-2 And MathRL Proof Gates,oci-hsg-cs-001-vscode-02,2026-06-15 07:30:42 PDT,3315382,online-qwen235b-mathrl-main-pard_k5-fixed256-step10-N32xG4,PENDING,Priority,2026-06-15T16:40:00,0:00,32,nemotron_n3_post,130999,0,0,,false
2026-06-15 07:30:41 PDT,OCI-HSG SWE-RL PARD-2 And MathRL Proof Gates,oci-hsg-cs-001-vscode-02,2026-06-15 07:30:42 PDT,3315381,online-qwen235b-mathrl-main-pard_k3-fixed256-step10-N32xG4,PENDING,Priority,2026-06-15T16:30:00,0:00,32,nemotron_n3_post,130999,0,0,,false
2026-06-15 07:30:41 PDT,OCI-HSG SWE-RL PARD-2 And MathRL Proof Gates,oci-hsg-cs-001-vscode-02,2026-06-15 07:30:42 PDT,3315380,online-qwen235b-mathrl-main-baseline-fixed256-step10-N32xG4,PENDING,Priority,2026-06-15T14:50:00,0:00,32,nemotron_n3_post,130999,0,0,,false
2026-06-15 07:32:40 PDT,Lyris SWE-RL Raymatch/PARD Proof Gates,login-lyris02.lyris.clusters.nvidia.com,2026-06-15 07:32:40 PDT,2128993,specdec-pard2-steps1-20260615_lyris_swerl_qwen235b_fullgrpo_raymatch_r29_afterok,PENDING,Dependency,N/A,0:00,16,coreai_dlalgo_llm,77284,1,0,/lustre/fsw/coreai_dlalgo_llm/users/sna/swerl_fullgrpo_logs/20260615_lyris_swerl_qwen235b_fullgrpo_raymatch_r29_afterok/pard2_steps1/latest_235b_scale_gen_job_id.txt,false
2026-06-15 07:32:40 PDT,Lyris SWE-RL Raymatch/PARD Proof Gates,login-lyris02.lyris.clusters.nvidia.com,2026-06-15 07:32:40 PDT,2128992,specdec-pard-steps1-20260615_lyris_swerl_qwen235b_fullgrpo_raymatch_r29_afterok,PENDING,Dependency,N/A,0:00,16,coreai_dlalgo_llm,77284,1,0,/lustre/fsw/coreai_dlalgo_llm/users/sna/swerl_fullgrpo_logs/20260615_lyris_swerl_qwen235b_fullgrpo_raymatch_r29_afterok/pard_steps1/latest_235b_scale_gen_job_id.txt,false
2026-06-15 07:32:40 PDT,Lyris SWE-RL Raymatch/PARD Proof Gates,login-lyris02.lyris.clusters.nvidia.com,2026-06-15 07:32:40 PDT,2128989,specdec-baseline-steps1-20260615_lyris_swerl_qwen235b_fullgrpo_raymatch_r29,RUNNING,Prolog,2026-06-15T07:32:40,0:00,16,coreai_dlalgo_llm,77300,1,0,/lustre/fsw/coreai_dlalgo_llm/users/sna/swerl_fullgrpo_logs/20260615_lyris_swerl_qwen235b_fullgrpo_raymatch_r29/baseline_steps1/latest_235b_scale_gen_job_id.txt,false
2026-06-15 07:32:40 PDT,OCI-HSG SWE-RL PARD-2 And MathRL Proof Gates,oci-hsg-cs-001-vscode-02,2026-06-15 07:32:41 PDT,3308774,specdec-pard2-steps1-20260614_oci_hsg_swerl_qwen235b_fullgrpo_pard2_pyoverlay_eager_nolevel_r16,PENDING,Priority,2026-06-15T11:40:00,0:00,16,nemotron_n3_post,131051,1,0,/lustre/fs1/portfolios/coreai/projects/coreai_dlalgo_nemorl/users/sna/swerl_fullgrpo_logs/20260614_oci_hsg_swerl_qwen235b_fullgrpo_pard2_pyoverlay_eager_nolevel_r16/pard2_steps1/latest_235b_scale_gen_job_id.txt,false
2026-06-15 07:32:40 PDT,OCI-HSG SWE-RL PARD-2 And MathRL Proof Gates,oci-hsg-cs-001-vscode-02,2026-06-15 07:32:41 PDT,3315382,online-qwen235b-mathrl-main-pard_k5-fixed256-step10-N32xG4,PENDING,Priority,2026-06-15T16:40:00,0:00,32,nemotron_n3_post,130999,0,0,,false
2026-06-15 07:32:40 PDT,OCI-HSG SWE-RL PARD-2 And MathRL Proof Gates,oci-hsg-cs-001-vscode-02,2026-06-15 07:32:41 PDT,3315381,online-qwen235b-mathrl-main-pard_k3-fixed256-step10-N32xG4,PENDING,Priority,2026-06-15T16:30:00,0:00,32,nemotron_n3_post,130999,0,0,,false
2026-06-15 07:32:40 PDT,OCI-HSG SWE-RL PARD-2 And MathRL Proof Gates,oci-hsg-cs-001-vscode-02,2026-06-15 07:32:41 PDT,3315380,online-qwen235b-mathrl-main-baseline-fixed256-step10-N32xG4,PENDING,Priority,2026-06-15T15:40:00,0:00,32,nemotron_n3_post,130999,0,0,,false
2026-06-15 07:35:01 PDT,Lyris SWE-RL Raymatch/PARD Proof Gates,login-lyris02.lyris.clusters.nvidia.com,2026-06-15 07:35:01 PDT,2128993,specdec-pard2-steps1-20260615_lyris_swerl_qwen235b_fullgrpo_raymatch_r29_afterok,PENDING,Dependency,N/A,0:00,16,coreai_dlalgo_llm,77284,1,0,/lustre/fsw/coreai_dlalgo_llm/users/sna/swerl_fullgrpo_logs/20260615_lyris_swerl_qwen235b_fullgrpo_raymatch_r29_afterok/pard2_steps1/latest_235b_scale_gen_job_id.txt,false
2026-06-15 07:35:01 PDT,Lyris SWE-RL Raymatch/PARD Proof Gates,login-lyris02.lyris.clusters.nvidia.com,2026-06-15 07:35:01 PDT,2128992,specdec-pard-steps1-20260615_lyris_swerl_qwen235b_fullgrpo_raymatch_r29_afterok,PENDING,Dependency,N/A,0:00,16,coreai_dlalgo_llm,77284,1,0,/lustre/fsw/coreai_dlalgo_llm/users/sna/swerl_fullgrpo_logs/20260615_lyris_swerl_qwen235b_fullgrpo_raymatch_r29_afterok/pard_steps1/latest_235b_scale_gen_job_id.txt,false
2026-06-15 07:35:01 PDT,Lyris SWE-RL Raymatch/PARD Proof Gates,login-lyris02.lyris.clusters.nvidia.com,2026-06-15 07:35:01 PDT,2128989,specdec-baseline-steps1-20260615_lyris_swerl_qwen235b_fullgrpo_raymatch_r29,RUNNING,None,2026-06-15T07:32:40,2:21,16,coreai_dlalgo_llm,77300,20,19,/lustre/fsw/coreai_dlalgo_llm/users/sna/swerl_fullgrpo_logs/20260615_lyris_swerl_qwen235b_fullgrpo_raymatch_r29/baseline_steps1/2128989-logs/ray-driver.log,true
2026-06-15 07:35:01 PDT,OCI-HSG SWE-RL PARD-2 And MathRL Proof Gates,oci-hsg-cs-001-vscode-02,2026-06-15 07:35:02 PDT,3308774,specdec-pard2-steps1-20260614_oci_hsg_swerl_qwen235b_fullgrpo_pard2_pyoverlay_eager_nolevel_r16,PENDING,Priority,2026-06-15T15:40:00,0:00,16,nemotron_n3_post,131051,1,0,/lustre/fs1/portfolios/coreai/projects/coreai_dlalgo_nemorl/users/sna/swerl_fullgrpo_logs/20260614_oci_hsg_swerl_qwen235b_fullgrpo_pard2_pyoverlay_eager_nolevel_r16/pard2_steps1/latest_235b_scale_gen_job_id.txt,false
2026-06-15 07:35:01 PDT,OCI-HSG SWE-RL PARD-2 And MathRL Proof Gates,oci-hsg-cs-001-vscode-02,2026-06-15 07:35:02 PDT,3315380,online-qwen235b-mathrl-main-baseline-fixed256-step10-N32xG4,PENDING,Priority,2026-06-15T16:40:00,0:00,32,nemotron_n3_post,130999,0,0,,false
2026-06-15 07:35:01 PDT,OCI-HSG SWE-RL PARD-2 And MathRL Proof Gates,oci-hsg-cs-001-vscode-02,2026-06-15 07:35:02 PDT,3315381,online-qwen235b-mathrl-main-pard_k3-fixed256-step10-N32xG4,PENDING,Priority,2026-06-15T16:40:00,0:00,32,nemotron_n3_post,130999,0,0,,false
2026-06-15 07:35:01 PDT,OCI-HSG SWE-RL PARD-2 And MathRL Proof Gates,oci-hsg-cs-001-vscode-02,2026-06-15 07:35:02 PDT,3315382,online-qwen235b-mathrl-main-pard_k5-fixed256-step10-N32xG4,PENDING,Priority,2026-06-15T16:40:00,0:00,32,nemotron_n3_post,130999,0,0,,false
2026-06-15 07:37:04 PDT,Lyris SWE-RL Raymatch/PARD Proof Gates,login-lyris02.lyris.clusters.nvidia.com,2026-06-15 07:37:06 PDT,2128993,specdec-pard2-steps1-20260615_lyris_swerl_qwen235b_fullgrpo_raymatch_r29_afterok,PENDING,Dependency,N/A,0:00,16,coreai_dlalgo_llm,77284,1,0,/lustre/fsw/coreai_dlalgo_llm/users/sna/swerl_fullgrpo_logs/20260615_lyris_swerl_qwen235b_fullgrpo_raymatch_r29_afterok/pard2_steps1/latest_235b_scale_gen_job_id.txt,false
2026-06-15 07:37:04 PDT,Lyris SWE-RL Raymatch/PARD Proof Gates,login-lyris02.lyris.clusters.nvidia.com,2026-06-15 07:37:06 PDT,2128992,specdec-pard-steps1-20260615_lyris_swerl_qwen235b_fullgrpo_raymatch_r29_afterok,PENDING,Dependency,N/A,0:00,16,coreai_dlalgo_llm,77284,1,0,/lustre/fsw/coreai_dlalgo_llm/users/sna/swerl_fullgrpo_logs/20260615_lyris_swerl_qwen235b_fullgrpo_raymatch_r29_afterok/pard_steps1/latest_235b_scale_gen_job_id.txt,false
2026-06-15 07:37:04 PDT,Lyris SWE-RL Raymatch/PARD Proof Gates,login-lyris02.lyris.clusters.nvidia.com,2026-06-15 07:37:06 PDT,2128989,specdec-baseline-steps1-20260615_lyris_swerl_qwen235b_fullgrpo_raymatch_r29,RUNNING,None,2026-06-15T07:32:40,4:26,16,coreai_dlalgo_llm,77300,20,19,/lustre/fsw/coreai_dlalgo_llm/users/sna/swerl_fullgrpo_logs/20260615_lyris_swerl_qwen235b_fullgrpo_raymatch_r29/baseline_steps1/2128989-logs/ray-driver.log,true
2026-06-15 07:37:04 PDT,OCI-HSG SWE-RL PARD-2 And MathRL Proof Gates,oci-hsg-cs-001-vscode-02,2026-06-15 07:37:08 PDT,3308774,specdec-pard2-steps1-20260614_oci_hsg_swerl_qwen235b_fullgrpo_pard2_pyoverlay_eager_nolevel_r16,PENDING,Priority,2026-06-15T15:40:00,0:00,16,nemotron_n3_post,131051,1,0,/lustre/fs1/portfolios/coreai/projects/coreai_dlalgo_nemorl/users/sna/swerl_fullgrpo_logs/20260614_oci_hsg_swerl_qwen235b_fullgrpo_pard2_pyoverlay_eager_nolevel_r16/pard2_steps1/latest_235b_scale_gen_job_id.txt,false
2026-06-15 07:37:04 PDT,OCI-HSG SWE-RL PARD-2 And MathRL Proof Gates,oci-hsg-cs-001-vscode-02,2026-06-15 07:37:08 PDT,3315381,online-qwen235b-mathrl-main-pard_k3-fixed256-step10-N32xG4,PENDING,Priority,2026-06-15T16:40:00,0:00,32,nemotron_n3_post,130999,0,0,,false
2026-06-15 07:37:04 PDT,OCI-HSG SWE-RL PARD-2 And MathRL Proof Gates,oci-hsg-cs-001-vscode-02,2026-06-15 07:37:08 PDT,3315382,online-qwen235b-mathrl-main-pard_k5-fixed256-step10-N32xG4,PENDING,Priority,2026-06-15T16:40:00,0:00,32,nemotron_n3_post,130999,0,0,,false
2026-06-15 07:37:04 PDT,OCI-HSG SWE-RL PARD-2 And MathRL Proof Gates,oci-hsg-cs-001-vscode-02,2026-06-15 07:37:08 PDT,3315380,online-qwen235b-mathrl-main-baseline-fixed256-step10-N32xG4,PENDING,Priority,2026-06-15T15:40:00,0:00,32,nemotron_n3_post,130999,0,0,,false
2026-06-15 07:38:38 PDT,Lyris SWE-RL Raymatch/PARD Proof Gates,login-lyris02.lyris.clusters.nvidia.com,2026-06-15 07:38:39 PDT,2128993,specdec-pard2-steps1-20260615_lyris_swerl_qwen235b_fullgrpo_raymatch_r29_afterok,PENDING,Dependency,N/A,0:00,16,coreai_dlalgo_llm,77284,1,0,/lustre/fsw/coreai_dlalgo_llm/users/sna/swerl_fullgrpo_logs/20260615_lyris_swerl_qwen235b_fullgrpo_raymatch_r29_afterok/pard2_steps1/latest_235b_scale_gen_job_id.txt,false
2026-06-15 07:38:38 PDT,Lyris SWE-RL Raymatch/PARD Proof Gates,login-lyris02.lyris.clusters.nvidia.com,2026-06-15 07:38:39 PDT,2128992,specdec-pard-steps1-20260615_lyris_swerl_qwen235b_fullgrpo_raymatch_r29_afterok,PENDING,Dependency,N/A,0:00,16,coreai_dlalgo_llm,77284,1,0,/lustre/fsw/coreai_dlalgo_llm/users/sna/swerl_fullgrpo_logs/20260615_lyris_swerl_qwen235b_fullgrpo_raymatch_r29_afterok/pard_steps1/latest_235b_scale_gen_job_id.txt,false
2026-06-15 07:38:38 PDT,Lyris SWE-RL Raymatch/PARD Proof Gates,login-lyris02.lyris.clusters.nvidia.com,2026-06-15 07:38:39 PDT,2128989,specdec-baseline-steps1-20260615_lyris_swerl_qwen235b_fullgrpo_raymatch_r29,RUNNING,None,2026-06-15T07:32:40,5:59,16,coreai_dlalgo_llm,77300,20,19,/lustre/fsw/coreai_dlalgo_llm/users/sna/swerl_fullgrpo_logs/20260615_lyris_swerl_qwen235b_fullgrpo_raymatch_r29/baseline_steps1/2128989-logs/ray-driver.log,true
2026-06-15 07:38:38 PDT,OCI-HSG SWE-RL PARD-2 And MathRL Proof Gates,oci-hsg-cs-001-vscode-02,2026-06-15 07:38:39 PDT,3308774,specdec-pard2-steps1-20260614_oci_hsg_swerl_qwen235b_fullgrpo_pard2_pyoverlay_eager_nolevel_r16,PENDING,Priority,2026-06-15T15:40:00,0:00,16,nemotron_n3_post,131051,1,0,/lustre/fs1/portfolios/coreai/projects/coreai_dlalgo_nemorl/users/sna/swerl_fullgrpo_logs/20260614_oci_hsg_swerl_qwen235b_fullgrpo_pard2_pyoverlay_eager_nolevel_r16/pard2_steps1/latest_235b_scale_gen_job_id.txt,false
2026-06-15 07:38:38 PDT,OCI-HSG SWE-RL PARD-2 And MathRL Proof Gates,oci-hsg-cs-001-vscode-02,2026-06-15 07:38:39 PDT,3315381,online-qwen235b-mathrl-main-pard_k3-fixed256-step10-N32xG4,PENDING,Priority,2026-06-15T16:40:00,0:00,32,nemotron_n3_post,130999,0,0,,false
2026-06-15 07:38:38 PDT,OCI-HSG SWE-RL PARD-2 And MathRL Proof Gates,oci-hsg-cs-001-vscode-02,2026-06-15 07:38:39 PDT,3315382,online-qwen235b-mathrl-main-pard_k5-fixed256-step10-N32xG4,PENDING,Priority,2026-06-15T16:40:00,0:00,32,nemotron_n3_post,130999,0,0,,false
2026-06-15 07:38:38 PDT,OCI-HSG SWE-RL PARD-2 And MathRL Proof Gates,oci-hsg-cs-001-vscode-02,2026-06-15 07:38:39 PDT,3315380,online-qwen235b-mathrl-main-baseline-fixed256-step10-N32xG4,PENDING,Priority,2026-06-15T15:40:00,0:00,32,nemotron_n3_post,130999,0,0,,false
2026-06-15 07:39:11 PDT,Lyris SWE-RL Raymatch/PARD Proof Gates,login-lyris02.lyris.clusters.nvidia.com,2026-06-15 07:39:12 PDT,2128993,specdec-pard2-steps1-20260615_lyris_swerl_qwen235b_fullgrpo_raymatch_r29_afterok,PENDING,Dependency,N/A,0:00,16,coreai_dlalgo_llm,77284,1,0,/lustre/fsw/coreai_dlalgo_llm/users/sna/swerl_fullgrpo_logs/20260615_lyris_swerl_qwen235b_fullgrpo_raymatch_r29_afterok/pard2_steps1/latest_235b_scale_gen_job_id.txt,false
2026-06-15 07:39:11 PDT,Lyris SWE-RL Raymatch/PARD Proof Gates,login-lyris02.lyris.clusters.nvidia.com,2026-06-15 07:39:12 PDT,2128992,specdec-pard-steps1-20260615_lyris_swerl_qwen235b_fullgrpo_raymatch_r29_afterok,PENDING,Dependency,N/A,0:00,16,coreai_dlalgo_llm,77284,1,0,/lustre/fsw/coreai_dlalgo_llm/users/sna/swerl_fullgrpo_logs/20260615_lyris_swerl_qwen235b_fullgrpo_raymatch_r29_afterok/pard_steps1/latest_235b_scale_gen_job_id.txt,false
2026-06-15 07:39:11 PDT,Lyris SWE-RL Raymatch/PARD Proof Gates,login-lyris02.lyris.clusters.nvidia.com,2026-06-15 07:39:12 PDT,2128989,specdec-baseline-steps1-20260615_lyris_swerl_qwen235b_fullgrpo_raymatch_r29,RUNNING,None,2026-06-15T07:32:40,6:32,16,coreai_dlalgo_llm,77300,20,19,/lustre/fsw/coreai_dlalgo_llm/users/sna/swerl_fullgrpo_logs/20260615_lyris_swerl_qwen235b_fullgrpo_raymatch_r29/baseline_steps1/2128989-logs/ray-driver.log,true
2026-06-15 07:39:11 PDT,OCI-HSG SWE-RL PARD-2 And MathRL Proof Gates,oci-hsg-cs-001-vscode-02,2026-06-15 07:39:12 PDT,3308774,specdec-pard2-steps1-20260614_oci_hsg_swerl_qwen235b_fullgrpo_pard2_pyoverlay_eager_nolevel_r16,PENDING,Priority,N/A,0:00,16,nemotron_n3_post,131051,1,0,/lustre/fs1/portfolios/coreai/projects/coreai_dlalgo_nemorl/users/sna/swerl_fullgrpo_logs/20260614_oci_hsg_swerl_qwen235b_fullgrpo_pard2_pyoverlay_eager_nolevel_r16/pard2_steps1/latest_235b_scale_gen_job_id.txt,false
2026-06-15 07:39:11 PDT,OCI-HSG SWE-RL PARD-2 And MathRL Proof Gates,oci-hsg-cs-001-vscode-02,2026-06-15 07:39:12 PDT,3315382,online-qwen235b-mathrl-main-pard_k5-fixed256-step10-N32xG4,PENDING,Priority,N/A,0:00,32,nemotron_n3_post,130999,0,0,,false
2026-06-15 07:39:11 PDT,OCI-HSG SWE-RL PARD-2 And MathRL Proof Gates,oci-hsg-cs-001-vscode-02,2026-06-15 07:39:12 PDT,3315381,online-qwen235b-mathrl-main-pard_k3-fixed256-step10-N32xG4,PENDING,Priority,N/A,0:00,32,nemotron_n3_post,130999,0,0,,false
2026-06-15 07:39:11 PDT,OCI-HSG SWE-RL PARD-2 And MathRL Proof Gates,oci-hsg-cs-001-vscode-02,2026-06-15 07:39:12 PDT,3315380,online-qwen235b-mathrl-main-baseline-fixed256-step10-N32xG4,PENDING,Priority,N/A,0:00,32,nemotron_n3_post,130999,0,0,,false
2026-06-15 07:40:16 PDT,Lyris SWE-RL Raymatch/PARD Proof Gates,login-lyris02.lyris.clusters.nvidia.com,2026-06-15 07:40:18 PDT,2128993,specdec-pard2-steps1-20260615_lyris_swerl_qwen235b_fullgrpo_raymatch_r29_afterok,PENDING,Dependency,N/A,0:00,16,coreai_dlalgo_llm,77284,1,0,/lustre/fsw/coreai_dlalgo_llm/users/sna/swerl_fullgrpo_logs/20260615_lyris_swerl_qwen235b_fullgrpo_raymatch_r29_afterok/pard2_steps1/latest_235b_scale_gen_job_id.txt,false
2026-06-15 07:40:16 PDT,Lyris SWE-RL Raymatch/PARD Proof Gates,login-lyris02.lyris.clusters.nvidia.com,2026-06-15 07:40:18 PDT,2128992,specdec-pard-steps1-20260615_lyris_swerl_qwen235b_fullgrpo_raymatch_r29_afterok,PENDING,Dependency,N/A,0:00,16,coreai_dlalgo_llm,77284,1,0,/lustre/fsw/coreai_dlalgo_llm/users/sna/swerl_fullgrpo_logs/20260615_lyris_swerl_qwen235b_fullgrpo_raymatch_r29_afterok/pard_steps1/latest_235b_scale_gen_job_id.txt,false
2026-06-15 07:40:16 PDT,Lyris SWE-RL Raymatch/PARD Proof Gates,login-lyris02.lyris.clusters.nvidia.com,2026-06-15 07:40:18 PDT,2128989,specdec-baseline-steps1-20260615_lyris_swerl_qwen235b_fullgrpo_raymatch_r29,RUNNING,None,2026-06-15T07:32:40,7:38,16,coreai_dlalgo_llm,77300,20,19,/lustre/fsw/coreai_dlalgo_llm/users/sna/swerl_fullgrpo_logs/20260615_lyris_swerl_qwen235b_fullgrpo_raymatch_r29/baseline_steps1/2128989-logs/ray-driver.log,true
2026-06-15 07:40:16 PDT,OCI-HSG SWE-RL PARD-2 And MathRL Proof Gates,oci-hsg-cs-001-vscode-02,2026-06-15 07:40:20 PDT,3308774,specdec-pard2-steps1-20260614_oci_hsg_swerl_qwen235b_fullgrpo_pard2_pyoverlay_eager_nolevel_r16,PENDING,Priority,2026-06-15T16:40:00,0:00,16,nemotron_n3_post,131051,1,0,/lustre/fs1/portfolios/coreai/projects/coreai_dlalgo_nemorl/users/sna/swerl_fullgrpo_logs/20260614_oci_hsg_swerl_qwen235b_fullgrpo_pard2_pyoverlay_eager_nolevel_r16/pard2_steps1/latest_235b_scale_gen_job_id.txt,false
2026-06-15 07:40:16 PDT,OCI-HSG SWE-RL PARD-2 And MathRL Proof Gates,oci-hsg-cs-001-vscode-02,2026-06-15 07:40:20 PDT,3315380,online-qwen235b-mathrl-main-baseline-fixed256-step10-N32xG4,PENDING,Priority,2026-06-15T16:40:00,0:00,32,nemotron_n3_post,130999,0,0,,false
2026-06-15 07:40:16 PDT,OCI-HSG SWE-RL PARD-2 And MathRL Proof Gates,oci-hsg-cs-001-vscode-02,2026-06-15 07:40:20 PDT,3315381,online-qwen235b-mathrl-main-pard_k3-fixed256-step10-N32xG4,PENDING,Priority,2026-06-15T16:40:00,0:00,32,nemotron_n3_post,130999,0,0,,false
2026-06-15 07:40:16 PDT,OCI-HSG SWE-RL PARD-2 And MathRL Proof Gates,oci-hsg-cs-001-vscode-02,2026-06-15 07:40:20 PDT,3315382,online-qwen235b-mathrl-main-pard_k5-fixed256-step10-N32xG4,PENDING,Priority,2026-06-15T16:40:00,0:00,32,nemotron_n3_post,130999,0,0,,false
2026-06-15 07:41:33 PDT,Lyris SWE-RL Raymatch/PARD Proof Gates,login-lyris02.lyris.clusters.nvidia.com,2026-06-15 07:41:33 PDT,2128993,specdec-pard2-steps1-20260615_lyris_swerl_qwen235b_fullgrpo_raymatch_r29_afterok,PENDING,Dependency,N/A,0:00,16,coreai_dlalgo_llm,77284,1,0,/lustre/fsw/coreai_dlalgo_llm/users/sna/swerl_fullgrpo_logs/20260615_lyris_swerl_qwen235b_fullgrpo_raymatch_r29_afterok/pard2_steps1/latest_235b_scale_gen_job_id.txt,false
2026-06-15 07:41:33 PDT,Lyris SWE-RL Raymatch/PARD Proof Gates,login-lyris02.lyris.clusters.nvidia.com,2026-06-15 07:41:33 PDT,2128992,specdec-pard-steps1-20260615_lyris_swerl_qwen235b_fullgrpo_raymatch_r29_afterok,PENDING,Dependency,N/A,0:00,16,coreai_dlalgo_llm,77284,1,0,/lustre/fsw/coreai_dlalgo_llm/users/sna/swerl_fullgrpo_logs/20260615_lyris_swerl_qwen235b_fullgrpo_raymatch_r29_afterok/pard_steps1/latest_235b_scale_gen_job_id.txt,false
2026-06-15 07:41:33 PDT,Lyris SWE-RL Raymatch/PARD Proof Gates,login-lyris02.lyris.clusters.nvidia.com,2026-06-15 07:41:33 PDT,2128989,specdec-baseline-steps1-20260615_lyris_swerl_qwen235b_fullgrpo_raymatch_r29,RUNNING,None,2026-06-15T07:32:40,8:53,16,coreai_dlalgo_llm,77300,20,19,/lustre/fsw/coreai_dlalgo_llm/users/sna/swerl_fullgrpo_logs/20260615_lyris_swerl_qwen235b_fullgrpo_raymatch_r29/baseline_steps1/2128989-logs/ray-driver.log,true
2026-06-15 07:41:33 PDT,OCI-HSG SWE-RL PARD-2 And MathRL Proof Gates,oci-hsg-cs-001-vscode-02,2026-06-15 07:41:34 PDT,3308774,specdec-pard2-steps1-20260614_oci_hsg_swerl_qwen235b_fullgrpo_pard2_pyoverlay_eager_nolevel_r16,PENDING,Priority,N/A,0:00,16,nemotron_n3_post,131053,1,0,/lustre/fs1/portfolios/coreai/projects/coreai_dlalgo_nemorl/users/sna/swerl_fullgrpo_logs/20260614_oci_hsg_swerl_qwen235b_fullgrpo_pard2_pyoverlay_eager_nolevel_r16/pard2_steps1/latest_235b_scale_gen_job_id.txt,false
2026-06-15 07:41:33 PDT,OCI-HSG SWE-RL PARD-2 And MathRL Proof Gates,oci-hsg-cs-001-vscode-02,2026-06-15 07:41:34 PDT,3315382,online-qwen235b-mathrl-main-pard_k5-fixed256-step10-N32xG4,PENDING,Priority,N/A,0:00,32,nemotron_n3_post,131000,0,0,,false
2026-06-15 07:41:33 PDT,OCI-HSG SWE-RL PARD-2 And MathRL Proof Gates,oci-hsg-cs-001-vscode-02,2026-06-15 07:41:34 PDT,3315381,online-qwen235b-mathrl-main-pard_k3-fixed256-step10-N32xG4,PENDING,Priority,N/A,0:00,32,nemotron_n3_post,131000,0,0,,false
2026-06-15 07:41:33 PDT,OCI-HSG SWE-RL PARD-2 And MathRL Proof Gates,oci-hsg-cs-001-vscode-02,2026-06-15 07:41:34 PDT,3315380,online-qwen235b-mathrl-main-baseline-fixed256-step10-N32xG4,PENDING,Priority,N/A,0:00,32,nemotron_n3_post,131000,0,0,,false
2026-06-15 07:42:37 PDT,Lyris SWE-RL Raymatch/PARD Proof Gates,login-lyris02.lyris.clusters.nvidia.com,2026-06-15 07:42:38 PDT,2128993,specdec-pard2-steps1-20260615_lyris_swerl_qwen235b_fullgrpo_raymatch_r29_afterok,PENDING,Dependency,N/A,0:00,16,coreai_dlalgo_llm,77284,1,0,/lustre/fsw/coreai_dlalgo_llm/users/sna/swerl_fullgrpo_logs/20260615_lyris_swerl_qwen235b_fullgrpo_raymatch_r29_afterok/pard2_steps1/latest_235b_scale_gen_job_id.txt,false
2026-06-15 07:42:37 PDT,Lyris SWE-RL Raymatch/PARD Proof Gates,login-lyris02.lyris.clusters.nvidia.com,2026-06-15 07:42:38 PDT,2128992,specdec-pard-steps1-20260615_lyris_swerl_qwen235b_fullgrpo_raymatch_r29_afterok,PENDING,Dependency,N/A,0:00,16,coreai_dlalgo_llm,77284,1,0,/lustre/fsw/coreai_dlalgo_llm/users/sna/swerl_fullgrpo_logs/20260615_lyris_swerl_qwen235b_fullgrpo_raymatch_r29_afterok/pard_steps1/latest_235b_scale_gen_job_id.txt,false
2026-06-15 07:42:37 PDT,Lyris SWE-RL Raymatch/PARD Proof Gates,login-lyris02.lyris.clusters.nvidia.com,2026-06-15 07:42:38 PDT,2128989,specdec-baseline-steps1-20260615_lyris_swerl_qwen235b_fullgrpo_raymatch_r29,RUNNING,None,2026-06-15T07:32:40,9:58,16,coreai_dlalgo_llm,77300,20,19,/lustre/fsw/coreai_dlalgo_llm/users/sna/swerl_fullgrpo_logs/20260615_lyris_swerl_qwen235b_fullgrpo_raymatch_r29/baseline_steps1/2128989-logs/ray-driver.log,true
2026-06-15 07:42:37 PDT,OCI-HSG SWE-RL PARD-2 And MathRL Proof Gates,oci-hsg-cs-001-vscode-02,2026-06-15 07:42:38 PDT,3308774,specdec-pard2-steps1-20260614_oci_hsg_swerl_qwen235b_fullgrpo_pard2_pyoverlay_eager_nolevel_r16,PENDING,Priority,2026-06-15T15:50:00,0:00,16,nemotron_n3_post,131053,1,0,/lustre/fs1/portfolios/coreai/projects/coreai_dlalgo_nemorl/users/sna/swerl_fullgrpo_logs/20260614_oci_hsg_swerl_qwen235b_fullgrpo_pard2_pyoverlay_eager_nolevel_r16/pard2_steps1/latest_235b_scale_gen_job_id.txt,false
2026-06-15 07:42:37 PDT,OCI-HSG SWE-RL PARD-2 And MathRL Proof Gates,oci-hsg-cs-001-vscode-02,2026-06-15 07:42:38 PDT,3315380,online-qwen235b-mathrl-main-baseline-fixed256-step10-N32xG4,PENDING,Priority,2026-06-15T16:40:00,0:00,32,nemotron_n3_post,131000,0,0,,false
2026-06-15 07:42:37 PDT,OCI-HSG SWE-RL PARD-2 And MathRL Proof Gates,oci-hsg-cs-001-vscode-02,2026-06-15 07:42:38 PDT,3315381,online-qwen235b-mathrl-main-pard_k3-fixed256-step10-N32xG4,PENDING,Priority,2026-06-15T16:40:00,0:00,32,nemotron_n3_post,131000,0,0,,false
2026-06-15 07:42:37 PDT,OCI-HSG SWE-RL PARD-2 And MathRL Proof Gates,oci-hsg-cs-001-vscode-02,2026-06-15 07:42:38 PDT,3315382,online-qwen235b-mathrl-main-pard_k5-fixed256-step10-N32xG4,PENDING,Priority,2026-06-15T16:40:00,0:00,32,nemotron_n3_post,131000,0,0,,false
2026-06-15 07:45:33 PDT,Lyris SWE-RL Raymatch/PARD Proof Gates,login-lyris02.lyris.clusters.nvidia.com,2026-06-15 07:45:33 PDT,2128993,specdec-pard2-steps1-20260615_lyris_swerl_qwen235b_fullgrpo_raymatch_r29_afterok,PENDING,Dependency,N/A,0:00,16,coreai_dlalgo_llm,77284,1,0,/lustre/fsw/coreai_dlalgo_llm/users/sna/swerl_fullgrpo_logs/20260615_lyris_swerl_qwen235b_fullgrpo_raymatch_r29_afterok/pard2_steps1/latest_235b_scale_gen_job_id.txt,false
2026-06-15 07:45:33 PDT,Lyris SWE-RL Raymatch/PARD Proof Gates,login-lyris02.lyris.clusters.nvidia.com,2026-06-15 07:45:33 PDT,2128992,specdec-pard-steps1-20260615_lyris_swerl_qwen235b_fullgrpo_raymatch_r29_afterok,PENDING,Dependency,N/A,0:00,16,coreai_dlalgo_llm,77284,1,0,/lustre/fsw/coreai_dlalgo_llm/users/sna/swerl_fullgrpo_logs/20260615_lyris_swerl_qwen235b_fullgrpo_raymatch_r29_afterok/pard_steps1/latest_235b_scale_gen_job_id.txt,false
2026-06-15 07:45:33 PDT,Lyris SWE-RL Raymatch/PARD Proof Gates,login-lyris02.lyris.clusters.nvidia.com,2026-06-15 07:45:33 PDT,2128989,specdec-baseline-steps1-20260615_lyris_swerl_qwen235b_fullgrpo_raymatch_r29,RUNNING,None,2026-06-15T07:32:40,12:53,16,coreai_dlalgo_llm,77300,20,19,/lustre/fsw/coreai_dlalgo_llm/users/sna/swerl_fullgrpo_logs/20260615_lyris_swerl_qwen235b_fullgrpo_raymatch_r29/baseline_steps1/2128989-logs/ray-driver.log,true
2026-06-15 07:45:33 PDT,OCI-HSG SWE-RL PARD-2 And MathRL Proof Gates,oci-hsg-cs-001-vscode-02,2026-06-15 07:45:34 PDT,3308774,specdec-pard2-steps1-20260614_oci_hsg_swerl_qwen235b_fullgrpo_pard2_pyoverlay_eager_nolevel_r16,PENDING,Priority,2026-06-15T15:00:00,0:00,16,nemotron_n3_post,131053,1,0,/lustre/fs1/portfolios/coreai/projects/coreai_dlalgo_nemorl/users/sna/swerl_fullgrpo_logs/20260614_oci_hsg_swerl_qwen235b_fullgrpo_pard2_pyoverlay_eager_nolevel_r16/pard2_steps1/latest_235b_scale_gen_job_id.txt,false
2026-06-15 07:45:33 PDT,OCI-HSG SWE-RL PARD-2 And MathRL Proof Gates,oci-hsg-cs-001-vscode-02,2026-06-15 07:45:34 PDT,3315381,online-qwen235b-mathrl-main-pard_k3-fixed256-step10-N32xG4,PENDING,Priority,2026-06-15T16:50:00,0:00,32,nemotron_n3_post,131000,0,0,,false
2026-06-15 07:45:33 PDT,OCI-HSG SWE-RL PARD-2 And MathRL Proof Gates,oci-hsg-cs-001-vscode-02,2026-06-15 07:45:34 PDT,3315382,online-qwen235b-mathrl-main-pard_k5-fixed256-step10-N32xG4,PENDING,Priority,2026-06-15T16:50:00,0:00,32,nemotron_n3_post,131000,0,0,,false
2026-06-15 07:45:33 PDT,OCI-HSG SWE-RL PARD-2 And MathRL Proof Gates,oci-hsg-cs-001-vscode-02,2026-06-15 07:45:34 PDT,3315380,online-qwen235b-mathrl-main-baseline-fixed256-step10-N32xG4,PENDING,Priority,2026-06-15T16:00:00,0:00,32,nemotron_n3_post,131000,0,0,,false
2026-06-15 07:50:39 PDT,Lyris SWE-RL Raymatch/PARD Proof Gates,login-lyris02.lyris.clusters.nvidia.com,2026-06-15 07:50:40 PDT,2128993,specdec-pard2-steps1-20260615_lyris_swerl_qwen235b_fullgrpo_raymatch_r29_afterok,PENDING,Dependency,N/A,0:00,16,coreai_dlalgo_llm,77284,1,0,/lustre/fsw/coreai_dlalgo_llm/users/sna/swerl_fullgrpo_logs/20260615_lyris_swerl_qwen235b_fullgrpo_raymatch_r29_afterok/pard2_steps1/latest_235b_scale_gen_job_id.txt,false
2026-06-15 07:50:39 PDT,Lyris SWE-RL Raymatch/PARD Proof Gates,login-lyris02.lyris.clusters.nvidia.com,2026-06-15 07:50:40 PDT,2128992,specdec-pard-steps1-20260615_lyris_swerl_qwen235b_fullgrpo_raymatch_r29_afterok,PENDING,Dependency,N/A,0:00,16,coreai_dlalgo_llm,77284,1,0,/lustre/fsw/coreai_dlalgo_llm/users/sna/swerl_fullgrpo_logs/20260615_lyris_swerl_qwen235b_fullgrpo_raymatch_r29_afterok/pard_steps1/latest_235b_scale_gen_job_id.txt,false
2026-06-15 07:50:39 PDT,Lyris SWE-RL Raymatch/PARD Proof Gates,login-lyris02.lyris.clusters.nvidia.com,2026-06-15 07:50:40 PDT,2128989,specdec-baseline-steps1-20260615_lyris_swerl_qwen235b_fullgrpo_raymatch_r29,RUNNING,None,2026-06-15T07:32:40,18:00,16,coreai_dlalgo_llm,77300,20,19,/lustre/fsw/coreai_dlalgo_llm/users/sna/swerl_fullgrpo_logs/20260615_lyris_swerl_qwen235b_fullgrpo_raymatch_r29/baseline_steps1/2128989-logs/ray-driver.log,true
2026-06-15 07:50:39 PDT,OCI-HSG SWE-RL PARD-2 And MathRL Proof Gates,oci-hsg-cs-001-vscode-02,2026-06-15 07:50:40 PDT,3308774,specdec-pard2-steps1-20260614_oci_hsg_swerl_qwen235b_fullgrpo_pard2_pyoverlay_eager_nolevel_r16,PENDING,Priority,2026-06-15T12:30:00,0:00,16,nemotron_n3_post,131053,1,0,/lustre/fs1/portfolios/coreai/projects/coreai_dlalgo_nemorl/users/sna/swerl_fullgrpo_logs/20260614_oci_hsg_swerl_qwen235b_fullgrpo_pard2_pyoverlay_eager_nolevel_r16/pard2_steps1/latest_235b_scale_gen_job_id.txt,false
2026-06-15 07:50:39 PDT,OCI-HSG SWE-RL PARD-2 And MathRL Proof Gates,oci-hsg-cs-001-vscode-02,2026-06-15 07:50:40 PDT,3315382,online-qwen235b-mathrl-main-pard_k5-fixed256-step10-N32xG4,PENDING,Priority,2026-06-15T16:40:00,0:00,32,nemotron_n3_post,131001,0,0,,false
2026-06-15 07:50:39 PDT,OCI-HSG SWE-RL PARD-2 And MathRL Proof Gates,oci-hsg-cs-001-vscode-02,2026-06-15 07:50:40 PDT,3315381,online-qwen235b-mathrl-main-pard_k3-fixed256-step10-N32xG4,PENDING,Priority,2026-06-15T16:30:00,0:00,32,nemotron_n3_post,131001,0,0,,false
2026-06-15 07:50:39 PDT,OCI-HSG SWE-RL PARD-2 And MathRL Proof Gates,oci-hsg-cs-001-vscode-02,2026-06-15 07:50:40 PDT,3315380,online-qwen235b-mathrl-main-baseline-fixed256-step10-N32xG4,PENDING,Priority,2026-06-15T15:50:00,0:00,32,nemotron_n3_post,131001,0,0,,false
2026-06-15 07:57:57 PDT,Lyris SWE-RL Raymatch/PARD Proof Gates,login-lyris02.lyris.clusters.nvidia.com,2026-06-15 07:57:57 PDT,2129206,specdec-pard2-steps1-20260615_lyris_swerl_qwen235b_fullgrpo_raymatch_tmpcache_r30_afterok,PENDING,Dependency,N/A,0:00,16,coreai_dlalgo_llm,77284,1,0,/lustre/fsw/coreai_dlalgo_llm/users/sna/swerl_fullgrpo_logs/20260615_lyris_swerl_qwen235b_fullgrpo_raymatch_tmpcache_r30_afterok/pard2_steps1/latest_235b_scale_gen_job_id.txt,false
2026-06-15 07:57:57 PDT,Lyris SWE-RL Raymatch/PARD Proof Gates,login-lyris02.lyris.clusters.nvidia.com,2026-06-15 07:57:57 PDT,2129205,specdec-pard-steps1-20260615_lyris_swerl_qwen235b_fullgrpo_raymatch_tmpcache_r30_afterok,PENDING,Dependency,N/A,0:00,16,coreai_dlalgo_llm,77284,1,0,/lustre/fsw/coreai_dlalgo_llm/users/sna/swerl_fullgrpo_logs/20260615_lyris_swerl_qwen235b_fullgrpo_raymatch_tmpcache_r30_afterok/pard_steps1/latest_235b_scale_gen_job_id.txt,false
2026-06-15 07:57:57 PDT,Lyris SWE-RL Raymatch/PARD Proof Gates,login-lyris02.lyris.clusters.nvidia.com,2026-06-15 07:57:57 PDT,2129203,specdec-baseline-steps1-20260615_lyris_swerl_qwen235b_fullgrpo_raymatch_tmpcache_r30,RUNNING,Prolog,2026-06-15T07:57:46,0:11,16,coreai_dlalgo_llm,77298,1,0,/lustre/fsw/coreai_dlalgo_llm/users/sna/swerl_fullgrpo_logs/20260615_lyris_swerl_qwen235b_fullgrpo_raymatch_tmpcache_r30/baseline_steps1/latest_235b_scale_gen_job_id.txt,false
2026-06-15 07:57:57 PDT,OCI-HSG SWE-RL PARD-2 And MathRL Proof Gates,oci-hsg-cs-001-vscode-02,2026-06-15 07:57:58 PDT,3308774,specdec-pard2-steps1-20260614_oci_hsg_swerl_qwen235b_fullgrpo_pard2_pyoverlay_eager_nolevel_r16,PENDING,Priority,2026-06-15T12:40:00,0:00,16,nemotron_n3_post,133134,1,0,/lustre/fs1/portfolios/coreai/projects/coreai_dlalgo_nemorl/users/sna/swerl_fullgrpo_logs/20260614_oci_hsg_swerl_qwen235b_fullgrpo_pard2_pyoverlay_eager_nolevel_r16/pard2_steps1/latest_235b_scale_gen_job_id.txt,false
2026-06-15 07:57:57 PDT,OCI-HSG SWE-RL PARD-2 And MathRL Proof Gates,oci-hsg-cs-001-vscode-02,2026-06-15 07:57:58 PDT,3315382,online-qwen235b-mathrl-main-pard_k5-fixed256-step10-N32xG4,PENDING,Priority,2026-06-15T13:40:00,0:00,32,nemotron_n3_post,133082,0,0,,false
2026-06-15 07:57:57 PDT,OCI-HSG SWE-RL PARD-2 And MathRL Proof Gates,oci-hsg-cs-001-vscode-02,2026-06-15 07:57:58 PDT,3315380,online-qwen235b-mathrl-main-baseline-fixed256-step10-N32xG4,PENDING,Priority,2026-06-15T12:50:00,0:00,32,nemotron_n3_post,133082,0,0,,false
2026-06-15 07:57:57 PDT,OCI-HSG SWE-RL PARD-2 And MathRL Proof Gates,oci-hsg-cs-001-vscode-02,2026-06-15 07:57:58 PDT,3315381,online-qwen235b-mathrl-main-pard_k3-fixed256-step10-N32xG4,PENDING,Priority,2026-06-15T12:50:00,0:00,32,nemotron_n3_post,133082,0,0,,false
2026-06-15 08:00:02 PDT,Lyris SWE-RL Raymatch/PARD Proof Gates,login-lyris02.lyris.clusters.nvidia.com,2026-06-15 08:00:03 PDT,2129206,specdec-pard2-steps1-20260615_lyris_swerl_qwen235b_fullgrpo_raymatch_tmpcache_r30_afterok,PENDING,Dependency,N/A,0:00,16,coreai_dlalgo_llm,77284,1,0,/lustre/fsw/coreai_dlalgo_llm/users/sna/swerl_fullgrpo_logs/20260615_lyris_swerl_qwen235b_fullgrpo_raymatch_tmpcache_r30_afterok/pard2_steps1/latest_235b_scale_gen_job_id.txt,false
2026-06-15 08:00:02 PDT,Lyris SWE-RL Raymatch/PARD Proof Gates,login-lyris02.lyris.clusters.nvidia.com,2026-06-15 08:00:03 PDT,2129205,specdec-pard-steps1-20260615_lyris_swerl_qwen235b_fullgrpo_raymatch_tmpcache_r30_afterok,PENDING,Dependency,N/A,0:00,16,coreai_dlalgo_llm,77284,1,0,/lustre/fsw/coreai_dlalgo_llm/users/sna/swerl_fullgrpo_logs/20260615_lyris_swerl_qwen235b_fullgrpo_raymatch_tmpcache_r30_afterok/pard_steps1/latest_235b_scale_gen_job_id.txt,false
2026-06-15 08:00:02 PDT,Lyris SWE-RL Raymatch/PARD Proof Gates,login-lyris02.lyris.clusters.nvidia.com,2026-06-15 08:00:03 PDT,2129203,specdec-baseline-steps1-20260615_lyris_swerl_qwen235b_fullgrpo_raymatch_tmpcache_r30,RUNNING,None,2026-06-15T07:57:46,2:17,16,coreai_dlalgo_llm,77298,20,19,/lustre/fsw/coreai_dlalgo_llm/users/sna/swerl_fullgrpo_logs/20260615_lyris_swerl_qwen235b_fullgrpo_raymatch_tmpcache_r30/baseline_steps1/2129203-logs/ray-driver.log,true
2026-06-15 08:00:02 PDT,OCI-HSG SWE-RL PARD-2 And MathRL Proof Gates,oci-hsg-cs-001-vscode-02,2026-06-15 08:00:04 PDT,3308774,specdec-pard2-steps1-20260614_oci_hsg_swerl_qwen235b_fullgrpo_pard2_pyoverlay_eager_nolevel_r16,PENDING,Priority,2026-06-15T12:40:00,0:00,16,nemotron_n3_post,133134,1,0,/lustre/fs1/portfolios/coreai/projects/coreai_dlalgo_nemorl/users/sna/swerl_fullgrpo_logs/20260614_oci_hsg_swerl_qwen235b_fullgrpo_pard2_pyoverlay_eager_nolevel_r16/pard2_steps1/latest_235b_scale_gen_job_id.txt,false
2026-06-15 08:00:02 PDT,OCI-HSG SWE-RL PARD-2 And MathRL Proof Gates,oci-hsg-cs-001-vscode-02,2026-06-15 08:00:04 PDT,3315382,online-qwen235b-mathrl-main-pard_k5-fixed256-step10-N32xG4,PENDING,Priority,2026-06-15T14:20:00,0:00,32,nemotron_n3_post,133082,0,0,,false
2026-06-15 08:00:02 PDT,OCI-HSG SWE-RL PARD-2 And MathRL Proof Gates,oci-hsg-cs-001-vscode-02,2026-06-15 08:00:04 PDT,3315381,online-qwen235b-mathrl-main-pard_k3-fixed256-step10-N32xG4,PENDING,Priority,2026-06-15T13:30:00,0:00,32,nemotron_n3_post,133082,0,0,,false
2026-06-15 08:00:02 PDT,OCI-HSG SWE-RL PARD-2 And MathRL Proof Gates,oci-hsg-cs-001-vscode-02,2026-06-15 08:00:04 PDT,3315380,online-qwen235b-mathrl-main-baseline-fixed256-step10-N32xG4,PENDING,Priority,2026-06-15T12:40:00,0:00,32,nemotron_n3_post,133082,0,0,,false
2026-06-15 08:03:28 PDT,Lyris SWE-RL Raymatch/PARD Proof Gates,login-lyris02.lyris.clusters.nvidia.com,2026-06-15 08:03:29 PDT,2129206,specdec-pard2-steps1-20260615_lyris_swerl_qwen235b_fullgrpo_raymatch_tmpcache_r30_afterok,PENDING,Dependency,N/A,0:00,16,coreai_dlalgo_llm,77284,1,0,/lustre/fsw/coreai_dlalgo_llm/users/sna/swerl_fullgrpo_logs/20260615_lyris_swerl_qwen235b_fullgrpo_raymatch_tmpcache_r30_afterok/pard2_steps1/latest_235b_scale_gen_job_id.txt,false
2026-06-15 08:03:28 PDT,Lyris SWE-RL Raymatch/PARD Proof Gates,login-lyris02.lyris.clusters.nvidia.com,2026-06-15 08:03:29 PDT,2129205,specdec-pard-steps1-20260615_lyris_swerl_qwen235b_fullgrpo_raymatch_tmpcache_r30_afterok,PENDING,Dependency,N/A,0:00,16,coreai_dlalgo_llm,77284,1,0,/lustre/fsw/coreai_dlalgo_llm/users/sna/swerl_fullgrpo_logs/20260615_lyris_swerl_qwen235b_fullgrpo_raymatch_tmpcache_r30_afterok/pard_steps1/latest_235b_scale_gen_job_id.txt,false
2026-06-15 08:03:28 PDT,Lyris SWE-RL Raymatch/PARD Proof Gates,login-lyris02.lyris.clusters.nvidia.com,2026-06-15 08:03:29 PDT,2129203,specdec-baseline-steps1-20260615_lyris_swerl_qwen235b_fullgrpo_raymatch_tmpcache_r30,RUNNING,None,2026-06-15T07:57:46,5:43,16,coreai_dlalgo_llm,77298,20,19,/lustre/fsw/coreai_dlalgo_llm/users/sna/swerl_fullgrpo_logs/20260615_lyris_swerl_qwen235b_fullgrpo_raymatch_tmpcache_r30/baseline_steps1/2129203-logs/ray-driver.log,true
2026-06-15 08:03:28 PDT,OCI-HSG SWE-RL PARD-2 And MathRL Proof Gates,oci-hsg-cs-001-vscode-02,2026-06-15 08:03:32 PDT,3308774,specdec-pard2-steps1-20260614_oci_hsg_swerl_qwen235b_fullgrpo_pard2_pyoverlay_eager_nolevel_r16,PENDING,Priority,2026-06-15T11:55:46,0:00,16,nemotron_n3_post,133707,1,0,/lustre/fs1/portfolios/coreai/projects/coreai_dlalgo_nemorl/users/sna/swerl_fullgrpo_logs/20260614_oci_hsg_swerl_qwen235b_fullgrpo_pard2_pyoverlay_eager_nolevel_r16/pard2_steps1/latest_235b_scale_gen_job_id.txt,false
2026-06-15 08:03:28 PDT,OCI-HSG SWE-RL PARD-2 And MathRL Proof Gates,oci-hsg-cs-001-vscode-02,2026-06-15 08:03:32 PDT,3315382,online-qwen235b-mathrl-main-pard_k5-fixed256-step10-N32xG4,PENDING,Priority,2026-06-15T13:40:00,0:00,32,nemotron_n3_post,133654,0,0,,false
2026-06-15 08:03:28 PDT,OCI-HSG SWE-RL PARD-2 And MathRL Proof Gates,oci-hsg-cs-001-vscode-02,2026-06-15 08:03:32 PDT,3315380,online-qwen235b-mathrl-main-baseline-fixed256-step10-N32xG4,PENDING,Priority,2026-06-15T12:50:00,0:00,32,nemotron_n3_post,133654,0,0,,false
2026-06-15 08:03:28 PDT,OCI-HSG SWE-RL PARD-2 And MathRL Proof Gates,oci-hsg-cs-001-vscode-02,2026-06-15 08:03:32 PDT,3315381,online-qwen235b-mathrl-main-pard_k3-fixed256-step10-N32xG4,PENDING,Priority,2026-06-15T12:50:00,0:00,32,nemotron_n3_post,133654,0,0,,false
2026-06-15 08:04:32 PDT,Lyris SWE-RL Raymatch/PARD Proof Gates,login-lyris02.lyris.clusters.nvidia.com,2026-06-15 08:04:32 PDT,2129206,specdec-pard2-steps1-20260615_lyris_swerl_qwen235b_fullgrpo_raymatch_tmpcache_r30_afterok,PENDING,Dependency,N/A,0:00,16,coreai_dlalgo_llm,77284,1,0,/lustre/fsw/coreai_dlalgo_llm/users/sna/swerl_fullgrpo_logs/20260615_lyris_swerl_qwen235b_fullgrpo_raymatch_tmpcache_r30_afterok/pard2_steps1/latest_235b_scale_gen_job_id.txt,false
2026-06-15 08:04:32 PDT,Lyris SWE-RL Raymatch/PARD Proof Gates,login-lyris02.lyris.clusters.nvidia.com,2026-06-15 08:04:32 PDT,2129205,specdec-pard-steps1-20260615_lyris_swerl_qwen235b_fullgrpo_raymatch_tmpcache_r30_afterok,PENDING,Dependency,N/A,0:00,16,coreai_dlalgo_llm,77284,1,0,/lustre/fsw/coreai_dlalgo_llm/users/sna/swerl_fullgrpo_logs/20260615_lyris_swerl_qwen235b_fullgrpo_raymatch_tmpcache_r30_afterok/pard_steps1/latest_235b_scale_gen_job_id.txt,false
2026-06-15 08:04:32 PDT,Lyris SWE-RL Raymatch/PARD Proof Gates,login-lyris02.lyris.clusters.nvidia.com,2026-06-15 08:04:32 PDT,2129203,specdec-baseline-steps1-20260615_lyris_swerl_qwen235b_fullgrpo_raymatch_tmpcache_r30,RUNNING,None,2026-06-15T07:57:46,6:46,16,coreai_dlalgo_llm,77298,20,19,/lustre/fsw/coreai_dlalgo_llm/users/sna/swerl_fullgrpo_logs/20260615_lyris_swerl_qwen235b_fullgrpo_raymatch_tmpcache_r30/baseline_steps1/2129203-logs/ray-driver.log,true
2026-06-15 08:04:32 PDT,OCI-HSG SWE-RL PARD-2 And MathRL Proof Gates,oci-hsg-cs-001-vscode-02,2026-06-15 08:04:33 PDT,3308774,specdec-pard2-steps1-20260614_oci_hsg_swerl_qwen235b_fullgrpo_pard2_pyoverlay_eager_nolevel_r16,PENDING,Priority,2026-06-15T11:40:00,0:00,16,nemotron_n3_post,133707,1,0,/lustre/fs1/portfolios/coreai/projects/coreai_dlalgo_nemorl/users/sna/swerl_fullgrpo_logs/20260614_oci_hsg_swerl_qwen235b_fullgrpo_pard2_pyoverlay_eager_nolevel_r16/pard2_steps1/latest_235b_scale_gen_job_id.txt,false
2026-06-15 08:04:32 PDT,OCI-HSG SWE-RL PARD-2 And MathRL Proof Gates,oci-hsg-cs-001-vscode-02,2026-06-15 08:04:33 PDT,3315380,online-qwen235b-mathrl-main-baseline-fixed256-step10-N32xG4,PENDING,Priority,2026-06-15T11:52:41,0:00,32,nemotron_n3_post,133654,0,0,,false
2026-06-15 08:04:32 PDT,OCI-HSG SWE-RL PARD-2 And MathRL Proof Gates,oci-hsg-cs-001-vscode-02,2026-06-15 08:04:33 PDT,3315382,online-qwen235b-mathrl-main-pard_k5-fixed256-step10-N32xG4,PENDING,Priority,N/A,0:00,32,nemotron_n3_post,133654,0,0,,false
2026-06-15 08:04:32 PDT,OCI-HSG SWE-RL PARD-2 And MathRL Proof Gates,oci-hsg-cs-001-vscode-02,2026-06-15 08:04:33 PDT,3315381,online-qwen235b-mathrl-main-pard_k3-fixed256-step10-N32xG4,PENDING,Priority,N/A,0:00,32,nemotron_n3_post,133654,0,0,,false
2026-06-15 08:09:37 PDT,Lyris SWE-RL Raymatch/PARD Proof Gates,login-lyris02.lyris.clusters.nvidia.com,2026-06-15 08:09:37 PDT,2129272,specdec-pard2-steps1-20260615_lyris_swerl_qwen235b_fullgrpo_raymatch_tmpcache_r30_afterok,PENDING,Dependency,N/A,0:00,16,coreai_dlalgo_llm,77284,1,0,/lustre/fsw/coreai_dlalgo_llm/users/sna/swerl_fullgrpo_logs/20260615_lyris_swerl_qwen235b_fullgrpo_raymatch_tmpcache_r30_afterok/pard2_steps1/latest_235b_scale_gen_job_id.txt,false
2026-06-15 08:09:37 PDT,Lyris SWE-RL Raymatch/PARD Proof Gates,login-lyris02.lyris.clusters.nvidia.com,2026-06-15 08:09:37 PDT,2129271,specdec-pard-steps1-20260615_lyris_swerl_qwen235b_fullgrpo_raymatch_tmpcache_r30_afterok,PENDING,Dependency,N/A,0:00,16,coreai_dlalgo_llm,77284,1,0,/lustre/fsw/coreai_dlalgo_llm/users/sna/swerl_fullgrpo_logs/20260615_lyris_swerl_qwen235b_fullgrpo_raymatch_tmpcache_r30_afterok/pard_steps1/latest_235b_scale_gen_job_id.txt,false
2026-06-15 08:09:37 PDT,Lyris SWE-RL Raymatch/PARD Proof Gates,login-lyris02.lyris.clusters.nvidia.com,2026-06-15 08:09:37 PDT,2129203,specdec-baseline-steps1-20260615_lyris_swerl_qwen235b_fullgrpo_raymatch_tmpcache_r30,RUNNING,None,2026-06-15T07:57:46,11:51,16,coreai_dlalgo_llm,77298,20,19,/lustre/fsw/coreai_dlalgo_llm/users/sna/swerl_fullgrpo_logs/20260615_lyris_swerl_qwen235b_fullgrpo_raymatch_tmpcache_r30/baseline_steps1/2129203-logs/ray-driver.log,true
2026-06-15 08:09:37 PDT,OCI-HSG SWE-RL PARD-2 And MathRL Proof Gates,oci-hsg-cs-001-vscode-02,2026-06-15 08:09:38 PDT,3308774,specdec-pard2-steps1-20260614_oci_hsg_swerl_qwen235b_fullgrpo_pard2_pyoverlay_eager_nolevel_r16,PENDING,Priority,2026-06-15T08:45:55,0:00,16,nemotron_n3_post,133707,1,0,/lustre/fs1/portfolios/coreai/projects/coreai_dlalgo_nemorl/users/sna/swerl_fullgrpo_logs/20260614_oci_hsg_swerl_qwen235b_fullgrpo_pard2_pyoverlay_eager_nolevel_r16/pard2_steps1/latest_235b_scale_gen_job_id.txt,false
2026-06-15 08:09:37 PDT,OCI-HSG SWE-RL PARD-2 And MathRL Proof Gates,oci-hsg-cs-001-vscode-02,2026-06-15 08:09:38 PDT,3315382,online-qwen235b-mathrl-main-pard_k5-fixed256-step10-N32xG4,PENDING,Priority,2026-06-15T14:30:00,0:00,32,nemotron_n3_post,133655,0,0,,false
2026-06-15 08:09:37 PDT,OCI-HSG SWE-RL PARD-2 And MathRL Proof Gates,oci-hsg-cs-001-vscode-02,2026-06-15 08:09:38 PDT,3315381,online-qwen235b-mathrl-main-pard_k3-fixed256-step10-N32xG4,PENDING,Priority,2026-06-15T14:20:00,0:00,32,nemotron_n3_post,133655,0,0,,false
2026-06-15 08:09:37 PDT,OCI-HSG SWE-RL PARD-2 And MathRL Proof Gates,oci-hsg-cs-001-vscode-02,2026-06-15 08:09:38 PDT,3315380,online-qwen235b-mathrl-main-baseline-fixed256-step10-N32xG4,PENDING,Priority,2026-06-15T11:00:00,0:00,32,nemotron_n3_post,133655,0,0,,false
2026-06-15 08:13:01 PDT,Lyris SWE-RL Raymatch/PARD Proof Gates,login-lyris02.lyris.clusters.nvidia.com,2026-06-15 08:13:01 PDT,2129272,specdec-pard2-steps1-20260615_lyris_swerl_qwen235b_fullgrpo_raymatch_tmpcache_r30_afterok,PENDING,Dependency,N/A,0:00,16,coreai_dlalgo_llm,77284,1,0,/lustre/fsw/coreai_dlalgo_llm/users/sna/swerl_fullgrpo_logs/20260615_lyris_swerl_qwen235b_fullgrpo_raymatch_tmpcache_r30_afterok/pard2_steps1/latest_235b_scale_gen_job_id.txt,false
2026-06-15 08:13:01 PDT,Lyris SWE-RL Raymatch/PARD Proof Gates,login-lyris02.lyris.clusters.nvidia.com,2026-06-15 08:13:01 PDT,2129271,specdec-pard-steps1-20260615_lyris_swerl_qwen235b_fullgrpo_raymatch_tmpcache_r30_afterok,PENDING,Dependency,N/A,0:00,16,coreai_dlalgo_llm,77284,1,0,/lustre/fsw/coreai_dlalgo_llm/users/sna/swerl_fullgrpo_logs/20260615_lyris_swerl_qwen235b_fullgrpo_raymatch_tmpcache_r30_afterok/pard_steps1/latest_235b_scale_gen_job_id.txt,false
2026-06-15 08:13:01 PDT,Lyris SWE-RL Raymatch/PARD Proof Gates,login-lyris02.lyris.clusters.nvidia.com,2026-06-15 08:13:01 PDT,2129203,specdec-baseline-steps1-20260615_lyris_swerl_qwen235b_fullgrpo_raymatch_tmpcache_r30,RUNNING,None,2026-06-15T07:57:46,15:15,16,coreai_dlalgo_llm,77298,20,19,/lustre/fsw/coreai_dlalgo_llm/users/sna/swerl_fullgrpo_logs/20260615_lyris_swerl_qwen235b_fullgrpo_raymatch_tmpcache_r30/baseline_steps1/2129203-logs/ray-driver.log,true
2026-06-15 08:13:01 PDT,OCI-HSG SWE-RL PARD-2 And MathRL Proof Gates,oci-hsg-cs-001-vscode-02,2026-06-15 08:13:02 PDT,3308774,specdec-pard2-steps1-20260614_oci_hsg_swerl_qwen235b_fullgrpo_pard2_pyoverlay_eager_nolevel_r16,PENDING,Priority,2026-06-15T10:47:44,0:00,16,nemotron_n3_post,133708,1,0,/lustre/fs1/portfolios/coreai/projects/coreai_dlalgo_nemorl/users/sna/swerl_fullgrpo_logs/20260614_oci_hsg_swerl_qwen235b_fullgrpo_pard2_pyoverlay_eager_nolevel_r16/pard2_steps1/latest_235b_scale_gen_job_id.txt,false
2026-06-15 08:13:01 PDT,OCI-HSG SWE-RL PARD-2 And MathRL Proof Gates,oci-hsg-cs-001-vscode-02,2026-06-15 08:13:02 PDT,3315382,online-qwen235b-mathrl-main-pard_k5-fixed256-step10-N32xG4,PENDING,Priority,2026-06-15T13:40:00,0:00,32,nemotron_n3_post,133655,0,0,,false
2026-06-15 08:13:01 PDT,OCI-HSG SWE-RL PARD-2 And MathRL Proof Gates,oci-hsg-cs-001-vscode-02,2026-06-15 08:13:02 PDT,3315381,online-qwen235b-mathrl-main-pard_k3-fixed256-step10-N32xG4,PENDING,Priority,2026-06-15T12:50:00,0:00,32,nemotron_n3_post,133655,0,0,,false
2026-06-15 08:13:01 PDT,OCI-HSG SWE-RL PARD-2 And MathRL Proof Gates,oci-hsg-cs-001-vscode-02,2026-06-15 08:13:02 PDT,3315380,online-qwen235b-mathrl-main-baseline-fixed256-step10-N32xG4,PENDING,Priority,2026-06-15T11:50:00,0:00,32,nemotron_n3_post,133655,0,0,,false
2026-06-15 08:15:28 PDT,Lyris SWE-RL Raymatch/PARD Proof Gates,login-lyris02.lyris.clusters.nvidia.com,2026-06-15 08:15:28 PDT,2129272,specdec-pard2-steps1-20260615_lyris_swerl_qwen235b_fullgrpo_raymatch_tmpcache_r30_afterok,PENDING,Dependency,N/A,0:00,16,coreai_dlalgo_llm,77284,1,0,/lustre/fsw/coreai_dlalgo_llm/users/sna/swerl_fullgrpo_logs/20260615_lyris_swerl_qwen235b_fullgrpo_raymatch_tmpcache_r30_afterok/pard2_steps1/latest_235b_scale_gen_job_id.txt,false
2026-06-15 08:15:28 PDT,Lyris SWE-RL Raymatch/PARD Proof Gates,login-lyris02.lyris.clusters.nvidia.com,2026-06-15 08:15:28 PDT,2129271,specdec-pard-steps1-20260615_lyris_swerl_qwen235b_fullgrpo_raymatch_tmpcache_r30_afterok,PENDING,Dependency,N/A,0:00,16,coreai_dlalgo_llm,77284,1,0,/lustre/fsw/coreai_dlalgo_llm/users/sna/swerl_fullgrpo_logs/20260615_lyris_swerl_qwen235b_fullgrpo_raymatch_tmpcache_r30_afterok/pard_steps1/latest_235b_scale_gen_job_id.txt,false
2026-06-15 08:15:28 PDT,Lyris SWE-RL Raymatch/PARD Proof Gates,login-lyris02.lyris.clusters.nvidia.com,2026-06-15 08:15:28 PDT,2129203,specdec-baseline-steps1-20260615_lyris_swerl_qwen235b_fullgrpo_raymatch_tmpcache_r30,RUNNING,None,2026-06-15T07:57:46,17:42,16,coreai_dlalgo_llm,77298,20,19,/lustre/fsw/coreai_dlalgo_llm/users/sna/swerl_fullgrpo_logs/20260615_lyris_swerl_qwen235b_fullgrpo_raymatch_tmpcache_r30/baseline_steps1/2129203-logs/ray-driver.log,true
2026-06-15 08:15:28 PDT,OCI-HSG SWE-RL PARD-2 And MathRL Proof Gates,oci-hsg-cs-001-vscode-02,2026-06-15 08:15:29 PDT,3308774,specdec-pard2-steps1-20260614_oci_hsg_swerl_qwen235b_fullgrpo_pard2_pyoverlay_eager_nolevel_r16,PENDING,Priority,2026-06-15T09:50:00,0:00,16,nemotron_n3_post,133708,1,0,/lustre/fs1/portfolios/coreai/projects/coreai_dlalgo_nemorl/users/sna/swerl_fullgrpo_logs/20260614_oci_hsg_swerl_qwen235b_fullgrpo_pard2_pyoverlay_eager_nolevel_r16/pard2_steps1/latest_235b_scale_gen_job_id.txt,false
2026-06-15 08:15:28 PDT,OCI-HSG SWE-RL PARD-2 And MathRL Proof Gates,oci-hsg-cs-001-vscode-02,2026-06-15 08:15:29 PDT,3315382,online-qwen235b-mathrl-main-pard_k5-fixed256-step10-N32xG4,PENDING,Priority,2026-06-15T13:40:00,0:00,32,nemotron_n3_post,133655,0,0,,false
2026-06-15 08:15:28 PDT,OCI-HSG SWE-RL PARD-2 And MathRL Proof Gates,oci-hsg-cs-001-vscode-02,2026-06-15 08:15:29 PDT,3315381,online-qwen235b-mathrl-main-pard_k3-fixed256-step10-N32xG4,PENDING,Priority,2026-06-15T12:50:00,0:00,32,nemotron_n3_post,133655,0,0,,false
2026-06-15 08:15:28 PDT,OCI-HSG SWE-RL PARD-2 And MathRL Proof Gates,oci-hsg-cs-001-vscode-02,2026-06-15 08:15:29 PDT,3315380,online-qwen235b-mathrl-main-baseline-fixed256-step10-N32xG4,PENDING,Priority,2026-06-15T12:09:20,0:00,32,nemotron_n3_post,133655,0,0,,false
2026-06-15 08:16:18 PDT,Lyris SWE-RL Raymatch/PARD Proof Gates,login-lyris02.lyris.clusters.nvidia.com,2026-06-15 08:16:19 PDT,2129272,specdec-pard2-steps1-20260615_lyris_swerl_qwen235b_fullgrpo_raymatch_tmpcache_r30_afterok,PENDING,Dependency,N/A,0:00,16,coreai_dlalgo_llm,77284,1,0,/lustre/fsw/coreai_dlalgo_llm/users/sna/swerl_fullgrpo_logs/20260615_lyris_swerl_qwen235b_fullgrpo_raymatch_tmpcache_r30_afterok/pard2_steps1/latest_235b_scale_gen_job_id.txt,false
2026-06-15 08:16:18 PDT,Lyris SWE-RL Raymatch/PARD Proof Gates,login-lyris02.lyris.clusters.nvidia.com,2026-06-15 08:16:19 PDT,2129271,specdec-pard-steps1-20260615_lyris_swerl_qwen235b_fullgrpo_raymatch_tmpcache_r30_afterok,PENDING,Dependency,N/A,0:00,16,coreai_dlalgo_llm,77284,1,0,/lustre/fsw/coreai_dlalgo_llm/users/sna/swerl_fullgrpo_logs/20260615_lyris_swerl_qwen235b_fullgrpo_raymatch_tmpcache_r30_afterok/pard_steps1/latest_235b_scale_gen_job_id.txt,false
2026-06-15 08:16:18 PDT,Lyris SWE-RL Raymatch/PARD Proof Gates,login-lyris02.lyris.clusters.nvidia.com,2026-06-15 08:16:19 PDT,2129203,specdec-baseline-steps1-20260615_lyris_swerl_qwen235b_fullgrpo_raymatch_tmpcache_r30,RUNNING,None,2026-06-15T07:57:46,18:34,16,coreai_dlalgo_llm,77298,20,19,/lustre/fsw/coreai_dlalgo_llm/users/sna/swerl_fullgrpo_logs/20260615_lyris_swerl_qwen235b_fullgrpo_raymatch_tmpcache_r30/baseline_steps1/2129203-logs/ray-driver.log,true
2026-06-15 08:16:18 PDT,OCI-HSG SWE-RL PARD-2 And MathRL Proof Gates,oci-hsg-cs-001-vscode-02,2026-06-15 08:16:21 PDT,3308774,specdec-pard2-steps1-20260614_oci_hsg_swerl_qwen235b_fullgrpo_pard2_pyoverlay_eager_nolevel_r16,PENDING,Priority,N/A,0:00,16,nemotron_n3_post,133708,1,0,/lustre/fs1/portfolios/coreai/projects/coreai_dlalgo_nemorl/users/sna/swerl_fullgrpo_logs/20260614_oci_hsg_swerl_qwen235b_fullgrpo_pard2_pyoverlay_eager_nolevel_r16/pard2_steps1/latest_235b_scale_gen_job_id.txt,false
2026-06-15 08:16:18 PDT,OCI-HSG SWE-RL PARD-2 And MathRL Proof Gates,oci-hsg-cs-001-vscode-02,2026-06-15 08:16:21 PDT,3315382,online-qwen235b-mathrl-main-pard_k5-fixed256-step10-N32xG4,PENDING,Priority,N/A,0:00,32,nemotron_n3_post,133656,0,0,,false
2026-06-15 08:16:18 PDT,OCI-HSG SWE-RL PARD-2 And MathRL Proof Gates,oci-hsg-cs-001-vscode-02,2026-06-15 08:16:21 PDT,3315381,online-qwen235b-mathrl-main-pard_k3-fixed256-step10-N32xG4,PENDING,Priority,N/A,0:00,32,nemotron_n3_post,133656,0,0,,false
2026-06-15 08:16:18 PDT,OCI-HSG SWE-RL PARD-2 And MathRL Proof Gates,oci-hsg-cs-001-vscode-02,2026-06-15 08:16:21 PDT,3315380,online-qwen235b-mathrl-main-baseline-fixed256-step10-N32xG4,PENDING,Priority,N/A,0:00,32,nemotron_n3_post,133656,0,0,,false
2026-06-15 08:17:30 PDT,Lyris SWE-RL Raymatch/PARD Proof Gates,login-lyris02.lyris.clusters.nvidia.com,2026-06-15 08:17:30 PDT,2129272,specdec-pard2-steps1-20260615_lyris_swerl_qwen235b_fullgrpo_raymatch_tmpcache_r30_afterok,PENDING,Dependency,N/A,0:00,16,coreai_dlalgo_llm,77284,1,0,/lustre/fsw/coreai_dlalgo_llm/users/sna/swerl_fullgrpo_logs/20260615_lyris_swerl_qwen235b_fullgrpo_raymatch_tmpcache_r30_afterok/pard2_steps1/latest_235b_scale_gen_job_id.txt,false
2026-06-15 08:17:30 PDT,Lyris SWE-RL Raymatch/PARD Proof Gates,login-lyris02.lyris.clusters.nvidia.com,2026-06-15 08:17:30 PDT,2129271,specdec-pard-steps1-20260615_lyris_swerl_qwen235b_fullgrpo_raymatch_tmpcache_r30_afterok,PENDING,Dependency,N/A,0:00,16,coreai_dlalgo_llm,77284,1,0,/lustre/fsw/coreai_dlalgo_llm/users/sna/swerl_fullgrpo_logs/20260615_lyris_swerl_qwen235b_fullgrpo_raymatch_tmpcache_r30_afterok/pard_steps1/latest_235b_scale_gen_job_id.txt,false
2026-06-15 08:17:30 PDT,Lyris SWE-RL Raymatch/PARD Proof Gates,login-lyris02.lyris.clusters.nvidia.com,2026-06-15 08:17:30 PDT,2129203,specdec-baseline-steps1-20260615_lyris_swerl_qwen235b_fullgrpo_raymatch_tmpcache_r30,RUNNING,None,2026-06-15T07:57:46,19:44,16,coreai_dlalgo_llm,77298,20,19,/lustre/fsw/coreai_dlalgo_llm/users/sna/swerl_fullgrpo_logs/20260615_lyris_swerl_qwen235b_fullgrpo_raymatch_tmpcache_r30/baseline_steps1/2129203-logs/ray-driver.log,true
2026-06-15 08:17:30 PDT,OCI-HSG SWE-RL PARD-2 And MathRL Proof Gates,oci-hsg-cs-001-vscode-02,2026-06-15 08:17:31 PDT,3308774,specdec-pard2-steps1-20260614_oci_hsg_swerl_qwen235b_fullgrpo_pard2_pyoverlay_eager_nolevel_r16,PENDING,Priority,2026-06-15T08:37:03,0:00,16,nemotron_n3_post,133708,1,0,/lustre/fs1/portfolios/coreai/projects/coreai_dlalgo_nemorl/users/sna/swerl_fullgrpo_logs/20260614_oci_hsg_swerl_qwen235b_fullgrpo_pard2_pyoverlay_eager_nolevel_r16/pard2_steps1/latest_235b_scale_gen_job_id.txt,false
2026-06-15 08:17:30 PDT,OCI-HSG SWE-RL PARD-2 And MathRL Proof Gates,oci-hsg-cs-001-vscode-02,2026-06-15 08:17:31 PDT,3315381,online-qwen235b-mathrl-main-pard_k3-fixed256-step10-N32xG4,PENDING,Priority,2026-06-15T12:50:00,0:00,32,nemotron_n3_post,133656,0,0,,false
2026-06-15 08:17:30 PDT,OCI-HSG SWE-RL PARD-2 And MathRL Proof Gates,oci-hsg-cs-001-vscode-02,2026-06-15 08:17:31 PDT,3315382,online-qwen235b-mathrl-main-pard_k5-fixed256-step10-N32xG4,PENDING,Priority,2026-06-15T12:50:00,0:00,32,nemotron_n3_post,133656,0,0,,false
2026-06-15 08:17:30 PDT,OCI-HSG SWE-RL PARD-2 And MathRL Proof Gates,oci-hsg-cs-001-vscode-02,2026-06-15 08:17:31 PDT,3315380,online-qwen235b-mathrl-main-baseline-fixed256-step10-N32xG4,PENDING,Priority,2026-06-15T12:09:20,0:00,32,nemotron_n3_post,133656,0,0,,false
2026-06-15 08:18:35 PDT,Lyris SWE-RL Raymatch/PARD Proof Gates,login-lyris02.lyris.clusters.nvidia.com,2026-06-15 08:18:35 PDT,2129272,specdec-pard2-steps1-20260615_lyris_swerl_qwen235b_fullgrpo_raymatch_tmpcache_r30_afterok,PENDING,Dependency,N/A,0:00,16,coreai_dlalgo_llm,77284,1,0,/lustre/fsw/coreai_dlalgo_llm/users/sna/swerl_fullgrpo_logs/20260615_lyris_swerl_qwen235b_fullgrpo_raymatch_tmpcache_r30_afterok/pard2_steps1/latest_235b_scale_gen_job_id.txt,false
2026-06-15 08:18:35 PDT,Lyris SWE-RL Raymatch/PARD Proof Gates,login-lyris02.lyris.clusters.nvidia.com,2026-06-15 08:18:35 PDT,2129271,specdec-pard-steps1-20260615_lyris_swerl_qwen235b_fullgrpo_raymatch_tmpcache_r30_afterok,PENDING,Dependency,N/A,0:00,16,coreai_dlalgo_llm,77284,1,0,/lustre/fsw/coreai_dlalgo_llm/users/sna/swerl_fullgrpo_logs/20260615_lyris_swerl_qwen235b_fullgrpo_raymatch_tmpcache_r30_afterok/pard_steps1/latest_235b_scale_gen_job_id.txt,false
2026-06-15 08:18:35 PDT,Lyris SWE-RL Raymatch/PARD Proof Gates,login-lyris02.lyris.clusters.nvidia.com,2026-06-15 08:18:35 PDT,2129203,specdec-baseline-steps1-20260615_lyris_swerl_qwen235b_fullgrpo_raymatch_tmpcache_r30,RUNNING,None,2026-06-15T07:57:46,20:49,16,coreai_dlalgo_llm,77298,20,19,/lustre/fsw/coreai_dlalgo_llm/users/sna/swerl_fullgrpo_logs/20260615_lyris_swerl_qwen235b_fullgrpo_raymatch_tmpcache_r30/baseline_steps1/2129203-logs/ray-driver.log,true
2026-06-15 08:18:35 PDT,OCI-HSG SWE-RL PARD-2 And MathRL Proof Gates,oci-hsg-cs-001-vscode-02,2026-06-15 08:18:36 PDT,3308774,specdec-pard2-steps1-20260614_oci_hsg_swerl_qwen235b_fullgrpo_pard2_pyoverlay_eager_nolevel_r16,PENDING,Priority,2026-06-15T08:37:03,0:00,16,nemotron_n3_post,133708,1,0,/lustre/fs1/portfolios/coreai/projects/coreai_dlalgo_nemorl/users/sna/swerl_fullgrpo_logs/20260614_oci_hsg_swerl_qwen235b_fullgrpo_pard2_pyoverlay_eager_nolevel_r16/pard2_steps1/latest_235b_scale_gen_job_id.txt,false
2026-06-15 08:18:35 PDT,OCI-HSG SWE-RL PARD-2 And MathRL Proof Gates,oci-hsg-cs-001-vscode-02,2026-06-15 08:18:36 PDT,3315381,online-qwen235b-mathrl-main-pard_k3-fixed256-step10-N32xG4,PENDING,Priority,2026-06-15T12:50:00,0:00,32,nemotron_n3_post,133656,0,0,,false
2026-06-15 08:18:35 PDT,OCI-HSG SWE-RL PARD-2 And MathRL Proof Gates,oci-hsg-cs-001-vscode-02,2026-06-15 08:18:36 PDT,3315382,online-qwen235b-mathrl-main-pard_k5-fixed256-step10-N32xG4,PENDING,Priority,2026-06-15T12:50:00,0:00,32,nemotron_n3_post,133656,0,0,,false
2026-06-15 08:18:35 PDT,OCI-HSG SWE-RL PARD-2 And MathRL Proof Gates,oci-hsg-cs-001-vscode-02,2026-06-15 08:18:36 PDT,3315380,online-qwen235b-mathrl-main-baseline-fixed256-step10-N32xG4,PENDING,Priority,2026-06-15T12:09:20,0:00,32,nemotron_n3_post,133656,0,0,,false
2026-06-15 08:19:41 PDT,Lyris SWE-RL Raymatch/PARD Proof Gates,login-lyris02.lyris.clusters.nvidia.com,2026-06-15 08:19:42 PDT,2129272,specdec-pard2-steps1-20260615_lyris_swerl_qwen235b_fullgrpo_raymatch_tmpcache_r30_afterok,PENDING,Dependency,N/A,0:00,16,coreai_dlalgo_llm,77284,1,0,/lustre/fsw/coreai_dlalgo_llm/users/sna/swerl_fullgrpo_logs/20260615_lyris_swerl_qwen235b_fullgrpo_raymatch_tmpcache_r30_afterok/pard2_steps1/latest_235b_scale_gen_job_id.txt,false
2026-06-15 08:19:41 PDT,Lyris SWE-RL Raymatch/PARD Proof Gates,login-lyris02.lyris.clusters.nvidia.com,2026-06-15 08:19:42 PDT,2129271,specdec-pard-steps1-20260615_lyris_swerl_qwen235b_fullgrpo_raymatch_tmpcache_r30_afterok,PENDING,Dependency,N/A,0:00,16,coreai_dlalgo_llm,77284,1,0,/lustre/fsw/coreai_dlalgo_llm/users/sna/swerl_fullgrpo_logs/20260615_lyris_swerl_qwen235b_fullgrpo_raymatch_tmpcache_r30_afterok/pard_steps1/latest_235b_scale_gen_job_id.txt,false
2026-06-15 08:19:41 PDT,Lyris SWE-RL Raymatch/PARD Proof Gates,login-lyris02.lyris.clusters.nvidia.com,2026-06-15 08:19:42 PDT,2129203,specdec-baseline-steps1-20260615_lyris_swerl_qwen235b_fullgrpo_raymatch_tmpcache_r30,RUNNING,None,2026-06-15T07:57:46,21:56,16,coreai_dlalgo_llm,77298,20,19,/lustre/fsw/coreai_dlalgo_llm/users/sna/swerl_fullgrpo_logs/20260615_lyris_swerl_qwen235b_fullgrpo_raymatch_tmpcache_r30/baseline_steps1/2129203-logs/ray-driver.log,true
2026-06-15 08:19:41 PDT,OCI-HSG SWE-RL PARD-2 And MathRL Proof Gates,oci-hsg-cs-001-vscode-02,2026-06-15 08:19:43 PDT,3308774,specdec-pard2-steps1-20260614_oci_hsg_swerl_qwen235b_fullgrpo_pard2_pyoverlay_eager_nolevel_r16,PENDING,Priority,N/A,0:00,16,nemotron_n3_post,133708,1,0,/lustre/fs1/portfolios/coreai/projects/coreai_dlalgo_nemorl/users/sna/swerl_fullgrpo_logs/20260614_oci_hsg_swerl_qwen235b_fullgrpo_pard2_pyoverlay_eager_nolevel_r16/pard2_steps1/latest_235b_scale_gen_job_id.txt,false
2026-06-15 08:19:41 PDT,OCI-HSG SWE-RL PARD-2 And MathRL Proof Gates,oci-hsg-cs-001-vscode-02,2026-06-15 08:19:43 PDT,3315382,online-qwen235b-mathrl-main-pard_k5-fixed256-step10-N32xG4,PENDING,Priority,N/A,0:00,32,nemotron_n3_post,133656,0,0,,false
2026-06-15 08:19:41 PDT,OCI-HSG SWE-RL PARD-2 And MathRL Proof Gates,oci-hsg-cs-001-vscode-02,2026-06-15 08:19:43 PDT,3315381,online-qwen235b-mathrl-main-pard_k3-fixed256-step10-N32xG4,PENDING,Priority,N/A,0:00,32,nemotron_n3_post,133656,0,0,,false
2026-06-15 08:19:41 PDT,OCI-HSG SWE-RL PARD-2 And MathRL Proof Gates,oci-hsg-cs-001-vscode-02,2026-06-15 08:19:43 PDT,3315380,online-qwen235b-mathrl-main-baseline-fixed256-step10-N32xG4,PENDING,Priority,N/A,0:00,32,nemotron_n3_post,133656,0,0,,false
2026-06-15 08:21:28 PDT,Lyris SWE-RL Raymatch/PARD Proof Gates,login-lyris02.lyris.clusters.nvidia.com,2026-06-15 08:21:28 PDT,2129272,specdec-pard2-steps1-20260615_lyris_swerl_qwen235b_fullgrpo_raymatch_tmpcache_r30_afterok,PENDING,Dependency,N/A,0:00,16,coreai_dlalgo_llm,77284,1,0,/lustre/fsw/coreai_dlalgo_llm/users/sna/swerl_fullgrpo_logs/20260615_lyris_swerl_qwen235b_fullgrpo_raymatch_tmpcache_r30_afterok/pard2_steps1/latest_235b_scale_gen_job_id.txt,false
2026-06-15 08:21:28 PDT,Lyris SWE-RL Raymatch/PARD Proof Gates,login-lyris02.lyris.clusters.nvidia.com,2026-06-15 08:21:28 PDT,2129271,specdec-pard-steps1-20260615_lyris_swerl_qwen235b_fullgrpo_raymatch_tmpcache_r30_afterok,PENDING,Dependency,N/A,0:00,16,coreai_dlalgo_llm,77284,1,0,/lustre/fsw/coreai_dlalgo_llm/users/sna/swerl_fullgrpo_logs/20260615_lyris_swerl_qwen235b_fullgrpo_raymatch_tmpcache_r30_afterok/pard_steps1/latest_235b_scale_gen_job_id.txt,false
2026-06-15 08:21:28 PDT,Lyris SWE-RL Raymatch/PARD Proof Gates,login-lyris02.lyris.clusters.nvidia.com,2026-06-15 08:21:28 PDT,2129203,specdec-baseline-steps1-20260615_lyris_swerl_qwen235b_fullgrpo_raymatch_tmpcache_r30,RUNNING,None,2026-06-15T07:57:46,23:42,16,coreai_dlalgo_llm,77298,20,19,/lustre/fsw/coreai_dlalgo_llm/users/sna/swerl_fullgrpo_logs/20260615_lyris_swerl_qwen235b_fullgrpo_raymatch_tmpcache_r30/baseline_steps1/2129203-logs/ray-driver.log,true
2026-06-15 08:21:28 PDT,OCI-HSG SWE-RL PARD-2 And MathRL Proof Gates,oci-hsg-cs-001-vscode-02,2026-06-15 08:21:29 PDT,3308774,specdec-pard2-steps1-20260614_oci_hsg_swerl_qwen235b_fullgrpo_pard2_pyoverlay_eager_nolevel_r16,PENDING,Priority,2026-06-15T08:37:03,0:00,16,nemotron_n3_post,133709,1,0,/lustre/fs1/portfolios/coreai/projects/coreai_dlalgo_nemorl/users/sna/swerl_fullgrpo_logs/20260614_oci_hsg_swerl_qwen235b_fullgrpo_pard2_pyoverlay_eager_nolevel_r16/pard2_steps1/latest_235b_scale_gen_job_id.txt,false
2026-06-15 08:21:28 PDT,OCI-HSG SWE-RL PARD-2 And MathRL Proof Gates,oci-hsg-cs-001-vscode-02,2026-06-15 08:21:29 PDT,3315382,online-qwen235b-mathrl-main-pard_k5-fixed256-step10-N32xG4,PENDING,Priority,2026-06-15T12:50:00,0:00,32,nemotron_n3_post,133656,0,0,,false
2026-06-15 08:21:28 PDT,OCI-HSG SWE-RL PARD-2 And MathRL Proof Gates,oci-hsg-cs-001-vscode-02,2026-06-15 08:21:29 PDT,3315381,online-qwen235b-mathrl-main-pard_k3-fixed256-step10-N32xG4,PENDING,Priority,2026-06-15T12:14:33,0:00,32,nemotron_n3_post,133656,0,0,,false
2026-06-15 08:21:28 PDT,OCI-HSG SWE-RL PARD-2 And MathRL Proof Gates,oci-hsg-cs-001-vscode-02,2026-06-15 08:21:29 PDT,3315380,online-qwen235b-mathrl-main-baseline-fixed256-step10-N32xG4,PENDING,Priority,2026-06-15T10:47:44,0:00,32,nemotron_n3_post,133656,0,0,,false
2026-06-15 08:22:33 PDT,Lyris SWE-RL Raymatch/PARD Proof Gates,login-lyris02.lyris.clusters.nvidia.com,2026-06-15 08:22:33 PDT,2129272,specdec-pard2-steps1-20260615_lyris_swerl_qwen235b_fullgrpo_raymatch_tmpcache_r30_afterok,PENDING,Dependency,N/A,0:00,16,coreai_dlalgo_llm,77284,1,0,/lustre/fsw/coreai_dlalgo_llm/users/sna/swerl_fullgrpo_logs/20260615_lyris_swerl_qwen235b_fullgrpo_raymatch_tmpcache_r30_afterok/pard2_steps1/latest_235b_scale_gen_job_id.txt,false
2026-06-15 08:22:33 PDT,Lyris SWE-RL Raymatch/PARD Proof Gates,login-lyris02.lyris.clusters.nvidia.com,2026-06-15 08:22:33 PDT,2129271,specdec-pard-steps1-20260615_lyris_swerl_qwen235b_fullgrpo_raymatch_tmpcache_r30_afterok,PENDING,Dependency,N/A,0:00,16,coreai_dlalgo_llm,77284,1,0,/lustre/fsw/coreai_dlalgo_llm/users/sna/swerl_fullgrpo_logs/20260615_lyris_swerl_qwen235b_fullgrpo_raymatch_tmpcache_r30_afterok/pard_steps1/latest_235b_scale_gen_job_id.txt,false
2026-06-15 08:22:33 PDT,Lyris SWE-RL Raymatch/PARD Proof Gates,login-lyris02.lyris.clusters.nvidia.com,2026-06-15 08:22:33 PDT,2129203,specdec-baseline-steps1-20260615_lyris_swerl_qwen235b_fullgrpo_raymatch_tmpcache_r30,RUNNING,None,2026-06-15T07:57:46,24:48,16,coreai_dlalgo_llm,77298,20,19,/lustre/fsw/coreai_dlalgo_llm/users/sna/swerl_fullgrpo_logs/20260615_lyris_swerl_qwen235b_fullgrpo_raymatch_tmpcache_r30/baseline_steps1/2129203-logs/ray-driver.log,true
2026-06-15 08:22:33 PDT,OCI-HSG SWE-RL PARD-2 And MathRL Proof Gates,oci-hsg-cs-001-vscode-02,2026-06-15 08:22:34 PDT,3308774,specdec-pard2-steps1-20260614_oci_hsg_swerl_qwen235b_fullgrpo_pard2_pyoverlay_eager_nolevel_r16,PENDING,Priority,N/A,0:00,16,nemotron_n3_post,133709,1,0,/lustre/fs1/portfolios/coreai/projects/coreai_dlalgo_nemorl/users/sna/swerl_fullgrpo_logs/20260614_oci_hsg_swerl_qwen235b_fullgrpo_pard2_pyoverlay_eager_nolevel_r16/pard2_steps1/latest_235b_scale_gen_job_id.txt,false
2026-06-15 08:22:33 PDT,OCI-HSG SWE-RL PARD-2 And MathRL Proof Gates,oci-hsg-cs-001-vscode-02,2026-06-15 08:22:34 PDT,3315382,online-qwen235b-mathrl-main-pard_k5-fixed256-step10-N32xG4,PENDING,Priority,N/A,0:00,32,nemotron_n3_post,133656,0,0,,false
2026-06-15 08:22:33 PDT,OCI-HSG SWE-RL PARD-2 And MathRL Proof Gates,oci-hsg-cs-001-vscode-02,2026-06-15 08:22:34 PDT,3315381,online-qwen235b-mathrl-main-pard_k3-fixed256-step10-N32xG4,PENDING,Priority,N/A,0:00,32,nemotron_n3_post,133656,0,0,,false
2026-06-15 08:22:33 PDT,OCI-HSG SWE-RL PARD-2 And MathRL Proof Gates,oci-hsg-cs-001-vscode-02,2026-06-15 08:22:34 PDT,3315380,online-qwen235b-mathrl-main-baseline-fixed256-step10-N32xG4,PENDING,Priority,N/A,0:00,32,nemotron_n3_post,133656,0,0,,false
2026-06-15 08:23:45 PDT,Lyris SWE-RL Raymatch/PARD Proof Gates,login-lyris02.lyris.clusters.nvidia.com,2026-06-15 08:23:46 PDT,2129272,specdec-pard2-steps1-20260615_lyris_swerl_qwen235b_fullgrpo_raymatch_tmpcache_r30_afterok,PENDING,Dependency,N/A,0:00,16,coreai_dlalgo_llm,77284,1,0,/lustre/fsw/coreai_dlalgo_llm/users/sna/swerl_fullgrpo_logs/20260615_lyris_swerl_qwen235b_fullgrpo_raymatch_tmpcache_r30_afterok/pard2_steps1/latest_235b_scale_gen_job_id.txt,false
2026-06-15 08:23:45 PDT,Lyris SWE-RL Raymatch/PARD Proof Gates,login-lyris02.lyris.clusters.nvidia.com,2026-06-15 08:23:46 PDT,2129271,specdec-pard-steps1-20260615_lyris_swerl_qwen235b_fullgrpo_raymatch_tmpcache_r30_afterok,PENDING,Dependency,N/A,0:00,16,coreai_dlalgo_llm,77284,1,0,/lustre/fsw/coreai_dlalgo_llm/users/sna/swerl_fullgrpo_logs/20260615_lyris_swerl_qwen235b_fullgrpo_raymatch_tmpcache_r30_afterok/pard_steps1/latest_235b_scale_gen_job_id.txt,false
2026-06-15 08:23:45 PDT,Lyris SWE-RL Raymatch/PARD Proof Gates,login-lyris02.lyris.clusters.nvidia.com,2026-06-15 08:23:46 PDT,2129203,specdec-baseline-steps1-20260615_lyris_swerl_qwen235b_fullgrpo_raymatch_tmpcache_r30,RUNNING,None,2026-06-15T07:57:46,26:00,16,coreai_dlalgo_llm,77298,20,19,/lustre/fsw/coreai_dlalgo_llm/users/sna/swerl_fullgrpo_logs/20260615_lyris_swerl_qwen235b_fullgrpo_raymatch_tmpcache_r30/baseline_steps1/2129203-logs/ray-driver.log,true
2026-06-15 08:23:45 PDT,OCI-HSG SWE-RL PARD-2 And MathRL Proof Gates,oci-hsg-cs-001-vscode-02,2026-06-15 08:23:46 PDT,3308774,specdec-pard2-steps1-20260614_oci_hsg_swerl_qwen235b_fullgrpo_pard2_pyoverlay_eager_nolevel_r16,PENDING,Priority,2026-06-15T12:50:00,0:00,16,nemotron_n3_post,133709,1,0,/lustre/fs1/portfolios/coreai/projects/coreai_dlalgo_nemorl/users/sna/swerl_fullgrpo_logs/20260614_oci_hsg_swerl_qwen235b_fullgrpo_pard2_pyoverlay_eager_nolevel_r16/pard2_steps1/latest_235b_scale_gen_job_id.txt,false
2026-06-15 08:23:45 PDT,OCI-HSG SWE-RL PARD-2 And MathRL Proof Gates,oci-hsg-cs-001-vscode-02,2026-06-15 08:23:46 PDT,3315381,online-qwen235b-mathrl-main-pard_k3-fixed256-step10-N32xG4,PENDING,Priority,2026-06-15T14:30:00,0:00,32,nemotron_n3_post,133656,0,0,,false
2026-06-15 08:23:45 PDT,OCI-HSG SWE-RL PARD-2 And MathRL Proof Gates,oci-hsg-cs-001-vscode-02,2026-06-15 08:23:46 PDT,3315382,online-qwen235b-mathrl-main-pard_k5-fixed256-step10-N32xG4,PENDING,Priority,2026-06-15T14:30:00,0:00,32,nemotron_n3_post,133656,0,0,,false
2026-06-15 08:23:45 PDT,OCI-HSG SWE-RL PARD-2 And MathRL Proof Gates,oci-hsg-cs-001-vscode-02,2026-06-15 08:23:46 PDT,3315380,online-qwen235b-mathrl-main-baseline-fixed256-step10-N32xG4,PENDING,Priority,2026-06-15T12:50:00,0:00,32,nemotron_n3_post,133656,0,0,,false
2026-06-15 08:24:51 PDT,Lyris SWE-RL Raymatch/PARD Proof Gates,login-lyris02.lyris.clusters.nvidia.com,2026-06-15 08:24:51 PDT,2129272,specdec-pard2-steps1-20260615_lyris_swerl_qwen235b_fullgrpo_raymatch_tmpcache_r30_afterok,PENDING,Dependency,N/A,0:00,16,coreai_dlalgo_llm,77284,1,0,/lustre/fsw/coreai_dlalgo_llm/users/sna/swerl_fullgrpo_logs/20260615_lyris_swerl_qwen235b_fullgrpo_raymatch_tmpcache_r30_afterok/pard2_steps1/latest_235b_scale_gen_job_id.txt,false
2026-06-15 08:24:51 PDT,Lyris SWE-RL Raymatch/PARD Proof Gates,login-lyris02.lyris.clusters.nvidia.com,2026-06-15 08:24:51 PDT,2129271,specdec-pard-steps1-20260615_lyris_swerl_qwen235b_fullgrpo_raymatch_tmpcache_r30_afterok,PENDING,Dependency,N/A,0:00,16,coreai_dlalgo_llm,77284,1,0,/lustre/fsw/coreai_dlalgo_llm/users/sna/swerl_fullgrpo_logs/20260615_lyris_swerl_qwen235b_fullgrpo_raymatch_tmpcache_r30_afterok/pard_steps1/latest_235b_scale_gen_job_id.txt,false
2026-06-15 08:24:51 PDT,Lyris SWE-RL Raymatch/PARD Proof Gates,login-lyris02.lyris.clusters.nvidia.com,2026-06-15 08:24:51 PDT,2129203,specdec-baseline-steps1-20260615_lyris_swerl_qwen235b_fullgrpo_raymatch_tmpcache_r30,RUNNING,None,2026-06-15T07:57:46,27:05,16,coreai_dlalgo_llm,77298,20,19,/lustre/fsw/coreai_dlalgo_llm/users/sna/swerl_fullgrpo_logs/20260615_lyris_swerl_qwen235b_fullgrpo_raymatch_tmpcache_r30/baseline_steps1/2129203-logs/ray-driver.log,true
2026-06-15 08:24:51 PDT,OCI-HSG SWE-RL PARD-2 And MathRL Proof Gates,oci-hsg-cs-001-vscode-02,2026-06-15 08:24:52 PDT,3308774,specdec-pard2-steps1-20260614_oci_hsg_swerl_qwen235b_fullgrpo_pard2_pyoverlay_eager_nolevel_r16,PENDING,Priority,N/A,0:00,16,nemotron_n3_post,133709,1,0,/lustre/fs1/portfolios/coreai/projects/coreai_dlalgo_nemorl/users/sna/swerl_fullgrpo_logs/20260614_oci_hsg_swerl_qwen235b_fullgrpo_pard2_pyoverlay_eager_nolevel_r16/pard2_steps1/latest_235b_scale_gen_job_id.txt,false
2026-06-15 08:24:51 PDT,OCI-HSG SWE-RL PARD-2 And MathRL Proof Gates,oci-hsg-cs-001-vscode-02,2026-06-15 08:24:52 PDT,3315382,online-qwen235b-mathrl-main-pard_k5-fixed256-step10-N32xG4,PENDING,Priority,N/A,0:00,32,nemotron_n3_post,133656,0,0,,false
2026-06-15 08:24:51 PDT,OCI-HSG SWE-RL PARD-2 And MathRL Proof Gates,oci-hsg-cs-001-vscode-02,2026-06-15 08:24:52 PDT,3315381,online-qwen235b-mathrl-main-pard_k3-fixed256-step10-N32xG4,PENDING,Priority,N/A,0:00,32,nemotron_n3_post,133656,0,0,,false
2026-06-15 08:24:51 PDT,OCI-HSG SWE-RL PARD-2 And MathRL Proof Gates,oci-hsg-cs-001-vscode-02,2026-06-15 08:24:52 PDT,3315380,online-qwen235b-mathrl-main-baseline-fixed256-step10-N32xG4,PENDING,Priority,N/A,0:00,32,nemotron_n3_post,133656,0,0,,false
2026-06-15 08:27:28 PDT,Lyris SWE-RL Raymatch/PARD Proof Gates,login-lyris02.lyris.clusters.nvidia.com,2026-06-15 08:27:29 PDT,2129272,specdec-pard2-steps1-20260615_lyris_swerl_qwen235b_fullgrpo_raymatch_tmpcache_r30_afterok,PENDING,Dependency,N/A,0:00,16,coreai_dlalgo_llm,77284,1,0,/lustre/fsw/coreai_dlalgo_llm/users/sna/swerl_fullgrpo_logs/20260615_lyris_swerl_qwen235b_fullgrpo_raymatch_tmpcache_r30_afterok/pard2_steps1/latest_235b_scale_gen_job_id.txt,false
2026-06-15 08:27:28 PDT,Lyris SWE-RL Raymatch/PARD Proof Gates,login-lyris02.lyris.clusters.nvidia.com,2026-06-15 08:27:29 PDT,2129271,specdec-pard-steps1-20260615_lyris_swerl_qwen235b_fullgrpo_raymatch_tmpcache_r30_afterok,PENDING,Dependency,N/A,0:00,16,coreai_dlalgo_llm,77284,1,0,/lustre/fsw/coreai_dlalgo_llm/users/sna/swerl_fullgrpo_logs/20260615_lyris_swerl_qwen235b_fullgrpo_raymatch_tmpcache_r30_afterok/pard_steps1/latest_235b_scale_gen_job_id.txt,false
2026-06-15 08:27:28 PDT,Lyris SWE-RL Raymatch/PARD Proof Gates,login-lyris02.lyris.clusters.nvidia.com,2026-06-15 08:27:29 PDT,2129203,specdec-baseline-steps1-20260615_lyris_swerl_qwen235b_fullgrpo_raymatch_tmpcache_r30,RUNNING,None,2026-06-15T07:57:46,29:43,16,coreai_dlalgo_llm,77298,20,19,/lustre/fsw/coreai_dlalgo_llm/users/sna/swerl_fullgrpo_logs/20260615_lyris_swerl_qwen235b_fullgrpo_raymatch_tmpcache_r30/baseline_steps1/2129203-logs/ray-driver.log,true
2026-06-15 08:27:28 PDT,OCI-HSG SWE-RL PARD-2 And MathRL Proof Gates,oci-hsg-cs-001-vscode-02,2026-06-15 08:27:29 PDT,3308774,specdec-pard2-steps1-20260614_oci_hsg_swerl_qwen235b_fullgrpo_pard2_pyoverlay_eager_nolevel_r16,PENDING,Priority,2026-06-15T12:09:20,0:00,16,nemotron_n3_post,133709,1,0,/lustre/fs1/portfolios/coreai/projects/coreai_dlalgo_nemorl/users/sna/swerl_fullgrpo_logs/20260614_oci_hsg_swerl_qwen235b_fullgrpo_pard2_pyoverlay_eager_nolevel_r16/pard2_steps1/latest_235b_scale_gen_job_id.txt,false
2026-06-15 08:27:28 PDT,OCI-HSG SWE-RL PARD-2 And MathRL Proof Gates,oci-hsg-cs-001-vscode-02,2026-06-15 08:27:29 PDT,3315382,online-qwen235b-mathrl-main-pard_k5-fixed256-step10-N32xG4,PENDING,Priority,2026-06-15T13:00:00,0:00,32,nemotron_n3_post,133657,0,0,,false
2026-06-15 08:27:28 PDT,OCI-HSG SWE-RL PARD-2 And MathRL Proof Gates,oci-hsg-cs-001-vscode-02,2026-06-15 08:27:29 PDT,3315380,online-qwen235b-mathrl-main-baseline-fixed256-step10-N32xG4,PENDING,Priority,2026-06-15T12:50:00,0:00,32,nemotron_n3_post,133657,0,0,,false
2026-06-15 08:27:28 PDT,OCI-HSG SWE-RL PARD-2 And MathRL Proof Gates,oci-hsg-cs-001-vscode-02,2026-06-15 08:27:29 PDT,3315381,online-qwen235b-mathrl-main-pard_k3-fixed256-step10-N32xG4,PENDING,Priority,2026-06-15T12:50:00,0:00,32,nemotron_n3_post,133657,0,0,,false
2026-06-15 08:29:54 PDT,Lyris SWE-RL Raymatch/PARD Proof Gates,login-lyris02.lyris.clusters.nvidia.com,2026-06-15 08:29:54 PDT,2129272,specdec-pard2-steps1-20260615_lyris_swerl_qwen235b_fullgrpo_raymatch_tmpcache_r30_afterok,PENDING,Dependency,N/A,0:00,16,coreai_dlalgo_llm,77284,1,0,/lustre/fsw/coreai_dlalgo_llm/users/sna/swerl_fullgrpo_logs/20260615_lyris_swerl_qwen235b_fullgrpo_raymatch_tmpcache_r30_afterok/pard2_steps1/latest_235b_scale_gen_job_id.txt,false
2026-06-15 08:29:54 PDT,Lyris SWE-RL Raymatch/PARD Proof Gates,login-lyris02.lyris.clusters.nvidia.com,2026-06-15 08:29:54 PDT,2129271,specdec-pard-steps1-20260615_lyris_swerl_qwen235b_fullgrpo_raymatch_tmpcache_r30_afterok,PENDING,Dependency,N/A,0:00,16,coreai_dlalgo_llm,77284,1,0,/lustre/fsw/coreai_dlalgo_llm/users/sna/swerl_fullgrpo_logs/20260615_lyris_swerl_qwen235b_fullgrpo_raymatch_tmpcache_r30_afterok/pard_steps1/latest_235b_scale_gen_job_id.txt,false
2026-06-15 08:29:54 PDT,Lyris SWE-RL Raymatch/PARD Proof Gates,login-lyris02.lyris.clusters.nvidia.com,2026-06-15 08:29:54 PDT,2129203,specdec-baseline-steps1-20260615_lyris_swerl_qwen235b_fullgrpo_raymatch_tmpcache_r30,RUNNING,None,2026-06-15T07:57:46,32:08,16,coreai_dlalgo_llm,77298,20,19,/lustre/fsw/coreai_dlalgo_llm/users/sna/swerl_fullgrpo_logs/20260615_lyris_swerl_qwen235b_fullgrpo_raymatch_tmpcache_r30/baseline_steps1/2129203-logs/ray-driver.log,true
2026-06-15 08:29:54 PDT,OCI-HSG SWE-RL PARD-2 And MathRL Proof Gates,oci-hsg-cs-001-vscode-02,2026-06-15 08:29:55 PDT,3308774,specdec-pard2-steps1-20260614_oci_hsg_swerl_qwen235b_fullgrpo_pard2_pyoverlay_eager_nolevel_r16,PENDING,Priority,2026-06-15T12:22:55,0:00,16,nemotron_n3_post,133709,1,0,/lustre/fs1/portfolios/coreai/projects/coreai_dlalgo_nemorl/users/sna/swerl_fullgrpo_logs/20260614_oci_hsg_swerl_qwen235b_fullgrpo_pard2_pyoverlay_eager_nolevel_r16/pard2_steps1/latest_235b_scale_gen_job_id.txt,false
2026-06-15 08:29:54 PDT,OCI-HSG SWE-RL PARD-2 And MathRL Proof Gates,oci-hsg-cs-001-vscode-02,2026-06-15 08:29:55 PDT,3315382,online-qwen235b-mathrl-main-pard_k5-fixed256-step10-N32xG4,PENDING,Priority,N/A,0:00,32,nemotron_n3_post,133657,0,0,,false
2026-06-15 08:29:54 PDT,OCI-HSG SWE-RL PARD-2 And MathRL Proof Gates,oci-hsg-cs-001-vscode-02,2026-06-15 08:29:55 PDT,3315381,online-qwen235b-mathrl-main-pard_k3-fixed256-step10-N32xG4,PENDING,Priority,N/A,0:00,32,nemotron_n3_post,133657,0,0,,false
2026-06-15 08:29:54 PDT,OCI-HSG SWE-RL PARD-2 And MathRL Proof Gates,oci-hsg-cs-001-vscode-02,2026-06-15 08:29:55 PDT,3315380,online-qwen235b-mathrl-main-baseline-fixed256-step10-N32xG4,PENDING,Priority,N/A,0:00,32,nemotron_n3_post,133657,0,0,,false
2026-06-15 08:32:06 PDT,Lyris SWE-RL Raymatch/PARD Proof Gates,login-lyris02.lyris.clusters.nvidia.com,2026-06-15 08:32:06 PDT,2129272,specdec-pard2-steps1-20260615_lyris_swerl_qwen235b_fullgrpo_raymatch_tmpcache_r30_afterok,PENDING,Dependency,N/A,0:00,16,coreai_dlalgo_llm,77284,1,0,/lustre/fsw/coreai_dlalgo_llm/users/sna/swerl_fullgrpo_logs/20260615_lyris_swerl_qwen235b_fullgrpo_raymatch_tmpcache_r30_afterok/pard2_steps1/latest_235b_scale_gen_job_id.txt,false
2026-06-15 08:32:06 PDT,Lyris SWE-RL Raymatch/PARD Proof Gates,login-lyris02.lyris.clusters.nvidia.com,2026-06-15 08:32:06 PDT,2129271,specdec-pard-steps1-20260615_lyris_swerl_qwen235b_fullgrpo_raymatch_tmpcache_r30_afterok,PENDING,Dependency,N/A,0:00,16,coreai_dlalgo_llm,77284,1,0,/lustre/fsw/coreai_dlalgo_llm/users/sna/swerl_fullgrpo_logs/20260615_lyris_swerl_qwen235b_fullgrpo_raymatch_tmpcache_r30_afterok/pard_steps1/latest_235b_scale_gen_job_id.txt,false
2026-06-15 08:32:06 PDT,Lyris SWE-RL Raymatch/PARD Proof Gates,login-lyris02.lyris.clusters.nvidia.com,2026-06-15 08:32:06 PDT,2129203,specdec-baseline-steps1-20260615_lyris_swerl_qwen235b_fullgrpo_raymatch_tmpcache_r30,RUNNING,None,2026-06-15T07:57:46,34:21,16,coreai_dlalgo_llm,77298,20,19,/lustre/fsw/coreai_dlalgo_llm/users/sna/swerl_fullgrpo_logs/20260615_lyris_swerl_qwen235b_fullgrpo_raymatch_tmpcache_r30/baseline_steps1/2129203-logs/ray-driver.log,true
2026-06-15 08:32:06 PDT,OCI-HSG SWE-RL PARD-2 And MathRL Proof Gates,oci-hsg-cs-001-vscode-02,2026-06-15 08:32:07 PDT,3308774,specdec-pard2-steps1-20260614_oci_hsg_swerl_qwen235b_fullgrpo_pard2_pyoverlay_eager_nolevel_r16,PENDING,Priority,2026-06-15T12:10:00,0:00,16,nemotron_n3_post,133710,1,0,/lustre/fs1/portfolios/coreai/projects/coreai_dlalgo_nemorl/users/sna/swerl_fullgrpo_logs/20260614_oci_hsg_swerl_qwen235b_fullgrpo_pard2_pyoverlay_eager_nolevel_r16/pard2_steps1/latest_235b_scale_gen_job_id.txt,false
2026-06-15 08:32:06 PDT,OCI-HSG SWE-RL PARD-2 And MathRL Proof Gates,oci-hsg-cs-001-vscode-02,2026-06-15 08:32:07 PDT,3315380,online-qwen235b-mathrl-main-baseline-fixed256-step10-N32xG4,PENDING,Priority,2026-06-15T13:00:00,0:00,32,nemotron_n3_post,133657,0,0,,false
2026-06-15 08:32:06 PDT,OCI-HSG SWE-RL PARD-2 And MathRL Proof Gates,oci-hsg-cs-001-vscode-02,2026-06-15 08:32:07 PDT,3315381,online-qwen235b-mathrl-main-pard_k3-fixed256-step10-N32xG4,PENDING,Priority,2026-06-15T13:00:00,0:00,32,nemotron_n3_post,133657,0,0,,false
2026-06-15 08:32:06 PDT,OCI-HSG SWE-RL PARD-2 And MathRL Proof Gates,oci-hsg-cs-001-vscode-02,2026-06-15 08:32:07 PDT,3315382,online-qwen235b-mathrl-main-pard_k5-fixed256-step10-N32xG4,PENDING,Priority,2026-06-15T13:00:00,0:00,32,nemotron_n3_post,133657,0,0,,false
2026-06-15 08:32:55 PDT,Lyris SWE-RL Raymatch/PARD Proof Gates,login-lyris02.lyris.clusters.nvidia.com,2026-06-15 08:32:55 PDT,2129272,specdec-pard2-steps1-20260615_lyris_swerl_qwen235b_fullgrpo_raymatch_tmpcache_r30_afterok,PENDING,Dependency,N/A,0:00,16,coreai_dlalgo_llm,77284,1,0,/lustre/fsw/coreai_dlalgo_llm/users/sna/swerl_fullgrpo_logs/20260615_lyris_swerl_qwen235b_fullgrpo_raymatch_tmpcache_r30_afterok/pard2_steps1/latest_235b_scale_gen_job_id.txt,false
2026-06-15 08:32:55 PDT,Lyris SWE-RL Raymatch/PARD Proof Gates,login-lyris02.lyris.clusters.nvidia.com,2026-06-15 08:32:55 PDT,2129271,specdec-pard-steps1-20260615_lyris_swerl_qwen235b_fullgrpo_raymatch_tmpcache_r30_afterok,PENDING,Dependency,N/A,0:00,16,coreai_dlalgo_llm,77284,1,0,/lustre/fsw/coreai_dlalgo_llm/users/sna/swerl_fullgrpo_logs/20260615_lyris_swerl_qwen235b_fullgrpo_raymatch_tmpcache_r30_afterok/pard_steps1/latest_235b_scale_gen_job_id.txt,false
2026-06-15 08:32:55 PDT,Lyris SWE-RL Raymatch/PARD Proof Gates,login-lyris02.lyris.clusters.nvidia.com,2026-06-15 08:32:55 PDT,2129203,specdec-baseline-steps1-20260615_lyris_swerl_qwen235b_fullgrpo_raymatch_tmpcache_r30,RUNNING,None,2026-06-15T07:57:46,35:09,16,coreai_dlalgo_llm,77298,20,19,/lustre/fsw/coreai_dlalgo_llm/users/sna/swerl_fullgrpo_logs/20260615_lyris_swerl_qwen235b_fullgrpo_raymatch_tmpcache_r30/baseline_steps1/2129203-logs/ray-driver.log,true
2026-06-15 08:32:55 PDT,OCI-HSG SWE-RL PARD-2 And MathRL Proof Gates,oci-hsg-cs-001-vscode-02,2026-06-15 08:32:56 PDT,3308774,specdec-pard2-steps1-20260614_oci_hsg_swerl_qwen235b_fullgrpo_pard2_pyoverlay_eager_nolevel_r16,PENDING,Priority,2026-06-15T12:10:00,0:00,16,nemotron_n3_post,133710,1,0,/lustre/fs1/portfolios/coreai/projects/coreai_dlalgo_nemorl/users/sna/swerl_fullgrpo_logs/20260614_oci_hsg_swerl_qwen235b_fullgrpo_pard2_pyoverlay_eager_nolevel_r16/pard2_steps1/latest_235b_scale_gen_job_id.txt,false
2026-06-15 08:32:55 PDT,OCI-HSG SWE-RL PARD-2 And MathRL Proof Gates,oci-hsg-cs-001-vscode-02,2026-06-15 08:32:56 PDT,3315380,online-qwen235b-mathrl-main-baseline-fixed256-step10-N32xG4,PENDING,Priority,2026-06-15T13:00:00,0:00,32,nemotron_n3_post,133657,0,0,,false
2026-06-15 08:32:55 PDT,OCI-HSG SWE-RL PARD-2 And MathRL Proof Gates,oci-hsg-cs-001-vscode-02,2026-06-15 08:32:56 PDT,3315381,online-qwen235b-mathrl-main-pard_k3-fixed256-step10-N32xG4,PENDING,Priority,2026-06-15T13:00:00,0:00,32,nemotron_n3_post,133657,0,0,,false
2026-06-15 08:32:55 PDT,OCI-HSG SWE-RL PARD-2 And MathRL Proof Gates,oci-hsg-cs-001-vscode-02,2026-06-15 08:32:56 PDT,3315382,online-qwen235b-mathrl-main-pard_k5-fixed256-step10-N32xG4,PENDING,Priority,2026-06-15T13:00:00,0:00,32,nemotron_n3_post,133657,0,0,,false
2026-06-15 08:33:59 PDT,Lyris SWE-RL Raymatch/PARD Proof Gates,login-lyris02.lyris.clusters.nvidia.com,2026-06-15 08:33:59 PDT,2129272,specdec-pard2-steps1-20260615_lyris_swerl_qwen235b_fullgrpo_raymatch_tmpcache_r30_afterok,PENDING,Dependency,N/A,0:00,16,coreai_dlalgo_llm,77284,1,0,/lustre/fsw/coreai_dlalgo_llm/users/sna/swerl_fullgrpo_logs/20260615_lyris_swerl_qwen235b_fullgrpo_raymatch_tmpcache_r30_afterok/pard2_steps1/latest_235b_scale_gen_job_id.txt,false
2026-06-15 08:33:59 PDT,Lyris SWE-RL Raymatch/PARD Proof Gates,login-lyris02.lyris.clusters.nvidia.com,2026-06-15 08:33:59 PDT,2129271,specdec-pard-steps1-20260615_lyris_swerl_qwen235b_fullgrpo_raymatch_tmpcache_r30_afterok,PENDING,Dependency,N/A,0:00,16,coreai_dlalgo_llm,77284,1,0,/lustre/fsw/coreai_dlalgo_llm/users/sna/swerl_fullgrpo_logs/20260615_lyris_swerl_qwen235b_fullgrpo_raymatch_tmpcache_r30_afterok/pard_steps1/latest_235b_scale_gen_job_id.txt,false
2026-06-15 08:33:59 PDT,Lyris SWE-RL Raymatch/PARD Proof Gates,login-lyris02.lyris.clusters.nvidia.com,2026-06-15 08:33:59 PDT,2129203,specdec-baseline-steps1-20260615_lyris_swerl_qwen235b_fullgrpo_raymatch_tmpcache_r30,RUNNING,None,2026-06-15T07:57:46,36:13,16,coreai_dlalgo_llm,77298,20,19,/lustre/fsw/coreai_dlalgo_llm/users/sna/swerl_fullgrpo_logs/20260615_lyris_swerl_qwen235b_fullgrpo_raymatch_tmpcache_r30/baseline_steps1/2129203-logs/ray-driver.log,true
2026-06-15 08:33:59 PDT,OCI-HSG SWE-RL PARD-2 And MathRL Proof Gates,oci-hsg-cs-001-vscode-02,2026-06-15 08:34:00 PDT,3308774,specdec-pard2-steps1-20260614_oci_hsg_swerl_qwen235b_fullgrpo_pard2_pyoverlay_eager_nolevel_r16,PENDING,Priority,N/A,0:00,16,nemotron_n3_post,133710,1,0,/lustre/fs1/portfolios/coreai/projects/coreai_dlalgo_nemorl/users/sna/swerl_fullgrpo_logs/20260614_oci_hsg_swerl_qwen235b_fullgrpo_pard2_pyoverlay_eager_nolevel_r16/pard2_steps1/latest_235b_scale_gen_job_id.txt,false
2026-06-15 08:33:59 PDT,OCI-HSG SWE-RL PARD-2 And MathRL Proof Gates,oci-hsg-cs-001-vscode-02,2026-06-15 08:34:00 PDT,3315382,online-qwen235b-mathrl-main-pard_k5-fixed256-step10-N32xG4,PENDING,Priority,N/A,0:00,32,nemotron_n3_post,133657,0,0,,false
2026-06-15 08:33:59 PDT,OCI-HSG SWE-RL PARD-2 And MathRL Proof Gates,oci-hsg-cs-001-vscode-02,2026-06-15 08:34:00 PDT,3315381,online-qwen235b-mathrl-main-pard_k3-fixed256-step10-N32xG4,PENDING,Priority,N/A,0:00,32,nemotron_n3_post,133657,0,0,,false
2026-06-15 08:33:59 PDT,OCI-HSG SWE-RL PARD-2 And MathRL Proof Gates,oci-hsg-cs-001-vscode-02,2026-06-15 08:34:00 PDT,3315380,online-qwen235b-mathrl-main-baseline-fixed256-step10-N32xG4,PENDING,Priority,N/A,0:00,32,nemotron_n3_post,133657,0,0,,false
2026-06-15 08:35:06 PDT,Lyris SWE-RL Raymatch/PARD Proof Gates,login-lyris02.lyris.clusters.nvidia.com,2026-06-15 08:35:07 PDT,2129272,specdec-pard2-steps1-20260615_lyris_swerl_qwen235b_fullgrpo_raymatch_tmpcache_r30_afterok,PENDING,Dependency,N/A,0:00,16,coreai_dlalgo_llm,77284,1,0,/lustre/fsw/coreai_dlalgo_llm/users/sna/swerl_fullgrpo_logs/20260615_lyris_swerl_qwen235b_fullgrpo_raymatch_tmpcache_r30_afterok/pard2_steps1/latest_235b_scale_gen_job_id.txt,false
2026-06-15 08:35:06 PDT,Lyris SWE-RL Raymatch/PARD Proof Gates,login-lyris02.lyris.clusters.nvidia.com,2026-06-15 08:35:07 PDT,2129271,specdec-pard-steps1-20260615_lyris_swerl_qwen235b_fullgrpo_raymatch_tmpcache_r30_afterok,PENDING,Dependency,N/A,0:00,16,coreai_dlalgo_llm,77284,1,0,/lustre/fsw/coreai_dlalgo_llm/users/sna/swerl_fullgrpo_logs/20260615_lyris_swerl_qwen235b_fullgrpo_raymatch_tmpcache_r30_afterok/pard_steps1/latest_235b_scale_gen_job_id.txt,false
2026-06-15 08:35:06 PDT,Lyris SWE-RL Raymatch/PARD Proof Gates,login-lyris02.lyris.clusters.nvidia.com,2026-06-15 08:35:07 PDT,2129203,specdec-baseline-steps1-20260615_lyris_swerl_qwen235b_fullgrpo_raymatch_tmpcache_r30,RUNNING,None,2026-06-15T07:57:46,37:21,16,coreai_dlalgo_llm,77298,20,19,/lustre/fsw/coreai_dlalgo_llm/users/sna/swerl_fullgrpo_logs/20260615_lyris_swerl_qwen235b_fullgrpo_raymatch_tmpcache_r30/baseline_steps1/2129203-logs/ray-driver.log,true
2026-06-15 08:35:06 PDT,OCI-HSG SWE-RL PARD-2 And MathRL Proof Gates,oci-hsg-cs-001-vscode-02,2026-06-15 08:35:07 PDT,3308774,specdec-pard2-steps1-20260614_oci_hsg_swerl_qwen235b_fullgrpo_pard2_pyoverlay_eager_nolevel_r16,PENDING,Priority,2026-06-15T13:00:00,0:00,16,nemotron_n3_post,133710,1,0,/lustre/fs1/portfolios/coreai/projects/coreai_dlalgo_nemorl/users/sna/swerl_fullgrpo_logs/20260614_oci_hsg_swerl_qwen235b_fullgrpo_pard2_pyoverlay_eager_nolevel_r16/pard2_steps1/latest_235b_scale_gen_job_id.txt,false
2026-06-15 08:35:06 PDT,OCI-HSG SWE-RL PARD-2 And MathRL Proof Gates,oci-hsg-cs-001-vscode-02,2026-06-15 08:35:07 PDT,3315380,online-qwen235b-mathrl-main-baseline-fixed256-step10-N32xG4,PENDING,Priority,2026-06-15T13:00:00,0:00,32,nemotron_n3_post,133657,0,0,,false
2026-06-15 08:35:06 PDT,OCI-HSG SWE-RL PARD-2 And MathRL Proof Gates,oci-hsg-cs-001-vscode-02,2026-06-15 08:35:07 PDT,3315381,online-qwen235b-mathrl-main-pard_k3-fixed256-step10-N32xG4,PENDING,Priority,2026-06-15T13:00:00,0:00,32,nemotron_n3_post,133657,0,0,,false
2026-06-15 08:35:06 PDT,OCI-HSG SWE-RL PARD-2 And MathRL Proof Gates,oci-hsg-cs-001-vscode-02,2026-06-15 08:35:07 PDT,3315382,online-qwen235b-mathrl-main-pard_k5-fixed256-step10-N32xG4,PENDING,Priority,2026-06-15T13:00:00,0:00,32,nemotron_n3_post,133657,0,0,,false
2026-06-15 08:36:11 PDT,Lyris SWE-RL Raymatch/PARD Proof Gates,login-lyris02.lyris.clusters.nvidia.com,2026-06-15 08:36:12 PDT,2129272,specdec-pard2-steps1-20260615_lyris_swerl_qwen235b_fullgrpo_raymatch_tmpcache_r30_afterok,PENDING,Dependency,N/A,0:00,16,coreai_dlalgo_llm,77284,1,0,/lustre/fsw/coreai_dlalgo_llm/users/sna/swerl_fullgrpo_logs/20260615_lyris_swerl_qwen235b_fullgrpo_raymatch_tmpcache_r30_afterok/pard2_steps1/latest_235b_scale_gen_job_id.txt,false
2026-06-15 08:36:11 PDT,Lyris SWE-RL Raymatch/PARD Proof Gates,login-lyris02.lyris.clusters.nvidia.com,2026-06-15 08:36:12 PDT,2129271,specdec-pard-steps1-20260615_lyris_swerl_qwen235b_fullgrpo_raymatch_tmpcache_r30_afterok,PENDING,Dependency,N/A,0:00,16,coreai_dlalgo_llm,77284,1,0,/lustre/fsw/coreai_dlalgo_llm/users/sna/swerl_fullgrpo_logs/20260615_lyris_swerl_qwen235b_fullgrpo_raymatch_tmpcache_r30_afterok/pard_steps1/latest_235b_scale_gen_job_id.txt,false
2026-06-15 08:36:11 PDT,Lyris SWE-RL Raymatch/PARD Proof Gates,login-lyris02.lyris.clusters.nvidia.com,2026-06-15 08:36:12 PDT,2129203,specdec-baseline-steps1-20260615_lyris_swerl_qwen235b_fullgrpo_raymatch_tmpcache_r30,RUNNING,None,2026-06-15T07:57:46,38:26,16,coreai_dlalgo_llm,77298,20,19,/lustre/fsw/coreai_dlalgo_llm/users/sna/swerl_fullgrpo_logs/20260615_lyris_swerl_qwen235b_fullgrpo_raymatch_tmpcache_r30/baseline_steps1/2129203-logs/ray-driver.log,true
2026-06-15 08:36:11 PDT,OCI-HSG SWE-RL PARD-2 And MathRL Proof Gates,oci-hsg-cs-001-vscode-02,2026-06-15 08:36:12 PDT,3308774,specdec-pard2-steps1-20260614_oci_hsg_swerl_qwen235b_fullgrpo_pard2_pyoverlay_eager_nolevel_r16,PENDING,Priority,N/A,0:00,16,nemotron_n3_post,133710,1,0,/lustre/fs1/portfolios/coreai/projects/coreai_dlalgo_nemorl/users/sna/swerl_fullgrpo_logs/20260614_oci_hsg_swerl_qwen235b_fullgrpo_pard2_pyoverlay_eager_nolevel_r16/pard2_steps1/latest_235b_scale_gen_job_id.txt,false
2026-06-15 08:36:11 PDT,OCI-HSG SWE-RL PARD-2 And MathRL Proof Gates,oci-hsg-cs-001-vscode-02,2026-06-15 08:36:12 PDT,3315382,online-qwen235b-mathrl-main-pard_k5-fixed256-step10-N32xG4,PENDING,Priority,N/A,0:00,32,nemotron_n3_post,133658,0,0,,false
2026-06-15 08:36:11 PDT,OCI-HSG SWE-RL PARD-2 And MathRL Proof Gates,oci-hsg-cs-001-vscode-02,2026-06-15 08:36:12 PDT,3315381,online-qwen235b-mathrl-main-pard_k3-fixed256-step10-N32xG4,PENDING,Priority,N/A,0:00,32,nemotron_n3_post,133658,0,0,,false
2026-06-15 08:36:11 PDT,OCI-HSG SWE-RL PARD-2 And MathRL Proof Gates,oci-hsg-cs-001-vscode-02,2026-06-15 08:36:12 PDT,3315380,online-qwen235b-mathrl-main-baseline-fixed256-step10-N32xG4,PENDING,Priority,N/A,0:00,32,nemotron_n3_post,133658,0,0,,false
2026-06-15 08:37:20 PDT,Lyris SWE-RL Raymatch/PARD Proof Gates,login-lyris02.lyris.clusters.nvidia.com,2026-06-15 08:37:21 PDT,2129272,specdec-pard2-steps1-20260615_lyris_swerl_qwen235b_fullgrpo_raymatch_tmpcache_r30_afterok,PENDING,Dependency,N/A,0:00,16,coreai_dlalgo_llm,77284,1,0,/lustre/fsw/coreai_dlalgo_llm/users/sna/swerl_fullgrpo_logs/20260615_lyris_swerl_qwen235b_fullgrpo_raymatch_tmpcache_r30_afterok/pard2_steps1/latest_235b_scale_gen_job_id.txt,false
2026-06-15 08:37:20 PDT,Lyris SWE-RL Raymatch/PARD Proof Gates,login-lyris02.lyris.clusters.nvidia.com,2026-06-15 08:37:21 PDT,2129271,specdec-pard-steps1-20260615_lyris_swerl_qwen235b_fullgrpo_raymatch_tmpcache_r30_afterok,PENDING,Dependency,N/A,0:00,16,coreai_dlalgo_llm,77284,1,0,/lustre/fsw/coreai_dlalgo_llm/users/sna/swerl_fullgrpo_logs/20260615_lyris_swerl_qwen235b_fullgrpo_raymatch_tmpcache_r30_afterok/pard_steps1/latest_235b_scale_gen_job_id.txt,false
2026-06-15 08:37:20 PDT,Lyris SWE-RL Raymatch/PARD Proof Gates,login-lyris02.lyris.clusters.nvidia.com,2026-06-15 08:37:21 PDT,2129203,specdec-baseline-steps1-20260615_lyris_swerl_qwen235b_fullgrpo_raymatch_tmpcache_r30,RUNNING,None,2026-06-15T07:57:46,39:35,16,coreai_dlalgo_llm,77298,20,19,/lustre/fsw/coreai_dlalgo_llm/users/sna/swerl_fullgrpo_logs/20260615_lyris_swerl_qwen235b_fullgrpo_raymatch_tmpcache_r30/baseline_steps1/2129203-logs/ray-driver.log,true
2026-06-15 08:37:20 PDT,OCI-HSG SWE-RL PARD-2 And MathRL Proof Gates,oci-hsg-cs-001-vscode-02,2026-06-15 08:37:24 PDT,3308774,specdec-pard2-steps1-20260614_oci_hsg_swerl_qwen235b_fullgrpo_pard2_pyoverlay_eager_nolevel_r16,PENDING,Priority,2026-06-15T12:35:10,0:00,16,nemotron_n3_post,133710,1,0,/lustre/fs1/portfolios/coreai/projects/coreai_dlalgo_nemorl/users/sna/swerl_fullgrpo_logs/20260614_oci_hsg_swerl_qwen235b_fullgrpo_pard2_pyoverlay_eager_nolevel_r16/pard2_steps1/latest_235b_scale_gen_job_id.txt,false
2026-06-15 08:37:20 PDT,OCI-HSG SWE-RL PARD-2 And MathRL Proof Gates,oci-hsg-cs-001-vscode-02,2026-06-15 08:37:24 PDT,3315380,online-qwen235b-mathrl-main-baseline-fixed256-step10-N32xG4,PENDING,Priority,2026-06-15T13:00:00,0:00,32,nemotron_n3_post,133657,0,0,,false
2026-06-15 08:37:20 PDT,OCI-HSG SWE-RL PARD-2 And MathRL Proof Gates,oci-hsg-cs-001-vscode-02,2026-06-15 08:37:24 PDT,3315381,online-qwen235b-mathrl-main-pard_k3-fixed256-step10-N32xG4,PENDING,Priority,2026-06-15T13:00:00,0:00,32,nemotron_n3_post,133657,0,0,,false
2026-06-15 08:37:20 PDT,OCI-HSG SWE-RL PARD-2 And MathRL Proof Gates,oci-hsg-cs-001-vscode-02,2026-06-15 08:37:24 PDT,3315382,online-qwen235b-mathrl-main-pard_k5-fixed256-step10-N32xG4,PENDING,Priority,2026-06-15T13:00:00,0:00,32,nemotron_n3_post,133657,0,0,,false
2026-06-15 08:38:31 PDT,Lyris SWE-RL Raymatch/PARD Proof Gates,login-lyris02.lyris.clusters.nvidia.com,2026-06-15 08:38:31 PDT,2129272,specdec-pard2-steps1-20260615_lyris_swerl_qwen235b_fullgrpo_raymatch_tmpcache_r30_afterok,PENDING,Dependency,N/A,0:00,16,coreai_dlalgo_llm,77284,1,0,/lustre/fsw/coreai_dlalgo_llm/users/sna/swerl_fullgrpo_logs/20260615_lyris_swerl_qwen235b_fullgrpo_raymatch_tmpcache_r30_afterok/pard2_steps1/latest_235b_scale_gen_job_id.txt,false
2026-06-15 08:38:31 PDT,Lyris SWE-RL Raymatch/PARD Proof Gates,login-lyris02.lyris.clusters.nvidia.com,2026-06-15 08:38:31 PDT,2129271,specdec-pard-steps1-20260615_lyris_swerl_qwen235b_fullgrpo_raymatch_tmpcache_r30_afterok,PENDING,Dependency,N/A,0:00,16,coreai_dlalgo_llm,77284,1,0,/lustre/fsw/coreai_dlalgo_llm/users/sna/swerl_fullgrpo_logs/20260615_lyris_swerl_qwen235b_fullgrpo_raymatch_tmpcache_r30_afterok/pard_steps1/latest_235b_scale_gen_job_id.txt,false
2026-06-15 08:38:31 PDT,Lyris SWE-RL Raymatch/PARD Proof Gates,login-lyris02.lyris.clusters.nvidia.com,2026-06-15 08:38:31 PDT,2129203,specdec-baseline-steps1-20260615_lyris_swerl_qwen235b_fullgrpo_raymatch_tmpcache_r30,RUNNING,None,2026-06-15T07:57:46,40:45,16,coreai_dlalgo_llm,77298,20,19,/lustre/fsw/coreai_dlalgo_llm/users/sna/swerl_fullgrpo_logs/20260615_lyris_swerl_qwen235b_fullgrpo_raymatch_tmpcache_r30/baseline_steps1/2129203-logs/ray-driver.log,true
2026-06-15 08:38:31 PDT,OCI-HSG SWE-RL PARD-2 And MathRL Proof Gates,oci-hsg-cs-001-vscode-02,2026-06-15 08:38:32 PDT,3308774,specdec-pard2-steps1-20260614_oci_hsg_swerl_qwen235b_fullgrpo_pard2_pyoverlay_eager_nolevel_r16,PENDING,Priority,2026-06-15T12:35:10,0:00,16,nemotron_n3_post,133710,1,0,/lustre/fs1/portfolios/coreai/projects/coreai_dlalgo_nemorl/users/sna/swerl_fullgrpo_logs/20260614_oci_hsg_swerl_qwen235b_fullgrpo_pard2_pyoverlay_eager_nolevel_r16/pard2_steps1/latest_235b_scale_gen_job_id.txt,false
2026-06-15 08:38:31 PDT,OCI-HSG SWE-RL PARD-2 And MathRL Proof Gates,oci-hsg-cs-001-vscode-02,2026-06-15 08:38:32 PDT,3315380,online-qwen235b-mathrl-main-baseline-fixed256-step10-N32xG4,PENDING,Priority,2026-06-15T13:00:00,0:00,32,nemotron_n3_post,133657,0,0,,false
2026-06-15 08:38:31 PDT,OCI-HSG SWE-RL PARD-2 And MathRL Proof Gates,oci-hsg-cs-001-vscode-02,2026-06-15 08:38:32 PDT,3315381,online-qwen235b-mathrl-main-pard_k3-fixed256-step10-N32xG4,PENDING,Priority,2026-06-15T13:00:00,0:00,32,nemotron_n3_post,133657,0,0,,false
2026-06-15 08:38:31 PDT,OCI-HSG SWE-RL PARD-2 And MathRL Proof Gates,oci-hsg-cs-001-vscode-02,2026-06-15 08:38:32 PDT,3315382,online-qwen235b-mathrl-main-pard_k5-fixed256-step10-N32xG4,PENDING,Priority,2026-06-15T13:00:00,0:00,32,nemotron_n3_post,133657,0,0,,false
2026-06-15 08:40:07 PDT,Lyris SWE-RL Raymatch/PARD Proof Gates,login-lyris02.lyris.clusters.nvidia.com,2026-06-15 08:40:07 PDT,2129272,specdec-pard2-steps1-20260615_lyris_swerl_qwen235b_fullgrpo_raymatch_tmpcache_r30_afterok,PENDING,Dependency,N/A,0:00,16,coreai_dlalgo_llm,77284,1,0,/lustre/fsw/coreai_dlalgo_llm/users/sna/swerl_fullgrpo_logs/20260615_lyris_swerl_qwen235b_fullgrpo_raymatch_tmpcache_r30_afterok/pard2_steps1/latest_235b_scale_gen_job_id.txt,false
2026-06-15 08:40:07 PDT,Lyris SWE-RL Raymatch/PARD Proof Gates,login-lyris02.lyris.clusters.nvidia.com,2026-06-15 08:40:07 PDT,2129271,specdec-pard-steps1-20260615_lyris_swerl_qwen235b_fullgrpo_raymatch_tmpcache_r30_afterok,PENDING,Dependency,N/A,0:00,16,coreai_dlalgo_llm,77284,1,0,/lustre/fsw/coreai_dlalgo_llm/users/sna/swerl_fullgrpo_logs/20260615_lyris_swerl_qwen235b_fullgrpo_raymatch_tmpcache_r30_afterok/pard_steps1/latest_235b_scale_gen_job_id.txt,false
2026-06-15 08:40:07 PDT,Lyris SWE-RL Raymatch/PARD Proof Gates,login-lyris02.lyris.clusters.nvidia.com,2026-06-15 08:40:07 PDT,2129203,specdec-baseline-steps1-20260615_lyris_swerl_qwen235b_fullgrpo_raymatch_tmpcache_r30,RUNNING,None,2026-06-15T07:57:46,42:22,16,coreai_dlalgo_llm,77298,20,19,/lustre/fsw/coreai_dlalgo_llm/users/sna/swerl_fullgrpo_logs/20260615_lyris_swerl_qwen235b_fullgrpo_raymatch_tmpcache_r30/baseline_steps1/2129203-logs/ray-driver.log,true
2026-06-15 08:40:07 PDT,OCI-HSG SWE-RL PARD-2 And MathRL Proof Gates,oci-hsg-cs-001-vscode-02,2026-06-15 08:40:08 PDT,3308774,specdec-pard2-steps1-20260614_oci_hsg_swerl_qwen235b_fullgrpo_pard2_pyoverlay_eager_nolevel_r16,PENDING,Priority,N/A,0:00,16,nemotron_n3_post,133710,1,0,/lustre/fs1/portfolios/coreai/projects/coreai_dlalgo_nemorl/users/sna/swerl_fullgrpo_logs/20260614_oci_hsg_swerl_qwen235b_fullgrpo_pard2_pyoverlay_eager_nolevel_r16/pard2_steps1/latest_235b_scale_gen_job_id.txt,false
2026-06-15 08:40:07 PDT,OCI-HSG SWE-RL PARD-2 And MathRL Proof Gates,oci-hsg-cs-001-vscode-02,2026-06-15 08:40:08 PDT,3315382,online-qwen235b-mathrl-main-pard_k5-fixed256-step10-N32xG4,PENDING,Priority,N/A,0:00,32,nemotron_n3_post,133657,0,0,,false
2026-06-15 08:40:07 PDT,OCI-HSG SWE-RL PARD-2 And MathRL Proof Gates,oci-hsg-cs-001-vscode-02,2026-06-15 08:40:08 PDT,3315381,online-qwen235b-mathrl-main-pard_k3-fixed256-step10-N32xG4,PENDING,Priority,N/A,0:00,32,nemotron_n3_post,133657,0,0,,false
2026-06-15 08:40:07 PDT,OCI-HSG SWE-RL PARD-2 And MathRL Proof Gates,oci-hsg-cs-001-vscode-02,2026-06-15 08:40:08 PDT,3315380,online-qwen235b-mathrl-main-baseline-fixed256-step10-N32xG4,PENDING,Priority,N/A,0:00,32,nemotron_n3_post,133657,0,0,,false
2026-06-15 08:41:21 PDT,Lyris SWE-RL Raymatch/PARD Proof Gates,login-lyris02.lyris.clusters.nvidia.com,2026-06-15 08:41:21 PDT,2129272,specdec-pard2-steps1-20260615_lyris_swerl_qwen235b_fullgrpo_raymatch_tmpcache_r30_afterok,PENDING,Dependency,N/A,0:00,16,coreai_dlalgo_llm,77284,1,0,/lustre/fsw/coreai_dlalgo_llm/users/sna/swerl_fullgrpo_logs/20260615_lyris_swerl_qwen235b_fullgrpo_raymatch_tmpcache_r30_afterok/pard2_steps1/latest_235b_scale_gen_job_id.txt,false
2026-06-15 08:41:21 PDT,Lyris SWE-RL Raymatch/PARD Proof Gates,login-lyris02.lyris.clusters.nvidia.com,2026-06-15 08:41:21 PDT,2129271,specdec-pard-steps1-20260615_lyris_swerl_qwen235b_fullgrpo_raymatch_tmpcache_r30_afterok,PENDING,Dependency,N/A,0:00,16,coreai_dlalgo_llm,77284,1,0,/lustre/fsw/coreai_dlalgo_llm/users/sna/swerl_fullgrpo_logs/20260615_lyris_swerl_qwen235b_fullgrpo_raymatch_tmpcache_r30_afterok/pard_steps1/latest_235b_scale_gen_job_id.txt,false
2026-06-15 08:41:21 PDT,Lyris SWE-RL Raymatch/PARD Proof Gates,login-lyris02.lyris.clusters.nvidia.com,2026-06-15 08:41:21 PDT,2129203,specdec-baseline-steps1-20260615_lyris_swerl_qwen235b_fullgrpo_raymatch_tmpcache_r30,RUNNING,None,2026-06-15T07:57:46,43:35,16,coreai_dlalgo_llm,77298,20,19,/lustre/fsw/coreai_dlalgo_llm/users/sna/swerl_fullgrpo_logs/20260615_lyris_swerl_qwen235b_fullgrpo_raymatch_tmpcache_r30/baseline_steps1/2129203-logs/ray-driver.log,true
2026-06-15 08:41:21 PDT,OCI-HSG SWE-RL PARD-2 And MathRL Proof Gates,oci-hsg-cs-001-vscode-02,2026-06-15 08:41:22 PDT,3308774,specdec-pard2-steps1-20260614_oci_hsg_swerl_qwen235b_fullgrpo_pard2_pyoverlay_eager_nolevel_r16,PENDING,Priority,2026-06-15T12:35:10,0:00,16,nemotron_n3_post,133711,1,0,/lustre/fs1/portfolios/coreai/projects/coreai_dlalgo_nemorl/users/sna/swerl_fullgrpo_logs/20260614_oci_hsg_swerl_qwen235b_fullgrpo_pard2_pyoverlay_eager_nolevel_r16/pard2_steps1/latest_235b_scale_gen_job_id.txt,false
2026-06-15 08:41:21 PDT,OCI-HSG SWE-RL PARD-2 And MathRL Proof Gates,oci-hsg-cs-001-vscode-02,2026-06-15 08:41:22 PDT,3315380,online-qwen235b-mathrl-main-baseline-fixed256-step10-N32xG4,PENDING,Priority,2026-06-15T13:00:00,0:00,32,nemotron_n3_post,133658,0,0,,false
2026-06-15 08:41:21 PDT,OCI-HSG SWE-RL PARD-2 And MathRL Proof Gates,oci-hsg-cs-001-vscode-02,2026-06-15 08:41:22 PDT,3315381,online-qwen235b-mathrl-main-pard_k3-fixed256-step10-N32xG4,PENDING,Priority,2026-06-15T13:00:00,0:00,32,nemotron_n3_post,133658,0,0,,false
2026-06-15 08:41:21 PDT,OCI-HSG SWE-RL PARD-2 And MathRL Proof Gates,oci-hsg-cs-001-vscode-02,2026-06-15 08:41:22 PDT,3315382,online-qwen235b-mathrl-main-pard_k5-fixed256-step10-N32xG4,PENDING,Priority,2026-06-15T13:00:00,0:00,32,nemotron_n3_post,133658,0,0,,false
2026-06-15 08:44:57 PDT,Lyris SWE-RL Raymatch/PARD Proof Gates,login-lyris02.lyris.clusters.nvidia.com,2026-06-15 08:44:58 PDT,2129272,specdec-pard2-steps1-20260615_lyris_swerl_qwen235b_fullgrpo_raymatch_tmpcache_r30_afterok,PENDING,Dependency,N/A,0:00,16,coreai_dlalgo_llm,76754,1,0,/lustre/fsw/coreai_dlalgo_llm/users/sna/swerl_fullgrpo_logs/20260615_lyris_swerl_qwen235b_fullgrpo_raymatch_tmpcache_r30_afterok/pard2_steps1/latest_235b_scale_gen_job_id.txt,false
2026-06-15 08:44:57 PDT,Lyris SWE-RL Raymatch/PARD Proof Gates,login-lyris02.lyris.clusters.nvidia.com,2026-06-15 08:44:58 PDT,2129271,specdec-pard-steps1-20260615_lyris_swerl_qwen235b_fullgrpo_raymatch_tmpcache_r30_afterok,PENDING,Dependency,N/A,0:00,16,coreai_dlalgo_llm,76754,1,0,/lustre/fsw/coreai_dlalgo_llm/users/sna/swerl_fullgrpo_logs/20260615_lyris_swerl_qwen235b_fullgrpo_raymatch_tmpcache_r30_afterok/pard_steps1/latest_235b_scale_gen_job_id.txt,false
2026-06-15 08:44:57 PDT,Lyris SWE-RL Raymatch/PARD Proof Gates,login-lyris02.lyris.clusters.nvidia.com,2026-06-15 08:44:58 PDT,2129203,specdec-baseline-steps1-20260615_lyris_swerl_qwen235b_fullgrpo_raymatch_tmpcache_r30,RUNNING,None,2026-06-15T07:57:46,47:12,16,coreai_dlalgo_llm,77298,20,19,/lustre/fsw/coreai_dlalgo_llm/users/sna/swerl_fullgrpo_logs/20260615_lyris_swerl_qwen235b_fullgrpo_raymatch_tmpcache_r30/baseline_steps1/2129203-logs/ray-driver.log,true
2026-06-15 08:44:57 PDT,OCI-HSG SWE-RL PARD-2 And MathRL Proof Gates,oci-hsg-cs-001-vscode-02,2026-06-15 08:44:59 PDT,3308774,specdec-pard2-steps1-20260614_oci_hsg_swerl_qwen235b_fullgrpo_pard2_pyoverlay_eager_nolevel_r16,PENDING,Priority,N/A,0:00,16,nemotron_n3_post,133711,1,0,/lustre/fs1/portfolios/coreai/projects/coreai_dlalgo_nemorl/users/sna/swerl_fullgrpo_logs/20260614_oci_hsg_swerl_qwen235b_fullgrpo_pard2_pyoverlay_eager_nolevel_r16/pard2_steps1/latest_235b_scale_gen_job_id.txt,false
2026-06-15 08:44:57 PDT,OCI-HSG SWE-RL PARD-2 And MathRL Proof Gates,oci-hsg-cs-001-vscode-02,2026-06-15 08:44:59 PDT,3315382,online-qwen235b-mathrl-main-pard_k5-fixed256-step10-N32xG4,PENDING,Priority,N/A,0:00,32,nemotron_n3_post,133658,0,0,,false
2026-06-15 08:44:57 PDT,OCI-HSG SWE-RL PARD-2 And MathRL Proof Gates,oci-hsg-cs-001-vscode-02,2026-06-15 08:44:59 PDT,3315381,online-qwen235b-mathrl-main-pard_k3-fixed256-step10-N32xG4,PENDING,Priority,N/A,0:00,32,nemotron_n3_post,133658,0,0,,false
2026-06-15 08:44:57 PDT,OCI-HSG SWE-RL PARD-2 And MathRL Proof Gates,oci-hsg-cs-001-vscode-02,2026-06-15 08:44:59 PDT,3315380,online-qwen235b-mathrl-main-baseline-fixed256-step10-N32xG4,PENDING,Priority,N/A,0:00,32,nemotron_n3_post,133658,0,0,,false
2026-06-15 08:46:05 PDT,Lyris SWE-RL Raymatch/PARD Proof Gates,login-lyris02.lyris.clusters.nvidia.com,2026-06-15 08:46:06 PDT,2129272,specdec-pard2-steps1-20260615_lyris_swerl_qwen235b_fullgrpo_raymatch_tmpcache_r30_afterok,PENDING,Dependency,N/A,0:00,16,coreai_dlalgo_llm,76754,1,0,/lustre/fsw/coreai_dlalgo_llm/users/sna/swerl_fullgrpo_logs/20260615_lyris_swerl_qwen235b_fullgrpo_raymatch_tmpcache_r30_afterok/pard2_steps1/latest_235b_scale_gen_job_id.txt,false
2026-06-15 08:46:05 PDT,Lyris SWE-RL Raymatch/PARD Proof Gates,login-lyris02.lyris.clusters.nvidia.com,2026-06-15 08:46:06 PDT,2129271,specdec-pard-steps1-20260615_lyris_swerl_qwen235b_fullgrpo_raymatch_tmpcache_r30_afterok,PENDING,Dependency,N/A,0:00,16,coreai_dlalgo_llm,76754,1,0,/lustre/fsw/coreai_dlalgo_llm/users/sna/swerl_fullgrpo_logs/20260615_lyris_swerl_qwen235b_fullgrpo_raymatch_tmpcache_r30_afterok/pard_steps1/latest_235b_scale_gen_job_id.txt,false
2026-06-15 08:46:05 PDT,Lyris SWE-RL Raymatch/PARD Proof Gates,login-lyris02.lyris.clusters.nvidia.com,2026-06-15 08:46:06 PDT,2129203,specdec-baseline-steps1-20260615_lyris_swerl_qwen235b_fullgrpo_raymatch_tmpcache_r30,RUNNING,None,2026-06-15T07:57:46,48:20,16,coreai_dlalgo_llm,77298,20,19,/lustre/fsw/coreai_dlalgo_llm/users/sna/swerl_fullgrpo_logs/20260615_lyris_swerl_qwen235b_fullgrpo_raymatch_tmpcache_r30/baseline_steps1/2129203-logs/ray-driver.log,true
2026-06-15 08:46:05 PDT,OCI-HSG SWE-RL PARD-2 And MathRL Proof Gates,oci-hsg-cs-001-vscode-02,2026-06-15 08:46:09 PDT,3308774,specdec-pard2-steps1-20260614_oci_hsg_swerl_qwen235b_fullgrpo_pard2_pyoverlay_eager_nolevel_r16,PENDING,Priority,2026-06-15T12:22:55,0:00,16,nemotron_n3_post,133711,1,0,/lustre/fs1/portfolios/coreai/projects/coreai_dlalgo_nemorl/users/sna/swerl_fullgrpo_logs/20260614_oci_hsg_swerl_qwen235b_fullgrpo_pard2_pyoverlay_eager_nolevel_r16/pard2_steps1/latest_235b_scale_gen_job_id.txt,false
2026-06-15 08:46:05 PDT,OCI-HSG SWE-RL PARD-2 And MathRL Proof Gates,oci-hsg-cs-001-vscode-02,2026-06-15 08:46:09 PDT,3315381,online-qwen235b-mathrl-main-pard_k3-fixed256-step10-N32xG4,PENDING,Priority,2026-06-15T13:00:00,0:00,32,nemotron_n3_post,133658,0,0,,false
2026-06-15 08:46:05 PDT,OCI-HSG SWE-RL PARD-2 And MathRL Proof Gates,oci-hsg-cs-001-vscode-02,2026-06-15 08:46:09 PDT,3315382,online-qwen235b-mathrl-main-pard_k5-fixed256-step10-N32xG4,PENDING,Priority,2026-06-15T13:00:00,0:00,32,nemotron_n3_post,133658,0,0,,false
2026-06-15 08:46:05 PDT,OCI-HSG SWE-RL PARD-2 And MathRL Proof Gates,oci-hsg-cs-001-vscode-02,2026-06-15 08:46:09 PDT,3315380,online-qwen235b-mathrl-main-baseline-fixed256-step10-N32xG4,PENDING,Priority,2026-06-15T12:35:10,0:00,32,nemotron_n3_post,133658,0,0,,false
2026-06-15 08:47:16 PDT,Lyris SWE-RL Raymatch/PARD Proof Gates,login-lyris02.lyris.clusters.nvidia.com,2026-06-15 08:47:16 PDT,2129272,specdec-pard2-steps1-20260615_lyris_swerl_qwen235b_fullgrpo_raymatch_tmpcache_r30_afterok,PENDING,Dependency,N/A,0:00,16,coreai_dlalgo_llm,76754,1,0,/lustre/fsw/coreai_dlalgo_llm/users/sna/swerl_fullgrpo_logs/20260615_lyris_swerl_qwen235b_fullgrpo_raymatch_tmpcache_r30_afterok/pard2_steps1/latest_235b_scale_gen_job_id.txt,false
2026-06-15 08:47:16 PDT,Lyris SWE-RL Raymatch/PARD Proof Gates,login-lyris02.lyris.clusters.nvidia.com,2026-06-15 08:47:16 PDT,2129271,specdec-pard-steps1-20260615_lyris_swerl_qwen235b_fullgrpo_raymatch_tmpcache_r30_afterok,PENDING,Dependency,N/A,0:00,16,coreai_dlalgo_llm,76754,1,0,/lustre/fsw/coreai_dlalgo_llm/users/sna/swerl_fullgrpo_logs/20260615_lyris_swerl_qwen235b_fullgrpo_raymatch_tmpcache_r30_afterok/pard_steps1/latest_235b_scale_gen_job_id.txt,false
2026-06-15 08:47:16 PDT,Lyris SWE-RL Raymatch/PARD Proof Gates,login-lyris02.lyris.clusters.nvidia.com,2026-06-15 08:47:16 PDT,2129203,specdec-baseline-steps1-20260615_lyris_swerl_qwen235b_fullgrpo_raymatch_tmpcache_r30,RUNNING,None,2026-06-15T07:57:46,49:30,16,coreai_dlalgo_llm,77298,20,19,/lustre/fsw/coreai_dlalgo_llm/users/sna/swerl_fullgrpo_logs/20260615_lyris_swerl_qwen235b_fullgrpo_raymatch_tmpcache_r30/baseline_steps1/2129203-logs/ray-driver.log,true
2026-06-15 08:47:16 PDT,OCI-HSG SWE-RL PARD-2 And MathRL Proof Gates,oci-hsg-cs-001-vscode-02,2026-06-15 08:47:17 PDT,3308774,specdec-pard2-steps1-20260614_oci_hsg_swerl_qwen235b_fullgrpo_pard2_pyoverlay_eager_nolevel_r16,RUNNING,None,2026-06-15T08:46:16,1:01,16,nemotron_n3_post,134985,17,16,/lustre/fs1/portfolios/coreai/projects/coreai_dlalgo_nemorl/users/sna/swerl_fullgrpo_logs/20260614_oci_hsg_swerl_qwen235b_fullgrpo_pard2_pyoverlay_eager_nolevel_r16/pard2_steps1/3308774-logs/ray-worker-9.log,true
2026-06-15 08:47:16 PDT,OCI-HSG SWE-RL PARD-2 And MathRL Proof Gates,oci-hsg-cs-001-vscode-02,2026-06-15 08:47:17 PDT,3315381,online-qwen235b-mathrl-main-pard_k3-fixed256-step10-N32xG4,RUNNING,Prolog,2026-06-15T08:47:05,0:12,32,nemotron_n3_post,134933,0,0,,false
2026-06-15 08:47:16 PDT,OCI-HSG SWE-RL PARD-2 And MathRL Proof Gates,oci-hsg-cs-001-vscode-02,2026-06-15 08:47:17 PDT,3315382,online-qwen235b-mathrl-main-pard_k5-fixed256-step10-N32xG4,RUNNING,Prolog,2026-06-15T08:47:05,0:12,32,nemotron_n3_post,134933,0,0,,false
2026-06-15 08:47:16 PDT,OCI-HSG SWE-RL PARD-2 And MathRL Proof Gates,oci-hsg-cs-001-vscode-02,2026-06-15 08:47:17 PDT,3315380,online-qwen235b-mathrl-main-baseline-fixed256-step10-N32xG4,RUNNING,None,2026-06-15T08:46:16,1:01,32,nemotron_n3_post,134933,15,15,/lustre/fs1/portfolios/coreai/projects/coreai_dlalgo_nemorl/users/sna/mathrl_latest_main_logs/20260615_qwen235b_mathrl_latest_main_guards_n3post_systempy/baseline/slurm-3315380.out,true
2026-06-15 08:48:23 PDT,Lyris SWE-RL Raymatch/PARD Proof Gates,login-lyris02.lyris.clusters.nvidia.com,2026-06-15 08:48:24 PDT,2129272,specdec-pard2-steps1-20260615_lyris_swerl_qwen235b_fullgrpo_raymatch_tmpcache_r30_afterok,PENDING,Dependency,N/A,0:00,16,coreai_dlalgo_llm,76754,1,0,/lustre/fsw/coreai_dlalgo_llm/users/sna/swerl_fullgrpo_logs/20260615_lyris_swerl_qwen235b_fullgrpo_raymatch_tmpcache_r30_afterok/pard2_steps1/latest_235b_scale_gen_job_id.txt,false
2026-06-15 08:48:23 PDT,Lyris SWE-RL Raymatch/PARD Proof Gates,login-lyris02.lyris.clusters.nvidia.com,2026-06-15 08:48:24 PDT,2129271,specdec-pard-steps1-20260615_lyris_swerl_qwen235b_fullgrpo_raymatch_tmpcache_r30_afterok,PENDING,Dependency,N/A,0:00,16,coreai_dlalgo_llm,76754,1,0,/lustre/fsw/coreai_dlalgo_llm/users/sna/swerl_fullgrpo_logs/20260615_lyris_swerl_qwen235b_fullgrpo_raymatch_tmpcache_r30_afterok/pard_steps1/latest_235b_scale_gen_job_id.txt,false
2026-06-15 08:48:23 PDT,Lyris SWE-RL Raymatch/PARD Proof Gates,login-lyris02.lyris.clusters.nvidia.com,2026-06-15 08:48:24 PDT,2129203,specdec-baseline-steps1-20260615_lyris_swerl_qwen235b_fullgrpo_raymatch_tmpcache_r30,RUNNING,None,2026-06-15T07:57:46,50:38,16,coreai_dlalgo_llm,77298,20,19,/lustre/fsw/coreai_dlalgo_llm/users/sna/swerl_fullgrpo_logs/20260615_lyris_swerl_qwen235b_fullgrpo_raymatch_tmpcache_r30/baseline_steps1/2129203-logs/ray-driver.log,true
2026-06-15 08:48:23 PDT,OCI-HSG SWE-RL PARD-2 And MathRL Proof Gates,oci-hsg-cs-001-vscode-02,2026-06-15 08:48:24 PDT,3308774,specdec-pard2-steps1-20260614_oci_hsg_swerl_qwen235b_fullgrpo_pard2_pyoverlay_eager_nolevel_r16,RUNNING,None,2026-06-15T08:46:16,2:10,16,nemotron_n3_post,134985,19,18,/lustre/fs1/portfolios/coreai/projects/coreai_dlalgo_nemorl/users/sna/swerl_fullgrpo_logs/20260614_oci_hsg_swerl_qwen235b_fullgrpo_pard2_pyoverlay_eager_nolevel_r16/pard2_steps1/slurm-3308774.out,true
2026-06-15 08:48:23 PDT,OCI-HSG SWE-RL PARD-2 And MathRL Proof Gates,oci-hsg-cs-001-vscode-02,2026-06-15 08:48:24 PDT,3315381,online-qwen235b-mathrl-main-pard_k3-fixed256-step10-N32xG4,RUNNING,None,2026-06-15T08:47:05,1:21,32,nemotron_n3_post,134933,20,20,/lustre/fs1/portfolios/coreai/projects/coreai_dlalgo_nemorl/users/sna/mathrl_latest_main_logs/20260615_qwen235b_mathrl_latest_main_guards_n3post_systempy/pard_k3/slurm-3315381.out,true
2026-06-15 08:48:23 PDT,OCI-HSG SWE-RL PARD-2 And MathRL Proof Gates,oci-hsg-cs-001-vscode-02,2026-06-15 08:48:24 PDT,3315382,online-qwen235b-mathrl-main-pard_k5-fixed256-step10-N32xG4,RUNNING,None,2026-06-15T08:47:05,1:21,32,nemotron_n3_post,134933,20,20,/lustre/fs1/portfolios/coreai/projects/coreai_dlalgo_nemorl/users/sna/mathrl_latest_main_logs/20260615_qwen235b_mathrl_latest_main_guards_n3post_systempy/pard_k5/slurm-3315382.out,true
2026-06-15 08:48:23 PDT,OCI-HSG SWE-RL PARD-2 And MathRL Proof Gates,oci-hsg-cs-001-vscode-02,2026-06-15 08:48:24 PDT,3315380,online-qwen235b-mathrl-main-baseline-fixed256-step10-N32xG4,RUNNING,None,2026-06-15T08:46:16,2:10,32,nemotron_n3_post,134933,20,20,/lustre/fs1/portfolios/coreai/projects/coreai_dlalgo_nemorl/users/sna/mathrl_latest_main_logs/20260615_qwen235b_mathrl_latest_main_guards_n3post_systempy/baseline/3315380-logs/ray-head.log,true
2026-06-15 08:50:19 PDT,Lyris SWE-RL Raymatch/PARD Proof Gates,login-lyris02.lyris.clusters.nvidia.com,2026-06-15 08:50:19 PDT,2129272,specdec-pard2-steps1-20260615_lyris_swerl_qwen235b_fullgrpo_raymatch_tmpcache_r30_afterok,PENDING,Dependency,N/A,0:00,16,coreai_dlalgo_llm,76754,1,0,/lustre/fsw/coreai_dlalgo_llm/users/sna/swerl_fullgrpo_logs/20260615_lyris_swerl_qwen235b_fullgrpo_raymatch_tmpcache_r30_afterok/pard2_steps1/latest_235b_scale_gen_job_id.txt,false
2026-06-15 08:50:19 PDT,Lyris SWE-RL Raymatch/PARD Proof Gates,login-lyris02.lyris.clusters.nvidia.com,2026-06-15 08:50:19 PDT,2129271,specdec-pard-steps1-20260615_lyris_swerl_qwen235b_fullgrpo_raymatch_tmpcache_r30_afterok,PENDING,Dependency,N/A,0:00,16,coreai_dlalgo_llm,76754,1,0,/lustre/fsw/coreai_dlalgo_llm/users/sna/swerl_fullgrpo_logs/20260615_lyris_swerl_qwen235b_fullgrpo_raymatch_tmpcache_r30_afterok/pard_steps1/latest_235b_scale_gen_job_id.txt,false
2026-06-15 08:50:19 PDT,Lyris SWE-RL Raymatch/PARD Proof Gates,login-lyris02.lyris.clusters.nvidia.com,2026-06-15 08:50:19 PDT,2129203,specdec-baseline-steps1-20260615_lyris_swerl_qwen235b_fullgrpo_raymatch_tmpcache_r30,RUNNING,None,2026-06-15T07:57:46,52:33,16,coreai_dlalgo_llm,77298,20,19,/lustre/fsw/coreai_dlalgo_llm/users/sna/swerl_fullgrpo_logs/20260615_lyris_swerl_qwen235b_fullgrpo_raymatch_tmpcache_r30/baseline_steps1/2129203-logs/ray-driver.log,true
2026-06-15 08:50:19 PDT,OCI-HSG SWE-RL PARD-2 And MathRL Proof Gates,oci-hsg-cs-001-vscode-02,2026-06-15 08:50:20 PDT,3308774,specdec-pard2-steps1-20260614_oci_hsg_swerl_qwen235b_fullgrpo_pard2_pyoverlay_eager_nolevel_r16,RUNNING,None,2026-06-15T08:46:16,4:05,16,nemotron_n3_post,134985,20,19,/lustre/fs1/portfolios/coreai/projects/coreai_dlalgo_nemorl/users/sna/swerl_fullgrpo_logs/20260614_oci_hsg_swerl_qwen235b_fullgrpo_pard2_pyoverlay_eager_nolevel_r16/pard2_steps1/slurm-3308774.out,true
2026-06-15 08:50:19 PDT,OCI-HSG SWE-RL PARD-2 And MathRL Proof Gates,oci-hsg-cs-001-vscode-02,2026-06-15 08:50:20 PDT,3315381,online-qwen235b-mathrl-main-pard_k3-fixed256-step10-N32xG4,RUNNING,None,2026-06-15T08:47:05,3:16,32,nemotron_n3_post,134933,20,20,/lustre/fs1/portfolios/coreai/projects/coreai_dlalgo_nemorl/users/sna/mathrl_latest_main_logs/20260615_qwen235b_mathrl_latest_main_guards_n3post_systempy/pard_k3/slurm-3315381.out,true
2026-06-15 08:50:19 PDT,OCI-HSG SWE-RL PARD-2 And MathRL Proof Gates,oci-hsg-cs-001-vscode-02,2026-06-15 08:50:20 PDT,3315382,online-qwen235b-mathrl-main-pard_k5-fixed256-step10-N32xG4,RUNNING,None,2026-06-15T08:47:05,3:16,32,nemotron_n3_post,134933,20,20,/lustre/fs1/portfolios/coreai/projects/coreai_dlalgo_nemorl/users/sna/mathrl_latest_main_logs/20260615_qwen235b_mathrl_latest_main_guards_n3post_systempy/pard_k5/3315382-logs/ray-worker-28.log,true
2026-06-15 08:50:19 PDT,OCI-HSG SWE-RL PARD-2 And MathRL Proof Gates,oci-hsg-cs-001-vscode-02,2026-06-15 08:50:20 PDT,3315380,online-qwen235b-mathrl-main-baseline-fixed256-step10-N32xG4,RUNNING,None,2026-06-15T08:46:16,4:05,32,nemotron_n3_post,134933,20,20,/lustre/fs1/portfolios/coreai/projects/coreai_dlalgo_nemorl/users/sna/mathrl_latest_main_logs/20260615_qwen235b_mathrl_latest_main_guards_n3post_systempy/baseline/slurm-3315380.out,true
2026-06-15 08:50:54 PDT,Lyris SWE-RL Raymatch/PARD Proof Gates,login-lyris02.lyris.clusters.nvidia.com,2026-06-15 08:50:54 PDT,2129272,specdec-pard2-steps1-20260615_lyris_swerl_qwen235b_fullgrpo_raymatch_tmpcache_r30_afterok,PENDING,Dependency,N/A,0:00,16,coreai_dlalgo_llm,76754,1,0,/lustre/fsw/coreai_dlalgo_llm/users/sna/swerl_fullgrpo_logs/20260615_lyris_swerl_qwen235b_fullgrpo_raymatch_tmpcache_r30_afterok/pard2_steps1/latest_235b_scale_gen_job_id.txt,false
2026-06-15 08:50:54 PDT,Lyris SWE-RL Raymatch/PARD Proof Gates,login-lyris02.lyris.clusters.nvidia.com,2026-06-15 08:50:54 PDT,2129271,specdec-pard-steps1-20260615_lyris_swerl_qwen235b_fullgrpo_raymatch_tmpcache_r30_afterok,PENDING,Dependency,N/A,0:00,16,coreai_dlalgo_llm,76754,1,0,/lustre/fsw/coreai_dlalgo_llm/users/sna/swerl_fullgrpo_logs/20260615_lyris_swerl_qwen235b_fullgrpo_raymatch_tmpcache_r30_afterok/pard_steps1/latest_235b_scale_gen_job_id.txt,false
2026-06-15 08:50:54 PDT,Lyris SWE-RL Raymatch/PARD Proof Gates,login-lyris02.lyris.clusters.nvidia.com,2026-06-15 08:50:54 PDT,2129203,specdec-baseline-steps1-20260615_lyris_swerl_qwen235b_fullgrpo_raymatch_tmpcache_r30,RUNNING,None,2026-06-15T07:57:46,53:08,16,coreai_dlalgo_llm,77298,20,19,/lustre/fsw/coreai_dlalgo_llm/users/sna/swerl_fullgrpo_logs/20260615_lyris_swerl_qwen235b_fullgrpo_raymatch_tmpcache_r30/baseline_steps1/2129203-logs/ray-driver.log,true
2026-06-15 08:50:54 PDT,OCI-HSG SWE-RL PARD-2 And MathRL Proof Gates,oci-hsg-cs-001-vscode-02,2026-06-15 08:50:55 PDT,3308774,specdec-pard2-steps1-20260614_oci_hsg_swerl_qwen235b_fullgrpo_pard2_pyoverlay_eager_nolevel_r16,RUNNING,None,2026-06-15T08:46:16,4:39,16,nemotron_n3_post,134985,20,19,/lustre/fs1/portfolios/coreai/projects/coreai_dlalgo_nemorl/users/sna/swerl_fullgrpo_logs/20260614_oci_hsg_swerl_qwen235b_fullgrpo_pard2_pyoverlay_eager_nolevel_r16/pard2_steps1/3308774-logs/ray-driver.log,true
2026-06-15 08:50:54 PDT,OCI-HSG SWE-RL PARD-2 And MathRL Proof Gates,oci-hsg-cs-001-vscode-02,2026-06-15 08:50:55 PDT,3315381,online-qwen235b-mathrl-main-pard_k3-fixed256-step10-N32xG4,RUNNING,None,2026-06-15T08:47:05,3:50,32,nemotron_n3_post,134933,20,20,/lustre/fs1/portfolios/coreai/projects/coreai_dlalgo_nemorl/users/sna/mathrl_latest_main_logs/20260615_qwen235b_mathrl_latest_main_guards_n3post_systempy/pard_k3/slurm-3315381.out,true
2026-06-15 08:50:54 PDT,OCI-HSG SWE-RL PARD-2 And MathRL Proof Gates,oci-hsg-cs-001-vscode-02,2026-06-15 08:50:55 PDT,3315382,online-qwen235b-mathrl-main-pard_k5-fixed256-step10-N32xG4,RUNNING,None,2026-06-15T08:47:05,3:50,32,nemotron_n3_post,134933,20,20,/lustre/fs1/portfolios/coreai/projects/coreai_dlalgo_nemorl/users/sna/mathrl_latest_main_logs/20260615_qwen235b_mathrl_latest_main_guards_n3post_systempy/pard_k5/slurm-3315382.out,true
2026-06-15 08:50:54 PDT,OCI-HSG SWE-RL PARD-2 And MathRL Proof Gates,oci-hsg-cs-001-vscode-02,2026-06-15 08:50:55 PDT,3315380,online-qwen235b-mathrl-main-baseline-fixed256-step10-N32xG4,RUNNING,None,2026-06-15T08:46:16,4:39,32,nemotron_n3_post,134933,20,20,/lustre/fs1/portfolios/coreai/projects/coreai_dlalgo_nemorl/users/sna/mathrl_latest_main_logs/20260615_qwen235b_mathrl_latest_main_guards_n3post_systempy/baseline/slurm-3315380.out,true
2026-06-15 08:52:09 PDT,Lyris SWE-RL Raymatch/PARD Proof Gates,login-lyris02.lyris.clusters.nvidia.com,2026-06-15 08:52:09 PDT,2129272,specdec-pard2-steps1-20260615_lyris_swerl_qwen235b_fullgrpo_raymatch_tmpcache_r30_afterok,PENDING,Dependency,N/A,0:00,16,coreai_dlalgo_llm,76754,1,0,/lustre/fsw/coreai_dlalgo_llm/users/sna/swerl_fullgrpo_logs/20260615_lyris_swerl_qwen235b_fullgrpo_raymatch_tmpcache_r30_afterok/pard2_steps1/latest_235b_scale_gen_job_id.txt,false
2026-06-15 08:52:09 PDT,Lyris SWE-RL Raymatch/PARD Proof Gates,login-lyris02.lyris.clusters.nvidia.com,2026-06-15 08:52:09 PDT,2129271,specdec-pard-steps1-20260615_lyris_swerl_qwen235b_fullgrpo_raymatch_tmpcache_r30_afterok,PENDING,Dependency,N/A,0:00,16,coreai_dlalgo_llm,76754,1,0,/lustre/fsw/coreai_dlalgo_llm/users/sna/swerl_fullgrpo_logs/20260615_lyris_swerl_qwen235b_fullgrpo_raymatch_tmpcache_r30_afterok/pard_steps1/latest_235b_scale_gen_job_id.txt,false
2026-06-15 08:52:09 PDT,Lyris SWE-RL Raymatch/PARD Proof Gates,login-lyris02.lyris.clusters.nvidia.com,2026-06-15 08:52:09 PDT,2129203,specdec-baseline-steps1-20260615_lyris_swerl_qwen235b_fullgrpo_raymatch_tmpcache_r30,RUNNING,None,2026-06-15T07:57:46,54:23,16,coreai_dlalgo_llm,77298,20,19,/lustre/fsw/coreai_dlalgo_llm/users/sna/swerl_fullgrpo_logs/20260615_lyris_swerl_qwen235b_fullgrpo_raymatch_tmpcache_r30/baseline_steps1/2129203-logs/ray-driver.log,true
2026-06-15 08:52:09 PDT,OCI-HSG SWE-RL PARD-2 And MathRL Proof Gates,oci-hsg-cs-001-vscode-02,2026-06-15 08:52:10 PDT,3308774,specdec-pard2-steps1-20260614_oci_hsg_swerl_qwen235b_fullgrpo_pard2_pyoverlay_eager_nolevel_r16,RUNNING,None,2026-06-15T08:46:16,5:55,16,nemotron_n3_post,134986,20,19,/lustre/fs1/portfolios/coreai/projects/coreai_dlalgo_nemorl/users/sna/swerl_fullgrpo_logs/20260614_oci_hsg_swerl_qwen235b_fullgrpo_pard2_pyoverlay_eager_nolevel_r16/pard2_steps1/3308774-logs/ray-driver.log,true
2026-06-15 08:52:09 PDT,OCI-HSG SWE-RL PARD-2 And MathRL Proof Gates,oci-hsg-cs-001-vscode-02,2026-06-15 08:52:10 PDT,3315381,online-qwen235b-mathrl-main-pard_k3-fixed256-step10-N32xG4,RUNNING,None,2026-06-15T08:47:05,5:06,32,nemotron_n3_post,134933,20,20,/lustre/fs1/portfolios/coreai/projects/coreai_dlalgo_nemorl/users/sna/mathrl_latest_main_logs/20260615_qwen235b_mathrl_latest_main_guards_n3post_systempy/pard_k3/3315381-logs/ray-driver.log,true
2026-06-15 08:52:09 PDT,OCI-HSG SWE-RL PARD-2 And MathRL Proof Gates,oci-hsg-cs-001-vscode-02,2026-06-15 08:52:10 PDT,3315382,online-qwen235b-mathrl-main-pard_k5-fixed256-step10-N32xG4,RUNNING,None,2026-06-15T08:47:05,5:06,32,nemotron_n3_post,134933,20,20,/lustre/fs1/portfolios/coreai/projects/coreai_dlalgo_nemorl/users/sna/mathrl_latest_main_logs/20260615_qwen235b_mathrl_latest_main_guards_n3post_systempy/pard_k5/3315382-logs/ray-driver.log,true
2026-06-15 08:52:09 PDT,OCI-HSG SWE-RL PARD-2 And MathRL Proof Gates,oci-hsg-cs-001-vscode-02,2026-06-15 08:52:10 PDT,3315380,online-qwen235b-mathrl-main-baseline-fixed256-step10-N32xG4,RUNNING,None,2026-06-15T08:46:16,5:55,32,nemotron_n3_post,134933,20,20,/lustre/fs1/portfolios/coreai/projects/coreai_dlalgo_nemorl/users/sna/mathrl_latest_main_logs/20260615_qwen235b_mathrl_latest_main_guards_n3post_systempy/baseline/3315380-logs/ray-driver.log,true
2026-06-15 08:53:19 PDT,Lyris SWE-RL Raymatch/PARD Proof Gates,login-lyris02.lyris.clusters.nvidia.com,2026-06-15 08:53:19 PDT,2129272,specdec-pard2-steps1-20260615_lyris_swerl_qwen235b_fullgrpo_raymatch_tmpcache_r30_afterok,PENDING,Dependency,N/A,0:00,16,coreai_dlalgo_llm,76754,1,0,/lustre/fsw/coreai_dlalgo_llm/users/sna/swerl_fullgrpo_logs/20260615_lyris_swerl_qwen235b_fullgrpo_raymatch_tmpcache_r30_afterok/pard2_steps1/latest_235b_scale_gen_job_id.txt,false
2026-06-15 08:53:19 PDT,Lyris SWE-RL Raymatch/PARD Proof Gates,login-lyris02.lyris.clusters.nvidia.com,2026-06-15 08:53:19 PDT,2129271,specdec-pard-steps1-20260615_lyris_swerl_qwen235b_fullgrpo_raymatch_tmpcache_r30_afterok,PENDING,Dependency,N/A,0:00,16,coreai_dlalgo_llm,76754,1,0,/lustre/fsw/coreai_dlalgo_llm/users/sna/swerl_fullgrpo_logs/20260615_lyris_swerl_qwen235b_fullgrpo_raymatch_tmpcache_r30_afterok/pard_steps1/latest_235b_scale_gen_job_id.txt,false
2026-06-15 08:53:19 PDT,Lyris SWE-RL Raymatch/PARD Proof Gates,login-lyris02.lyris.clusters.nvidia.com,2026-06-15 08:53:19 PDT,2129203,specdec-baseline-steps1-20260615_lyris_swerl_qwen235b_fullgrpo_raymatch_tmpcache_r30,RUNNING,None,2026-06-15T07:57:46,55:34,16,coreai_dlalgo_llm,77298,20,19,/lustre/fsw/coreai_dlalgo_llm/users/sna/swerl_fullgrpo_logs/20260615_lyris_swerl_qwen235b_fullgrpo_raymatch_tmpcache_r30/baseline_steps1/2129203-logs/ray-driver.log,true
2026-06-15 08:53:19 PDT,OCI-HSG SWE-RL PARD-2 And MathRL Proof Gates,oci-hsg-cs-001-vscode-02,2026-06-15 08:53:20 PDT,3308774,specdec-pard2-steps1-20260614_oci_hsg_swerl_qwen235b_fullgrpo_pard2_pyoverlay_eager_nolevel_r16,RUNNING,None,2026-06-15T08:46:16,7:05,16,nemotron_n3_post,134986,20,19,/lustre/fs1/portfolios/coreai/projects/coreai_dlalgo_nemorl/users/sna/swerl_fullgrpo_logs/20260614_oci_hsg_swerl_qwen235b_fullgrpo_pard2_pyoverlay_eager_nolevel_r16/pard2_steps1/3308774-logs/ray-driver.log,true
2026-06-15 08:53:19 PDT,OCI-HSG SWE-RL PARD-2 And MathRL Proof Gates,oci-hsg-cs-001-vscode-02,2026-06-15 08:53:20 PDT,3315381,online-qwen235b-mathrl-main-pard_k3-fixed256-step10-N32xG4,RUNNING,None,2026-06-15T08:47:05,6:16,32,nemotron_n3_post,134933,20,20,/lustre/fs1/portfolios/coreai/projects/coreai_dlalgo_nemorl/users/sna/mathrl_latest_main_logs/20260615_qwen235b_mathrl_latest_main_guards_n3post_systempy/pard_k3/3315381-logs/ray-driver.log,true
2026-06-15 08:53:19 PDT,OCI-HSG SWE-RL PARD-2 And MathRL Proof Gates,oci-hsg-cs-001-vscode-02,2026-06-15 08:53:20 PDT,3315382,online-qwen235b-mathrl-main-pard_k5-fixed256-step10-N32xG4,RUNNING,None,2026-06-15T08:47:05,6:16,32,nemotron_n3_post,134933,20,20,/lustre/fs1/portfolios/coreai/projects/coreai_dlalgo_nemorl/users/sna/mathrl_latest_main_logs/20260615_qwen235b_mathrl_latest_main_guards_n3post_systempy/pard_k5/3315382-logs/ray-driver.log,true
2026-06-15 08:53:19 PDT,OCI-HSG SWE-RL PARD-2 And MathRL Proof Gates,oci-hsg-cs-001-vscode-02,2026-06-15 08:53:20 PDT,3315380,online-qwen235b-mathrl-main-baseline-fixed256-step10-N32xG4,RUNNING,None,2026-06-15T08:46:16,7:05,32,nemotron_n3_post,134933,20,20,/lustre/fs1/portfolios/coreai/projects/coreai_dlalgo_nemorl/users/sna/mathrl_latest_main_logs/20260615_qwen235b_mathrl_latest_main_guards_n3post_systempy/baseline/3315380-logs/ray-driver.log,true
2026-06-15 08:54:53 PDT,Lyris SWE-RL Raymatch/PARD Proof Gates,login-lyris02.lyris.clusters.nvidia.com,2026-06-15 08:54:53 PDT,2129272,specdec-pard2-steps1-20260615_lyris_swerl_qwen235b_fullgrpo_raymatch_tmpcache_r30_afterok,PENDING,Dependency,N/A,0:00,16,coreai_dlalgo_llm,76754,1,0,/lustre/fsw/coreai_dlalgo_llm/users/sna/swerl_fullgrpo_logs/20260615_lyris_swerl_qwen235b_fullgrpo_raymatch_tmpcache_r30_afterok/pard2_steps1/latest_235b_scale_gen_job_id.txt,false
2026-06-15 08:54:53 PDT,Lyris SWE-RL Raymatch/PARD Proof Gates,login-lyris02.lyris.clusters.nvidia.com,2026-06-15 08:54:53 PDT,2129271,specdec-pard-steps1-20260615_lyris_swerl_qwen235b_fullgrpo_raymatch_tmpcache_r30_afterok,PENDING,Dependency,N/A,0:00,16,coreai_dlalgo_llm,76754,1,0,/lustre/fsw/coreai_dlalgo_llm/users/sna/swerl_fullgrpo_logs/20260615_lyris_swerl_qwen235b_fullgrpo_raymatch_tmpcache_r30_afterok/pard_steps1/latest_235b_scale_gen_job_id.txt,false
2026-06-15 08:54:53 PDT,Lyris SWE-RL Raymatch/PARD Proof Gates,login-lyris02.lyris.clusters.nvidia.com,2026-06-15 08:54:53 PDT,2129203,specdec-baseline-steps1-20260615_lyris_swerl_qwen235b_fullgrpo_raymatch_tmpcache_r30,RUNNING,None,2026-06-15T07:57:46,57:07,16,coreai_dlalgo_llm,77298,20,19,/lustre/fsw/coreai_dlalgo_llm/users/sna/swerl_fullgrpo_logs/20260615_lyris_swerl_qwen235b_fullgrpo_raymatch_tmpcache_r30/baseline_steps1/2129203-logs/ray-driver.log,true
2026-06-15 08:54:53 PDT,OCI-HSG SWE-RL PARD-2 And MathRL Proof Gates,oci-hsg-cs-001-vscode-02,2026-06-15 08:54:54 PDT,3308774,specdec-pard2-steps1-20260614_oci_hsg_swerl_qwen235b_fullgrpo_pard2_pyoverlay_eager_nolevel_r16,RUNNING,None,2026-06-15T08:46:16,8:38,16,nemotron_n3_post,134986,20,19,/lustre/fs1/portfolios/coreai/projects/coreai_dlalgo_nemorl/users/sna/swerl_fullgrpo_logs/20260614_oci_hsg_swerl_qwen235b_fullgrpo_pard2_pyoverlay_eager_nolevel_r16/pard2_steps1/3308774-logs/ray-driver.log,true
2026-06-15 08:54:53 PDT,OCI-HSG SWE-RL PARD-2 And MathRL Proof Gates,oci-hsg-cs-001-vscode-02,2026-06-15 08:54:54 PDT,3315381,online-qwen235b-mathrl-main-pard_k3-fixed256-step10-N32xG4,RUNNING,None,2026-06-15T08:47:05,7:49,32,nemotron_n3_post,134933,20,20,/lustre/fs1/portfolios/coreai/projects/coreai_dlalgo_nemorl/users/sna/mathrl_latest_main_logs/20260615_qwen235b_mathrl_latest_main_guards_n3post_systempy/pard_k3/3315381-logs/ray-driver.log,true
2026-06-15 08:54:53 PDT,OCI-HSG SWE-RL PARD-2 And MathRL Proof Gates,oci-hsg-cs-001-vscode-02,2026-06-15 08:54:54 PDT,3315382,online-qwen235b-mathrl-main-pard_k5-fixed256-step10-N32xG4,RUNNING,None,2026-06-15T08:47:05,7:49,32,nemotron_n3_post,134933,20,20,/lustre/fs1/portfolios/coreai/projects/coreai_dlalgo_nemorl/users/sna/mathrl_latest_main_logs/20260615_qwen235b_mathrl_latest_main_guards_n3post_systempy/pard_k5/3315382-logs/ray-driver.log,true
2026-06-15 08:54:53 PDT,OCI-HSG SWE-RL PARD-2 And MathRL Proof Gates,oci-hsg-cs-001-vscode-02,2026-06-15 08:54:54 PDT,3315380,online-qwen235b-mathrl-main-baseline-fixed256-step10-N32xG4,RUNNING,None,2026-06-15T08:46:16,8:38,32,nemotron_n3_post,134933,20,20,/lustre/fs1/portfolios/coreai/projects/coreai_dlalgo_nemorl/users/sna/mathrl_latest_main_logs/20260615_qwen235b_mathrl_latest_main_guards_n3post_systempy/baseline/3315380-logs/ray-driver.log,true
2026-06-15 08:56:09 PDT,Lyris SWE-RL Raymatch/PARD Proof Gates,login-lyris02.lyris.clusters.nvidia.com,2026-06-15 08:56:09 PDT,2129272,specdec-pard2-steps1-20260615_lyris_swerl_qwen235b_fullgrpo_raymatch_tmpcache_r30_afterok,PENDING,Dependency,N/A,0:00,16,coreai_dlalgo_llm,76754,1,0,/lustre/fsw/coreai_dlalgo_llm/users/sna/swerl_fullgrpo_logs/20260615_lyris_swerl_qwen235b_fullgrpo_raymatch_tmpcache_r30_afterok/pard2_steps1/latest_235b_scale_gen_job_id.txt,false
2026-06-15 08:56:09 PDT,Lyris SWE-RL Raymatch/PARD Proof Gates,login-lyris02.lyris.clusters.nvidia.com,2026-06-15 08:56:09 PDT,2129271,specdec-pard-steps1-20260615_lyris_swerl_qwen235b_fullgrpo_raymatch_tmpcache_r30_afterok,PENDING,Dependency,N/A,0:00,16,coreai_dlalgo_llm,76754,1,0,/lustre/fsw/coreai_dlalgo_llm/users/sna/swerl_fullgrpo_logs/20260615_lyris_swerl_qwen235b_fullgrpo_raymatch_tmpcache_r30_afterok/pard_steps1/latest_235b_scale_gen_job_id.txt,false
2026-06-15 08:56:09 PDT,Lyris SWE-RL Raymatch/PARD Proof Gates,login-lyris02.lyris.clusters.nvidia.com,2026-06-15 08:56:09 PDT,2129203,specdec-baseline-steps1-20260615_lyris_swerl_qwen235b_fullgrpo_raymatch_tmpcache_r30,RUNNING,None,2026-06-15T07:57:46,58:23,16,coreai_dlalgo_llm,77298,20,19,/lustre/fsw/coreai_dlalgo_llm/users/sna/swerl_fullgrpo_logs/20260615_lyris_swerl_qwen235b_fullgrpo_raymatch_tmpcache_r30/baseline_steps1/2129203-logs/ray-driver.log,true
2026-06-15 08:56:09 PDT,OCI-HSG SWE-RL PARD-2 And MathRL Proof Gates,oci-hsg-cs-001-vscode-02,2026-06-15 08:56:10 PDT,3308774,specdec-pard2-steps1-20260614_oci_hsg_swerl_qwen235b_fullgrpo_pard2_pyoverlay_eager_nolevel_r16,RUNNING,None,2026-06-15T08:46:16,9:55,16,nemotron_n3_post,134986,20,19,/lustre/fs1/portfolios/coreai/projects/coreai_dlalgo_nemorl/users/sna/swerl_fullgrpo_logs/20260614_oci_hsg_swerl_qwen235b_fullgrpo_pard2_pyoverlay_eager_nolevel_r16/pard2_steps1/3308774-logs/ray-driver.log,true
2026-06-15 08:56:09 PDT,OCI-HSG SWE-RL PARD-2 And MathRL Proof Gates,oci-hsg-cs-001-vscode-02,2026-06-15 08:56:10 PDT,3315381,online-qwen235b-mathrl-main-pard_k3-fixed256-step10-N32xG4,RUNNING,None,2026-06-15T08:47:05,9:06,32,nemotron_n3_post,134933,20,20,/lustre/fs1/portfolios/coreai/projects/coreai_dlalgo_nemorl/users/sna/mathrl_latest_main_logs/20260615_qwen235b_mathrl_latest_main_guards_n3post_systempy/pard_k3/3315381-logs/ray-driver.log,true
2026-06-15 08:56:09 PDT,OCI-HSG SWE-RL PARD-2 And MathRL Proof Gates,oci-hsg-cs-001-vscode-02,2026-06-15 08:56:10 PDT,3315382,online-qwen235b-mathrl-main-pard_k5-fixed256-step10-N32xG4,RUNNING,None,2026-06-15T08:47:05,9:06,32,nemotron_n3_post,134933,20,20,/lustre/fs1/portfolios/coreai/projects/coreai_dlalgo_nemorl/users/sna/mathrl_latest_main_logs/20260615_qwen235b_mathrl_latest_main_guards_n3post_systempy/pard_k5/3315382-logs/ray-driver.log,true
2026-06-15 08:56:09 PDT,OCI-HSG SWE-RL PARD-2 And MathRL Proof Gates,oci-hsg-cs-001-vscode-02,2026-06-15 08:56:10 PDT,3315380,online-qwen235b-mathrl-main-baseline-fixed256-step10-N32xG4,RUNNING,None,2026-06-15T08:46:16,9:55,32,nemotron_n3_post,134933,20,20,/lustre/fs1/portfolios/coreai/projects/coreai_dlalgo_nemorl/users/sna/mathrl_latest_main_logs/20260615_qwen235b_mathrl_latest_main_guards_n3post_systempy/baseline/3315380-logs/ray-driver.log,true
2026-06-15 08:57:23 PDT,Lyris SWE-RL Raymatch/PARD Proof Gates,login-lyris02.lyris.clusters.nvidia.com,2026-06-15 08:57:23 PDT,2129272,specdec-pard2-steps1-20260615_lyris_swerl_qwen235b_fullgrpo_raymatch_tmpcache_r30_afterok,PENDING,Dependency,N/A,0:00,16,coreai_dlalgo_llm,76754,1,0,/lustre/fsw/coreai_dlalgo_llm/users/sna/swerl_fullgrpo_logs/20260615_lyris_swerl_qwen235b_fullgrpo_raymatch_tmpcache_r30_afterok/pard2_steps1/latest_235b_scale_gen_job_id.txt,false
2026-06-15 08:57:23 PDT,Lyris SWE-RL Raymatch/PARD Proof Gates,login-lyris02.lyris.clusters.nvidia.com,2026-06-15 08:57:23 PDT,2129271,specdec-pard-steps1-20260615_lyris_swerl_qwen235b_fullgrpo_raymatch_tmpcache_r30_afterok,PENDING,Dependency,N/A,0:00,16,coreai_dlalgo_llm,76754,1,0,/lustre/fsw/coreai_dlalgo_llm/users/sna/swerl_fullgrpo_logs/20260615_lyris_swerl_qwen235b_fullgrpo_raymatch_tmpcache_r30_afterok/pard_steps1/latest_235b_scale_gen_job_id.txt,false
2026-06-15 08:57:23 PDT,Lyris SWE-RL Raymatch/PARD Proof Gates,login-lyris02.lyris.clusters.nvidia.com,2026-06-15 08:57:23 PDT,2129203,specdec-baseline-steps1-20260615_lyris_swerl_qwen235b_fullgrpo_raymatch_tmpcache_r30,RUNNING,None,2026-06-15T07:57:46,59:37,16,coreai_dlalgo_llm,77298,20,19,/lustre/fsw/coreai_dlalgo_llm/users/sna/swerl_fullgrpo_logs/20260615_lyris_swerl_qwen235b_fullgrpo_raymatch_tmpcache_r30/baseline_steps1/2129203-logs/ray-driver.log,true
2026-06-15 08:57:23 PDT,OCI-HSG SWE-RL PARD-2 And MathRL Proof Gates,oci-hsg-cs-001-vscode-02,2026-06-15 08:57:24 PDT,3308774,specdec-pard2-steps1-20260614_oci_hsg_swerl_qwen235b_fullgrpo_pard2_pyoverlay_eager_nolevel_r16,RUNNING,None,2026-06-15T08:46:16,11:08,16,nemotron_n3_post,134986,20,19,/lustre/fs1/portfolios/coreai/projects/coreai_dlalgo_nemorl/users/sna/swerl_fullgrpo_logs/20260614_oci_hsg_swerl_qwen235b_fullgrpo_pard2_pyoverlay_eager_nolevel_r16/pard2_steps1/3308774-logs/ray-driver.log,true
2026-06-15 08:57:23 PDT,OCI-HSG SWE-RL PARD-2 And MathRL Proof Gates,oci-hsg-cs-001-vscode-02,2026-06-15 08:57:24 PDT,3315381,online-qwen235b-mathrl-main-pard_k3-fixed256-step10-N32xG4,RUNNING,None,2026-06-15T08:47:05,10:19,32,nemotron_n3_post,134934,20,20,/lustre/fs1/portfolios/coreai/projects/coreai_dlalgo_nemorl/users/sna/mathrl_latest_main_logs/20260615_qwen235b_mathrl_latest_main_guards_n3post_systempy/pard_k3/3315381-logs/ray-driver.log,true
2026-06-15 08:57:23 PDT,OCI-HSG SWE-RL PARD-2 And MathRL Proof Gates,oci-hsg-cs-001-vscode-02,2026-06-15 08:57:24 PDT,3315382,online-qwen235b-mathrl-main-pard_k5-fixed256-step10-N32xG4,RUNNING,None,2026-06-15T08:47:05,10:19,32,nemotron_n3_post,134934,20,20,/lustre/fs1/portfolios/coreai/projects/coreai_dlalgo_nemorl/users/sna/mathrl_latest_main_logs/20260615_qwen235b_mathrl_latest_main_guards_n3post_systempy/pard_k5/3315382-logs/ray-driver.log,true
2026-06-15 08:57:23 PDT,OCI-HSG SWE-RL PARD-2 And MathRL Proof Gates,oci-hsg-cs-001-vscode-02,2026-06-15 08:57:24 PDT,3315380,online-qwen235b-mathrl-main-baseline-fixed256-step10-N32xG4,RUNNING,None,2026-06-15T08:46:16,11:08,32,nemotron_n3_post,134934,20,20,/lustre/fs1/portfolios/coreai/projects/coreai_dlalgo_nemorl/users/sna/mathrl_latest_main_logs/20260615_qwen235b_mathrl_latest_main_guards_n3post_systempy/baseline/3315380-logs/ray-driver.log,true
2026-06-15 08:58:32 PDT,Lyris SWE-RL Raymatch/PARD Proof Gates,login-lyris02.lyris.clusters.nvidia.com,2026-06-15 08:58:34 PDT,2129272,specdec-pard2-steps1-20260615_lyris_swerl_qwen235b_fullgrpo_raymatch_tmpcache_r30_afterok,PENDING,Dependency,N/A,0:00,16,coreai_dlalgo_llm,76754,1,0,/lustre/fsw/coreai_dlalgo_llm/users/sna/swerl_fullgrpo_logs/20260615_lyris_swerl_qwen235b_fullgrpo_raymatch_tmpcache_r30_afterok/pard2_steps1/latest_235b_scale_gen_job_id.txt,false
2026-06-15 08:58:32 PDT,Lyris SWE-RL Raymatch/PARD Proof Gates,login-lyris02.lyris.clusters.nvidia.com,2026-06-15 08:58:34 PDT,2129271,specdec-pard-steps1-20260615_lyris_swerl_qwen235b_fullgrpo_raymatch_tmpcache_r30_afterok,PENDING,Dependency,N/A,0:00,16,coreai_dlalgo_llm,76754,1,0,/lustre/fsw/coreai_dlalgo_llm/users/sna/swerl_fullgrpo_logs/20260615_lyris_swerl_qwen235b_fullgrpo_raymatch_tmpcache_r30_afterok/pard_steps1/latest_235b_scale_gen_job_id.txt,false
2026-06-15 08:58:32 PDT,Lyris SWE-RL Raymatch/PARD Proof Gates,login-lyris02.lyris.clusters.nvidia.com,2026-06-15 08:58:34 PDT,2129203,specdec-baseline-steps1-20260615_lyris_swerl_qwen235b_fullgrpo_raymatch_tmpcache_r30,RUNNING,None,2026-06-15T07:57:46,1:00:48,16,coreai_dlalgo_llm,77298,20,19,/lustre/fsw/coreai_dlalgo_llm/users/sna/swerl_fullgrpo_logs/20260615_lyris_swerl_qwen235b_fullgrpo_raymatch_tmpcache_r30/baseline_steps1/2129203-logs/ray-driver.log,true
2026-06-15 08:58:32 PDT,OCI-HSG SWE-RL PARD-2 And MathRL Proof Gates,oci-hsg-cs-001-vscode-02,2026-06-15 08:58:37 PDT,3308774,specdec-pard2-steps1-20260614_oci_hsg_swerl_qwen235b_fullgrpo_pard2_pyoverlay_eager_nolevel_r16,RUNNING,None,2026-06-15T08:46:16,12:21,16,nemotron_n3_post,134986,20,19,/lustre/fs1/portfolios/coreai/projects/coreai_dlalgo_nemorl/users/sna/swerl_fullgrpo_logs/20260614_oci_hsg_swerl_qwen235b_fullgrpo_pard2_pyoverlay_eager_nolevel_r16/pard2_steps1/3308774-logs/ray-driver.log,true
2026-06-15 08:58:32 PDT,OCI-HSG SWE-RL PARD-2 And MathRL Proof Gates,oci-hsg-cs-001-vscode-02,2026-06-15 08:58:37 PDT,3315381,online-qwen235b-mathrl-main-pard_k3-fixed256-step10-N32xG4,RUNNING,None,2026-06-15T08:47:05,11:32,32,nemotron_n3_post,134934,20,20,/lustre/fs1/portfolios/coreai/projects/coreai_dlalgo_nemorl/users/sna/mathrl_latest_main_logs/20260615_qwen235b_mathrl_latest_main_guards_n3post_systempy/pard_k3/3315381-logs/ray-driver.log,true
2026-06-15 08:58:32 PDT,OCI-HSG SWE-RL PARD-2 And MathRL Proof Gates,oci-hsg-cs-001-vscode-02,2026-06-15 08:58:37 PDT,3315382,online-qwen235b-mathrl-main-pard_k5-fixed256-step10-N32xG4,RUNNING,None,2026-06-15T08:47:05,11:32,32,nemotron_n3_post,134934,20,20,/lustre/fs1/portfolios/coreai/projects/coreai_dlalgo_nemorl/users/sna/mathrl_latest_main_logs/20260615_qwen235b_mathrl_latest_main_guards_n3post_systempy/pard_k5/3315382-logs/ray-driver.log,true
2026-06-15 08:58:32 PDT,OCI-HSG SWE-RL PARD-2 And MathRL Proof Gates,oci-hsg-cs-001-vscode-02,2026-06-15 08:58:37 PDT,3315380,online-qwen235b-mathrl-main-baseline-fixed256-step10-N32xG4,RUNNING,None,2026-06-15T08:46:16,12:21,32,nemotron_n3_post,134934,20,20,/lustre/fs1/portfolios/coreai/projects/coreai_dlalgo_nemorl/users/sna/mathrl_latest_main_logs/20260615_qwen235b_mathrl_latest_main_guards_n3post_systempy/baseline/3315380-logs/ray-driver.log,true
2026-06-15 08:59:46 PDT,Lyris SWE-RL Raymatch/PARD Proof Gates,login-lyris02.lyris.clusters.nvidia.com,2026-06-15 08:59:46 PDT,2129272,specdec-pard2-steps1-20260615_lyris_swerl_qwen235b_fullgrpo_raymatch_tmpcache_r30_afterok,PENDING,Dependency,N/A,0:00,16,coreai_dlalgo_llm,76754,1,0,/lustre/fsw/coreai_dlalgo_llm/users/sna/swerl_fullgrpo_logs/20260615_lyris_swerl_qwen235b_fullgrpo_raymatch_tmpcache_r30_afterok/pard2_steps1/latest_235b_scale_gen_job_id.txt,false
2026-06-15 08:59:46 PDT,Lyris SWE-RL Raymatch/PARD Proof Gates,login-lyris02.lyris.clusters.nvidia.com,2026-06-15 08:59:46 PDT,2129271,specdec-pard-steps1-20260615_lyris_swerl_qwen235b_fullgrpo_raymatch_tmpcache_r30_afterok,PENDING,Dependency,N/A,0:00,16,coreai_dlalgo_llm,76754,1,0,/lustre/fsw/coreai_dlalgo_llm/users/sna/swerl_fullgrpo_logs/20260615_lyris_swerl_qwen235b_fullgrpo_raymatch_tmpcache_r30_afterok/pard_steps1/latest_235b_scale_gen_job_id.txt,false
2026-06-15 08:59:46 PDT,Lyris SWE-RL Raymatch/PARD Proof Gates,login-lyris02.lyris.clusters.nvidia.com,2026-06-15 08:59:46 PDT,2129203,specdec-baseline-steps1-20260615_lyris_swerl_qwen235b_fullgrpo_raymatch_tmpcache_r30,RUNNING,None,2026-06-15T07:57:46,1:02:00,16,coreai_dlalgo_llm,77298,20,19,/lustre/fsw/coreai_dlalgo_llm/users/sna/swerl_fullgrpo_logs/20260615_lyris_swerl_qwen235b_fullgrpo_raymatch_tmpcache_r30/baseline_steps1/2129203-logs/ray-driver.log,true
2026-06-15 08:59:46 PDT,OCI-HSG SWE-RL PARD-2 And MathRL Proof Gates,oci-hsg-cs-001-vscode-02,2026-06-15 08:59:47 PDT,3308774,specdec-pard2-steps1-20260614_oci_hsg_swerl_qwen235b_fullgrpo_pard2_pyoverlay_eager_nolevel_r16,RUNNING,None,2026-06-15T08:46:16,13:31,16,nemotron_n3_post,134986,20,19,/lustre/fs1/portfolios/coreai/projects/coreai_dlalgo_nemorl/users/sna/swerl_fullgrpo_logs/20260614_oci_hsg_swerl_qwen235b_fullgrpo_pard2_pyoverlay_eager_nolevel_r16/pard2_steps1/3308774-logs/ray-driver.log,true
2026-06-15 08:59:46 PDT,OCI-HSG SWE-RL PARD-2 And MathRL Proof Gates,oci-hsg-cs-001-vscode-02,2026-06-15 08:59:47 PDT,3315381,online-qwen235b-mathrl-main-pard_k3-fixed256-step10-N32xG4,RUNNING,None,2026-06-15T08:47:05,12:42,32,nemotron_n3_post,134934,20,20,/lustre/fs1/portfolios/coreai/projects/coreai_dlalgo_nemorl/users/sna/mathrl_latest_main_logs/20260615_qwen235b_mathrl_latest_main_guards_n3post_systempy/pard_k3/3315381-logs/ray-driver.log,true
2026-06-15 08:59:46 PDT,OCI-HSG SWE-RL PARD-2 And MathRL Proof Gates,oci-hsg-cs-001-vscode-02,2026-06-15 08:59:47 PDT,3315382,online-qwen235b-mathrl-main-pard_k5-fixed256-step10-N32xG4,RUNNING,None,2026-06-15T08:47:05,12:42,32,nemotron_n3_post,134934,20,20,/lustre/fs1/portfolios/coreai/projects/coreai_dlalgo_nemorl/users/sna/mathrl_latest_main_logs/20260615_qwen235b_mathrl_latest_main_guards_n3post_systempy/pard_k5/3315382-logs/ray-driver.log,true
2026-06-15 08:59:46 PDT,OCI-HSG SWE-RL PARD-2 And MathRL Proof Gates,oci-hsg-cs-001-vscode-02,2026-06-15 08:59:47 PDT,3315380,online-qwen235b-mathrl-main-baseline-fixed256-step10-N32xG4,RUNNING,None,2026-06-15T08:46:16,13:31,32,nemotron_n3_post,134934,20,20,/lustre/fs1/portfolios/coreai/projects/coreai_dlalgo_nemorl/users/sna/mathrl_latest_main_logs/20260615_qwen235b_mathrl_latest_main_guards_n3post_systempy/baseline/3315380-logs/ray-driver.log,true
2026-06-15 09:00:54 PDT,Lyris SWE-RL Raymatch/PARD Proof Gates,login-lyris02.lyris.clusters.nvidia.com,2026-06-15 09:00:54 PDT,2129272,specdec-pard2-steps1-20260615_lyris_swerl_qwen235b_fullgrpo_raymatch_tmpcache_r30_afterok,PENDING,Dependency,N/A,0:00,16,coreai_dlalgo_llm,76754,1,0,/lustre/fsw/coreai_dlalgo_llm/users/sna/swerl_fullgrpo_logs/20260615_lyris_swerl_qwen235b_fullgrpo_raymatch_tmpcache_r30_afterok/pard2_steps1/latest_235b_scale_gen_job_id.txt,false
2026-06-15 09:00:54 PDT,Lyris SWE-RL Raymatch/PARD Proof Gates,login-lyris02.lyris.clusters.nvidia.com,2026-06-15 09:00:54 PDT,2129271,specdec-pard-steps1-20260615_lyris_swerl_qwen235b_fullgrpo_raymatch_tmpcache_r30_afterok,PENDING,Dependency,N/A,0:00,16,coreai_dlalgo_llm,76754,1,0,/lustre/fsw/coreai_dlalgo_llm/users/sna/swerl_fullgrpo_logs/20260615_lyris_swerl_qwen235b_fullgrpo_raymatch_tmpcache_r30_afterok/pard_steps1/latest_235b_scale_gen_job_id.txt,false
2026-06-15 09:00:54 PDT,Lyris SWE-RL Raymatch/PARD Proof Gates,login-lyris02.lyris.clusters.nvidia.com,2026-06-15 09:00:54 PDT,2129203,specdec-baseline-steps1-20260615_lyris_swerl_qwen235b_fullgrpo_raymatch_tmpcache_r30,RUNNING,None,2026-06-15T07:57:46,1:03:09,16,coreai_dlalgo_llm,77298,20,19,/lustre/fsw/coreai_dlalgo_llm/users/sna/swerl_fullgrpo_logs/20260615_lyris_swerl_qwen235b_fullgrpo_raymatch_tmpcache_r30/baseline_steps1/2129203-logs/ray-driver.log,true
2026-06-15 09:00:54 PDT,OCI-HSG SWE-RL PARD-2 And MathRL Proof Gates,oci-hsg-cs-001-vscode-02,2026-06-15 09:00:55 PDT,3308774,specdec-pard2-steps1-20260614_oci_hsg_swerl_qwen235b_fullgrpo_pard2_pyoverlay_eager_nolevel_r16,RUNNING,None,2026-06-15T08:46:16,14:40,16,nemotron_n3_post,134986,20,19,/lustre/fs1/portfolios/coreai/projects/coreai_dlalgo_nemorl/users/sna/swerl_fullgrpo_logs/20260614_oci_hsg_swerl_qwen235b_fullgrpo_pard2_pyoverlay_eager_nolevel_r16/pard2_steps1/3308774-logs/ray-driver.log,true
2026-06-15 09:00:54 PDT,OCI-HSG SWE-RL PARD-2 And MathRL Proof Gates,oci-hsg-cs-001-vscode-02,2026-06-15 09:00:55 PDT,3315381,online-qwen235b-mathrl-main-pard_k3-fixed256-step10-N32xG4,RUNNING,None,2026-06-15T08:47:05,13:51,32,nemotron_n3_post,134934,20,20,/lustre/fs1/portfolios/coreai/projects/coreai_dlalgo_nemorl/users/sna/mathrl_latest_main_logs/20260615_qwen235b_mathrl_latest_main_guards_n3post_systempy/pard_k3/3315381-logs/ray-driver.log,true
2026-06-15 09:00:54 PDT,OCI-HSG SWE-RL PARD-2 And MathRL Proof Gates,oci-hsg-cs-001-vscode-02,2026-06-15 09:00:55 PDT,3315382,online-qwen235b-mathrl-main-pard_k5-fixed256-step10-N32xG4,RUNNING,None,2026-06-15T08:47:05,13:51,32,nemotron_n3_post,134934,20,20,/lustre/fs1/portfolios/coreai/projects/coreai_dlalgo_nemorl/users/sna/mathrl_latest_main_logs/20260615_qwen235b_mathrl_latest_main_guards_n3post_systempy/pard_k5/3315382-logs/ray-driver.log,true
2026-06-15 09:00:54 PDT,OCI-HSG SWE-RL PARD-2 And MathRL Proof Gates,oci-hsg-cs-001-vscode-02,2026-06-15 09:00:55 PDT,3315380,online-qwen235b-mathrl-main-baseline-fixed256-step10-N32xG4,RUNNING,None,2026-06-15T08:46:16,14:40,32,nemotron_n3_post,134934,20,20,/lustre/fs1/portfolios/coreai/projects/coreai_dlalgo_nemorl/users/sna/mathrl_latest_main_logs/20260615_qwen235b_mathrl_latest_main_guards_n3post_systempy/baseline/3315380-logs/ray-driver.log,true
2026-06-15 09:03:16 PDT,Lyris SWE-RL Raymatch/PARD Proof Gates,login-lyris02.lyris.clusters.nvidia.com,2026-06-15 09:03:18 PDT,2129272,specdec-pard2-steps1-20260615_lyris_swerl_qwen235b_fullgrpo_raymatch_tmpcache_r30_afterok,PENDING,Dependency,N/A,0:00,16,coreai_dlalgo_llm,76754,1,0,/lustre/fsw/coreai_dlalgo_llm/users/sna/swerl_fullgrpo_logs/20260615_lyris_swerl_qwen235b_fullgrpo_raymatch_tmpcache_r30_afterok/pard2_steps1/latest_235b_scale_gen_job_id.txt,false
2026-06-15 09:03:16 PDT,Lyris SWE-RL Raymatch/PARD Proof Gates,login-lyris02.lyris.clusters.nvidia.com,2026-06-15 09:03:18 PDT,2129271,specdec-pard-steps1-20260615_lyris_swerl_qwen235b_fullgrpo_raymatch_tmpcache_r30_afterok,PENDING,Dependency,N/A,0:00,16,coreai_dlalgo_llm,76754,1,0,/lustre/fsw/coreai_dlalgo_llm/users/sna/swerl_fullgrpo_logs/20260615_lyris_swerl_qwen235b_fullgrpo_raymatch_tmpcache_r30_afterok/pard_steps1/latest_235b_scale_gen_job_id.txt,false
2026-06-15 09:03:16 PDT,Lyris SWE-RL Raymatch/PARD Proof Gates,login-lyris02.lyris.clusters.nvidia.com,2026-06-15 09:03:18 PDT,2129203,specdec-baseline-steps1-20260615_lyris_swerl_qwen235b_fullgrpo_raymatch_tmpcache_r30,RUNNING,None,2026-06-15T07:57:46,1:05:32,16,coreai_dlalgo_llm,77298,20,19,/lustre/fsw/coreai_dlalgo_llm/users/sna/swerl_fullgrpo_logs/20260615_lyris_swerl_qwen235b_fullgrpo_raymatch_tmpcache_r30/baseline_steps1/2129203-logs/ray-driver.log,true
2026-06-15 09:03:16 PDT,OCI-HSG SWE-RL PARD-2 And MathRL Proof Gates,oci-hsg-cs-001-vscode-02,2026-06-15 09:03:21 PDT,3308774,specdec-pard2-steps1-20260614_oci_hsg_swerl_qwen235b_fullgrpo_pard2_pyoverlay_eager_nolevel_r16,RUNNING,None,2026-06-15T08:46:16,17:05,16,nemotron_n3_post,134987,20,19,/lustre/fs1/portfolios/coreai/projects/coreai_dlalgo_nemorl/users/sna/swerl_fullgrpo_logs/20260614_oci_hsg_swerl_qwen235b_fullgrpo_pard2_pyoverlay_eager_nolevel_r16/pard2_steps1/3308774-logs/ray-driver.log,true
2026-06-15 09:03:16 PDT,OCI-HSG SWE-RL PARD-2 And MathRL Proof Gates,oci-hsg-cs-001-vscode-02,2026-06-15 09:03:21 PDT,3315381,online-qwen235b-mathrl-main-pard_k3-fixed256-step10-N32xG4,RUNNING,None,2026-06-15T08:47:05,16:16,32,nemotron_n3_post,134934,20,20,/lustre/fs1/portfolios/coreai/projects/coreai_dlalgo_nemorl/users/sna/mathrl_latest_main_logs/20260615_qwen235b_mathrl_latest_main_guards_n3post_systempy/pard_k3/3315381-logs/ray-driver.log,true
2026-06-15 09:03:16 PDT,OCI-HSG SWE-RL PARD-2 And MathRL Proof Gates,oci-hsg-cs-001-vscode-02,2026-06-15 09:03:21 PDT,3315382,online-qwen235b-mathrl-main-pard_k5-fixed256-step10-N32xG4,RUNNING,None,2026-06-15T08:47:05,16:16,32,nemotron_n3_post,134934,20,20,/lustre/fs1/portfolios/coreai/projects/coreai_dlalgo_nemorl/users/sna/mathrl_latest_main_logs/20260615_qwen235b_mathrl_latest_main_guards_n3post_systempy/pard_k5/3315382-logs/ray-driver.log,true
2026-06-15 09:03:16 PDT,OCI-HSG SWE-RL PARD-2 And MathRL Proof Gates,oci-hsg-cs-001-vscode-02,2026-06-15 09:03:21 PDT,3315380,online-qwen235b-mathrl-main-baseline-fixed256-step10-N32xG4,RUNNING,None,2026-06-15T08:46:16,17:05,32,nemotron_n3_post,134934,20,20,/lustre/fs1/portfolios/coreai/projects/coreai_dlalgo_nemorl/users/sna/mathrl_latest_main_logs/20260615_qwen235b_mathrl_latest_main_guards_n3post_systempy/baseline/3315380-logs/ray-driver.log,true
2026-06-15 09:04:23 PDT,Lyris SWE-RL Raymatch/PARD Proof Gates,login-lyris02.lyris.clusters.nvidia.com,2026-06-15 09:04:23 PDT,2129272,specdec-pard2-steps1-20260615_lyris_swerl_qwen235b_fullgrpo_raymatch_tmpcache_r30_afterok,PENDING,Dependency,N/A,0:00,16,coreai_dlalgo_llm,76754,1,0,/lustre/fsw/coreai_dlalgo_llm/users/sna/swerl_fullgrpo_logs/20260615_lyris_swerl_qwen235b_fullgrpo_raymatch_tmpcache_r30_afterok/pard2_steps1/latest_235b_scale_gen_job_id.txt,false
2026-06-15 09:04:23 PDT,Lyris SWE-RL Raymatch/PARD Proof Gates,login-lyris02.lyris.clusters.nvidia.com,2026-06-15 09:04:23 PDT,2129271,specdec-pard-steps1-20260615_lyris_swerl_qwen235b_fullgrpo_raymatch_tmpcache_r30_afterok,PENDING,Dependency,N/A,0:00,16,coreai_dlalgo_llm,76754,1,0,/lustre/fsw/coreai_dlalgo_llm/users/sna/swerl_fullgrpo_logs/20260615_lyris_swerl_qwen235b_fullgrpo_raymatch_tmpcache_r30_afterok/pard_steps1/latest_235b_scale_gen_job_id.txt,false
2026-06-15 09:04:23 PDT,Lyris SWE-RL Raymatch/PARD Proof Gates,login-lyris02.lyris.clusters.nvidia.com,2026-06-15 09:04:23 PDT,2129203,specdec-baseline-steps1-20260615_lyris_swerl_qwen235b_fullgrpo_raymatch_tmpcache_r30,RUNNING,None,2026-06-15T07:57:46,1:06:37,16,coreai_dlalgo_llm,77298,20,19,/lustre/fsw/coreai_dlalgo_llm/users/sna/swerl_fullgrpo_logs/20260615_lyris_swerl_qwen235b_fullgrpo_raymatch_tmpcache_r30/baseline_steps1/2129203-logs/ray-driver.log,true
2026-06-15 09:04:23 PDT,OCI-HSG SWE-RL PARD-2 And MathRL Proof Gates,oci-hsg-cs-001-vscode-02,2026-06-15 09:04:24 PDT,3308774,specdec-pard2-steps1-20260614_oci_hsg_swerl_qwen235b_fullgrpo_pard2_pyoverlay_eager_nolevel_r16,RUNNING,None,2026-06-15T08:46:16,18:08,16,nemotron_n3_post,134987,20,19,/lustre/fs1/portfolios/coreai/projects/coreai_dlalgo_nemorl/users/sna/swerl_fullgrpo_logs/20260614_oci_hsg_swerl_qwen235b_fullgrpo_pard2_pyoverlay_eager_nolevel_r16/pard2_steps1/3308774-logs/ray-driver.log,true
2026-06-15 09:04:23 PDT,OCI-HSG SWE-RL PARD-2 And MathRL Proof Gates,oci-hsg-cs-001-vscode-02,2026-06-15 09:04:24 PDT,3315381,online-qwen235b-mathrl-main-pard_k3-fixed256-step10-N32xG4,RUNNING,None,2026-06-15T08:47:05,17:19,32,nemotron_n3_post,134934,20,20,/lustre/fs1/portfolios/coreai/projects/coreai_dlalgo_nemorl/users/sna/mathrl_latest_main_logs/20260615_qwen235b_mathrl_latest_main_guards_n3post_systempy/pard_k3/3315381-logs/ray-driver.log,true
2026-06-15 09:04:23 PDT,OCI-HSG SWE-RL PARD-2 And MathRL Proof Gates,oci-hsg-cs-001-vscode-02,2026-06-15 09:04:24 PDT,3315382,online-qwen235b-mathrl-main-pard_k5-fixed256-step10-N32xG4,RUNNING,None,2026-06-15T08:47:05,17:19,32,nemotron_n3_post,134934,20,20,/lustre/fs1/portfolios/coreai/projects/coreai_dlalgo_nemorl/users/sna/mathrl_latest_main_logs/20260615_qwen235b_mathrl_latest_main_guards_n3post_systempy/pard_k5/3315382-logs/ray-driver.log,true
2026-06-15 09:04:23 PDT,OCI-HSG SWE-RL PARD-2 And MathRL Proof Gates,oci-hsg-cs-001-vscode-02,2026-06-15 09:04:24 PDT,3315380,online-qwen235b-mathrl-main-baseline-fixed256-step10-N32xG4,RUNNING,None,2026-06-15T08:46:16,18:08,32,nemotron_n3_post,134934,20,20,/lustre/fs1/portfolios/coreai/projects/coreai_dlalgo_nemorl/users/sna/mathrl_latest_main_logs/20260615_qwen235b_mathrl_latest_main_guards_n3post_systempy/baseline/3315380-logs/ray-driver.log,true
2026-06-15 09:05:31 PDT,Lyris SWE-RL Raymatch/PARD Proof Gates,login-lyris02.lyris.clusters.nvidia.com,2026-06-15 09:05:31 PDT,2129272,specdec-pard2-steps1-20260615_lyris_swerl_qwen235b_fullgrpo_raymatch_tmpcache_r30_afterok,PENDING,Dependency,N/A,0:00,16,coreai_dlalgo_llm,76754,1,0,/lustre/fsw/coreai_dlalgo_llm/users/sna/swerl_fullgrpo_logs/20260615_lyris_swerl_qwen235b_fullgrpo_raymatch_tmpcache_r30_afterok/pard2_steps1/latest_235b_scale_gen_job_id.txt,false
2026-06-15 09:05:31 PDT,Lyris SWE-RL Raymatch/PARD Proof Gates,login-lyris02.lyris.clusters.nvidia.com,2026-06-15 09:05:31 PDT,2129271,specdec-pard-steps1-20260615_lyris_swerl_qwen235b_fullgrpo_raymatch_tmpcache_r30_afterok,PENDING,Dependency,N/A,0:00,16,coreai_dlalgo_llm,76754,1,0,/lustre/fsw/coreai_dlalgo_llm/users/sna/swerl_fullgrpo_logs/20260615_lyris_swerl_qwen235b_fullgrpo_raymatch_tmpcache_r30_afterok/pard_steps1/latest_235b_scale_gen_job_id.txt,false
2026-06-15 09:05:31 PDT,Lyris SWE-RL Raymatch/PARD Proof Gates,login-lyris02.lyris.clusters.nvidia.com,2026-06-15 09:05:31 PDT,2129203,specdec-baseline-steps1-20260615_lyris_swerl_qwen235b_fullgrpo_raymatch_tmpcache_r30,RUNNING,None,2026-06-15T07:57:46,1:07:45,16,coreai_dlalgo_llm,77298,20,19,/lustre/fsw/coreai_dlalgo_llm/users/sna/swerl_fullgrpo_logs/20260615_lyris_swerl_qwen235b_fullgrpo_raymatch_tmpcache_r30/baseline_steps1/2129203-logs/ray-driver.log,true
2026-06-15 09:05:31 PDT,OCI-HSG SWE-RL PARD-2 And MathRL Proof Gates,oci-hsg-cs-001-vscode-02,2026-06-15 09:05:32 PDT,3315380,online-qwen235b-mathrl-main-baseline-fixed256-step10-N32xG4,COMPLETING,NonZeroExitCode,2026-06-15T08:46:16,19:00,32,nemotron_n3_post,134934,20,20,/lustre/fs1/portfolios/coreai/projects/coreai_dlalgo_nemorl/users/sna/mathrl_latest_main_logs/20260615_qwen235b_mathrl_latest_main_guards_n3post_systempy/baseline/slurm-3315380.out,true
2026-06-15 09:05:31 PDT,OCI-HSG SWE-RL PARD-2 And MathRL Proof Gates,oci-hsg-cs-001-vscode-02,2026-06-15 09:05:32 PDT,3308774,specdec-pard2-steps1-20260614_oci_hsg_swerl_qwen235b_fullgrpo_pard2_pyoverlay_eager_nolevel_r16,RUNNING,None,2026-06-15T08:46:16,19:17,16,nemotron_n3_post,134987,20,19,/lustre/fs1/portfolios/coreai/projects/coreai_dlalgo_nemorl/users/sna/swerl_fullgrpo_logs/20260614_oci_hsg_swerl_qwen235b_fullgrpo_pard2_pyoverlay_eager_nolevel_r16/pard2_steps1/3308774-logs/ray-driver.log,true
2026-06-15 09:05:31 PDT,OCI-HSG SWE-RL PARD-2 And MathRL Proof Gates,oci-hsg-cs-001-vscode-02,2026-06-15 09:05:32 PDT,3315381,online-qwen235b-mathrl-main-pard_k3-fixed256-step10-N32xG4,RUNNING,None,2026-06-15T08:47:05,18:28,32,nemotron_n3_post,134934,20,20,/lustre/fs1/portfolios/coreai/projects/coreai_dlalgo_nemorl/users/sna/mathrl_latest_main_logs/20260615_qwen235b_mathrl_latest_main_guards_n3post_systempy/pard_k3/3315381-logs/ray-driver.log,true
2026-06-15 09:05:31 PDT,OCI-HSG SWE-RL PARD-2 And MathRL Proof Gates,oci-hsg-cs-001-vscode-02,2026-06-15 09:05:32 PDT,3315382,online-qwen235b-mathrl-main-pard_k5-fixed256-step10-N32xG4,RUNNING,None,2026-06-15T08:47:05,18:28,32,nemotron_n3_post,134934,20,20,/lustre/fs1/portfolios/coreai/projects/coreai_dlalgo_nemorl/users/sna/mathrl_latest_main_logs/20260615_qwen235b_mathrl_latest_main_guards_n3post_systempy/pard_k5/3315382-logs/ray-driver.log,true
2026-06-15 09:06:42 PDT,Lyris SWE-RL Raymatch/PARD Proof Gates,login-lyris02.lyris.clusters.nvidia.com,2026-06-15 09:06:42 PDT,2129272,specdec-pard2-steps1-20260615_lyris_swerl_qwen235b_fullgrpo_raymatch_tmpcache_r30_afterok,PENDING,Dependency,N/A,0:00,16,coreai_dlalgo_llm,76754,1,0,/lustre/fsw/coreai_dlalgo_llm/users/sna/swerl_fullgrpo_logs/20260615_lyris_swerl_qwen235b_fullgrpo_raymatch_tmpcache_r30_afterok/pard2_steps1/latest_235b_scale_gen_job_id.txt,false
2026-06-15 09:06:42 PDT,Lyris SWE-RL Raymatch/PARD Proof Gates,login-lyris02.lyris.clusters.nvidia.com,2026-06-15 09:06:42 PDT,2129271,specdec-pard-steps1-20260615_lyris_swerl_qwen235b_fullgrpo_raymatch_tmpcache_r30_afterok,PENDING,Dependency,N/A,0:00,16,coreai_dlalgo_llm,76754,1,0,/lustre/fsw/coreai_dlalgo_llm/users/sna/swerl_fullgrpo_logs/20260615_lyris_swerl_qwen235b_fullgrpo_raymatch_tmpcache_r30_afterok/pard_steps1/latest_235b_scale_gen_job_id.txt,false
2026-06-15 09:06:42 PDT,Lyris SWE-RL Raymatch/PARD Proof Gates,login-lyris02.lyris.clusters.nvidia.com,2026-06-15 09:06:42 PDT,2129203,specdec-baseline-steps1-20260615_lyris_swerl_qwen235b_fullgrpo_raymatch_tmpcache_r30,RUNNING,None,2026-06-15T07:57:46,1:08:56,16,coreai_dlalgo_llm,77298,20,19,/lustre/fsw/coreai_dlalgo_llm/users/sna/swerl_fullgrpo_logs/20260615_lyris_swerl_qwen235b_fullgrpo_raymatch_tmpcache_r30/baseline_steps1/2129203-logs/ray-driver.log,true
2026-06-15 09:06:42 PDT,OCI-HSG SWE-RL PARD-2 And MathRL Proof Gates,oci-hsg-cs-001-vscode-02,2026-06-15 09:06:43 PDT,3315380,online-qwen235b-mathrl-main-baseline-fixed256-step10-N32xG4,COMPLETING,NonZeroExitCode,2026-06-15T08:46:16,19:00,29,nemotron_n3_post,134935,20,20,/lustre/fs1/portfolios/coreai/projects/coreai_dlalgo_nemorl/users/sna/mathrl_latest_main_logs/20260615_qwen235b_mathrl_latest_main_guards_n3post_systempy/baseline/slurm-3315380.out,true
2026-06-15 09:06:42 PDT,OCI-HSG SWE-RL PARD-2 And MathRL Proof Gates,oci-hsg-cs-001-vscode-02,2026-06-15 09:06:43 PDT,3308774,specdec-pard2-steps1-20260614_oci_hsg_swerl_qwen235b_fullgrpo_pard2_pyoverlay_eager_nolevel_r16,RUNNING,None,2026-06-15T08:46:16,20:28,16,nemotron_n3_post,134987,20,19,/lustre/fs1/portfolios/coreai/projects/coreai_dlalgo_nemorl/users/sna/swerl_fullgrpo_logs/20260614_oci_hsg_swerl_qwen235b_fullgrpo_pard2_pyoverlay_eager_nolevel_r16/pard2_steps1/3308774-logs/ray-driver.log,true
2026-06-15 09:06:42 PDT,OCI-HSG SWE-RL PARD-2 And MathRL Proof Gates,oci-hsg-cs-001-vscode-02,2026-06-15 09:06:43 PDT,3315381,online-qwen235b-mathrl-main-pard_k3-fixed256-step10-N32xG4,RUNNING,None,2026-06-15T08:47:05,19:39,32,nemotron_n3_post,134935,20,20,/lustre/fs1/portfolios/coreai/projects/coreai_dlalgo_nemorl/users/sna/mathrl_latest_main_logs/20260615_qwen235b_mathrl_latest_main_guards_n3post_systempy/pard_k3/slurm-3315381.out,true
2026-06-15 09:06:42 PDT,OCI-HSG SWE-RL PARD-2 And MathRL Proof Gates,oci-hsg-cs-001-vscode-02,2026-06-15 09:06:43 PDT,3315382,online-qwen235b-mathrl-main-pard_k5-fixed256-step10-N32xG4,RUNNING,None,2026-06-15T08:47:05,19:39,32,nemotron_n3_post,134935,20,20,/lustre/fs1/portfolios/coreai/projects/coreai_dlalgo_nemorl/users/sna/mathrl_latest_main_logs/20260615_qwen235b_mathrl_latest_main_guards_n3post_systempy/pard_k5/3315382-logs/ray-driver.log,true
2026-06-15 09:07:53 PDT,Lyris SWE-RL Raymatch/PARD Proof Gates,login-lyris02.lyris.clusters.nvidia.com,2026-06-15 09:07:53 PDT,2129272,specdec-pard2-steps1-20260615_lyris_swerl_qwen235b_fullgrpo_raymatch_tmpcache_r30_afterok,PENDING,Dependency,N/A,0:00,16,coreai_dlalgo_llm,76754,1,0,/lustre/fsw/coreai_dlalgo_llm/users/sna/swerl_fullgrpo_logs/20260615_lyris_swerl_qwen235b_fullgrpo_raymatch_tmpcache_r30_afterok/pard2_steps1/latest_235b_scale_gen_job_id.txt,false
2026-06-15 09:07:53 PDT,Lyris SWE-RL Raymatch/PARD Proof Gates,login-lyris02.lyris.clusters.nvidia.com,2026-06-15 09:07:53 PDT,2129271,specdec-pard-steps1-20260615_lyris_swerl_qwen235b_fullgrpo_raymatch_tmpcache_r30_afterok,PENDING,Dependency,N/A,0:00,16,coreai_dlalgo_llm,76754,1,0,/lustre/fsw/coreai_dlalgo_llm/users/sna/swerl_fullgrpo_logs/20260615_lyris_swerl_qwen235b_fullgrpo_raymatch_tmpcache_r30_afterok/pard_steps1/latest_235b_scale_gen_job_id.txt,false
2026-06-15 09:07:53 PDT,Lyris SWE-RL Raymatch/PARD Proof Gates,login-lyris02.lyris.clusters.nvidia.com,2026-06-15 09:07:53 PDT,2129203,specdec-baseline-steps1-20260615_lyris_swerl_qwen235b_fullgrpo_raymatch_tmpcache_r30,RUNNING,None,2026-06-15T07:57:46,1:10:07,16,coreai_dlalgo_llm,77298,20,19,/lustre/fsw/coreai_dlalgo_llm/users/sna/swerl_fullgrpo_logs/20260615_lyris_swerl_qwen235b_fullgrpo_raymatch_tmpcache_r30/baseline_steps1/2129203-logs/ray-driver.log,true
2026-06-15 09:07:53 PDT,OCI-HSG SWE-RL PARD-2 And MathRL Proof Gates,oci-hsg-cs-001-vscode-02,2026-06-15 09:07:54 PDT,3315381,online-qwen235b-mathrl-main-pard_k3-fixed256-step10-N32xG4,COMPLETING,NonZeroExitCode,2026-06-15T08:47:05,19:39,32,nemotron_n3_post,134935,20,20,/lustre/fs1/portfolios/coreai/projects/coreai_dlalgo_nemorl/users/sna/mathrl_latest_main_logs/20260615_qwen235b_mathrl_latest_main_guards_n3post_systempy/pard_k3/slurm-3315381.out,true
2026-06-15 09:07:53 PDT,OCI-HSG SWE-RL PARD-2 And MathRL Proof Gates,oci-hsg-cs-001-vscode-02,2026-06-15 09:07:54 PDT,3308774,specdec-pard2-steps1-20260614_oci_hsg_swerl_qwen235b_fullgrpo_pard2_pyoverlay_eager_nolevel_r16,RUNNING,None,2026-06-15T08:46:16,21:38,16,nemotron_n3_post,134987,20,19,/lustre/fs1/portfolios/coreai/projects/coreai_dlalgo_nemorl/users/sna/swerl_fullgrpo_logs/20260614_oci_hsg_swerl_qwen235b_fullgrpo_pard2_pyoverlay_eager_nolevel_r16/pard2_steps1/3308774-logs/ray-driver.log,true
2026-06-15 09:07:53 PDT,OCI-HSG SWE-RL PARD-2 And MathRL Proof Gates,oci-hsg-cs-001-vscode-02,2026-06-15 09:07:54 PDT,3315382,online-qwen235b-mathrl-main-pard_k5-fixed256-step10-N32xG4,RUNNING,None,2026-06-15T08:47:05,20:49,32,nemotron_n3_post,134935,20,20,/lustre/fs1/portfolios/coreai/projects/coreai_dlalgo_nemorl/users/sna/mathrl_latest_main_logs/20260615_qwen235b_mathrl_latest_main_guards_n3post_systempy/pard_k5/3315382-logs/ray-driver.log,true
2026-06-15 09:07:53 PDT,OCI-HSG SWE-RL PARD-2 And MathRL Proof Gates,oci-hsg-cs-001-vscode-02,2026-06-15 09:07:54 PDT,3315380,online-qwen235b-mathrl-main-baseline-fixed256-step10-N32xG4,FAILED,sacct_exit=1:0,2026-06-15T08:46:16,00:19:00,,nemotron_n3_post,,20,20,/lustre/fs1/portfolios/coreai/projects/coreai_dlalgo_nemorl/users/sna/mathrl_latest_main_logs/20260615_qwen235b_mathrl_latest_main_guards_n3post_systempy/baseline/slurm-3315380.out,true
2026-06-15 09:09:02 PDT,Lyris SWE-RL Raymatch/PARD Proof Gates,login-lyris02.lyris.clusters.nvidia.com,2026-06-15 09:09:03 PDT,2129203,specdec-baseline-steps1-20260615_lyris_swerl_qwen235b_fullgrpo_raymatch_tmpcache_r30,FAILED,sacct_exit=1:0,2026-06-15T07:57:46,01:10:37,,coreai_dlalgo_llm,,20,19,/lustre/fsw/coreai_dlalgo_llm/users/sna/swerl_fullgrpo_logs/20260615_lyris_swerl_qwen235b_fullgrpo_raymatch_tmpcache_r30/baseline_steps1/slurm-2129203.out,true
2026-06-15 09:09:02 PDT,Lyris SWE-RL Raymatch/PARD Proof Gates,login-lyris02.lyris.clusters.nvidia.com,2026-06-15 09:09:03 PDT,2129271,specdec-pard-steps1-20260615_lyris_swerl_qwen235b_fullgrpo_raymatch_tmpcache_r30_afterok,CANCELLED,sacct_exit=0:0,None,00:00:00,,coreai_dlalgo_llm,,1,0,/lustre/fsw/coreai_dlalgo_llm/users/sna/swerl_fullgrpo_logs/20260615_lyris_swerl_qwen235b_fullgrpo_raymatch_tmpcache_r30_afterok/pard_steps1/latest_235b_scale_gen_job_id.txt,false
2026-06-15 09:09:02 PDT,Lyris SWE-RL Raymatch/PARD Proof Gates,login-lyris02.lyris.clusters.nvidia.com,2026-06-15 09:09:03 PDT,2129272,specdec-pard2-steps1-20260615_lyris_swerl_qwen235b_fullgrpo_raymatch_tmpcache_r30_afterok,CANCELLED,sacct_exit=0:0,None,00:00:00,,coreai_dlalgo_llm,,1,0,/lustre/fsw/coreai_dlalgo_llm/users/sna/swerl_fullgrpo_logs/20260615_lyris_swerl_qwen235b_fullgrpo_raymatch_tmpcache_r30_afterok/pard2_steps1/latest_235b_scale_gen_job_id.txt,false
2026-06-15 09:09:02 PDT,OCI-HSG SWE-RL PARD-2 And MathRL Proof Gates,oci-hsg-cs-001-vscode-02,2026-06-15 09:09:04 PDT,3315381,online-qwen235b-mathrl-main-pard_k3-fixed256-step10-N32xG4,COMPLETING,NonZeroExitCode,2026-06-15T08:47:05,19:39,1,nemotron_n3_post,134935,20,20,/lustre/fs1/portfolios/coreai/projects/coreai_dlalgo_nemorl/users/sna/mathrl_latest_main_logs/20260615_qwen235b_mathrl_latest_main_guards_n3post_systempy/pard_k3/slurm-3315381.out,true
2026-06-15 09:09:02 PDT,OCI-HSG SWE-RL PARD-2 And MathRL Proof Gates,oci-hsg-cs-001-vscode-02,2026-06-15 09:09:04 PDT,3315382,online-qwen235b-mathrl-main-pard_k5-fixed256-step10-N32xG4,COMPLETING,NonZeroExitCode,2026-06-15T08:47:05,21:04,32,nemotron_n3_post,134935,20,20,/lustre/fs1/portfolios/coreai/projects/coreai_dlalgo_nemorl/users/sna/mathrl_latest_main_logs/20260615_qwen235b_mathrl_latest_main_guards_n3post_systempy/pard_k5/slurm-3315382.out,true
2026-06-15 09:09:02 PDT,OCI-HSG SWE-RL PARD-2 And MathRL Proof Gates,oci-hsg-cs-001-vscode-02,2026-06-15 09:09:04 PDT,3308774,specdec-pard2-steps1-20260614_oci_hsg_swerl_qwen235b_fullgrpo_pard2_pyoverlay_eager_nolevel_r16,RUNNING,None,2026-06-15T08:46:16,22:49,16,nemotron_n3_post,134987,20,19,/lustre/fs1/portfolios/coreai/projects/coreai_dlalgo_nemorl/users/sna/swerl_fullgrpo_logs/20260614_oci_hsg_swerl_qwen235b_fullgrpo_pard2_pyoverlay_eager_nolevel_r16/pard2_steps1/3308774-logs/ray-driver.log,true
2026-06-15 09:09:02 PDT,OCI-HSG SWE-RL PARD-2 And MathRL Proof Gates,oci-hsg-cs-001-vscode-02,2026-06-15 09:09:04 PDT,3315380,online-qwen235b-mathrl-main-baseline-fixed256-step10-N32xG4,FAILED,sacct_exit=1:0,2026-06-15T08:46:16,00:19:00,,nemotron_n3_post,,20,20,/lustre/fs1/portfolios/coreai/projects/coreai_dlalgo_nemorl/users/sna/mathrl_latest_main_logs/20260615_qwen235b_mathrl_latest_main_guards_n3post_systempy/baseline/slurm-3315380.out,true
2026-06-15 09:10:06 PDT,Lyris SWE-RL Raymatch/PARD Proof Gates,login-lyris02.lyris.clusters.nvidia.com,2026-06-15 09:10:07 PDT,2129203,specdec-baseline-steps1-20260615_lyris_swerl_qwen235b_fullgrpo_raymatch_tmpcache_r30,FAILED,sacct_exit=1:0,2026-06-15T07:57:46,01:10:37,,coreai_dlalgo_llm,,20,19,/lustre/fsw/coreai_dlalgo_llm/users/sna/swerl_fullgrpo_logs/20260615_lyris_swerl_qwen235b_fullgrpo_raymatch_tmpcache_r30/baseline_steps1/slurm-2129203.out,true
2026-06-15 09:10:06 PDT,Lyris SWE-RL Raymatch/PARD Proof Gates,login-lyris02.lyris.clusters.nvidia.com,2026-06-15 09:10:07 PDT,2129271,specdec-pard-steps1-20260615_lyris_swerl_qwen235b_fullgrpo_raymatch_tmpcache_r30_afterok,CANCELLED,sacct_exit=0:0,None,00:00:00,,coreai_dlalgo_llm,,1,0,/lustre/fsw/coreai_dlalgo_llm/users/sna/swerl_fullgrpo_logs/20260615_lyris_swerl_qwen235b_fullgrpo_raymatch_tmpcache_r30_afterok/pard_steps1/latest_235b_scale_gen_job_id.txt,false
2026-06-15 09:10:06 PDT,Lyris SWE-RL Raymatch/PARD Proof Gates,login-lyris02.lyris.clusters.nvidia.com,2026-06-15 09:10:07 PDT,2129272,specdec-pard2-steps1-20260615_lyris_swerl_qwen235b_fullgrpo_raymatch_tmpcache_r30_afterok,CANCELLED,sacct_exit=0:0,None,00:00:00,,coreai_dlalgo_llm,,1,0,/lustre/fsw/coreai_dlalgo_llm/users/sna/swerl_fullgrpo_logs/20260615_lyris_swerl_qwen235b_fullgrpo_raymatch_tmpcache_r30_afterok/pard2_steps1/latest_235b_scale_gen_job_id.txt,false
2026-06-15 09:10:06 PDT,OCI-HSG SWE-RL PARD-2 And MathRL Proof Gates,oci-hsg-cs-001-vscode-02,2026-06-15 09:10:07 PDT,3315382,online-qwen235b-mathrl-main-pard_k5-fixed256-step10-N32xG4,COMPLETING,NonZeroExitCode,2026-06-15T08:47:05,21:04,4,nemotron_n3_post,134935,20,20,/lustre/fs1/portfolios/coreai/projects/coreai_dlalgo_nemorl/users/sna/mathrl_latest_main_logs/20260615_qwen235b_mathrl_latest_main_guards_n3post_systempy/pard_k5/slurm-3315382.out,true
2026-06-15 09:10:06 PDT,OCI-HSG SWE-RL PARD-2 And MathRL Proof Gates,oci-hsg-cs-001-vscode-02,2026-06-15 09:10:07 PDT,3308774,specdec-pard2-steps1-20260614_oci_hsg_swerl_qwen235b_fullgrpo_pard2_pyoverlay_eager_nolevel_r16,RUNNING,None,2026-06-15T08:46:16,23:51,16,nemotron_n3_post,134987,20,19,/lustre/fs1/portfolios/coreai/projects/coreai_dlalgo_nemorl/users/sna/swerl_fullgrpo_logs/20260614_oci_hsg_swerl_qwen235b_fullgrpo_pard2_pyoverlay_eager_nolevel_r16/pard2_steps1/3308774-logs/ray-driver.log,true
2026-06-15 09:10:06 PDT,OCI-HSG SWE-RL PARD-2 And MathRL Proof Gates,oci-hsg-cs-001-vscode-02,2026-06-15 09:10:07 PDT,3315380,online-qwen235b-mathrl-main-baseline-fixed256-step10-N32xG4,FAILED,sacct_exit=1:0,2026-06-15T08:46:16,00:19:00,,nemotron_n3_post,,20,20,/lustre/fs1/portfolios/coreai/projects/coreai_dlalgo_nemorl/users/sna/mathrl_latest_main_logs/20260615_qwen235b_mathrl_latest_main_guards_n3post_systempy/baseline/slurm-3315380.out,true
2026-06-15 09:10:06 PDT,OCI-HSG SWE-RL PARD-2 And MathRL Proof Gates,oci-hsg-cs-001-vscode-02,2026-06-15 09:10:07 PDT,3315381,online-qwen235b-mathrl-main-pard_k3-fixed256-step10-N32xG4,FAILED,sacct_exit=1:0,2026-06-15T08:47:05,00:19:39,,nemotron_n3_post,,20,20,/lustre/fs1/portfolios/coreai/projects/coreai_dlalgo_nemorl/users/sna/mathrl_latest_main_logs/20260615_qwen235b_mathrl_latest_main_guards_n3post_systempy/pard_k3/slurm-3315381.out,true
2026-06-15 09:11:28 PDT,Lyris SWE-RL Raymatch/PARD Proof Gates,login-lyris02.lyris.clusters.nvidia.com,2026-06-15 09:11:29 PDT,2129203,specdec-baseline-steps1-20260615_lyris_swerl_qwen235b_fullgrpo_raymatch_tmpcache_r30,FAILED,sacct_exit=1:0,2026-06-15T07:57:46,01:10:37,,coreai_dlalgo_llm,,20,19,/lustre/fsw/coreai_dlalgo_llm/users/sna/swerl_fullgrpo_logs/20260615_lyris_swerl_qwen235b_fullgrpo_raymatch_tmpcache_r30/baseline_steps1/slurm-2129203.out,true
2026-06-15 09:11:28 PDT,Lyris SWE-RL Raymatch/PARD Proof Gates,login-lyris02.lyris.clusters.nvidia.com,2026-06-15 09:11:29 PDT,2129271,specdec-pard-steps1-20260615_lyris_swerl_qwen235b_fullgrpo_raymatch_tmpcache_r30_afterok,CANCELLED,sacct_exit=0:0,None,00:00:00,,coreai_dlalgo_llm,,1,0,/lustre/fsw/coreai_dlalgo_llm/users/sna/swerl_fullgrpo_logs/20260615_lyris_swerl_qwen235b_fullgrpo_raymatch_tmpcache_r30_afterok/pard_steps1/latest_235b_scale_gen_job_id.txt,false
2026-06-15 09:11:28 PDT,Lyris SWE-RL Raymatch/PARD Proof Gates,login-lyris02.lyris.clusters.nvidia.com,2026-06-15 09:11:29 PDT,2129272,specdec-pard2-steps1-20260615_lyris_swerl_qwen235b_fullgrpo_raymatch_tmpcache_r30_afterok,CANCELLED,sacct_exit=0:0,None,00:00:00,,coreai_dlalgo_llm,,1,0,/lustre/fsw/coreai_dlalgo_llm/users/sna/swerl_fullgrpo_logs/20260615_lyris_swerl_qwen235b_fullgrpo_raymatch_tmpcache_r30_afterok/pard2_steps1/latest_235b_scale_gen_job_id.txt,false
2026-06-15 09:11:28 PDT,OCI-HSG SWE-RL PARD-2 And MathRL Proof Gates,oci-hsg-cs-001-vscode-02,2026-06-15 09:11:32 PDT,3308774,specdec-pard2-steps1-20260614_oci_hsg_swerl_qwen235b_fullgrpo_pard2_pyoverlay_eager_nolevel_r16,RUNNING,None,2026-06-15T08:46:16,25:16,16,nemotron_n3_post,134988,20,19,/lustre/fs1/portfolios/coreai/projects/coreai_dlalgo_nemorl/users/sna/swerl_fullgrpo_logs/20260614_oci_hsg_swerl_qwen235b_fullgrpo_pard2_pyoverlay_eager_nolevel_r16/pard2_steps1/3308774-logs/ray-driver.log,true
2026-06-15 09:11:28 PDT,OCI-HSG SWE-RL PARD-2 And MathRL Proof Gates,oci-hsg-cs-001-vscode-02,2026-06-15 09:11:32 PDT,3315380,online-qwen235b-mathrl-main-baseline-fixed256-step10-N32xG4,FAILED,sacct_exit=1:0,2026-06-15T08:46:16,00:19:00,,nemotron_n3_post,,20,20,/lustre/fs1/portfolios/coreai/projects/coreai_dlalgo_nemorl/users/sna/mathrl_latest_main_logs/20260615_qwen235b_mathrl_latest_main_guards_n3post_systempy/baseline/slurm-3315380.out,true
2026-06-15 09:11:28 PDT,OCI-HSG SWE-RL PARD-2 And MathRL Proof Gates,oci-hsg-cs-001-vscode-02,2026-06-15 09:11:32 PDT,3315381,online-qwen235b-mathrl-main-pard_k3-fixed256-step10-N32xG4,FAILED,sacct_exit=1:0,2026-06-15T08:47:05,00:19:39,,nemotron_n3_post,,20,20,/lustre/fs1/portfolios/coreai/projects/coreai_dlalgo_nemorl/users/sna/mathrl_latest_main_logs/20260615_qwen235b_mathrl_latest_main_guards_n3post_systempy/pard_k3/slurm-3315381.out,true
2026-06-15 09:11:28 PDT,OCI-HSG SWE-RL PARD-2 And MathRL Proof Gates,oci-hsg-cs-001-vscode-02,2026-06-15 09:11:32 PDT,3315382,online-qwen235b-mathrl-main-pard_k5-fixed256-step10-N32xG4,FAILED,sacct_exit=1:0,2026-06-15T08:47:05,00:21:04,,nemotron_n3_post,,20,20,/lustre/fs1/portfolios/coreai/projects/coreai_dlalgo_nemorl/users/sna/mathrl_latest_main_logs/20260615_qwen235b_mathrl_latest_main_guards_n3post_systempy/pard_k5/slurm-3315382.out,true
