checked_at,job_id,domain,model_group,method,k,temperature,batch_size,isl,osl,state,exit_code,elapsed,time_limit,live_generation_tok_s,live_tok_s_gpu_approx,running_reqs,waiting_reqs,gpu_kv_cache_pct,prefix_cache_hit_pct,live_acceptance_pct,live_mean_accept_len,live_accepted_tput,live_drafted_tput,engine_log_samples,specdec_log_samples,fatal_log_matches,breakdown_present,breakdown_valid,final_tok_s_gpu,final_acceptance_pct,final_mean_accept_len,partial,logs_dir
2026-06-20T10:39:47+00:00,3459865,math,qwen235b,eagle3,8,0.0,1,4096,32768,COMPLETED,0:0,00:56:15,1-00:00:00,19.8,4.9500,1,0,2.1,0.0,23.4,2.87,12.92,55.22,307,307,0,1,1,4.8884,24.4342,1.9547,False,/lustre/fs1/portfolios/coreai/projects/coreai_dlalgo_nemorl/users/sna/SpecDec-RL-main-vllm020-20260606/vllm-runs/qmath_extra_k_20260620/qwen235b_math500_osl32k_eagle3_t00_offset0_n1_isl4096_osl32768_bs1_k8_20260620_qmath_extra_eagle3k8_pardk16_pard2k16_qwen235b_eagle3_k8
2026-06-20T10:39:47+00:00,3459881,math,qwen235b,eagle3,8,0.0,2,4096,32768,COMPLETED,0:0,00:59:25,1-00:00:00,17.1,4.2750,1,0,2.1,37.0,22.0,2.76,10.93,49.64,321,321,0,1,1,9.7277,24.2877,1.9430,False,/lustre/fs1/portfolios/coreai/projects/coreai_dlalgo_nemorl/users/sna/SpecDec-RL-main-vllm020-20260606/vllm-runs/qmath_extra_k_20260620/qwen235b_math500_osl32k_eagle3_t00_offset0_n2_isl4096_osl32768_bs2_k8_20260620_qmath_extra_eagle3k8_pardk16_pard2k16_qwen235b_eagle3_k8
2026-06-20T10:39:47+00:00,3459888,math,qwen235b,eagle3,8,0.0,4,4096,32768,COMPLETED,0:0,01:01:44,08:00:00,19.7,4.9250,1,0,2.1,32.0,25.6,3.05,13.24,51.78,341,341,0,1,1,18.6912,26.5009,2.1201,False,/lustre/fs1/portfolios/coreai/projects/coreai_dlalgo_nemorl/users/sna/SpecDec-RL-main-vllm020-20260606/vllm-runs/qmath_extra_k_20260620/qwen235b_math500_osl32k_eagle3_t00_offset0_n4_isl4096_osl32768_bs4_k8_20260620_qmath_extra_eagle3k8_pardk16_pard2k16_qwen235b_eagle3_k8
2026-06-20T10:39:47+00:00,3459894,math,qwen235b,eagle3,8,0.0,8,4096,32768,COMPLETED,0:0,01:07:54,12:00:00,10.6,2.6500,1,0,2.1,37.5,14.8,2.18,5.72,38.65,378,378,0,1,1,34.1986,25.1446,2.0116,False,/lustre/fs1/portfolios/coreai/projects/coreai_dlalgo_nemorl/users/sna/SpecDec-RL-main-vllm020-20260606/vllm-runs/qmath_extra_k_20260620/qwen235b_math500_osl32k_eagle3_t00_offset0_n8_isl4096_osl32768_bs8_k8_20260620_qmath_extra_eagle3k8_pardk16_pard2k16_qwen235b_eagle3_k8
2026-06-20T10:39:47+00:00,3459908,math,qwen235b,eagle3,8,0.0,16,4096,32768,COMPLETED,0:0,01:29:41,18:00:00,17.9,4.4750,1,0,2.1,0.0,21.3,2.70,11.25,52.90,500,500,0,1,1,57.5647,25.2184,2.0175,False,/lustre/fs1/portfolios/coreai/projects/coreai_dlalgo_nemorl/users/sna/SpecDec-RL-main-vllm020-20260606/vllm-runs/qmath_extra_k_20260620/qwen235b_math500_osl32k_eagle3_t00_offset0_n16_isl4096_osl32768_bs16_k8_20260620_qmath_extra_eagle3k8_pardk16_pard2k16_qwen235b_eagle3_k8
2026-06-20T10:39:47+00:00,3459921,math,qwen235b,eagle3,8,0.0,32,4096,32768,COMPLETED,0:0,01:33:42,1-00:00:00,17.6,4.4000,1,0,2.1,0.0,18.7,2.49,10.53,56.42,527,527,0,1,1,97.6797,24.3740,1.9499,False,/lustre/fs1/portfolios/coreai/projects/coreai_dlalgo_nemorl/users/sna/SpecDec-RL-main-vllm020-20260606/vllm-runs/qmath_extra_k_20260620/qwen235b_math500_osl32k_eagle3_t00_offset0_n32_isl4096_osl32768_bs32_k8_20260620_qmath_extra_eagle3k8_pardk16_pard2k16_qwen235b_eagle3_k8
2026-06-20T10:39:47+00:00,3459935,math,qwen235b,eagle3,8,1.0,1,4096,32768,COMPLETED,0:0,01:05:01,1-00:00:00,12.8,3.2000,1,0,2.1,0.0,10.4,1.83,5.78,55.79,356,356,0,1,1,4.0080,16.7990,1.3439,False,/lustre/fs1/portfolios/coreai/projects/coreai_dlalgo_nemorl/users/sna/SpecDec-RL-main-vllm020-20260606/vllm-runs/qmath_extra_k_20260620/qwen235b_math500_osl32k_eagle3_t10_offset0_n1_isl4096_osl32768_bs1_k8_20260620_qmath_extra_eagle3k8_pardk16_pard2k16_qwen235b_eagle3_k8
2026-06-20T10:39:47+00:00,3459951,math,qwen235b,eagle3,8,1.0,2,4096,32768,COMPLETED,0:0,01:10:04,1-00:00:00,14.1,3.5250,1,0,2.1,37.0,12.7,2.01,7.10,56.01,384,384,0,1,1,8.0130,21.7584,1.7407,False,/lustre/fs1/portfolios/coreai/projects/coreai_dlalgo_nemorl/users/sna/SpecDec-RL-main-vllm020-20260606/vllm-runs/qmath_extra_k_20260620/qwen235b_math500_osl32k_eagle3_t10_offset0_n2_isl4096_osl32768_bs2_k8_20260620_qmath_extra_eagle3k8_pardk16_pard2k16_qwen235b_eagle3_k8
2026-06-20T10:39:47+00:00,3459965,math,qwen235b,eagle3,8,1.0,4,4096,32768,COMPLETED,0:0,01:33:31,08:00:00,12.4,3.1000,1,0,2.1,0.0,10.8,1.87,5.77,53.35,531,531,0,1,1,13.4024,17.1259,1.3701,False,/lustre/fs1/portfolios/coreai/projects/coreai_dlalgo_nemorl/users/sna/SpecDec-RL-main-vllm020-20260606/vllm-runs/qmath_extra_k_20260620/qwen235b_math500_osl32k_eagle3_t10_offset0_n4_isl4096_osl32768_bs4_k8_20260620_qmath_extra_eagle3k8_pardk16_pard2k16_qwen235b_eagle3_k8
2026-06-20T10:39:47+00:00,3459974,math,qwen235b,eagle3,8,1.0,8,4096,32768,COMPLETED,0:0,01:33:44,12:00:00,12.0,3.0000,1,0,2.1,37.5,8.8,1.70,4.95,56.24,518,518,0,1,1,23.8943,21.6435,1.7315,False,/lustre/fs1/portfolios/coreai/projects/coreai_dlalgo_nemorl/users/sna/SpecDec-RL-main-vllm020-20260606/vllm-runs/qmath_extra_k_20260620/qwen235b_math500_osl32k_eagle3_t10_offset0_n8_isl4096_osl32768_bs8_k8_20260620_qmath_extra_eagle3k8_pardk16_pard2k16_qwen235b_eagle3_k8
2026-06-20T10:39:47+00:00,3459984,math,qwen235b,eagle3,8,1.0,16,4096,32768,COMPLETED,0:0,01:40:11,18:00:00,28.1,7.0250,2,0,4.2,38.1,13.8,2.10,14.72,106.64,571,571,0,1,1,50.1044,22.1991,1.7759,False,/lustre/fs1/portfolios/coreai/projects/coreai_dlalgo_nemorl/users/sna/SpecDec-RL-main-vllm020-20260606/vllm-runs/qmath_extra_k_20260620/qwen235b_math500_osl32k_eagle3_t10_offset0_n16_isl4096_osl32768_bs16_k8_20260620_qmath_extra_eagle3k8_pardk16_pard2k16_qwen235b_eagle3_k8
2026-06-20T10:39:47+00:00,3459991,math,qwen235b,eagle3,8,1.0,32,4096,32768,COMPLETED,0:0,01:48:29,1-00:00:00,11.8,2.9500,1,0,2.1,36.2,8.6,1.69,4.84,56.06,592,592,0,1,1,85.6449,19.1392,1.5311,False,/lustre/fs1/portfolios/coreai/projects/coreai_dlalgo_nemorl/users/sna/SpecDec-RL-main-vllm020-20260606/vllm-runs/qmath_extra_k_20260620/qwen235b_math500_osl32k_eagle3_t10_offset0_n32_isl4096_osl32768_bs32_k8_20260620_qmath_extra_eagle3k8_pardk16_pard2k16_qwen235b_eagle3_k8
2026-06-20T10:39:47+00:00,3460387,math,qwen235b,pard2,16,0.0,1,4096,32768,COMPLETED,0:0,02:54:12,1-00:00:00,6.0,1.5000,1,0,3.1,43.6,0.2,1.03,0.20,93.42,592,592,0,1,1,1.6249,0.2657,0.0425,False,/lustre/fs1/portfolios/coreai/projects/coreai_dlalgo_nemorl/users/sna/SpecDec-RL-main-vllm020-20260606/vllm-runs/qmath_extra_k_20260620/qwen235b_math500_osl32k_pard2_t00_offset0_n1_isl4096_osl32768_bs1_k16_20260620_qmath_extra_eagle3k8_pardk16_pard2k16_qwen235b_pard2_k16
2026-06-20T10:39:47+00:00,3460388,math,qwen235b,pard2,16,0.0,2,4096,32768,COMPLETED,0:0,02:51:18,1-00:00:00,5.9,1.4750,1,0,3.1,46.2,0.0,1.00,0.00,94.79,592,592,0,1,1,3.3100,0.2454,0.0393,False,/lustre/fs1/portfolios/coreai/projects/coreai_dlalgo_nemorl/users/sna/SpecDec-RL-main-vllm020-20260606/vllm-runs/qmath_extra_k_20260620/qwen235b_math500_osl32k_pard2_t00_offset0_n2_isl4096_osl32768_bs2_k16_20260620_qmath_extra_eagle3k8_pardk16_pard2k16_qwen235b_pard2_k16
2026-06-20T10:39:47+00:00,3460389,math,qwen235b,pard2,16,0.0,4,4096,32768,COMPLETED,0:0,02:55:14,08:00:00,10.4,2.6000,1,0,3.1,44.8,0.0,1.00,0.00,166.35,592,592,0,1,1,6.3086,0.1728,0.0276,False,/lustre/fs1/portfolios/coreai/projects/coreai_dlalgo_nemorl/users/sna/SpecDec-RL-main-vllm020-20260606/vllm-runs/qmath_extra_k_20260620/qwen235b_math500_osl32k_pard2_t00_offset0_n4_isl4096_osl32768_bs4_k16_20260620_qmath_extra_eagle3k8_pardk16_pard2k16_qwen235b_pard2_k16
2026-06-20T10:39:47+00:00,3460391,math,qwen235b,pard2,16,0.0,8,4096,32768,COMPLETED,0:0,02:57:14,12:00:00,5.9,1.4750,1,0,3.1,46.1,0.0,1.00,0.00,94.97,592,592,0,1,1,12.7353,0.3047,0.0487,False,/lustre/fs1/portfolios/coreai/projects/coreai_dlalgo_nemorl/users/sna/SpecDec-RL-main-vllm020-20260606/vllm-runs/qmath_extra_k_20260620/qwen235b_math500_osl32k_pard2_t00_offset0_n8_isl4096_osl32768_bs8_k16_20260620_qmath_extra_eagle3k8_pardk16_pard2k16_qwen235b_pard2_k16
2026-06-20T10:39:47+00:00,3460392,math,qwen235b,pard2,16,0.0,16,4096,32768,COMPLETED,0:0,03:03:02,18:00:00,5.9,1.4750,1,0,3.1,46.1,0.0,1.00,0.00,94.72,592,592,0,1,1,24.5741,0.3459,0.0553,False,/lustre/fs1/portfolios/coreai/projects/coreai_dlalgo_nemorl/users/sna/SpecDec-RL-main-vllm020-20260606/vllm-runs/qmath_extra_k_20260620/qwen235b_math500_osl32k_pard2_t00_offset0_n16_isl4096_osl32768_bs16_k16_20260620_qmath_extra_eagle3k8_pardk16_pard2k16_qwen235b_pard2_k16
2026-06-20T10:39:47+00:00,3460393,math,qwen235b,pard2,16,0.0,32,4096,32768,COMPLETED,0:0,03:24:45,1-00:00:00,10.2,2.5500,1,0,3.1,45.2,0.0,1.00,0.00,163.84,593,593,0,1,1,43.6521,0.2819,0.0451,False,/lustre/fs1/portfolios/coreai/projects/coreai_dlalgo_nemorl/users/sna/SpecDec-RL-main-vllm020-20260606/vllm-runs/qmath_extra_k_20260620/qwen235b_math500_osl32k_pard2_t00_offset0_n32_isl4096_osl32768_bs32_k16_20260620_qmath_extra_eagle3k8_pardk16_pard2k16_qwen235b_pard2_k16
2026-06-20T10:39:47+00:00,3460394,math,qwen235b,pard2,16,1.0,1,4096,32768,COMPLETED,0:0,02:54:29,1-00:00:00,6.2,1.5500,1,0,3.1,43.6,0.3,1.05,0.30,93.65,575,576,0,1,1,1.6218,0.0843,0.0135,False,/lustre/fs1/portfolios/coreai/projects/coreai_dlalgo_nemorl/users/sna/SpecDec-RL-main-vllm020-20260606/vllm-runs/qmath_extra_k_20260620/qwen235b_math500_osl32k_pard2_t10_offset0_n1_isl4096_osl32768_bs1_k16_20260620_qmath_extra_eagle3k8_pardk16_pard2k16_qwen235b_pard2_k16
2026-06-20T10:39:47+00:00,3460395,math,qwen235b,pard2,16,1.0,2,4096,32768,COMPLETED,0:0,02:59:35,1-00:00:00,5.9,1.4750,1,0,3.1,46.2,0.0,1.00,0.00,95.00,592,592,0,1,1,3.1589,0.1292,0.0207,False,/lustre/fs1/portfolios/coreai/projects/coreai_dlalgo_nemorl/users/sna/SpecDec-RL-main-vllm020-20260606/vllm-runs/qmath_extra_k_20260620/qwen235b_math500_osl32k_pard2_t10_offset0_n2_isl4096_osl32768_bs2_k16_20260620_qmath_extra_eagle3k8_pardk16_pard2k16_qwen235b_pard2_k16
2026-06-20T10:39:47+00:00,3460397,math,qwen235b,pard2,16,1.0,4,4096,32768,COMPLETED,0:0,03:24:01,08:00:00,5.6,1.4000,1,0,3.1,44.8,0.0,1.00,0.00,89.19,592,592,0,1,1,5.1509,0.0474,0.0076,False,/lustre/fs1/portfolios/coreai/projects/coreai_dlalgo_nemorl/users/sna/SpecDec-RL-main-vllm020-20260606/vllm-runs/qmath_extra_k_20260620/qwen235b_math500_osl32k_pard2_t10_offset0_n4_isl4096_osl32768_bs4_k16_20260620_qmath_extra_eagle3k8_pardk16_pard2k16_qwen235b_pard2_k16
2026-06-20T10:39:47+00:00,3460398,math,qwen235b,pard2,16,1.0,8,4096,32768,COMPLETED,0:0,03:02:16,12:00:00,5.9,1.4750,1,0,3.1,46.1,0.0,1.00,0.00,94.89,592,592,0,1,1,12.3553,0.2097,0.0336,False,/lustre/fs1/portfolios/coreai/projects/coreai_dlalgo_nemorl/users/sna/SpecDec-RL-main-vllm020-20260606/vllm-runs/qmath_extra_k_20260620/qwen235b_math500_osl32k_pard2_t10_offset0_n8_isl4096_osl32768_bs8_k16_20260620_qmath_extra_eagle3k8_pardk16_pard2k16_qwen235b_pard2_k16
2026-06-20T10:39:47+00:00,3460399,math,qwen235b,pard2,16,1.0,16,4096,32768,COMPLETED,0:0,03:12:09,18:00:00,9.0,2.2500,1,0,3.1,46.1,0.0,1.00,0.00,144.31,586,587,0,1,1,22.8324,0.2472,0.0395,False,/lustre/fs1/portfolios/coreai/projects/coreai_dlalgo_nemorl/users/sna/SpecDec-RL-main-vllm020-20260606/vllm-runs/qmath_extra_k_20260620/qwen235b_math500_osl32k_pard2_t10_offset0_n16_isl4096_osl32768_bs16_k16_20260620_qmath_extra_eagle3k8_pardk16_pard2k16_qwen235b_pard2_k16
2026-06-20T10:39:47+00:00,3460400,math,qwen235b,pard2,16,1.0,32,4096,32768,COMPLETED,0:0,03:25:56,1-00:00:00,19.3,4.8250,2,0,6.3,45.2,0.0,1.01,0.10,306.62,593,593,0,1,1,43.4963,0.1144,0.0183,False,/lustre/fs1/portfolios/coreai/projects/coreai_dlalgo_nemorl/users/sna/SpecDec-RL-main-vllm020-20260606/vllm-runs/qmath_extra_k_20260620/qwen235b_math500_osl32k_pard2_t10_offset0_n32_isl4096_osl32768_bs32_k16_20260620_qmath_extra_eagle3k8_pardk16_pard2k16_qwen235b_pard2_k16
2026-06-20T10:39:47+00:00,3460281,math,qwen235b,pard,16,0.0,1,4096,32768,COMPLETED,0:0,00:40:41,1-00:00:00,17.9,4.4750,1,0,2.9,43.6,12.8,3.05,12.05,94.01,215,215,0,1,1,7.6069,23.6906,3.7905,False,/lustre/fs1/portfolios/coreai/projects/coreai_dlalgo_nemorl/users/sna/SpecDec-RL-main-vllm020-20260606/vllm-runs/qmath_extra_k_20260620/qwen235b_math500_osl32k_pard_t00_offset0_n1_isl4096_osl32768_bs1_k16_20260620_qmath_extra_eagle3k8_pardk16_pard2k16_qwen235b_pard_k16
2026-06-20T10:39:47+00:00,3460282,math,qwen235b,pard,16,0.0,2,4096,32768,COMPLETED,0:0,00:53:55,1-00:00:00,17.9,4.4750,1,0,2.9,46.2,12.5,3.00,11.91,95.27,290,290,0,1,1,10.7068,16.9907,2.7185,False,/lustre/fs1/portfolios/coreai/projects/coreai_dlalgo_nemorl/users/sna/SpecDec-RL-main-vllm020-20260606/vllm-runs/qmath_extra_k_20260620/qwen235b_math500_osl32k_pard_t00_offset0_n2_isl4096_osl32768_bs2_k16_20260620_qmath_extra_eagle3k8_pardk16_pard2k16_qwen235b_pard_k16
2026-06-20T10:39:47+00:00,3460283,math,qwen235b,pard,16,0.0,4,4096,32768,COMPLETED,0:0,00:59:54,08:00:00,14.6,3.6500,1,0,2.9,44.8,9.2,2.47,8.69,94.80,329,329,0,1,1,19.7447,18.3441,2.9351,False,/lustre/fs1/portfolios/coreai/projects/coreai_dlalgo_nemorl/users/sna/SpecDec-RL-main-vllm020-20260606/vllm-runs/qmath_extra_k_20260620/qwen235b_math500_osl32k_pard_t00_offset0_n4_isl4096_osl32768_bs4_k16_20260620_qmath_extra_eagle3k8_pardk16_pard2k16_qwen235b_pard_k16
2026-06-20T10:39:47+00:00,3460284,math,qwen235b,pard,16,0.0,8,4096,32768,COMPLETED,0:0,01:12:13,12:00:00,20.7,5.1750,1,0,2.9,46.1,15.7,3.51,14.77,94.22,404,404,0,1,1,38.9195,16.8974,2.7036,False,/lustre/fs1/portfolios/coreai/projects/coreai_dlalgo_nemorl/users/sna/SpecDec-RL-main-vllm020-20260606/vllm-runs/qmath_extra_k_20260620/qwen235b_math500_osl32k_pard_t00_offset0_n8_isl4096_osl32768_bs8_k16_20260620_qmath_extra_eagle3k8_pardk16_pard2k16_qwen235b_pard_k16
2026-06-20T10:39:47+00:00,3460287,math,qwen235b,pard,16,0.0,16,4096,32768,COMPLETED,0:0,01:15:02,18:00:00,20.7,5.1750,1,0,2.9,46.1,15.8,3.53,14.86,94.17,417,417,0,1,1,60.6383,17.5098,2.8016,False,/lustre/fs1/portfolios/coreai/projects/coreai_dlalgo_nemorl/users/sna/SpecDec-RL-main-vllm020-20260606/vllm-runs/qmath_extra_k_20260620/qwen235b_math500_osl32k_pard_t00_offset0_n16_isl4096_osl32768_bs16_k16_20260620_qmath_extra_eagle3k8_pardk16_pard2k16_qwen235b_pard_k16
2026-06-20T10:39:47+00:00,3460289,math,qwen235b,pard,16,0.0,32,4096,32768,COMPLETED,0:0,01:32:22,1-00:00:00,15.8,3.9500,1,0,2.9,45.2,10.4,2.67,9.89,94.91,522,522,0,1,1,99.1811,17.4459,2.7913,False,/lustre/fs1/portfolios/coreai/projects/coreai_dlalgo_nemorl/users/sna/SpecDec-RL-main-vllm020-20260606/vllm-runs/qmath_extra_k_20260620/qwen235b_math500_osl32k_pard_t00_offset0_n32_isl4096_osl32768_bs32_k16_20260620_qmath_extra_eagle3k8_pardk16_pard2k16_qwen235b_pard_k16
2026-06-20T10:39:47+00:00,3460295,math,qwen235b,pard,16,1.0,1,4096,32768,COMPLETED,0:0,01:07:19,1-00:00:00,20.0,5.0000,1,0,2.9,43.6,14.8,3.37,14.03,94.84,375,375,0,1,1,8.6454,26.5863,4.2538,False,/lustre/fs1/portfolios/coreai/projects/coreai_dlalgo_nemorl/users/sna/SpecDec-RL-main-vllm020-20260606/vllm-runs/qmath_extra_k_20260620/qwen235b_math500_osl32k_pard_t10_offset0_n1_isl4096_osl32768_bs1_k16_20260620_qmath_extra_eagle3k8_pardk16_pard2k16_qwen235b_pard_k16
2026-06-20T10:39:47+00:00,3460300,math,qwen235b,pard,16,1.0,2,4096,32768,COMPLETED,0:0,01:15:41,1-00:00:00,12.0,3.0000,1,0,2.9,46.2,6.2,2.00,5.98,95.65,423,423,0,1,1,8.3723,13.7458,2.1993,False,/lustre/fs1/portfolios/coreai/projects/coreai_dlalgo_nemorl/users/sna/SpecDec-RL-main-vllm020-20260606/vllm-runs/qmath_extra_k_20260620/qwen235b_math500_osl32k_pard_t10_offset0_n2_isl4096_osl32768_bs2_k16_20260620_qmath_extra_eagle3k8_pardk16_pard2k16_qwen235b_pard_k16
2026-06-20T10:39:47+00:00,3460301,math,qwen235b,pard,16,1.0,4,4096,32768,COMPLETED,0:0,01:49:29,08:00:00,7.6,1.9000,1,0,2.9,44.8,2.2,1.35,1.98,90.33,592,592,0,1,1,7.8130,5.9579,0.9533,False,/lustre/fs1/portfolios/coreai/projects/coreai_dlalgo_nemorl/users/sna/SpecDec-RL-main-vllm020-20260606/vllm-runs/qmath_extra_k_20260620/qwen235b_math500_osl32k_pard_t10_offset0_n4_isl4096_osl32768_bs4_k16_20260620_qmath_extra_eagle3k8_pardk16_pard2k16_qwen235b_pard_k16
2026-06-20T10:39:47+00:00,3460302,math,qwen235b,pard,16,1.0,8,4096,32768,COMPLETED,0:0,02:00:44,12:00:00,6.8,1.7000,1,0,2.9,46.1,1.1,1.17,0.99,93.62,591,592,0,1,1,21.5785,11.4605,1.8337,False,/lustre/fs1/portfolios/coreai/projects/coreai_dlalgo_nemorl/users/sna/SpecDec-RL-main-vllm020-20260606/vllm-runs/qmath_extra_k_20260620/qwen235b_math500_osl32k_pard_t10_offset0_n8_isl4096_osl32768_bs8_k16_20260620_qmath_extra_eagle3k8_pardk16_pard2k16_qwen235b_pard_k16
2026-06-20T10:39:47+00:00,3460303,math,qwen235b,pard,16,1.0,16,4096,32768,COMPLETED,0:0,02:02:21,18:00:00,6.7,1.6750,1,0,2.9,46.1,0.8,1.13,0.79,95.10,592,592,0,1,1,35.4438,8.8623,1.4180,False,/lustre/fs1/portfolios/coreai/projects/coreai_dlalgo_nemorl/users/sna/SpecDec-RL-main-vllm020-20260606/vllm-runs/qmath_extra_k_20260620/qwen235b_math500_osl32k_pard_t10_offset0_n16_isl4096_osl32768_bs16_k16_20260620_qmath_extra_eagle3k8_pardk16_pard2k16_qwen235b_pard_k16
2026-06-20T10:39:47+00:00,3460305,math,qwen235b,pard,16,1.0,32,4096,32768,COMPLETED,0:0,02:23:02,1-00:00:00,5.9,1.4750,1,0,2.9,45.2,0.0,1.00,0.00,94.03,592,592,0,1,1,64.2930,11.8869,1.9019,False,/lustre/fs1/portfolios/coreai/projects/coreai_dlalgo_nemorl/users/sna/SpecDec-RL-main-vllm020-20260606/vllm-runs/qmath_extra_k_20260620/qwen235b_math500_osl32k_pard_t10_offset0_n32_isl4096_osl32768_bs32_k16_20260620_qmath_extra_eagle3k8_pardk16_pard2k16_qwen235b_pard_k16
2026-06-20T10:39:47+00:00,3460009,math,qwen30ba3b,eagle3,8,0.0,1,4096,32768,COMPLETED,0:0,01:03:14,16:00:00,12.2,3.0500,1,0,3.6,29.1,0.1,1.01,0.10,96.50,362,362,0,1,1,17.4631,3.7361,0.2989,False,/lustre/fs1/portfolios/coreai/projects/coreai_dlalgo_nemorl/users/sna/SpecDec-RL-main-vllm020-20260606/vllm-runs/qmath_extra_k_20260620/qwen30ba3b_math500_osl32k_eagle3_t00_offset0_n1_isl4096_osl32768_bs1_k8_20260620_qmath_extra_eagle3k8_pardk16_pard2k16_qwen30ba3b_eagle3_k8
2026-06-20T10:39:47+00:00,3460022,math,qwen30ba3b,eagle3,8,0.0,2,4096,32768,COMPLETED,0:0,01:09:53,16:00:00,13.6,3.4000,1,0,3.6,37.0,0.8,1.06,0.80,102.06,401,401,0,1,1,33.5462,3.6720,0.2938,False,/lustre/fs1/portfolios/coreai/projects/coreai_dlalgo_nemorl/users/sna/SpecDec-RL-main-vllm020-20260606/vllm-runs/qmath_extra_k_20260620/qwen30ba3b_math500_osl32k_eagle3_t00_offset0_n2_isl4096_osl32768_bs2_k8_20260620_qmath_extra_eagle3k8_pardk16_pard2k16_qwen30ba3b_eagle3_k8
2026-06-20T10:39:47+00:00,3460038,math,qwen30ba3b,eagle3,8,0.0,4,4096,32768,COMPLETED,0:0,01:07:50,06:00:00,12.5,3.1250,1,0,3.6,32.0,0.9,1.07,0.80,93.59,391,391,0,1,1,64.9559,3.7653,0.3012,False,/lustre/fs1/portfolios/coreai/projects/coreai_dlalgo_nemorl/users/sna/SpecDec-RL-main-vllm020-20260606/vllm-runs/qmath_extra_k_20260620/qwen30ba3b_math500_osl32k_eagle3_t00_offset0_n4_isl4096_osl32768_bs4_k8_20260620_qmath_extra_eagle3k8_pardk16_pard2k16_qwen30ba3b_eagle3_k8
2026-06-20T10:39:47+00:00,3460163,math,qwen30ba3b,eagle3,8,0.0,8,4096,32768,COMPLETED,0:0,01:07:24,08:00:00,13.3,3.3250,1,0,3.7,37.5,0.7,1.06,0.70,100.66,388,388,0,1,1,130.8613,4.1445,0.3316,False,/lustre/fs1/portfolios/coreai/projects/coreai_dlalgo_nemorl/users/sna/SpecDec-RL-main-vllm020-20260606/vllm-runs/qmath_extra_k_20260620/qwen30ba3b_math500_osl32k_eagle3_t00_offset0_n8_isl4096_osl32768_bs8_k8_20260620_qmath_extra_eagle3k8_pardk16_pard2k16_qwen30ba3b_eagle3_k8
2026-06-20T10:39:47+00:00,3460179,math,qwen30ba3b,eagle3,8,0.0,16,4096,32768,COMPLETED,0:0,01:18:08,12:00:00,12.6,3.1500,1,0,3.7,38.1,0.1,1.01,0.10,99.94,453,453,0,1,1,230.6107,3.9830,0.3186,False,/lustre/fs1/portfolios/coreai/projects/coreai_dlalgo_nemorl/users/sna/SpecDec-RL-main-vllm020-20260606/vllm-runs/qmath_extra_k_20260620/qwen30ba3b_math500_osl32k_eagle3_t00_offset0_n16_isl4096_osl32768_bs16_k8_20260620_qmath_extra_eagle3k8_pardk16_pard2k16_qwen30ba3b_eagle3_k8
2026-06-20T10:39:47+00:00,3460192,math,qwen30ba3b,eagle3,8,0.0,32,4096,32768,COMPLETED,0:0,01:23:39,16:00:00,25.3,6.3250,1,0,3.6,33.1,0.1,1.01,0.30,199.80,485,485,0,1,1,418.9885,4.1535,0.3323,False,/lustre/fs1/portfolios/coreai/projects/coreai_dlalgo_nemorl/users/sna/SpecDec-RL-main-vllm020-20260606/vllm-runs/qmath_extra_k_20260620/qwen30ba3b_math500_osl32k_eagle3_t00_offset0_n32_isl4096_osl32768_bs32_k8_20260620_qmath_extra_eagle3k8_pardk16_pard2k16_qwen30ba3b_eagle3_k8
2026-06-20T10:39:47+00:00,3460203,math,qwen30ba3b,eagle3,8,1.0,1,4096,32768,COMPLETED,0:0,00:42:15,16:00:00,18.3,4.5750,1,0,3.6,29.1,6.2,1.50,6.09,97.50,237,237,0,1,1,24.4483,8.9799,0.7184,False,/lustre/fs1/portfolios/coreai/projects/coreai_dlalgo_nemorl/users/sna/SpecDec-RL-main-vllm020-20260606/vllm-runs/qmath_extra_k_20260620/qwen30ba3b_math500_osl32k_eagle3_t10_offset0_n1_isl4096_osl32768_bs1_k8_20260620_qmath_extra_eagle3k8_pardk16_pard2k16_qwen30ba3b_eagle3_k8
2026-06-20T10:39:47+00:00,3460218,math,qwen30ba3b,eagle3,8,1.0,2,4096,32768,COMPLETED,0:0,01:10:12,16:00:00,12.8,3.2000,1,0,3.6,37.0,0.0,1.00,0.00,102.63,403,403,0,1,1,33.9006,3.9045,0.3124,False,/lustre/fs1/portfolios/coreai/projects/coreai_dlalgo_nemorl/users/sna/SpecDec-RL-main-vllm020-20260606/vllm-runs/qmath_extra_k_20260620/qwen30ba3b_math500_osl32k_eagle3_t10_offset0_n2_isl4096_osl32768_bs2_k8_20260620_qmath_extra_eagle3k8_pardk16_pard2k16_qwen30ba3b_eagle3_k8
2026-06-20T10:39:47+00:00,3460228,math,qwen30ba3b,eagle3,8,1.0,4,4096,32768,COMPLETED,0:0,01:12:47,06:00:00,13.3,3.3250,1,0,3.6,32.0,0.8,1.06,0.80,99.96,419,419,0,1,1,63.4188,5.8562,0.4685,False,/lustre/fs1/portfolios/coreai/projects/coreai_dlalgo_nemorl/users/sna/SpecDec-RL-main-vllm020-20260606/vllm-runs/qmath_extra_k_20260620/qwen30ba3b_math500_osl32k_eagle3_t10_offset0_n4_isl4096_osl32768_bs4_k8_20260620_qmath_extra_eagle3k8_pardk16_pard2k16_qwen30ba3b_eagle3_k8
2026-06-20T10:39:47+00:00,3460241,math,qwen30ba3b,eagle3,8,1.0,8,4096,32768,COMPLETED,0:0,01:04:55,08:00:00,13.3,3.3250,1,0,3.7,37.5,0.7,1.06,0.70,100.68,374,374,0,1,1,134.2210,3.9717,0.3177,False,/lustre/fs1/portfolios/coreai/projects/coreai_dlalgo_nemorl/users/sna/SpecDec-RL-main-vllm020-20260606/vllm-runs/qmath_extra_k_20260620/qwen30ba3b_math500_osl32k_eagle3_t10_offset0_n8_isl4096_osl32768_bs8_k8_20260620_qmath_extra_eagle3k8_pardk16_pard2k16_qwen30ba3b_eagle3_k8
2026-06-20T10:39:47+00:00,3460242,math,qwen30ba3b,eagle3,8,1.0,16,4096,32768,COMPLETED,0:0,01:12:22,12:00:00,13.3,3.3250,1,0,3.6,38.1,0.8,1.06,0.80,100.35,416,416,0,1,1,250.6135,4.3867,0.3509,False,/lustre/fs1/portfolios/coreai/projects/coreai_dlalgo_nemorl/users/sna/SpecDec-RL-main-vllm020-20260606/vllm-runs/qmath_extra_k_20260620/qwen30ba3b_math500_osl32k_eagle3_t10_offset0_n16_isl4096_osl32768_bs16_k8_20260620_qmath_extra_eagle3k8_pardk16_pard2k16_qwen30ba3b_eagle3_k8
2026-06-20T10:39:47+00:00,3460243,math,qwen30ba3b,eagle3,8,1.0,32,4096,32768,COMPLETED,0:0,01:41:25,16:00:00,12.7,3.1750,1,0,3.6,33.6,0.0,1.00,0.00,101.30,591,591,0,1,1,340.9464,4.1445,0.3316,False,/lustre/fs1/portfolios/coreai/projects/coreai_dlalgo_nemorl/users/sna/SpecDec-RL-main-vllm020-20260606/vllm-runs/qmath_extra_k_20260620/qwen30ba3b_math500_osl32k_eagle3_t10_offset0_n32_isl4096_osl32768_bs32_k8_20260620_qmath_extra_eagle3k8_pardk16_pard2k16_qwen30ba3b_eagle3_k8
2026-06-20T10:39:47+00:00,3460307,math,qwen30ba3b,pard,16,0.0,1,4096,32768,COMPLETED,0:0,00:29:39,16:00:00,16.3,4.0750,1,0,7.4,43.6,5.8,1.93,7.87,135.40,164,164,0,1,1,39.7921,15.6333,2.5013,False,/lustre/fs1/portfolios/coreai/projects/coreai_dlalgo_nemorl/users/sna/SpecDec-RL-main-vllm020-20260606/vllm-runs/qmath_extra_k_20260620/qwen30ba3b_math500_osl32k_pard_t00_offset0_n1_isl4096_osl32768_bs1_k16_20260620_qmath_extra_eagle3k8_pardk16_pard2k16_qwen30ba3b_pard_k16
2026-06-20T10:39:47+00:00,3460308,math,qwen30ba3b,pard,16,0.0,2,4096,32768,COMPLETED,0:0,00:32:53,16:00:00,21.8,5.4500,1,0,7.4,46.2,9.9,2.59,13.39,134.89,180,180,0,1,1,69.4206,17.4609,2.7937,False,/lustre/fs1/portfolios/coreai/projects/coreai_dlalgo_nemorl/users/sna/SpecDec-RL-main-vllm020-20260606/vllm-runs/qmath_extra_k_20260620/qwen30ba3b_math500_osl32k_pard_t00_offset0_n2_isl4096_osl32768_bs2_k16_20260620_qmath_extra_eagle3k8_pardk16_pard2k16_qwen30ba3b_pard_k16
2026-06-20T10:39:47+00:00,3460309,math,qwen30ba3b,pard,16,0.0,4,4096,32768,COMPLETED,0:0,00:41:10,06:00:00,14.3,3.5750,1,0,7.4,44.8,4.3,1.69,5.85,134.93,230,230,0,1,1,102.4180,16.3800,2.6208,False,/lustre/fs1/portfolios/coreai/projects/coreai_dlalgo_nemorl/users/sna/SpecDec-RL-main-vllm020-20260606/vllm-runs/qmath_extra_k_20260620/qwen30ba3b_math500_osl32k_pard_t00_offset0_n4_isl4096_osl32768_bs4_k16_20260620_qmath_extra_eagle3k8_pardk16_pard2k16_qwen30ba3b_pard_k16
2026-06-20T10:39:47+00:00,3460310,math,qwen30ba3b,pard,16,0.0,8,4096,32768,COMPLETED,0:0,00:39:01,08:00:00,27.8,6.9500,1,0,7.4,46.1,14.5,3.32,19.43,133.90,217,217,0,1,1,238.5302,15.2983,2.4477,False,/lustre/fs1/portfolios/coreai/projects/coreai_dlalgo_nemorl/users/sna/SpecDec-RL-main-vllm020-20260606/vllm-runs/qmath_extra_k_20260620/qwen30ba3b_math500_osl32k_pard_t00_offset0_n8_isl4096_osl32768_bs8_k16_20260620_qmath_extra_eagle3k8_pardk16_pard2k16_qwen30ba3b_pard_k16
2026-06-20T10:39:47+00:00,3460312,math,qwen30ba3b,pard,16,0.0,16,4096,32768,COMPLETED,0:0,00:47:21,12:00:00,21.0,5.2500,1,0,7.5,43.6,9.5,2.52,12.67,133.04,267,267,0,1,1,385.4529,16.6705,2.6673,False,/lustre/fs1/portfolios/coreai/projects/coreai_dlalgo_nemorl/users/sna/SpecDec-RL-main-vllm020-20260606/vllm-runs/qmath_extra_k_20260620/qwen30ba3b_math500_osl32k_pard_t00_offset0_n16_isl4096_osl32768_bs16_k16_20260620_qmath_extra_eagle3k8_pardk16_pard2k16_qwen30ba3b_pard_k16
2026-06-20T10:39:47+00:00,3460313,math,qwen30ba3b,pard,16,0.0,32,4096,32768,COMPLETED,0:0,01:35:53,16:00:00,23.5,5.8750,1,0,7.4,17.8,11.4,2.82,15.14,133.00,552,552,0,1,1,367.2712,15.1939,2.4310,False,/lustre/fs1/portfolios/coreai/projects/coreai_dlalgo_nemorl/users/sna/SpecDec-RL-main-vllm020-20260606/vllm-runs/qmath_extra_k_20260620/qwen30ba3b_math500_osl32k_pard_t00_offset0_n32_isl4096_osl32768_bs32_k16_20260620_qmath_extra_eagle3k8_pardk16_pard2k16_qwen30ba3b_pard_k16
2026-06-20T10:39:47+00:00,3460314,math,qwen30ba3b,pard,16,1.0,1,4096,32768,COMPLETED,0:0,00:20:13,16:00:00,27.1,6.7750,1,0,7.4,43.6,13.8,3.20,18.60,135.30,107,107,0,1,1,60.2711,26.9321,4.3091,False,/lustre/fs1/portfolios/coreai/projects/coreai_dlalgo_nemorl/users/sna/SpecDec-RL-main-vllm020-20260606/vllm-runs/qmath_extra_k_20260620/qwen30ba3b_math500_osl32k_pard_t10_offset0_n1_isl4096_osl32768_bs1_k16_20260620_qmath_extra_eagle3k8_pardk16_pard2k16_qwen30ba3b_pard_k16
2026-06-20T10:39:47+00:00,3460315,math,qwen30ba3b,pard,16,1.0,2,4096,32768,COMPLETED,0:0,00:52:37,16:00:00,13.3,3.3250,1,0,7.5,46.2,3.6,1.58,4.85,134.55,298,298,0,1,1,43.1762,9.9733,1.5957,False,/lustre/fs1/portfolios/coreai/projects/coreai_dlalgo_nemorl/users/sna/SpecDec-RL-main-vllm020-20260606/vllm-runs/qmath_extra_k_20260620/qwen30ba3b_math500_osl32k_pard_t10_offset0_n2_isl4096_osl32768_bs2_k16_20260620_qmath_extra_eagle3k8_pardk16_pard2k16_qwen30ba3b_pard_k16
2026-06-20T10:39:47+00:00,3460316,math,qwen30ba3b,pard,16,1.0,4,4096,32768,COMPLETED,0:0,00:36:09,06:00:00,20.9,5.2250,1,0,7.5,44.8,9.3,2.49,12.49,134.30,200,200,0,1,1,137.3196,20.9384,3.3501,False,/lustre/fs1/portfolios/coreai/projects/coreai_dlalgo_nemorl/users/sna/SpecDec-RL-main-vllm020-20260606/vllm-runs/qmath_extra_k_20260620/qwen30ba3b_math500_osl32k_pard_t10_offset0_n4_isl4096_osl32768_bs4_k16_20260620_qmath_extra_eagle3k8_pardk16_pard2k16_qwen30ba3b_pard_k16
2026-06-20T10:39:47+00:00,3460317,math,qwen30ba3b,pard,16,1.0,8,4096,32768,COMPLETED,0:0,00:40:47,08:00:00,33.0,8.2500,2,0,14.9,46.1,6.3,2.01,16.56,263.32,230,230,0,1,1,223.4431,18.3412,2.9346,False,/lustre/fs1/portfolios/coreai/projects/coreai_dlalgo_nemorl/users/sna/SpecDec-RL-main-vllm020-20260606/vllm-runs/qmath_extra_k_20260620/qwen30ba3b_math500_osl32k_pard_t10_offset0_n8_isl4096_osl32768_bs8_k16_20260620_qmath_extra_eagle3k8_pardk16_pard2k16_qwen30ba3b_pard_k16
2026-06-20T10:39:47+00:00,3460318,math,qwen30ba3b,pard,16,1.0,16,4096,32768,COMPLETED,0:0,00:50:35,12:00:00,17.4,4.3500,1,0,7.4,33.7,6.8,2.10,9.11,133.03,286,286,0,1,1,365.8623,16.3445,2.6151,False,/lustre/fs1/portfolios/coreai/projects/coreai_dlalgo_nemorl/users/sna/SpecDec-RL-main-vllm020-20260606/vllm-runs/qmath_extra_k_20260620/qwen30ba3b_math500_osl32k_pard_t10_offset0_n16_isl4096_osl32768_bs16_k16_20260620_qmath_extra_eagle3k8_pardk16_pard2k16_qwen30ba3b_pard_k16
2026-06-20T10:39:47+00:00,3460319,math,qwen30ba3b,pard,16,1.0,32,4096,32768,COMPLETED,0:0,01:33:17,16:00:00,16.4,4.1000,1,0,7.4,16.7,6.1,1.98,8.11,132.95,540,540,0,1,1,383.9973,15.8549,2.5368,False,/lustre/fs1/portfolios/coreai/projects/coreai_dlalgo_nemorl/users/sna/SpecDec-RL-main-vllm020-20260606/vllm-runs/qmath_extra_k_20260620/qwen30ba3b_math500_osl32k_pard_t10_offset0_n32_isl4096_osl32768_bs32_k16_20260620_qmath_extra_eagle3k8_pardk16_pard2k16_qwen30ba3b_pard_k16
2026-06-20T10:39:47+00:00,3460244,math,qwen32,eagle3,8,0.0,1,4096,32768,COMPLETED,0:0,00:23:26,16:00:00,62.4,15.6000,1,0,3.8,0.0,100.0,9.00,55.45,55.45,119,119,0,1,1,29.9202,87.7539,7.0203,False,/lustre/fs1/portfolios/coreai/projects/coreai_dlalgo_nemorl/users/sna/SpecDec-RL-main-vllm020-20260606/vllm-runs/qmath_extra_k_20260620/qwen32_math500_osl32k_eagle3_t00_offset0_n1_isl4096_osl32768_bs1_k8_20260620_qmath_extra_eagle3k8_pardk16_pard2k16_qwen32_eagle3_k8
2026-06-20T10:39:47+00:00,3460245,math,qwen32,eagle3,8,0.0,2,4096,32768,COMPLETED,0:0,00:24:42,16:00:00,31.2,7.8000,1,0,3.8,0.0,29.1,3.33,21.83,74.97,129,129,0,1,1,50.4235,49.2509,3.9401,False,/lustre/fs1/portfolios/coreai/projects/coreai_dlalgo_nemorl/users/sna/SpecDec-RL-main-vllm020-20260606/vllm-runs/qmath_extra_k_20260620/qwen32_math500_osl32k_eagle3_t00_offset0_n2_isl4096_osl32768_bs2_k8_20260620_qmath_extra_eagle3k8_pardk16_pard2k16_qwen32_eagle3_k8
2026-06-20T10:39:47+00:00,3460247,math,qwen32,eagle3,8,0.0,4,4096,32768,COMPLETED,0:0,00:24:59,06:00:00,36.1,9.0250,1,0,3.8,0.0,35.4,3.83,26.68,75.38,130,130,0,1,1,99.2461,64.1323,5.1306,False,/lustre/fs1/portfolios/coreai/projects/coreai_dlalgo_nemorl/users/sna/SpecDec-RL-main-vllm020-20260606/vllm-runs/qmath_extra_k_20260620/qwen32_math500_osl32k_eagle3_t00_offset0_n4_isl4096_osl32768_bs4_k8_20260620_qmath_extra_eagle3k8_pardk16_pard2k16_qwen32_eagle3_k8
2026-06-20T10:39:47+00:00,3460248,math,qwen32,eagle3,8,0.0,8,4096,32768,COMPLETED,0:0,00:27:12,08:00:00,28.5,7.1250,1,0,3.8,0.0,25.8,3.06,19.19,74.35,144,144,0,1,1,194.7035,59.0164,4.7213,False,/lustre/fs1/portfolios/coreai/projects/coreai_dlalgo_nemorl/users/sna/SpecDec-RL-main-vllm020-20260606/vllm-runs/qmath_extra_k_20260620/qwen32_math500_osl32k_eagle3_t00_offset0_n8_isl4096_osl32768_bs8_k8_20260620_qmath_extra_eagle3k8_pardk16_pard2k16_qwen32_eagle3_k8
2026-06-20T10:39:47+00:00,3460249,math,qwen32,eagle3,8,0.0,16,4096,32768,COMPLETED,0:0,00:35:08,12:00:00,25.7,6.4250,1,0,3.8,0.0,22.4,2.80,16.53,73.65,191,191,0,1,1,241.8427,50.7759,4.0621,False,/lustre/fs1/portfolios/coreai/projects/coreai_dlalgo_nemorl/users/sna/SpecDec-RL-main-vllm020-20260606/vllm-runs/qmath_extra_k_20260620/qwen32_math500_osl32k_eagle3_t00_offset0_n16_isl4096_osl32768_bs16_k8_20260620_qmath_extra_eagle3k8_pardk16_pard2k16_qwen32_eagle3_k8
2026-06-20T10:39:47+00:00,3460250,math,qwen32,eagle3,8,0.0,32,4096,32768,COMPLETED,0:0,00:47:51,16:00:00,20.5,5.1250,1,0,3.8,31.9,15.3,2.23,11.29,73.65,268,268,0,1,1,382.6390,52.5138,4.2011,False,/lustre/fs1/portfolios/coreai/projects/coreai_dlalgo_nemorl/users/sna/SpecDec-RL-main-vllm020-20260606/vllm-runs/qmath_extra_k_20260620/qwen32_math500_osl32k_eagle3_t00_offset0_n32_isl4096_osl32768_bs32_k8_20260620_qmath_extra_eagle3k8_pardk16_pard2k16_qwen32_eagle3_k8
2026-06-20T10:39:47+00:00,3460251,math,qwen32,eagle3,8,1.0,1,4096,32768,COMPLETED,0:0,00:42:45,16:00:00,12.1,3.0250,1,0,3.8,0.0,3.7,1.30,2.78,74.75,238,238,0,1,1,11.0631,11.4077,0.9126,False,/lustre/fs1/portfolios/coreai/projects/coreai_dlalgo_nemorl/users/sna/SpecDec-RL-main-vllm020-20260606/vllm-runs/qmath_extra_k_20260620/qwen32_math500_osl32k_eagle3_t10_offset0_n1_isl4096_osl32768_bs1_k8_20260620_qmath_extra_eagle3k8_pardk16_pard2k16_qwen32_eagle3_k8
2026-06-20T10:39:47+00:00,3460252,math,qwen32,eagle3,8,1.0,2,4096,32768,COMPLETED,0:0,00:39:46,16:00:00,11.9,2.9750,1,0,3.8,37.0,3.5,1.28,2.59,74.80,220,220,0,1,1,21.5824,14.6578,1.1726,False,/lustre/fs1/portfolios/coreai/projects/coreai_dlalgo_nemorl/users/sna/SpecDec-RL-main-vllm020-20260606/vllm-runs/qmath_extra_k_20260620/qwen32_math500_osl32k_eagle3_t10_offset0_n2_isl4096_osl32768_bs2_k8_20260620_qmath_extra_eagle3k8_pardk16_pard2k16_qwen32_eagle3_k8
2026-06-20T10:39:47+00:00,3460253,math,qwen32,eagle3,8,1.0,4,4096,32768,COMPLETED,0:0,01:05:17,06:00:00,11.8,2.9500,1,0,3.8,32.0,3.4,1.27,2.50,74.29,372,372,0,1,1,35.8902,16.6230,1.3298,False,/lustre/fs1/portfolios/coreai/projects/coreai_dlalgo_nemorl/users/sna/SpecDec-RL-main-vllm020-20260606/vllm-runs/qmath_extra_k_20260620/qwen32_math500_osl32k_eagle3_t10_offset0_n4_isl4096_osl32768_bs4_k8_20260620_qmath_extra_eagle3k8_pardk16_pard2k16_qwen32_eagle3_k8
2026-06-20T10:39:47+00:00,3460254,math,qwen32,eagle3,8,1.0,8,4096,32768,COMPLETED,0:0,01:03:02,08:00:00,15.1,3.7750,1,0,3.9,0.0,7.9,1.63,5.85,73.79,358,358,0,1,1,73.8494,27.7341,2.2187,False,/lustre/fs1/portfolios/coreai/projects/coreai_dlalgo_nemorl/users/sna/SpecDec-RL-main-vllm020-20260606/vllm-runs/qmath_extra_k_20260620/qwen32_math500_osl32k_eagle3_t10_offset0_n8_isl4096_osl32768_bs8_k8_20260620_qmath_extra_eagle3k8_pardk16_pard2k16_qwen32_eagle3_k8
2026-06-20T10:39:47+00:00,3460255,math,qwen32,eagle3,8,1.0,16,4096,32768,COMPLETED,0:0,01:37:12,12:00:00,9.1,2.2750,1,0,3.9,38.1,0.0,1.00,0.00,73.01,561,561,0,1,1,91.9059,23.8034,1.9043,False,/lustre/fs1/portfolios/coreai/projects/coreai_dlalgo_nemorl/users/sna/SpecDec-RL-main-vllm020-20260606/vllm-runs/qmath_extra_k_20260620/qwen32_math500_osl32k_eagle3_t10_offset0_n16_isl4096_osl32768_bs16_k8_20260620_qmath_extra_eagle3k8_pardk16_pard2k16_qwen32_eagle3_k8
2026-06-20T10:39:47+00:00,3460256,math,qwen32,eagle3,8,1.0,32,4096,32768,COMPLETED,0:0,01:40:27,16:00:00,27.9,6.9750,1,0,3.8,33.6,25.0,3.00,18.58,74.32,581,581,0,1,1,196.7770,26.0296,2.0824,False,/lustre/fs1/portfolios/coreai/projects/coreai_dlalgo_nemorl/users/sna/SpecDec-RL-main-vllm020-20260606/vllm-runs/qmath_extra_k_20260620/qwen32_math500_osl32k_eagle3_t10_offset0_n32_isl4096_osl32768_bs32_k8_20260620_qmath_extra_eagle3k8_pardk16_pard2k16_qwen32_eagle3_k8
2026-06-20T10:39:47+00:00,3460320,math,qwen32,pard,16,0.0,1,4096,32768,COMPLETED,0:0,00:30:13,16:00:00,17.2,4.3000,1,0,5.2,43.6,9.6,2.54,10.45,108.80,161,161,0,1,1,21.6483,22.1157,3.5385,False,/lustre/fs1/portfolios/coreai/projects/coreai_dlalgo_nemorl/users/sna/SpecDec-RL-main-vllm020-20260606/vllm-runs/qmath_extra_k_20260620/qwen32_math500_osl32k_pard_t00_offset0_n1_isl4096_osl32768_bs1_k16_20260620_qmath_extra_eagle3k8_pardk16_pard2k16_qwen32_pard_k16
2026-06-20T10:39:47+00:00,3460321,math,qwen32,pard,16,0.0,2,4096,32768,COMPLETED,0:0,00:28:24,16:00:00,50.3,12.5750,1,0,5.2,46.2,39.6,7.33,43.47,109.82,150,150,0,1,1,64.4241,51.3757,8.2201,False,/lustre/fs1/portfolios/coreai/projects/coreai_dlalgo_nemorl/users/sna/SpecDec-RL-main-vllm020-20260606/vllm-runs/qmath_extra_k_20260620/qwen32_math500_osl32k_pard_t00_offset0_n2_isl4096_osl32768_bs2_k16_20260620_qmath_extra_eagle3k8_pardk16_pard2k16_qwen32_pard_k16
2026-06-20T10:39:47+00:00,3460322,math,qwen32,pard,16,0.0,4,4096,32768,COMPLETED,0:0,00:46:31,06:00:00,9.6,2.4000,1,0,5.2,44.8,2.6,1.41,2.79,108.44,259,259,0,1,1,43.6794,15.1259,2.4201,False,/lustre/fs1/portfolios/coreai/projects/coreai_dlalgo_nemorl/users/sna/SpecDec-RL-main-vllm020-20260606/vllm-runs/qmath_extra_k_20260620/qwen32_math500_osl32k_pard_t00_offset0_n4_isl4096_osl32768_bs4_k16_20260620_qmath_extra_eagle3k8_pardk16_pard2k16_qwen32_pard_k16
2026-06-20T10:39:47+00:00,3460325,math,qwen32,pard,16,0.0,8,4096,32768,COMPLETED,0:0,00:47:00,08:00:00,18.9,4.7250,1,0,5.2,46.1,11.3,2.81,12.19,107.83,262,262,0,1,1,101.5217,34.1102,5.4576,False,/lustre/fs1/portfolios/coreai/projects/coreai_dlalgo_nemorl/users/sna/SpecDec-RL-main-vllm020-20260606/vllm-runs/qmath_extra_k_20260620/qwen32_math500_osl32k_pard_t00_offset0_n8_isl4096_osl32768_bs8_k16_20260620_qmath_extra_eagle3k8_pardk16_pard2k16_qwen32_pard_k16
2026-06-20T10:39:47+00:00,3460327,math,qwen32,pard,16,0.0,16,4096,32768,COMPLETED,0:0,01:11:16,12:00:00,11.3,2.8250,1,0,5.2,46.1,4.3,1.69,4.59,106.93,406,406,0,1,1,130.2311,20.9066,3.3451,False,/lustre/fs1/portfolios/coreai/projects/coreai_dlalgo_nemorl/users/sna/SpecDec-RL-main-vllm020-20260606/vllm-runs/qmath_extra_k_20260620/qwen32_math500_osl32k_pard_t00_offset0_n16_isl4096_osl32768_bs16_k16_20260620_qmath_extra_eagle3k8_pardk16_pard2k16_qwen32_pard_k16
2026-06-20T10:39:47+00:00,3460344,math,qwen32,pard,16,0.0,32,4096,32768,COMPLETED,0:0,01:31:34,16:00:00,13.9,3.4750,1,0,5.2,32.5,6.7,2.07,7.19,107.21,527,527,0,1,1,198.2569,22.6118,3.6179,False,/lustre/fs1/portfolios/coreai/projects/coreai_dlalgo_nemorl/users/sna/SpecDec-RL-main-vllm020-20260606/vllm-runs/qmath_extra_k_20260620/qwen32_math500_osl32k_pard_t00_offset0_n32_isl4096_osl32768_bs32_k16_20260620_qmath_extra_eagle3k8_pardk16_pard2k16_qwen32_pard_k16
2026-06-20T10:39:47+00:00,3460346,math,qwen32,pard,16,1.0,1,4096,32768,COMPLETED,0:0,00:58:21,16:00:00,18.2,4.5500,1,0,5.2,43.6,10.4,2.67,11.35,108.99,330,330,0,1,1,14.2184,12.6529,2.0245,False,/lustre/fs1/portfolios/coreai/projects/coreai_dlalgo_nemorl/users/sna/SpecDec-RL-main-vllm020-20260606/vllm-runs/qmath_extra_k_20260620/qwen32_math500_osl32k_pard_t10_offset0_n1_isl4096_osl32768_bs1_k16_20260620_qmath_extra_eagle3k8_pardk16_pard2k16_qwen32_pard_k16
2026-06-20T10:39:47+00:00,3460347,math,qwen32,pard,16,1.0,2,4096,32768,FAILED,1:0,00:01:11,16:00:00,,,,,,,,,,,0,0,3,0,0,,,,,/lustre/fs1/portfolios/coreai/projects/coreai_dlalgo_nemorl/users/sna/SpecDec-RL-main-vllm020-20260606/vllm-runs/qmath_extra_k_20260620/qwen32_math500_osl32k_pard_t10_offset0_n2_isl4096_osl32768_bs2_k16_20260620_qmath_extra_eagle3k8_pardk16_pard2k16_qwen32_pard_k16
2026-06-20T10:39:47+00:00,3460348,math,qwen32,pard,16,1.0,4,4096,32768,FAILED,1:0,00:01:14,06:00:00,,,,,,,,,,,0,0,3,0,0,,,,,/lustre/fs1/portfolios/coreai/projects/coreai_dlalgo_nemorl/users/sna/SpecDec-RL-main-vllm020-20260606/vllm-runs/qmath_extra_k_20260620/qwen32_math500_osl32k_pard_t10_offset0_n4_isl4096_osl32768_bs4_k16_20260620_qmath_extra_eagle3k8_pardk16_pard2k16_qwen32_pard_k16
2026-06-20T10:39:47+00:00,3460349,math,qwen32,pard,16,1.0,8,4096,32768,FAILED,1:0,00:01:13,08:00:00,,,,,,,,,,,0,0,3,0,0,,,,,/lustre/fs1/portfolios/coreai/projects/coreai_dlalgo_nemorl/users/sna/SpecDec-RL-main-vllm020-20260606/vllm-runs/qmath_extra_k_20260620/qwen32_math500_osl32k_pard_t10_offset0_n8_isl4096_osl32768_bs8_k16_20260620_qmath_extra_eagle3k8_pardk16_pard2k16_qwen32_pard_k16
2026-06-20T10:39:47+00:00,3460351,math,qwen32,pard,16,1.0,16,4096,32768,FAILED,1:0,00:01:20,12:00:00,,,,,,,,,,,0,0,3,0,0,,,,,/lustre/fs1/portfolios/coreai/projects/coreai_dlalgo_nemorl/users/sna/SpecDec-RL-main-vllm020-20260606/vllm-runs/qmath_extra_k_20260620/qwen32_math500_osl32k_pard_t10_offset0_n16_isl4096_osl32768_bs16_k16_20260620_qmath_extra_eagle3k8_pardk16_pard2k16_qwen32_pard_k16
2026-06-20T10:39:47+00:00,3460352,math,qwen32,pard,16,1.0,32,4096,32768,FAILED,1:0,00:01:16,16:00:00,,,,,,,,,,,0,0,3,0,0,,,,,/lustre/fs1/portfolios/coreai/projects/coreai_dlalgo_nemorl/users/sna/SpecDec-RL-main-vllm020-20260606/vllm-runs/qmath_extra_k_20260620/qwen32_math500_osl32k_pard_t10_offset0_n32_isl4096_osl32768_bs32_k16_20260620_qmath_extra_eagle3k8_pardk16_pard2k16_qwen32_pard_k16
2026-06-20T10:39:47+00:00,3460257,math,qwen8,eagle3,8,0.0,1,4096,32768,COMPLETED,0:0,00:15:11,16:00:00,42.1,10.5250,1,0,3.7,0.0,19.4,2.55,25.65,132.00,78,78,0,1,1,90.9135,37.7438,3.0195,False,/lustre/fs1/portfolios/coreai/projects/coreai_dlalgo_nemorl/users/sna/SpecDec-RL-main-vllm020-20260606/vllm-runs/qmath_extra_k_20260620/qwen8_math500_osl32k_eagle3_t00_offset0_n1_isl4096_osl32768_bs1_k8_20260620_qmath_extra_eagle3k8_pardk16_pard2k16_qwen8_eagle3_k8
2026-06-20T10:39:47+00:00,3460258,math,qwen8,eagle3,8,0.0,2,4096,32768,COMPLETED,0:0,00:16:03,16:00:00,52.0,13.0000,1,0,3.7,37.0,27.1,3.17,35.60,131.27,83,83,0,1,1,156.7744,36.6112,2.9289,False,/lustre/fs1/portfolios/coreai/projects/coreai_dlalgo_nemorl/users/sna/SpecDec-RL-main-vllm020-20260606/vllm-runs/qmath_extra_k_20260620/qwen8_math500_osl32k_eagle3_t00_offset0_n2_isl4096_osl32768_bs2_k8_20260620_qmath_extra_eagle3k8_pardk16_pard2k16_qwen8_eagle3_k8
2026-06-20T10:39:47+00:00,3460259,math,qwen8,eagle3,8,0.0,4,4096,32768,COMPLETED,0:0,00:24:41,06:00:00,21.7,5.4250,1,0,3.7,32.0,4.1,1.33,5.37,130.51,135,135,0,1,1,193.2427,32.7122,2.6170,False,/lustre/fs1/portfolios/coreai/projects/coreai_dlalgo_nemorl/users/sna/SpecDec-RL-main-vllm020-20260606/vllm-runs/qmath_extra_k_20260620/qwen8_math500_osl32k_eagle3_t00_offset0_n4_isl4096_osl32768_bs4_k8_20260620_qmath_extra_eagle3k8_pardk16_pard2k16_qwen8_eagle3_k8
2026-06-20T10:39:47+00:00,3460260,math,qwen8,eagle3,8,0.0,8,4096,32768,COMPLETED,0:0,00:22:23,08:00:00,34.0,8.5000,1,0,3.7,37.5,13.7,2.09,17.75,130.04,121,121,0,1,1,468.6981,35.7338,2.8587,False,/lustre/fs1/portfolios/coreai/projects/coreai_dlalgo_nemorl/users/sna/SpecDec-RL-main-vllm020-20260606/vllm-runs/qmath_extra_k_20260620/qwen8_math500_osl32k_eagle3_t00_offset0_n8_isl4096_osl32768_bs8_k8_20260620_qmath_extra_eagle3k8_pardk16_pard2k16_qwen8_eagle3_k8
2026-06-20T10:39:47+00:00,3460261,math,qwen8,eagle3,8,0.0,16,4096,32768,COMPLETED,0:0,00:25:36,12:00:00,70.5,17.6250,1,0,3.7,38.1,19.5,2.56,43.03,220.73,139,139,0,1,1,745.7822,36.0350,2.8828,False,/lustre/fs1/portfolios/coreai/projects/coreai_dlalgo_nemorl/users/sna/SpecDec-RL-main-vllm020-20260606/vllm-runs/qmath_extra_k_20260620/qwen8_math500_osl32k_eagle3_t00_offset0_n16_isl4096_osl32768_bs16_k8_20260620_qmath_extra_eagle3k8_pardk16_pard2k16_qwen8_eagle3_k8
2026-06-20T10:39:47+00:00,3460265,math,qwen8,eagle3,8,0.0,32,4096,32768,COMPLETED,0:0,00:34:08,16:00:00,66.1,16.5250,1,0,3.7,0.0,14.9,2.19,35.98,241.58,190,190,0,1,1,1105.7518,33.7542,2.7003,False,/lustre/fs1/portfolios/coreai/projects/coreai_dlalgo_nemorl/users/sna/SpecDec-RL-main-vllm020-20260606/vllm-runs/qmath_extra_k_20260620/qwen8_math500_osl32k_eagle3_t00_offset0_n32_isl4096_osl32768_bs32_k8_20260620_qmath_extra_eagle3k8_pardk16_pard2k16_qwen8_eagle3_k8
2026-06-20T10:39:47+00:00,3460268,math,qwen8,eagle3,8,1.0,1,4096,32768,COMPLETED,0:0,00:14:57,16:00:00,50.9,12.7250,1,0,3.7,0.0,25.9,3.07,34.34,132.59,76,76,0,1,1,79.7124,39.0853,3.1268,False,/lustre/fs1/portfolios/coreai/projects/coreai_dlalgo_nemorl/users/sna/SpecDec-RL-main-vllm020-20260606/vllm-runs/qmath_extra_k_20260620/qwen8_math500_osl32k_eagle3_t10_offset0_n1_isl4096_osl32768_bs1_k8_20260620_qmath_extra_eagle3k8_pardk16_pard2k16_qwen8_eagle3_k8
2026-06-20T10:39:47+00:00,3460269,math,qwen8,eagle3,8,1.0,2,4096,32768,COMPLETED,0:0,00:20:56,16:00:00,46.2,11.5500,1,0,3.7,0.0,22.7,2.81,29.77,131.41,111,111,0,1,1,125.9569,31.2757,2.5021,False,/lustre/fs1/portfolios/coreai/projects/coreai_dlalgo_nemorl/users/sna/SpecDec-RL-main-vllm020-20260606/vllm-runs/qmath_extra_k_20260620/qwen8_math500_osl32k_eagle3_t10_offset0_n2_isl4096_osl32768_bs2_k8_20260620_qmath_extra_eagle3k8_pardk16_pard2k16_qwen8_eagle3_k8
2026-06-20T10:39:47+00:00,3460270,math,qwen8,eagle3,8,1.0,4,4096,32768,COMPLETED,0:0,00:40:06,06:00:00,16.2,4.0500,1,0,3.7,0.0,0.0,1.00,0.00,129.96,227,227,0,1,1,79.3074,16.7147,1.3372,False,/lustre/fs1/portfolios/coreai/projects/coreai_dlalgo_nemorl/users/sna/SpecDec-RL-main-vllm020-20260606/vllm-runs/qmath_extra_k_20260620/qwen8_math500_osl32k_eagle3_t10_offset0_n4_isl4096_osl32768_bs4_k8_20260620_qmath_extra_eagle3k8_pardk16_pard2k16_qwen8_eagle3_k8
2026-06-20T10:39:47+00:00,3460271,math,qwen8,eagle3,8,1.0,8,4096,32768,COMPLETED,0:0,00:31:59,08:00:00,32.3,8.0750,1,0,3.7,0.0,12.5,2.00,16.14,129.09,177,177,0,1,1,369.9879,31.7596,2.5408,False,/lustre/fs1/portfolios/coreai/projects/coreai_dlalgo_nemorl/users/sna/SpecDec-RL-main-vllm020-20260606/vllm-runs/qmath_extra_k_20260620/qwen8_math500_osl32k_eagle3_t10_offset0_n8_isl4096_osl32768_bs8_k8_20260620_qmath_extra_eagle3k8_pardk16_pard2k16_qwen8_eagle3_k8
2026-06-20T10:39:47+00:00,3460274,math,qwen8,eagle3,8,1.0,16,4096,32768,COMPLETED,0:0,00:36:51,12:00:00,16.1,4.0250,1,0,3.7,38.1,0.0,1.00,0.00,129.07,207,207,0,1,1,448.2063,29.2557,2.3405,False,/lustre/fs1/portfolios/coreai/projects/coreai_dlalgo_nemorl/users/sna/SpecDec-RL-main-vllm020-20260606/vllm-runs/qmath_extra_k_20260620/qwen8_math500_osl32k_eagle3_t10_offset0_n16_isl4096_osl32768_bs16_k8_20260620_qmath_extra_eagle3k8_pardk16_pard2k16_qwen8_eagle3_k8
2026-06-20T10:39:47+00:00,3460279,math,qwen8,eagle3,8,1.0,32,4096,32768,COMPLETED,0:0,00:43:45,16:00:00,26.3,6.5750,1,0,3.7,30.2,7.8,1.62,10.09,129.49,248,248,0,1,1,887.4152,28.3518,2.2681,False,/lustre/fs1/portfolios/coreai/projects/coreai_dlalgo_nemorl/users/sna/SpecDec-RL-main-vllm020-20260606/vllm-runs/qmath_extra_k_20260620/qwen8_math500_osl32k_eagle3_t10_offset0_n32_isl4096_osl32768_bs32_k8_20260620_qmath_extra_eagle3k8_pardk16_pard2k16_qwen8_eagle3_k8
2026-06-20T10:39:47+00:00,3460401,math,qwen8,pard2,16,0.0,1,4096,32768,COMPLETED,0:0,01:10:12,16:00:00,10.0,2.5000,1,0,6.4,43.6,0.0,1.00,0.00,159.45,406,406,0,1,1,15.6875,0.0074,0.0012,False,/lustre/fs1/portfolios/coreai/projects/coreai_dlalgo_nemorl/users/sna/SpecDec-RL-main-vllm020-20260606/vllm-runs/qmath_extra_k_20260620/qwen8_math500_osl32k_pard2_t00_offset0_n1_isl4096_osl32768_bs1_k16_20260620_qmath_extra_eagle3k8_pardk16_pard2k16_qwen8_pard2_k16
2026-06-20T10:39:47+00:00,3460402,math,qwen8,pard2,16,0.0,2,4096,32768,COMPLETED,0:0,01:13:45,16:00:00,9.9,2.4750,1,0,6.4,46.2,0.0,1.00,0.00,157.87,428,428,0,1,1,30.1410,0.0320,0.0051,False,/lustre/fs1/portfolios/coreai/projects/coreai_dlalgo_nemorl/users/sna/SpecDec-RL-main-vllm020-20260606/vllm-runs/qmath_extra_k_20260620/qwen8_math500_osl32k_pard2_t00_offset0_n2_isl4096_osl32768_bs2_k16_20260620_qmath_extra_eagle3k8_pardk16_pard2k16_qwen8_pard2_k16
2026-06-20T10:39:47+00:00,3460403,math,qwen8,pard2,16,0.0,4,4096,32768,COMPLETED,0:0,01:15:37,06:00:00,19.5,4.8750,2,0,12.7,44.8,0.0,1.00,0.00,312.56,439,439,0,1,1,58.7047,0.0372,0.0060,False,/lustre/fs1/portfolios/coreai/projects/coreai_dlalgo_nemorl/users/sna/SpecDec-RL-main-vllm020-20260606/vllm-runs/qmath_extra_k_20260620/qwen8_math500_osl32k_pard2_t00_offset0_n4_isl4096_osl32768_bs4_k16_20260620_qmath_extra_eagle3k8_pardk16_pard2k16_qwen8_pard2_k16
2026-06-20T10:39:47+00:00,3460404,math,qwen8,pard2,16,0.0,8,4096,32768,COMPLETED,0:0,01:21:03,08:00:00,62.4,15.6000,5,0,31.8,46.1,0.0,1.00,0.00,998.48,471,471,0,1,1,109.0906,0.0476,0.0076,False,/lustre/fs1/portfolios/coreai/projects/coreai_dlalgo_nemorl/users/sna/SpecDec-RL-main-vllm020-20260606/vllm-runs/qmath_extra_k_20260620/qwen8_math500_osl32k_pard2_t00_offset0_n8_isl4096_osl32768_bs8_k16_20260620_qmath_extra_eagle3k8_pardk16_pard2k16_qwen8_pard2_k16
2026-06-20T10:39:47+00:00,3460405,math,qwen8,pard2,16,0.0,16,4096,32768,COMPLETED,0:0,01:40:20,12:00:00,89.7,22.4250,8,0,51.0,46.1,0.0,1.00,0.00,1434.88,586,586,0,1,1,179.5415,0.0490,0.0078,False,/lustre/fs1/portfolios/coreai/projects/coreai_dlalgo_nemorl/users/sna/SpecDec-RL-main-vllm020-20260606/vllm-runs/qmath_extra_k_20260620/qwen8_math500_osl32k_pard2_t00_offset0_n16_isl4096_osl32768_bs16_k16_20260620_qmath_extra_eagle3k8_pardk16_pard2k16_qwen8_pard2_k16
2026-06-20T10:39:47+00:00,3460406,math,qwen8,pard2,16,0.0,32,4096,32768,COMPLETED,0:0,03:12:08,16:00:00,9.7,2.4250,1,0,6.4,18.9,0.0,1.00,0.00,155.24,596,596,0,1,1,183.6793,0.0725,0.0116,False,/lustre/fs1/portfolios/coreai/projects/coreai_dlalgo_nemorl/users/sna/SpecDec-RL-main-vllm020-20260606/vllm-runs/qmath_extra_k_20260620/qwen8_math500_osl32k_pard2_t00_offset0_n32_isl4096_osl32768_bs32_k16_20260620_qmath_extra_eagle3k8_pardk16_pard2k16_qwen8_pard2_k16
2026-06-20T10:39:47+00:00,3460408,math,qwen8,pard2,16,1.0,1,4096,32768,COMPLETED,0:0,01:13:22,16:00:00,9.9,2.4750,1,0,6.4,43.6,0.0,1.00,0.00,159.02,426,426,0,1,1,14.9464,0.0080,0.0013,False,/lustre/fs1/portfolios/coreai/projects/coreai_dlalgo_nemorl/users/sna/SpecDec-RL-main-vllm020-20260606/vllm-runs/qmath_extra_k_20260620/qwen8_math500_osl32k_pard2_t10_offset0_n1_isl4096_osl32768_bs1_k16_20260620_qmath_extra_eagle3k8_pardk16_pard2k16_qwen8_pard2_k16
2026-06-20T10:39:47+00:00,3460409,math,qwen8,pard2,16,1.0,2,4096,32768,COMPLETED,0:0,01:13:07,16:00:00,9.7,2.4250,1,0,6.4,46.2,0.0,1.00,0.00,155.85,424,424,0,1,1,30.6598,0.0411,0.0066,False,/lustre/fs1/portfolios/coreai/projects/coreai_dlalgo_nemorl/users/sna/SpecDec-RL-main-vllm020-20260606/vllm-runs/qmath_extra_k_20260620/qwen8_math500_osl32k_pard2_t10_offset0_n2_isl4096_osl32768_bs2_k16_20260620_qmath_extra_eagle3k8_pardk16_pard2k16_qwen8_pard2_k16
2026-06-20T10:39:47+00:00,3460410,math,qwen8,pard2,16,1.0,4,4096,32768,COMPLETED,0:0,01:16:05,06:00:00,29.2,7.3000,3,0,19.1,44.8,0.0,1.00,0.00,467.74,442,442,0,1,1,59.6915,0.0226,0.0036,False,/lustre/fs1/portfolios/coreai/projects/coreai_dlalgo_nemorl/users/sna/SpecDec-RL-main-vllm020-20260606/vllm-runs/qmath_extra_k_20260620/qwen8_math500_osl32k_pard2_t10_offset0_n4_isl4096_osl32768_bs4_k16_20260620_qmath_extra_eagle3k8_pardk16_pard2k16_qwen8_pard2_k16
2026-06-20T10:39:47+00:00,3460411,math,qwen8,pard2,16,1.0,8,4096,32768,COMPLETED,0:0,01:20:42,08:00:00,29.5,7.3750,0,0,0.0,46.1,0.0,1.00,0.00,472.08,470,470,0,1,1,111.4822,0.0961,0.0154,False,/lustre/fs1/portfolios/coreai/projects/coreai_dlalgo_nemorl/users/sna/SpecDec-RL-main-vllm020-20260606/vllm-runs/qmath_extra_k_20260620/qwen8_math500_osl32k_pard2_t10_offset0_n8_isl4096_osl32768_bs8_k16_20260620_qmath_extra_eagle3k8_pardk16_pard2k16_qwen8_pard2_k16
2026-06-20T10:39:47+00:00,3460412,math,qwen8,pard2,16,1.0,16,4096,32768,COMPLETED,0:0,01:37:41,12:00:00,74.9,18.7250,5,0,31.9,46.1,0.0,1.00,0.00,1197.78,570,570,0,1,1,183.1437,0.0445,0.0071,False,/lustre/fs1/portfolios/coreai/projects/coreai_dlalgo_nemorl/users/sna/SpecDec-RL-main-vllm020-20260606/vllm-runs/qmath_extra_k_20260620/qwen8_math500_osl32k_pard2_t10_offset0_n16_isl4096_osl32768_bs16_k16_20260620_qmath_extra_eagle3k8_pardk16_pard2k16_qwen8_pard2_k16
2026-06-20T10:39:47+00:00,3460413,math,qwen8,pard2,16,1.0,32,4096,32768,COMPLETED,0:0,03:15:50,16:00:00,9.8,2.4500,1,0,6.4,21.8,0.0,1.00,0.00,157.17,596,596,0,1,1,180.0199,0.0954,0.0153,False,/lustre/fs1/portfolios/coreai/projects/coreai_dlalgo_nemorl/users/sna/SpecDec-RL-main-vllm020-20260606/vllm-runs/qmath_extra_k_20260620/qwen8_math500_osl32k_pard2_t10_offset0_n32_isl4096_osl32768_bs32_k16_20260620_qmath_extra_eagle3k8_pardk16_pard2k16_qwen8_pard2_k16
2026-06-20T10:39:47+00:00,3460353,math,qwen8,pard,16,0.0,1,4096,32768,FAILED,1:0,00:01:14,16:00:00,,,,,,,,,,,0,0,3,0,0,,,,,/lustre/fs1/portfolios/coreai/projects/coreai_dlalgo_nemorl/users/sna/SpecDec-RL-main-vllm020-20260606/vllm-runs/qmath_extra_k_20260620/qwen8_math500_osl32k_pard_t00_offset0_n1_isl4096_osl32768_bs1_k16_20260620_qmath_extra_eagle3k8_pardk16_pard2k16_qwen8_pard_k16
2026-06-20T10:39:47+00:00,3460355,math,qwen8,pard,16,0.0,2,4096,32768,FAILED,1:0,00:01:18,16:00:00,,,,,,,,,,,0,0,3,0,0,,,,,/lustre/fs1/portfolios/coreai/projects/coreai_dlalgo_nemorl/users/sna/SpecDec-RL-main-vllm020-20260606/vllm-runs/qmath_extra_k_20260620/qwen8_math500_osl32k_pard_t00_offset0_n2_isl4096_osl32768_bs2_k16_20260620_qmath_extra_eagle3k8_pardk16_pard2k16_qwen8_pard_k16
2026-06-20T10:39:47+00:00,3460357,math,qwen8,pard,16,0.0,4,4096,32768,FAILED,1:0,00:01:16,06:00:00,,,,,,,,,,,0,0,3,0,0,,,,,/lustre/fs1/portfolios/coreai/projects/coreai_dlalgo_nemorl/users/sna/SpecDec-RL-main-vllm020-20260606/vllm-runs/qmath_extra_k_20260620/qwen8_math500_osl32k_pard_t00_offset0_n4_isl4096_osl32768_bs4_k16_20260620_qmath_extra_eagle3k8_pardk16_pard2k16_qwen8_pard_k16
2026-06-20T10:39:47+00:00,3460359,math,qwen8,pard,16,0.0,8,4096,32768,FAILED,1:0,00:01:17,08:00:00,,,,,,,,,,,0,0,3,0,0,,,,,/lustre/fs1/portfolios/coreai/projects/coreai_dlalgo_nemorl/users/sna/SpecDec-RL-main-vllm020-20260606/vllm-runs/qmath_extra_k_20260620/qwen8_math500_osl32k_pard_t00_offset0_n8_isl4096_osl32768_bs8_k16_20260620_qmath_extra_eagle3k8_pardk16_pard2k16_qwen8_pard_k16
2026-06-20T10:39:47+00:00,3460360,math,qwen8,pard,16,0.0,16,4096,32768,FAILED,1:0,00:01:14,12:00:00,,,,,,,,,,,0,0,3,0,0,,,,,/lustre/fs1/portfolios/coreai/projects/coreai_dlalgo_nemorl/users/sna/SpecDec-RL-main-vllm020-20260606/vllm-runs/qmath_extra_k_20260620/qwen8_math500_osl32k_pard_t00_offset0_n16_isl4096_osl32768_bs16_k16_20260620_qmath_extra_eagle3k8_pardk16_pard2k16_qwen8_pard_k16
2026-06-20T10:39:47+00:00,3460361,math,qwen8,pard,16,0.0,32,4096,32768,FAILED,1:0,00:01:13,16:00:00,,,,,,,,,,,0,0,3,0,0,,,,,/lustre/fs1/portfolios/coreai/projects/coreai_dlalgo_nemorl/users/sna/SpecDec-RL-main-vllm020-20260606/vllm-runs/qmath_extra_k_20260620/qwen8_math500_osl32k_pard_t00_offset0_n32_isl4096_osl32768_bs32_k16_20260620_qmath_extra_eagle3k8_pardk16_pard2k16_qwen8_pard_k16
2026-06-20T10:39:47+00:00,3460362,math,qwen8,pard,16,1.0,1,4096,32768,COMPLETED,0:0,00:25:36,16:00:00,33.8,8.4500,1,0,6.2,43.6,15.1,3.41,23.87,158.23,140,140,0,1,1,75.3772,26.5118,4.2419,False,/lustre/fs1/portfolios/coreai/projects/coreai_dlalgo_nemorl/users/sna/SpecDec-RL-main-vllm020-20260606/vllm-runs/qmath_extra_k_20260620/qwen8_math500_osl32k_pard_t10_offset0_n1_isl4096_osl32768_bs1_k16_20260620_qmath_extra_eagle3k8_pardk16_pard2k16_qwen8_pard_k16
2026-06-20T10:39:47+00:00,3460363,math,qwen8,pard,16,1.0,2,4096,32768,COMPLETED,0:0,00:32:20,16:00:00,22.0,5.5000,1,0,6.2,46.2,7.6,2.22,12.11,158.76,180,180,0,1,1,80.6462,18.0607,2.8897,False,/lustre/fs1/portfolios/coreai/projects/coreai_dlalgo_nemorl/users/sna/SpecDec-RL-main-vllm020-20260606/vllm-runs/qmath_extra_k_20260620/qwen8_math500_osl32k_pard_t10_offset0_n2_isl4096_osl32768_bs2_k16_20260620_qmath_extra_eagle3k8_pardk16_pard2k16_qwen8_pard_k16
2026-06-20T10:39:47+00:00,3460364,math,qwen8,pard,16,1.0,4,4096,32768,COMPLETED,0:0,00:41:16,06:00:00,27.5,6.8750,1,0,6.2,44.8,11.2,2.79,17.65,157.97,234,234,0,1,1,120.6797,15.8800,2.5408,False,/lustre/fs1/portfolios/coreai/projects/coreai_dlalgo_nemorl/users/sna/SpecDec-RL-main-vllm020-20260606/vllm-runs/qmath_extra_k_20260620/qwen8_math500_osl32k_pard_t10_offset0_n4_isl4096_osl32768_bs4_k16_20260620_qmath_extra_eagle3k8_pardk16_pard2k16_qwen8_pard_k16
2026-06-20T10:39:47+00:00,3460365,math,qwen8,pard,16,1.0,8,4096,32768,COMPLETED,0:0,01:21:40,08:00:00,9.8,2.4500,1,0,6.2,46.1,0.0,1.00,0.00,157.41,476,476,0,1,1,106.8046,12.6149,2.0184,False,/lustre/fs1/portfolios/coreai/projects/coreai_dlalgo_nemorl/users/sna/SpecDec-RL-main-vllm020-20260606/vllm-runs/qmath_extra_k_20260620/qwen8_math500_osl32k_pard_t10_offset0_n8_isl4096_osl32768_bs8_k16_20260620_qmath_extra_eagle3k8_pardk16_pard2k16_qwen8_pard_k16
2026-06-20T10:39:47+00:00,3460368,math,qwen8,pard,16,1.0,16,4096,32768,COMPLETED,0:0,01:05:50,12:00:00,12.4,3.1000,1,0,6.2,46.1,1.7,1.27,2.59,156.17,380,380,0,1,1,254.2543,12.3305,1.9729,False,/lustre/fs1/portfolios/coreai/projects/coreai_dlalgo_nemorl/users/sna/SpecDec-RL-main-vllm020-20260606/vllm-runs/qmath_extra_k_20260620/qwen8_math500_osl32k_pard_t10_offset0_n16_isl4096_osl32768_bs16_k16_20260620_qmath_extra_eagle3k8_pardk16_pard2k16_qwen8_pard_k16
2026-06-20T10:39:47+00:00,3460385,math,qwen8,pard,16,1.0,32,4096,32768,COMPLETED,0:0,01:55:43,16:00:00,9.7,2.4250,1,0,6.2,27.4,0.0,1.00,0.00,155.03,596,596,0,1,1,300.5659,10.5782,1.6925,False,/lustre/fs1/portfolios/coreai/projects/coreai_dlalgo_nemorl/users/sna/SpecDec-RL-main-vllm020-20260606/vllm-runs/qmath_extra_k_20260620/qwen8_math500_osl32k_pard_t10_offset0_n32_isl4096_osl32768_bs32_k16_20260620_qmath_extra_eagle3k8_pardk16_pard2k16_qwen8_pard_k16
2026-06-22T02:14:42+00:00,3459865,math,qwen235b,eagle3,8,0.0,1,4096,32768,COMPLETED,0:0,00:56:15,1-00:00:00,19.8,4.9500,1,0,2.1,0.0,23.4,2.87,12.92,55.22,307,307,0,1,1,4.8884,24.4342,1.9547,False,/lustre/fs1/portfolios/coreai/projects/coreai_dlalgo_nemorl/users/sna/SpecDec-RL-main-vllm020-20260606/vllm-runs/qmath_extra_k_20260620/qwen235b_math500_osl32k_eagle3_t00_offset0_n1_isl4096_osl32768_bs1_k8_20260620_qmath_extra_eagle3k8_pardk16_pard2k16_qwen235b_eagle3_k8
2026-06-22T02:14:42+00:00,3459881,math,qwen235b,eagle3,8,0.0,2,4096,32768,COMPLETED,0:0,00:59:25,1-00:00:00,17.1,4.2750,1,0,2.1,37.0,22.0,2.76,10.93,49.64,321,321,0,1,1,9.7277,24.2877,1.9430,False,/lustre/fs1/portfolios/coreai/projects/coreai_dlalgo_nemorl/users/sna/SpecDec-RL-main-vllm020-20260606/vllm-runs/qmath_extra_k_20260620/qwen235b_math500_osl32k_eagle3_t00_offset0_n2_isl4096_osl32768_bs2_k8_20260620_qmath_extra_eagle3k8_pardk16_pard2k16_qwen235b_eagle3_k8
2026-06-22T02:14:42+00:00,3459888,math,qwen235b,eagle3,8,0.0,4,4096,32768,COMPLETED,0:0,01:01:44,08:00:00,19.7,4.9250,1,0,2.1,32.0,25.6,3.05,13.24,51.78,341,341,0,1,1,18.6912,26.5009,2.1201,False,/lustre/fs1/portfolios/coreai/projects/coreai_dlalgo_nemorl/users/sna/SpecDec-RL-main-vllm020-20260606/vllm-runs/qmath_extra_k_20260620/qwen235b_math500_osl32k_eagle3_t00_offset0_n4_isl4096_osl32768_bs4_k8_20260620_qmath_extra_eagle3k8_pardk16_pard2k16_qwen235b_eagle3_k8
2026-06-22T02:14:42+00:00,3459894,math,qwen235b,eagle3,8,0.0,8,4096,32768,COMPLETED,0:0,01:07:54,12:00:00,10.6,2.6500,1,0,2.1,37.5,14.8,2.18,5.72,38.65,378,378,0,1,1,34.1986,25.1446,2.0116,False,/lustre/fs1/portfolios/coreai/projects/coreai_dlalgo_nemorl/users/sna/SpecDec-RL-main-vllm020-20260606/vllm-runs/qmath_extra_k_20260620/qwen235b_math500_osl32k_eagle3_t00_offset0_n8_isl4096_osl32768_bs8_k8_20260620_qmath_extra_eagle3k8_pardk16_pard2k16_qwen235b_eagle3_k8
2026-06-22T02:14:42+00:00,3459908,math,qwen235b,eagle3,8,0.0,16,4096,32768,COMPLETED,0:0,01:29:41,18:00:00,17.9,4.4750,1,0,2.1,0.0,21.3,2.70,11.25,52.90,475,476,0,1,1,57.5647,25.2184,2.0175,False,/lustre/fs1/portfolios/coreai/projects/coreai_dlalgo_nemorl/users/sna/SpecDec-RL-main-vllm020-20260606/vllm-runs/qmath_extra_k_20260620/qwen235b_math500_osl32k_eagle3_t00_offset0_n16_isl4096_osl32768_bs16_k8_20260620_qmath_extra_eagle3k8_pardk16_pard2k16_qwen235b_eagle3_k8
2026-06-22T02:14:42+00:00,3459921,math,qwen235b,eagle3,8,0.0,32,4096,32768,COMPLETED,0:0,01:33:42,1-00:00:00,17.6,4.4000,1,0,2.1,0.0,18.7,2.49,10.53,56.42,492,492,0,1,1,97.6797,24.3740,1.9499,False,/lustre/fs1/portfolios/coreai/projects/coreai_dlalgo_nemorl/users/sna/SpecDec-RL-main-vllm020-20260606/vllm-runs/qmath_extra_k_20260620/qwen235b_math500_osl32k_eagle3_t00_offset0_n32_isl4096_osl32768_bs32_k8_20260620_qmath_extra_eagle3k8_pardk16_pard2k16_qwen235b_eagle3_k8
2026-06-22T02:14:42+00:00,3459935,math,qwen235b,eagle3,8,1.0,1,4096,32768,COMPLETED,0:0,01:05:01,1-00:00:00,12.8,3.2000,1,0,2.1,0.0,10.4,1.83,5.78,55.79,356,356,0,1,1,4.0080,16.7990,1.3439,False,/lustre/fs1/portfolios/coreai/projects/coreai_dlalgo_nemorl/users/sna/SpecDec-RL-main-vllm020-20260606/vllm-runs/qmath_extra_k_20260620/qwen235b_math500_osl32k_eagle3_t10_offset0_n1_isl4096_osl32768_bs1_k8_20260620_qmath_extra_eagle3k8_pardk16_pard2k16_qwen235b_eagle3_k8
2026-06-22T02:14:42+00:00,3459951,math,qwen235b,eagle3,8,1.0,2,4096,32768,COMPLETED,0:0,01:10:04,1-00:00:00,14.1,3.5250,1,0,2.1,37.0,12.7,2.01,7.10,56.01,384,384,0,1,1,8.0130,21.7584,1.7407,False,/lustre/fs1/portfolios/coreai/projects/coreai_dlalgo_nemorl/users/sna/SpecDec-RL-main-vllm020-20260606/vllm-runs/qmath_extra_k_20260620/qwen235b_math500_osl32k_eagle3_t10_offset0_n2_isl4096_osl32768_bs2_k8_20260620_qmath_extra_eagle3k8_pardk16_pard2k16_qwen235b_eagle3_k8
2026-06-22T02:14:42+00:00,3459965,math,qwen235b,eagle3,8,1.0,4,4096,32768,COMPLETED,0:0,01:33:31,08:00:00,12.4,3.1000,1,0,2.1,0.0,10.8,1.87,5.77,53.35,492,492,0,1,1,13.4024,17.1259,1.3701,False,/lustre/fs1/portfolios/coreai/projects/coreai_dlalgo_nemorl/users/sna/SpecDec-RL-main-vllm020-20260606/vllm-runs/qmath_extra_k_20260620/qwen235b_math500_osl32k_eagle3_t10_offset0_n4_isl4096_osl32768_bs4_k8_20260620_qmath_extra_eagle3k8_pardk16_pard2k16_qwen235b_eagle3_k8
2026-06-22T02:14:42+00:00,3459974,math,qwen235b,eagle3,8,1.0,8,4096,32768,COMPLETED,0:0,01:33:44,12:00:00,12.0,3.0000,1,0,2.1,37.5,8.8,1.70,4.95,56.24,492,492,0,1,1,23.8943,21.6435,1.7315,False,/lustre/fs1/portfolios/coreai/projects/coreai_dlalgo_nemorl/users/sna/SpecDec-RL-main-vllm020-20260606/vllm-runs/qmath_extra_k_20260620/qwen235b_math500_osl32k_eagle3_t10_offset0_n8_isl4096_osl32768_bs8_k8_20260620_qmath_extra_eagle3k8_pardk16_pard2k16_qwen235b_eagle3_k8
2026-06-22T02:14:42+00:00,3459984,math,qwen235b,eagle3,8,1.0,16,4096,32768,COMPLETED,0:0,01:40:11,18:00:00,28.1,7.0250,2,0,4.2,38.1,13.8,2.10,14.72,106.64,492,492,0,1,1,50.1044,22.1991,1.7759,False,/lustre/fs1/portfolios/coreai/projects/coreai_dlalgo_nemorl/users/sna/SpecDec-RL-main-vllm020-20260606/vllm-runs/qmath_extra_k_20260620/qwen235b_math500_osl32k_eagle3_t10_offset0_n16_isl4096_osl32768_bs16_k8_20260620_qmath_extra_eagle3k8_pardk16_pard2k16_qwen235b_eagle3_k8
2026-06-22T02:14:42+00:00,3459991,math,qwen235b,eagle3,8,1.0,32,4096,32768,COMPLETED,0:0,01:48:29,1-00:00:00,11.8,2.9500,1,0,2.1,36.2,8.6,1.69,4.84,56.06,492,492,0,1,1,85.6449,19.1392,1.5311,False,/lustre/fs1/portfolios/coreai/projects/coreai_dlalgo_nemorl/users/sna/SpecDec-RL-main-vllm020-20260606/vllm-runs/qmath_extra_k_20260620/qwen235b_math500_osl32k_eagle3_t10_offset0_n32_isl4096_osl32768_bs32_k8_20260620_qmath_extra_eagle3k8_pardk16_pard2k16_qwen235b_eagle3_k8
2026-06-22T02:14:42+00:00,3460387,math,qwen235b,pard2,16,0.0,1,4096,32768,COMPLETED,0:0,02:54:12,1-00:00:00,6.0,1.5000,1,0,3.1,43.6,0.2,1.03,0.20,93.42,493,493,0,1,1,1.6249,0.2657,0.0425,False,/lustre/fs1/portfolios/coreai/projects/coreai_dlalgo_nemorl/users/sna/SpecDec-RL-main-vllm020-20260606/vllm-runs/qmath_extra_k_20260620/qwen235b_math500_osl32k_pard2_t00_offset0_n1_isl4096_osl32768_bs1_k16_20260620_qmath_extra_eagle3k8_pardk16_pard2k16_qwen235b_pard2_k16
2026-06-22T02:14:42+00:00,3460388,math,qwen235b,pard2,16,0.0,2,4096,32768,COMPLETED,0:0,02:51:18,1-00:00:00,5.9,1.4750,1,0,3.1,46.2,0.0,1.00,0.00,94.79,492,492,0,1,1,3.3100,0.2454,0.0393,False,/lustre/fs1/portfolios/coreai/projects/coreai_dlalgo_nemorl/users/sna/SpecDec-RL-main-vllm020-20260606/vllm-runs/qmath_extra_k_20260620/qwen235b_math500_osl32k_pard2_t00_offset0_n2_isl4096_osl32768_bs2_k16_20260620_qmath_extra_eagle3k8_pardk16_pard2k16_qwen235b_pard2_k16
2026-06-22T02:14:42+00:00,3460389,math,qwen235b,pard2,16,0.0,4,4096,32768,COMPLETED,0:0,02:55:14,08:00:00,10.4,2.6000,1,0,3.1,44.8,0.0,1.00,0.00,166.35,493,493,0,1,1,6.3086,0.1728,0.0276,False,/lustre/fs1/portfolios/coreai/projects/coreai_dlalgo_nemorl/users/sna/SpecDec-RL-main-vllm020-20260606/vllm-runs/qmath_extra_k_20260620/qwen235b_math500_osl32k_pard2_t00_offset0_n4_isl4096_osl32768_bs4_k16_20260620_qmath_extra_eagle3k8_pardk16_pard2k16_qwen235b_pard2_k16
2026-06-22T02:14:42+00:00,3460391,math,qwen235b,pard2,16,0.0,8,4096,32768,COMPLETED,0:0,02:57:14,12:00:00,5.9,1.4750,1,0,3.1,46.1,0.0,1.00,0.00,94.97,493,493,0,1,1,12.7353,0.3047,0.0487,False,/lustre/fs1/portfolios/coreai/projects/coreai_dlalgo_nemorl/users/sna/SpecDec-RL-main-vllm020-20260606/vllm-runs/qmath_extra_k_20260620/qwen235b_math500_osl32k_pard2_t00_offset0_n8_isl4096_osl32768_bs8_k16_20260620_qmath_extra_eagle3k8_pardk16_pard2k16_qwen235b_pard2_k16
2026-06-22T02:14:42+00:00,3460392,math,qwen235b,pard2,16,0.0,16,4096,32768,COMPLETED,0:0,03:03:02,18:00:00,5.9,1.4750,1,0,3.1,46.1,0.0,1.00,0.00,94.72,493,493,0,1,1,24.5741,0.3459,0.0553,False,/lustre/fs1/portfolios/coreai/projects/coreai_dlalgo_nemorl/users/sna/SpecDec-RL-main-vllm020-20260606/vllm-runs/qmath_extra_k_20260620/qwen235b_math500_osl32k_pard2_t00_offset0_n16_isl4096_osl32768_bs16_k16_20260620_qmath_extra_eagle3k8_pardk16_pard2k16_qwen235b_pard2_k16
2026-06-22T02:14:42+00:00,3460393,math,qwen235b,pard2,16,0.0,32,4096,32768,COMPLETED,0:0,03:24:45,1-00:00:00,10.2,2.5500,1,0,3.1,45.2,0.0,1.00,0.00,163.84,493,493,0,1,1,43.6521,0.2819,0.0451,False,/lustre/fs1/portfolios/coreai/projects/coreai_dlalgo_nemorl/users/sna/SpecDec-RL-main-vllm020-20260606/vllm-runs/qmath_extra_k_20260620/qwen235b_math500_osl32k_pard2_t00_offset0_n32_isl4096_osl32768_bs32_k16_20260620_qmath_extra_eagle3k8_pardk16_pard2k16_qwen235b_pard2_k16
2026-06-22T02:14:42+00:00,3460394,math,qwen235b,pard2,16,1.0,1,4096,32768,COMPLETED,0:0,02:54:29,1-00:00:00,6.2,1.5500,1,0,3.1,43.6,0.3,1.05,0.30,93.65,476,477,0,1,1,1.6218,0.0843,0.0135,False,/lustre/fs1/portfolios/coreai/projects/coreai_dlalgo_nemorl/users/sna/SpecDec-RL-main-vllm020-20260606/vllm-runs/qmath_extra_k_20260620/qwen235b_math500_osl32k_pard2_t10_offset0_n1_isl4096_osl32768_bs1_k16_20260620_qmath_extra_eagle3k8_pardk16_pard2k16_qwen235b_pard2_k16
2026-06-22T02:14:42+00:00,3460395,math,qwen235b,pard2,16,1.0,2,4096,32768,COMPLETED,0:0,02:59:35,1-00:00:00,5.9,1.4750,1,0,3.1,46.2,0.0,1.00,0.00,95.00,493,493,0,1,1,3.1589,0.1292,0.0207,False,/lustre/fs1/portfolios/coreai/projects/coreai_dlalgo_nemorl/users/sna/SpecDec-RL-main-vllm020-20260606/vllm-runs/qmath_extra_k_20260620/qwen235b_math500_osl32k_pard2_t10_offset0_n2_isl4096_osl32768_bs2_k16_20260620_qmath_extra_eagle3k8_pardk16_pard2k16_qwen235b_pard2_k16
2026-06-22T02:14:42+00:00,3460397,math,qwen235b,pard2,16,1.0,4,4096,32768,COMPLETED,0:0,03:24:01,08:00:00,5.6,1.4000,1,0,3.1,44.8,0.0,1.00,0.00,89.19,492,492,0,1,1,5.1509,0.0474,0.0076,False,/lustre/fs1/portfolios/coreai/projects/coreai_dlalgo_nemorl/users/sna/SpecDec-RL-main-vllm020-20260606/vllm-runs/qmath_extra_k_20260620/qwen235b_math500_osl32k_pard2_t10_offset0_n4_isl4096_osl32768_bs4_k16_20260620_qmath_extra_eagle3k8_pardk16_pard2k16_qwen235b_pard2_k16
2026-06-22T02:14:42+00:00,3460398,math,qwen235b,pard2,16,1.0,8,4096,32768,COMPLETED,0:0,03:02:16,12:00:00,5.9,1.4750,1,0,3.1,46.1,0.0,1.00,0.00,94.89,493,493,0,1,1,12.3553,0.2097,0.0336,False,/lustre/fs1/portfolios/coreai/projects/coreai_dlalgo_nemorl/users/sna/SpecDec-RL-main-vllm020-20260606/vllm-runs/qmath_extra_k_20260620/qwen235b_math500_osl32k_pard2_t10_offset0_n8_isl4096_osl32768_bs8_k16_20260620_qmath_extra_eagle3k8_pardk16_pard2k16_qwen235b_pard2_k16
2026-06-22T02:14:42+00:00,3460399,math,qwen235b,pard2,16,1.0,16,4096,32768,COMPLETED,0:0,03:12:09,18:00:00,9.0,2.2500,1,0,3.1,46.1,0.0,1.00,0.00,144.31,487,488,0,1,1,22.8324,0.2472,0.0395,False,/lustre/fs1/portfolios/coreai/projects/coreai_dlalgo_nemorl/users/sna/SpecDec-RL-main-vllm020-20260606/vllm-runs/qmath_extra_k_20260620/qwen235b_math500_osl32k_pard2_t10_offset0_n16_isl4096_osl32768_bs16_k16_20260620_qmath_extra_eagle3k8_pardk16_pard2k16_qwen235b_pard2_k16
2026-06-22T02:14:42+00:00,3460400,math,qwen235b,pard2,16,1.0,32,4096,32768,COMPLETED,0:0,03:25:56,1-00:00:00,19.3,4.8250,2,0,6.3,45.2,0.0,1.01,0.10,306.62,493,493,0,1,1,43.4963,0.1144,0.0183,False,/lustre/fs1/portfolios/coreai/projects/coreai_dlalgo_nemorl/users/sna/SpecDec-RL-main-vllm020-20260606/vllm-runs/qmath_extra_k_20260620/qwen235b_math500_osl32k_pard2_t10_offset0_n32_isl4096_osl32768_bs32_k16_20260620_qmath_extra_eagle3k8_pardk16_pard2k16_qwen235b_pard2_k16
2026-06-22T02:14:42+00:00,3460281,math,qwen235b,pard,16,0.0,1,4096,32768,COMPLETED,0:0,00:40:41,1-00:00:00,17.9,4.4750,1,0,2.9,43.6,12.8,3.05,12.05,94.01,215,215,0,1,1,7.6069,23.6906,3.7905,False,/lustre/fs1/portfolios/coreai/projects/coreai_dlalgo_nemorl/users/sna/SpecDec-RL-main-vllm020-20260606/vllm-runs/qmath_extra_k_20260620/qwen235b_math500_osl32k_pard_t00_offset0_n1_isl4096_osl32768_bs1_k16_20260620_qmath_extra_eagle3k8_pardk16_pard2k16_qwen235b_pard_k16
2026-06-22T02:14:42+00:00,3460282,math,qwen235b,pard,16,0.0,2,4096,32768,COMPLETED,0:0,00:53:55,1-00:00:00,17.9,4.4750,1,0,2.9,46.2,12.5,3.00,11.91,95.27,290,290,0,1,1,10.7068,16.9907,2.7185,False,/lustre/fs1/portfolios/coreai/projects/coreai_dlalgo_nemorl/users/sna/SpecDec-RL-main-vllm020-20260606/vllm-runs/qmath_extra_k_20260620/qwen235b_math500_osl32k_pard_t00_offset0_n2_isl4096_osl32768_bs2_k16_20260620_qmath_extra_eagle3k8_pardk16_pard2k16_qwen235b_pard_k16
2026-06-22T02:14:42+00:00,3460283,math,qwen235b,pard,16,0.0,4,4096,32768,COMPLETED,0:0,00:59:54,08:00:00,14.6,3.6500,1,0,2.9,44.8,9.2,2.47,8.69,94.80,329,329,0,1,1,19.7447,18.3441,2.9351,False,/lustre/fs1/portfolios/coreai/projects/coreai_dlalgo_nemorl/users/sna/SpecDec-RL-main-vllm020-20260606/vllm-runs/qmath_extra_k_20260620/qwen235b_math500_osl32k_pard_t00_offset0_n4_isl4096_osl32768_bs4_k16_20260620_qmath_extra_eagle3k8_pardk16_pard2k16_qwen235b_pard_k16
2026-06-22T02:14:42+00:00,3460284,math,qwen235b,pard,16,0.0,8,4096,32768,COMPLETED,0:0,01:12:13,12:00:00,20.7,5.1750,1,0,2.9,46.1,15.7,3.51,14.77,94.22,404,404,0,1,1,38.9195,16.8974,2.7036,False,/lustre/fs1/portfolios/coreai/projects/coreai_dlalgo_nemorl/users/sna/SpecDec-RL-main-vllm020-20260606/vllm-runs/qmath_extra_k_20260620/qwen235b_math500_osl32k_pard_t00_offset0_n8_isl4096_osl32768_bs8_k16_20260620_qmath_extra_eagle3k8_pardk16_pard2k16_qwen235b_pard_k16
2026-06-22T02:14:42+00:00,3460287,math,qwen235b,pard,16,0.0,16,4096,32768,COMPLETED,0:0,01:15:02,18:00:00,20.7,5.1750,1,0,2.9,46.1,15.8,3.53,14.86,94.17,417,417,0,1,1,60.6383,17.5098,2.8016,False,/lustre/fs1/portfolios/coreai/projects/coreai_dlalgo_nemorl/users/sna/SpecDec-RL-main-vllm020-20260606/vllm-runs/qmath_extra_k_20260620/qwen235b_math500_osl32k_pard_t00_offset0_n16_isl4096_osl32768_bs16_k16_20260620_qmath_extra_eagle3k8_pardk16_pard2k16_qwen235b_pard_k16
2026-06-22T02:14:42+00:00,3460289,math,qwen235b,pard,16,0.0,32,4096,32768,COMPLETED,0:0,01:32:22,1-00:00:00,15.8,3.9500,1,0,2.9,45.2,10.4,2.67,9.89,94.91,492,492,0,1,1,99.1811,17.4459,2.7913,False,/lustre/fs1/portfolios/coreai/projects/coreai_dlalgo_nemorl/users/sna/SpecDec-RL-main-vllm020-20260606/vllm-runs/qmath_extra_k_20260620/qwen235b_math500_osl32k_pard_t00_offset0_n32_isl4096_osl32768_bs32_k16_20260620_qmath_extra_eagle3k8_pardk16_pard2k16_qwen235b_pard_k16
2026-06-22T02:14:42+00:00,3460295,math,qwen235b,pard,16,1.0,1,4096,32768,COMPLETED,0:0,01:07:19,1-00:00:00,20.0,5.0000,1,0,2.9,43.6,14.8,3.37,14.03,94.84,375,375,0,1,1,8.6454,26.5863,4.2538,False,/lustre/fs1/portfolios/coreai/projects/coreai_dlalgo_nemorl/users/sna/SpecDec-RL-main-vllm020-20260606/vllm-runs/qmath_extra_k_20260620/qwen235b_math500_osl32k_pard_t10_offset0_n1_isl4096_osl32768_bs1_k16_20260620_qmath_extra_eagle3k8_pardk16_pard2k16_qwen235b_pard_k16
2026-06-22T02:14:42+00:00,3460300,math,qwen235b,pard,16,1.0,2,4096,32768,COMPLETED,0:0,01:15:41,1-00:00:00,12.0,3.0000,1,0,2.9,46.2,6.2,2.00,5.98,95.65,423,423,0,1,1,8.3723,13.7458,2.1993,False,/lustre/fs1/portfolios/coreai/projects/coreai_dlalgo_nemorl/users/sna/SpecDec-RL-main-vllm020-20260606/vllm-runs/qmath_extra_k_20260620/qwen235b_math500_osl32k_pard_t10_offset0_n2_isl4096_osl32768_bs2_k16_20260620_qmath_extra_eagle3k8_pardk16_pard2k16_qwen235b_pard_k16
2026-06-22T02:14:42+00:00,3460301,math,qwen235b,pard,16,1.0,4,4096,32768,COMPLETED,0:0,01:49:29,08:00:00,7.6,1.9000,1,0,2.9,44.8,2.2,1.35,1.98,90.33,492,492,0,1,1,7.8130,5.9579,0.9533,False,/lustre/fs1/portfolios/coreai/projects/coreai_dlalgo_nemorl/users/sna/SpecDec-RL-main-vllm020-20260606/vllm-runs/qmath_extra_k_20260620/qwen235b_math500_osl32k_pard_t10_offset0_n4_isl4096_osl32768_bs4_k16_20260620_qmath_extra_eagle3k8_pardk16_pard2k16_qwen235b_pard_k16
2026-06-22T02:14:42+00:00,3460302,math,qwen235b,pard,16,1.0,8,4096,32768,COMPLETED,0:0,02:00:44,12:00:00,6.8,1.7000,1,0,2.9,46.1,1.1,1.17,0.99,93.62,491,492,0,1,1,21.5785,11.4605,1.8337,False,/lustre/fs1/portfolios/coreai/projects/coreai_dlalgo_nemorl/users/sna/SpecDec-RL-main-vllm020-20260606/vllm-runs/qmath_extra_k_20260620/qwen235b_math500_osl32k_pard_t10_offset0_n8_isl4096_osl32768_bs8_k16_20260620_qmath_extra_eagle3k8_pardk16_pard2k16_qwen235b_pard_k16
2026-06-22T02:14:42+00:00,3460303,math,qwen235b,pard,16,1.0,16,4096,32768,COMPLETED,0:0,02:02:21,18:00:00,6.7,1.6750,1,0,2.9,46.1,0.8,1.13,0.79,95.10,492,492,0,1,1,35.4438,8.8623,1.4180,False,/lustre/fs1/portfolios/coreai/projects/coreai_dlalgo_nemorl/users/sna/SpecDec-RL-main-vllm020-20260606/vllm-runs/qmath_extra_k_20260620/qwen235b_math500_osl32k_pard_t10_offset0_n16_isl4096_osl32768_bs16_k16_20260620_qmath_extra_eagle3k8_pardk16_pard2k16_qwen235b_pard_k16
2026-06-22T02:14:42+00:00,3460305,math,qwen235b,pard,16,1.0,32,4096,32768,COMPLETED,0:0,02:23:02,1-00:00:00,5.9,1.4750,1,0,2.9,45.2,0.0,1.00,0.00,94.03,492,492,0,1,1,64.2930,11.8869,1.9019,False,/lustre/fs1/portfolios/coreai/projects/coreai_dlalgo_nemorl/users/sna/SpecDec-RL-main-vllm020-20260606/vllm-runs/qmath_extra_k_20260620/qwen235b_math500_osl32k_pard_t10_offset0_n32_isl4096_osl32768_bs32_k16_20260620_qmath_extra_eagle3k8_pardk16_pard2k16_qwen235b_pard_k16
2026-06-22T02:14:42+00:00,3460009,math,qwen30ba3b,eagle3,8,0.0,1,4096,32768,COMPLETED,0:0,01:03:14,16:00:00,12.2,3.0500,1,0,3.6,29.1,0.1,1.01,0.10,96.50,362,362,0,1,1,17.4631,3.7361,0.2989,False,/lustre/fs1/portfolios/coreai/projects/coreai_dlalgo_nemorl/users/sna/SpecDec-RL-main-vllm020-20260606/vllm-runs/qmath_extra_k_20260620/qwen30ba3b_math500_osl32k_eagle3_t00_offset0_n1_isl4096_osl32768_bs1_k8_20260620_qmath_extra_eagle3k8_pardk16_pard2k16_qwen30ba3b_eagle3_k8
2026-06-22T02:14:42+00:00,3460022,math,qwen30ba3b,eagle3,8,0.0,2,4096,32768,COMPLETED,0:0,01:09:53,16:00:00,13.6,3.4000,1,0,3.6,37.0,0.8,1.06,0.80,102.06,401,401,0,1,1,33.5462,3.6720,0.2938,False,/lustre/fs1/portfolios/coreai/projects/coreai_dlalgo_nemorl/users/sna/SpecDec-RL-main-vllm020-20260606/vllm-runs/qmath_extra_k_20260620/qwen30ba3b_math500_osl32k_eagle3_t00_offset0_n2_isl4096_osl32768_bs2_k8_20260620_qmath_extra_eagle3k8_pardk16_pard2k16_qwen30ba3b_eagle3_k8
2026-06-22T02:14:42+00:00,3460038,math,qwen30ba3b,eagle3,8,0.0,4,4096,32768,COMPLETED,0:0,01:07:50,06:00:00,12.5,3.1250,1,0,3.6,32.0,0.9,1.07,0.80,93.59,391,391,0,1,1,64.9559,3.7653,0.3012,False,/lustre/fs1/portfolios/coreai/projects/coreai_dlalgo_nemorl/users/sna/SpecDec-RL-main-vllm020-20260606/vllm-runs/qmath_extra_k_20260620/qwen30ba3b_math500_osl32k_eagle3_t00_offset0_n4_isl4096_osl32768_bs4_k8_20260620_qmath_extra_eagle3k8_pardk16_pard2k16_qwen30ba3b_eagle3_k8
2026-06-22T02:14:42+00:00,3460163,math,qwen30ba3b,eagle3,8,0.0,8,4096,32768,COMPLETED,0:0,01:07:24,08:00:00,13.3,3.3250,1,0,3.7,37.5,0.7,1.06,0.70,100.66,388,388,0,1,1,130.8613,4.1445,0.3316,False,/lustre/fs1/portfolios/coreai/projects/coreai_dlalgo_nemorl/users/sna/SpecDec-RL-main-vllm020-20260606/vllm-runs/qmath_extra_k_20260620/qwen30ba3b_math500_osl32k_eagle3_t00_offset0_n8_isl4096_osl32768_bs8_k8_20260620_qmath_extra_eagle3k8_pardk16_pard2k16_qwen30ba3b_eagle3_k8
2026-06-22T02:14:42+00:00,3460179,math,qwen30ba3b,eagle3,8,0.0,16,4096,32768,COMPLETED,0:0,01:18:08,12:00:00,12.6,3.1500,1,0,3.7,38.1,0.1,1.01,0.10,99.94,453,453,0,1,1,230.6107,3.9830,0.3186,False,/lustre/fs1/portfolios/coreai/projects/coreai_dlalgo_nemorl/users/sna/SpecDec-RL-main-vllm020-20260606/vllm-runs/qmath_extra_k_20260620/qwen30ba3b_math500_osl32k_eagle3_t00_offset0_n16_isl4096_osl32768_bs16_k8_20260620_qmath_extra_eagle3k8_pardk16_pard2k16_qwen30ba3b_eagle3_k8
2026-06-22T02:14:42+00:00,3460192,math,qwen30ba3b,eagle3,8,0.0,32,4096,32768,COMPLETED,0:0,01:23:39,16:00:00,25.3,6.3250,1,0,3.6,33.1,0.1,1.01,0.30,199.80,485,485,0,1,1,418.9885,4.1535,0.3323,False,/lustre/fs1/portfolios/coreai/projects/coreai_dlalgo_nemorl/users/sna/SpecDec-RL-main-vllm020-20260606/vllm-runs/qmath_extra_k_20260620/qwen30ba3b_math500_osl32k_eagle3_t00_offset0_n32_isl4096_osl32768_bs32_k8_20260620_qmath_extra_eagle3k8_pardk16_pard2k16_qwen30ba3b_eagle3_k8
2026-06-22T02:14:42+00:00,3460203,math,qwen30ba3b,eagle3,8,1.0,1,4096,32768,COMPLETED,0:0,00:42:15,16:00:00,18.3,4.5750,1,0,3.6,29.1,6.2,1.50,6.09,97.50,237,237,0,1,1,24.4483,8.9799,0.7184,False,/lustre/fs1/portfolios/coreai/projects/coreai_dlalgo_nemorl/users/sna/SpecDec-RL-main-vllm020-20260606/vllm-runs/qmath_extra_k_20260620/qwen30ba3b_math500_osl32k_eagle3_t10_offset0_n1_isl4096_osl32768_bs1_k8_20260620_qmath_extra_eagle3k8_pardk16_pard2k16_qwen30ba3b_eagle3_k8
2026-06-22T02:14:42+00:00,3460218,math,qwen30ba3b,eagle3,8,1.0,2,4096,32768,COMPLETED,0:0,01:10:12,16:00:00,12.8,3.2000,1,0,3.6,37.0,0.0,1.00,0.00,102.63,403,403,0,1,1,33.9006,3.9045,0.3124,False,/lustre/fs1/portfolios/coreai/projects/coreai_dlalgo_nemorl/users/sna/SpecDec-RL-main-vllm020-20260606/vllm-runs/qmath_extra_k_20260620/qwen30ba3b_math500_osl32k_eagle3_t10_offset0_n2_isl4096_osl32768_bs2_k8_20260620_qmath_extra_eagle3k8_pardk16_pard2k16_qwen30ba3b_eagle3_k8
2026-06-22T02:14:42+00:00,3460228,math,qwen30ba3b,eagle3,8,1.0,4,4096,32768,COMPLETED,0:0,01:12:47,06:00:00,13.3,3.3250,1,0,3.6,32.0,0.8,1.06,0.80,99.96,419,419,0,1,1,63.4188,5.8562,0.4685,False,/lustre/fs1/portfolios/coreai/projects/coreai_dlalgo_nemorl/users/sna/SpecDec-RL-main-vllm020-20260606/vllm-runs/qmath_extra_k_20260620/qwen30ba3b_math500_osl32k_eagle3_t10_offset0_n4_isl4096_osl32768_bs4_k8_20260620_qmath_extra_eagle3k8_pardk16_pard2k16_qwen30ba3b_eagle3_k8
2026-06-22T02:14:42+00:00,3460241,math,qwen30ba3b,eagle3,8,1.0,8,4096,32768,COMPLETED,0:0,01:04:55,08:00:00,13.3,3.3250,1,0,3.7,37.5,0.7,1.06,0.70,100.68,374,374,0,1,1,134.2210,3.9717,0.3177,False,/lustre/fs1/portfolios/coreai/projects/coreai_dlalgo_nemorl/users/sna/SpecDec-RL-main-vllm020-20260606/vllm-runs/qmath_extra_k_20260620/qwen30ba3b_math500_osl32k_eagle3_t10_offset0_n8_isl4096_osl32768_bs8_k8_20260620_qmath_extra_eagle3k8_pardk16_pard2k16_qwen30ba3b_eagle3_k8
2026-06-22T02:14:42+00:00,3460242,math,qwen30ba3b,eagle3,8,1.0,16,4096,32768,COMPLETED,0:0,01:12:22,12:00:00,13.3,3.3250,1,0,3.6,38.1,0.8,1.06,0.80,100.35,416,416,0,1,1,250.6135,4.3867,0.3509,False,/lustre/fs1/portfolios/coreai/projects/coreai_dlalgo_nemorl/users/sna/SpecDec-RL-main-vllm020-20260606/vllm-runs/qmath_extra_k_20260620/qwen30ba3b_math500_osl32k_eagle3_t10_offset0_n16_isl4096_osl32768_bs16_k8_20260620_qmath_extra_eagle3k8_pardk16_pard2k16_qwen30ba3b_eagle3_k8
2026-06-22T02:14:42+00:00,3460243,math,qwen30ba3b,eagle3,8,1.0,32,4096,32768,COMPLETED,0:0,01:41:25,16:00:00,12.7,3.1750,1,0,3.6,33.6,0.0,1.00,0.00,101.30,496,496,0,1,1,340.9464,4.1445,0.3316,False,/lustre/fs1/portfolios/coreai/projects/coreai_dlalgo_nemorl/users/sna/SpecDec-RL-main-vllm020-20260606/vllm-runs/qmath_extra_k_20260620/qwen30ba3b_math500_osl32k_eagle3_t10_offset0_n32_isl4096_osl32768_bs32_k8_20260620_qmath_extra_eagle3k8_pardk16_pard2k16_qwen30ba3b_eagle3_k8
2026-06-22T02:14:42+00:00,3460307,math,qwen30ba3b,pard,16,0.0,1,4096,32768,COMPLETED,0:0,00:29:39,16:00:00,16.3,4.0750,1,0,7.4,43.6,5.8,1.93,7.87,135.40,164,164,0,1,1,39.7921,15.6333,2.5013,False,/lustre/fs1/portfolios/coreai/projects/coreai_dlalgo_nemorl/users/sna/SpecDec-RL-main-vllm020-20260606/vllm-runs/qmath_extra_k_20260620/qwen30ba3b_math500_osl32k_pard_t00_offset0_n1_isl4096_osl32768_bs1_k16_20260620_qmath_extra_eagle3k8_pardk16_pard2k16_qwen30ba3b_pard_k16
2026-06-22T02:14:42+00:00,3460308,math,qwen30ba3b,pard,16,0.0,2,4096,32768,COMPLETED,0:0,00:32:53,16:00:00,21.8,5.4500,1,0,7.4,46.2,9.9,2.59,13.39,134.89,180,180,0,1,1,69.4206,17.4609,2.7937,False,/lustre/fs1/portfolios/coreai/projects/coreai_dlalgo_nemorl/users/sna/SpecDec-RL-main-vllm020-20260606/vllm-runs/qmath_extra_k_20260620/qwen30ba3b_math500_osl32k_pard_t00_offset0_n2_isl4096_osl32768_bs2_k16_20260620_qmath_extra_eagle3k8_pardk16_pard2k16_qwen30ba3b_pard_k16
2026-06-22T02:14:42+00:00,3460309,math,qwen30ba3b,pard,16,0.0,4,4096,32768,COMPLETED,0:0,00:41:10,06:00:00,14.3,3.5750,1,0,7.4,44.8,4.3,1.69,5.85,134.93,230,230,0,1,1,102.4180,16.3800,2.6208,False,/lustre/fs1/portfolios/coreai/projects/coreai_dlalgo_nemorl/users/sna/SpecDec-RL-main-vllm020-20260606/vllm-runs/qmath_extra_k_20260620/qwen30ba3b_math500_osl32k_pard_t00_offset0_n4_isl4096_osl32768_bs4_k16_20260620_qmath_extra_eagle3k8_pardk16_pard2k16_qwen30ba3b_pard_k16
2026-06-22T02:14:42+00:00,3460310,math,qwen30ba3b,pard,16,0.0,8,4096,32768,COMPLETED,0:0,00:39:01,08:00:00,27.8,6.9500,1,0,7.4,46.1,14.5,3.32,19.43,133.90,217,217,0,1,1,238.5302,15.2983,2.4477,False,/lustre/fs1/portfolios/coreai/projects/coreai_dlalgo_nemorl/users/sna/SpecDec-RL-main-vllm020-20260606/vllm-runs/qmath_extra_k_20260620/qwen30ba3b_math500_osl32k_pard_t00_offset0_n8_isl4096_osl32768_bs8_k16_20260620_qmath_extra_eagle3k8_pardk16_pard2k16_qwen30ba3b_pard_k16
2026-06-22T02:14:42+00:00,3460312,math,qwen30ba3b,pard,16,0.0,16,4096,32768,COMPLETED,0:0,00:47:21,12:00:00,21.0,5.2500,1,0,7.5,43.6,9.5,2.52,12.67,133.04,267,267,0,1,1,385.4529,16.6705,2.6673,False,/lustre/fs1/portfolios/coreai/projects/coreai_dlalgo_nemorl/users/sna/SpecDec-RL-main-vllm020-20260606/vllm-runs/qmath_extra_k_20260620/qwen30ba3b_math500_osl32k_pard_t00_offset0_n16_isl4096_osl32768_bs16_k16_20260620_qmath_extra_eagle3k8_pardk16_pard2k16_qwen30ba3b_pard_k16
2026-06-22T02:14:42+00:00,3460313,math,qwen30ba3b,pard,16,0.0,32,4096,32768,COMPLETED,0:0,01:35:53,16:00:00,23.5,5.8750,1,0,7.4,17.8,11.4,2.82,15.14,133.00,496,496,0,1,1,367.2712,15.1939,2.4310,False,/lustre/fs1/portfolios/coreai/projects/coreai_dlalgo_nemorl/users/sna/SpecDec-RL-main-vllm020-20260606/vllm-runs/qmath_extra_k_20260620/qwen30ba3b_math500_osl32k_pard_t00_offset0_n32_isl4096_osl32768_bs32_k16_20260620_qmath_extra_eagle3k8_pardk16_pard2k16_qwen30ba3b_pard_k16
2026-06-22T02:14:42+00:00,3460314,math,qwen30ba3b,pard,16,1.0,1,4096,32768,COMPLETED,0:0,00:20:13,16:00:00,27.1,6.7750,1,0,7.4,43.6,13.8,3.20,18.60,135.30,107,107,0,1,1,60.2711,26.9321,4.3091,False,/lustre/fs1/portfolios/coreai/projects/coreai_dlalgo_nemorl/users/sna/SpecDec-RL-main-vllm020-20260606/vllm-runs/qmath_extra_k_20260620/qwen30ba3b_math500_osl32k_pard_t10_offset0_n1_isl4096_osl32768_bs1_k16_20260620_qmath_extra_eagle3k8_pardk16_pard2k16_qwen30ba3b_pard_k16
2026-06-22T02:14:42+00:00,3460315,math,qwen30ba3b,pard,16,1.0,2,4096,32768,COMPLETED,0:0,00:52:37,16:00:00,13.3,3.3250,1,0,7.5,46.2,3.6,1.58,4.85,134.55,298,298,0,1,1,43.1762,9.9733,1.5957,False,/lustre/fs1/portfolios/coreai/projects/coreai_dlalgo_nemorl/users/sna/SpecDec-RL-main-vllm020-20260606/vllm-runs/qmath_extra_k_20260620/qwen30ba3b_math500_osl32k_pard_t10_offset0_n2_isl4096_osl32768_bs2_k16_20260620_qmath_extra_eagle3k8_pardk16_pard2k16_qwen30ba3b_pard_k16
2026-06-22T02:14:42+00:00,3460316,math,qwen30ba3b,pard,16,1.0,4,4096,32768,COMPLETED,0:0,00:36:09,06:00:00,20.9,5.2250,1,0,7.5,44.8,9.3,2.49,12.49,134.30,200,200,0,1,1,137.3196,20.9384,3.3501,False,/lustre/fs1/portfolios/coreai/projects/coreai_dlalgo_nemorl/users/sna/SpecDec-RL-main-vllm020-20260606/vllm-runs/qmath_extra_k_20260620/qwen30ba3b_math500_osl32k_pard_t10_offset0_n4_isl4096_osl32768_bs4_k16_20260620_qmath_extra_eagle3k8_pardk16_pard2k16_qwen30ba3b_pard_k16
2026-06-22T02:14:42+00:00,3460317,math,qwen30ba3b,pard,16,1.0,8,4096,32768,COMPLETED,0:0,00:40:47,08:00:00,33.0,8.2500,2,0,14.9,46.1,6.3,2.01,16.56,263.32,230,230,0,1,1,223.4431,18.3412,2.9346,False,/lustre/fs1/portfolios/coreai/projects/coreai_dlalgo_nemorl/users/sna/SpecDec-RL-main-vllm020-20260606/vllm-runs/qmath_extra_k_20260620/qwen30ba3b_math500_osl32k_pard_t10_offset0_n8_isl4096_osl32768_bs8_k16_20260620_qmath_extra_eagle3k8_pardk16_pard2k16_qwen30ba3b_pard_k16
2026-06-22T02:14:42+00:00,3460318,math,qwen30ba3b,pard,16,1.0,16,4096,32768,COMPLETED,0:0,00:50:35,12:00:00,17.4,4.3500,1,0,7.4,33.7,6.8,2.10,9.11,133.03,286,286,0,1,1,365.8623,16.3445,2.6151,False,/lustre/fs1/portfolios/coreai/projects/coreai_dlalgo_nemorl/users/sna/SpecDec-RL-main-vllm020-20260606/vllm-runs/qmath_extra_k_20260620/qwen30ba3b_math500_osl32k_pard_t10_offset0_n16_isl4096_osl32768_bs16_k16_20260620_qmath_extra_eagle3k8_pardk16_pard2k16_qwen30ba3b_pard_k16
2026-06-22T02:14:42+00:00,3460319,math,qwen30ba3b,pard,16,1.0,32,4096,32768,COMPLETED,0:0,01:33:17,16:00:00,16.4,4.1000,1,0,7.4,16.7,6.1,1.98,8.11,132.95,496,496,0,1,1,383.9973,15.8549,2.5368,False,/lustre/fs1/portfolios/coreai/projects/coreai_dlalgo_nemorl/users/sna/SpecDec-RL-main-vllm020-20260606/vllm-runs/qmath_extra_k_20260620/qwen30ba3b_math500_osl32k_pard_t10_offset0_n32_isl4096_osl32768_bs32_k16_20260620_qmath_extra_eagle3k8_pardk16_pard2k16_qwen30ba3b_pard_k16
2026-06-22T02:14:42+00:00,3460244,math,qwen32,eagle3,8,0.0,1,4096,32768,COMPLETED,0:0,00:23:26,16:00:00,62.4,15.6000,1,0,3.8,0.0,100.0,9.00,55.45,55.45,119,119,0,1,1,29.9202,87.7539,7.0203,False,/lustre/fs1/portfolios/coreai/projects/coreai_dlalgo_nemorl/users/sna/SpecDec-RL-main-vllm020-20260606/vllm-runs/qmath_extra_k_20260620/qwen32_math500_osl32k_eagle3_t00_offset0_n1_isl4096_osl32768_bs1_k8_20260620_qmath_extra_eagle3k8_pardk16_pard2k16_qwen32_eagle3_k8
2026-06-22T02:14:42+00:00,3460245,math,qwen32,eagle3,8,0.0,2,4096,32768,COMPLETED,0:0,00:24:42,16:00:00,31.2,7.8000,1,0,3.8,0.0,29.1,3.33,21.83,74.97,129,129,0,1,1,50.4235,49.2509,3.9401,False,/lustre/fs1/portfolios/coreai/projects/coreai_dlalgo_nemorl/users/sna/SpecDec-RL-main-vllm020-20260606/vllm-runs/qmath_extra_k_20260620/qwen32_math500_osl32k_eagle3_t00_offset0_n2_isl4096_osl32768_bs2_k8_20260620_qmath_extra_eagle3k8_pardk16_pard2k16_qwen32_eagle3_k8
2026-06-22T02:14:42+00:00,3460247,math,qwen32,eagle3,8,0.0,4,4096,32768,COMPLETED,0:0,00:24:59,06:00:00,36.1,9.0250,1,0,3.8,0.0,35.4,3.83,26.68,75.38,130,130,0,1,1,99.2461,64.1323,5.1306,False,/lustre/fs1/portfolios/coreai/projects/coreai_dlalgo_nemorl/users/sna/SpecDec-RL-main-vllm020-20260606/vllm-runs/qmath_extra_k_20260620/qwen32_math500_osl32k_eagle3_t00_offset0_n4_isl4096_osl32768_bs4_k8_20260620_qmath_extra_eagle3k8_pardk16_pard2k16_qwen32_eagle3_k8
2026-06-22T02:14:42+00:00,3460248,math,qwen32,eagle3,8,0.0,8,4096,32768,COMPLETED,0:0,00:27:12,08:00:00,28.5,7.1250,1,0,3.8,0.0,25.8,3.06,19.19,74.35,144,144,0,1,1,194.7035,59.0164,4.7213,False,/lustre/fs1/portfolios/coreai/projects/coreai_dlalgo_nemorl/users/sna/SpecDec-RL-main-vllm020-20260606/vllm-runs/qmath_extra_k_20260620/qwen32_math500_osl32k_eagle3_t00_offset0_n8_isl4096_osl32768_bs8_k8_20260620_qmath_extra_eagle3k8_pardk16_pard2k16_qwen32_eagle3_k8
2026-06-22T02:14:42+00:00,3460249,math,qwen32,eagle3,8,0.0,16,4096,32768,COMPLETED,0:0,00:35:08,12:00:00,25.7,6.4250,1,0,3.8,0.0,22.4,2.80,16.53,73.65,191,191,0,1,1,241.8427,50.7759,4.0621,False,/lustre/fs1/portfolios/coreai/projects/coreai_dlalgo_nemorl/users/sna/SpecDec-RL-main-vllm020-20260606/vllm-runs/qmath_extra_k_20260620/qwen32_math500_osl32k_eagle3_t00_offset0_n16_isl4096_osl32768_bs16_k8_20260620_qmath_extra_eagle3k8_pardk16_pard2k16_qwen32_eagle3_k8
2026-06-22T02:14:42+00:00,3460250,math,qwen32,eagle3,8,0.0,32,4096,32768,COMPLETED,0:0,00:47:51,16:00:00,20.5,5.1250,1,0,3.8,31.9,15.3,2.23,11.29,73.65,268,268,0,1,1,382.6390,52.5138,4.2011,False,/lustre/fs1/portfolios/coreai/projects/coreai_dlalgo_nemorl/users/sna/SpecDec-RL-main-vllm020-20260606/vllm-runs/qmath_extra_k_20260620/qwen32_math500_osl32k_eagle3_t00_offset0_n32_isl4096_osl32768_bs32_k8_20260620_qmath_extra_eagle3k8_pardk16_pard2k16_qwen32_eagle3_k8
2026-06-22T02:14:42+00:00,3460251,math,qwen32,eagle3,8,1.0,1,4096,32768,COMPLETED,0:0,00:42:45,16:00:00,12.1,3.0250,1,0,3.8,0.0,3.7,1.30,2.78,74.75,238,238,0,1,1,11.0631,11.4077,0.9126,False,/lustre/fs1/portfolios/coreai/projects/coreai_dlalgo_nemorl/users/sna/SpecDec-RL-main-vllm020-20260606/vllm-runs/qmath_extra_k_20260620/qwen32_math500_osl32k_eagle3_t10_offset0_n1_isl4096_osl32768_bs1_k8_20260620_qmath_extra_eagle3k8_pardk16_pard2k16_qwen32_eagle3_k8
2026-06-22T02:14:42+00:00,3460252,math,qwen32,eagle3,8,1.0,2,4096,32768,COMPLETED,0:0,00:39:46,16:00:00,11.9,2.9750,1,0,3.8,37.0,3.5,1.28,2.59,74.80,220,220,0,1,1,21.5824,14.6578,1.1726,False,/lustre/fs1/portfolios/coreai/projects/coreai_dlalgo_nemorl/users/sna/SpecDec-RL-main-vllm020-20260606/vllm-runs/qmath_extra_k_20260620/qwen32_math500_osl32k_eagle3_t10_offset0_n2_isl4096_osl32768_bs2_k8_20260620_qmath_extra_eagle3k8_pardk16_pard2k16_qwen32_eagle3_k8
2026-06-22T02:14:42+00:00,3460253,math,qwen32,eagle3,8,1.0,4,4096,32768,COMPLETED,0:0,01:05:17,06:00:00,11.8,2.9500,1,0,3.8,32.0,3.4,1.27,2.50,74.29,372,372,0,1,1,35.8902,16.6230,1.3298,False,/lustre/fs1/portfolios/coreai/projects/coreai_dlalgo_nemorl/users/sna/SpecDec-RL-main-vllm020-20260606/vllm-runs/qmath_extra_k_20260620/qwen32_math500_osl32k_eagle3_t10_offset0_n4_isl4096_osl32768_bs4_k8_20260620_qmath_extra_eagle3k8_pardk16_pard2k16_qwen32_eagle3_k8
2026-06-22T02:14:42+00:00,3460254,math,qwen32,eagle3,8,1.0,8,4096,32768,COMPLETED,0:0,01:03:02,08:00:00,15.1,3.7750,1,0,3.9,0.0,7.9,1.63,5.85,73.79,358,358,0,1,1,73.8494,27.7341,2.2187,False,/lustre/fs1/portfolios/coreai/projects/coreai_dlalgo_nemorl/users/sna/SpecDec-RL-main-vllm020-20260606/vllm-runs/qmath_extra_k_20260620/qwen32_math500_osl32k_eagle3_t10_offset0_n8_isl4096_osl32768_bs8_k8_20260620_qmath_extra_eagle3k8_pardk16_pard2k16_qwen32_eagle3_k8
2026-06-22T02:14:42+00:00,3460255,math,qwen32,eagle3,8,1.0,16,4096,32768,COMPLETED,0:0,01:37:12,12:00:00,9.1,2.2750,1,0,3.9,38.1,0.0,1.00,0.00,73.01,487,488,0,1,1,91.9059,23.8034,1.9043,False,/lustre/fs1/portfolios/coreai/projects/coreai_dlalgo_nemorl/users/sna/SpecDec-RL-main-vllm020-20260606/vllm-runs/qmath_extra_k_20260620/qwen32_math500_osl32k_eagle3_t10_offset0_n16_isl4096_osl32768_bs16_k8_20260620_qmath_extra_eagle3k8_pardk16_pard2k16_qwen32_eagle3_k8
2026-06-22T02:14:42+00:00,3460256,math,qwen32,eagle3,8,1.0,32,4096,32768,COMPLETED,0:0,01:40:27,16:00:00,27.9,6.9750,1,0,3.8,33.6,25.0,3.00,18.58,74.32,493,493,0,1,1,196.7770,26.0296,2.0824,False,/lustre/fs1/portfolios/coreai/projects/coreai_dlalgo_nemorl/users/sna/SpecDec-RL-main-vllm020-20260606/vllm-runs/qmath_extra_k_20260620/qwen32_math500_osl32k_eagle3_t10_offset0_n32_isl4096_osl32768_bs32_k8_20260620_qmath_extra_eagle3k8_pardk16_pard2k16_qwen32_eagle3_k8
2026-06-22T02:14:42+00:00,3460320,math,qwen32,pard,16,0.0,1,4096,32768,COMPLETED,0:0,00:30:13,16:00:00,17.2,4.3000,1,0,5.2,43.6,9.6,2.54,10.45,108.80,161,161,0,1,1,21.6483,22.1157,3.5385,False,/lustre/fs1/portfolios/coreai/projects/coreai_dlalgo_nemorl/users/sna/SpecDec-RL-main-vllm020-20260606/vllm-runs/qmath_extra_k_20260620/qwen32_math500_osl32k_pard_t00_offset0_n1_isl4096_osl32768_bs1_k16_20260620_qmath_extra_eagle3k8_pardk16_pard2k16_qwen32_pard_k16
2026-06-22T02:14:42+00:00,3460321,math,qwen32,pard,16,0.0,2,4096,32768,COMPLETED,0:0,00:28:24,16:00:00,50.3,12.5750,1,0,5.2,46.2,39.6,7.33,43.47,109.82,150,150,0,1,1,64.4241,51.3757,8.2201,False,/lustre/fs1/portfolios/coreai/projects/coreai_dlalgo_nemorl/users/sna/SpecDec-RL-main-vllm020-20260606/vllm-runs/qmath_extra_k_20260620/qwen32_math500_osl32k_pard_t00_offset0_n2_isl4096_osl32768_bs2_k16_20260620_qmath_extra_eagle3k8_pardk16_pard2k16_qwen32_pard_k16
2026-06-22T02:14:42+00:00,3460322,math,qwen32,pard,16,0.0,4,4096,32768,COMPLETED,0:0,00:46:31,06:00:00,9.6,2.4000,1,0,5.2,44.8,2.6,1.41,2.79,108.44,259,259,0,1,1,43.6794,15.1259,2.4201,False,/lustre/fs1/portfolios/coreai/projects/coreai_dlalgo_nemorl/users/sna/SpecDec-RL-main-vllm020-20260606/vllm-runs/qmath_extra_k_20260620/qwen32_math500_osl32k_pard_t00_offset0_n4_isl4096_osl32768_bs4_k16_20260620_qmath_extra_eagle3k8_pardk16_pard2k16_qwen32_pard_k16
2026-06-22T02:14:42+00:00,3460325,math,qwen32,pard,16,0.0,8,4096,32768,COMPLETED,0:0,00:47:00,08:00:00,18.9,4.7250,1,0,5.2,46.1,11.3,2.81,12.19,107.83,262,262,0,1,1,101.5217,34.1102,5.4576,False,/lustre/fs1/portfolios/coreai/projects/coreai_dlalgo_nemorl/users/sna/SpecDec-RL-main-vllm020-20260606/vllm-runs/qmath_extra_k_20260620/qwen32_math500_osl32k_pard_t00_offset0_n8_isl4096_osl32768_bs8_k16_20260620_qmath_extra_eagle3k8_pardk16_pard2k16_qwen32_pard_k16
2026-06-22T02:14:42+00:00,3460327,math,qwen32,pard,16,0.0,16,4096,32768,COMPLETED,0:0,01:11:16,12:00:00,11.3,2.8250,1,0,5.2,46.1,4.3,1.69,4.59,106.93,406,406,0,1,1,130.2311,20.9066,3.3451,False,/lustre/fs1/portfolios/coreai/projects/coreai_dlalgo_nemorl/users/sna/SpecDec-RL-main-vllm020-20260606/vllm-runs/qmath_extra_k_20260620/qwen32_math500_osl32k_pard_t00_offset0_n16_isl4096_osl32768_bs16_k16_20260620_qmath_extra_eagle3k8_pardk16_pard2k16_qwen32_pard_k16
2026-06-22T02:14:42+00:00,3460344,math,qwen32,pard,16,0.0,32,4096,32768,COMPLETED,0:0,01:31:34,16:00:00,13.9,3.4750,1,0,5.2,32.5,6.7,2.07,7.19,107.21,494,494,0,1,1,198.2569,22.6118,3.6179,False,/lustre/fs1/portfolios/coreai/projects/coreai_dlalgo_nemorl/users/sna/SpecDec-RL-main-vllm020-20260606/vllm-runs/qmath_extra_k_20260620/qwen32_math500_osl32k_pard_t00_offset0_n32_isl4096_osl32768_bs32_k16_20260620_qmath_extra_eagle3k8_pardk16_pard2k16_qwen32_pard_k16
2026-06-22T02:14:42+00:00,3460346,math,qwen32,pard,16,1.0,1,4096,32768,COMPLETED,0:0,00:58:21,16:00:00,18.2,4.5500,1,0,5.2,43.6,10.4,2.67,11.35,108.99,330,330,0,1,1,14.2184,12.6529,2.0245,False,/lustre/fs1/portfolios/coreai/projects/coreai_dlalgo_nemorl/users/sna/SpecDec-RL-main-vllm020-20260606/vllm-runs/qmath_extra_k_20260620/qwen32_math500_osl32k_pard_t10_offset0_n1_isl4096_osl32768_bs1_k16_20260620_qmath_extra_eagle3k8_pardk16_pard2k16_qwen32_pard_k16
2026-06-22T02:14:42+00:00,3460347,math,qwen32,pard,16,1.0,2,4096,32768,FAILED,1:0,00:01:11,16:00:00,,,,,,,,,,,0,0,3,0,0,,,,,/lustre/fs1/portfolios/coreai/projects/coreai_dlalgo_nemorl/users/sna/SpecDec-RL-main-vllm020-20260606/vllm-runs/qmath_extra_k_20260620/qwen32_math500_osl32k_pard_t10_offset0_n2_isl4096_osl32768_bs2_k16_20260620_qmath_extra_eagle3k8_pardk16_pard2k16_qwen32_pard_k16
2026-06-22T02:14:42+00:00,3460348,math,qwen32,pard,16,1.0,4,4096,32768,FAILED,1:0,00:01:14,06:00:00,,,,,,,,,,,0,0,3,0,0,,,,,/lustre/fs1/portfolios/coreai/projects/coreai_dlalgo_nemorl/users/sna/SpecDec-RL-main-vllm020-20260606/vllm-runs/qmath_extra_k_20260620/qwen32_math500_osl32k_pard_t10_offset0_n4_isl4096_osl32768_bs4_k16_20260620_qmath_extra_eagle3k8_pardk16_pard2k16_qwen32_pard_k16
2026-06-22T02:14:42+00:00,3460349,math,qwen32,pard,16,1.0,8,4096,32768,FAILED,1:0,00:01:13,08:00:00,,,,,,,,,,,0,0,3,0,0,,,,,/lustre/fs1/portfolios/coreai/projects/coreai_dlalgo_nemorl/users/sna/SpecDec-RL-main-vllm020-20260606/vllm-runs/qmath_extra_k_20260620/qwen32_math500_osl32k_pard_t10_offset0_n8_isl4096_osl32768_bs8_k16_20260620_qmath_extra_eagle3k8_pardk16_pard2k16_qwen32_pard_k16
2026-06-22T02:14:42+00:00,3460351,math,qwen32,pard,16,1.0,16,4096,32768,FAILED,1:0,00:01:20,12:00:00,,,,,,,,,,,0,0,3,0,0,,,,,/lustre/fs1/portfolios/coreai/projects/coreai_dlalgo_nemorl/users/sna/SpecDec-RL-main-vllm020-20260606/vllm-runs/qmath_extra_k_20260620/qwen32_math500_osl32k_pard_t10_offset0_n16_isl4096_osl32768_bs16_k16_20260620_qmath_extra_eagle3k8_pardk16_pard2k16_qwen32_pard_k16
2026-06-22T02:14:42+00:00,3460352,math,qwen32,pard,16,1.0,32,4096,32768,FAILED,1:0,00:01:16,16:00:00,,,,,,,,,,,0,0,3,0,0,,,,,/lustre/fs1/portfolios/coreai/projects/coreai_dlalgo_nemorl/users/sna/SpecDec-RL-main-vllm020-20260606/vllm-runs/qmath_extra_k_20260620/qwen32_math500_osl32k_pard_t10_offset0_n32_isl4096_osl32768_bs32_k16_20260620_qmath_extra_eagle3k8_pardk16_pard2k16_qwen32_pard_k16
2026-06-22T02:14:42+00:00,3460257,math,qwen8,eagle3,8,0.0,1,4096,32768,COMPLETED,0:0,00:15:11,16:00:00,42.1,10.5250,1,0,3.7,0.0,19.4,2.55,25.65,132.00,78,78,0,1,1,90.9135,37.7438,3.0195,False,/lustre/fs1/portfolios/coreai/projects/coreai_dlalgo_nemorl/users/sna/SpecDec-RL-main-vllm020-20260606/vllm-runs/qmath_extra_k_20260620/qwen8_math500_osl32k_eagle3_t00_offset0_n1_isl4096_osl32768_bs1_k8_20260620_qmath_extra_eagle3k8_pardk16_pard2k16_qwen8_eagle3_k8
2026-06-22T02:14:42+00:00,3460258,math,qwen8,eagle3,8,0.0,2,4096,32768,COMPLETED,0:0,00:16:03,16:00:00,52.0,13.0000,1,0,3.7,37.0,27.1,3.17,35.60,131.27,83,83,0,1,1,156.7744,36.6112,2.9289,False,/lustre/fs1/portfolios/coreai/projects/coreai_dlalgo_nemorl/users/sna/SpecDec-RL-main-vllm020-20260606/vllm-runs/qmath_extra_k_20260620/qwen8_math500_osl32k_eagle3_t00_offset0_n2_isl4096_osl32768_bs2_k8_20260620_qmath_extra_eagle3k8_pardk16_pard2k16_qwen8_eagle3_k8
2026-06-22T02:14:42+00:00,3460259,math,qwen8,eagle3,8,0.0,4,4096,32768,COMPLETED,0:0,00:24:41,06:00:00,21.7,5.4250,1,0,3.7,32.0,4.1,1.33,5.37,130.51,135,135,0,1,1,193.2427,32.7122,2.6170,False,/lustre/fs1/portfolios/coreai/projects/coreai_dlalgo_nemorl/users/sna/SpecDec-RL-main-vllm020-20260606/vllm-runs/qmath_extra_k_20260620/qwen8_math500_osl32k_eagle3_t00_offset0_n4_isl4096_osl32768_bs4_k8_20260620_qmath_extra_eagle3k8_pardk16_pard2k16_qwen8_eagle3_k8
2026-06-22T02:14:42+00:00,3460260,math,qwen8,eagle3,8,0.0,8,4096,32768,COMPLETED,0:0,00:22:23,08:00:00,34.0,8.5000,1,0,3.7,37.5,13.7,2.09,17.75,130.04,121,121,0,1,1,468.6981,35.7338,2.8587,False,/lustre/fs1/portfolios/coreai/projects/coreai_dlalgo_nemorl/users/sna/SpecDec-RL-main-vllm020-20260606/vllm-runs/qmath_extra_k_20260620/qwen8_math500_osl32k_eagle3_t00_offset0_n8_isl4096_osl32768_bs8_k8_20260620_qmath_extra_eagle3k8_pardk16_pard2k16_qwen8_eagle3_k8
2026-06-22T02:14:42+00:00,3460261,math,qwen8,eagle3,8,0.0,16,4096,32768,COMPLETED,0:0,00:25:36,12:00:00,70.5,17.6250,1,0,3.7,38.1,19.5,2.56,43.03,220.73,139,139,0,1,1,745.7822,36.0350,2.8828,False,/lustre/fs1/portfolios/coreai/projects/coreai_dlalgo_nemorl/users/sna/SpecDec-RL-main-vllm020-20260606/vllm-runs/qmath_extra_k_20260620/qwen8_math500_osl32k_eagle3_t00_offset0_n16_isl4096_osl32768_bs16_k8_20260620_qmath_extra_eagle3k8_pardk16_pard2k16_qwen8_eagle3_k8
2026-06-22T02:14:42+00:00,3460265,math,qwen8,eagle3,8,0.0,32,4096,32768,COMPLETED,0:0,00:34:08,16:00:00,66.1,16.5250,1,0,3.7,0.0,14.9,2.19,35.98,241.58,190,190,0,1,1,1105.7518,33.7542,2.7003,False,/lustre/fs1/portfolios/coreai/projects/coreai_dlalgo_nemorl/users/sna/SpecDec-RL-main-vllm020-20260606/vllm-runs/qmath_extra_k_20260620/qwen8_math500_osl32k_eagle3_t00_offset0_n32_isl4096_osl32768_bs32_k8_20260620_qmath_extra_eagle3k8_pardk16_pard2k16_qwen8_eagle3_k8
2026-06-22T02:14:42+00:00,3460268,math,qwen8,eagle3,8,1.0,1,4096,32768,COMPLETED,0:0,00:14:57,16:00:00,50.9,12.7250,1,0,3.7,0.0,25.9,3.07,34.34,132.59,76,76,0,1,1,79.7124,39.0853,3.1268,False,/lustre/fs1/portfolios/coreai/projects/coreai_dlalgo_nemorl/users/sna/SpecDec-RL-main-vllm020-20260606/vllm-runs/qmath_extra_k_20260620/qwen8_math500_osl32k_eagle3_t10_offset0_n1_isl4096_osl32768_bs1_k8_20260620_qmath_extra_eagle3k8_pardk16_pard2k16_qwen8_eagle3_k8
2026-06-22T02:14:42+00:00,3460269,math,qwen8,eagle3,8,1.0,2,4096,32768,COMPLETED,0:0,00:20:56,16:00:00,46.2,11.5500,1,0,3.7,0.0,22.7,2.81,29.77,131.41,111,111,0,1,1,125.9569,31.2757,2.5021,False,/lustre/fs1/portfolios/coreai/projects/coreai_dlalgo_nemorl/users/sna/SpecDec-RL-main-vllm020-20260606/vllm-runs/qmath_extra_k_20260620/qwen8_math500_osl32k_eagle3_t10_offset0_n2_isl4096_osl32768_bs2_k8_20260620_qmath_extra_eagle3k8_pardk16_pard2k16_qwen8_eagle3_k8
2026-06-22T02:14:42+00:00,3460270,math,qwen8,eagle3,8,1.0,4,4096,32768,COMPLETED,0:0,00:40:06,06:00:00,16.2,4.0500,1,0,3.7,0.0,0.0,1.00,0.00,129.96,227,227,0,1,1,79.3074,16.7147,1.3372,False,/lustre/fs1/portfolios/coreai/projects/coreai_dlalgo_nemorl/users/sna/SpecDec-RL-main-vllm020-20260606/vllm-runs/qmath_extra_k_20260620/qwen8_math500_osl32k_eagle3_t10_offset0_n4_isl4096_osl32768_bs4_k8_20260620_qmath_extra_eagle3k8_pardk16_pard2k16_qwen8_eagle3_k8
2026-06-22T02:14:42+00:00,3460271,math,qwen8,eagle3,8,1.0,8,4096,32768,COMPLETED,0:0,00:31:59,08:00:00,32.3,8.0750,1,0,3.7,0.0,12.5,2.00,16.14,129.09,177,177,0,1,1,369.9879,31.7596,2.5408,False,/lustre/fs1/portfolios/coreai/projects/coreai_dlalgo_nemorl/users/sna/SpecDec-RL-main-vllm020-20260606/vllm-runs/qmath_extra_k_20260620/qwen8_math500_osl32k_eagle3_t10_offset0_n8_isl4096_osl32768_bs8_k8_20260620_qmath_extra_eagle3k8_pardk16_pard2k16_qwen8_eagle3_k8
2026-06-22T02:14:42+00:00,3460274,math,qwen8,eagle3,8,1.0,16,4096,32768,COMPLETED,0:0,00:36:51,12:00:00,16.1,4.0250,1,0,3.7,38.1,0.0,1.00,0.00,129.07,207,207,0,1,1,448.2063,29.2557,2.3405,False,/lustre/fs1/portfolios/coreai/projects/coreai_dlalgo_nemorl/users/sna/SpecDec-RL-main-vllm020-20260606/vllm-runs/qmath_extra_k_20260620/qwen8_math500_osl32k_eagle3_t10_offset0_n16_isl4096_osl32768_bs16_k8_20260620_qmath_extra_eagle3k8_pardk16_pard2k16_qwen8_eagle3_k8
2026-06-22T02:14:42+00:00,3460279,math,qwen8,eagle3,8,1.0,32,4096,32768,COMPLETED,0:0,00:43:45,16:00:00,26.3,6.5750,1,0,3.7,30.2,7.8,1.62,10.09,129.49,248,248,0,1,1,887.4152,28.3518,2.2681,False,/lustre/fs1/portfolios/coreai/projects/coreai_dlalgo_nemorl/users/sna/SpecDec-RL-main-vllm020-20260606/vllm-runs/qmath_extra_k_20260620/qwen8_math500_osl32k_eagle3_t10_offset0_n32_isl4096_osl32768_bs32_k8_20260620_qmath_extra_eagle3k8_pardk16_pard2k16_qwen8_eagle3_k8
2026-06-22T02:14:42+00:00,3460401,math,qwen8,pard2,16,0.0,1,4096,32768,COMPLETED,0:0,01:10:12,16:00:00,10.0,2.5000,1,0,6.4,43.6,0.0,1.00,0.00,159.45,406,406,0,1,1,15.6875,0.0074,0.0012,False,/lustre/fs1/portfolios/coreai/projects/coreai_dlalgo_nemorl/users/sna/SpecDec-RL-main-vllm020-20260606/vllm-runs/qmath_extra_k_20260620/qwen8_math500_osl32k_pard2_t00_offset0_n1_isl4096_osl32768_bs1_k16_20260620_qmath_extra_eagle3k8_pardk16_pard2k16_qwen8_pard2_k16
2026-06-22T02:14:42+00:00,3460402,math,qwen8,pard2,16,0.0,2,4096,32768,COMPLETED,0:0,01:13:45,16:00:00,9.9,2.4750,1,0,6.4,46.2,0.0,1.00,0.00,157.87,428,428,0,1,1,30.1410,0.0320,0.0051,False,/lustre/fs1/portfolios/coreai/projects/coreai_dlalgo_nemorl/users/sna/SpecDec-RL-main-vllm020-20260606/vllm-runs/qmath_extra_k_20260620/qwen8_math500_osl32k_pard2_t00_offset0_n2_isl4096_osl32768_bs2_k16_20260620_qmath_extra_eagle3k8_pardk16_pard2k16_qwen8_pard2_k16
2026-06-22T02:14:42+00:00,3460403,math,qwen8,pard2,16,0.0,4,4096,32768,COMPLETED,0:0,01:15:37,06:00:00,19.5,4.8750,2,0,12.7,44.8,0.0,1.00,0.00,312.56,439,439,0,1,1,58.7047,0.0372,0.0060,False,/lustre/fs1/portfolios/coreai/projects/coreai_dlalgo_nemorl/users/sna/SpecDec-RL-main-vllm020-20260606/vllm-runs/qmath_extra_k_20260620/qwen8_math500_osl32k_pard2_t00_offset0_n4_isl4096_osl32768_bs4_k16_20260620_qmath_extra_eagle3k8_pardk16_pard2k16_qwen8_pard2_k16
2026-06-22T02:14:42+00:00,3460404,math,qwen8,pard2,16,0.0,8,4096,32768,COMPLETED,0:0,01:21:03,08:00:00,62.4,15.6000,5,0,31.8,46.1,0.0,1.00,0.00,998.48,471,471,0,1,1,109.0906,0.0476,0.0076,False,/lustre/fs1/portfolios/coreai/projects/coreai_dlalgo_nemorl/users/sna/SpecDec-RL-main-vllm020-20260606/vllm-runs/qmath_extra_k_20260620/qwen8_math500_osl32k_pard2_t00_offset0_n8_isl4096_osl32768_bs8_k16_20260620_qmath_extra_eagle3k8_pardk16_pard2k16_qwen8_pard2_k16
2026-06-22T02:14:42+00:00,3460405,math,qwen8,pard2,16,0.0,16,4096,32768,COMPLETED,0:0,01:40:20,12:00:00,89.7,22.4250,8,0,51.0,46.1,0.0,1.00,0.00,1434.88,496,496,0,1,1,179.5415,0.0490,0.0078,False,/lustre/fs1/portfolios/coreai/projects/coreai_dlalgo_nemorl/users/sna/SpecDec-RL-main-vllm020-20260606/vllm-runs/qmath_extra_k_20260620/qwen8_math500_osl32k_pard2_t00_offset0_n16_isl4096_osl32768_bs16_k16_20260620_qmath_extra_eagle3k8_pardk16_pard2k16_qwen8_pard2_k16
2026-06-22T02:14:42+00:00,3460406,math,qwen8,pard2,16,0.0,32,4096,32768,COMPLETED,0:0,03:12:08,16:00:00,9.7,2.4250,1,0,6.4,18.9,0.0,1.00,0.00,155.24,497,497,0,1,1,183.6793,0.0725,0.0116,False,/lustre/fs1/portfolios/coreai/projects/coreai_dlalgo_nemorl/users/sna/SpecDec-RL-main-vllm020-20260606/vllm-runs/qmath_extra_k_20260620/qwen8_math500_osl32k_pard2_t00_offset0_n32_isl4096_osl32768_bs32_k16_20260620_qmath_extra_eagle3k8_pardk16_pard2k16_qwen8_pard2_k16
2026-06-22T02:14:42+00:00,3460408,math,qwen8,pard2,16,1.0,1,4096,32768,COMPLETED,0:0,01:13:22,16:00:00,9.9,2.4750,1,0,6.4,43.6,0.0,1.00,0.00,159.02,426,426,0,1,1,14.9464,0.0080,0.0013,False,/lustre/fs1/portfolios/coreai/projects/coreai_dlalgo_nemorl/users/sna/SpecDec-RL-main-vllm020-20260606/vllm-runs/qmath_extra_k_20260620/qwen8_math500_osl32k_pard2_t10_offset0_n1_isl4096_osl32768_bs1_k16_20260620_qmath_extra_eagle3k8_pardk16_pard2k16_qwen8_pard2_k16
2026-06-22T02:14:42+00:00,3460409,math,qwen8,pard2,16,1.0,2,4096,32768,COMPLETED,0:0,01:13:07,16:00:00,9.7,2.4250,1,0,6.4,46.2,0.0,1.00,0.00,155.85,424,424,0,1,1,30.6598,0.0411,0.0066,False,/lustre/fs1/portfolios/coreai/projects/coreai_dlalgo_nemorl/users/sna/SpecDec-RL-main-vllm020-20260606/vllm-runs/qmath_extra_k_20260620/qwen8_math500_osl32k_pard2_t10_offset0_n2_isl4096_osl32768_bs2_k16_20260620_qmath_extra_eagle3k8_pardk16_pard2k16_qwen8_pard2_k16
2026-06-22T02:14:42+00:00,3460410,math,qwen8,pard2,16,1.0,4,4096,32768,COMPLETED,0:0,01:16:05,06:00:00,29.2,7.3000,3,0,19.1,44.8,0.0,1.00,0.00,467.74,442,442,0,1,1,59.6915,0.0226,0.0036,False,/lustre/fs1/portfolios/coreai/projects/coreai_dlalgo_nemorl/users/sna/SpecDec-RL-main-vllm020-20260606/vllm-runs/qmath_extra_k_20260620/qwen8_math500_osl32k_pard2_t10_offset0_n4_isl4096_osl32768_bs4_k16_20260620_qmath_extra_eagle3k8_pardk16_pard2k16_qwen8_pard2_k16
2026-06-22T02:14:42+00:00,3460411,math,qwen8,pard2,16,1.0,8,4096,32768,COMPLETED,0:0,01:20:42,08:00:00,29.5,7.3750,0,0,0.0,46.1,0.0,1.00,0.00,472.08,470,470,0,1,1,111.4822,0.0961,0.0154,False,/lustre/fs1/portfolios/coreai/projects/coreai_dlalgo_nemorl/users/sna/SpecDec-RL-main-vllm020-20260606/vllm-runs/qmath_extra_k_20260620/qwen8_math500_osl32k_pard2_t10_offset0_n8_isl4096_osl32768_bs8_k16_20260620_qmath_extra_eagle3k8_pardk16_pard2k16_qwen8_pard2_k16
2026-06-22T02:14:42+00:00,3460412,math,qwen8,pard2,16,1.0,16,4096,32768,COMPLETED,0:0,01:37:41,12:00:00,74.9,18.7250,5,0,31.9,46.1,0.0,1.00,0.00,1197.78,496,496,0,1,1,183.1437,0.0445,0.0071,False,/lustre/fs1/portfolios/coreai/projects/coreai_dlalgo_nemorl/users/sna/SpecDec-RL-main-vllm020-20260606/vllm-runs/qmath_extra_k_20260620/qwen8_math500_osl32k_pard2_t10_offset0_n16_isl4096_osl32768_bs16_k16_20260620_qmath_extra_eagle3k8_pardk16_pard2k16_qwen8_pard2_k16
2026-06-22T02:14:42+00:00,3460413,math,qwen8,pard2,16,1.0,32,4096,32768,COMPLETED,0:0,03:15:50,16:00:00,9.8,2.4500,1,0,6.4,21.8,0.0,1.00,0.00,157.17,497,497,0,1,1,180.0199,0.0954,0.0153,False,/lustre/fs1/portfolios/coreai/projects/coreai_dlalgo_nemorl/users/sna/SpecDec-RL-main-vllm020-20260606/vllm-runs/qmath_extra_k_20260620/qwen8_math500_osl32k_pard2_t10_offset0_n32_isl4096_osl32768_bs32_k16_20260620_qmath_extra_eagle3k8_pardk16_pard2k16_qwen8_pard2_k16
2026-06-22T02:14:42+00:00,3460353,math,qwen8,pard,16,0.0,1,4096,32768,FAILED,1:0,00:01:14,16:00:00,,,,,,,,,,,0,0,3,0,0,,,,,/lustre/fs1/portfolios/coreai/projects/coreai_dlalgo_nemorl/users/sna/SpecDec-RL-main-vllm020-20260606/vllm-runs/qmath_extra_k_20260620/qwen8_math500_osl32k_pard_t00_offset0_n1_isl4096_osl32768_bs1_k16_20260620_qmath_extra_eagle3k8_pardk16_pard2k16_qwen8_pard_k16
2026-06-22T02:14:42+00:00,3460355,math,qwen8,pard,16,0.0,2,4096,32768,FAILED,1:0,00:01:18,16:00:00,,,,,,,,,,,0,0,3,0,0,,,,,/lustre/fs1/portfolios/coreai/projects/coreai_dlalgo_nemorl/users/sna/SpecDec-RL-main-vllm020-20260606/vllm-runs/qmath_extra_k_20260620/qwen8_math500_osl32k_pard_t00_offset0_n2_isl4096_osl32768_bs2_k16_20260620_qmath_extra_eagle3k8_pardk16_pard2k16_qwen8_pard_k16
2026-06-22T02:14:42+00:00,3460357,math,qwen8,pard,16,0.0,4,4096,32768,FAILED,1:0,00:01:16,06:00:00,,,,,,,,,,,0,0,3,0,0,,,,,/lustre/fs1/portfolios/coreai/projects/coreai_dlalgo_nemorl/users/sna/SpecDec-RL-main-vllm020-20260606/vllm-runs/qmath_extra_k_20260620/qwen8_math500_osl32k_pard_t00_offset0_n4_isl4096_osl32768_bs4_k16_20260620_qmath_extra_eagle3k8_pardk16_pard2k16_qwen8_pard_k16
2026-06-22T02:14:42+00:00,3460359,math,qwen8,pard,16,0.0,8,4096,32768,FAILED,1:0,00:01:17,08:00:00,,,,,,,,,,,0,0,3,0,0,,,,,/lustre/fs1/portfolios/coreai/projects/coreai_dlalgo_nemorl/users/sna/SpecDec-RL-main-vllm020-20260606/vllm-runs/qmath_extra_k_20260620/qwen8_math500_osl32k_pard_t00_offset0_n8_isl4096_osl32768_bs8_k16_20260620_qmath_extra_eagle3k8_pardk16_pard2k16_qwen8_pard_k16
2026-06-22T02:14:42+00:00,3460360,math,qwen8,pard,16,0.0,16,4096,32768,FAILED,1:0,00:01:14,12:00:00,,,,,,,,,,,0,0,3,0,0,,,,,/lustre/fs1/portfolios/coreai/projects/coreai_dlalgo_nemorl/users/sna/SpecDec-RL-main-vllm020-20260606/vllm-runs/qmath_extra_k_20260620/qwen8_math500_osl32k_pard_t00_offset0_n16_isl4096_osl32768_bs16_k16_20260620_qmath_extra_eagle3k8_pardk16_pard2k16_qwen8_pard_k16
2026-06-22T02:14:42+00:00,3460361,math,qwen8,pard,16,0.0,32,4096,32768,FAILED,1:0,00:01:13,16:00:00,,,,,,,,,,,0,0,3,0,0,,,,,/lustre/fs1/portfolios/coreai/projects/coreai_dlalgo_nemorl/users/sna/SpecDec-RL-main-vllm020-20260606/vllm-runs/qmath_extra_k_20260620/qwen8_math500_osl32k_pard_t00_offset0_n32_isl4096_osl32768_bs32_k16_20260620_qmath_extra_eagle3k8_pardk16_pard2k16_qwen8_pard_k16
2026-06-22T02:14:42+00:00,3460362,math,qwen8,pard,16,1.0,1,4096,32768,COMPLETED,0:0,00:25:36,16:00:00,33.8,8.4500,1,0,6.2,43.6,15.1,3.41,23.87,158.23,140,140,0,1,1,75.3772,26.5118,4.2419,False,/lustre/fs1/portfolios/coreai/projects/coreai_dlalgo_nemorl/users/sna/SpecDec-RL-main-vllm020-20260606/vllm-runs/qmath_extra_k_20260620/qwen8_math500_osl32k_pard_t10_offset0_n1_isl4096_osl32768_bs1_k16_20260620_qmath_extra_eagle3k8_pardk16_pard2k16_qwen8_pard_k16
2026-06-22T02:14:42+00:00,3460363,math,qwen8,pard,16,1.0,2,4096,32768,COMPLETED,0:0,00:32:20,16:00:00,22.0,5.5000,1,0,6.2,46.2,7.6,2.22,12.11,158.76,180,180,0,1,1,80.6462,18.0607,2.8897,False,/lustre/fs1/portfolios/coreai/projects/coreai_dlalgo_nemorl/users/sna/SpecDec-RL-main-vllm020-20260606/vllm-runs/qmath_extra_k_20260620/qwen8_math500_osl32k_pard_t10_offset0_n2_isl4096_osl32768_bs2_k16_20260620_qmath_extra_eagle3k8_pardk16_pard2k16_qwen8_pard_k16
2026-06-22T02:14:42+00:00,3460364,math,qwen8,pard,16,1.0,4,4096,32768,COMPLETED,0:0,00:41:16,06:00:00,27.5,6.8750,1,0,6.2,44.8,11.2,2.79,17.65,157.97,234,234,0,1,1,120.6797,15.8800,2.5408,False,/lustre/fs1/portfolios/coreai/projects/coreai_dlalgo_nemorl/users/sna/SpecDec-RL-main-vllm020-20260606/vllm-runs/qmath_extra_k_20260620/qwen8_math500_osl32k_pard_t10_offset0_n4_isl4096_osl32768_bs4_k16_20260620_qmath_extra_eagle3k8_pardk16_pard2k16_qwen8_pard_k16
2026-06-22T02:14:42+00:00,3460365,math,qwen8,pard,16,1.0,8,4096,32768,COMPLETED,0:0,01:21:40,08:00:00,9.8,2.4500,1,0,6.2,46.1,0.0,1.00,0.00,157.41,476,476,0,1,1,106.8046,12.6149,2.0184,False,/lustre/fs1/portfolios/coreai/projects/coreai_dlalgo_nemorl/users/sna/SpecDec-RL-main-vllm020-20260606/vllm-runs/qmath_extra_k_20260620/qwen8_math500_osl32k_pard_t10_offset0_n8_isl4096_osl32768_bs8_k16_20260620_qmath_extra_eagle3k8_pardk16_pard2k16_qwen8_pard_k16
2026-06-22T02:14:42+00:00,3460368,math,qwen8,pard,16,1.0,16,4096,32768,COMPLETED,0:0,01:05:50,12:00:00,12.4,3.1000,1,0,6.2,46.1,1.7,1.27,2.59,156.17,380,380,0,1,1,254.2543,12.3305,1.9729,False,/lustre/fs1/portfolios/coreai/projects/coreai_dlalgo_nemorl/users/sna/SpecDec-RL-main-vllm020-20260606/vllm-runs/qmath_extra_k_20260620/qwen8_math500_osl32k_pard_t10_offset0_n16_isl4096_osl32768_bs16_k16_20260620_qmath_extra_eagle3k8_pardk16_pard2k16_qwen8_pard_k16
2026-06-22T02:14:42+00:00,3460385,math,qwen8,pard,16,1.0,32,4096,32768,COMPLETED,0:0,01:55:43,16:00:00,9.7,2.4250,1,0,6.2,27.4,0.0,1.00,0.00,155.03,496,496,0,1,1,300.5659,10.5782,1.6925,False,/lustre/fs1/portfolios/coreai/projects/coreai_dlalgo_nemorl/users/sna/SpecDec-RL-main-vllm020-20260606/vllm-runs/qmath_extra_k_20260620/qwen8_math500_osl32k_pard_t10_offset0_n32_isl4096_osl32768_bs32_k16_20260620_qmath_extra_eagle3k8_pardk16_pard2k16_qwen8_pard_k16
