checked_at,job_id,method_detail,state,live_generation_tok_s,live_generation_samples,live_speedup_vs_baseline,live_mean_acceptance_length,live_accepted_tok_s,live_drafted_tok_s,live_draft_acceptance_pct,live_spec_samples,latest_generation_line,latest_spec_line,logs_dir
2026-06-13T07:09:36+02:00,3288484,baseline,RUNNING,7.54,5,1.000,,,,,0,"INFO 06-12 22:09:27 [loggers.py:271] Engine 000: Avg prompt throughput: 0.0 tokens/s, Avg generation throughput: 7.5 tokens/s, Running: 1 reqs, Waiting: 0 reqs, GPU KV cache usage: 1.4%, Prefix cache hit rate: 0.0%",,/lustre/fs1/portfolios/coreai/projects/coreai_dlalgo_nemorl/users/sna/SpecDec-RL-main-vllm020-20260606/vllm-runs/qwen235b_a22b_math500_osl32k_oci_tp4_fp8kv_baseline_offset0_n4_isl4096_osl32768_bs1_2_k0_20260613_oci_math
2026-06-13T07:09:38+02:00,3288487,suffix_k32,FAILED,,0,,,,,,0,,,/lustre/fs1/portfolios/coreai/projects/coreai_dlalgo_nemorl/users/sna/SpecDec-RL-main-vllm020-20260606/vllm-runs/qwen235b_a22b_math500_osl32k_oci_tp4_fp8kv_suffix_offset0_n4_isl4096_osl32768_bs1_2_k32_20260613_oci_math
2026-06-13T07:09:40+02:00,3288488,pard_k5,RUNNING,31.26,5,4.146,4.89,24.89,31.95,77.86,5,"INFO 06-12 22:09:37 [loggers.py:271] Engine 000: Avg prompt throughput: 0.0 tokens/s, Avg generation throughput: 29.5 tokens/s, Running: 1 reqs, Waiting: 0 reqs, GPU KV cache usage: 1.0%, Prefix cache hit rate: 21.1%","INFO 06-12 22:09:37 [metrics.py:101] SpecDecoding metrics: Mean acceptance length: 4.61, Accepted throughput: 23.10 tokens/s, Drafted throughput: 32.00 tokens/s, Accepted: 231 tokens, Drafted: 320 tokens, Per-position acceptance rate: 1.000, 0.984, 0.797, 0.609, 0.219, Avg Draft acceptance rate: 72.2%",/lustre/fs1/portfolios/coreai/projects/coreai_dlalgo_nemorl/users/sna/SpecDec-RL-main-vllm020-20260606/vllm-runs/qwen235b_a22b_math500_osl32k_oci_tp4_fp8kv_pard_offset0_n4_isl4096_osl32768_bs1_2_k5_20260613_oci_math
2026-06-13T07:09:41+02:00,3288490,official_pard2_k1,RUNNING,6.80,5,0.902,1.05,0.30,6.49,4.56,5,"INFO 06-12 22:09:32 [loggers.py:271] Engine 000: Avg prompt throughput: 0.0 tokens/s, Avg generation throughput: 6.8 tokens/s, Running: 1 reqs, Waiting: 0 reqs, GPU KV cache usage: 1.9%, Prefix cache hit rate: 0.0%","INFO 06-12 22:09:32 [metrics.py:101] SpecDecoding metrics: Mean acceptance length: 1.05, Accepted throughput: 0.30 tokens/s, Drafted throughput: 6.48 tokens/s, Accepted: 3 tokens, Drafted: 65 tokens, Per-position acceptance rate: 0.046, Avg Draft acceptance rate: 4.6%",/lustre/fs1/portfolios/coreai/projects/coreai_dlalgo_nemorl/users/sna/SpecDec-RL-main-vllm020-20260606/vllm-runs/qwen235b_a22b_math500_osl32k_oci_tp4_fp8kv_pard2_offset0_n4_isl4096_osl32768_bs1_2_k1_20260613_oci_math
2026-06-13T07:09:43+02:00,3288491,eagle3_k3,RUNNING,22.36,5,2.966,2.90,14.65,23.13,63.30,5,"INFO 06-12 22:09:37 [loggers.py:271] Engine 000: Avg prompt throughput: 0.0 tokens/s, Avg generation throughput: 22.3 tokens/s, Running: 1 reqs, Waiting: 0 reqs, GPU KV cache usage: 1.0%, Prefix cache hit rate: 14.0%","INFO 06-12 22:09:37 [metrics.py:101] SpecDecoding metrics: Mean acceptance length: 2.88, Accepted throughput: 14.57 tokens/s, Drafted throughput: 23.20 tokens/s, Accepted: 147 tokens, Drafted: 234 tokens, Per-position acceptance rate: 0.936, 0.705, 0.244, Avg Draft acceptance rate: 62.8%",/lustre/fs1/portfolios/coreai/projects/coreai_dlalgo_nemorl/users/sna/SpecDec-RL-main-vllm020-20260606/vllm-runs/qwen235b_a22b_math500_osl32k_oci_tp4_fp8kv_eagle3_offset0_n4_isl4096_osl32768_bs1_2_k3_20260613_oci_math
2026-06-13T07:09:44+02:00,3288594,suffix_k32,RUNNING,36.64,5,4.859,2.31,20.39,54.17,36.52,5,"INFO 06-12 22:09:37 [loggers.py:271] Engine 000: Avg prompt throughput: 0.0 tokens/s, Avg generation throughput: 35.3 tokens/s, Running: 2 reqs, Waiting: 0 reqs, GPU KV cache usage: 0.2%, Prefix cache hit rate: 43.5%","INFO 06-12 22:09:37 [metrics.py:101] SpecDecoding metrics: Mean acceptance length: 2.20, Accepted throughput: 19.09 tokens/s, Drafted throughput: 57.38 tokens/s, Accepted: 193 tokens, Drafted: 580 tokens, Per-position acceptance rate: 0.522, 0.298, 0.155, 0.093, 0.050, 0.043, 0.025, 0.006, 0.006, 0.000, 0.000, 0.000, 0.000, 0.000, 0.000, 0.000, 0.000, 0.000, 0.000, 0.000, 0.000, 0.000, 0.000, 0.000, 0.000, 0.000, 0.000, 0.000, 0.000, 0.000, 0.000, 0.000, Avg Draft acceptance rate: 33.3%",/lustre/fs1/portfolios/coreai/projects/coreai_dlalgo_nemorl/users/sna/SpecDec-RL-main-vllm020-20260606/vllm-runs/qwen235b_a22b_math500_osl32k_oci_tp4_fp8kv_suffix_offset0_n4_isl4096_osl32768_bs1_2_k32_20260613_oci_math_suffix_py312_retry1
2026-06-13T07:09:46+02:00,3288918,pard_k9,RUNNING,18.84,5,2.499,2.92,12.41,58.17,21.34,5,"INFO 06-12 22:09:42 [loggers.py:271] Engine 000: Avg prompt throughput: 0.0 tokens/s, Avg generation throughput: 18.2 tokens/s, Running: 1 reqs, Waiting: 0 reqs, GPU KV cache usage: 2.0%, Prefix cache hit rate: 0.0%","INFO 06-12 22:09:42 [metrics.py:101] SpecDecoding metrics: Mean acceptance length: 2.82, Accepted throughput: 11.73 tokens/s, Drafted throughput: 58.14 tokens/s, Accepted: 118 tokens, Drafted: 585 tokens, Per-position acceptance rate: 0.877, 0.738, 0.138, 0.031, 0.015, 0.015, 0.000, 0.000, 0.000, Avg Draft acceptance rate: 20.2%",/lustre/fs1/portfolios/coreai/projects/coreai_dlalgo_nemorl/users/sna/SpecDec-RL-main-vllm020-20260606/vllm-runs/qwen235b_a22b_math500_osl32k_oci_tp4_fp8kv_pard_offset0_n4_isl4096_osl32768_bs1_2_k9_20260613_oci_math_drafter_k9
2026-06-13T07:09:48+02:00,3288922,official_pard2_k9,RUNNING,6.88,5,0.912,1.04,0.28,59.38,0.46,5,"INFO 06-12 22:09:42 [loggers.py:271] Engine 000: Avg prompt throughput: 0.0 tokens/s, Avg generation throughput: 6.8 tokens/s, Running: 1 reqs, Waiting: 0 reqs, GPU KV cache usage: 0.4%, Prefix cache hit rate: 0.0%","INFO 06-12 22:09:42 [metrics.py:101] SpecDecoding metrics: Mean acceptance length: 1.03, Accepted throughput: 0.20 tokens/s, Drafted throughput: 59.67 tokens/s, Accepted: 2 tokens, Drafted: 603 tokens, Per-position acceptance rate: 0.030, 0.000, 0.000, 0.000, 0.000, 0.000, 0.000, 0.000, 0.000, Avg Draft acceptance rate: 0.3%",/lustre/fs1/portfolios/coreai/projects/coreai_dlalgo_nemorl/users/sna/SpecDec-RL-main-vllm020-20260606/vllm-runs/qwen235b_a22b_math500_osl32k_oci_tp4_fp8kv_pard2_offset0_n4_isl4096_osl32768_bs1_2_k9_20260613_oci_math_drafter_k9
2026-06-13T07:09:49+02:00,3288926,eagle3_k9,RUNNING,23.74,5,3.149,3.38,16.70,63.31,26.38,5,"INFO 06-12 22:09:42 [loggers.py:271] Engine 000: Avg prompt throughput: 0.0 tokens/s, Avg generation throughput: 24.7 tokens/s, Running: 1 reqs, Waiting: 0 reqs, GPU KV cache usage: 1.0%, Prefix cache hit rate: 0.0%","INFO 06-12 22:09:42 [metrics.py:101] SpecDecoding metrics: Mean acceptance length: 3.52, Accepted throughput: 17.66 tokens/s, Drafted throughput: 63.03 tokens/s, Accepted: 179 tokens, Drafted: 639 tokens, Per-position acceptance rate: 0.958, 0.930, 0.479, 0.155, 0.000, 0.000, 0.000, 0.000, 0.000, Avg Draft acceptance rate: 28.0%",/lustre/fs1/portfolios/coreai/projects/coreai_dlalgo_nemorl/users/sna/SpecDec-RL-main-vllm020-20260606/vllm-runs/qwen235b_a22b_math500_osl32k_oci_tp4_fp8kv_eagle3_offset0_n4_isl4096_osl32768_bs1_2_k9_20260613_oci_math_drafter_k9
2026-06-13T07:09:51+02:00,3288919,pard_k11,RUNNING,18.10,5,2.401,2.86,11.77,69.65,16.92,5,"INFO 06-12 22:09:44 [loggers.py:271] Engine 000: Avg prompt throughput: 0.0 tokens/s, Avg generation throughput: 18.8 tokens/s, Running: 1 reqs, Waiting: 0 reqs, GPU KV cache usage: 1.9%, Prefix cache hit rate: 0.0%","INFO 06-12 22:09:44 [metrics.py:101] SpecDecoding metrics: Mean acceptance length: 2.97, Accepted throughput: 12.47 tokens/s, Drafted throughput: 69.70 tokens/s, Accepted: 126 tokens, Drafted: 704 tokens, Per-position acceptance rate: 0.781, 0.672, 0.234, 0.156, 0.062, 0.062, 0.000, 0.000, 0.000, 0.000, 0.000, Avg Draft acceptance rate: 17.9%",/lustre/fs1/portfolios/coreai/projects/coreai_dlalgo_nemorl/users/sna/SpecDec-RL-main-vllm020-20260606/vllm-runs/qwen235b_a22b_math500_osl32k_oci_tp4_fp8kv_pard_offset0_n4_isl4096_osl32768_bs1_2_k11_20260613_oci_math_drafter_k11
2026-06-13T07:09:52+02:00,3288921,official_pard2_k11,RUNNING,6.88,5,0.912,1.05,0.32,72.10,0.44,5,"INFO 06-12 22:09:46 [loggers.py:271] Engine 000: Avg prompt throughput: 0.0 tokens/s, Avg generation throughput: 6.9 tokens/s, Running: 1 reqs, Waiting: 0 reqs, GPU KV cache usage: 0.4%, Prefix cache hit rate: 0.0%","INFO 06-12 22:09:46 [metrics.py:101] SpecDecoding metrics: Mean acceptance length: 1.05, Accepted throughput: 0.30 tokens/s, Drafted throughput: 72.35 tokens/s, Accepted: 3 tokens, Drafted: 726 tokens, Per-position acceptance rate: 0.030, 0.015, 0.000, 0.000, 0.000, 0.000, 0.000, 0.000, 0.000, 0.000, 0.000, Avg Draft acceptance rate: 0.4%",/lustre/fs1/portfolios/coreai/projects/coreai_dlalgo_nemorl/users/sna/SpecDec-RL-main-vllm020-20260606/vllm-runs/qwen235b_a22b_math500_osl32k_oci_tp4_fp8kv_pard2_offset0_n4_isl4096_osl32768_bs1_2_k11_20260613_oci_math_drafter_k11
2026-06-13T07:09:54+02:00,3288927,eagle3_k11,RUNNING,23.70,5,3.143,3.34,16.61,78.01,21.30,5,"INFO 06-12 22:09:47 [loggers.py:271] Engine 000: Avg prompt throughput: 0.0 tokens/s, Avg generation throughput: 24.5 tokens/s, Running: 1 reqs, Waiting: 0 reqs, GPU KV cache usage: 0.9%, Prefix cache hit rate: 0.0%","INFO 06-12 22:09:47 [metrics.py:101] SpecDecoding metrics: Mean acceptance length: 3.44, Accepted throughput: 17.38 tokens/s, Drafted throughput: 78.19 tokens/s, Accepted: 176 tokens, Drafted: 792 tokens, Per-position acceptance rate: 0.958, 0.903, 0.431, 0.139, 0.014, 0.000, 0.000, 0.000, 0.000, 0.000, 0.000, Avg Draft acceptance rate: 22.2%",/lustre/fs1/portfolios/coreai/projects/coreai_dlalgo_nemorl/users/sna/SpecDec-RL-main-vllm020-20260606/vllm-runs/qwen235b_a22b_math500_osl32k_oci_tp4_fp8kv_eagle3_offset0_n4_isl4096_osl32768_bs1_2_k11_20260613_oci_math_drafter_k11
2026-06-13T07:15:54+02:00,3288484,baseline,RUNNING,7.36,5,1.000,,,,,0,"INFO 06-12 22:15:50 [loggers.py:271] Engine 000: Avg prompt throughput: 0.0 tokens/s, Avg generation throughput: 7.3 tokens/s, Running: 1 reqs, Waiting: 0 reqs, GPU KV cache usage: 0.1%, Prefix cache hit rate: 43.6%",,/lustre/fs1/portfolios/coreai/projects/coreai_dlalgo_nemorl/users/sna/SpecDec-RL-main-vllm020-20260606/vllm-runs/qwen235b_a22b_math500_osl32k_oci_tp4_fp8kv_baseline_offset0_n4_isl4096_osl32768_bs1_2_k0_20260613_oci_math
2026-06-13T07:15:56+02:00,3288487,suffix_k32,FAILED,,0,,,,,,0,,,/lustre/fs1/portfolios/coreai/projects/coreai_dlalgo_nemorl/users/sna/SpecDec-RL-main-vllm020-20260606/vllm-runs/qwen235b_a22b_math500_osl32k_oci_tp4_fp8kv_suffix_offset0_n4_isl4096_osl32768_bs1_2_k32_20260613_oci_math
2026-06-13T07:15:57+02:00,3288488,pard_k5,RUNNING,14.82,5,2.014,3.33,10.38,22.27,46.56,5,"INFO 06-12 22:15:52 [loggers.py:271] Engine 000: Avg prompt throughput: 0.0 tokens/s, Avg generation throughput: 14.7 tokens/s, Running: 1 reqs, Waiting: 0 reqs, GPU KV cache usage: 1.5%, Prefix cache hit rate: 21.1%","INFO 06-12 22:15:52 [metrics.py:101] SpecDecoding metrics: Mean acceptance length: 3.31, Accepted throughput: 10.28 tokens/s, Drafted throughput: 22.24 tokens/s, Accepted: 104 tokens, Drafted: 225 tokens, Per-position acceptance rate: 1.000, 0.756, 0.378, 0.156, 0.022, Avg Draft acceptance rate: 46.2%",/lustre/fs1/portfolios/coreai/projects/coreai_dlalgo_nemorl/users/sna/SpecDec-RL-main-vllm020-20260606/vllm-runs/qwen235b_a22b_math500_osl32k_oci_tp4_fp8kv_pard_offset0_n4_isl4096_osl32768_bs1_2_k5_20260613_oci_math
2026-06-13T07:15:59+02:00,3288490,official_pard2_k1,RUNNING,5.54,5,0.753,1.03,0.14,5.44,2.52,5,"INFO 06-12 22:15:56 [loggers.py:271] Engine 000: Avg prompt throughput: 0.0 tokens/s, Avg generation throughput: 5.5 tokens/s, Running: 1 reqs, Waiting: 0 reqs, GPU KV cache usage: 2.1%, Prefix cache hit rate: 0.0%","INFO 06-12 22:15:56 [metrics.py:101] SpecDecoding metrics: Mean acceptance length: 1.02, Accepted throughput: 0.10 tokens/s, Drafted throughput: 5.43 tokens/s, Accepted: 1 tokens, Drafted: 55 tokens, Per-position acceptance rate: 0.018, Avg Draft acceptance rate: 1.8%",/lustre/fs1/portfolios/coreai/projects/coreai_dlalgo_nemorl/users/sna/SpecDec-RL-main-vllm020-20260606/vllm-runs/qwen235b_a22b_math500_osl32k_oci_tp4_fp8kv_pard2_offset0_n4_isl4096_osl32768_bs1_2_k1_20260613_oci_math
2026-06-13T07:16:00+02:00,3288491,eagle3_k3,RUNNING,21.46,5,2.916,2.89,14.05,22.30,63.02,5,"INFO 06-12 22:15:59 [loggers.py:271] Engine 000: Avg prompt throughput: 0.0 tokens/s, Avg generation throughput: 21.0 tokens/s, Running: 1 reqs, Waiting: 0 reqs, GPU KV cache usage: 1.4%, Prefix cache hit rate: 14.0%","INFO 06-12 22:15:59 [metrics.py:101] SpecDecoding metrics: Mean acceptance length: 2.80, Accepted throughput: 13.49 tokens/s, Drafted throughput: 22.49 tokens/s, Accepted: 135 tokens, Drafted: 225 tokens, Per-position acceptance rate: 0.907, 0.653, 0.240, Avg Draft acceptance rate: 60.0%",/lustre/fs1/portfolios/coreai/projects/coreai_dlalgo_nemorl/users/sna/SpecDec-RL-main-vllm020-20260606/vllm-runs/qwen235b_a22b_math500_osl32k_oci_tp4_fp8kv_eagle3_offset0_n4_isl4096_osl32768_bs1_2_k3_20260613_oci_math
2026-06-13T07:16:02+02:00,3288594,suffix_k32,RUNNING,104.84,5,14.245,12.97,96.76,96.98,99.78,5,"INFO 06-12 22:15:59 [loggers.py:271] Engine 000: Avg prompt throughput: 0.0 tokens/s, Avg generation throughput: 105.3 tokens/s, Running: 1 reqs, Waiting: 0 reqs, GPU KV cache usage: 0.6%, Prefix cache hit rate: 43.5%","INFO 06-12 22:15:59 [metrics.py:101] SpecDecoding metrics: Mean acceptance length: 13.00, Accepted throughput: 97.18 tokens/s, Drafted throughput: 97.18 tokens/s, Accepted: 972 tokens, Drafted: 972 tokens, Per-position acceptance rate: 1.000, 1.000, 1.000, 1.000, 1.000, 1.000, 1.000, 1.000, 1.000, 1.000, 1.000, 1.000, 0.000, 0.000, 0.000, 0.000, 0.000, 0.000, 0.000, 0.000, 0.000, 0.000, 0.000, 0.000, 0.000, 0.000, 0.000, 0.000, 0.000, 0.000, 0.000, 0.000, Avg Draft acceptance rate: 100.0%",/lustre/fs1/portfolios/coreai/projects/coreai_dlalgo_nemorl/users/sna/SpecDec-RL-main-vllm020-20260606/vllm-runs/qwen235b_a22b_math500_osl32k_oci_tp4_fp8kv_suffix_offset0_n4_isl4096_osl32768_bs1_2_k32_20260613_oci_math_suffix_py312_retry1
2026-06-13T07:16:03+02:00,3288918,pard_k9,RUNNING,45.30,5,6.155,6.69,38.55,61.00,63.20,5,"INFO 06-12 22:15:56 [loggers.py:271] Engine 000: Avg prompt throughput: 0.0 tokens/s, Avg generation throughput: 64.0 tokens/s, Running: 1 reqs, Waiting: 0 reqs, GPU KV cache usage: 0.2%, Prefix cache hit rate: 43.6%","INFO 06-12 22:15:56 [metrics.py:101] SpecDecoding metrics: Mean acceptance length: 9.38, Accepted throughput: 57.20 tokens/s, Drafted throughput: 61.46 tokens/s, Accepted: 578 tokens, Drafted: 621 tokens, Per-position acceptance rate: 1.000, 1.000, 1.000, 0.942, 0.942, 0.942, 0.928, 0.826, 0.797, Avg Draft acceptance rate: 93.1%",/lustre/fs1/portfolios/coreai/projects/coreai_dlalgo_nemorl/users/sna/SpecDec-RL-main-vllm020-20260606/vllm-runs/qwen235b_a22b_math500_osl32k_oci_tp4_fp8kv_pard_offset0_n4_isl4096_osl32768_bs1_2_k9_20260613_oci_math_drafter_k9
2026-06-13T07:16:04+02:00,3288922,official_pard2_k9,RUNNING,7.34,5,0.997,1.08,0.56,60.91,0.92,5,"INFO 06-12 22:15:55 [loggers.py:271] Engine 000: Avg prompt throughput: 0.0 tokens/s, Avg generation throughput: 7.2 tokens/s, Running: 1 reqs, Waiting: 0 reqs, GPU KV cache usage: 0.6%, Prefix cache hit rate: 0.0%","INFO 06-12 22:15:55 [metrics.py:101] SpecDecoding metrics: Mean acceptance length: 1.06, Accepted throughput: 0.40 tokens/s, Drafted throughput: 60.92 tokens/s, Accepted: 4 tokens, Drafted: 612 tokens, Per-position acceptance rate: 0.029, 0.029, 0.000, 0.000, 0.000, 0.000, 0.000, 0.000, 0.000, Avg Draft acceptance rate: 0.7%",/lustre/fs1/portfolios/coreai/projects/coreai_dlalgo_nemorl/users/sna/SpecDec-RL-main-vllm020-20260606/vllm-runs/qwen235b_a22b_math500_osl32k_oci_tp4_fp8kv_pard2_offset0_n4_isl4096_osl32768_bs1_2_k9_20260613_oci_math_drafter_k9
2026-06-13T07:16:06+02:00,3288926,eagle3_k9,RUNNING,20.26,5,2.753,3.07,13.64,59.44,22.94,5,"INFO 06-12 22:16:05 [loggers.py:271] Engine 000: Avg prompt throughput: 0.0 tokens/s, Avg generation throughput: 19.8 tokens/s, Running: 1 reqs, Waiting: 0 reqs, GPU KV cache usage: 1.4%, Prefix cache hit rate: 0.0%","INFO 06-12 22:16:05 [metrics.py:101] SpecDecoding metrics: Mean acceptance length: 3.00, Accepted throughput: 13.20 tokens/s, Drafted throughput: 59.39 tokens/s, Accepted: 132 tokens, Drafted: 594 tokens, Per-position acceptance rate: 0.864, 0.606, 0.348, 0.182, 0.000, 0.000, 0.000, 0.000, 0.000, Avg Draft acceptance rate: 22.2%",/lustre/fs1/portfolios/coreai/projects/coreai_dlalgo_nemorl/users/sna/SpecDec-RL-main-vllm020-20260606/vllm-runs/qwen235b_a22b_math500_osl32k_oci_tp4_fp8kv_eagle3_offset0_n4_isl4096_osl32768_bs1_2_k9_20260613_oci_math_drafter_k9
2026-06-13T07:16:07+02:00,3288919,pard_k11,RUNNING,17.54,5,2.383,3.05,11.79,63.29,18.62,5,"INFO 06-12 22:16:07 [loggers.py:271] Engine 000: Avg prompt throughput: 0.0 tokens/s, Avg generation throughput: 18.0 tokens/s, Running: 1 reqs, Waiting: 0 reqs, GPU KV cache usage: 2.4%, Prefix cache hit rate: 0.0%","INFO 06-12 22:16:07 [metrics.py:101] SpecDecoding metrics: Mean acceptance length: 3.16, Accepted throughput: 12.30 tokens/s, Drafted throughput: 62.69 tokens/s, Accepted: 123 tokens, Drafted: 627 tokens, Per-position acceptance rate: 1.000, 0.860, 0.298, 0.000, 0.000, 0.000, 0.000, 0.000, 0.000, 0.000, 0.000, Avg Draft acceptance rate: 19.6%",/lustre/fs1/portfolios/coreai/projects/coreai_dlalgo_nemorl/users/sna/SpecDec-RL-main-vllm020-20260606/vllm-runs/qwen235b_a22b_math500_osl32k_oci_tp4_fp8kv_pard_offset0_n4_isl4096_osl32768_bs1_2_k11_20260613_oci_math_drafter_k11
2026-06-13T07:16:09+02:00,3288921,official_pard2_k11,RUNNING,7.16,5,0.973,1.07,0.50,73.47,0.68,5,"INFO 06-12 22:15:59 [loggers.py:271] Engine 000: Avg prompt throughput: 0.0 tokens/s, Avg generation throughput: 7.1 tokens/s, Running: 1 reqs, Waiting: 0 reqs, GPU KV cache usage: 0.6%, Prefix cache hit rate: 0.0%","INFO 06-12 22:15:59 [metrics.py:101] SpecDecoding metrics: Mean acceptance length: 1.07, Accepted throughput: 0.50 tokens/s, Drafted throughput: 73.11 tokens/s, Accepted: 5 tokens, Drafted: 737 tokens, Per-position acceptance rate: 0.045, 0.030, 0.000, 0.000, 0.000, 0.000, 0.000, 0.000, 0.000, 0.000, 0.000, Avg Draft acceptance rate: 0.7%",/lustre/fs1/portfolios/coreai/projects/coreai_dlalgo_nemorl/users/sna/SpecDec-RL-main-vllm020-20260606/vllm-runs/qwen235b_a22b_math500_osl32k_oci_tp4_fp8kv_pard2_offset0_n4_isl4096_osl32768_bs1_2_k11_20260613_oci_math_drafter_k11
2026-06-13T07:16:10+02:00,3288927,eagle3_k11,RUNNING,20.18,5,2.742,3.44,14.32,64.56,22.18,5,"INFO 06-12 22:16:00 [loggers.py:271] Engine 000: Avg prompt throughput: 0.0 tokens/s, Avg generation throughput: 19.4 tokens/s, Running: 1 reqs, Waiting: 0 reqs, GPU KV cache usage: 1.3%, Prefix cache hit rate: 0.0%","INFO 06-12 22:16:00 [metrics.py:101] SpecDecoding metrics: Mean acceptance length: 3.20, Accepted throughput: 13.32 tokens/s, Drafted throughput: 66.69 tokens/s, Accepted: 134 tokens, Drafted: 671 tokens, Per-position acceptance rate: 1.000, 0.738, 0.311, 0.148, 0.000, 0.000, 0.000, 0.000, 0.000, 0.000, 0.000, Avg Draft acceptance rate: 20.0%",/lustre/fs1/portfolios/coreai/projects/coreai_dlalgo_nemorl/users/sna/SpecDec-RL-main-vllm020-20260606/vllm-runs/qwen235b_a22b_math500_osl32k_oci_tp4_fp8kv_eagle3_offset0_n4_isl4096_osl32768_bs1_2_k11_20260613_oci_math_drafter_k11
2026-06-13T07:20:09+02:00,3288484,baseline,RUNNING,7.50,5,1.000,,,,,0,"INFO 06-12 22:20:02 [loggers.py:271] Engine 000: Avg prompt throughput: 0.0 tokens/s, Avg generation throughput: 7.5 tokens/s, Running: 1 reqs, Waiting: 0 reqs, GPU KV cache usage: 0.2%, Prefix cache hit rate: 43.6%",,/lustre/fs1/portfolios/coreai/projects/coreai_dlalgo_nemorl/users/sna/SpecDec-RL-main-vllm020-20260606/vllm-runs/qwen235b_a22b_math500_osl32k_oci_tp4_fp8kv_baseline_offset0_n4_isl4096_osl32768_bs1_2_k0_20260613_oci_math
2026-06-13T07:20:11+02:00,3288487,suffix_k32,FAILED,,0,,,,,,0,,,/lustre/fs1/portfolios/coreai/projects/coreai_dlalgo_nemorl/users/sna/SpecDec-RL-main-vllm020-20260606/vllm-runs/qwen235b_a22b_math500_osl32k_oci_tp4_fp8kv_suffix_offset0_n4_isl4096_osl32768_bs1_2_k32_20260613_oci_math
2026-06-13T07:20:12+02:00,3288488,pard_k5,RUNNING,14.46,5,1.928,3.25,10.02,22.29,45.00,5,"INFO 06-12 22:20:05 [loggers.py:271] Engine 000: Avg prompt throughput: 0.0 tokens/s, Avg generation throughput: 14.0 tokens/s, Running: 1 reqs, Waiting: 0 reqs, GPU KV cache usage: 1.7%, Prefix cache hit rate: 21.1%","INFO 06-12 22:20:05 [metrics.py:101] SpecDecoding metrics: Mean acceptance length: 3.16, Accepted throughput: 9.58 tokens/s, Drafted throughput: 22.22 tokens/s, Accepted: 97 tokens, Drafted: 225 tokens, Per-position acceptance rate: 0.956, 0.778, 0.356, 0.044, 0.022, Avg Draft acceptance rate: 43.1%",/lustre/fs1/portfolios/coreai/projects/coreai_dlalgo_nemorl/users/sna/SpecDec-RL-main-vllm020-20260606/vllm-runs/qwen235b_a22b_math500_osl32k_oci_tp4_fp8kv_pard_offset0_n4_isl4096_osl32768_bs1_2_k5_20260613_oci_math
2026-06-13T07:20:14+02:00,3288490,official_pard2_k1,RUNNING,5.42,5,0.723,1.00,0.00,5.44,0.00,5,"INFO 06-12 22:20:09 [loggers.py:271] Engine 000: Avg prompt throughput: 0.0 tokens/s, Avg generation throughput: 5.4 tokens/s, Running: 1 reqs, Waiting: 0 reqs, GPU KV cache usage: 2.2%, Prefix cache hit rate: 0.0%","INFO 06-12 22:20:09 [metrics.py:101] SpecDecoding metrics: Mean acceptance length: 1.00, Accepted throughput: 0.00 tokens/s, Drafted throughput: 5.44 tokens/s, Accepted: 0 tokens, Drafted: 55 tokens, Per-position acceptance rate: 0.000, Avg Draft acceptance rate: 0.0%",/lustre/fs1/portfolios/coreai/projects/coreai_dlalgo_nemorl/users/sna/SpecDec-RL-main-vllm020-20260606/vllm-runs/qwen235b_a22b_math500_osl32k_oci_tp4_fp8kv_pard2_offset0_n4_isl4096_osl32768_bs1_2_k1_20260613_oci_math
2026-06-13T07:20:15+02:00,3288491,eagle3_k3,RUNNING,19.66,5,2.621,2.74,12.46,21.55,57.86,5,"INFO 06-12 22:20:11 [loggers.py:271] Engine 000: Avg prompt throughput: 0.0 tokens/s, Avg generation throughput: 19.1 tokens/s, Running: 1 reqs, Waiting: 0 reqs, GPU KV cache usage: 0.1%, Prefix cache hit rate: 11.3%","INFO 06-12 22:20:11 [metrics.py:101] SpecDecoding metrics: Mean acceptance length: 2.67, Accepted throughput: 11.92 tokens/s, Drafted throughput: 21.45 tokens/s, Accepted: 120 tokens, Drafted: 216 tokens, Per-position acceptance rate: 0.736, 0.514, 0.417, Avg Draft acceptance rate: 55.6%",/lustre/fs1/portfolios/coreai/projects/coreai_dlalgo_nemorl/users/sna/SpecDec-RL-main-vllm020-20260606/vllm-runs/qwen235b_a22b_math500_osl32k_oci_tp4_fp8kv_eagle3_offset0_n4_isl4096_osl32768_bs1_2_k3_20260613_oci_math
2026-06-13T07:20:16+02:00,3288594,suffix_k32,RUNNING,32.70,5,4.360,2.10,16.95,52.62,31.00,5,"INFO 06-12 22:20:11 [loggers.py:271] Engine 000: Avg prompt throughput: 0.0 tokens/s, Avg generation throughput: 24.3 tokens/s, Running: 2 reqs, Waiting: 0 reqs, GPU KV cache usage: 0.1%, Prefix cache hit rate: 56.5%","INFO 06-12 22:20:11 [metrics.py:101] SpecDecoding metrics: Mean acceptance length: 1.54, Accepted throughput: 8.31 tokens/s, Drafted throughput: 38.60 tokens/s, Accepted: 84 tokens, Drafted: 390 tokens, Per-position acceptance rate: 0.306, 0.134, 0.057, 0.025, 0.006, 0.006, 0.000, 0.000, 0.000, 0.000, 0.000, 0.000, 0.000, 0.000, 0.000, 0.000, 0.000, 0.000, 0.000, 0.000, 0.000, 0.000, 0.000, 0.000, 0.000, 0.000, 0.000, 0.000, 0.000, 0.000, 0.000, 0.000, Avg Draft acceptance rate: 21.5%",/lustre/fs1/portfolios/coreai/projects/coreai_dlalgo_nemorl/users/sna/SpecDec-RL-main-vllm020-20260606/vllm-runs/qwen235b_a22b_math500_osl32k_oci_tp4_fp8kv_suffix_offset0_n4_isl4096_osl32768_bs1_2_k32_20260613_oci_math_suffix_py312_retry1
2026-06-13T07:20:18+02:00,3288918,pard_k9,RUNNING,26.14,5,3.485,3.88,19.42,60.63,32.02,5,"INFO 06-12 22:20:17 [loggers.py:271] Engine 000: Avg prompt throughput: 0.0 tokens/s, Avg generation throughput: 27.2 tokens/s, Running: 1 reqs, Waiting: 0 reqs, GPU KV cache usage: 0.9%, Prefix cache hit rate: 43.6%","INFO 06-12 22:20:17 [metrics.py:101] SpecDecoding metrics: Mean acceptance length: 4.03, Accepted throughput: 20.41 tokens/s, Drafted throughput: 60.65 tokens/s, Accepted: 206 tokens, Drafted: 612 tokens, Per-position acceptance rate: 0.824, 0.824, 0.441, 0.412, 0.235, 0.162, 0.103, 0.029, 0.000, Avg Draft acceptance rate: 33.7%",/lustre/fs1/portfolios/coreai/projects/coreai_dlalgo_nemorl/users/sna/SpecDec-RL-main-vllm020-20260606/vllm-runs/qwen235b_a22b_math500_osl32k_oci_tp4_fp8kv_pard_offset0_n4_isl4096_osl32768_bs1_2_k9_20260613_oci_math_drafter_k9
2026-06-13T07:20:19+02:00,3288922,official_pard2_k9,RUNNING,6.68,5,0.891,1.00,0.00,60.02,0.00,5,"INFO 06-12 22:20:16 [loggers.py:271] Engine 000: Avg prompt throughput: 0.0 tokens/s, Avg generation throughput: 6.6 tokens/s, Running: 1 reqs, Waiting: 0 reqs, GPU KV cache usage: 0.7%, Prefix cache hit rate: 0.0%","INFO 06-12 22:20:16 [metrics.py:101] SpecDecoding metrics: Mean acceptance length: 1.00, Accepted throughput: 0.00 tokens/s, Drafted throughput: 59.58 tokens/s, Accepted: 0 tokens, Drafted: 603 tokens, Per-position acceptance rate: 0.000, 0.000, 0.000, 0.000, 0.000, 0.000, 0.000, 0.000, 0.000, Avg Draft acceptance rate: 0.0%",/lustre/fs1/portfolios/coreai/projects/coreai_dlalgo_nemorl/users/sna/SpecDec-RL-main-vllm020-20260606/vllm-runs/qwen235b_a22b_math500_osl32k_oci_tp4_fp8kv_pard2_offset0_n4_isl4096_osl32768_bs1_2_k9_20260613_oci_math_drafter_k9
2026-06-13T07:20:21+02:00,3288926,eagle3_k9,RUNNING,19.70,5,2.627,2.90,12.91,61.22,21.10,5,"INFO 06-12 22:20:17 [loggers.py:271] Engine 000: Avg prompt throughput: 0.0 tokens/s, Avg generation throughput: 18.8 tokens/s, Running: 1 reqs, Waiting: 0 reqs, GPU KV cache usage: 0.1%, Prefix cache hit rate: 0.0%","INFO 06-12 22:20:17 [metrics.py:101] SpecDecoding metrics: Mean acceptance length: 2.70, Accepted throughput: 11.83 tokens/s, Drafted throughput: 62.65 tokens/s, Accepted: 119 tokens, Drafted: 630 tokens, Per-position acceptance rate: 0.843, 0.443, 0.243, 0.143, 0.029, 0.000, 0.000, 0.000, 0.000, Avg Draft acceptance rate: 18.9%",/lustre/fs1/portfolios/coreai/projects/coreai_dlalgo_nemorl/users/sna/SpecDec-RL-main-vllm020-20260606/vllm-runs/qwen235b_a22b_math500_osl32k_oci_tp4_fp8kv_eagle3_offset0_n4_isl4096_osl32768_bs1_2_k9_20260613_oci_math_drafter_k9
2026-06-13T07:20:22+02:00,3288919,pard_k11,RUNNING,33.58,5,4.477,5.29,27.23,69.77,39.04,5,"INFO 06-12 22:20:19 [loggers.py:271] Engine 000: Avg prompt throughput: 0.0 tokens/s, Avg generation throughput: 33.0 tokens/s, Running: 1 reqs, Waiting: 0 reqs, GPU KV cache usage: 0.7%, Prefix cache hit rate: 43.6%","INFO 06-12 22:20:19 [metrics.py:101] SpecDecoding metrics: Mean acceptance length: 5.19, Accepted throughput: 26.63 tokens/s, Drafted throughput: 69.95 tokens/s, Accepted: 268 tokens, Drafted: 704 tokens, Per-position acceptance rate: 0.938, 0.938, 0.812, 0.469, 0.375, 0.266, 0.219, 0.156, 0.016, 0.000, 0.000, Avg Draft acceptance rate: 38.1%",/lustre/fs1/portfolios/coreai/projects/coreai_dlalgo_nemorl/users/sna/SpecDec-RL-main-vllm020-20260606/vllm-runs/qwen235b_a22b_math500_osl32k_oci_tp4_fp8kv_pard_offset0_n4_isl4096_osl32768_bs1_2_k11_20260613_oci_math_drafter_k11
2026-06-13T07:20:23+02:00,3288921,official_pard2_k11,RUNNING,6.62,5,0.883,1.00,0.02,72.45,0.02,5,"INFO 06-12 22:20:21 [loggers.py:271] Engine 000: Avg prompt throughput: 0.0 tokens/s, Avg generation throughput: 6.5 tokens/s, Running: 1 reqs, Waiting: 0 reqs, GPU KV cache usage: 0.7%, Prefix cache hit rate: 0.0%","INFO 06-12 22:20:21 [metrics.py:101] SpecDecoding metrics: Mean acceptance length: 1.00, Accepted throughput: 0.00 tokens/s, Drafted throughput: 71.65 tokens/s, Accepted: 0 tokens, Drafted: 726 tokens, Per-position acceptance rate: 0.000, 0.000, 0.000, 0.000, 0.000, 0.000, 0.000, 0.000, 0.000, 0.000, 0.000, Avg Draft acceptance rate: 0.0%",/lustre/fs1/portfolios/coreai/projects/coreai_dlalgo_nemorl/users/sna/SpecDec-RL-main-vllm020-20260606/vllm-runs/qwen235b_a22b_math500_osl32k_oci_tp4_fp8kv_pard2_offset0_n4_isl4096_osl32768_bs1_2_k11_20260613_oci_math_drafter_k11
2026-06-13T07:20:25+02:00,3288927,eagle3_k11,RUNNING,18.36,5,2.448,2.92,12.09,69.14,17.50,5,"INFO 06-12 22:20:22 [loggers.py:271] Engine 000: Avg prompt throughput: 0.0 tokens/s, Avg generation throughput: 19.5 tokens/s, Running: 1 reqs, Waiting: 0 reqs, GPU KV cache usage: 1.6%, Prefix cache hit rate: 0.0%","INFO 06-12 22:20:22 [metrics.py:101] SpecDecoding metrics: Mean acceptance length: 3.14, Accepted throughput: 13.31 tokens/s, Drafted throughput: 68.33 tokens/s, Accepted: 135 tokens, Drafted: 693 tokens, Per-position acceptance rate: 1.000, 0.714, 0.286, 0.143, 0.000, 0.000, 0.000, 0.000, 0.000, 0.000, 0.000, Avg Draft acceptance rate: 19.5%",/lustre/fs1/portfolios/coreai/projects/coreai_dlalgo_nemorl/users/sna/SpecDec-RL-main-vllm020-20260606/vllm-runs/qwen235b_a22b_math500_osl32k_oci_tp4_fp8kv_eagle3_offset0_n4_isl4096_osl32768_bs1_2_k11_20260613_oci_math_drafter_k11
2026-06-13T07:27:13+02:00,3288484,baseline,RUNNING,7.72,5,1.000,,,,,0,"INFO 06-12 22:27:04 [loggers.py:271] Engine 000: Avg prompt throughput: 0.0 tokens/s, Avg generation throughput: 7.9 tokens/s, Running: 1 reqs, Waiting: 0 reqs, GPU KV cache usage: 0.3%, Prefix cache hit rate: 43.6%",,/lustre/fs1/portfolios/coreai/projects/coreai_dlalgo_nemorl/users/sna/SpecDec-RL-main-vllm020-20260606/vllm-runs/qwen235b_a22b_math500_osl32k_oci_tp4_fp8kv_baseline_offset0_n4_isl4096_osl32768_bs1_2_k0_20260613_oci_math
2026-06-13T07:27:14+02:00,3288487,suffix_k32,FAILED,,0,,,,,,0,,,/lustre/fs1/portfolios/coreai/projects/coreai_dlalgo_nemorl/users/sna/SpecDec-RL-main-vllm020-20260606/vllm-runs/qwen235b_a22b_math500_osl32k_oci_tp4_fp8kv_suffix_offset0_n4_isl4096_osl32768_bs1_2_k32_20260613_oci_math
2026-06-13T07:27:16+02:00,3288488,pard_k5,RUNNING,14.00,5,1.813,3.12,9.51,22.46,42.36,5,"INFO 06-12 22:27:10 [loggers.py:271] Engine 000: Avg prompt throughput: 0.0 tokens/s, Avg generation throughput: 15.3 tokens/s, Running: 1 reqs, Waiting: 0 reqs, GPU KV cache usage: 2.2%, Prefix cache hit rate: 21.1%","INFO 06-12 22:27:10 [metrics.py:101] SpecDecoding metrics: Mean acceptance length: 3.39, Accepted throughput: 10.79 tokens/s, Drafted throughput: 22.56 tokens/s, Accepted: 110 tokens, Drafted: 230 tokens, Per-position acceptance rate: 0.957, 0.804, 0.478, 0.152, 0.000, Avg Draft acceptance rate: 47.8%",/lustre/fs1/portfolios/coreai/projects/coreai_dlalgo_nemorl/users/sna/SpecDec-RL-main-vllm020-20260606/vllm-runs/qwen235b_a22b_math500_osl32k_oci_tp4_fp8kv_pard_offset0_n4_isl4096_osl32768_bs1_2_k5_20260613_oci_math
2026-06-13T07:27:17+02:00,3288490,official_pard2_k1,RUNNING,5.40,5,0.699,1.00,0.00,5.42,0.00,5,"INFO 06-12 22:27:13 [loggers.py:271] Engine 000: Avg prompt throughput: 0.0 tokens/s, Avg generation throughput: 5.4 tokens/s, Running: 1 reqs, Waiting: 0 reqs, GPU KV cache usage: 2.4%, Prefix cache hit rate: 0.0%","INFO 06-12 22:27:13 [metrics.py:101] SpecDecoding metrics: Mean acceptance length: 1.00, Accepted throughput: 0.00 tokens/s, Drafted throughput: 5.42 tokens/s, Accepted: 0 tokens, Drafted: 55 tokens, Per-position acceptance rate: 0.000, Avg Draft acceptance rate: 0.0%",/lustre/fs1/portfolios/coreai/projects/coreai_dlalgo_nemorl/users/sna/SpecDec-RL-main-vllm020-20260606/vllm-runs/qwen235b_a22b_math500_osl32k_oci_tp4_fp8kv_pard2_offset0_n4_isl4096_osl32768_bs1_2_k1_20260613_oci_math
2026-06-13T07:27:19+02:00,3288491,eagle3_k3,RUNNING,24.62,5,3.189,3.20,16.93,23.11,73.26,5,"INFO 06-12 22:27:14 [loggers.py:271] Engine 000: Avg prompt throughput: 0.0 tokens/s, Avg generation throughput: 24.5 tokens/s, Running: 1 reqs, Waiting: 0 reqs, GPU KV cache usage: 0.6%, Prefix cache hit rate: 11.3%","INFO 06-12 22:27:14 [metrics.py:101] SpecDecoding metrics: Mean acceptance length: 3.18, Accepted throughput: 16.81 tokens/s, Drafted throughput: 23.14 tokens/s, Accepted: 170 tokens, Drafted: 234 tokens, Per-position acceptance rate: 0.949, 0.795, 0.436, Avg Draft acceptance rate: 72.6%",/lustre/fs1/portfolios/coreai/projects/coreai_dlalgo_nemorl/users/sna/SpecDec-RL-main-vllm020-20260606/vllm-runs/qwen235b_a22b_math500_osl32k_oci_tp4_fp8kv_eagle3_offset0_n4_isl4096_osl32768_bs1_2_k3_20260613_oci_math
2026-06-13T07:27:20+02:00,3288594,suffix_k32,RUNNING,104.76,5,13.570,13.00,96.70,96.70,100.00,5,"INFO 06-12 22:27:14 [loggers.py:271] Engine 000: Avg prompt throughput: 0.0 tokens/s, Avg generation throughput: 104.8 tokens/s, Running: 1 reqs, Waiting: 0 reqs, GPU KV cache usage: 0.9%, Prefix cache hit rate: 56.5%","INFO 06-12 22:27:14 [metrics.py:101] SpecDecoding metrics: Mean acceptance length: 13.00, Accepted throughput: 96.71 tokens/s, Drafted throughput: 96.71 tokens/s, Accepted: 972 tokens, Drafted: 972 tokens, Per-position acceptance rate: 1.000, 1.000, 1.000, 1.000, 1.000, 1.000, 1.000, 1.000, 1.000, 1.000, 1.000, 1.000, 0.000, 0.000, 0.000, 0.000, 0.000, 0.000, 0.000, 0.000, 0.000, 0.000, 0.000, 0.000, 0.000, 0.000, 0.000, 0.000, 0.000, 0.000, 0.000, 0.000, Avg Draft acceptance rate: 100.0%",/lustre/fs1/portfolios/coreai/projects/coreai_dlalgo_nemorl/users/sna/SpecDec-RL-main-vllm020-20260606/vllm-runs/qwen235b_a22b_math500_osl32k_oci_tp4_fp8kv_suffix_offset0_n4_isl4096_osl32768_bs1_2_k32_20260613_oci_math_suffix_py312_retry1
2026-06-13T07:27:21+02:00,3288918,pard_k9,RUNNING,20.44,5,2.648,3.06,13.78,60.06,22.96,5,"INFO 06-12 22:27:21 [loggers.py:271] Engine 000: Avg prompt throughput: 0.0 tokens/s, Avg generation throughput: 19.3 tokens/s, Running: 1 reqs, Waiting: 0 reqs, GPU KV cache usage: 1.7%, Prefix cache hit rate: 43.6%","INFO 06-12 22:27:21 [metrics.py:101] SpecDecoding metrics: Mean acceptance length: 2.91, Accepted throughput: 12.69 tokens/s, Drafted throughput: 59.79 tokens/s, Accepted: 128 tokens, Drafted: 603 tokens, Per-position acceptance rate: 0.791, 0.672, 0.388, 0.060, 0.000, 0.000, 0.000, 0.000, 0.000, Avg Draft acceptance rate: 21.2%",/lustre/fs1/portfolios/coreai/projects/coreai_dlalgo_nemorl/users/sna/SpecDec-RL-main-vllm020-20260606/vllm-runs/qwen235b_a22b_math500_osl32k_oci_tp4_fp8kv_pard_offset0_n4_isl4096_osl32768_bs1_2_k9_20260613_oci_math_drafter_k9
2026-06-13T07:27:23+02:00,3288922,official_pard2_k9,RUNNING,6.60,5,0.855,1.00,0.00,59.26,0.00,5,"INFO 06-12 22:27:19 [loggers.py:271] Engine 000: Avg prompt throughput: 0.0 tokens/s, Avg generation throughput: 6.6 tokens/s, Running: 1 reqs, Waiting: 0 reqs, GPU KV cache usage: 0.9%, Prefix cache hit rate: 0.0%","INFO 06-12 22:27:19 [metrics.py:101] SpecDecoding metrics: Mean acceptance length: 1.00, Accepted throughput: 0.00 tokens/s, Drafted throughput: 59.36 tokens/s, Accepted: 0 tokens, Drafted: 594 tokens, Per-position acceptance rate: 0.000, 0.000, 0.000, 0.000, 0.000, 0.000, 0.000, 0.000, 0.000, Avg Draft acceptance rate: 0.0%",/lustre/fs1/portfolios/coreai/projects/coreai_dlalgo_nemorl/users/sna/SpecDec-RL-main-vllm020-20260606/vllm-runs/qwen235b_a22b_math500_osl32k_oci_tp4_fp8kv_pard2_offset0_n4_isl4096_osl32768_bs1_2_k9_20260613_oci_math_drafter_k9
2026-06-13T07:27:24+02:00,3288926,eagle3_k9,RUNNING,20.90,5,2.707,3.01,13.97,62.41,22.38,5,"INFO 06-12 22:27:21 [loggers.py:271] Engine 000: Avg prompt throughput: 0.0 tokens/s, Avg generation throughput: 21.0 tokens/s, Running: 1 reqs, Waiting: 0 reqs, GPU KV cache usage: 0.5%, Prefix cache hit rate: 0.0%","INFO 06-12 22:27:21 [metrics.py:101] SpecDecoding metrics: Mean acceptance length: 3.03, Accepted throughput: 14.04 tokens/s, Drafted throughput: 62.31 tokens/s, Accepted: 142 tokens, Drafted: 630 tokens, Per-position acceptance rate: 0.914, 0.671, 0.400, 0.043, 0.000, 0.000, 0.000, 0.000, 0.000, Avg Draft acceptance rate: 22.5%",/lustre/fs1/portfolios/coreai/projects/coreai_dlalgo_nemorl/users/sna/SpecDec-RL-main-vllm020-20260606/vllm-runs/qwen235b_a22b_math500_osl32k_oci_tp4_fp8kv_eagle3_offset0_n4_isl4096_osl32768_bs1_2_k9_20260613_oci_math_drafter_k9
2026-06-13T07:27:25+02:00,3288919,pard_k11,RUNNING,25.30,5,3.277,3.97,18.92,70.25,26.94,5,"INFO 06-12 22:27:22 [loggers.py:271] Engine 000: Avg prompt throughput: 0.0 tokens/s, Avg generation throughput: 24.6 tokens/s, Running: 1 reqs, Waiting: 0 reqs, GPU KV cache usage: 1.5%, Prefix cache hit rate: 43.6%","INFO 06-12 22:27:22 [metrics.py:101] SpecDecoding metrics: Mean acceptance length: 3.83, Accepted throughput: 18.21 tokens/s, Drafted throughput: 70.77 tokens/s, Accepted: 184 tokens, Drafted: 715 tokens, Per-position acceptance rate: 0.908, 0.892, 0.615, 0.354, 0.062, 0.000, 0.000, 0.000, 0.000, 0.000, 0.000, Avg Draft acceptance rate: 25.7%",/lustre/fs1/portfolios/coreai/projects/coreai_dlalgo_nemorl/users/sna/SpecDec-RL-main-vllm020-20260606/vllm-runs/qwen235b_a22b_math500_osl32k_oci_tp4_fp8kv_pard_offset0_n4_isl4096_osl32768_bs1_2_k11_20260613_oci_math_drafter_k11
2026-06-13T07:27:27+02:00,3288921,official_pard2_k11,RUNNING,6.20,5,0.803,1.00,0.00,68.10,0.00,5,"INFO 06-12 22:27:24 [loggers.py:271] Engine 000: Avg prompt throughput: 0.0 tokens/s, Avg generation throughput: 4.6 tokens/s, Running: 1 reqs, Waiting: 0 reqs, GPU KV cache usage: 0.9%, Prefix cache hit rate: 0.0%","INFO 06-12 22:27:24 [metrics.py:101] SpecDecoding metrics: Mean acceptance length: 1.00, Accepted throughput: 0.00 tokens/s, Drafted throughput: 50.30 tokens/s, Accepted: 0 tokens, Drafted: 506 tokens, Per-position acceptance rate: 0.000, 0.000, 0.000, 0.000, 0.000, 0.000, 0.000, 0.000, 0.000, 0.000, 0.000, Avg Draft acceptance rate: 0.0%",/lustre/fs1/portfolios/coreai/projects/coreai_dlalgo_nemorl/users/sna/SpecDec-RL-main-vllm020-20260606/vllm-runs/qwen235b_a22b_math500_osl32k_oci_tp4_fp8kv_pard2_offset0_n4_isl4096_osl32768_bs1_2_k11_20260613_oci_math_drafter_k11
2026-06-13T07:27:28+02:00,3288927,eagle3_k11,RUNNING,17.76,5,2.301,2.87,11.58,67.96,17.06,5,"INFO 06-12 22:27:26 [loggers.py:271] Engine 000: Avg prompt throughput: 0.0 tokens/s, Avg generation throughput: 17.5 tokens/s, Running: 1 reqs, Waiting: 0 reqs, GPU KV cache usage: 0.4%, Prefix cache hit rate: 0.0%","INFO 06-12 22:27:26 [metrics.py:101] SpecDecoding metrics: Mean acceptance length: 2.85, Accepted throughput: 11.39 tokens/s, Drafted throughput: 67.55 tokens/s, Accepted: 115 tokens, Drafted: 682 tokens, Per-position acceptance rate: 0.871, 0.613, 0.371, 0.000, 0.000, 0.000, 0.000, 0.000, 0.000, 0.000, 0.000, Avg Draft acceptance rate: 16.9%",/lustre/fs1/portfolios/coreai/projects/coreai_dlalgo_nemorl/users/sna/SpecDec-RL-main-vllm020-20260606/vllm-runs/qwen235b_a22b_math500_osl32k_oci_tp4_fp8kv_eagle3_offset0_n4_isl4096_osl32768_bs1_2_k11_20260613_oci_math_drafter_k11
2026-06-13T07:31:27+02:00,3288484,baseline,RUNNING,8.50,5,1.000,,,,,0,"INFO 06-12 22:31:26 [loggers.py:271] Engine 000: Avg prompt throughput: 0.0 tokens/s, Avg generation throughput: 8.5 tokens/s, Running: 1 reqs, Waiting: 0 reqs, GPU KV cache usage: 0.4%, Prefix cache hit rate: 43.6%",,/lustre/fs1/portfolios/coreai/projects/coreai_dlalgo_nemorl/users/sna/SpecDec-RL-main-vllm020-20260606/vllm-runs/qwen235b_a22b_math500_osl32k_oci_tp4_fp8kv_baseline_offset0_n4_isl4096_osl32768_bs1_2_k0_20260613_oci_math
2026-06-13T07:31:28+02:00,3288487,suffix_k32,FAILED,,0,,,,,,0,,,/lustre/fs1/portfolios/coreai/projects/coreai_dlalgo_nemorl/users/sna/SpecDec-RL-main-vllm020-20260606/vllm-runs/qwen235b_a22b_math500_osl32k_oci_tp4_fp8kv_suffix_offset0_n4_isl4096_osl32768_bs1_2_k32_20260613_oci_math
2026-06-13T07:31:29+02:00,3288488,pard_k5,RUNNING,15.02,5,1.767,3.49,10.70,21.53,49.82,5,"INFO 06-12 22:31:23 [loggers.py:271] Engine 000: Avg prompt throughput: 0.0 tokens/s, Avg generation throughput: 19.8 tokens/s, Running: 1 reqs, Waiting: 0 reqs, GPU KV cache usage: 0.0%, Prefix cache hit rate: 17.0%","INFO 06-12 22:31:23 [metrics.py:101] SpecDecoding metrics: Mean acceptance length: 4.37, Accepted throughput: 15.25 tokens/s, Drafted throughput: 22.63 tokens/s, Accepted: 155 tokens, Drafted: 230 tokens, Per-position acceptance rate: 0.848, 0.739, 0.674, 0.587, 0.522, Avg Draft acceptance rate: 67.4%",/lustre/fs1/portfolios/coreai/projects/coreai_dlalgo_nemorl/users/sna/SpecDec-RL-main-vllm020-20260606/vllm-runs/qwen235b_a22b_math500_osl32k_oci_tp4_fp8kv_pard_offset0_n4_isl4096_osl32768_bs1_2_k5_20260613_oci_math
2026-06-13T07:31:31+02:00,3288490,official_pard2_k1,RUNNING,5.38,5,0.633,1.00,0.00,5.38,0.00,5,"INFO 06-12 22:31:25 [loggers.py:271] Engine 000: Avg prompt throughput: 0.0 tokens/s, Avg generation throughput: 5.4 tokens/s, Running: 1 reqs, Waiting: 0 reqs, GPU KV cache usage: 2.5%, Prefix cache hit rate: 0.0%","INFO 06-12 22:31:25 [metrics.py:101] SpecDecoding metrics: Mean acceptance length: 1.00, Accepted throughput: 0.00 tokens/s, Drafted throughput: 5.40 tokens/s, Accepted: 0 tokens, Drafted: 54 tokens, Per-position acceptance rate: 0.000, Avg Draft acceptance rate: 0.0%",/lustre/fs1/portfolios/coreai/projects/coreai_dlalgo_nemorl/users/sna/SpecDec-RL-main-vllm020-20260606/vllm-runs/qwen235b_a22b_math500_osl32k_oci_tp4_fp8kv_pard2_offset0_n4_isl4096_osl32768_bs1_2_k1_20260613_oci_math
2026-06-13T07:31:32+02:00,3288491,eagle3_k3,RUNNING,23.10,5,2.718,3.08,15.58,22.48,69.30,5,"INFO 06-12 22:31:26 [loggers.py:271] Engine 000: Avg prompt throughput: 0.0 tokens/s, Avg generation throughput: 23.7 tokens/s, Running: 1 reqs, Waiting: 0 reqs, GPU KV cache usage: 0.9%, Prefix cache hit rate: 11.3%","INFO 06-12 22:31:26 [metrics.py:101] SpecDecoding metrics: Mean acceptance length: 3.16, Accepted throughput: 16.19 tokens/s, Drafted throughput: 22.51 tokens/s, Accepted: 164 tokens, Drafted: 228 tokens, Per-position acceptance rate: 0.908, 0.816, 0.434, Avg Draft acceptance rate: 71.9%",/lustre/fs1/portfolios/coreai/projects/coreai_dlalgo_nemorl/users/sna/SpecDec-RL-main-vllm020-20260606/vllm-runs/qwen235b_a22b_math500_osl32k_oci_tp4_fp8kv_eagle3_offset0_n4_isl4096_osl32768_bs1_2_k3_20260613_oci_math
2026-06-13T07:31:34+02:00,3288594,suffix_k32,RUNNING,28.20,5,3.318,1.78,12.21,45.12,26.50,5,"INFO 06-12 22:31:26 [loggers.py:271] Engine 000: Avg prompt throughput: 0.0 tokens/s, Avg generation throughput: 23.2 tokens/s, Running: 2 reqs, Waiting: 0 reqs, GPU KV cache usage: 0.2%, Prefix cache hit rate: 59.3%","INFO 06-12 22:31:26 [metrics.py:101] SpecDecoding metrics: Mean acceptance length: 1.46, Accepted throughput: 7.08 tokens/s, Drafted throughput: 35.77 tokens/s, Accepted: 71 tokens, Drafted: 359 tokens, Per-position acceptance rate: 0.333, 0.124, 0.007, 0.000, 0.000, 0.000, 0.000, 0.000, 0.000, 0.000, 0.000, 0.000, 0.000, 0.000, 0.000, 0.000, 0.000, 0.000, 0.000, 0.000, 0.000, 0.000, 0.000, 0.000, 0.000, 0.000, 0.000, 0.000, 0.000, 0.000, 0.000, 0.000, Avg Draft acceptance rate: 19.8%",/lustre/fs1/portfolios/coreai/projects/coreai_dlalgo_nemorl/users/sna/SpecDec-RL-main-vllm020-20260606/vllm-runs/qwen235b_a22b_math500_osl32k_oci_tp4_fp8kv_suffix_offset0_n4_isl4096_osl32768_bs1_2_k32_20260613_oci_math_suffix_py312_retry1
2026-06-13T07:31:35+02:00,3288918,pard_k9,RUNNING,19.68,5,2.315,3.07,13.28,57.61,23.04,5,"INFO 06-12 22:31:33 [loggers.py:271] Engine 000: Avg prompt throughput: 0.0 tokens/s, Avg generation throughput: 19.8 tokens/s, Running: 1 reqs, Waiting: 0 reqs, GPU KV cache usage: 2.1%, Prefix cache hit rate: 43.6%","INFO 06-12 22:31:33 [metrics.py:101] SpecDecoding metrics: Mean acceptance length: 3.14, Accepted throughput: 13.53 tokens/s, Drafted throughput: 56.88 tokens/s, Accepted: 137 tokens, Drafted: 576 tokens, Per-position acceptance rate: 0.859, 0.828, 0.312, 0.141, 0.000, 0.000, 0.000, 0.000, 0.000, Avg Draft acceptance rate: 23.8%",/lustre/fs1/portfolios/coreai/projects/coreai_dlalgo_nemorl/users/sna/SpecDec-RL-main-vllm020-20260606/vllm-runs/qwen235b_a22b_math500_osl32k_oci_tp4_fp8kv_pard_offset0_n4_isl4096_osl32768_bs1_2_k9_20260613_oci_math_drafter_k9
2026-06-13T07:31:36+02:00,3288922,official_pard2_k9,RUNNING,6.60,5,0.776,1.00,0.00,59.24,0.00,5,"INFO 06-12 22:31:31 [loggers.py:271] Engine 000: Avg prompt throughput: 0.0 tokens/s, Avg generation throughput: 6.6 tokens/s, Running: 1 reqs, Waiting: 0 reqs, GPU KV cache usage: 1.1%, Prefix cache hit rate: 0.0%","INFO 06-12 22:31:31 [metrics.py:101] SpecDecoding metrics: Mean acceptance length: 1.00, Accepted throughput: 0.00 tokens/s, Drafted throughput: 59.14 tokens/s, Accepted: 0 tokens, Drafted: 594 tokens, Per-position acceptance rate: 0.000, 0.000, 0.000, 0.000, 0.000, 0.000, 0.000, 0.000, 0.000, Avg Draft acceptance rate: 0.0%",/lustre/fs1/portfolios/coreai/projects/coreai_dlalgo_nemorl/users/sna/SpecDec-RL-main-vllm020-20260606/vllm-runs/qwen235b_a22b_math500_osl32k_oci_tp4_fp8kv_pard2_offset0_n4_isl4096_osl32768_bs1_2_k9_20260613_oci_math_drafter_k9
2026-06-13T07:31:38+02:00,3288926,eagle3_k9,RUNNING,18.62,5,2.191,2.90,12.20,57.93,21.10,5,"INFO 06-12 22:31:33 [loggers.py:271] Engine 000: Avg prompt throughput: 0.0 tokens/s, Avg generation throughput: 19.3 tokens/s, Running: 1 reqs, Waiting: 0 reqs, GPU KV cache usage: 0.8%, Prefix cache hit rate: 0.0%","INFO 06-12 22:31:33 [metrics.py:101] SpecDecoding metrics: Mean acceptance length: 2.87, Accepted throughput: 12.55 tokens/s, Drafted throughput: 60.47 tokens/s, Accepted: 127 tokens, Drafted: 612 tokens, Per-position acceptance rate: 0.882, 0.618, 0.368, 0.000, 0.000, 0.000, 0.000, 0.000, 0.000, Avg Draft acceptance rate: 20.8%",/lustre/fs1/portfolios/coreai/projects/coreai_dlalgo_nemorl/users/sna/SpecDec-RL-main-vllm020-20260606/vllm-runs/qwen235b_a22b_math500_osl32k_oci_tp4_fp8kv_eagle3_offset0_n4_isl4096_osl32768_bs1_2_k9_20260613_oci_math_drafter_k9
2026-06-13T07:31:39+02:00,3288919,pard_k11,RUNNING,20.00,5,2.353,3.15,13.65,69.84,19.56,5,"INFO 06-12 22:31:34 [loggers.py:271] Engine 000: Avg prompt throughput: 0.0 tokens/s, Avg generation throughput: 20.0 tokens/s, Running: 1 reqs, Waiting: 0 reqs, GPU KV cache usage: 1.9%, Prefix cache hit rate: 43.6%","INFO 06-12 22:31:34 [metrics.py:101] SpecDecoding metrics: Mean acceptance length: 3.14, Accepted throughput: 13.61 tokens/s, Drafted throughput: 69.91 tokens/s, Accepted: 137 tokens, Drafted: 704 tokens, Per-position acceptance rate: 0.859, 0.734, 0.406, 0.141, 0.000, 0.000, 0.000, 0.000, 0.000, 0.000, 0.000, Avg Draft acceptance rate: 19.5%",/lustre/fs1/portfolios/coreai/projects/coreai_dlalgo_nemorl/users/sna/SpecDec-RL-main-vllm020-20260606/vllm-runs/qwen235b_a22b_math500_osl32k_oci_tp4_fp8kv_pard_offset0_n4_isl4096_osl32768_bs1_2_k11_20260613_oci_math_drafter_k11
2026-06-13T07:31:41+02:00,3288921,official_pard2_k11,RUNNING,6.70,5,0.788,1.00,0.00,73.34,0.00,5,"INFO 06-12 22:31:35 [loggers.py:271] Engine 000: Avg prompt throughput: 0.0 tokens/s, Avg generation throughput: 6.7 tokens/s, Running: 1 reqs, Waiting: 0 reqs, GPU KV cache usage: 1.1%, Prefix cache hit rate: 0.0%","INFO 06-12 22:31:35 [metrics.py:101] SpecDecoding metrics: Mean acceptance length: 1.00, Accepted throughput: 0.00 tokens/s, Drafted throughput: 73.38 tokens/s, Accepted: 0 tokens, Drafted: 737 tokens, Per-position acceptance rate: 0.000, 0.000, 0.000, 0.000, 0.000, 0.000, 0.000, 0.000, 0.000, 0.000, 0.000, Avg Draft acceptance rate: 0.0%",/lustre/fs1/portfolios/coreai/projects/coreai_dlalgo_nemorl/users/sna/SpecDec-RL-main-vllm020-20260606/vllm-runs/qwen235b_a22b_math500_osl32k_oci_tp4_fp8kv_pard2_offset0_n4_isl4096_osl32768_bs1_2_k11_20260613_oci_math_drafter_k11
2026-06-13T07:31:42+02:00,3288927,eagle3_k11,RUNNING,18.46,5,2.172,2.98,12.24,68.20,17.94,5,"INFO 06-12 22:31:38 [loggers.py:271] Engine 000: Avg prompt throughput: 0.0 tokens/s, Avg generation throughput: 18.5 tokens/s, Running: 1 reqs, Waiting: 0 reqs, GPU KV cache usage: 0.6%, Prefix cache hit rate: 0.0%","INFO 06-12 22:31:38 [metrics.py:101] SpecDecoding metrics: Mean acceptance length: 2.95, Accepted throughput: 12.22 tokens/s, Drafted throughput: 68.85 tokens/s, Accepted: 123 tokens, Drafted: 693 tokens, Per-position acceptance rate: 0.905, 0.635, 0.381, 0.032, 0.000, 0.000, 0.000, 0.000, 0.000, 0.000, 0.000, Avg Draft acceptance rate: 17.7%",/lustre/fs1/portfolios/coreai/projects/coreai_dlalgo_nemorl/users/sna/SpecDec-RL-main-vllm020-20260606/vllm-runs/qwen235b_a22b_math500_osl32k_oci_tp4_fp8kv_eagle3_offset0_n4_isl4096_osl32768_bs1_2_k11_20260613_oci_math_drafter_k11
2026-06-13T07:34:59+02:00,3288484,baseline,RUNNING,8.48,5,1.000,,,,,0,"INFO 06-12 22:34:57 [loggers.py:271] Engine 000: Avg prompt throughput: 0.0 tokens/s, Avg generation throughput: 8.5 tokens/s, Running: 1 reqs, Waiting: 0 reqs, GPU KV cache usage: 0.5%, Prefix cache hit rate: 43.6%",,/lustre/fs1/portfolios/coreai/projects/coreai_dlalgo_nemorl/users/sna/SpecDec-RL-main-vllm020-20260606/vllm-runs/qwen235b_a22b_math500_osl32k_oci_tp4_fp8kv_baseline_offset0_n4_isl4096_osl32768_bs1_2_k0_20260613_oci_math
2026-06-13T07:35:01+02:00,3288487,suffix_k32,FAILED,,0,,,,,,0,,,/lustre/fs1/portfolios/coreai/projects/coreai_dlalgo_nemorl/users/sna/SpecDec-RL-main-vllm020-20260606/vllm-runs/qwen235b_a22b_math500_osl32k_oci_tp4_fp8kv_suffix_offset0_n4_isl4096_osl32768_bs1_2_k32_20260613_oci_math
2026-06-13T07:35:02+02:00,3288488,pard_k5,RUNNING,25.32,5,2.986,5.61,20.80,22.55,92.24,5,"INFO 06-12 22:34:56 [loggers.py:271] Engine 000: Avg prompt throughput: 0.0 tokens/s, Avg generation throughput: 25.9 tokens/s, Running: 1 reqs, Waiting: 0 reqs, GPU KV cache usage: 0.4%, Prefix cache hit rate: 17.0%","INFO 06-12 22:34:56 [metrics.py:101] SpecDecoding metrics: Mean acceptance length: 5.76, Accepted throughput: 21.40 tokens/s, Drafted throughput: 22.50 tokens/s, Accepted: 214 tokens, Drafted: 225 tokens, Per-position acceptance rate: 1.000, 1.000, 0.956, 0.933, 0.867, Avg Draft acceptance rate: 95.1%",/lustre/fs1/portfolios/coreai/projects/coreai_dlalgo_nemorl/users/sna/SpecDec-RL-main-vllm020-20260606/vllm-runs/qwen235b_a22b_math500_osl32k_oci_tp4_fp8kv_pard_offset0_n4_isl4096_osl32768_bs1_2_k5_20260613_oci_math
2026-06-13T07:35:04+02:00,3288490,official_pard2_k1,RUNNING,5.84,5,0.689,1.07,0.38,5.46,6.92,5,"INFO 06-12 22:34:56 [loggers.py:271] Engine 000: Avg prompt throughput: 0.0 tokens/s, Avg generation throughput: 5.5 tokens/s, Running: 1 reqs, Waiting: 0 reqs, GPU KV cache usage: 0.1%, Prefix cache hit rate: 43.6%","INFO 06-12 22:34:56 [metrics.py:101] SpecDecoding metrics: Mean acceptance length: 1.02, Accepted throughput: 0.10 tokens/s, Drafted throughput: 5.42 tokens/s, Accepted: 1 tokens, Drafted: 55 tokens, Per-position acceptance rate: 0.018, Avg Draft acceptance rate: 1.8%",/lustre/fs1/portfolios/coreai/projects/coreai_dlalgo_nemorl/users/sna/SpecDec-RL-main-vllm020-20260606/vllm-runs/qwen235b_a22b_math500_osl32k_oci_tp4_fp8kv_pard2_offset0_n4_isl4096_osl32768_bs1_2_k1_20260613_oci_math
2026-06-13T07:35:05+02:00,3288491,eagle3_k3,RUNNING,22.96,5,2.708,3.15,15.68,21.85,71.80,5,"INFO 06-12 22:34:57 [loggers.py:271] Engine 000: Avg prompt throughput: 0.0 tokens/s, Avg generation throughput: 22.4 tokens/s, Running: 1 reqs, Waiting: 0 reqs, GPU KV cache usage: 1.1%, Prefix cache hit rate: 11.3%","INFO 06-12 22:34:57 [metrics.py:101] SpecDecoding metrics: Mean acceptance length: 3.18, Accepted throughput: 15.39 tokens/s, Drafted throughput: 21.15 tokens/s, Accepted: 155 tokens, Drafted: 213 tokens, Per-position acceptance rate: 0.944, 0.803, 0.437, Avg Draft acceptance rate: 72.8%",/lustre/fs1/portfolios/coreai/projects/coreai_dlalgo_nemorl/users/sna/SpecDec-RL-main-vllm020-20260606/vllm-runs/qwen235b_a22b_math500_osl32k_oci_tp4_fp8kv_eagle3_offset0_n4_isl4096_osl32768_bs1_2_k3_20260613_oci_math
2026-06-13T07:35:06+02:00,3288594,suffix_k32,RUNNING,193.22,5,22.785,12.12,177.28,189.33,93.66,5,"INFO 06-12 22:34:57 [loggers.py:271] Engine 000: Avg prompt throughput: 0.0 tokens/s, Avg generation throughput: 194.5 tokens/s, Running: 2 reqs, Waiting: 0 reqs, GPU KV cache usage: 1.7%, Prefix cache hit rate: 59.3%","INFO 06-12 22:34:57 [metrics.py:101] SpecDecoding metrics: Mean acceptance length: 12.10, Accepted throughput: 178.44 tokens/s, Drafted throughput: 190.95 tokens/s, Accepted: 1798 tokens, Drafted: 1924 tokens, Per-position acceptance rate: 1.000, 1.000, 1.000, 1.000, 1.000, 1.000, 0.870, 0.870, 0.870, 0.870, 0.870, 0.747, 0.000, 0.000, 0.000, 0.000, 0.000, 0.000, 0.000, 0.000, 0.000, 0.000, 0.000, 0.000, 0.000, 0.000, 0.000, 0.000, 0.000, 0.000, 0.000, 0.000, Avg Draft acceptance rate: 93.5%",/lustre/fs1/portfolios/coreai/projects/coreai_dlalgo_nemorl/users/sna/SpecDec-RL-main-vllm020-20260606/vllm-runs/qwen235b_a22b_math500_osl32k_oci_tp4_fp8kv_suffix_offset0_n4_isl4096_osl32768_bs1_2_k32_20260613_oci_math_suffix_py312_retry1
2026-06-13T07:35:08+02:00,3288918,pard_k9,RUNNING,16.16,5,1.906,2.79,10.36,52.16,19.86,5,"INFO 06-12 22:35:05 [loggers.py:271] Engine 000: Avg prompt throughput: 0.0 tokens/s, Avg generation throughput: 15.7 tokens/s, Running: 1 reqs, Waiting: 0 reqs, GPU KV cache usage: 2.4%, Prefix cache hit rate: 43.6%","INFO 06-12 22:35:05 [metrics.py:101] SpecDecoding metrics: Mean acceptance length: 2.72, Accepted throughput: 9.91 tokens/s, Drafted throughput: 51.74 tokens/s, Accepted: 100 tokens, Drafted: 522 tokens, Per-position acceptance rate: 0.741, 0.724, 0.259, 0.000, 0.000, 0.000, 0.000, 0.000, 0.000, Avg Draft acceptance rate: 19.2%",/lustre/fs1/portfolios/coreai/projects/coreai_dlalgo_nemorl/users/sna/SpecDec-RL-main-vllm020-20260606/vllm-runs/qwen235b_a22b_math500_osl32k_oci_tp4_fp8kv_pard_offset0_n4_isl4096_osl32768_bs1_2_k9_20260613_oci_math_drafter_k9
2026-06-13T07:35:09+02:00,3288922,official_pard2_k9,RUNNING,6.86,5,0.809,1.05,0.32,58.95,0.54,5,"INFO 06-12 22:35:03 [loggers.py:271] Engine 000: Avg prompt throughput: 0.0 tokens/s, Avg generation throughput: 6.9 tokens/s, Running: 1 reqs, Waiting: 0 reqs, GPU KV cache usage: 1.2%, Prefix cache hit rate: 0.0%","INFO 06-12 22:35:03 [metrics.py:101] SpecDecoding metrics: Mean acceptance length: 1.04, Accepted throughput: 0.30 tokens/s, Drafted throughput: 59.70 tokens/s, Accepted: 3 tokens, Drafted: 603 tokens, Per-position acceptance rate: 0.045, 0.000, 0.000, 0.000, 0.000, 0.000, 0.000, 0.000, 0.000, Avg Draft acceptance rate: 0.5%",/lustre/fs1/portfolios/coreai/projects/coreai_dlalgo_nemorl/users/sna/SpecDec-RL-main-vllm020-20260606/vllm-runs/qwen235b_a22b_math500_osl32k_oci_tp4_fp8kv_pard2_offset0_n4_isl4096_osl32768_bs1_2_k9_20260613_oci_math_drafter_k9
2026-06-13T07:35:11+02:00,3288926,eagle3_k9,RUNNING,19.62,5,2.314,2.87,12.79,61.38,20.86,5,"INFO 06-12 22:35:05 [loggers.py:271] Engine 000: Avg prompt throughput: 0.0 tokens/s, Avg generation throughput: 19.5 tokens/s, Running: 1 reqs, Waiting: 0 reqs, GPU KV cache usage: 1.0%, Prefix cache hit rate: 0.0%","INFO 06-12 22:35:05 [metrics.py:101] SpecDecoding metrics: Mean acceptance length: 2.84, Accepted throughput: 12.62 tokens/s, Drafted throughput: 61.73 tokens/s, Accepted: 127 tokens, Drafted: 621 tokens, Per-position acceptance rate: 0.870, 0.609, 0.304, 0.058, 0.000, 0.000, 0.000, 0.000, 0.000, Avg Draft acceptance rate: 20.5%",/lustre/fs1/portfolios/coreai/projects/coreai_dlalgo_nemorl/users/sna/SpecDec-RL-main-vllm020-20260606/vllm-runs/qwen235b_a22b_math500_osl32k_oci_tp4_fp8kv_eagle3_offset0_n4_isl4096_osl32768_bs1_2_k9_20260613_oci_math_drafter_k9
2026-06-13T07:35:12+02:00,3288919,pard_k11,RUNNING,18.60,5,2.193,3.01,12.42,67.94,18.28,5,"INFO 06-12 22:35:06 [loggers.py:271] Engine 000: Avg prompt throughput: 0.0 tokens/s, Avg generation throughput: 17.8 tokens/s, Running: 1 reqs, Waiting: 0 reqs, GPU KV cache usage: 2.2%, Prefix cache hit rate: 43.6%","INFO 06-12 22:35:06 [metrics.py:101] SpecDecoding metrics: Mean acceptance length: 2.90, Accepted throughput: 11.65 tokens/s, Drafted throughput: 67.33 tokens/s, Accepted: 118 tokens, Drafted: 682 tokens, Per-position acceptance rate: 0.790, 0.645, 0.403, 0.065, 0.000, 0.000, 0.000, 0.000, 0.000, 0.000, 0.000, Avg Draft acceptance rate: 17.3%",/lustre/fs1/portfolios/coreai/projects/coreai_dlalgo_nemorl/users/sna/SpecDec-RL-main-vllm020-20260606/vllm-runs/qwen235b_a22b_math500_osl32k_oci_tp4_fp8kv_pard_offset0_n4_isl4096_osl32768_bs1_2_k11_20260613_oci_math_drafter_k11
2026-06-13T07:35:13+02:00,3288921,official_pard2_k11,RUNNING,7.02,5,0.828,1.04,0.32,73.71,0.42,5,"INFO 06-12 22:35:06 [loggers.py:271] Engine 000: Avg prompt throughput: 0.0 tokens/s, Avg generation throughput: 7.0 tokens/s, Running: 1 reqs, Waiting: 0 reqs, GPU KV cache usage: 1.2%, Prefix cache hit rate: 0.0%","INFO 06-12 22:35:06 [metrics.py:101] SpecDecoding metrics: Mean acceptance length: 1.04, Accepted throughput: 0.30 tokens/s, Drafted throughput: 73.99 tokens/s, Accepted: 3 tokens, Drafted: 748 tokens, Per-position acceptance rate: 0.044, 0.000, 0.000, 0.000, 0.000, 0.000, 0.000, 0.000, 0.000, 0.000, 0.000, Avg Draft acceptance rate: 0.4%",/lustre/fs1/portfolios/coreai/projects/coreai_dlalgo_nemorl/users/sna/SpecDec-RL-main-vllm020-20260606/vllm-runs/qwen235b_a22b_math500_osl32k_oci_tp4_fp8kv_pard2_offset0_n4_isl4096_osl32768_bs1_2_k11_20260613_oci_math_drafter_k11
2026-06-13T07:35:15+02:00,3288927,eagle3_k11,RUNNING,17.80,5,2.099,2.87,11.61,68.11,17.04,5,"INFO 06-12 22:35:10 [loggers.py:271] Engine 000: Avg prompt throughput: 0.0 tokens/s, Avg generation throughput: 18.0 tokens/s, Running: 1 reqs, Waiting: 0 reqs, GPU KV cache usage: 0.8%, Prefix cache hit rate: 0.0%","INFO 06-12 22:35:10 [metrics.py:101] SpecDecoding metrics: Mean acceptance length: 2.87, Accepted throughput: 11.73 tokens/s, Drafted throughput: 68.88 tokens/s, Accepted: 118 tokens, Drafted: 693 tokens, Per-position acceptance rate: 0.873, 0.619, 0.381, 0.000, 0.000, 0.000, 0.000, 0.000, 0.000, 0.000, 0.000, Avg Draft acceptance rate: 17.0%",/lustre/fs1/portfolios/coreai/projects/coreai_dlalgo_nemorl/users/sna/SpecDec-RL-main-vllm020-20260606/vllm-runs/qwen235b_a22b_math500_osl32k_oci_tp4_fp8kv_eagle3_offset0_n4_isl4096_osl32768_bs1_2_k11_20260613_oci_math_drafter_k11
2026-06-13T07:40:19+02:00,3288484,baseline,RUNNING,8.20,5,1.000,,,,,0,"INFO 06-12 22:40:19 [loggers.py:271] Engine 000: Avg prompt throughput: 0.0 tokens/s, Avg generation throughput: 8.2 tokens/s, Running: 1 reqs, Waiting: 0 reqs, GPU KV cache usage: 0.6%, Prefix cache hit rate: 43.6%",,/lustre/fs1/portfolios/coreai/projects/coreai_dlalgo_nemorl/users/sna/SpecDec-RL-main-vllm020-20260606/vllm-runs/qwen235b_a22b_math500_osl32k_oci_tp4_fp8kv_baseline_offset0_n4_isl4096_osl32768_bs1_2_k0_20260613_oci_math
2026-06-13T07:40:20+02:00,3288487,suffix_k32,FAILED,,0,,,,,,0,,,/lustre/fs1/portfolios/coreai/projects/coreai_dlalgo_nemorl/users/sna/SpecDec-RL-main-vllm020-20260606/vllm-runs/qwen235b_a22b_math500_osl32k_oci_tp4_fp8kv_suffix_offset0_n4_isl4096_osl32768_bs1_2_k32_20260613_oci_math
2026-06-13T07:40:21+02:00,3288488,pard_k5,RUNNING,19.20,5,2.341,4.34,14.77,22.10,66.84,5,"INFO 06-12 22:40:19 [loggers.py:271] Engine 000: Avg prompt throughput: 0.0 tokens/s, Avg generation throughput: 19.5 tokens/s, Running: 1 reqs, Waiting: 0 reqs, GPU KV cache usage: 0.9%, Prefix cache hit rate: 17.0%","INFO 06-12 22:40:19 [metrics.py:101] SpecDecoding metrics: Mean acceptance length: 4.40, Accepted throughput: 15.05 tokens/s, Drafted throughput: 22.13 tokens/s, Accepted: 153 tokens, Drafted: 225 tokens, Per-position acceptance rate: 0.956, 0.933, 0.733, 0.511, 0.267, Avg Draft acceptance rate: 68.0%",/lustre/fs1/portfolios/coreai/projects/coreai_dlalgo_nemorl/users/sna/SpecDec-RL-main-vllm020-20260606/vllm-runs/qwen235b_a22b_math500_osl32k_oci_tp4_fp8kv_pard_offset0_n4_isl4096_osl32768_bs1_2_k5_20260613_oci_math
2026-06-13T07:40:24+02:00,3288490,official_pard2_k1,RUNNING,5.74,5,0.700,1.04,0.24,5.49,4.36,5,"INFO 06-12 22:40:19 [loggers.py:271] Engine 000: Avg prompt throughput: 0.0 tokens/s, Avg generation throughput: 5.7 tokens/s, Running: 1 reqs, Waiting: 0 reqs, GPU KV cache usage: 0.2%, Prefix cache hit rate: 43.6%","INFO 06-12 22:40:19 [metrics.py:101] SpecDecoding metrics: Mean acceptance length: 1.04, Accepted throughput: 0.20 tokens/s, Drafted throughput: 5.49 tokens/s, Accepted: 2 tokens, Drafted: 55 tokens, Per-position acceptance rate: 0.036, Avg Draft acceptance rate: 3.6%",/lustre/fs1/portfolios/coreai/projects/coreai_dlalgo_nemorl/users/sna/SpecDec-RL-main-vllm020-20260606/vllm-runs/qwen235b_a22b_math500_osl32k_oci_tp4_fp8kv_pard2_offset0_n4_isl4096_osl32768_bs1_2_k1_20260613_oci_math
2026-06-13T07:40:26+02:00,3288491,eagle3_k3,RUNNING,22.54,5,2.749,3.12,15.31,21.69,70.58,5,"INFO 06-12 22:40:19 [loggers.py:271] Engine 000: Avg prompt throughput: 0.0 tokens/s, Avg generation throughput: 22.7 tokens/s, Running: 1 reqs, Waiting: 0 reqs, GPU KV cache usage: 1.5%, Prefix cache hit rate: 11.3%","INFO 06-12 22:40:19 [metrics.py:101] SpecDecoding metrics: Mean acceptance length: 3.14, Accepted throughput: 15.45 tokens/s, Drafted throughput: 21.69 tokens/s, Accepted: 156 tokens, Drafted: 219 tokens, Per-position acceptance rate: 0.945, 0.767, 0.425, Avg Draft acceptance rate: 71.2%",/lustre/fs1/portfolios/coreai/projects/coreai_dlalgo_nemorl/users/sna/SpecDec-RL-main-vllm020-20260606/vllm-runs/qwen235b_a22b_math500_osl32k_oci_tp4_fp8kv_eagle3_offset0_n4_isl4096_osl32768_bs1_2_k3_20260613_oci_math
2026-06-13T07:40:28+02:00,3288594,suffix_k32,COMPLETED,88.70,5,10.817,11.25,80.82,92.64,87.22,5,"INFO 06-12 22:38:08 [loggers.py:271] Engine 000: Avg prompt throughput: 0.0 tokens/s, Avg generation throughput: 87.3 tokens/s, Running: 1 reqs, Waiting: 0 reqs, GPU KV cache usage: 1.5%, Prefix cache hit rate: 59.3%","INFO 06-12 22:38:08 [metrics.py:101] SpecDecoding metrics: Mean acceptance length: 11.22, Accepted throughput: 79.50 tokens/s, Drafted throughput: 91.47 tokens/s, Accepted: 797 tokens, Drafted: 917 tokens, Per-position acceptance rate: 1.000, 1.000, 1.000, 1.000, 1.000, 1.000, 0.744, 0.744, 0.744, 0.744, 0.744, 0.500, 0.000, 0.000, 0.000, 0.000, 0.000, 0.000, 0.000, 0.000, 0.000, 0.000, 0.000, 0.000, 0.000, 0.000, 0.000, 0.000, 0.000, 0.000, 0.000, 0.000, Avg Draft acceptance rate: 86.9%",/lustre/fs1/portfolios/coreai/projects/coreai_dlalgo_nemorl/users/sna/SpecDec-RL-main-vllm020-20260606/vllm-runs/qwen235b_a22b_math500_osl32k_oci_tp4_fp8kv_suffix_offset0_n4_isl4096_osl32768_bs1_2_k32_20260613_oci_math_suffix_py312_retry1
2026-06-13T07:40:30+02:00,3288918,pard_k9,RUNNING,16.54,5,2.017,2.43,9.75,61.22,15.90,5,"INFO 06-12 22:40:27 [loggers.py:271] Engine 000: Avg prompt throughput: 0.0 tokens/s, Avg generation throughput: 16.6 tokens/s, Running: 1 reqs, Waiting: 0 reqs, GPU KV cache usage: 0.5%, Prefix cache hit rate: 21.1%","INFO 06-12 22:40:27 [metrics.py:101] SpecDecoding metrics: Mean acceptance length: 2.43, Accepted throughput: 9.81 tokens/s, Drafted throughput: 61.53 tokens/s, Accepted: 99 tokens, Drafted: 621 tokens, Per-position acceptance rate: 0.565, 0.304, 0.217, 0.174, 0.072, 0.043, 0.029, 0.014, 0.014, Avg Draft acceptance rate: 15.9%",/lustre/fs1/portfolios/coreai/projects/coreai_dlalgo_nemorl/users/sna/SpecDec-RL-main-vllm020-20260606/vllm-runs/qwen235b_a22b_math500_osl32k_oci_tp4_fp8kv_pard_offset0_n4_isl4096_osl32768_bs1_2_k9_20260613_oci_math_drafter_k9
2026-06-13T07:40:31+02:00,3288922,official_pard2_k9,RUNNING,6.48,5,0.790,1.00,0.00,58.14,0.00,5,"INFO 06-12 22:40:25 [loggers.py:271] Engine 000: Avg prompt throughput: 0.0 tokens/s, Avg generation throughput: 6.5 tokens/s, Running: 1 reqs, Waiting: 0 reqs, GPU KV cache usage: 1.3%, Prefix cache hit rate: 0.0%","INFO 06-12 22:40:25 [metrics.py:101] SpecDecoding metrics: Mean acceptance length: 1.00, Accepted throughput: 0.00 tokens/s, Drafted throughput: 58.21 tokens/s, Accepted: 0 tokens, Drafted: 585 tokens, Per-position acceptance rate: 0.000, 0.000, 0.000, 0.000, 0.000, 0.000, 0.000, 0.000, 0.000, Avg Draft acceptance rate: 0.0%",/lustre/fs1/portfolios/coreai/projects/coreai_dlalgo_nemorl/users/sna/SpecDec-RL-main-vllm020-20260606/vllm-runs/qwen235b_a22b_math500_osl32k_oci_tp4_fp8kv_pard2_offset0_n4_isl4096_osl32768_bs1_2_k9_20260613_oci_math_drafter_k9
2026-06-13T07:40:32+02:00,3288926,eagle3_k9,RUNNING,19.22,5,2.344,2.88,12.54,60.19,20.82,5,"INFO 06-12 22:40:27 [loggers.py:271] Engine 000: Avg prompt throughput: 0.0 tokens/s, Avg generation throughput: 18.9 tokens/s, Running: 1 reqs, Waiting: 0 reqs, GPU KV cache usage: 1.3%, Prefix cache hit rate: 0.0%","INFO 06-12 22:40:27 [metrics.py:101] SpecDecoding metrics: Mean acceptance length: 2.84, Accepted throughput: 12.26 tokens/s, Drafted throughput: 60.12 tokens/s, Accepted: 123 tokens, Drafted: 603 tokens, Per-position acceptance rate: 0.866, 0.612, 0.239, 0.119, 0.000, 0.000, 0.000, 0.000, 0.000, Avg Draft acceptance rate: 20.4%",/lustre/fs1/portfolios/coreai/projects/coreai_dlalgo_nemorl/users/sna/SpecDec-RL-main-vllm020-20260606/vllm-runs/qwen235b_a22b_math500_osl32k_oci_tp4_fp8kv_eagle3_offset0_n4_isl4096_osl32768_bs1_2_k9_20260613_oci_math_drafter_k9
2026-06-13T07:40:34+02:00,3288919,pard_k11,RUNNING,22.16,5,2.702,3.47,15.77,70.34,22.40,5,"INFO 06-12 22:40:30 [loggers.py:271] Engine 000: Avg prompt throughput: 0.0 tokens/s, Avg generation throughput: 22.6 tokens/s, Running: 1 reqs, Waiting: 0 reqs, GPU KV cache usage: 0.3%, Prefix cache hit rate: 21.1%","INFO 06-12 22:40:30 [metrics.py:101] SpecDecoding metrics: Mean acceptance length: 3.52, Accepted throughput: 16.20 tokens/s, Drafted throughput: 70.62 tokens/s, Accepted: 164 tokens, Drafted: 715 tokens, Per-position acceptance rate: 0.662, 0.554, 0.385, 0.323, 0.246, 0.154, 0.077, 0.062, 0.031, 0.015, 0.015, Avg Draft acceptance rate: 22.9%",/lustre/fs1/portfolios/coreai/projects/coreai_dlalgo_nemorl/users/sna/SpecDec-RL-main-vllm020-20260606/vllm-runs/qwen235b_a22b_math500_osl32k_oci_tp4_fp8kv_pard_offset0_n4_isl4096_osl32768_bs1_2_k11_20260613_oci_math_drafter_k11
2026-06-13T07:40:35+02:00,3288921,official_pard2_k11,RUNNING,6.70,5,0.817,1.00,0.00,73.67,0.00,5,"INFO 06-12 22:40:29 [loggers.py:271] Engine 000: Avg prompt throughput: 0.0 tokens/s, Avg generation throughput: 6.7 tokens/s, Running: 1 reqs, Waiting: 0 reqs, GPU KV cache usage: 1.3%, Prefix cache hit rate: 0.0%","INFO 06-12 22:40:29 [metrics.py:101] SpecDecoding metrics: Mean acceptance length: 1.00, Accepted throughput: 0.00 tokens/s, Drafted throughput: 73.55 tokens/s, Accepted: 0 tokens, Drafted: 737 tokens, Per-position acceptance rate: 0.000, 0.000, 0.000, 0.000, 0.000, 0.000, 0.000, 0.000, 0.000, 0.000, 0.000, Avg Draft acceptance rate: 0.0%",/lustre/fs1/portfolios/coreai/projects/coreai_dlalgo_nemorl/users/sna/SpecDec-RL-main-vllm020-20260606/vllm-runs/qwen235b_a22b_math500_osl32k_oci_tp4_fp8kv_pard2_offset0_n4_isl4096_osl32768_bs1_2_k11_20260613_oci_math_drafter_k11
2026-06-13T07:40:37+02:00,3288927,eagle3_k11,RUNNING,18.02,5,2.198,2.87,11.75,69.09,17.00,5,"INFO 06-12 22:40:32 [loggers.py:271] Engine 000: Avg prompt throughput: 0.0 tokens/s, Avg generation throughput: 17.9 tokens/s, Running: 1 reqs, Waiting: 0 reqs, GPU KV cache usage: 1.1%, Prefix cache hit rate: 0.0%","INFO 06-12 22:40:32 [metrics.py:101] SpecDecoding metrics: Mean acceptance length: 2.86, Accepted throughput: 11.66 tokens/s, Drafted throughput: 69.04 tokens/s, Accepted: 117 tokens, Drafted: 693 tokens, Per-position acceptance rate: 0.873, 0.619, 0.302, 0.063, 0.000, 0.000, 0.000, 0.000, 0.000, 0.000, 0.000, Avg Draft acceptance rate: 16.9%",/lustre/fs1/portfolios/coreai/projects/coreai_dlalgo_nemorl/users/sna/SpecDec-RL-main-vllm020-20260606/vllm-runs/qwen235b_a22b_math500_osl32k_oci_tp4_fp8kv_eagle3_offset0_n4_isl4096_osl32768_bs1_2_k11_20260613_oci_math_drafter_k11
2026-06-13T07:47:02+02:00,3288484,baseline,RUNNING,8.30,5,1.000,,,,,0,"INFO 06-12 22:47:01 [loggers.py:271] Engine 000: Avg prompt throughput: 0.0 tokens/s, Avg generation throughput: 8.3 tokens/s, Running: 1 reqs, Waiting: 0 reqs, GPU KV cache usage: 0.8%, Prefix cache hit rate: 43.6%",,/lustre/fs1/portfolios/coreai/projects/coreai_dlalgo_nemorl/users/sna/SpecDec-RL-main-vllm020-20260606/vllm-runs/qwen235b_a22b_math500_osl32k_oci_tp4_fp8kv_baseline_offset0_n4_isl4096_osl32768_bs1_2_k0_20260613_oci_math
2026-06-13T07:47:03+02:00,3288487,suffix_k32,FAILED,,0,,,,,,0,,,/lustre/fs1/portfolios/coreai/projects/coreai_dlalgo_nemorl/users/sna/SpecDec-RL-main-vllm020-20260606/vllm-runs/qwen235b_a22b_math500_osl32k_oci_tp4_fp8kv_suffix_offset0_n4_isl4096_osl32768_bs1_2_k32_20260613_oci_math
2026-06-13T07:47:05+02:00,3288488,pard_k5,RUNNING,14.88,5,1.793,3.31,10.38,22.43,46.28,5,"INFO 06-12 22:47:02 [loggers.py:271] Engine 000: Avg prompt throughput: 0.0 tokens/s, Avg generation throughput: 14.4 tokens/s, Running: 1 reqs, Waiting: 0 reqs, GPU KV cache usage: 1.4%, Prefix cache hit rate: 17.0%","INFO 06-12 22:47:02 [metrics.py:101] SpecDecoding metrics: Mean acceptance length: 3.20, Accepted throughput: 9.87 tokens/s, Drafted throughput: 22.44 tokens/s, Accepted: 99 tokens, Drafted: 225 tokens, Per-position acceptance rate: 0.911, 0.711, 0.244, 0.200, 0.133, Avg Draft acceptance rate: 44.0%",/lustre/fs1/portfolios/coreai/projects/coreai_dlalgo_nemorl/users/sna/SpecDec-RL-main-vllm020-20260606/vllm-runs/qwen235b_a22b_math500_osl32k_oci_tp4_fp8kv_pard_offset0_n4_isl4096_osl32768_bs1_2_k5_20260613_oci_math
2026-06-13T07:47:06+02:00,3288490,official_pard2_k1,RUNNING,7.06,5,0.851,1.04,0.28,6.76,4.10,5,"INFO 06-12 22:47:02 [loggers.py:271] Engine 000: Avg prompt throughput: 0.0 tokens/s, Avg generation throughput: 7.1 tokens/s, Running: 1 reqs, Waiting: 0 reqs, GPU KV cache usage: 0.4%, Prefix cache hit rate: 43.6%","INFO 06-12 22:47:02 [metrics.py:101] SpecDecoding metrics: Mean acceptance length: 1.04, Accepted throughput: 0.30 tokens/s, Drafted throughput: 6.78 tokens/s, Accepted: 3 tokens, Drafted: 68 tokens, Per-position acceptance rate: 0.044, Avg Draft acceptance rate: 4.4%",/lustre/fs1/portfolios/coreai/projects/coreai_dlalgo_nemorl/users/sna/SpecDec-RL-main-vllm020-20260606/vllm-runs/qwen235b_a22b_math500_osl32k_oci_tp4_fp8kv_pard2_offset0_n4_isl4096_osl32768_bs1_2_k1_20260613_oci_math
2026-06-13T07:47:07+02:00,3288491,eagle3_k3,RUNNING,24.84,5,2.993,3.25,17.22,22.88,75.28,5,"INFO 06-12 22:47:03 [loggers.py:271] Engine 000: Avg prompt throughput: 0.0 tokens/s, Avg generation throughput: 25.5 tokens/s, Running: 1 reqs, Waiting: 0 reqs, GPU KV cache usage: 0.3%, Prefix cache hit rate: 10.5%","INFO 06-12 22:47:03 [metrics.py:101] SpecDecoding metrics: Mean acceptance length: 3.35, Accepted throughput: 17.92 tokens/s, Drafted throughput: 22.87 tokens/s, Accepted: 181 tokens, Drafted: 231 tokens, Per-position acceptance rate: 1.000, 0.844, 0.506, Avg Draft acceptance rate: 78.4%",/lustre/fs1/portfolios/coreai/projects/coreai_dlalgo_nemorl/users/sna/SpecDec-RL-main-vllm020-20260606/vllm-runs/qwen235b_a22b_math500_osl32k_oci_tp4_fp8kv_eagle3_offset0_n4_isl4096_osl32768_bs1_2_k3_20260613_oci_math
2026-06-13T07:47:09+02:00,3288594,suffix_k32,COMPLETED,88.70,5,10.687,11.25,80.82,92.64,87.22,5,"INFO 06-12 22:38:08 [loggers.py:271] Engine 000: Avg prompt throughput: 0.0 tokens/s, Avg generation throughput: 87.3 tokens/s, Running: 1 reqs, Waiting: 0 reqs, GPU KV cache usage: 1.5%, Prefix cache hit rate: 59.3%","INFO 06-12 22:38:08 [metrics.py:101] SpecDecoding metrics: Mean acceptance length: 11.22, Accepted throughput: 79.50 tokens/s, Drafted throughput: 91.47 tokens/s, Accepted: 797 tokens, Drafted: 917 tokens, Per-position acceptance rate: 1.000, 1.000, 1.000, 1.000, 1.000, 1.000, 0.744, 0.744, 0.744, 0.744, 0.744, 0.500, 0.000, 0.000, 0.000, 0.000, 0.000, 0.000, 0.000, 0.000, 0.000, 0.000, 0.000, 0.000, 0.000, 0.000, 0.000, 0.000, 0.000, 0.000, 0.000, 0.000, Avg Draft acceptance rate: 86.9%",/lustre/fs1/portfolios/coreai/projects/coreai_dlalgo_nemorl/users/sna/SpecDec-RL-main-vllm020-20260606/vllm-runs/qwen235b_a22b_math500_osl32k_oci_tp4_fp8kv_suffix_offset0_n4_isl4096_osl32768_bs1_2_k32_20260613_oci_math_suffix_py312_retry1
2026-06-13T07:47:10+02:00,3288918,pard_k9,RUNNING,27.78,5,3.347,4.07,20.96,61.34,34.18,5,"INFO 06-12 22:47:10 [loggers.py:271] Engine 000: Avg prompt throughput: 0.0 tokens/s, Avg generation throughput: 27.4 tokens/s, Running: 1 reqs, Waiting: 0 reqs, GPU KV cache usage: 1.4%, Prefix cache hit rate: 21.1%","INFO 06-12 22:47:10 [metrics.py:101] SpecDecoding metrics: Mean acceptance length: 4.03, Accepted throughput: 20.61 tokens/s, Drafted throughput: 61.25 tokens/s, Accepted: 209 tokens, Drafted: 621 tokens, Per-position acceptance rate: 0.841, 0.768, 0.696, 0.435, 0.261, 0.014, 0.014, 0.000, 0.000, Avg Draft acceptance rate: 33.7%",/lustre/fs1/portfolios/coreai/projects/coreai_dlalgo_nemorl/users/sna/SpecDec-RL-main-vllm020-20260606/vllm-runs/qwen235b_a22b_math500_osl32k_oci_tp4_fp8kv_pard_offset0_n4_isl4096_osl32768_bs1_2_k9_20260613_oci_math_drafter_k9
2026-06-13T07:47:12+02:00,3288922,official_pard2_k9,RUNNING,6.64,5,0.800,1.03,0.16,58.34,0.28,5,"INFO 06-12 22:47:08 [loggers.py:271] Engine 000: Avg prompt throughput: 0.0 tokens/s, Avg generation throughput: 6.5 tokens/s, Running: 1 reqs, Waiting: 0 reqs, GPU KV cache usage: 1.5%, Prefix cache hit rate: 0.0%","INFO 06-12 22:47:08 [metrics.py:101] SpecDecoding metrics: Mean acceptance length: 1.00, Accepted throughput: 0.00 tokens/s, Drafted throughput: 58.53 tokens/s, Accepted: 0 tokens, Drafted: 594 tokens, Per-position acceptance rate: 0.000, 0.000, 0.000, 0.000, 0.000, 0.000, 0.000, 0.000, 0.000, Avg Draft acceptance rate: 0.0%",/lustre/fs1/portfolios/coreai/projects/coreai_dlalgo_nemorl/users/sna/SpecDec-RL-main-vllm020-20260606/vllm-runs/qwen235b_a22b_math500_osl32k_oci_tp4_fp8kv_pard2_offset0_n4_isl4096_osl32768_bs1_2_k9_20260613_oci_math_drafter_k9
2026-06-13T07:47:13+02:00,3288926,eagle3_k9,RUNNING,21.62,5,2.605,3.50,15.41,55.98,27.80,5,"INFO 06-12 22:47:10 [loggers.py:271] Engine 000: Avg prompt throughput: 0.0 tokens/s, Avg generation throughput: 27.9 tokens/s, Running: 1 reqs, Waiting: 0 reqs, GPU KV cache usage: 0.0%, Prefix cache hit rate: 0.0%","INFO 06-12 22:47:10 [metrics.py:101] SpecDecoding metrics: Mean acceptance length: 4.19, Accepted throughput: 21.25 tokens/s, Drafted throughput: 59.87 tokens/s, Accepted: 214 tokens, Drafted: 603 tokens, Per-position acceptance rate: 0.866, 0.672, 0.522, 0.388, 0.328, 0.224, 0.134, 0.060, 0.000, Avg Draft acceptance rate: 35.5%",/lustre/fs1/portfolios/coreai/projects/coreai_dlalgo_nemorl/users/sna/SpecDec-RL-main-vllm020-20260606/vllm-runs/qwen235b_a22b_math500_osl32k_oci_tp4_fp8kv_eagle3_offset0_n4_isl4096_osl32768_bs1_2_k9_20260613_oci_math_drafter_k9
2026-06-13T07:47:15+02:00,3288919,pard_k11,RUNNING,33.72,5,4.063,5.15,27.18,72.03,37.74,5,"INFO 06-12 22:47:13 [loggers.py:271] Engine 000: Avg prompt throughput: 0.0 tokens/s, Avg generation throughput: 37.0 tokens/s, Running: 1 reqs, Waiting: 0 reqs, GPU KV cache usage: 1.0%, Prefix cache hit rate: 21.1%","INFO 06-12 22:47:13 [metrics.py:101] SpecDecoding metrics: Mean acceptance length: 5.67, Accepted throughput: 30.50 tokens/s, Drafted throughput: 71.89 tokens/s, Accepted: 308 tokens, Drafted: 726 tokens, Per-position acceptance rate: 0.955, 0.955, 0.939, 0.773, 0.697, 0.182, 0.167, 0.000, 0.000, 0.000, 0.000, Avg Draft acceptance rate: 42.4%",/lustre/fs1/portfolios/coreai/projects/coreai_dlalgo_nemorl/users/sna/SpecDec-RL-main-vllm020-20260606/vllm-runs/qwen235b_a22b_math500_osl32k_oci_tp4_fp8kv_pard_offset0_n4_isl4096_osl32768_bs1_2_k11_20260613_oci_math_drafter_k11
2026-06-13T07:47:16+02:00,3288921,official_pard2_k11,RUNNING,6.70,5,0.807,1.02,0.10,72.68,0.12,5,"INFO 06-12 22:47:13 [loggers.py:271] Engine 000: Avg prompt throughput: 0.0 tokens/s, Avg generation throughput: 6.6 tokens/s, Running: 1 reqs, Waiting: 0 reqs, GPU KV cache usage: 1.5%, Prefix cache hit rate: 0.0%","INFO 06-12 22:47:13 [metrics.py:101] SpecDecoding metrics: Mean acceptance length: 1.00, Accepted throughput: 0.00 tokens/s, Drafted throughput: 72.81 tokens/s, Accepted: 0 tokens, Drafted: 737 tokens, Per-position acceptance rate: 0.000, 0.000, 0.000, 0.000, 0.000, 0.000, 0.000, 0.000, 0.000, 0.000, 0.000, Avg Draft acceptance rate: 0.0%",/lustre/fs1/portfolios/coreai/projects/coreai_dlalgo_nemorl/users/sna/SpecDec-RL-main-vllm020-20260606/vllm-runs/qwen235b_a22b_math500_osl32k_oci_tp4_fp8kv_pard2_offset0_n4_isl4096_osl32768_bs1_2_k11_20260613_oci_math_drafter_k11
2026-06-13T07:47:17+02:00,3288927,eagle3_k11,RUNNING,18.02,5,2.171,2.87,11.74,69.05,17.00,5,"INFO 06-12 22:47:16 [loggers.py:271] Engine 000: Avg prompt throughput: 0.0 tokens/s, Avg generation throughput: 19.3 tokens/s, Running: 1 reqs, Waiting: 0 reqs, GPU KV cache usage: 1.4%, Prefix cache hit rate: 0.0%","INFO 06-12 22:47:16 [metrics.py:101] SpecDecoding metrics: Mean acceptance length: 2.81, Accepted throughput: 12.43 tokens/s, Drafted throughput: 75.46 tokens/s, Accepted: 125 tokens, Drafted: 759 tokens, Per-position acceptance rate: 0.855, 0.609, 0.304, 0.043, 0.000, 0.000, 0.000, 0.000, 0.000, 0.000, 0.000, Avg Draft acceptance rate: 16.5%",/lustre/fs1/portfolios/coreai/projects/coreai_dlalgo_nemorl/users/sna/SpecDec-RL-main-vllm020-20260606/vllm-runs/qwen235b_a22b_math500_osl32k_oci_tp4_fp8kv_eagle3_offset0_n4_isl4096_osl32768_bs1_2_k11_20260613_oci_math_drafter_k11
2026-06-13T07:51:58+02:00,3288484,baseline,RUNNING,8.30,5,1.000,,,,,0,"INFO 06-12 22:51:53 [loggers.py:271] Engine 000: Avg prompt throughput: 0.0 tokens/s, Avg generation throughput: 8.3 tokens/s, Running: 1 reqs, Waiting: 0 reqs, GPU KV cache usage: 0.9%, Prefix cache hit rate: 43.6%",,/lustre/fs1/portfolios/coreai/projects/coreai_dlalgo_nemorl/users/sna/SpecDec-RL-main-vllm020-20260606/vllm-runs/qwen235b_a22b_math500_osl32k_oci_tp4_fp8kv_baseline_offset0_n4_isl4096_osl32768_bs1_2_k0_20260613_oci_math
2026-06-13T07:51:59+02:00,3288487,suffix_k32,FAILED,,0,,,,,,0,,,/lustre/fs1/portfolios/coreai/projects/coreai_dlalgo_nemorl/users/sna/SpecDec-RL-main-vllm020-20260606/vllm-runs/qwen235b_a22b_math500_osl32k_oci_tp4_fp8kv_suffix_offset0_n4_isl4096_osl32768_bs1_2_k32_20260613_oci_math
2026-06-13T07:52:01+02:00,3288488,pard_k5,RUNNING,15.10,5,1.819,3.37,10.62,22.38,47.48,5,"INFO 06-12 22:51:54 [loggers.py:271] Engine 000: Avg prompt throughput: 0.0 tokens/s, Avg generation throughput: 15.4 tokens/s, Running: 1 reqs, Waiting: 0 reqs, GPU KV cache usage: 1.7%, Prefix cache hit rate: 17.0%","INFO 06-12 22:51:54 [metrics.py:101] SpecDecoding metrics: Mean acceptance length: 3.44, Accepted throughput: 10.93 tokens/s, Drafted throughput: 22.36 tokens/s, Accepted: 110 tokens, Drafted: 225 tokens, Per-position acceptance rate: 0.933, 0.711, 0.400, 0.267, 0.133, Avg Draft acceptance rate: 48.9%",/lustre/fs1/portfolios/coreai/projects/coreai_dlalgo_nemorl/users/sna/SpecDec-RL-main-vllm020-20260606/vllm-runs/qwen235b_a22b_math500_osl32k_oci_tp4_fp8kv_pard_offset0_n4_isl4096_osl32768_bs1_2_k5_20260613_oci_math
2026-06-13T07:52:02+02:00,3288490,official_pard2_k1,RUNNING,7.04,5,0.848,1.04,0.30,6.74,4.42,5,"INFO 06-12 22:51:54 [loggers.py:271] Engine 000: Avg prompt throughput: 0.0 tokens/s, Avg generation throughput: 7.1 tokens/s, Running: 1 reqs, Waiting: 0 reqs, GPU KV cache usage: 0.6%, Prefix cache hit rate: 43.6%","INFO 06-12 22:51:54 [metrics.py:101] SpecDecoding metrics: Mean acceptance length: 1.04, Accepted throughput: 0.30 tokens/s, Drafted throughput: 6.77 tokens/s, Accepted: 3 tokens, Drafted: 68 tokens, Per-position acceptance rate: 0.044, Avg Draft acceptance rate: 4.4%",/lustre/fs1/portfolios/coreai/projects/coreai_dlalgo_nemorl/users/sna/SpecDec-RL-main-vllm020-20260606/vllm-runs/qwen235b_a22b_math500_osl32k_oci_tp4_fp8kv_pard2_offset0_n4_isl4096_osl32768_bs1_2_k1_20260613_oci_math
2026-06-13T07:52:03+02:00,3288491,eagle3_k3,RUNNING,24.92,5,3.002,3.35,17.47,22.28,78.40,5,"INFO 06-12 22:51:55 [loggers.py:271] Engine 000: Avg prompt throughput: 0.0 tokens/s, Avg generation throughput: 24.9 tokens/s, Running: 1 reqs, Waiting: 0 reqs, GPU KV cache usage: 0.7%, Prefix cache hit rate: 10.5%","INFO 06-12 22:51:55 [metrics.py:101] SpecDecoding metrics: Mean acceptance length: 3.35, Accepted throughput: 17.43 tokens/s, Drafted throughput: 22.28 tokens/s, Accepted: 176 tokens, Drafted: 225 tokens, Per-position acceptance rate: 0.973, 0.867, 0.507, Avg Draft acceptance rate: 78.2%",/lustre/fs1/portfolios/coreai/projects/coreai_dlalgo_nemorl/users/sna/SpecDec-RL-main-vllm020-20260606/vllm-runs/qwen235b_a22b_math500_osl32k_oci_tp4_fp8kv_eagle3_offset0_n4_isl4096_osl32768_bs1_2_k3_20260613_oci_math
2026-06-13T07:52:05+02:00,3288594,suffix_k32,COMPLETED,88.70,5,10.687,11.25,80.82,92.64,87.22,5,"INFO 06-12 22:38:08 [loggers.py:271] Engine 000: Avg prompt throughput: 0.0 tokens/s, Avg generation throughput: 87.3 tokens/s, Running: 1 reqs, Waiting: 0 reqs, GPU KV cache usage: 1.5%, Prefix cache hit rate: 59.3%","INFO 06-12 22:38:08 [metrics.py:101] SpecDecoding metrics: Mean acceptance length: 11.22, Accepted throughput: 79.50 tokens/s, Drafted throughput: 91.47 tokens/s, Accepted: 797 tokens, Drafted: 917 tokens, Per-position acceptance rate: 1.000, 1.000, 1.000, 1.000, 1.000, 1.000, 0.744, 0.744, 0.744, 0.744, 0.744, 0.500, 0.000, 0.000, 0.000, 0.000, 0.000, 0.000, 0.000, 0.000, 0.000, 0.000, 0.000, 0.000, 0.000, 0.000, 0.000, 0.000, 0.000, 0.000, 0.000, 0.000, Avg Draft acceptance rate: 86.9%",/lustre/fs1/portfolios/coreai/projects/coreai_dlalgo_nemorl/users/sna/SpecDec-RL-main-vllm020-20260606/vllm-runs/qwen235b_a22b_math500_osl32k_oci_tp4_fp8kv_suffix_offset0_n4_isl4096_osl32768_bs1_2_k32_20260613_oci_math_suffix_py312_retry1
2026-06-13T07:52:06+02:00,3288918,pard_k9,RUNNING,22.42,5,2.701,3.40,15.81,59.39,26.62,5,"INFO 06-12 22:52:02 [loggers.py:271] Engine 000: Avg prompt throughput: 0.0 tokens/s, Avg generation throughput: 21.7 tokens/s, Running: 1 reqs, Waiting: 0 reqs, GPU KV cache usage: 1.9%, Prefix cache hit rate: 21.1%","INFO 06-12 22:52:02 [metrics.py:101] SpecDecoding metrics: Mean acceptance length: 3.29, Accepted throughput: 15.07 tokens/s, Drafted throughput: 59.28 tokens/s, Accepted: 151 tokens, Drafted: 594 tokens, Per-position acceptance rate: 0.773, 0.591, 0.455, 0.197, 0.136, 0.121, 0.015, 0.000, 0.000, Avg Draft acceptance rate: 25.4%",/lustre/fs1/portfolios/coreai/projects/coreai_dlalgo_nemorl/users/sna/SpecDec-RL-main-vllm020-20260606/vllm-runs/qwen235b_a22b_math500_osl32k_oci_tp4_fp8kv_pard_offset0_n4_isl4096_osl32768_bs1_2_k9_20260613_oci_math_drafter_k9
2026-06-13T07:52:08+02:00,3288922,official_pard2_k9,RUNNING,6.00,5,0.723,1.00,0.00,53.96,0.00,5,"INFO 06-12 22:52:01 [loggers.py:271] Engine 000: Avg prompt throughput: 0.0 tokens/s, Avg generation throughput: 6.4 tokens/s, Running: 1 reqs, Waiting: 0 reqs, GPU KV cache usage: 1.7%, Prefix cache hit rate: 0.0%","INFO 06-12 22:52:01 [metrics.py:101] SpecDecoding metrics: Mean acceptance length: 1.00, Accepted throughput: 0.00 tokens/s, Drafted throughput: 57.30 tokens/s, Accepted: 0 tokens, Drafted: 576 tokens, Per-position acceptance rate: 0.000, 0.000, 0.000, 0.000, 0.000, 0.000, 0.000, 0.000, 0.000, Avg Draft acceptance rate: 0.0%",/lustre/fs1/portfolios/coreai/projects/coreai_dlalgo_nemorl/users/sna/SpecDec-RL-main-vllm020-20260606/vllm-runs/qwen235b_a22b_math500_osl32k_oci_tp4_fp8kv_pard2_offset0_n4_isl4096_osl32768_bs1_2_k9_20260613_oci_math_drafter_k9
2026-06-13T07:52:09+02:00,3288926,eagle3_k9,RUNNING,12.12,5,1.460,1.82,5.47,59.77,9.14,5,"INFO 06-12 22:52:02 [loggers.py:271] Engine 000: Avg prompt throughput: 0.0 tokens/s, Avg generation throughput: 14.5 tokens/s, Running: 1 reqs, Waiting: 0 reqs, GPU KV cache usage: 0.3%, Prefix cache hit rate: 0.0%","INFO 06-12 22:52:02 [metrics.py:101] SpecDecoding metrics: Mean acceptance length: 2.18, Accepted throughput: 7.85 tokens/s, Drafted throughput: 59.95 tokens/s, Accepted: 79 tokens, Drafted: 603 tokens, Per-position acceptance rate: 0.687, 0.358, 0.104, 0.015, 0.015, 0.000, 0.000, 0.000, 0.000, Avg Draft acceptance rate: 13.1%",/lustre/fs1/portfolios/coreai/projects/coreai_dlalgo_nemorl/users/sna/SpecDec-RL-main-vllm020-20260606/vllm-runs/qwen235b_a22b_math500_osl32k_oci_tp4_fp8kv_eagle3_offset0_n4_isl4096_osl32768_bs1_2_k9_20260613_oci_math_drafter_k9
2026-06-13T07:52:10+02:00,3288919,pard_k11,RUNNING,25.48,5,3.070,3.98,19.08,70.46,27.06,5,"INFO 06-12 22:52:06 [loggers.py:271] Engine 000: Avg prompt throughput: 0.0 tokens/s, Avg generation throughput: 22.3 tokens/s, Running: 1 reqs, Waiting: 0 reqs, GPU KV cache usage: 1.6%, Prefix cache hit rate: 21.1%","INFO 06-12 22:52:06 [metrics.py:101] SpecDecoding metrics: Mean acceptance length: 3.50, Accepted throughput: 15.95 tokens/s, Drafted throughput: 70.18 tokens/s, Accepted: 160 tokens, Drafted: 704 tokens, Per-position acceptance rate: 0.766, 0.641, 0.562, 0.375, 0.125, 0.016, 0.016, 0.000, 0.000, 0.000, 0.000, Avg Draft acceptance rate: 22.7%",/lustre/fs1/portfolios/coreai/projects/coreai_dlalgo_nemorl/users/sna/SpecDec-RL-main-vllm020-20260606/vllm-runs/qwen235b_a22b_math500_osl32k_oci_tp4_fp8kv_pard_offset0_n4_isl4096_osl32768_bs1_2_k11_20260613_oci_math_drafter_k11
2026-06-13T07:52:12+02:00,3288921,official_pard2_k11,RUNNING,6.64,5,0.800,1.00,0.00,72.81,0.00,5,"INFO 06-12 22:52:05 [loggers.py:271] Engine 000: Avg prompt throughput: 0.0 tokens/s, Avg generation throughput: 6.6 tokens/s, Running: 1 reqs, Waiting: 0 reqs, GPU KV cache usage: 1.7%, Prefix cache hit rate: 0.0%","INFO 06-12 22:52:05 [metrics.py:101] SpecDecoding metrics: Mean acceptance length: 1.00, Accepted throughput: 0.00 tokens/s, Drafted throughput: 72.61 tokens/s, Accepted: 0 tokens, Drafted: 737 tokens, Per-position acceptance rate: 0.000, 0.000, 0.000, 0.000, 0.000, 0.000, 0.000, 0.000, 0.000, 0.000, 0.000, Avg Draft acceptance rate: 0.0%",/lustre/fs1/portfolios/coreai/projects/coreai_dlalgo_nemorl/users/sna/SpecDec-RL-main-vllm020-20260606/vllm-runs/qwen235b_a22b_math500_osl32k_oci_tp4_fp8kv_pard2_offset0_n4_isl4096_osl32768_bs1_2_k11_20260613_oci_math_drafter_k11
2026-06-13T07:52:13+02:00,3288927,eagle3_k11,RUNNING,24.22,5,2.918,3.67,17.63,72.52,24.28,5,"INFO 06-12 22:52:09 [loggers.py:271] Engine 000: Avg prompt throughput: 0.0 tokens/s, Avg generation throughput: 22.9 tokens/s, Running: 1 reqs, Waiting: 0 reqs, GPU KV cache usage: 0.1%, Prefix cache hit rate: 0.0%","INFO 06-12 22:52:09 [metrics.py:101] SpecDecoding metrics: Mean acceptance length: 3.30, Accepted throughput: 15.96 tokens/s, Drafted throughput: 76.32 tokens/s, Accepted: 161 tokens, Drafted: 770 tokens, Per-position acceptance rate: 0.729, 0.486, 0.357, 0.286, 0.214, 0.114, 0.057, 0.029, 0.014, 0.014, 0.000, Avg Draft acceptance rate: 20.9%",/lustre/fs1/portfolios/coreai/projects/coreai_dlalgo_nemorl/users/sna/SpecDec-RL-main-vllm020-20260606/vllm-runs/qwen235b_a22b_math500_osl32k_oci_tp4_fp8kv_eagle3_offset0_n4_isl4096_osl32768_bs1_2_k11_20260613_oci_math_drafter_k11
2026-06-13T07:55:46+02:00,3288484,baseline,RUNNING,8.30,5,1.000,,,,,0,"INFO 06-12 22:55:44 [loggers.py:271] Engine 000: Avg prompt throughput: 0.0 tokens/s, Avg generation throughput: 8.3 tokens/s, Running: 1 reqs, Waiting: 0 reqs, GPU KV cache usage: 1.0%, Prefix cache hit rate: 43.6%",,/lustre/fs1/portfolios/coreai/projects/coreai_dlalgo_nemorl/users/sna/SpecDec-RL-main-vllm020-20260606/vllm-runs/qwen235b_a22b_math500_osl32k_oci_tp4_fp8kv_baseline_offset0_n4_isl4096_osl32768_bs1_2_k0_20260613_oci_math
2026-06-13T07:55:47+02:00,3288487,suffix_k32,FAILED,,0,,,,,,0,,,/lustre/fs1/portfolios/coreai/projects/coreai_dlalgo_nemorl/users/sna/SpecDec-RL-main-vllm020-20260606/vllm-runs/qwen235b_a22b_math500_osl32k_oci_tp4_fp8kv_suffix_offset0_n4_isl4096_osl32768_bs1_2_k32_20260613_oci_math
2026-06-13T07:55:49+02:00,3288488,pard_k5,RUNNING,13.40,5,1.614,3.00,8.93,22.38,39.90,5,"INFO 06-12 22:55:45 [loggers.py:271] Engine 000: Avg prompt throughput: 0.0 tokens/s, Avg generation throughput: 14.3 tokens/s, Running: 1 reqs, Waiting: 0 reqs, GPU KV cache usage: 1.9%, Prefix cache hit rate: 17.0%","INFO 06-12 22:55:45 [metrics.py:101] SpecDecoding metrics: Mean acceptance length: 3.20, Accepted throughput: 9.84 tokens/s, Drafted throughput: 22.37 tokens/s, Accepted: 99 tokens, Drafted: 225 tokens, Per-position acceptance rate: 0.889, 0.667, 0.378, 0.178, 0.089, Avg Draft acceptance rate: 44.0%",/lustre/fs1/portfolios/coreai/projects/coreai_dlalgo_nemorl/users/sna/SpecDec-RL-main-vllm020-20260606/vllm-runs/qwen235b_a22b_math500_osl32k_oci_tp4_fp8kv_pard_offset0_n4_isl4096_osl32768_bs1_2_k5_20260613_oci_math
2026-06-13T07:55:50+02:00,3288490,official_pard2_k1,RUNNING,7.02,5,0.846,1.04,0.30,6.74,4.40,5,"INFO 06-12 22:55:45 [loggers.py:271] Engine 000: Avg prompt throughput: 0.0 tokens/s, Avg generation throughput: 7.0 tokens/s, Running: 1 reqs, Waiting: 0 reqs, GPU KV cache usage: 0.7%, Prefix cache hit rate: 43.6%","INFO 06-12 22:55:45 [metrics.py:101] SpecDecoding metrics: Mean acceptance length: 1.04, Accepted throughput: 0.30 tokens/s, Drafted throughput: 6.72 tokens/s, Accepted: 3 tokens, Drafted: 68 tokens, Per-position acceptance rate: 0.044, Avg Draft acceptance rate: 4.4%",/lustre/fs1/portfolios/coreai/projects/coreai_dlalgo_nemorl/users/sna/SpecDec-RL-main-vllm020-20260606/vllm-runs/qwen235b_a22b_math500_osl32k_oci_tp4_fp8kv_pard2_offset0_n4_isl4096_osl32768_bs1_2_k1_20260613_oci_math
2026-06-13T07:55:51+02:00,3288491,eagle3_k3,RUNNING,25.30,5,3.048,3.39,17.83,22.40,79.60,5,"INFO 06-12 22:55:46 [loggers.py:271] Engine 000: Avg prompt throughput: 0.0 tokens/s, Avg generation throughput: 24.8 tokens/s, Running: 1 reqs, Waiting: 0 reqs, GPU KV cache usage: 1.0%, Prefix cache hit rate: 10.5%","INFO 06-12 22:55:46 [metrics.py:101] SpecDecoding metrics: Mean acceptance length: 3.32, Accepted throughput: 17.30 tokens/s, Drafted throughput: 22.38 tokens/s, Accepted: 174 tokens, Drafted: 225 tokens, Per-position acceptance rate: 0.960, 0.853, 0.507, Avg Draft acceptance rate: 77.3%",/lustre/fs1/portfolios/coreai/projects/coreai_dlalgo_nemorl/users/sna/SpecDec-RL-main-vllm020-20260606/vllm-runs/qwen235b_a22b_math500_osl32k_oci_tp4_fp8kv_eagle3_offset0_n4_isl4096_osl32768_bs1_2_k3_20260613_oci_math
2026-06-13T07:55:53+02:00,3288594,suffix_k32,COMPLETED,88.70,5,10.687,11.25,80.82,92.64,87.22,5,"INFO 06-12 22:38:08 [loggers.py:271] Engine 000: Avg prompt throughput: 0.0 tokens/s, Avg generation throughput: 87.3 tokens/s, Running: 1 reqs, Waiting: 0 reqs, GPU KV cache usage: 1.5%, Prefix cache hit rate: 59.3%","INFO 06-12 22:38:08 [metrics.py:101] SpecDecoding metrics: Mean acceptance length: 11.22, Accepted throughput: 79.50 tokens/s, Drafted throughput: 91.47 tokens/s, Accepted: 797 tokens, Drafted: 917 tokens, Per-position acceptance rate: 1.000, 1.000, 1.000, 1.000, 1.000, 1.000, 0.744, 0.744, 0.744, 0.744, 0.744, 0.500, 0.000, 0.000, 0.000, 0.000, 0.000, 0.000, 0.000, 0.000, 0.000, 0.000, 0.000, 0.000, 0.000, 0.000, 0.000, 0.000, 0.000, 0.000, 0.000, 0.000, Avg Draft acceptance rate: 86.9%",/lustre/fs1/portfolios/coreai/projects/coreai_dlalgo_nemorl/users/sna/SpecDec-RL-main-vllm020-20260606/vllm-runs/qwen235b_a22b_math500_osl32k_oci_tp4_fp8kv_suffix_offset0_n4_isl4096_osl32768_bs1_2_k32_20260613_oci_math_suffix_py312_retry1
2026-06-13T07:55:54+02:00,3288918,pard_k9,RUNNING,19.34,5,2.330,3.33,13.51,52.57,25.86,5,"INFO 06-12 22:55:54 [loggers.py:271] Engine 000: Avg prompt throughput: 0.0 tokens/s, Avg generation throughput: 20.0 tokens/s, Running: 1 reqs, Waiting: 0 reqs, GPU KV cache usage: 2.3%, Prefix cache hit rate: 21.1%","INFO 06-12 22:55:54 [metrics.py:101] SpecDecoding metrics: Mean acceptance length: 3.33, Accepted throughput: 13.97 tokens/s, Drafted throughput: 54.03 tokens/s, Accepted: 142 tokens, Drafted: 549 tokens, Per-position acceptance rate: 0.869, 0.738, 0.672, 0.049, 0.000, 0.000, 0.000, 0.000, 0.000, Avg Draft acceptance rate: 25.9%",/lustre/fs1/portfolios/coreai/projects/coreai_dlalgo_nemorl/users/sna/SpecDec-RL-main-vllm020-20260606/vllm-runs/qwen235b_a22b_math500_osl32k_oci_tp4_fp8kv_pard_offset0_n4_isl4096_osl32768_bs1_2_k9_20260613_oci_math_drafter_k9
2026-06-13T07:55:56+02:00,3288922,official_pard2_k9,RUNNING,6.46,5,0.778,1.00,0.00,58.14,0.00,5,"INFO 06-12 22:55:52 [loggers.py:271] Engine 000: Avg prompt throughput: 0.0 tokens/s, Avg generation throughput: 6.4 tokens/s, Running: 1 reqs, Waiting: 0 reqs, GPU KV cache usage: 1.8%, Prefix cache hit rate: 0.0%","INFO 06-12 22:55:52 [metrics.py:101] SpecDecoding metrics: Mean acceptance length: 1.00, Accepted throughput: 0.00 tokens/s, Drafted throughput: 58.02 tokens/s, Accepted: 0 tokens, Drafted: 585 tokens, Per-position acceptance rate: 0.000, 0.000, 0.000, 0.000, 0.000, 0.000, 0.000, 0.000, 0.000, Avg Draft acceptance rate: 0.0%",/lustre/fs1/portfolios/coreai/projects/coreai_dlalgo_nemorl/users/sna/SpecDec-RL-main-vllm020-20260606/vllm-runs/qwen235b_a22b_math500_osl32k_oci_tp4_fp8kv_pard2_offset0_n4_isl4096_osl32768_bs1_2_k9_20260613_oci_math_drafter_k9
2026-06-13T07:55:57+02:00,3288926,eagle3_k9,RUNNING,19.16,5,2.308,2.85,12.43,60.41,20.58,5,"INFO 06-12 22:55:54 [loggers.py:271] Engine 000: Avg prompt throughput: 0.0 tokens/s, Avg generation throughput: 20.1 tokens/s, Running: 1 reqs, Waiting: 0 reqs, GPU KV cache usage: 0.5%, Prefix cache hit rate: 0.0%","INFO 06-12 22:55:54 [metrics.py:101] SpecDecoding metrics: Mean acceptance length: 3.01, Accepted throughput: 13.44 tokens/s, Drafted throughput: 60.01 tokens/s, Accepted: 135 tokens, Drafted: 603 tokens, Per-position acceptance rate: 0.955, 0.627, 0.388, 0.045, 0.000, 0.000, 0.000, 0.000, 0.000, Avg Draft acceptance rate: 22.4%",/lustre/fs1/portfolios/coreai/projects/coreai_dlalgo_nemorl/users/sna/SpecDec-RL-main-vllm020-20260606/vllm-runs/qwen235b_a22b_math500_osl32k_oci_tp4_fp8kv_eagle3_offset0_n4_isl4096_osl32768_bs1_2_k9_20260613_oci_math_drafter_k9
2026-06-13T07:55:58+02:00,3288919,pard_k11,RUNNING,20.72,5,2.496,3.35,14.54,68.05,21.38,5,"INFO 06-12 22:55:58 [loggers.py:271] Engine 000: Avg prompt throughput: 0.0 tokens/s, Avg generation throughput: 20.9 tokens/s, Running: 1 reqs, Waiting: 0 reqs, GPU KV cache usage: 1.9%, Prefix cache hit rate: 21.1%","INFO 06-12 22:55:58 [metrics.py:101] SpecDecoding metrics: Mean acceptance length: 3.31, Accepted throughput: 14.60 tokens/s, Drafted throughput: 69.47 tokens/s, Accepted: 148 tokens, Drafted: 704 tokens, Per-position acceptance rate: 0.797, 0.609, 0.453, 0.203, 0.125, 0.109, 0.016, 0.000, 0.000, 0.000, 0.000, Avg Draft acceptance rate: 21.0%",/lustre/fs1/portfolios/coreai/projects/coreai_dlalgo_nemorl/users/sna/SpecDec-RL-main-vllm020-20260606/vllm-runs/qwen235b_a22b_math500_osl32k_oci_tp4_fp8kv_pard_offset0_n4_isl4096_osl32768_bs1_2_k11_20260613_oci_math_drafter_k11
2026-06-13T07:56:00+02:00,3288921,official_pard2_k11,RUNNING,6.60,5,0.795,1.00,0.00,72.43,0.00,5,"INFO 06-12 22:55:56 [loggers.py:271] Engine 000: Avg prompt throughput: 0.0 tokens/s, Avg generation throughput: 6.6 tokens/s, Running: 1 reqs, Waiting: 0 reqs, GPU KV cache usage: 1.8%, Prefix cache hit rate: 0.0%","INFO 06-12 22:55:56 [metrics.py:101] SpecDecoding metrics: Mean acceptance length: 1.00, Accepted throughput: 0.00 tokens/s, Drafted throughput: 72.44 tokens/s, Accepted: 0 tokens, Drafted: 726 tokens, Per-position acceptance rate: 0.000, 0.000, 0.000, 0.000, 0.000, 0.000, 0.000, 0.000, 0.000, 0.000, 0.000, Avg Draft acceptance rate: 0.0%",/lustre/fs1/portfolios/coreai/projects/coreai_dlalgo_nemorl/users/sna/SpecDec-RL-main-vllm020-20260606/vllm-runs/qwen235b_a22b_math500_osl32k_oci_tp4_fp8kv_pard2_offset0_n4_isl4096_osl32768_bs1_2_k11_20260613_oci_math_drafter_k11
2026-06-13T07:56:02+02:00,3288927,eagle3_k11,RUNNING,14.30,5,1.723,2.13,7.63,73.43,10.28,5,"INFO 06-12 22:56:01 [loggers.py:271] Engine 000: Avg prompt throughput: 0.0 tokens/s, Avg generation throughput: 13.0 tokens/s, Running: 1 reqs, Waiting: 0 reqs, GPU KV cache usage: 0.3%, Prefix cache hit rate: 0.0%","INFO 06-12 22:56:01 [metrics.py:101] SpecDecoding metrics: Mean acceptance length: 2.03, Accepted throughput: 6.61 tokens/s, Drafted throughput: 70.58 tokens/s, Accepted: 67 tokens, Drafted: 715 tokens, Per-position acceptance rate: 0.538, 0.277, 0.154, 0.046, 0.015, 0.000, 0.000, 0.000, 0.000, 0.000, 0.000, Avg Draft acceptance rate: 9.4%",/lustre/fs1/portfolios/coreai/projects/coreai_dlalgo_nemorl/users/sna/SpecDec-RL-main-vllm020-20260606/vllm-runs/qwen235b_a22b_math500_osl32k_oci_tp4_fp8kv_eagle3_offset0_n4_isl4096_osl32768_bs1_2_k11_20260613_oci_math_drafter_k11
2026-06-13T08:00:18+02:00,3288484,baseline,RUNNING,8.22,5,1.000,,,,,0,"INFO 06-12 23:00:16 [loggers.py:271] Engine 000: Avg prompt throughput: 0.0 tokens/s, Avg generation throughput: 8.3 tokens/s, Running: 1 reqs, Waiting: 0 reqs, GPU KV cache usage: 1.1%, Prefix cache hit rate: 43.6%",,/lustre/fs1/portfolios/coreai/projects/coreai_dlalgo_nemorl/users/sna/SpecDec-RL-main-vllm020-20260606/vllm-runs/qwen235b_a22b_math500_osl32k_oci_tp4_fp8kv_baseline_offset0_n4_isl4096_osl32768_bs1_2_k0_20260613_oci_math
2026-06-13T08:00:20+02:00,3288487,suffix_k32,FAILED,,0,,,,,,0,,,/lustre/fs1/portfolios/coreai/projects/coreai_dlalgo_nemorl/users/sna/SpecDec-RL-main-vllm020-20260606/vllm-runs/qwen235b_a22b_math500_osl32k_oci_tp4_fp8kv_suffix_offset0_n4_isl4096_osl32768_bs1_2_k32_20260613_oci_math
2026-06-13T08:00:21+02:00,3288488,pard_k5,RUNNING,13.36,5,1.625,2.99,8.90,22.40,39.74,5,"INFO 06-12 23:00:17 [loggers.py:271] Engine 000: Avg prompt throughput: 0.0 tokens/s, Avg generation throughput: 13.3 tokens/s, Running: 1 reqs, Waiting: 0 reqs, GPU KV cache usage: 2.2%, Prefix cache hit rate: 17.0%","INFO 06-12 23:00:17 [metrics.py:101] SpecDecoding metrics: Mean acceptance length: 2.98, Accepted throughput: 8.85 tokens/s, Drafted throughput: 22.38 tokens/s, Accepted: 89 tokens, Drafted: 225 tokens, Per-position acceptance rate: 0.889, 0.600, 0.222, 0.133, 0.133, Avg Draft acceptance rate: 39.6%",/lustre/fs1/portfolios/coreai/projects/coreai_dlalgo_nemorl/users/sna/SpecDec-RL-main-vllm020-20260606/vllm-runs/qwen235b_a22b_math500_osl32k_oci_tp4_fp8kv_pard_offset0_n4_isl4096_osl32768_bs1_2_k5_20260613_oci_math
2026-06-13T08:00:22+02:00,3288490,official_pard2_k1,RUNNING,7.00,5,0.852,1.04,0.30,6.72,4.40,5,"INFO 06-12 23:00:18 [loggers.py:271] Engine 000: Avg prompt throughput: 0.0 tokens/s, Avg generation throughput: 7.0 tokens/s, Running: 1 reqs, Waiting: 0 reqs, GPU KV cache usage: 0.9%, Prefix cache hit rate: 43.6%","INFO 06-12 23:00:18 [metrics.py:101] SpecDecoding metrics: Mean acceptance length: 1.04, Accepted throughput: 0.30 tokens/s, Drafted throughput: 6.71 tokens/s, Accepted: 3 tokens, Drafted: 68 tokens, Per-position acceptance rate: 0.044, Avg Draft acceptance rate: 4.4%",/lustre/fs1/portfolios/coreai/projects/coreai_dlalgo_nemorl/users/sna/SpecDec-RL-main-vllm020-20260606/vllm-runs/qwen235b_a22b_math500_osl32k_oci_tp4_fp8kv_pard2_offset0_n4_isl4096_osl32768_bs1_2_k1_20260613_oci_math
2026-06-13T08:00:24+02:00,3288491,eagle3_k3,RUNNING,24.28,5,2.954,3.23,16.77,22.51,74.52,5,"INFO 06-12 23:00:18 [loggers.py:271] Engine 000: Avg prompt throughput: 0.0 tokens/s, Avg generation throughput: 25.4 tokens/s, Running: 1 reqs, Waiting: 0 reqs, GPU KV cache usage: 1.3%, Prefix cache hit rate: 10.5%","INFO 06-12 23:00:18 [metrics.py:101] SpecDecoding metrics: Mean acceptance length: 3.41, Accepted throughput: 17.93 tokens/s, Drafted throughput: 22.29 tokens/s, Accepted: 181 tokens, Drafted: 225 tokens, Per-position acceptance rate: 0.987, 0.880, 0.547, Avg Draft acceptance rate: 80.4%",/lustre/fs1/portfolios/coreai/projects/coreai_dlalgo_nemorl/users/sna/SpecDec-RL-main-vllm020-20260606/vllm-runs/qwen235b_a22b_math500_osl32k_oci_tp4_fp8kv_eagle3_offset0_n4_isl4096_osl32768_bs1_2_k3_20260613_oci_math
2026-06-13T08:00:25+02:00,3288594,suffix_k32,COMPLETED,88.70,5,10.791,11.25,80.82,92.64,87.22,5,"INFO 06-12 22:38:08 [loggers.py:271] Engine 000: Avg prompt throughput: 0.0 tokens/s, Avg generation throughput: 87.3 tokens/s, Running: 1 reqs, Waiting: 0 reqs, GPU KV cache usage: 1.5%, Prefix cache hit rate: 59.3%","INFO 06-12 22:38:08 [metrics.py:101] SpecDecoding metrics: Mean acceptance length: 11.22, Accepted throughput: 79.50 tokens/s, Drafted throughput: 91.47 tokens/s, Accepted: 797 tokens, Drafted: 917 tokens, Per-position acceptance rate: 1.000, 1.000, 1.000, 1.000, 1.000, 1.000, 0.744, 0.744, 0.744, 0.744, 0.744, 0.500, 0.000, 0.000, 0.000, 0.000, 0.000, 0.000, 0.000, 0.000, 0.000, 0.000, 0.000, 0.000, 0.000, 0.000, 0.000, 0.000, 0.000, 0.000, 0.000, 0.000, Avg Draft acceptance rate: 86.9%",/lustre/fs1/portfolios/coreai/projects/coreai_dlalgo_nemorl/users/sna/SpecDec-RL-main-vllm020-20260606/vllm-runs/qwen235b_a22b_math500_osl32k_oci_tp4_fp8kv_suffix_offset0_n4_isl4096_osl32768_bs1_2_k32_20260613_oci_math_suffix_py312_retry1
2026-06-13T08:00:27+02:00,3288918,pard_k9,RUNNING,47.16,5,5.737,7.09,40.51,59.87,67.66,5,"INFO 06-12 23:00:26 [loggers.py:271] Engine 000: Avg prompt throughput: 0.0 tokens/s, Avg generation throughput: 48.5 tokens/s, Running: 1 reqs, Waiting: 0 reqs, GPU KV cache usage: 0.5%, Prefix cache hit rate: 17.0%","INFO 06-12 23:00:26 [metrics.py:101] SpecDecoding metrics: Mean acceptance length: 7.25, Accepted throughput: 41.78 tokens/s, Drafted throughput: 60.13 tokens/s, Accepted: 419 tokens, Drafted: 603 tokens, Per-position acceptance rate: 0.985, 0.985, 0.985, 0.955, 0.925, 0.567, 0.388, 0.299, 0.164, Avg Draft acceptance rate: 69.5%",/lustre/fs1/portfolios/coreai/projects/coreai_dlalgo_nemorl/users/sna/SpecDec-RL-main-vllm020-20260606/vllm-runs/qwen235b_a22b_math500_osl32k_oci_tp4_fp8kv_pard_offset0_n4_isl4096_osl32768_bs1_2_k9_20260613_oci_math_drafter_k9
2026-06-13T08:00:28+02:00,3288922,official_pard2_k9,RUNNING,6.34,5,0.771,1.00,0.00,57.00,0.00,5,"INFO 06-12 23:00:24 [loggers.py:271] Engine 000: Avg prompt throughput: 0.0 tokens/s, Avg generation throughput: 6.3 tokens/s, Running: 1 reqs, Waiting: 0 reqs, GPU KV cache usage: 1.9%, Prefix cache hit rate: 0.0%","INFO 06-12 23:00:24 [metrics.py:101] SpecDecoding metrics: Mean acceptance length: 1.00, Accepted throughput: 0.00 tokens/s, Drafted throughput: 56.59 tokens/s, Accepted: 0 tokens, Drafted: 567 tokens, Per-position acceptance rate: 0.000, 0.000, 0.000, 0.000, 0.000, 0.000, 0.000, 0.000, 0.000, Avg Draft acceptance rate: 0.0%",/lustre/fs1/portfolios/coreai/projects/coreai_dlalgo_nemorl/users/sna/SpecDec-RL-main-vllm020-20260606/vllm-runs/qwen235b_a22b_math500_osl32k_oci_tp4_fp8kv_pard2_offset0_n4_isl4096_osl32768_bs1_2_k9_20260613_oci_math_drafter_k9
2026-06-13T08:00:29+02:00,3288926,eagle3_k9,RUNNING,20.14,5,2.450,3.01,13.45,60.23,22.32,5,"INFO 06-12 23:00:27 [loggers.py:271] Engine 000: Avg prompt throughput: 0.0 tokens/s, Avg generation throughput: 20.5 tokens/s, Running: 1 reqs, Waiting: 0 reqs, GPU KV cache usage: 0.8%, Prefix cache hit rate: 0.0%","INFO 06-12 23:00:27 [metrics.py:101] SpecDecoding metrics: Mean acceptance length: 3.04, Accepted throughput: 13.73 tokens/s, Drafted throughput: 60.47 tokens/s, Accepted: 139 tokens, Drafted: 612 tokens, Per-position acceptance rate: 0.868, 0.544, 0.485, 0.147, 0.000, 0.000, 0.000, 0.000, 0.000, Avg Draft acceptance rate: 22.7%",/lustre/fs1/portfolios/coreai/projects/coreai_dlalgo_nemorl/users/sna/SpecDec-RL-main-vllm020-20260606/vllm-runs/qwen235b_a22b_math500_osl32k_oci_tp4_fp8kv_eagle3_offset0_n4_isl4096_osl32768_bs1_2_k9_20260613_oci_math_drafter_k9
2026-06-13T08:00:31+02:00,3288919,pard_k11,RUNNING,17.76,5,2.161,2.99,11.81,65.41,18.04,5,"INFO 06-12 23:00:30 [loggers.py:271] Engine 000: Avg prompt throughput: 0.0 tokens/s, Avg generation throughput: 17.3 tokens/s, Running: 1 reqs, Waiting: 0 reqs, GPU KV cache usage: 2.3%, Prefix cache hit rate: 21.1%","INFO 06-12 23:00:30 [metrics.py:101] SpecDecoding metrics: Mean acceptance length: 2.93, Accepted throughput: 11.39 tokens/s, Drafted throughput: 64.84 tokens/s, Accepted: 114 tokens, Drafted: 649 tokens, Per-position acceptance rate: 0.763, 0.610, 0.458, 0.085, 0.017, 0.000, 0.000, 0.000, 0.000, 0.000, 0.000, Avg Draft acceptance rate: 17.6%",/lustre/fs1/portfolios/coreai/projects/coreai_dlalgo_nemorl/users/sna/SpecDec-RL-main-vllm020-20260606/vllm-runs/qwen235b_a22b_math500_osl32k_oci_tp4_fp8kv_pard_offset0_n4_isl4096_osl32768_bs1_2_k11_20260613_oci_math_drafter_k11
2026-06-13T08:00:32+02:00,3288921,official_pard2_k11,RUNNING,6.46,5,0.786,1.00,0.00,71.05,0.00,5,"INFO 06-12 23:00:28 [loggers.py:271] Engine 000: Avg prompt throughput: 0.0 tokens/s, Avg generation throughput: 6.4 tokens/s, Running: 1 reqs, Waiting: 0 reqs, GPU KV cache usage: 1.9%, Prefix cache hit rate: 0.0%","INFO 06-12 23:00:28 [metrics.py:101] SpecDecoding metrics: Mean acceptance length: 1.00, Accepted throughput: 0.00 tokens/s, Drafted throughput: 70.92 tokens/s, Accepted: 0 tokens, Drafted: 715 tokens, Per-position acceptance rate: 0.000, 0.000, 0.000, 0.000, 0.000, 0.000, 0.000, 0.000, 0.000, 0.000, 0.000, Avg Draft acceptance rate: 0.0%",/lustre/fs1/portfolios/coreai/projects/coreai_dlalgo_nemorl/users/sna/SpecDec-RL-main-vllm020-20260606/vllm-runs/qwen235b_a22b_math500_osl32k_oci_tp4_fp8kv_pard2_offset0_n4_isl4096_osl32768_bs1_2_k11_20260613_oci_math_drafter_k11
2026-06-13T08:00:34+02:00,3288927,eagle3_k11,RUNNING,17.04,5,2.073,2.80,10.95,67.09,16.38,5,"INFO 06-12 23:00:33 [loggers.py:271] Engine 000: Avg prompt throughput: 0.0 tokens/s, Avg generation throughput: 15.8 tokens/s, Running: 1 reqs, Waiting: 0 reqs, GPU KV cache usage: 0.5%, Prefix cache hit rate: 0.0%","INFO 06-12 23:00:33 [metrics.py:101] SpecDecoding metrics: Mean acceptance length: 2.84, Accepted throughput: 10.25 tokens/s, Drafted throughput: 61.31 tokens/s, Accepted: 103 tokens, Drafted: 616 tokens, Per-position acceptance rate: 0.946, 0.589, 0.304, 0.000, 0.000, 0.000, 0.000, 0.000, 0.000, 0.000, 0.000, Avg Draft acceptance rate: 16.7%",/lustre/fs1/portfolios/coreai/projects/coreai_dlalgo_nemorl/users/sna/SpecDec-RL-main-vllm020-20260606/vllm-runs/qwen235b_a22b_math500_osl32k_oci_tp4_fp8kv_eagle3_offset0_n4_isl4096_osl32768_bs1_2_k11_20260613_oci_math_drafter_k11
2026-06-13T08:04:02+02:00,3288484,baseline,RUNNING,8.18,5,1.000,,,,,0,"INFO 06-12 23:03:58 [loggers.py:271] Engine 000: Avg prompt throughput: 0.0 tokens/s, Avg generation throughput: 8.2 tokens/s, Running: 1 reqs, Waiting: 0 reqs, GPU KV cache usage: 1.2%, Prefix cache hit rate: 43.6%",,/lustre/fs1/portfolios/coreai/projects/coreai_dlalgo_nemorl/users/sna/SpecDec-RL-main-vllm020-20260606/vllm-runs/qwen235b_a22b_math500_osl32k_oci_tp4_fp8kv_baseline_offset0_n4_isl4096_osl32768_bs1_2_k0_20260613_oci_math
2026-06-13T08:04:04+02:00,3288487,suffix_k32,FAILED,,0,,,,,,0,,,/lustre/fs1/portfolios/coreai/projects/coreai_dlalgo_nemorl/users/sna/SpecDec-RL-main-vllm020-20260606/vllm-runs/qwen235b_a22b_math500_osl32k_oci_tp4_fp8kv_suffix_offset0_n4_isl4096_osl32768_bs1_2_k32_20260613_oci_math
2026-06-13T08:04:05+02:00,3288488,pard_k5,RUNNING,24.04,5,2.939,3.86,17.80,31.11,57.20,5,"INFO 06-12 23:03:58 [loggers.py:271] Engine 000: Avg prompt throughput: 0.0 tokens/s, Avg generation throughput: 22.2 tokens/s, Running: 1 reqs, Waiting: 0 reqs, GPU KV cache usage: 0.1%, Prefix cache hit rate: 15.7%","INFO 06-12 23:03:58 [metrics.py:101] SpecDecoding metrics: Mean acceptance length: 3.41, Accepted throughput: 15.67 tokens/s, Drafted throughput: 32.52 tokens/s, Accepted: 159 tokens, Drafted: 330 tokens, Per-position acceptance rate: 0.758, 0.561, 0.424, 0.379, 0.288, Avg Draft acceptance rate: 48.2%",/lustre/fs1/portfolios/coreai/projects/coreai_dlalgo_nemorl/users/sna/SpecDec-RL-main-vllm020-20260606/vllm-runs/qwen235b_a22b_math500_osl32k_oci_tp4_fp8kv_pard_offset0_n4_isl4096_osl32768_bs1_2_k5_20260613_oci_math
2026-06-13T08:04:07+02:00,3288490,official_pard2_k1,RUNNING,6.98,5,0.853,1.04,0.28,6.72,4.12,5,"INFO 06-12 23:04:00 [loggers.py:271] Engine 000: Avg prompt throughput: 0.0 tokens/s, Avg generation throughput: 7.0 tokens/s, Running: 1 reqs, Waiting: 0 reqs, GPU KV cache usage: 1.0%, Prefix cache hit rate: 43.6%","INFO 06-12 23:04:00 [metrics.py:101] SpecDecoding metrics: Mean acceptance length: 1.04, Accepted throughput: 0.30 tokens/s, Drafted throughput: 6.74 tokens/s, Accepted: 3 tokens, Drafted: 68 tokens, Per-position acceptance rate: 0.044, Avg Draft acceptance rate: 4.4%",/lustre/fs1/portfolios/coreai/projects/coreai_dlalgo_nemorl/users/sna/SpecDec-RL-main-vllm020-20260606/vllm-runs/qwen235b_a22b_math500_osl32k_oci_tp4_fp8kv_pard2_offset0_n4_isl4096_osl32768_bs1_2_k1_20260613_oci_math
2026-06-13T08:04:08+02:00,3288491,eagle3_k3,RUNNING,20.92,5,2.557,2.80,13.47,22.41,60.10,5,"INFO 06-12 23:04:00 [loggers.py:271] Engine 000: Avg prompt throughput: 0.0 tokens/s, Avg generation throughput: 20.0 tokens/s, Running: 1 reqs, Waiting: 0 reqs, GPU KV cache usage: 1.5%, Prefix cache hit rate: 10.5%","INFO 06-12 23:04:00 [metrics.py:101] SpecDecoding metrics: Mean acceptance length: 2.68, Accepted throughput: 12.54 tokens/s, Drafted throughput: 22.40 tokens/s, Accepted: 126 tokens, Drafted: 225 tokens, Per-position acceptance rate: 0.787, 0.560, 0.333, Avg Draft acceptance rate: 56.0%",/lustre/fs1/portfolios/coreai/projects/coreai_dlalgo_nemorl/users/sna/SpecDec-RL-main-vllm020-20260606/vllm-runs/qwen235b_a22b_math500_osl32k_oci_tp4_fp8kv_eagle3_offset0_n4_isl4096_osl32768_bs1_2_k3_20260613_oci_math
2026-06-13T08:04:10+02:00,3288594,suffix_k32,COMPLETED,88.70,5,10.844,11.25,80.82,92.64,87.22,5,"INFO 06-12 22:38:08 [loggers.py:271] Engine 000: Avg prompt throughput: 0.0 tokens/s, Avg generation throughput: 87.3 tokens/s, Running: 1 reqs, Waiting: 0 reqs, GPU KV cache usage: 1.5%, Prefix cache hit rate: 59.3%","INFO 06-12 22:38:08 [metrics.py:101] SpecDecoding metrics: Mean acceptance length: 11.22, Accepted throughput: 79.50 tokens/s, Drafted throughput: 91.47 tokens/s, Accepted: 797 tokens, Drafted: 917 tokens, Per-position acceptance rate: 1.000, 1.000, 1.000, 1.000, 1.000, 1.000, 0.744, 0.744, 0.744, 0.744, 0.744, 0.500, 0.000, 0.000, 0.000, 0.000, 0.000, 0.000, 0.000, 0.000, 0.000, 0.000, 0.000, 0.000, 0.000, 0.000, 0.000, 0.000, 0.000, 0.000, 0.000, 0.000, Avg Draft acceptance rate: 86.9%",/lustre/fs1/portfolios/coreai/projects/coreai_dlalgo_nemorl/users/sna/SpecDec-RL-main-vllm020-20260606/vllm-runs/qwen235b_a22b_math500_osl32k_oci_tp4_fp8kv_suffix_offset0_n4_isl4096_osl32768_bs1_2_k32_20260613_oci_math_suffix_py312_retry1
2026-06-13T08:04:11+02:00,3288918,pard_k9,RUNNING,25.60,5,3.130,3.84,18.93,60.00,31.52,5,"INFO 06-12 23:04:07 [loggers.py:271] Engine 000: Avg prompt throughput: 0.0 tokens/s, Avg generation throughput: 26.5 tokens/s, Running: 1 reqs, Waiting: 0 reqs, GPU KV cache usage: 1.0%, Prefix cache hit rate: 17.0%","INFO 06-12 23:04:07 [metrics.py:101] SpecDecoding metrics: Mean acceptance length: 3.96, Accepted throughput: 19.79 tokens/s, Drafted throughput: 60.26 tokens/s, Accepted: 198 tokens, Drafted: 603 tokens, Per-position acceptance rate: 0.896, 0.821, 0.552, 0.403, 0.179, 0.045, 0.030, 0.030, 0.000, Avg Draft acceptance rate: 32.8%",/lustre/fs1/portfolios/coreai/projects/coreai_dlalgo_nemorl/users/sna/SpecDec-RL-main-vllm020-20260606/vllm-runs/qwen235b_a22b_math500_osl32k_oci_tp4_fp8kv_pard_offset0_n4_isl4096_osl32768_bs1_2_k9_20260613_oci_math_drafter_k9
2026-06-13T08:04:13+02:00,3288922,official_pard2_k9,RUNNING,6.34,5,0.775,1.00,0.00,57.11,0.00,5,"INFO 06-12 23:04:06 [loggers.py:271] Engine 000: Avg prompt throughput: 0.0 tokens/s, Avg generation throughput: 6.3 tokens/s, Running: 1 reqs, Waiting: 0 reqs, GPU KV cache usage: 2.0%, Prefix cache hit rate: 0.0%","INFO 06-12 23:04:06 [metrics.py:101] SpecDecoding metrics: Mean acceptance length: 1.00, Accepted throughput: 0.00 tokens/s, Drafted throughput: 57.10 tokens/s, Accepted: 0 tokens, Drafted: 576 tokens, Per-position acceptance rate: 0.000, 0.000, 0.000, 0.000, 0.000, 0.000, 0.000, 0.000, 0.000, Avg Draft acceptance rate: 0.0%",/lustre/fs1/portfolios/coreai/projects/coreai_dlalgo_nemorl/users/sna/SpecDec-RL-main-vllm020-20260606/vllm-runs/qwen235b_a22b_math500_osl32k_oci_tp4_fp8kv_pard2_offset0_n4_isl4096_osl32768_bs1_2_k9_20260613_oci_math_drafter_k9
2026-06-13T08:04:14+02:00,3288926,eagle3_k9,RUNNING,20.06,5,2.452,3.00,13.39,60.15,22.26,5,"INFO 06-12 23:04:08 [loggers.py:271] Engine 000: Avg prompt throughput: 0.0 tokens/s, Avg generation throughput: 20.7 tokens/s, Running: 1 reqs, Waiting: 0 reqs, GPU KV cache usage: 1.0%, Prefix cache hit rate: 0.0%","INFO 06-12 23:04:08 [metrics.py:101] SpecDecoding metrics: Mean acceptance length: 3.04, Accepted throughput: 13.87 tokens/s, Drafted throughput: 61.08 tokens/s, Accepted: 139 tokens, Drafted: 612 tokens, Per-position acceptance rate: 0.838, 0.515, 0.515, 0.176, 0.000, 0.000, 0.000, 0.000, 0.000, Avg Draft acceptance rate: 22.7%",/lustre/fs1/portfolios/coreai/projects/coreai_dlalgo_nemorl/users/sna/SpecDec-RL-main-vllm020-20260606/vllm-runs/qwen235b_a22b_math500_osl32k_oci_tp4_fp8kv_eagle3_offset0_n4_isl4096_osl32768_bs1_2_k9_20260613_oci_math_drafter_k9
2026-06-13T08:04:15+02:00,3288919,pard_k11,RUNNING,45.96,5,5.619,7.11,39.48,71.11,55.50,5,"INFO 06-12 23:04:11 [loggers.py:271] Engine 000: Avg prompt throughput: 0.0 tokens/s, Avg generation throughput: 44.0 tokens/s, Running: 1 reqs, Waiting: 0 reqs, GPU KV cache usage: 0.5%, Prefix cache hit rate: 17.0%","INFO 06-12 23:04:11 [metrics.py:101] SpecDecoding metrics: Mean acceptance length: 6.88, Accepted throughput: 37.57 tokens/s, Drafted throughput: 70.34 tokens/s, Accepted: 376 tokens, Drafted: 704 tokens, Per-position acceptance rate: 0.984, 0.953, 0.938, 0.922, 0.844, 0.516, 0.344, 0.281, 0.094, 0.000, 0.000, Avg Draft acceptance rate: 53.4%",/lustre/fs1/portfolios/coreai/projects/coreai_dlalgo_nemorl/users/sna/SpecDec-RL-main-vllm020-20260606/vllm-runs/qwen235b_a22b_math500_osl32k_oci_tp4_fp8kv_pard_offset0_n4_isl4096_osl32768_bs1_2_k11_20260613_oci_math_drafter_k11
2026-06-13T08:04:17+02:00,3288921,official_pard2_k11,RUNNING,6.32,5,0.773,1.00,0.00,69.73,0.00,5,"INFO 06-12 23:04:10 [loggers.py:271] Engine 000: Avg prompt throughput: 0.0 tokens/s, Avg generation throughput: 6.3 tokens/s, Running: 1 reqs, Waiting: 0 reqs, GPU KV cache usage: 2.1%, Prefix cache hit rate: 0.0%","INFO 06-12 23:04:10 [metrics.py:101] SpecDecoding metrics: Mean acceptance length: 1.00, Accepted throughput: 0.00 tokens/s, Drafted throughput: 69.60 tokens/s, Accepted: 0 tokens, Drafted: 704 tokens, Per-position acceptance rate: 0.000, 0.000, 0.000, 0.000, 0.000, 0.000, 0.000, 0.000, 0.000, 0.000, 0.000, Avg Draft acceptance rate: 0.0%",/lustre/fs1/portfolios/coreai/projects/coreai_dlalgo_nemorl/users/sna/SpecDec-RL-main-vllm020-20260606/vllm-runs/qwen235b_a22b_math500_osl32k_oci_tp4_fp8kv_pard2_offset0_n4_isl4096_osl32768_bs1_2_k11_20260613_oci_math_drafter_k11
2026-06-13T08:04:18+02:00,3288927,eagle3_k11,RUNNING,20.28,5,2.479,3.00,13.53,74.39,18.18,5,"INFO 06-12 23:04:14 [loggers.py:271] Engine 000: Avg prompt throughput: 0.0 tokens/s, Avg generation throughput: 20.6 tokens/s, Running: 1 reqs, Waiting: 0 reqs, GPU KV cache usage: 0.7%, Prefix cache hit rate: 0.0%","INFO 06-12 23:04:14 [metrics.py:101] SpecDecoding metrics: Mean acceptance length: 3.03, Accepted throughput: 13.78 tokens/s, Drafted throughput: 74.68 tokens/s, Accepted: 138 tokens, Drafted: 748 tokens, Per-position acceptance rate: 0.971, 0.574, 0.368, 0.118, 0.000, 0.000, 0.000, 0.000, 0.000, 0.000, 0.000, Avg Draft acceptance rate: 18.4%",/lustre/fs1/portfolios/coreai/projects/coreai_dlalgo_nemorl/users/sna/SpecDec-RL-main-vllm020-20260606/vllm-runs/qwen235b_a22b_math500_osl32k_oci_tp4_fp8kv_eagle3_offset0_n4_isl4096_osl32768_bs1_2_k11_20260613_oci_math_drafter_k11
2026-06-13T08:38:52+02:00,3288484,baseline,RUNNING,7.76,5,1.000,,,,,0,"INFO 06-12 23:38:52 [loggers.py:271] Engine 000: Avg prompt throughput: 0.0 tokens/s, Avg generation throughput: 7.8 tokens/s, Running: 1 reqs, Waiting: 0 reqs, GPU KV cache usage: 0.4%, Prefix cache hit rate: 21.1%",,/lustre/fs1/portfolios/coreai/projects/coreai_dlalgo_nemorl/users/sna/SpecDec-RL-main-vllm020-20260606/vllm-runs/qwen235b_a22b_math500_osl32k_oci_tp4_fp8kv_baseline_offset0_n4_isl4096_osl32768_bs1_2_k0_20260613_oci_math
2026-06-13T08:38:54+02:00,3288487,suffix_k32,FAILED,,0,,,,,,0,,,/lustre/fs1/portfolios/coreai/projects/coreai_dlalgo_nemorl/users/sna/SpecDec-RL-main-vllm020-20260606/vllm-runs/qwen235b_a22b_math500_osl32k_oci_tp4_fp8kv_suffix_offset0_n4_isl4096_osl32768_bs1_2_k32_20260613_oci_math
2026-06-13T08:38:55+02:00,3288488,pard_k5,RUNNING,42.62,5,5.492,3.33,29.81,63.96,46.62,5,"INFO 06-12 23:38:48 [loggers.py:271] Engine 000: Avg prompt throughput: 0.0 tokens/s, Avg generation throughput: 42.5 tokens/s, Running: 2 reqs, Waiting: 0 reqs, GPU KV cache usage: 3.4%, Prefix cache hit rate: 43.5%","INFO 06-12 23:38:48 [metrics.py:101] SpecDecoding metrics: Mean acceptance length: 3.33, Accepted throughput: 29.72 tokens/s, Drafted throughput: 63.83 tokens/s, Accepted: 298 tokens, Drafted: 640 tokens, Per-position acceptance rate: 0.930, 0.734, 0.484, 0.164, 0.016, Avg Draft acceptance rate: 46.6%",/lustre/fs1/portfolios/coreai/projects/coreai_dlalgo_nemorl/users/sna/SpecDec-RL-main-vllm020-20260606/vllm-runs/qwen235b_a22b_math500_osl32k_oci_tp4_fp8kv_pard_offset0_n4_isl4096_osl32768_bs1_2_k5_20260613_oci_math
2026-06-13T08:38:57+02:00,3288490,official_pard2_k1,RUNNING,5.76,5,0.742,1.04,0.24,5.54,4.32,5,"INFO 06-12 23:38:47 [loggers.py:271] Engine 000: Avg prompt throughput: 0.0 tokens/s, Avg generation throughput: 5.9 tokens/s, Running: 1 reqs, Waiting: 0 reqs, GPU KV cache usage: 2.0%, Prefix cache hit rate: 43.6%","INFO 06-12 23:38:47 [metrics.py:101] SpecDecoding metrics: Mean acceptance length: 1.05, Accepted throughput: 0.30 tokens/s, Drafted throughput: 5.57 tokens/s, Accepted: 3 tokens, Drafted: 56 tokens, Per-position acceptance rate: 0.054, Avg Draft acceptance rate: 5.4%",/lustre/fs1/portfolios/coreai/projects/coreai_dlalgo_nemorl/users/sna/SpecDec-RL-main-vllm020-20260606/vllm-runs/qwen235b_a22b_math500_osl32k_oci_tp4_fp8kv_pard2_offset0_n4_isl4096_osl32768_bs1_2_k1_20260613_oci_math
2026-06-13T08:38:58+02:00,3288491,eagle3_k3,RUNNING,46.14,5,5.946,3.02,30.88,45.81,67.40,5,"INFO 06-12 23:38:56 [loggers.py:271] Engine 000: Avg prompt throughput: 0.0 tokens/s, Avg generation throughput: 45.5 tokens/s, Running: 2 reqs, Waiting: 0 reqs, GPU KV cache usage: 0.9%, Prefix cache hit rate: 33.5%","INFO 06-12 23:38:56 [metrics.py:101] SpecDecoding metrics: Mean acceptance length: 3.00, Accepted throughput: 30.34 tokens/s, Drafted throughput: 45.52 tokens/s, Accepted: 304 tokens, Drafted: 456 tokens, Per-position acceptance rate: 0.895, 0.730, 0.375, Avg Draft acceptance rate: 66.7%",/lustre/fs1/portfolios/coreai/projects/coreai_dlalgo_nemorl/users/sna/SpecDec-RL-main-vllm020-20260606/vllm-runs/qwen235b_a22b_math500_osl32k_oci_tp4_fp8kv_eagle3_offset0_n4_isl4096_osl32768_bs1_2_k3_20260613_oci_math
2026-06-13T08:38:59+02:00,3288594,suffix_k32,COMPLETED,88.70,5,11.430,11.25,80.82,92.64,87.22,5,"INFO 06-12 22:38:08 [loggers.py:271] Engine 000: Avg prompt throughput: 0.0 tokens/s, Avg generation throughput: 87.3 tokens/s, Running: 1 reqs, Waiting: 0 reqs, GPU KV cache usage: 1.5%, Prefix cache hit rate: 59.3%","INFO 06-12 22:38:08 [metrics.py:101] SpecDecoding metrics: Mean acceptance length: 11.22, Accepted throughput: 79.50 tokens/s, Drafted throughput: 91.47 tokens/s, Accepted: 797 tokens, Drafted: 917 tokens, Per-position acceptance rate: 1.000, 1.000, 1.000, 1.000, 1.000, 1.000, 0.744, 0.744, 0.744, 0.744, 0.744, 0.500, 0.000, 0.000, 0.000, 0.000, 0.000, 0.000, 0.000, 0.000, 0.000, 0.000, 0.000, 0.000, 0.000, 0.000, 0.000, 0.000, 0.000, 0.000, 0.000, 0.000, Avg Draft acceptance rate: 86.9%",/lustre/fs1/portfolios/coreai/projects/coreai_dlalgo_nemorl/users/sna/SpecDec-RL-main-vllm020-20260606/vllm-runs/qwen235b_a22b_math500_osl32k_oci_tp4_fp8kv_suffix_offset0_n4_isl4096_osl32768_bs1_2_k32_20260613_oci_math_suffix_py312_retry1
2026-06-13T08:39:01+02:00,3288918,pard_k9,RUNNING,17.26,5,2.224,2.70,10.85,57.60,18.84,5,"INFO 06-12 23:38:54 [loggers.py:271] Engine 000: Avg prompt throughput: 0.0 tokens/s, Avg generation throughput: 16.0 tokens/s, Running: 1 reqs, Waiting: 0 reqs, GPU KV cache usage: 2.0%, Prefix cache hit rate: 15.7%","INFO 06-12 23:38:54 [metrics.py:101] SpecDecoding metrics: Mean acceptance length: 2.52, Accepted throughput: 9.67 tokens/s, Drafted throughput: 57.41 tokens/s, Accepted: 97 tokens, Drafted: 576 tokens, Per-position acceptance rate: 0.875, 0.531, 0.109, 0.000, 0.000, 0.000, 0.000, 0.000, 0.000, Avg Draft acceptance rate: 16.8%",/lustre/fs1/portfolios/coreai/projects/coreai_dlalgo_nemorl/users/sna/SpecDec-RL-main-vllm020-20260606/vllm-runs/qwen235b_a22b_math500_osl32k_oci_tp4_fp8kv_pard_offset0_n4_isl4096_osl32768_bs1_2_k9_20260613_oci_math_drafter_k9
2026-06-13T08:39:02+02:00,3288922,official_pard2_k9,RUNNING,6.04,5,0.778,1.05,0.28,51.87,0.52,5,"INFO 06-12 23:38:52 [loggers.py:271] Engine 000: Avg prompt throughput: 0.0 tokens/s, Avg generation throughput: 6.7 tokens/s, Running: 1 reqs, Waiting: 0 reqs, GPU KV cache usage: 0.6%, Prefix cache hit rate: 43.6%","INFO 06-12 23:38:52 [metrics.py:101] SpecDecoding metrics: Mean acceptance length: 1.05, Accepted throughput: 0.30 tokens/s, Drafted throughput: 57.61 tokens/s, Accepted: 3 tokens, Drafted: 585 tokens, Per-position acceptance rate: 0.046, 0.000, 0.000, 0.000, 0.000, 0.000, 0.000, 0.000, 0.000, Avg Draft acceptance rate: 0.5%",/lustre/fs1/portfolios/coreai/projects/coreai_dlalgo_nemorl/users/sna/SpecDec-RL-main-vllm020-20260606/vllm-runs/qwen235b_a22b_math500_osl32k_oci_tp4_fp8kv_pard2_offset0_n4_isl4096_osl32768_bs1_2_k9_20260613_oci_math_drafter_k9
2026-06-13T08:39:04+02:00,3288926,eagle3_k9,RUNNING,19.10,5,2.461,2.84,12.37,60.51,20.46,5,"INFO 06-12 23:39:03 [loggers.py:271] Engine 000: Avg prompt throughput: 0.0 tokens/s, Avg generation throughput: 18.8 tokens/s, Running: 1 reqs, Waiting: 0 reqs, GPU KV cache usage: 1.5%, Prefix cache hit rate: 0.0%","INFO 06-12 23:39:03 [metrics.py:101] SpecDecoding metrics: Mean acceptance length: 2.75, Accepted throughput: 11.97 tokens/s, Drafted throughput: 61.42 tokens/s, Accepted: 121 tokens, Drafted: 621 tokens, Per-position acceptance rate: 0.942, 0.536, 0.174, 0.101, 0.000, 0.000, 0.000, 0.000, 0.000, Avg Draft acceptance rate: 19.5%",/lustre/fs1/portfolios/coreai/projects/coreai_dlalgo_nemorl/users/sna/SpecDec-RL-main-vllm020-20260606/vllm-runs/qwen235b_a22b_math500_osl32k_oci_tp4_fp8kv_eagle3_offset0_n4_isl4096_osl32768_bs1_2_k9_20260613_oci_math_drafter_k9
2026-06-13T08:39:05+02:00,3288919,pard_k11,RUNNING,17.62,5,2.271,2.73,11.15,70.97,15.72,5,"INFO 06-12 23:38:59 [loggers.py:271] Engine 000: Avg prompt throughput: 0.0 tokens/s, Avg generation throughput: 17.5 tokens/s, Running: 1 reqs, Waiting: 0 reqs, GPU KV cache usage: 1.7%, Prefix cache hit rate: 15.7%","INFO 06-12 23:38:59 [metrics.py:101] SpecDecoding metrics: Mean acceptance length: 2.72, Accepted throughput: 11.06 tokens/s, Drafted throughput: 70.63 tokens/s, Accepted: 112 tokens, Drafted: 715 tokens, Per-position acceptance rate: 0.954, 0.585, 0.185, 0.000, 0.000, 0.000, 0.000, 0.000, 0.000, 0.000, 0.000, Avg Draft acceptance rate: 15.7%",/lustre/fs1/portfolios/coreai/projects/coreai_dlalgo_nemorl/users/sna/SpecDec-RL-main-vllm020-20260606/vllm-runs/qwen235b_a22b_math500_osl32k_oci_tp4_fp8kv_pard_offset0_n4_isl4096_osl32768_bs1_2_k11_20260613_oci_math_drafter_k11
2026-06-13T08:39:06+02:00,3288921,official_pard2_k11,RUNNING,6.68,5,0.861,1.04,0.24,70.79,0.32,5,"INFO 06-12 23:38:57 [loggers.py:271] Engine 000: Avg prompt throughput: 0.0 tokens/s, Avg generation throughput: 6.6 tokens/s, Running: 1 reqs, Waiting: 0 reqs, GPU KV cache usage: 0.6%, Prefix cache hit rate: 43.6%","INFO 06-12 23:38:57 [metrics.py:101] SpecDecoding metrics: Mean acceptance length: 1.02, Accepted throughput: 0.10 tokens/s, Drafted throughput: 71.00 tokens/s, Accepted: 1 tokens, Drafted: 715 tokens, Per-position acceptance rate: 0.015, 0.000, 0.000, 0.000, 0.000, 0.000, 0.000, 0.000, 0.000, 0.000, 0.000, Avg Draft acceptance rate: 0.1%",/lustre/fs1/portfolios/coreai/projects/coreai_dlalgo_nemorl/users/sna/SpecDec-RL-main-vllm020-20260606/vllm-runs/qwen235b_a22b_math500_osl32k_oci_tp4_fp8kv_pard2_offset0_n4_isl4096_osl32768_bs1_2_k11_20260613_oci_math_drafter_k11
2026-06-13T08:39:08+02:00,3288927,eagle3_k11,RUNNING,19.34,5,2.492,2.87,12.60,74.11,17.02,5,"INFO 06-12 23:39:02 [loggers.py:271] Engine 000: Avg prompt throughput: 0.0 tokens/s, Avg generation throughput: 18.7 tokens/s, Running: 1 reqs, Waiting: 0 reqs, GPU KV cache usage: 1.1%, Prefix cache hit rate: 0.0%","INFO 06-12 23:39:02 [metrics.py:101] SpecDecoding metrics: Mean acceptance length: 2.81, Accepted throughput: 12.05 tokens/s, Drafted throughput: 73.38 tokens/s, Accepted: 121 tokens, Drafted: 737 tokens, Per-position acceptance rate: 0.940, 0.552, 0.254, 0.060, 0.000, 0.000, 0.000, 0.000, 0.000, 0.000, 0.000, Avg Draft acceptance rate: 16.4%",/lustre/fs1/portfolios/coreai/projects/coreai_dlalgo_nemorl/users/sna/SpecDec-RL-main-vllm020-20260606/vllm-runs/qwen235b_a22b_math500_osl32k_oci_tp4_fp8kv_eagle3_offset0_n4_isl4096_osl32768_bs1_2_k11_20260613_oci_math_drafter_k11
2026-06-13T08:47:02+02:00,3288484,baseline,RUNNING,7.94,5,1.000,,,,,0,"INFO 06-12 23:46:54 [loggers.py:271] Engine 000: Avg prompt throughput: 0.0 tokens/s, Avg generation throughput: 7.6 tokens/s, Running: 1 reqs, Waiting: 0 reqs, GPU KV cache usage: 0.6%, Prefix cache hit rate: 21.1%",,/lustre/fs1/portfolios/coreai/projects/coreai_dlalgo_nemorl/users/sna/SpecDec-RL-main-vllm020-20260606/vllm-runs/qwen235b_a22b_math500_osl32k_oci_tp4_fp8kv_baseline_offset0_n4_isl4096_osl32768_bs1_2_k0_20260613_oci_math
2026-06-13T08:47:04+02:00,3288487,suffix_k32,FAILED,,0,,,,,,0,,,/lustre/fs1/portfolios/coreai/projects/coreai_dlalgo_nemorl/users/sna/SpecDec-RL-main-vllm020-20260606/vllm-runs/qwen235b_a22b_math500_osl32k_oci_tp4_fp8kv_suffix_offset0_n4_isl4096_osl32768_bs1_2_k32_20260613_oci_math
2026-06-13T08:47:05+02:00,3288488,pard_k5,RUNNING,18.02,5,2.270,2.93,11.87,30.82,38.54,5,"INFO 06-12 23:47:02 [loggers.py:271] Engine 000: Avg prompt throughput: 0.0 tokens/s, Avg generation throughput: 19.0 tokens/s, Running: 1 reqs, Waiting: 0 reqs, GPU KV cache usage: 2.2%, Prefix cache hit rate: 43.5%","INFO 06-12 23:47:02 [metrics.py:101] SpecDecoding metrics: Mean acceptance length: 3.11, Accepted throughput: 12.91 tokens/s, Drafted throughput: 30.54 tokens/s, Accepted: 131 tokens, Drafted: 310 tokens, Per-position acceptance rate: 0.935, 0.742, 0.274, 0.129, 0.032, Avg Draft acceptance rate: 42.3%",/lustre/fs1/portfolios/coreai/projects/coreai_dlalgo_nemorl/users/sna/SpecDec-RL-main-vllm020-20260606/vllm-runs/qwen235b_a22b_math500_osl32k_oci_tp4_fp8kv_pard_offset0_n4_isl4096_osl32768_bs1_2_k5_20260613_oci_math
2026-06-13T08:47:07+02:00,3288490,official_pard2_k1,RUNNING,6.48,5,0.816,1.05,0.28,6.22,4.48,5,"INFO 06-12 23:47:02 [loggers.py:271] Engine 000: Avg prompt throughput: 0.0 tokens/s, Avg generation throughput: 6.5 tokens/s, Running: 1 reqs, Waiting: 0 reqs, GPU KV cache usage: 2.3%, Prefix cache hit rate: 43.6%","INFO 06-12 23:47:02 [metrics.py:101] SpecDecoding metrics: Mean acceptance length: 1.05, Accepted throughput: 0.30 tokens/s, Drafted throughput: 6.20 tokens/s, Accepted: 3 tokens, Drafted: 62 tokens, Per-position acceptance rate: 0.048, Avg Draft acceptance rate: 4.8%",/lustre/fs1/portfolios/coreai/projects/coreai_dlalgo_nemorl/users/sna/SpecDec-RL-main-vllm020-20260606/vllm-runs/qwen235b_a22b_math500_osl32k_oci_tp4_fp8kv_pard2_offset0_n4_isl4096_osl32768_bs1_2_k1_20260613_oci_math
2026-06-13T08:47:08+02:00,3288491,eagle3_k3,RUNNING,42.06,5,5.297,2.99,27.99,42.20,66.32,5,"INFO 06-12 23:46:59 [loggers.py:271] Engine 000: Avg prompt throughput: 0.0 tokens/s, Avg generation throughput: 41.3 tokens/s, Running: 2 reqs, Waiting: 0 reqs, GPU KV cache usage: 2.1%, Prefix cache hit rate: 33.5%","INFO 06-12 23:46:59 [metrics.py:101] SpecDecoding metrics: Mean acceptance length: 2.93, Accepted throughput: 27.22 tokens/s, Drafted throughput: 42.32 tokens/s, Accepted: 274 tokens, Drafted: 426 tokens, Per-position acceptance rate: 0.951, 0.690, 0.289, Avg Draft acceptance rate: 64.3%",/lustre/fs1/portfolios/coreai/projects/coreai_dlalgo_nemorl/users/sna/SpecDec-RL-main-vllm020-20260606/vllm-runs/qwen235b_a22b_math500_osl32k_oci_tp4_fp8kv_eagle3_offset0_n4_isl4096_osl32768_bs1_2_k3_20260613_oci_math
2026-06-13T08:47:09+02:00,3288594,suffix_k32,COMPLETED,88.70,5,11.171,11.25,80.82,92.64,87.22,5,"INFO 06-12 22:38:08 [loggers.py:271] Engine 000: Avg prompt throughput: 0.0 tokens/s, Avg generation throughput: 87.3 tokens/s, Running: 1 reqs, Waiting: 0 reqs, GPU KV cache usage: 1.5%, Prefix cache hit rate: 59.3%","INFO 06-12 22:38:08 [metrics.py:101] SpecDecoding metrics: Mean acceptance length: 11.22, Accepted throughput: 79.50 tokens/s, Drafted throughput: 91.47 tokens/s, Accepted: 797 tokens, Drafted: 917 tokens, Per-position acceptance rate: 1.000, 1.000, 1.000, 1.000, 1.000, 1.000, 0.744, 0.744, 0.744, 0.744, 0.744, 0.500, 0.000, 0.000, 0.000, 0.000, 0.000, 0.000, 0.000, 0.000, 0.000, 0.000, 0.000, 0.000, 0.000, 0.000, 0.000, 0.000, 0.000, 0.000, 0.000, 0.000, Avg Draft acceptance rate: 86.9%",/lustre/fs1/portfolios/coreai/projects/coreai_dlalgo_nemorl/users/sna/SpecDec-RL-main-vllm020-20260606/vllm-runs/qwen235b_a22b_math500_osl32k_oci_tp4_fp8kv_suffix_offset0_n4_isl4096_osl32768_bs1_2_k32_20260613_oci_math_suffix_py312_retry1
2026-06-13T08:47:11+02:00,3288918,pard_k9,RUNNING,70.50,5,8.879,5.28,57.15,120.18,47.54,5,"INFO 06-12 23:47:07 [loggers.py:271] Engine 000: Avg prompt throughput: 0.0 tokens/s, Avg generation throughput: 74.6 tokens/s, Running: 2 reqs, Waiting: 0 reqs, GPU KV cache usage: 0.8%, Prefix cache hit rate: 43.5%","INFO 06-12 23:47:07 [metrics.py:101] SpecDecoding metrics: Mean acceptance length: 5.57, Accepted throughput: 61.23 tokens/s, Drafted throughput: 120.45 tokens/s, Accepted: 613 tokens, Drafted: 1206 tokens, Per-position acceptance rate: 0.881, 0.761, 0.672, 0.604, 0.522, 0.396, 0.321, 0.246, 0.172, Avg Draft acceptance rate: 50.8%",/lustre/fs1/portfolios/coreai/projects/coreai_dlalgo_nemorl/users/sna/SpecDec-RL-main-vllm020-20260606/vllm-runs/qwen235b_a22b_math500_osl32k_oci_tp4_fp8kv_pard_offset0_n4_isl4096_osl32768_bs1_2_k9_20260613_oci_math_drafter_k9
2026-06-13T08:47:12+02:00,3288922,official_pard2_k9,RUNNING,6.74,5,0.849,1.05,0.30,58.05,0.50,5,"INFO 06-12 23:47:06 [loggers.py:271] Engine 000: Avg prompt throughput: 0.0 tokens/s, Avg generation throughput: 6.8 tokens/s, Running: 1 reqs, Waiting: 0 reqs, GPU KV cache usage: 0.8%, Prefix cache hit rate: 43.6%","INFO 06-12 23:47:06 [metrics.py:101] SpecDecoding metrics: Mean acceptance length: 1.05, Accepted throughput: 0.30 tokens/s, Drafted throughput: 58.58 tokens/s, Accepted: 3 tokens, Drafted: 594 tokens, Per-position acceptance rate: 0.045, 0.000, 0.000, 0.000, 0.000, 0.000, 0.000, 0.000, 0.000, Avg Draft acceptance rate: 0.5%",/lustre/fs1/portfolios/coreai/projects/coreai_dlalgo_nemorl/users/sna/SpecDec-RL-main-vllm020-20260606/vllm-runs/qwen235b_a22b_math500_osl32k_oci_tp4_fp8kv_pard2_offset0_n4_isl4096_osl32768_bs1_2_k9_20260613_oci_math_drafter_k9
2026-06-13T08:47:13+02:00,3288926,eagle3_k9,RUNNING,16.42,5,2.068,2.52,9.93,58.45,16.98,5,"INFO 06-12 23:47:07 [loggers.py:271] Engine 000: Avg prompt throughput: 0.0 tokens/s, Avg generation throughput: 15.1 tokens/s, Running: 1 reqs, Waiting: 0 reqs, GPU KV cache usage: 0.4%, Prefix cache hit rate: 0.0%","INFO 06-12 23:47:07 [metrics.py:101] SpecDecoding metrics: Mean acceptance length: 2.41, Accepted throughput: 8.85 tokens/s, Drafted throughput: 56.36 tokens/s, Accepted: 89 tokens, Drafted: 567 tokens, Per-position acceptance rate: 0.683, 0.524, 0.206, 0.000, 0.000, 0.000, 0.000, 0.000, 0.000, Avg Draft acceptance rate: 15.7%",/lustre/fs1/portfolios/coreai/projects/coreai_dlalgo_nemorl/users/sna/SpecDec-RL-main-vllm020-20260606/vllm-runs/qwen235b_a22b_math500_osl32k_oci_tp4_fp8kv_eagle3_offset0_n4_isl4096_osl32768_bs1_2_k9_20260613_oci_math_drafter_k9
2026-06-13T08:47:15+02:00,3288919,pard_k11,RUNNING,16.38,5,2.063,2.71,10.34,66.59,15.56,5,"INFO 06-12 23:47:12 [loggers.py:271] Engine 000: Avg prompt throughput: 0.0 tokens/s, Avg generation throughput: 17.8 tokens/s, Running: 1 reqs, Waiting: 0 reqs, GPU KV cache usage: 2.2%, Prefix cache hit rate: 15.7%","INFO 06-12 23:47:12 [metrics.py:101] SpecDecoding metrics: Mean acceptance length: 2.97, Accepted throughput: 11.78 tokens/s, Drafted throughput: 65.88 tokens/s, Accepted: 118 tokens, Drafted: 660 tokens, Per-position acceptance rate: 0.983, 0.717, 0.267, 0.000, 0.000, 0.000, 0.000, 0.000, 0.000, 0.000, 0.000, Avg Draft acceptance rate: 17.9%",/lustre/fs1/portfolios/coreai/projects/coreai_dlalgo_nemorl/users/sna/SpecDec-RL-main-vllm020-20260606/vllm-runs/qwen235b_a22b_math500_osl32k_oci_tp4_fp8kv_pard_offset0_n4_isl4096_osl32768_bs1_2_k11_20260613_oci_math_drafter_k11
2026-06-13T08:47:16+02:00,3288921,official_pard2_k11,RUNNING,6.96,5,0.877,1.05,0.36,72.87,0.48,5,"INFO 06-12 23:47:10 [loggers.py:271] Engine 000: Avg prompt throughput: 0.0 tokens/s, Avg generation throughput: 7.0 tokens/s, Running: 1 reqs, Waiting: 0 reqs, GPU KV cache usage: 0.8%, Prefix cache hit rate: 43.6%","INFO 06-12 23:47:10 [metrics.py:101] SpecDecoding metrics: Mean acceptance length: 1.06, Accepted throughput: 0.40 tokens/s, Drafted throughput: 73.05 tokens/s, Accepted: 4 tokens, Drafted: 737 tokens, Per-position acceptance rate: 0.045, 0.015, 0.000, 0.000, 0.000, 0.000, 0.000, 0.000, 0.000, 0.000, 0.000, Avg Draft acceptance rate: 0.5%",/lustre/fs1/portfolios/coreai/projects/coreai_dlalgo_nemorl/users/sna/SpecDec-RL-main-vllm020-20260606/vllm-runs/qwen235b_a22b_math500_osl32k_oci_tp4_fp8kv_pard2_offset0_n4_isl4096_osl32768_bs1_2_k11_20260613_oci_math_drafter_k11
2026-06-13T08:47:18+02:00,3288927,eagle3_k11,RUNNING,17.84,5,2.247,2.89,11.65,67.90,17.16,5,"INFO 06-12 23:47:16 [loggers.py:271] Engine 000: Avg prompt throughput: 0.0 tokens/s, Avg generation throughput: 18.9 tokens/s, Running: 1 reqs, Waiting: 0 reqs, GPU KV cache usage: 1.5%, Prefix cache hit rate: 0.0%","INFO 06-12 23:47:16 [metrics.py:101] SpecDecoding metrics: Mean acceptance length: 3.05, Accepted throughput: 12.70 tokens/s, Drafted throughput: 68.23 tokens/s, Accepted: 129 tokens, Drafted: 693 tokens, Per-position acceptance rate: 1.000, 0.667, 0.254, 0.127, 0.000, 0.000, 0.000, 0.000, 0.000, 0.000, 0.000, Avg Draft acceptance rate: 18.6%",/lustre/fs1/portfolios/coreai/projects/coreai_dlalgo_nemorl/users/sna/SpecDec-RL-main-vllm020-20260606/vllm-runs/qwen235b_a22b_math500_osl32k_oci_tp4_fp8kv_eagle3_offset0_n4_isl4096_osl32768_bs1_2_k11_20260613_oci_math_drafter_k11
2026-06-13T08:54:08+02:00,3288484,baseline,RUNNING,7.60,5,1.000,,,,,0,"INFO 06-12 23:54:07 [loggers.py:271] Engine 000: Avg prompt throughput: 0.0 tokens/s, Avg generation throughput: 7.6 tokens/s, Running: 1 reqs, Waiting: 0 reqs, GPU KV cache usage: 0.7%, Prefix cache hit rate: 21.1%",,/lustre/fs1/portfolios/coreai/projects/coreai_dlalgo_nemorl/users/sna/SpecDec-RL-main-vllm020-20260606/vllm-runs/qwen235b_a22b_math500_osl32k_oci_tp4_fp8kv_baseline_offset0_n4_isl4096_osl32768_bs1_2_k0_20260613_oci_math
2026-06-13T08:54:10+02:00,3288487,suffix_k32,FAILED,,0,,,,,,0,,,/lustre/fs1/portfolios/coreai/projects/coreai_dlalgo_nemorl/users/sna/SpecDec-RL-main-vllm020-20260606/vllm-runs/qwen235b_a22b_math500_osl32k_oci_tp4_fp8kv_suffix_offset0_n4_isl4096_osl32768_bs1_2_k32_20260613_oci_math
2026-06-13T08:54:11+02:00,3288488,pard_k5,RUNNING,49.54,5,6.518,3.79,36.46,65.42,55.76,5,"INFO 06-12 23:54:06 [loggers.py:271] Engine 000: Avg prompt throughput: 0.0 tokens/s, Avg generation throughput: 45.7 tokens/s, Running: 2 reqs, Waiting: 0 reqs, GPU KV cache usage: 1.1%, Prefix cache hit rate: 56.5%","INFO 06-12 23:54:06 [metrics.py:101] SpecDecoding metrics: Mean acceptance length: 3.51, Accepted throughput: 32.65 tokens/s, Drafted throughput: 65.11 tokens/s, Accepted: 331 tokens, Drafted: 660 tokens, Per-position acceptance rate: 0.795, 0.705, 0.432, 0.295, 0.280, Avg Draft acceptance rate: 50.2%",/lustre/fs1/portfolios/coreai/projects/coreai_dlalgo_nemorl/users/sna/SpecDec-RL-main-vllm020-20260606/vllm-runs/qwen235b_a22b_math500_osl32k_oci_tp4_fp8kv_pard_offset0_n4_isl4096_osl32768_bs1_2_k5_20260613_oci_math
2026-06-13T08:54:13+02:00,3288490,official_pard2_k1,RUNNING,6.04,5,0.795,1.04,0.24,5.79,4.12,5,"INFO 06-12 23:54:05 [loggers.py:271] Engine 000: Avg prompt throughput: 0.0 tokens/s, Avg generation throughput: 6.0 tokens/s, Running: 1 reqs, Waiting: 0 reqs, GPU KV cache usage: 2.5%, Prefix cache hit rate: 43.6%","INFO 06-12 23:54:05 [metrics.py:101] SpecDecoding metrics: Mean acceptance length: 1.03, Accepted throughput: 0.20 tokens/s, Drafted throughput: 5.77 tokens/s, Accepted: 2 tokens, Drafted: 58 tokens, Per-position acceptance rate: 0.034, Avg Draft acceptance rate: 3.4%",/lustre/fs1/portfolios/coreai/projects/coreai_dlalgo_nemorl/users/sna/SpecDec-RL-main-vllm020-20260606/vllm-runs/qwen235b_a22b_math500_osl32k_oci_tp4_fp8kv_pard2_offset0_n4_isl4096_osl32768_bs1_2_k1_20260613_oci_math
2026-06-13T08:54:14+02:00,3288491,eagle3_k3,RUNNING,40.58,5,5.339,2.87,26.45,42.40,62.38,5,"INFO 06-12 23:54:12 [loggers.py:271] Engine 000: Avg prompt throughput: 0.0 tokens/s, Avg generation throughput: 41.4 tokens/s, Running: 2 reqs, Waiting: 0 reqs, GPU KV cache usage: 3.0%, Prefix cache hit rate: 33.5%","INFO 06-12 23:54:12 [metrics.py:101] SpecDecoding metrics: Mean acceptance length: 2.94, Accepted throughput: 27.32 tokens/s, Drafted throughput: 42.16 tokens/s, Accepted: 276 tokens, Drafted: 426 tokens, Per-position acceptance rate: 0.958, 0.718, 0.268, Avg Draft acceptance rate: 64.8%",/lustre/fs1/portfolios/coreai/projects/coreai_dlalgo_nemorl/users/sna/SpecDec-RL-main-vllm020-20260606/vllm-runs/qwen235b_a22b_math500_osl32k_oci_tp4_fp8kv_eagle3_offset0_n4_isl4096_osl32768_bs1_2_k3_20260613_oci_math
2026-06-13T08:54:16+02:00,3288594,suffix_k32,COMPLETED,88.70,5,11.671,11.25,80.82,92.64,87.22,5,"INFO 06-12 22:38:08 [loggers.py:271] Engine 000: Avg prompt throughput: 0.0 tokens/s, Avg generation throughput: 87.3 tokens/s, Running: 1 reqs, Waiting: 0 reqs, GPU KV cache usage: 1.5%, Prefix cache hit rate: 59.3%","INFO 06-12 22:38:08 [metrics.py:101] SpecDecoding metrics: Mean acceptance length: 11.22, Accepted throughput: 79.50 tokens/s, Drafted throughput: 91.47 tokens/s, Accepted: 797 tokens, Drafted: 917 tokens, Per-position acceptance rate: 1.000, 1.000, 1.000, 1.000, 1.000, 1.000, 0.744, 0.744, 0.744, 0.744, 0.744, 0.500, 0.000, 0.000, 0.000, 0.000, 0.000, 0.000, 0.000, 0.000, 0.000, 0.000, 0.000, 0.000, 0.000, 0.000, 0.000, 0.000, 0.000, 0.000, 0.000, 0.000, Avg Draft acceptance rate: 86.9%",/lustre/fs1/portfolios/coreai/projects/coreai_dlalgo_nemorl/users/sna/SpecDec-RL-main-vllm020-20260606/vllm-runs/qwen235b_a22b_math500_osl32k_oci_tp4_fp8kv_suffix_offset0_n4_isl4096_osl32768_bs1_2_k32_20260613_oci_math_suffix_py312_retry1
2026-06-13T08:54:19+02:00,3288918,pard_k9,RUNNING,50.38,5,6.629,3.78,37.07,119.88,30.92,5,"INFO 06-12 23:54:10 [loggers.py:271] Engine 000: Avg prompt throughput: 0.0 tokens/s, Avg generation throughput: 47.0 tokens/s, Running: 2 reqs, Waiting: 0 reqs, GPU KV cache usage: 2.6%, Prefix cache hit rate: 43.5%","INFO 06-12 23:54:10 [metrics.py:101] SpecDecoding metrics: Mean acceptance length: 3.51, Accepted throughput: 33.63 tokens/s, Drafted throughput: 120.70 tokens/s, Accepted: 341 tokens, Drafted: 1224 tokens, Per-position acceptance rate: 0.897, 0.787, 0.522, 0.169, 0.088, 0.022, 0.022, 0.000, 0.000, Avg Draft acceptance rate: 27.9%",/lustre/fs1/portfolios/coreai/projects/coreai_dlalgo_nemorl/users/sna/SpecDec-RL-main-vllm020-20260606/vllm-runs/qwen235b_a22b_math500_osl32k_oci_tp4_fp8kv_pard_offset0_n4_isl4096_osl32768_bs1_2_k9_20260613_oci_math_drafter_k9
2026-06-13T08:54:20+02:00,3288922,official_pard2_k9,RUNNING,6.48,5,0.853,1.00,0.00,58.34,0.00,5,"INFO 06-12 23:54:19 [loggers.py:271] Engine 000: Avg prompt throughput: 0.0 tokens/s, Avg generation throughput: 6.5 tokens/s, Running: 1 reqs, Waiting: 0 reqs, GPU KV cache usage: 1.0%, Prefix cache hit rate: 43.6%","INFO 06-12 23:54:19 [metrics.py:101] SpecDecoding metrics: Mean acceptance length: 1.00, Accepted throughput: 0.00 tokens/s, Drafted throughput: 58.15 tokens/s, Accepted: 0 tokens, Drafted: 585 tokens, Per-position acceptance rate: 0.000, 0.000, 0.000, 0.000, 0.000, 0.000, 0.000, 0.000, 0.000, Avg Draft acceptance rate: 0.0%",/lustre/fs1/portfolios/coreai/projects/coreai_dlalgo_nemorl/users/sna/SpecDec-RL-main-vllm020-20260606/vllm-runs/qwen235b_a22b_math500_osl32k_oci_tp4_fp8kv_pard2_offset0_n4_isl4096_osl32768_bs1_2_k9_20260613_oci_math_drafter_k9
2026-06-13T08:54:22+02:00,3288926,eagle3_k9,RUNNING,23.80,5,3.132,3.50,17.00,61.23,27.78,5,"INFO 06-12 23:54:20 [loggers.py:271] Engine 000: Avg prompt throughput: 0.0 tokens/s, Avg generation throughput: 23.4 tokens/s, Running: 1 reqs, Waiting: 0 reqs, GPU KV cache usage: 0.8%, Prefix cache hit rate: 0.0%","INFO 06-12 23:54:20 [metrics.py:101] SpecDecoding metrics: Mean acceptance length: 3.49, Accepted throughput: 16.69 tokens/s, Drafted throughput: 60.28 tokens/s, Accepted: 167 tokens, Drafted: 603 tokens, Per-position acceptance rate: 1.000, 1.000, 0.493, 0.000, 0.000, 0.000, 0.000, 0.000, 0.000, Avg Draft acceptance rate: 27.7%",/lustre/fs1/portfolios/coreai/projects/coreai_dlalgo_nemorl/users/sna/SpecDec-RL-main-vllm020-20260606/vllm-runs/qwen235b_a22b_math500_osl32k_oci_tp4_fp8kv_eagle3_offset0_n4_isl4096_osl32768_bs1_2_k9_20260613_oci_math_drafter_k9
2026-06-13T08:54:23+02:00,3288919,pard_k11,RUNNING,71.68,5,9.432,5.70,59.13,138.32,42.76,5,"INFO 06-12 23:54:16 [loggers.py:271] Engine 000: Avg prompt throughput: 0.0 tokens/s, Avg generation throughput: 86.5 tokens/s, Running: 2 reqs, Waiting: 0 reqs, GPU KV cache usage: 1.4%, Prefix cache hit rate: 43.5%","INFO 06-12 23:54:16 [metrics.py:101] SpecDecoding metrics: Mean acceptance length: 6.84, Accepted throughput: 73.86 tokens/s, Drafted throughput: 139.22 tokens/s, Accepted: 747 tokens, Drafted: 1408 tokens, Per-position acceptance rate: 0.992, 0.992, 0.961, 0.836, 0.703, 0.578, 0.406, 0.242, 0.094, 0.023, 0.008, Avg Draft acceptance rate: 53.1%",/lustre/fs1/portfolios/coreai/projects/coreai_dlalgo_nemorl/users/sna/SpecDec-RL-main-vllm020-20260606/vllm-runs/qwen235b_a22b_math500_osl32k_oci_tp4_fp8kv_pard_offset0_n4_isl4096_osl32768_bs1_2_k11_20260613_oci_math_drafter_k11
2026-06-13T08:54:25+02:00,3288921,official_pard2_k11,RUNNING,6.68,5,0.879,1.00,0.00,73.38,0.00,5,"INFO 06-12 23:54:23 [loggers.py:271] Engine 000: Avg prompt throughput: 0.0 tokens/s, Avg generation throughput: 6.7 tokens/s, Running: 1 reqs, Waiting: 0 reqs, GPU KV cache usage: 1.1%, Prefix cache hit rate: 43.6%","INFO 06-12 23:54:23 [metrics.py:101] SpecDecoding metrics: Mean acceptance length: 1.00, Accepted throughput: 0.00 tokens/s, Drafted throughput: 73.57 tokens/s, Accepted: 0 tokens, Drafted: 737 tokens, Per-position acceptance rate: 0.000, 0.000, 0.000, 0.000, 0.000, 0.000, 0.000, 0.000, 0.000, 0.000, 0.000, Avg Draft acceptance rate: 0.0%",/lustre/fs1/portfolios/coreai/projects/coreai_dlalgo_nemorl/users/sna/SpecDec-RL-main-vllm020-20260606/vllm-runs/qwen235b_a22b_math500_osl32k_oci_tp4_fp8kv_pard2_offset0_n4_isl4096_osl32768_bs1_2_k11_20260613_oci_math_drafter_k11
2026-06-13T08:54:26+02:00,3288927,eagle3_k11,RUNNING,16.96,5,2.232,2.75,10.79,67.86,15.90,5,"INFO 06-12 23:54:19 [loggers.py:271] Engine 000: Avg prompt throughput: 0.0 tokens/s, Avg generation throughput: 16.4 tokens/s, Running: 1 reqs, Waiting: 0 reqs, GPU KV cache usage: 0.3%, Prefix cache hit rate: 0.0%","INFO 06-12 23:54:19 [metrics.py:101] SpecDecoding metrics: Mean acceptance length: 2.66, Accepted throughput: 10.24 tokens/s, Drafted throughput: 67.77 tokens/s, Accepted: 103 tokens, Drafted: 682 tokens, Per-position acceptance rate: 0.758, 0.581, 0.323, 0.000, 0.000, 0.000, 0.000, 0.000, 0.000, 0.000, 0.000, Avg Draft acceptance rate: 15.1%",/lustre/fs1/portfolios/coreai/projects/coreai_dlalgo_nemorl/users/sna/SpecDec-RL-main-vllm020-20260606/vllm-runs/qwen235b_a22b_math500_osl32k_oci_tp4_fp8kv_eagle3_offset0_n4_isl4096_osl32768_bs1_2_k11_20260613_oci_math_drafter_k11
2026-06-13T08:59:45+02:00,3288484,baseline,RUNNING,7.72,5,1.000,,,,,0,"INFO 06-12 23:59:38 [loggers.py:271] Engine 000: Avg prompt throughput: 0.0 tokens/s, Avg generation throughput: 7.7 tokens/s, Running: 1 reqs, Waiting: 0 reqs, GPU KV cache usage: 0.9%, Prefix cache hit rate: 21.1%",,/lustre/fs1/portfolios/coreai/projects/coreai_dlalgo_nemorl/users/sna/SpecDec-RL-main-vllm020-20260606/vllm-runs/qwen235b_a22b_math500_osl32k_oci_tp4_fp8kv_baseline_offset0_n4_isl4096_osl32768_bs1_2_k0_20260613_oci_math
2026-06-13T08:59:46+02:00,3288487,suffix_k32,FAILED,,0,,,,,,0,,,/lustre/fs1/portfolios/coreai/projects/coreai_dlalgo_nemorl/users/sna/SpecDec-RL-main-vllm020-20260606/vllm-runs/qwen235b_a22b_math500_osl32k_oci_tp4_fp8kv_suffix_offset0_n4_isl4096_osl32768_bs1_2_k32_20260613_oci_math
2026-06-13T08:59:48+02:00,3288488,pard_k5,RUNNING,37.20,5,4.819,2.84,24.09,65.38,36.86,5,"INFO 06-12 23:59:40 [loggers.py:271] Engine 000: Avg prompt throughput: 0.0 tokens/s, Avg generation throughput: 42.2 tokens/s, Running: 2 reqs, Waiting: 0 reqs, GPU KV cache usage: 2.1%, Prefix cache hit rate: 56.5%","INFO 06-12 23:59:40 [metrics.py:101] SpecDecoding metrics: Mean acceptance length: 3.22, Accepted throughput: 29.08 tokens/s, Drafted throughput: 65.50 tokens/s, Accepted: 293 tokens, Drafted: 660 tokens, Per-position acceptance rate: 0.773, 0.667, 0.402, 0.235, 0.144, Avg Draft acceptance rate: 44.4%",/lustre/fs1/portfolios/coreai/projects/coreai_dlalgo_nemorl/users/sna/SpecDec-RL-main-vllm020-20260606/vllm-runs/qwen235b_a22b_math500_osl32k_oci_tp4_fp8kv_pard_offset0_n4_isl4096_osl32768_bs1_2_k5_20260613_oci_math
2026-06-13T08:59:49+02:00,3288490,official_pard2_k1,RUNNING,7.44,5,0.964,1.13,0.87,6.57,13.30,5,"INFO 06-12 23:59:47 [loggers.py:271] Engine 000: Avg prompt throughput: 0.0 tokens/s, Avg generation throughput: 7.3 tokens/s, Running: 1 reqs, Waiting: 0 reqs, GPU KV cache usage: 0.2%, Prefix cache hit rate: 21.1%","INFO 06-12 23:59:47 [metrics.py:101] SpecDecoding metrics: Mean acceptance length: 1.12, Accepted throughput: 0.79 tokens/s, Drafted throughput: 6.55 tokens/s, Accepted: 8 tokens, Drafted: 66 tokens, Per-position acceptance rate: 0.121, Avg Draft acceptance rate: 12.1%",/lustre/fs1/portfolios/coreai/projects/coreai_dlalgo_nemorl/users/sna/SpecDec-RL-main-vllm020-20260606/vllm-runs/qwen235b_a22b_math500_osl32k_oci_tp4_fp8kv_pard2_offset0_n4_isl4096_osl32768_bs1_2_k1_20260613_oci_math
2026-06-13T08:59:51+02:00,3288491,eagle3_k3,RUNNING,50.94,5,6.598,3.41,36.00,44.82,80.30,5,"INFO 06-12 23:59:44 [loggers.py:271] Engine 000: Avg prompt throughput: 0.0 tokens/s, Avg generation throughput: 52.2 tokens/s, Running: 2 reqs, Waiting: 0 reqs, GPU KV cache usage: 0.3%, Prefix cache hit rate: 34.6%","INFO 06-12 23:59:44 [metrics.py:101] SpecDecoding metrics: Mean acceptance length: 3.49, Accepted throughput: 37.24 tokens/s, Drafted throughput: 44.93 tokens/s, Accepted: 373 tokens, Drafted: 450 tokens, Per-position acceptance rate: 0.947, 0.847, 0.693, Avg Draft acceptance rate: 82.9%",/lustre/fs1/portfolios/coreai/projects/coreai_dlalgo_nemorl/users/sna/SpecDec-RL-main-vllm020-20260606/vllm-runs/qwen235b_a22b_math500_osl32k_oci_tp4_fp8kv_eagle3_offset0_n4_isl4096_osl32768_bs1_2_k3_20260613_oci_math
2026-06-13T08:59:53+02:00,3288594,suffix_k32,COMPLETED,88.70,5,11.490,11.25,80.82,92.64,87.22,5,"INFO 06-12 22:38:08 [loggers.py:271] Engine 000: Avg prompt throughput: 0.0 tokens/s, Avg generation throughput: 87.3 tokens/s, Running: 1 reqs, Waiting: 0 reqs, GPU KV cache usage: 1.5%, Prefix cache hit rate: 59.3%","INFO 06-12 22:38:08 [metrics.py:101] SpecDecoding metrics: Mean acceptance length: 11.22, Accepted throughput: 79.50 tokens/s, Drafted throughput: 91.47 tokens/s, Accepted: 797 tokens, Drafted: 917 tokens, Per-position acceptance rate: 1.000, 1.000, 1.000, 1.000, 1.000, 1.000, 0.744, 0.744, 0.744, 0.744, 0.744, 0.500, 0.000, 0.000, 0.000, 0.000, 0.000, 0.000, 0.000, 0.000, 0.000, 0.000, 0.000, 0.000, 0.000, 0.000, 0.000, 0.000, 0.000, 0.000, 0.000, 0.000, Avg Draft acceptance rate: 86.9%",/lustre/fs1/portfolios/coreai/projects/coreai_dlalgo_nemorl/users/sna/SpecDec-RL-main-vllm020-20260606/vllm-runs/qwen235b_a22b_math500_osl32k_oci_tp4_fp8kv_suffix_offset0_n4_isl4096_osl32768_bs1_2_k32_20260613_oci_math_suffix_py312_retry1
2026-06-13T08:59:54+02:00,3288918,pard_k9,RUNNING,42.36,5,5.487,3.26,29.39,116.87,25.14,5,"INFO 06-12 23:59:52 [loggers.py:271] Engine 000: Avg prompt throughput: 0.0 tokens/s, Avg generation throughput: 42.7 tokens/s, Running: 2 reqs, Waiting: 0 reqs, GPU KV cache usage: 3.7%, Prefix cache hit rate: 43.5%","INFO 06-12 23:59:52 [metrics.py:101] SpecDecoding metrics: Mean acceptance length: 3.29, Accepted throughput: 29.73 tokens/s, Drafted throughput: 116.72 tokens/s, Accepted: 298 tokens, Drafted: 1170 tokens, Per-position acceptance rate: 0.838, 0.654, 0.438, 0.146, 0.108, 0.100, 0.008, 0.000, 0.000, Avg Draft acceptance rate: 25.5%",/lustre/fs1/portfolios/coreai/projects/coreai_dlalgo_nemorl/users/sna/SpecDec-RL-main-vllm020-20260606/vllm-runs/qwen235b_a22b_math500_osl32k_oci_tp4_fp8kv_pard_offset0_n4_isl4096_osl32768_bs1_2_k9_20260613_oci_math_drafter_k9
2026-06-13T08:59:55+02:00,3288922,official_pard2_k9,RUNNING,6.60,5,0.855,1.01,0.08,58.57,0.14,5,"INFO 06-12 23:59:52 [loggers.py:271] Engine 000: Avg prompt throughput: 0.0 tokens/s, Avg generation throughput: 6.7 tokens/s, Running: 1 reqs, Waiting: 0 reqs, GPU KV cache usage: 1.2%, Prefix cache hit rate: 43.6%","INFO 06-12 23:59:52 [metrics.py:101] SpecDecoding metrics: Mean acceptance length: 1.03, Accepted throughput: 0.20 tokens/s, Drafted throughput: 58.26 tokens/s, Accepted: 2 tokens, Drafted: 585 tokens, Per-position acceptance rate: 0.031, 0.000, 0.000, 0.000, 0.000, 0.000, 0.000, 0.000, 0.000, Avg Draft acceptance rate: 0.3%",/lustre/fs1/portfolios/coreai/projects/coreai_dlalgo_nemorl/users/sna/SpecDec-RL-main-vllm020-20260606/vllm-runs/qwen235b_a22b_math500_osl32k_oci_tp4_fp8kv_pard2_offset0_n4_isl4096_osl32768_bs1_2_k9_20260613_oci_math_drafter_k9
2026-06-13T08:59:58+02:00,3288926,eagle3_k9,RUNNING,23.32,5,3.021,3.46,16.57,60.64,27.32,5,"INFO 06-12 23:59:52 [loggers.py:271] Engine 000: Avg prompt throughput: 0.0 tokens/s, Avg generation throughput: 22.9 tokens/s, Running: 1 reqs, Waiting: 0 reqs, GPU KV cache usage: 1.2%, Prefix cache hit rate: 0.0%","INFO 06-12 23:59:52 [metrics.py:101] SpecDecoding metrics: Mean acceptance length: 3.40, Accepted throughput: 16.13 tokens/s, Drafted throughput: 60.58 tokens/s, Accepted: 163 tokens, Drafted: 612 tokens, Per-position acceptance rate: 1.000, 0.926, 0.456, 0.015, 0.000, 0.000, 0.000, 0.000, 0.000, Avg Draft acceptance rate: 26.6%",/lustre/fs1/portfolios/coreai/projects/coreai_dlalgo_nemorl/users/sna/SpecDec-RL-main-vllm020-20260606/vllm-runs/qwen235b_a22b_math500_osl32k_oci_tp4_fp8kv_eagle3_offset0_n4_isl4096_osl32768_bs1_2_k9_20260613_oci_math_drafter_k9
2026-06-13T09:00:00+02:00,3288919,pard_k11,RUNNING,55.76,5,7.223,4.43,43.19,138.43,31.18,5,"INFO 06-12 23:59:59 [loggers.py:271] Engine 000: Avg prompt throughput: 0.0 tokens/s, Avg generation throughput: 54.0 tokens/s, Running: 2 reqs, Waiting: 0 reqs, GPU KV cache usage: 3.0%, Prefix cache hit rate: 43.5%","INFO 06-12 23:59:59 [metrics.py:101] SpecDecoding metrics: Mean acceptance length: 4.30, Accepted throughput: 41.46 tokens/s, Drafted throughput: 138.14 tokens/s, Accepted: 416 tokens, Drafted: 1386 tokens, Per-position acceptance rate: 0.976, 0.937, 0.794, 0.397, 0.143, 0.056, 0.000, 0.000, 0.000, 0.000, 0.000, Avg Draft acceptance rate: 30.0%",/lustre/fs1/portfolios/coreai/projects/coreai_dlalgo_nemorl/users/sna/SpecDec-RL-main-vllm020-20260606/vllm-runs/qwen235b_a22b_math500_osl32k_oci_tp4_fp8kv_pard_offset0_n4_isl4096_osl32768_bs1_2_k11_20260613_oci_math_drafter_k11
2026-06-13T09:00:04+02:00,3288921,official_pard2_k11,RUNNING,6.54,5,0.847,1.00,0.02,71.82,0.02,5,"INFO 06-12 23:59:56 [loggers.py:271] Engine 000: Avg prompt throughput: 0.0 tokens/s, Avg generation throughput: 6.5 tokens/s, Running: 1 reqs, Waiting: 0 reqs, GPU KV cache usage: 1.2%, Prefix cache hit rate: 43.6%","INFO 06-12 23:59:56 [metrics.py:101] SpecDecoding metrics: Mean acceptance length: 1.00, Accepted throughput: 0.00 tokens/s, Drafted throughput: 71.80 tokens/s, Accepted: 0 tokens, Drafted: 726 tokens, Per-position acceptance rate: 0.000, 0.000, 0.000, 0.000, 0.000, 0.000, 0.000, 0.000, 0.000, 0.000, 0.000, Avg Draft acceptance rate: 0.0%",/lustre/fs1/portfolios/coreai/projects/coreai_dlalgo_nemorl/users/sna/SpecDec-RL-main-vllm020-20260606/vllm-runs/qwen235b_a22b_math500_osl32k_oci_tp4_fp8kv_pard2_offset0_n4_isl4096_osl32768_bs1_2_k11_20260613_oci_math_drafter_k11
2026-06-13T09:00:06+02:00,3288927,eagle3_k11,RUNNING,21.54,5,2.790,3.50,15.40,67.74,22.74,5,"INFO 06-13 00:00:02 [loggers.py:271] Engine 000: Avg prompt throughput: 0.0 tokens/s, Avg generation throughput: 21.5 tokens/s, Running: 1 reqs, Waiting: 0 reqs, GPU KV cache usage: 0.6%, Prefix cache hit rate: 0.0%","INFO 06-13 00:00:02 [metrics.py:101] SpecDecoding metrics: Mean acceptance length: 3.52, Accepted throughput: 15.40 tokens/s, Drafted throughput: 67.35 tokens/s, Accepted: 156 tokens, Drafted: 682 tokens, Per-position acceptance rate: 1.000, 0.887, 0.516, 0.113, 0.000, 0.000, 0.000, 0.000, 0.000, 0.000, 0.000, Avg Draft acceptance rate: 22.9%",/lustre/fs1/portfolios/coreai/projects/coreai_dlalgo_nemorl/users/sna/SpecDec-RL-main-vllm020-20260606/vllm-runs/qwen235b_a22b_math500_osl32k_oci_tp4_fp8kv_eagle3_offset0_n4_isl4096_osl32768_bs1_2_k11_20260613_oci_math_drafter_k11
2026-06-13T09:06:58+02:00,3288484,baseline,RUNNING,7.70,5,1.000,,,,,0,"INFO 06-13 00:06:51 [loggers.py:271] Engine 000: Avg prompt throughput: 0.0 tokens/s, Avg generation throughput: 7.7 tokens/s, Running: 1 reqs, Waiting: 0 reqs, GPU KV cache usage: 1.0%, Prefix cache hit rate: 21.1%",,/lustre/fs1/portfolios/coreai/projects/coreai_dlalgo_nemorl/users/sna/SpecDec-RL-main-vllm020-20260606/vllm-runs/qwen235b_a22b_math500_osl32k_oci_tp4_fp8kv_baseline_offset0_n4_isl4096_osl32768_bs1_2_k0_20260613_oci_math
2026-06-13T09:07:00+02:00,3288487,suffix_k32,FAILED,,0,,,,,,0,,,/lustre/fs1/portfolios/coreai/projects/coreai_dlalgo_nemorl/users/sna/SpecDec-RL-main-vllm020-20260606/vllm-runs/qwen235b_a22b_math500_osl32k_oci_tp4_fp8kv_suffix_offset0_n4_isl4096_osl32768_bs1_2_k32_20260613_oci_math
2026-06-13T09:07:02+02:00,3288488,pard_k5,RUNNING,41.90,5,5.442,3.30,29.17,63.55,45.88,5,"INFO 06-13 00:06:53 [loggers.py:271] Engine 000: Avg prompt throughput: 0.0 tokens/s, Avg generation throughput: 41.1 tokens/s, Running: 2 reqs, Waiting: 0 reqs, GPU KV cache usage: 3.6%, Prefix cache hit rate: 56.5%","INFO 06-13 00:06:53 [metrics.py:101] SpecDecoding metrics: Mean acceptance length: 3.24, Accepted throughput: 28.40 tokens/s, Drafted throughput: 63.32 tokens/s, Accepted: 287 tokens, Drafted: 640 tokens, Per-position acceptance rate: 0.898, 0.773, 0.414, 0.148, 0.008, Avg Draft acceptance rate: 44.8%",/lustre/fs1/portfolios/coreai/projects/coreai_dlalgo_nemorl/users/sna/SpecDec-RL-main-vllm020-20260606/vllm-runs/qwen235b_a22b_math500_osl32k_oci_tp4_fp8kv_pard_offset0_n4_isl4096_osl32768_bs1_2_k5_20260613_oci_math
2026-06-13T09:07:04+02:00,3288490,official_pard2_k1,RUNNING,6.68,5,0.868,1.02,0.10,6.56,1.50,5,"INFO 06-13 00:07:00 [loggers.py:271] Engine 000: Avg prompt throughput: 0.0 tokens/s, Avg generation throughput: 6.7 tokens/s, Running: 1 reqs, Waiting: 0 reqs, GPU KV cache usage: 0.4%, Prefix cache hit rate: 21.1%","INFO 06-13 00:07:00 [metrics.py:101] SpecDecoding metrics: Mean acceptance length: 1.02, Accepted throughput: 0.10 tokens/s, Drafted throughput: 6.57 tokens/s, Accepted: 1 tokens, Drafted: 66 tokens, Per-position acceptance rate: 0.015, Avg Draft acceptance rate: 1.5%",/lustre/fs1/portfolios/coreai/projects/coreai_dlalgo_nemorl/users/sna/SpecDec-RL-main-vllm020-20260606/vllm-runs/qwen235b_a22b_math500_osl32k_oci_tp4_fp8kv_pard2_offset0_n4_isl4096_osl32768_bs1_2_k1_20260613_oci_math
2026-06-13T09:07:05+02:00,3288491,eagle3_k3,RUNNING,47.74,5,6.200,3.34,33.43,42.93,77.86,5,"INFO 06-13 00:06:57 [loggers.py:271] Engine 000: Avg prompt throughput: 0.0 tokens/s, Avg generation throughput: 48.1 tokens/s, Running: 2 reqs, Waiting: 0 reqs, GPU KV cache usage: 1.3%, Prefix cache hit rate: 34.6%","INFO 06-13 00:06:57 [metrics.py:101] SpecDecoding metrics: Mean acceptance length: 3.36, Accepted throughput: 33.76 tokens/s, Drafted throughput: 42.90 tokens/s, Accepted: 340 tokens, Drafted: 432 tokens, Per-position acceptance rate: 0.993, 0.854, 0.514, Avg Draft acceptance rate: 78.7%",/lustre/fs1/portfolios/coreai/projects/coreai_dlalgo_nemorl/users/sna/SpecDec-RL-main-vllm020-20260606/vllm-runs/qwen235b_a22b_math500_osl32k_oci_tp4_fp8kv_eagle3_offset0_n4_isl4096_osl32768_bs1_2_k3_20260613_oci_math
2026-06-13T09:07:10+02:00,3288594,suffix_k32,COMPLETED,88.70,5,11.519,11.25,80.82,92.64,87.22,5,"INFO 06-12 22:38:08 [loggers.py:271] Engine 000: Avg prompt throughput: 0.0 tokens/s, Avg generation throughput: 87.3 tokens/s, Running: 1 reqs, Waiting: 0 reqs, GPU KV cache usage: 1.5%, Prefix cache hit rate: 59.3%","INFO 06-12 22:38:08 [metrics.py:101] SpecDecoding metrics: Mean acceptance length: 11.22, Accepted throughput: 79.50 tokens/s, Drafted throughput: 91.47 tokens/s, Accepted: 797 tokens, Drafted: 917 tokens, Per-position acceptance rate: 1.000, 1.000, 1.000, 1.000, 1.000, 1.000, 0.744, 0.744, 0.744, 0.744, 0.744, 0.500, 0.000, 0.000, 0.000, 0.000, 0.000, 0.000, 0.000, 0.000, 0.000, 0.000, 0.000, 0.000, 0.000, 0.000, 0.000, 0.000, 0.000, 0.000, 0.000, 0.000, Avg Draft acceptance rate: 86.9%",/lustre/fs1/portfolios/coreai/projects/coreai_dlalgo_nemorl/users/sna/SpecDec-RL-main-vllm020-20260606/vllm-runs/qwen235b_a22b_math500_osl32k_oci_tp4_fp8kv_suffix_offset0_n4_isl4096_osl32768_bs1_2_k32_20260613_oci_math_suffix_py312_retry1
2026-06-13T09:07:11+02:00,3288918,pard_k9,RUNNING,40.06,5,5.203,3.50,28.68,102.38,27.78,5,"INFO 06-13 00:07:05 [loggers.py:271] Engine 000: Avg prompt throughput: 0.0 tokens/s, Avg generation throughput: 50.7 tokens/s, Running: 2 reqs, Waiting: 0 reqs, GPU KV cache usage: 0.1%, Prefix cache hit rate: 56.5%","INFO 06-13 00:07:05 [metrics.py:101] SpecDecoding metrics: Mean acceptance length: 3.86, Accepted throughput: 37.52 tokens/s, Drafted throughput: 118.24 tokens/s, Accepted: 377 tokens, Drafted: 1188 tokens, Per-position acceptance rate: 0.742, 0.591, 0.417, 0.333, 0.242, 0.197, 0.136, 0.114, 0.083, Avg Draft acceptance rate: 31.7%",/lustre/fs1/portfolios/coreai/projects/coreai_dlalgo_nemorl/users/sna/SpecDec-RL-main-vllm020-20260606/vllm-runs/qwen235b_a22b_math500_osl32k_oci_tp4_fp8kv_pard_offset0_n4_isl4096_osl32768_bs1_2_k9_20260613_oci_math_drafter_k9
2026-06-13T09:07:13+02:00,3288922,official_pard2_k9,RUNNING,6.72,5,0.873,1.00,0.02,60.34,0.04,5,"INFO 06-13 00:07:06 [loggers.py:271] Engine 000: Avg prompt throughput: 0.0 tokens/s, Avg generation throughput: 6.7 tokens/s, Running: 1 reqs, Waiting: 0 reqs, GPU KV cache usage: 1.4%, Prefix cache hit rate: 43.6%","INFO 06-13 00:07:06 [metrics.py:101] SpecDecoding metrics: Mean acceptance length: 1.00, Accepted throughput: 0.00 tokens/s, Drafted throughput: 60.35 tokens/s, Accepted: 0 tokens, Drafted: 612 tokens, Per-position acceptance rate: 0.000, 0.000, 0.000, 0.000, 0.000, 0.000, 0.000, 0.000, 0.000, Avg Draft acceptance rate: 0.0%",/lustre/fs1/portfolios/coreai/projects/coreai_dlalgo_nemorl/users/sna/SpecDec-RL-main-vllm020-20260606/vllm-runs/qwen235b_a22b_math500_osl32k_oci_tp4_fp8kv_pard2_offset0_n4_isl4096_osl32768_bs1_2_k9_20260613_oci_math_drafter_k9
2026-06-13T09:07:14+02:00,3288926,eagle3_k9,RUNNING,32.88,5,4.270,3.16,22.49,93.35,23.98,5,"INFO 06-13 00:07:06 [loggers.py:271] Engine 000: Avg prompt throughput: 0.0 tokens/s, Avg generation throughput: 50.2 tokens/s, Running: 2 reqs, Waiting: 0 reqs, GPU KV cache usage: 0.1%, Prefix cache hit rate: 30.3%","INFO 06-13 00:07:06 [metrics.py:101] SpecDecoding metrics: Mean acceptance length: 3.71, Accepted throughput: 36.66 tokens/s, Drafted throughput: 121.60 tokens/s, Accepted: 369 tokens, Drafted: 1224 tokens, Per-position acceptance rate: 0.846, 0.603, 0.463, 0.316, 0.206, 0.140, 0.088, 0.029, 0.022, Avg Draft acceptance rate: 30.1%",/lustre/fs1/portfolios/coreai/projects/coreai_dlalgo_nemorl/users/sna/SpecDec-RL-main-vllm020-20260606/vllm-runs/qwen235b_a22b_math500_osl32k_oci_tp4_fp8kv_eagle3_offset0_n4_isl4096_osl32768_bs1_2_k9_20260613_oci_math_drafter_k9
2026-06-13T09:07:16+02:00,3288919,pard_k11,RUNNING,36.14,5,4.694,3.15,24.66,126.25,19.54,5,"INFO 06-13 00:07:12 [loggers.py:271] Engine 000: Avg prompt throughput: 0.0 tokens/s, Avg generation throughput: 33.7 tokens/s, Running: 2 reqs, Waiting: 0 reqs, GPU KV cache usage: 4.4%, Prefix cache hit rate: 43.5%","INFO 06-13 00:07:12 [metrics.py:101] SpecDecoding metrics: Mean acceptance length: 2.96, Accepted throughput: 22.35 tokens/s, Drafted throughput: 125.11 tokens/s, Accepted: 224 tokens, Drafted: 1254 tokens, Per-position acceptance rate: 0.947, 0.719, 0.272, 0.026, 0.000, 0.000, 0.000, 0.000, 0.000, 0.000, 0.000, Avg Draft acceptance rate: 17.9%",/lustre/fs1/portfolios/coreai/projects/coreai_dlalgo_nemorl/users/sna/SpecDec-RL-main-vllm020-20260606/vllm-runs/qwen235b_a22b_math500_osl32k_oci_tp4_fp8kv_pard_offset0_n4_isl4096_osl32768_bs1_2_k11_20260613_oci_math_drafter_k11
2026-06-13T09:07:17+02:00,3288921,official_pard2_k11,RUNNING,6.46,5,0.839,1.00,0.00,70.84,0.00,5,"INFO 06-13 00:07:09 [loggers.py:271] Engine 000: Avg prompt throughput: 0.0 tokens/s, Avg generation throughput: 6.5 tokens/s, Running: 1 reqs, Waiting: 0 reqs, GPU KV cache usage: 1.4%, Prefix cache hit rate: 43.6%","INFO 06-13 00:07:09 [metrics.py:101] SpecDecoding metrics: Mean acceptance length: 1.00, Accepted throughput: 0.00 tokens/s, Drafted throughput: 70.96 tokens/s, Accepted: 0 tokens, Drafted: 715 tokens, Per-position acceptance rate: 0.000, 0.000, 0.000, 0.000, 0.000, 0.000, 0.000, 0.000, 0.000, 0.000, 0.000, Avg Draft acceptance rate: 0.0%",/lustre/fs1/portfolios/coreai/projects/coreai_dlalgo_nemorl/users/sna/SpecDec-RL-main-vllm020-20260606/vllm-runs/qwen235b_a22b_math500_osl32k_oci_tp4_fp8kv_pard2_offset0_n4_isl4096_osl32768_bs1_2_k11_20260613_oci_math_drafter_k11
2026-06-13T09:07:20+02:00,3288927,eagle3_k11,RUNNING,20.80,5,2.701,3.39,14.66,67.53,21.68,5,"INFO 06-13 00:07:15 [loggers.py:271] Engine 000: Avg prompt throughput: 0.0 tokens/s, Avg generation throughput: 21.8 tokens/s, Running: 1 reqs, Waiting: 0 reqs, GPU KV cache usage: 1.0%, Prefix cache hit rate: 0.0%","INFO 06-13 00:07:15 [metrics.py:101] SpecDecoding metrics: Mean acceptance length: 3.51, Accepted throughput: 15.59 tokens/s, Drafted throughput: 68.36 tokens/s, Accepted: 158 tokens, Drafted: 693 tokens, Per-position acceptance rate: 1.000, 1.000, 0.508, 0.000, 0.000, 0.000, 0.000, 0.000, 0.000, 0.000, 0.000, Avg Draft acceptance rate: 22.8%",/lustre/fs1/portfolios/coreai/projects/coreai_dlalgo_nemorl/users/sna/SpecDec-RL-main-vllm020-20260606/vllm-runs/qwen235b_a22b_math500_osl32k_oci_tp4_fp8kv_eagle3_offset0_n4_isl4096_osl32768_bs1_2_k11_20260613_oci_math_drafter_k11
2026-06-13T09:22:49+02:00,3288484,baseline,RUNNING,7.78,5,1.000,,,,,0,"INFO 06-13 00:22:47 [loggers.py:271] Engine 000: Avg prompt throughput: 0.0 tokens/s, Avg generation throughput: 7.8 tokens/s, Running: 1 reqs, Waiting: 0 reqs, GPU KV cache usage: 1.3%, Prefix cache hit rate: 21.1%",,/lustre/fs1/portfolios/coreai/projects/coreai_dlalgo_nemorl/users/sna/SpecDec-RL-main-vllm020-20260606/vllm-runs/qwen235b_a22b_math500_osl32k_oci_tp4_fp8kv_baseline_offset0_n4_isl4096_osl32768_bs1_2_k0_20260613_oci_math
2026-06-13T09:22:51+02:00,3288487,suffix_k32,FAILED,,0,,,,,,0,,,/lustre/fs1/portfolios/coreai/projects/coreai_dlalgo_nemorl/users/sna/SpecDec-RL-main-vllm020-20260606/vllm-runs/qwen235b_a22b_math500_osl32k_oci_tp4_fp8kv_suffix_offset0_n4_isl4096_osl32768_bs1_2_k32_20260613_oci_math
2026-06-13T09:22:52+02:00,3288488,pard_k5,RUNNING,52.00,5,6.684,4.00,39.01,64.89,60.12,5,"INFO 06-13 00:22:50 [loggers.py:271] Engine 000: Avg prompt throughput: 0.0 tokens/s, Avg generation throughput: 51.3 tokens/s, Running: 2 reqs, Waiting: 0 reqs, GPU KV cache usage: 1.8%, Prefix cache hit rate: 59.3%","INFO 06-13 00:22:50 [metrics.py:101] SpecDecoding metrics: Mean acceptance length: 3.95, Accepted throughput: 38.32 tokens/s, Drafted throughput: 64.86 tokens/s, Accepted: 384 tokens, Drafted: 650 tokens, Per-position acceptance rate: 0.969, 0.869, 0.623, 0.354, 0.138, Avg Draft acceptance rate: 59.1%",/lustre/fs1/portfolios/coreai/projects/coreai_dlalgo_nemorl/users/sna/SpecDec-RL-main-vllm020-20260606/vllm-runs/qwen235b_a22b_math500_osl32k_oci_tp4_fp8kv_pard_offset0_n4_isl4096_osl32768_bs1_2_k5_20260613_oci_math
2026-06-13T09:22:53+02:00,3288490,official_pard2_k1,RUNNING,5.64,5,0.725,1.02,0.08,5.55,1.44,5,"INFO 06-13 00:22:47 [loggers.py:271] Engine 000: Avg prompt throughput: 0.0 tokens/s, Avg generation throughput: 5.8 tokens/s, Running: 1 reqs, Waiting: 0 reqs, GPU KV cache usage: 0.9%, Prefix cache hit rate: 21.1%","INFO 06-13 00:22:47 [metrics.py:101] SpecDecoding metrics: Mean acceptance length: 1.04, Accepted throughput: 0.20 tokens/s, Drafted throughput: 5.56 tokens/s, Accepted: 2 tokens, Drafted: 56 tokens, Per-position acceptance rate: 0.036, Avg Draft acceptance rate: 3.6%",/lustre/fs1/portfolios/coreai/projects/coreai_dlalgo_nemorl/users/sna/SpecDec-RL-main-vllm020-20260606/vllm-runs/qwen235b_a22b_math500_osl32k_oci_tp4_fp8kv_pard2_offset0_n4_isl4096_osl32768_bs1_2_k1_20260613_oci_math
2026-06-13T09:22:55+02:00,3288491,eagle3_k3,RUNNING,25.62,5,3.293,3.10,17.41,24.81,69.96,5,"INFO 06-13 00:21:32 [loggers.py:271] Engine 000: Avg prompt throughput: 0.0 tokens/s, Avg generation throughput: 20.5 tokens/s, Running: 1 reqs, Waiting: 0 reqs, GPU KV cache usage: 1.6%, Prefix cache hit rate: 34.6%","INFO 06-13 00:21:32 [metrics.py:101] SpecDecoding metrics: Mean acceptance length: 2.85, Accepted throughput: 13.27 tokens/s, Drafted throughput: 21.55 tokens/s, Accepted: 133 tokens, Drafted: 216 tokens, Per-position acceptance rate: 1.000, 0.708, 0.139, Avg Draft acceptance rate: 61.6%",/lustre/fs1/portfolios/coreai/projects/coreai_dlalgo_nemorl/users/sna/SpecDec-RL-main-vllm020-20260606/vllm-runs/qwen235b_a22b_math500_osl32k_oci_tp4_fp8kv_eagle3_offset0_n4_isl4096_osl32768_bs1_2_k3_20260613_oci_math
2026-06-13T09:22:56+02:00,3288594,suffix_k32,COMPLETED,88.70,5,11.401,11.25,80.82,92.64,87.22,5,"INFO 06-12 22:38:08 [loggers.py:271] Engine 000: Avg prompt throughput: 0.0 tokens/s, Avg generation throughput: 87.3 tokens/s, Running: 1 reqs, Waiting: 0 reqs, GPU KV cache usage: 1.5%, Prefix cache hit rate: 59.3%","INFO 06-12 22:38:08 [metrics.py:101] SpecDecoding metrics: Mean acceptance length: 11.22, Accepted throughput: 79.50 tokens/s, Drafted throughput: 91.47 tokens/s, Accepted: 797 tokens, Drafted: 917 tokens, Per-position acceptance rate: 1.000, 1.000, 1.000, 1.000, 1.000, 1.000, 0.744, 0.744, 0.744, 0.744, 0.744, 0.500, 0.000, 0.000, 0.000, 0.000, 0.000, 0.000, 0.000, 0.000, 0.000, 0.000, 0.000, 0.000, 0.000, 0.000, 0.000, 0.000, 0.000, 0.000, 0.000, 0.000, Avg Draft acceptance rate: 86.9%",/lustre/fs1/portfolios/coreai/projects/coreai_dlalgo_nemorl/users/sna/SpecDec-RL-main-vllm020-20260606/vllm-runs/qwen235b_a22b_math500_osl32k_oci_tp4_fp8kv_suffix_offset0_n4_isl4096_osl32768_bs1_2_k32_20260613_oci_math_suffix_py312_retry1
2026-06-13T09:22:58+02:00,3288918,pard_k9,RUNNING,40.56,5,5.213,3.23,28.01,112.94,24.80,5,"INFO 06-13 00:22:53 [loggers.py:271] Engine 000: Avg prompt throughput: 0.0 tokens/s, Avg generation throughput: 40.6 tokens/s, Running: 2 reqs, Waiting: 0 reqs, GPU KV cache usage: 3.7%, Prefix cache hit rate: 56.5%","INFO 06-13 00:22:53 [metrics.py:101] SpecDecoding metrics: Mean acceptance length: 3.24, Accepted throughput: 28.04 tokens/s, Drafted throughput: 112.77 tokens/s, Accepted: 282 tokens, Drafted: 1134 tokens, Per-position acceptance rate: 0.873, 0.675, 0.460, 0.095, 0.063, 0.063, 0.008, 0.000, 0.000, Avg Draft acceptance rate: 24.9%",/lustre/fs1/portfolios/coreai/projects/coreai_dlalgo_nemorl/users/sna/SpecDec-RL-main-vllm020-20260606/vllm-runs/qwen235b_a22b_math500_osl32k_oci_tp4_fp8kv_pard_offset0_n4_isl4096_osl32768_bs1_2_k9_20260613_oci_math_drafter_k9
2026-06-13T09:22:59+02:00,3288922,official_pard2_k9,RUNNING,6.60,5,0.848,1.00,0.00,59.30,0.00,5,"INFO 06-13 00:22:52 [loggers.py:271] Engine 000: Avg prompt throughput: 0.0 tokens/s, Avg generation throughput: 6.6 tokens/s, Running: 1 reqs, Waiting: 0 reqs, GPU KV cache usage: 1.9%, Prefix cache hit rate: 43.6%","INFO 06-13 00:22:52 [metrics.py:101] SpecDecoding metrics: Mean acceptance length: 1.00, Accepted throughput: 0.00 tokens/s, Drafted throughput: 59.25 tokens/s, Accepted: 0 tokens, Drafted: 594 tokens, Per-position acceptance rate: 0.000, 0.000, 0.000, 0.000, 0.000, 0.000, 0.000, 0.000, 0.000, Avg Draft acceptance rate: 0.0%",/lustre/fs1/portfolios/coreai/projects/coreai_dlalgo_nemorl/users/sna/SpecDec-RL-main-vllm020-20260606/vllm-runs/qwen235b_a22b_math500_osl32k_oci_tp4_fp8kv_pard2_offset0_n4_isl4096_osl32768_bs1_2_k9_20260613_oci_math_drafter_k9
2026-06-13T09:23:00+02:00,3288926,eagle3_k9,RUNNING,44.36,5,5.702,3.24,30.65,123.29,24.84,5,"INFO 06-13 00:22:52 [loggers.py:271] Engine 000: Avg prompt throughput: 0.0 tokens/s, Avg generation throughput: 44.3 tokens/s, Running: 2 reqs, Waiting: 0 reqs, GPU KV cache usage: 2.1%, Prefix cache hit rate: 30.3%","INFO 06-13 00:22:52 [metrics.py:101] SpecDecoding metrics: Mean acceptance length: 3.23, Accepted throughput: 30.56 tokens/s, Drafted throughput: 123.23 tokens/s, Accepted: 308 tokens, Drafted: 1242 tokens, Per-position acceptance rate: 0.942, 0.703, 0.333, 0.217, 0.036, 0.000, 0.000, 0.000, 0.000, Avg Draft acceptance rate: 24.8%",/lustre/fs1/portfolios/coreai/projects/coreai_dlalgo_nemorl/users/sna/SpecDec-RL-main-vllm020-20260606/vllm-runs/qwen235b_a22b_math500_osl32k_oci_tp4_fp8kv_eagle3_offset0_n4_isl4096_osl32768_bs1_2_k9_20260613_oci_math_drafter_k9
2026-06-13T09:23:02+02:00,3288919,pard_k11,RUNNING,53.28,5,6.848,4.25,40.74,138.03,29.52,5,"INFO 06-13 00:23:00 [loggers.py:271] Engine 000: Avg prompt throughput: 0.0 tokens/s, Avg generation throughput: 51.4 tokens/s, Running: 2 reqs, Waiting: 0 reqs, GPU KV cache usage: 3.2%, Prefix cache hit rate: 56.5%","INFO 06-13 00:23:00 [metrics.py:101] SpecDecoding metrics: Mean acceptance length: 4.12, Accepted throughput: 38.94 tokens/s, Drafted throughput: 137.34 tokens/s, Accepted: 393 tokens, Drafted: 1386 tokens, Per-position acceptance rate: 0.992, 0.944, 0.667, 0.381, 0.127, 0.008, 0.000, 0.000, 0.000, 0.000, 0.000, Avg Draft acceptance rate: 28.4%",/lustre/fs1/portfolios/coreai/projects/coreai_dlalgo_nemorl/users/sna/SpecDec-RL-main-vllm020-20260606/vllm-runs/qwen235b_a22b_math500_osl32k_oci_tp4_fp8kv_pard_offset0_n4_isl4096_osl32768_bs1_2_k11_20260613_oci_math_drafter_k11
2026-06-13T09:23:03+02:00,3288921,official_pard2_k11,RUNNING,6.40,5,0.823,1.00,0.00,70.35,0.00,5,"INFO 06-13 00:22:57 [loggers.py:271] Engine 000: Avg prompt throughput: 0.0 tokens/s, Avg generation throughput: 6.4 tokens/s, Running: 1 reqs, Waiting: 0 reqs, GPU KV cache usage: 1.9%, Prefix cache hit rate: 43.6%","INFO 06-13 00:22:57 [metrics.py:101] SpecDecoding metrics: Mean acceptance length: 1.00, Accepted throughput: 0.00 tokens/s, Drafted throughput: 70.17 tokens/s, Accepted: 0 tokens, Drafted: 704 tokens, Per-position acceptance rate: 0.000, 0.000, 0.000, 0.000, 0.000, 0.000, 0.000, 0.000, 0.000, 0.000, 0.000, Avg Draft acceptance rate: 0.0%",/lustre/fs1/portfolios/coreai/projects/coreai_dlalgo_nemorl/users/sna/SpecDec-RL-main-vllm020-20260606/vllm-runs/qwen235b_a22b_math500_osl32k_oci_tp4_fp8kv_pard2_offset0_n4_isl4096_osl32768_bs1_2_k11_20260613_oci_math_drafter_k11
2026-06-13T09:23:05+02:00,3288927,eagle3_k11,RUNNING,34.16,5,4.391,2.80,21.99,134.09,16.40,5,"INFO 06-13 00:23:02 [loggers.py:271] Engine 000: Avg prompt throughput: 0.0 tokens/s, Avg generation throughput: 32.8 tokens/s, Running: 2 reqs, Waiting: 0 reqs, GPU KV cache usage: 0.7%, Prefix cache hit rate: 30.3%","INFO 06-13 00:23:02 [metrics.py:101] SpecDecoding metrics: Mean acceptance length: 2.70, Accepted throughput: 20.66 tokens/s, Drafted throughput: 133.91 tokens/s, Accepted: 207 tokens, Drafted: 1342 tokens, Per-position acceptance rate: 0.713, 0.525, 0.303, 0.148, 0.008, 0.000, 0.000, 0.000, 0.000, 0.000, 0.000, Avg Draft acceptance rate: 15.4%",/lustre/fs1/portfolios/coreai/projects/coreai_dlalgo_nemorl/users/sna/SpecDec-RL-main-vllm020-20260606/vllm-runs/qwen235b_a22b_math500_osl32k_oci_tp4_fp8kv_eagle3_offset0_n4_isl4096_osl32768_bs1_2_k11_20260613_oci_math_drafter_k11
2026-06-13T09:29:21+02:00,3288484,baseline,RUNNING,8.08,5,1.000,,,,,0,"INFO 06-13 00:29:20 [loggers.py:271] Engine 000: Avg prompt throughput: 0.0 tokens/s, Avg generation throughput: 8.1 tokens/s, Running: 1 reqs, Waiting: 0 reqs, GPU KV cache usage: 1.5%, Prefix cache hit rate: 21.1%",,/lustre/fs1/portfolios/coreai/projects/coreai_dlalgo_nemorl/users/sna/SpecDec-RL-main-vllm020-20260606/vllm-runs/qwen235b_a22b_math500_osl32k_oci_tp4_fp8kv_baseline_offset0_n4_isl4096_osl32768_bs1_2_k0_20260613_oci_math
2026-06-13T09:29:22+02:00,3288487,suffix_k32,FAILED,,0,,,,,,0,,,/lustre/fs1/portfolios/coreai/projects/coreai_dlalgo_nemorl/users/sna/SpecDec-RL-main-vllm020-20260606/vllm-runs/qwen235b_a22b_math500_osl32k_oci_tp4_fp8kv_suffix_offset0_n4_isl4096_osl32768_bs1_2_k32_20260613_oci_math
2026-06-13T09:29:24+02:00,3288488,pard_k5,RUNNING,38.46,5,4.760,2.97,25.52,64.79,39.40,5,"INFO 06-13 00:29:23 [loggers.py:271] Engine 000: Avg prompt throughput: 0.0 tokens/s, Avg generation throughput: 40.3 tokens/s, Running: 2 reqs, Waiting: 0 reqs, GPU KV cache usage: 3.1%, Prefix cache hit rate: 59.3%","INFO 06-13 00:29:23 [metrics.py:101] SpecDecoding metrics: Mean acceptance length: 3.11, Accepted throughput: 27.35 tokens/s, Drafted throughput: 64.88 tokens/s, Accepted: 274 tokens, Drafted: 650 tokens, Per-position acceptance rate: 0.954, 0.677, 0.331, 0.085, 0.062, Avg Draft acceptance rate: 42.2%",/lustre/fs1/portfolios/coreai/projects/coreai_dlalgo_nemorl/users/sna/SpecDec-RL-main-vllm020-20260606/vllm-runs/qwen235b_a22b_math500_osl32k_oci_tp4_fp8kv_pard_offset0_n4_isl4096_osl32768_bs1_2_k5_20260613_oci_math
2026-06-13T09:29:25+02:00,3288490,official_pard2_k1,RUNNING,6.60,5,0.817,1.00,0.00,6.60,0.00,5,"INFO 06-13 00:29:21 [loggers.py:271] Engine 000: Avg prompt throughput: 0.0 tokens/s, Avg generation throughput: 6.6 tokens/s, Running: 1 reqs, Waiting: 0 reqs, GPU KV cache usage: 1.1%, Prefix cache hit rate: 21.1%","INFO 06-13 00:29:21 [metrics.py:101] SpecDecoding metrics: Mean acceptance length: 1.00, Accepted throughput: 0.00 tokens/s, Drafted throughput: 6.61 tokens/s, Accepted: 0 tokens, Drafted: 67 tokens, Per-position acceptance rate: 0.000, Avg Draft acceptance rate: 0.0%",/lustre/fs1/portfolios/coreai/projects/coreai_dlalgo_nemorl/users/sna/SpecDec-RL-main-vllm020-20260606/vllm-runs/qwen235b_a22b_math500_osl32k_oci_tp4_fp8kv_pard2_offset0_n4_isl4096_osl32768_bs1_2_k1_20260613_oci_math
2026-06-13T09:29:27+02:00,3288491,eagle3_k3,COMPLETED,25.62,5,3.171,3.10,17.41,24.81,69.96,5,"INFO 06-13 00:21:32 [loggers.py:271] Engine 000: Avg prompt throughput: 0.0 tokens/s, Avg generation throughput: 20.5 tokens/s, Running: 1 reqs, Waiting: 0 reqs, GPU KV cache usage: 1.6%, Prefix cache hit rate: 34.6%","INFO 06-13 00:21:32 [metrics.py:101] SpecDecoding metrics: Mean acceptance length: 2.85, Accepted throughput: 13.27 tokens/s, Drafted throughput: 21.55 tokens/s, Accepted: 133 tokens, Drafted: 216 tokens, Per-position acceptance rate: 1.000, 0.708, 0.139, Avg Draft acceptance rate: 61.6%",/lustre/fs1/portfolios/coreai/projects/coreai_dlalgo_nemorl/users/sna/SpecDec-RL-main-vllm020-20260606/vllm-runs/qwen235b_a22b_math500_osl32k_oci_tp4_fp8kv_eagle3_offset0_n4_isl4096_osl32768_bs1_2_k3_20260613_oci_math
2026-06-13T09:29:28+02:00,3288594,suffix_k32,COMPLETED,88.70,5,10.978,11.25,80.82,92.64,87.22,5,"INFO 06-12 22:38:08 [loggers.py:271] Engine 000: Avg prompt throughput: 0.0 tokens/s, Avg generation throughput: 87.3 tokens/s, Running: 1 reqs, Waiting: 0 reqs, GPU KV cache usage: 1.5%, Prefix cache hit rate: 59.3%","INFO 06-12 22:38:08 [metrics.py:101] SpecDecoding metrics: Mean acceptance length: 11.22, Accepted throughput: 79.50 tokens/s, Drafted throughput: 91.47 tokens/s, Accepted: 797 tokens, Drafted: 917 tokens, Per-position acceptance rate: 1.000, 1.000, 1.000, 1.000, 1.000, 1.000, 0.744, 0.744, 0.744, 0.744, 0.744, 0.500, 0.000, 0.000, 0.000, 0.000, 0.000, 0.000, 0.000, 0.000, 0.000, 0.000, 0.000, 0.000, 0.000, 0.000, 0.000, 0.000, 0.000, 0.000, 0.000, 0.000, Avg Draft acceptance rate: 86.9%",/lustre/fs1/portfolios/coreai/projects/coreai_dlalgo_nemorl/users/sna/SpecDec-RL-main-vllm020-20260606/vllm-runs/qwen235b_a22b_math500_osl32k_oci_tp4_fp8kv_suffix_offset0_n4_isl4096_osl32768_bs1_2_k32_20260613_oci_math_suffix_py312_retry1
2026-06-13T09:29:29+02:00,3288918,pard_k9,RUNNING,33.40,5,4.134,2.94,22.07,102.15,21.58,5,"INFO 06-13 00:29:26 [loggers.py:271] Engine 000: Avg prompt throughput: 0.0 tokens/s, Avg generation throughput: 31.7 tokens/s, Running: 2 reqs, Waiting: 0 reqs, GPU KV cache usage: 4.8%, Prefix cache hit rate: 56.5%","INFO 06-13 00:29:26 [metrics.py:101] SpecDecoding metrics: Mean acceptance length: 2.82, Accepted throughput: 20.44 tokens/s, Drafted throughput: 101.33 tokens/s, Accepted: 207 tokens, Drafted: 1026 tokens, Per-position acceptance rate: 0.833, 0.640, 0.272, 0.070, 0.000, 0.000, 0.000, 0.000, 0.000, Avg Draft acceptance rate: 20.2%",/lustre/fs1/portfolios/coreai/projects/coreai_dlalgo_nemorl/users/sna/SpecDec-RL-main-vllm020-20260606/vllm-runs/qwen235b_a22b_math500_osl32k_oci_tp4_fp8kv_pard_offset0_n4_isl4096_osl32768_bs1_2_k9_20260613_oci_math_drafter_k9
2026-06-13T09:29:31+02:00,3288922,official_pard2_k9,RUNNING,6.40,5,0.792,1.00,0.00,57.88,0.00,5,"INFO 06-13 00:29:25 [loggers.py:271] Engine 000: Avg prompt throughput: 0.0 tokens/s, Avg generation throughput: 6.4 tokens/s, Running: 1 reqs, Waiting: 0 reqs, GPU KV cache usage: 2.1%, Prefix cache hit rate: 43.6%","INFO 06-13 00:29:25 [metrics.py:101] SpecDecoding metrics: Mean acceptance length: 1.00, Accepted throughput: 0.00 tokens/s, Drafted throughput: 57.89 tokens/s, Accepted: 0 tokens, Drafted: 585 tokens, Per-position acceptance rate: 0.000, 0.000, 0.000, 0.000, 0.000, 0.000, 0.000, 0.000, 0.000, Avg Draft acceptance rate: 0.0%",/lustre/fs1/portfolios/coreai/projects/coreai_dlalgo_nemorl/users/sna/SpecDec-RL-main-vllm020-20260606/vllm-runs/qwen235b_a22b_math500_osl32k_oci_tp4_fp8kv_pard2_offset0_n4_isl4096_osl32768_bs1_2_k9_20260613_oci_math_drafter_k9
2026-06-13T09:29:34+02:00,3288926,eagle3_k9,RUNNING,41.82,5,5.176,3.05,28.09,123.52,22.74,5,"INFO 06-13 00:29:25 [loggers.py:271] Engine 000: Avg prompt throughput: 0.0 tokens/s, Avg generation throughput: 42.4 tokens/s, Running: 2 reqs, Waiting: 0 reqs, GPU KV cache usage: 2.9%, Prefix cache hit rate: 30.3%","INFO 06-13 00:29:25 [metrics.py:101] SpecDecoding metrics: Mean acceptance length: 3.08, Accepted throughput: 28.61 tokens/s, Drafted throughput: 123.80 tokens/s, Accepted: 287 tokens, Drafted: 1242 tokens, Per-position acceptance rate: 0.935, 0.667, 0.297, 0.138, 0.043, 0.000, 0.000, 0.000, 0.000, Avg Draft acceptance rate: 23.1%",/lustre/fs1/portfolios/coreai/projects/coreai_dlalgo_nemorl/users/sna/SpecDec-RL-main-vllm020-20260606/vllm-runs/qwen235b_a22b_math500_osl32k_oci_tp4_fp8kv_eagle3_offset0_n4_isl4096_osl32768_bs1_2_k9_20260613_oci_math_drafter_k9
2026-06-13T09:29:36+02:00,3288919,pard_k11,RUNNING,37.02,5,4.582,3.21,25.51,126.68,20.12,5,"INFO 06-13 00:29:33 [loggers.py:271] Engine 000: Avg prompt throughput: 0.0 tokens/s, Avg generation throughput: 35.1 tokens/s, Running: 2 reqs, Waiting: 0 reqs, GPU KV cache usage: 4.4%, Prefix cache hit rate: 56.5%","INFO 06-13 00:29:33 [metrics.py:101] SpecDecoding metrics: Mean acceptance length: 3.08, Accepted throughput: 23.71 tokens/s, Drafted throughput: 125.51 tokens/s, Accepted: 241 tokens, Drafted: 1276 tokens, Per-position acceptance rate: 0.948, 0.733, 0.336, 0.052, 0.009, 0.000, 0.000, 0.000, 0.000, 0.000, 0.000, Avg Draft acceptance rate: 18.9%",/lustre/fs1/portfolios/coreai/projects/coreai_dlalgo_nemorl/users/sna/SpecDec-RL-main-vllm020-20260606/vllm-runs/qwen235b_a22b_math500_osl32k_oci_tp4_fp8kv_pard_offset0_n4_isl4096_osl32768_bs1_2_k11_20260613_oci_math_drafter_k11
2026-06-13T09:29:37+02:00,3288921,official_pard2_k11,RUNNING,6.30,5,0.780,1.00,0.00,69.13,0.00,5,"INFO 06-13 00:29:30 [loggers.py:271] Engine 000: Avg prompt throughput: 0.0 tokens/s, Avg generation throughput: 6.3 tokens/s, Running: 1 reqs, Waiting: 0 reqs, GPU KV cache usage: 2.1%, Prefix cache hit rate: 43.6%","INFO 06-13 00:29:30 [metrics.py:101] SpecDecoding metrics: Mean acceptance length: 1.00, Accepted throughput: 0.00 tokens/s, Drafted throughput: 69.22 tokens/s, Accepted: 0 tokens, Drafted: 693 tokens, Per-position acceptance rate: 0.000, 0.000, 0.000, 0.000, 0.000, 0.000, 0.000, 0.000, 0.000, 0.000, 0.000, Avg Draft acceptance rate: 0.0%",/lustre/fs1/portfolios/coreai/projects/coreai_dlalgo_nemorl/users/sna/SpecDec-RL-main-vllm020-20260606/vllm-runs/qwen235b_a22b_math500_osl32k_oci_tp4_fp8kv_pard2_offset0_n4_isl4096_osl32768_bs1_2_k11_20260613_oci_math_drafter_k11
2026-06-13T09:29:38+02:00,3288927,eagle3_k11,RUNNING,38.12,5,4.718,3.14,25.95,133.54,19.42,5,"INFO 06-13 00:29:35 [loggers.py:271] Engine 000: Avg prompt throughput: 0.0 tokens/s, Avg generation throughput: 38.5 tokens/s, Running: 2 reqs, Waiting: 0 reqs, GPU KV cache usage: 1.4%, Prefix cache hit rate: 30.3%","INFO 06-13 00:29:35 [metrics.py:101] SpecDecoding metrics: Mean acceptance length: 3.18, Accepted throughput: 26.37 tokens/s, Drafted throughput: 133.02 tokens/s, Accepted: 266 tokens, Drafted: 1342 tokens, Per-position acceptance rate: 0.926, 0.664, 0.385, 0.172, 0.033, 0.000, 0.000, 0.000, 0.000, 0.000, 0.000, Avg Draft acceptance rate: 19.8%",/lustre/fs1/portfolios/coreai/projects/coreai_dlalgo_nemorl/users/sna/SpecDec-RL-main-vllm020-20260606/vllm-runs/qwen235b_a22b_math500_osl32k_oci_tp4_fp8kv_eagle3_offset0_n4_isl4096_osl32768_bs1_2_k11_20260613_oci_math_drafter_k11
2026-06-13T09:37:49+02:00,3288484,baseline,RUNNING,8.10,5,1.000,,,,,0,"INFO 06-13 00:37:43 [loggers.py:271] Engine 000: Avg prompt throughput: 0.0 tokens/s, Avg generation throughput: 8.1 tokens/s, Running: 1 reqs, Waiting: 0 reqs, GPU KV cache usage: 0.2%, Prefix cache hit rate: 17.0%",,/lustre/fs1/portfolios/coreai/projects/coreai_dlalgo_nemorl/users/sna/SpecDec-RL-main-vllm020-20260606/vllm-runs/qwen235b_a22b_math500_osl32k_oci_tp4_fp8kv_baseline_offset0_n4_isl4096_osl32768_bs1_2_k0_20260613_oci_math
2026-06-13T09:37:50+02:00,3288487,suffix_k32,FAILED,,0,,,,,,0,,,/lustre/fs1/portfolios/coreai/projects/coreai_dlalgo_nemorl/users/sna/SpecDec-RL-main-vllm020-20260606/vllm-runs/qwen235b_a22b_math500_osl32k_oci_tp4_fp8kv_suffix_offset0_n4_isl4096_osl32768_bs1_2_k32_20260613_oci_math
2026-06-13T09:37:52+02:00,3288488,pard_k5,RUNNING,33.08,5,4.084,2.77,21.15,59.68,35.42,5,"INFO 06-13 00:37:48 [loggers.py:271] Engine 000: Avg prompt throughput: 0.0 tokens/s, Avg generation throughput: 31.8 tokens/s, Running: 2 reqs, Waiting: 0 reqs, GPU KV cache usage: 4.4%, Prefix cache hit rate: 59.3%","INFO 06-13 00:37:48 [metrics.py:101] SpecDecoding metrics: Mean acceptance length: 2.69, Accepted throughput: 20.00 tokens/s, Drafted throughput: 59.12 tokens/s, Accepted: 203 tokens, Drafted: 600 tokens, Per-position acceptance rate: 0.875, 0.533, 0.175, 0.058, 0.050, Avg Draft acceptance rate: 33.8%",/lustre/fs1/portfolios/coreai/projects/coreai_dlalgo_nemorl/users/sna/SpecDec-RL-main-vllm020-20260606/vllm-runs/qwen235b_a22b_math500_osl32k_oci_tp4_fp8kv_pard_offset0_n4_isl4096_osl32768_bs1_2_k5_20260613_oci_math
2026-06-13T09:37:53+02:00,3288490,official_pard2_k1,RUNNING,6.62,5,0.817,1.00,0.00,6.62,0.00,5,"INFO 06-13 00:37:46 [loggers.py:271] Engine 000: Avg prompt throughput: 0.0 tokens/s, Avg generation throughput: 6.6 tokens/s, Running: 1 reqs, Waiting: 0 reqs, GPU KV cache usage: 1.3%, Prefix cache hit rate: 21.1%","INFO 06-13 00:37:46 [metrics.py:101] SpecDecoding metrics: Mean acceptance length: 1.00, Accepted throughput: 0.00 tokens/s, Drafted throughput: 6.61 tokens/s, Accepted: 0 tokens, Drafted: 67 tokens, Per-position acceptance rate: 0.000, Avg Draft acceptance rate: 0.0%",/lustre/fs1/portfolios/coreai/projects/coreai_dlalgo_nemorl/users/sna/SpecDec-RL-main-vllm020-20260606/vllm-runs/qwen235b_a22b_math500_osl32k_oci_tp4_fp8kv_pard2_offset0_n4_isl4096_osl32768_bs1_2_k1_20260613_oci_math
2026-06-13T09:37:55+02:00,3288491,eagle3_k3,COMPLETED,25.62,5,3.163,3.10,17.41,24.81,69.96,5,"INFO 06-13 00:21:32 [loggers.py:271] Engine 000: Avg prompt throughput: 0.0 tokens/s, Avg generation throughput: 20.5 tokens/s, Running: 1 reqs, Waiting: 0 reqs, GPU KV cache usage: 1.6%, Prefix cache hit rate: 34.6%","INFO 06-13 00:21:32 [metrics.py:101] SpecDecoding metrics: Mean acceptance length: 2.85, Accepted throughput: 13.27 tokens/s, Drafted throughput: 21.55 tokens/s, Accepted: 133 tokens, Drafted: 216 tokens, Per-position acceptance rate: 1.000, 0.708, 0.139, Avg Draft acceptance rate: 61.6%",/lustre/fs1/portfolios/coreai/projects/coreai_dlalgo_nemorl/users/sna/SpecDec-RL-main-vllm020-20260606/vllm-runs/qwen235b_a22b_math500_osl32k_oci_tp4_fp8kv_eagle3_offset0_n4_isl4096_osl32768_bs1_2_k3_20260613_oci_math
2026-06-13T09:37:56+02:00,3288594,suffix_k32,COMPLETED,88.70,5,10.951,11.25,80.82,92.64,87.22,5,"INFO 06-12 22:38:08 [loggers.py:271] Engine 000: Avg prompt throughput: 0.0 tokens/s, Avg generation throughput: 87.3 tokens/s, Running: 1 reqs, Waiting: 0 reqs, GPU KV cache usage: 1.5%, Prefix cache hit rate: 59.3%","INFO 06-12 22:38:08 [metrics.py:101] SpecDecoding metrics: Mean acceptance length: 11.22, Accepted throughput: 79.50 tokens/s, Drafted throughput: 91.47 tokens/s, Accepted: 797 tokens, Drafted: 917 tokens, Per-position acceptance rate: 1.000, 1.000, 1.000, 1.000, 1.000, 1.000, 0.744, 0.744, 0.744, 0.744, 0.744, 0.500, 0.000, 0.000, 0.000, 0.000, 0.000, 0.000, 0.000, 0.000, 0.000, 0.000, 0.000, 0.000, 0.000, 0.000, 0.000, 0.000, 0.000, 0.000, 0.000, 0.000, Avg Draft acceptance rate: 86.9%",/lustre/fs1/portfolios/coreai/projects/coreai_dlalgo_nemorl/users/sna/SpecDec-RL-main-vllm020-20260606/vllm-runs/qwen235b_a22b_math500_osl32k_oci_tp4_fp8kv_suffix_offset0_n4_isl4096_osl32768_bs1_2_k32_20260613_oci_math_suffix_py312_retry1
2026-06-13T09:37:57+02:00,3288918,pard_k9,RUNNING,55.92,5,6.904,4.28,42.85,117.45,36.50,5,"INFO 06-13 00:37:50 [loggers.py:271] Engine 000: Avg prompt throughput: 0.0 tokens/s, Avg generation throughput: 55.0 tokens/s, Running: 2 reqs, Waiting: 0 reqs, GPU KV cache usage: 2.5%, Prefix cache hit rate: 59.3%","INFO 06-13 00:37:50 [metrics.py:101] SpecDecoding metrics: Mean acceptance length: 4.20, Accepted throughput: 41.89 tokens/s, Drafted throughput: 117.65 tokens/s, Accepted: 423 tokens, Drafted: 1188 tokens, Per-position acceptance rate: 0.909, 0.826, 0.705, 0.409, 0.167, 0.159, 0.030, 0.000, 0.000, Avg Draft acceptance rate: 35.6%",/lustre/fs1/portfolios/coreai/projects/coreai_dlalgo_nemorl/users/sna/SpecDec-RL-main-vllm020-20260606/vllm-runs/qwen235b_a22b_math500_osl32k_oci_tp4_fp8kv_pard_offset0_n4_isl4096_osl32768_bs1_2_k9_20260613_oci_math_drafter_k9
2026-06-13T09:37:59+02:00,3288922,official_pard2_k9,RUNNING,6.14,5,0.758,1.01,0.04,54.66,0.08,5,"INFO 06-13 00:37:49 [loggers.py:271] Engine 000: Avg prompt throughput: 0.0 tokens/s, Avg generation throughput: 6.1 tokens/s, Running: 1 reqs, Waiting: 0 reqs, GPU KV cache usage: 2.3%, Prefix cache hit rate: 43.6%","INFO 06-13 00:37:49 [metrics.py:101] SpecDecoding metrics: Mean acceptance length: 1.00, Accepted throughput: 0.00 tokens/s, Drafted throughput: 54.48 tokens/s, Accepted: 0 tokens, Drafted: 549 tokens, Per-position acceptance rate: 0.000, 0.000, 0.000, 0.000, 0.000, 0.000, 0.000, 0.000, 0.000, Avg Draft acceptance rate: 0.0%",/lustre/fs1/portfolios/coreai/projects/coreai_dlalgo_nemorl/users/sna/SpecDec-RL-main-vllm020-20260606/vllm-runs/qwen235b_a22b_math500_osl32k_oci_tp4_fp8kv_pard2_offset0_n4_isl4096_osl32768_bs1_2_k9_20260613_oci_math_drafter_k9
2026-06-13T09:38:00+02:00,3288926,eagle3_k9,RUNNING,37.24,5,4.598,2.80,23.98,119.58,20.06,5,"INFO 06-13 00:37:59 [loggers.py:271] Engine 000: Avg prompt throughput: 0.0 tokens/s, Avg generation throughput: 36.7 tokens/s, Running: 2 reqs, Waiting: 0 reqs, GPU KV cache usage: 0.6%, Prefix cache hit rate: 30.3%","INFO 06-13 00:37:59 [metrics.py:101] SpecDecoding metrics: Mean acceptance length: 2.76, Accepted throughput: 23.40 tokens/s, Drafted throughput: 119.56 tokens/s, Accepted: 236 tokens, Drafted: 1206 tokens, Per-position acceptance rate: 0.731, 0.440, 0.299, 0.231, 0.060, 0.000, 0.000, 0.000, 0.000, Avg Draft acceptance rate: 19.6%",/lustre/fs1/portfolios/coreai/projects/coreai_dlalgo_nemorl/users/sna/SpecDec-RL-main-vllm020-20260606/vllm-runs/qwen235b_a22b_math500_osl32k_oci_tp4_fp8kv_eagle3_offset0_n4_isl4096_osl32768_bs1_2_k9_20260613_oci_math_drafter_k9
2026-06-13T09:38:02+02:00,3288919,pard_k11,RUNNING,96.20,5,11.877,7.38,83.16,143.43,57.98,5,"INFO 06-13 00:37:58 [loggers.py:271] Engine 000: Avg prompt throughput: 0.0 tokens/s, Avg generation throughput: 85.6 tokens/s, Running: 2 reqs, Waiting: 0 reqs, GPU KV cache usage: 1.4%, Prefix cache hit rate: 59.3%","INFO 06-13 00:37:58 [metrics.py:101] SpecDecoding metrics: Mean acceptance length: 6.57, Accepted throughput: 72.58 tokens/s, Drafted throughput: 143.38 tokens/s, Accepted: 735 tokens, Drafted: 1452 tokens, Per-position acceptance rate: 1.000, 0.992, 0.962, 0.902, 0.818, 0.523, 0.220, 0.144, 0.008, 0.000, 0.000, Avg Draft acceptance rate: 50.6%",/lustre/fs1/portfolios/coreai/projects/coreai_dlalgo_nemorl/users/sna/SpecDec-RL-main-vllm020-20260606/vllm-runs/qwen235b_a22b_math500_osl32k_oci_tp4_fp8kv_pard_offset0_n4_isl4096_osl32768_bs1_2_k11_20260613_oci_math_drafter_k11
2026-06-13T09:38:03+02:00,3288921,official_pard2_k11,RUNNING,6.12,5,0.756,1.01,0.04,66.67,0.04,5,"INFO 06-13 00:37:54 [loggers.py:271] Engine 000: Avg prompt throughput: 0.0 tokens/s, Avg generation throughput: 6.0 tokens/s, Running: 1 reqs, Waiting: 0 reqs, GPU KV cache usage: 2.3%, Prefix cache hit rate: 43.6%","INFO 06-13 00:37:54 [metrics.py:101] SpecDecoding metrics: Mean acceptance length: 1.00, Accepted throughput: 0.00 tokens/s, Drafted throughput: 66.41 tokens/s, Accepted: 0 tokens, Drafted: 671 tokens, Per-position acceptance rate: 0.000, 0.000, 0.000, 0.000, 0.000, 0.000, 0.000, 0.000, 0.000, 0.000, 0.000, Avg Draft acceptance rate: 0.0%",/lustre/fs1/portfolios/coreai/projects/coreai_dlalgo_nemorl/users/sna/SpecDec-RL-main-vllm020-20260606/vllm-runs/qwen235b_a22b_math500_osl32k_oci_tp4_fp8kv_pard2_offset0_n4_isl4096_osl32768_bs1_2_k11_20260613_oci_math_drafter_k11
2026-06-13T09:38:05+02:00,3288927,eagle3_k11,RUNNING,36.42,5,4.496,2.98,24.20,134.19,18.02,5,"INFO 06-13 00:37:59 [loggers.py:271] Engine 000: Avg prompt throughput: 0.0 tokens/s, Avg generation throughput: 37.7 tokens/s, Running: 2 reqs, Waiting: 0 reqs, GPU KV cache usage: 2.4%, Prefix cache hit rate: 30.3%","INFO 06-13 00:37:59 [metrics.py:101] SpecDecoding metrics: Mean acceptance length: 3.10, Accepted throughput: 25.53 tokens/s, Drafted throughput: 133.82 tokens/s, Accepted: 256 tokens, Drafted: 1342 tokens, Per-position acceptance rate: 0.918, 0.705, 0.344, 0.131, 0.000, 0.000, 0.000, 0.000, 0.000, 0.000, 0.000, Avg Draft acceptance rate: 19.1%",/lustre/fs1/portfolios/coreai/projects/coreai_dlalgo_nemorl/users/sna/SpecDec-RL-main-vllm020-20260606/vllm-runs/qwen235b_a22b_math500_osl32k_oci_tp4_fp8kv_eagle3_offset0_n4_isl4096_osl32768_bs1_2_k11_20260613_oci_math_drafter_k11
2026-06-13T09:47:38+02:00,3288484,baseline,RUNNING,7.74,5,1.000,,,,,0,"INFO 06-13 00:47:36 [loggers.py:271] Engine 000: Avg prompt throughput: 0.0 tokens/s, Avg generation throughput: 7.8 tokens/s, Running: 1 reqs, Waiting: 0 reqs, GPU KV cache usage: 0.4%, Prefix cache hit rate: 17.0%",,/lustre/fs1/portfolios/coreai/projects/coreai_dlalgo_nemorl/users/sna/SpecDec-RL-main-vllm020-20260606/vllm-runs/qwen235b_a22b_math500_osl32k_oci_tp4_fp8kv_baseline_offset0_n4_isl4096_osl32768_bs1_2_k0_20260613_oci_math
2026-06-13T09:47:39+02:00,3288487,suffix_k32,FAILED,,0,,,,,,0,,,/lustre/fs1/portfolios/coreai/projects/coreai_dlalgo_nemorl/users/sna/SpecDec-RL-main-vllm020-20260606/vllm-runs/qwen235b_a22b_math500_osl32k_oci_tp4_fp8kv_suffix_offset0_n4_isl4096_osl32768_bs1_2_k32_20260613_oci_math
2026-06-13T09:47:40+02:00,3288488,pard_k5,COMPLETED,16.40,5,2.119,2.84,10.61,28.85,36.76,5,"INFO 06-13 00:42:00 [loggers.py:271] Engine 000: Avg prompt throughput: 0.0 tokens/s, Avg generation throughput: 16.3 tokens/s, Running: 1 reqs, Waiting: 0 reqs, GPU KV cache usage: 2.4%, Prefix cache hit rate: 59.3%","INFO 06-13 00:42:00 [metrics.py:101] SpecDecoding metrics: Mean acceptance length: 2.84, Accepted throughput: 10.55 tokens/s, Drafted throughput: 28.60 tokens/s, Accepted: 107 tokens, Drafted: 290 tokens, Per-position acceptance rate: 0.948, 0.638, 0.241, 0.017, 0.000, Avg Draft acceptance rate: 36.9%",/lustre/fs1/portfolios/coreai/projects/coreai_dlalgo_nemorl/users/sna/SpecDec-RL-main-vllm020-20260606/vllm-runs/qwen235b_a22b_math500_osl32k_oci_tp4_fp8kv_pard_offset0_n4_isl4096_osl32768_bs1_2_k5_20260613_oci_math
2026-06-13T09:47:42+02:00,3288490,official_pard2_k1,RUNNING,6.68,5,0.863,1.00,0.00,6.66,0.00,5,"INFO 06-13 00:47:40 [loggers.py:271] Engine 000: Avg prompt throughput: 0.0 tokens/s, Avg generation throughput: 6.6 tokens/s, Running: 1 reqs, Waiting: 0 reqs, GPU KV cache usage: 1.6%, Prefix cache hit rate: 21.1%","INFO 06-13 00:47:40 [metrics.py:101] SpecDecoding metrics: Mean acceptance length: 1.00, Accepted throughput: 0.00 tokens/s, Drafted throughput: 6.64 tokens/s, Accepted: 0 tokens, Drafted: 67 tokens, Per-position acceptance rate: 0.000, Avg Draft acceptance rate: 0.0%",/lustre/fs1/portfolios/coreai/projects/coreai_dlalgo_nemorl/users/sna/SpecDec-RL-main-vllm020-20260606/vllm-runs/qwen235b_a22b_math500_osl32k_oci_tp4_fp8kv_pard2_offset0_n4_isl4096_osl32768_bs1_2_k1_20260613_oci_math
2026-06-13T09:47:43+02:00,3288491,eagle3_k3,COMPLETED,25.62,5,3.310,3.10,17.41,24.81,69.96,5,"INFO 06-13 00:21:32 [loggers.py:271] Engine 000: Avg prompt throughput: 0.0 tokens/s, Avg generation throughput: 20.5 tokens/s, Running: 1 reqs, Waiting: 0 reqs, GPU KV cache usage: 1.6%, Prefix cache hit rate: 34.6%","INFO 06-13 00:21:32 [metrics.py:101] SpecDecoding metrics: Mean acceptance length: 2.85, Accepted throughput: 13.27 tokens/s, Drafted throughput: 21.55 tokens/s, Accepted: 133 tokens, Drafted: 216 tokens, Per-position acceptance rate: 1.000, 0.708, 0.139, Avg Draft acceptance rate: 61.6%",/lustre/fs1/portfolios/coreai/projects/coreai_dlalgo_nemorl/users/sna/SpecDec-RL-main-vllm020-20260606/vllm-runs/qwen235b_a22b_math500_osl32k_oci_tp4_fp8kv_eagle3_offset0_n4_isl4096_osl32768_bs1_2_k3_20260613_oci_math
2026-06-13T09:47:45+02:00,3288594,suffix_k32,COMPLETED,88.70,5,11.460,11.25,80.82,92.64,87.22,5,"INFO 06-12 22:38:08 [loggers.py:271] Engine 000: Avg prompt throughput: 0.0 tokens/s, Avg generation throughput: 87.3 tokens/s, Running: 1 reqs, Waiting: 0 reqs, GPU KV cache usage: 1.5%, Prefix cache hit rate: 59.3%","INFO 06-12 22:38:08 [metrics.py:101] SpecDecoding metrics: Mean acceptance length: 11.22, Accepted throughput: 79.50 tokens/s, Drafted throughput: 91.47 tokens/s, Accepted: 797 tokens, Drafted: 917 tokens, Per-position acceptance rate: 1.000, 1.000, 1.000, 1.000, 1.000, 1.000, 0.744, 0.744, 0.744, 0.744, 0.744, 0.500, 0.000, 0.000, 0.000, 0.000, 0.000, 0.000, 0.000, 0.000, 0.000, 0.000, 0.000, 0.000, 0.000, 0.000, 0.000, 0.000, 0.000, 0.000, 0.000, 0.000, Avg Draft acceptance rate: 86.9%",/lustre/fs1/portfolios/coreai/projects/coreai_dlalgo_nemorl/users/sna/SpecDec-RL-main-vllm020-20260606/vllm-runs/qwen235b_a22b_math500_osl32k_oci_tp4_fp8kv_suffix_offset0_n4_isl4096_osl32768_bs1_2_k32_20260613_oci_math_suffix_py312_retry1
2026-06-13T09:47:46+02:00,3288918,pard_k9,RUNNING,36.88,5,4.765,2.98,24.50,111.66,21.92,5,"INFO 06-13 00:47:44 [loggers.py:271] Engine 000: Avg prompt throughput: 0.0 tokens/s, Avg generation throughput: 36.2 tokens/s, Running: 2 reqs, Waiting: 0 reqs, GPU KV cache usage: 4.4%, Prefix cache hit rate: 59.3%","INFO 06-13 00:47:44 [metrics.py:101] SpecDecoding metrics: Mean acceptance length: 2.95, Accepted throughput: 23.96 tokens/s, Drafted throughput: 110.49 tokens/s, Accepted: 242 tokens, Drafted: 1116 tokens, Per-position acceptance rate: 0.887, 0.589, 0.323, 0.153, 0.000, 0.000, 0.000, 0.000, 0.000, Avg Draft acceptance rate: 21.7%",/lustre/fs1/portfolios/coreai/projects/coreai_dlalgo_nemorl/users/sna/SpecDec-RL-main-vllm020-20260606/vllm-runs/qwen235b_a22b_math500_osl32k_oci_tp4_fp8kv_pard_offset0_n4_isl4096_osl32768_bs1_2_k9_20260613_oci_math_drafter_k9
2026-06-13T09:47:47+02:00,3288922,official_pard2_k9,RUNNING,8.74,5,1.129,1.33,2.16,59.11,3.68,5,"INFO 06-13 00:47:44 [loggers.py:271] Engine 000: Avg prompt throughput: 0.0 tokens/s, Avg generation throughput: 6.9 tokens/s, Running: 1 reqs, Waiting: 0 reqs, GPU KV cache usage: 0.2%, Prefix cache hit rate: 21.1%","INFO 06-13 00:47:44 [metrics.py:101] SpecDecoding metrics: Mean acceptance length: 1.05, Accepted throughput: 0.30 tokens/s, Drafted throughput: 59.38 tokens/s, Accepted: 3 tokens, Drafted: 594 tokens, Per-position acceptance rate: 0.045, 0.000, 0.000, 0.000, 0.000, 0.000, 0.000, 0.000, 0.000, Avg Draft acceptance rate: 0.5%",/lustre/fs1/portfolios/coreai/projects/coreai_dlalgo_nemorl/users/sna/SpecDec-RL-main-vllm020-20260606/vllm-runs/qwen235b_a22b_math500_osl32k_oci_tp4_fp8kv_pard2_offset0_n4_isl4096_osl32768_bs1_2_k9_20260613_oci_math_drafter_k9
2026-06-13T09:47:49+02:00,3288926,eagle3_k9,RUNNING,40.78,5,5.269,3.03,27.31,121.12,22.56,5,"INFO 06-13 00:47:44 [loggers.py:271] Engine 000: Avg prompt throughput: 0.0 tokens/s, Avg generation throughput: 40.5 tokens/s, Running: 2 reqs, Waiting: 0 reqs, GPU KV cache usage: 1.6%, Prefix cache hit rate: 30.3%","INFO 06-13 00:47:44 [metrics.py:101] SpecDecoding metrics: Mean acceptance length: 3.01, Accepted throughput: 27.05 tokens/s, Drafted throughput: 120.85 tokens/s, Accepted: 274 tokens, Drafted: 1224 tokens, Per-position acceptance rate: 0.912, 0.603, 0.257, 0.243, 0.000, 0.000, 0.000, 0.000, 0.000, Avg Draft acceptance rate: 22.4%",/lustre/fs1/portfolios/coreai/projects/coreai_dlalgo_nemorl/users/sna/SpecDec-RL-main-vllm020-20260606/vllm-runs/qwen235b_a22b_math500_osl32k_oci_tp4_fp8kv_eagle3_offset0_n4_isl4096_osl32768_bs1_2_k9_20260613_oci_math_drafter_k9
2026-06-13T09:47:50+02:00,3288919,pard_k11,RUNNING,44.06,5,5.693,3.43,31.19,141.49,22.04,5,"INFO 06-13 00:47:43 [loggers.py:271] Engine 000: Avg prompt throughput: 0.0 tokens/s, Avg generation throughput: 43.1 tokens/s, Running: 2 reqs, Waiting: 0 reqs, GPU KV cache usage: 3.6%, Prefix cache hit rate: 59.3%","INFO 06-13 00:47:43 [metrics.py:101] SpecDecoding metrics: Mean acceptance length: 3.35, Accepted throughput: 30.21 tokens/s, Drafted throughput: 141.62 tokens/s, Accepted: 305 tokens, Drafted: 1430 tokens, Per-position acceptance rate: 0.915, 0.692, 0.385, 0.162, 0.108, 0.062, 0.023, 0.000, 0.000, 0.000, 0.000, Avg Draft acceptance rate: 21.3%",/lustre/fs1/portfolios/coreai/projects/coreai_dlalgo_nemorl/users/sna/SpecDec-RL-main-vllm020-20260606/vllm-runs/qwen235b_a22b_math500_osl32k_oci_tp4_fp8kv_pard_offset0_n4_isl4096_osl32768_bs1_2_k11_20260613_oci_math_drafter_k11
2026-06-13T09:47:52+02:00,3288921,official_pard2_k11,RUNNING,8.86,5,1.145,1.39,2.51,70.06,3.58,5,"INFO 06-13 00:47:49 [loggers.py:271] Engine 000: Avg prompt throughput: 0.0 tokens/s, Avg generation throughput: 10.2 tokens/s, Running: 1 reqs, Waiting: 0 reqs, GPU KV cache usage: 0.2%, Prefix cache hit rate: 21.1%","INFO 06-13 00:47:49 [metrics.py:101] SpecDecoding metrics: Mean acceptance length: 1.59, Accepted throughput: 3.79 tokens/s, Drafted throughput: 70.29 tokens/s, Accepted: 38 tokens, Drafted: 704 tokens, Per-position acceptance rate: 0.422, 0.125, 0.047, 0.000, 0.000, 0.000, 0.000, 0.000, 0.000, 0.000, 0.000, Avg Draft acceptance rate: 5.4%",/lustre/fs1/portfolios/coreai/projects/coreai_dlalgo_nemorl/users/sna/SpecDec-RL-main-vllm020-20260606/vllm-runs/qwen235b_a22b_math500_osl32k_oci_tp4_fp8kv_pard2_offset0_n4_isl4096_osl32768_bs1_2_k11_20260613_oci_math_drafter_k11
2026-06-13T09:47:53+02:00,3288927,eagle3_k11,RUNNING,39.98,5,5.165,3.29,27.84,133.19,20.86,5,"INFO 06-13 00:47:44 [loggers.py:271] Engine 000: Avg prompt throughput: 0.0 tokens/s, Avg generation throughput: 46.7 tokens/s, Running: 2 reqs, Waiting: 0 reqs, GPU KV cache usage: 0.1%, Prefix cache hit rate: 30.3%","INFO 06-13 00:47:44 [metrics.py:101] SpecDecoding metrics: Mean acceptance length: 3.75, Accepted throughput: 34.29 tokens/s, Drafted throughput: 136.95 tokens/s, Accepted: 347 tokens, Drafted: 1386 tokens, Per-position acceptance rate: 0.786, 0.571, 0.452, 0.325, 0.286, 0.183, 0.119, 0.032, 0.000, 0.000, 0.000, Avg Draft acceptance rate: 25.0%",/lustre/fs1/portfolios/coreai/projects/coreai_dlalgo_nemorl/users/sna/SpecDec-RL-main-vllm020-20260606/vllm-runs/qwen235b_a22b_math500_osl32k_oci_tp4_fp8kv_eagle3_offset0_n4_isl4096_osl32768_bs1_2_k11_20260613_oci_math_drafter_k11
2026-06-13T23:51:20-07:00,3288484,baseline,TIMEOUT,15.24,5,1.000,,,,,0,"INFO 06-13 09:34:09 [loggers.py:271] Engine 000: Avg prompt throughput: 0.0 tokens/s, Avg generation throughput: 15.2 tokens/s, Running: 2 reqs, Waiting: 0 reqs, GPU KV cache usage: 1.6%, Prefix cache hit rate: 56.5%",,/lustre/fs1/portfolios/coreai/projects/coreai_dlalgo_nemorl/users/sna/SpecDec-RL-main-vllm020-20260606/vllm-runs/qwen235b_a22b_math500_osl32k_oci_tp4_fp8kv_baseline_offset0_n4_isl4096_osl32768_bs1_2_k0_20260613_oci_math
2026-06-13T23:51:20-07:00,3288487,suffix_k32,FAILED,,0,,,,,,0,,,/lustre/fs1/portfolios/coreai/projects/coreai_dlalgo_nemorl/users/sna/SpecDec-RL-main-vllm020-20260606/vllm-runs/qwen235b_a22b_math500_osl32k_oci_tp4_fp8kv_suffix_offset0_n4_isl4096_osl32768_bs1_2_k32_20260613_oci_math
2026-06-13T23:51:21-07:00,3288488,pard_k5,COMPLETED,16.40,5,1.076,2.84,10.61,28.85,36.76,5,"INFO 06-13 00:42:00 [loggers.py:271] Engine 000: Avg prompt throughput: 0.0 tokens/s, Avg generation throughput: 16.3 tokens/s, Running: 1 reqs, Waiting: 0 reqs, GPU KV cache usage: 2.4%, Prefix cache hit rate: 59.3%","INFO 06-13 00:42:00 [metrics.py:101] SpecDecoding metrics: Mean acceptance length: 2.84, Accepted throughput: 10.55 tokens/s, Drafted throughput: 28.60 tokens/s, Accepted: 107 tokens, Drafted: 290 tokens, Per-position acceptance rate: 0.948, 0.638, 0.241, 0.017, 0.000, Avg Draft acceptance rate: 36.9%",/lustre/fs1/portfolios/coreai/projects/coreai_dlalgo_nemorl/users/sna/SpecDec-RL-main-vllm020-20260606/vllm-runs/qwen235b_a22b_math500_osl32k_oci_tp4_fp8kv_pard_offset0_n4_isl4096_osl32768_bs1_2_k5_20260613_oci_math
2026-06-13T23:51:22-07:00,3288490,official_pard2_k1,TIMEOUT,11.02,5,0.723,1.02,0.16,10.87,1.44,5,"INFO 06-13 04:58:39 [loggers.py:271] Engine 000: Avg prompt throughput: 0.0 tokens/s, Avg generation throughput: 11.1 tokens/s, Running: 2 reqs, Waiting: 0 reqs, GPU KV cache usage: 2.4%, Prefix cache hit rate: 43.5%","INFO 06-13 04:58:39 [metrics.py:101] SpecDecoding metrics: Mean acceptance length: 1.02, Accepted throughput: 0.20 tokens/s, Drafted throughput: 10.92 tokens/s, Accepted: 2 tokens, Drafted: 110 tokens, Per-position acceptance rate: 0.018, Avg Draft acceptance rate: 1.8%",/lustre/fs1/portfolios/coreai/projects/coreai_dlalgo_nemorl/users/sna/SpecDec-RL-main-vllm020-20260606/vllm-runs/qwen235b_a22b_math500_osl32k_oci_tp4_fp8kv_pard2_offset0_n4_isl4096_osl32768_bs1_2_k1_20260613_oci_math
2026-06-13T23:51:22-07:00,3288491,eagle3_k3,COMPLETED,25.62,5,1.681,3.10,17.41,24.81,69.96,5,"INFO 06-13 00:21:32 [loggers.py:271] Engine 000: Avg prompt throughput: 0.0 tokens/s, Avg generation throughput: 20.5 tokens/s, Running: 1 reqs, Waiting: 0 reqs, GPU KV cache usage: 1.6%, Prefix cache hit rate: 34.6%","INFO 06-13 00:21:32 [metrics.py:101] SpecDecoding metrics: Mean acceptance length: 2.85, Accepted throughput: 13.27 tokens/s, Drafted throughput: 21.55 tokens/s, Accepted: 133 tokens, Drafted: 216 tokens, Per-position acceptance rate: 1.000, 0.708, 0.139, Avg Draft acceptance rate: 61.6%",/lustre/fs1/portfolios/coreai/projects/coreai_dlalgo_nemorl/users/sna/SpecDec-RL-main-vllm020-20260606/vllm-runs/qwen235b_a22b_math500_osl32k_oci_tp4_fp8kv_eagle3_offset0_n4_isl4096_osl32768_bs1_2_k3_20260613_oci_math
2026-06-13T23:51:23-07:00,3288594,suffix_k32,COMPLETED,88.70,5,5.820,11.25,80.82,92.64,87.22,5,"INFO 06-12 22:38:08 [loggers.py:271] Engine 000: Avg prompt throughput: 0.0 tokens/s, Avg generation throughput: 87.3 tokens/s, Running: 1 reqs, Waiting: 0 reqs, GPU KV cache usage: 1.5%, Prefix cache hit rate: 59.3%","INFO 06-12 22:38:08 [metrics.py:101] SpecDecoding metrics: Mean acceptance length: 11.22, Accepted throughput: 79.50 tokens/s, Drafted throughput: 91.47 tokens/s, Accepted: 797 tokens, Drafted: 917 tokens, Per-position acceptance rate: 1.000, 1.000, 1.000, 1.000, 1.000, 1.000, 0.744, 0.744, 0.744, 0.744, 0.744, 0.500, 0.000, 0.000, 0.000, 0.000, 0.000, 0.000, 0.000, 0.000, 0.000, 0.000, 0.000, 0.000, 0.000, 0.000, 0.000, 0.000, 0.000, 0.000, 0.000, 0.000, Avg Draft acceptance rate: 86.9%",/lustre/fs1/portfolios/coreai/projects/coreai_dlalgo_nemorl/users/sna/SpecDec-RL-main-vllm020-20260606/vllm-runs/qwen235b_a22b_math500_osl32k_oci_tp4_fp8kv_suffix_offset0_n4_isl4096_osl32768_bs1_2_k32_20260613_oci_math_suffix_py312_retry1
2026-06-13T23:51:24-07:00,3288918,pard_k9,COMPLETED,16.72,5,1.097,2.89,10.94,51.99,21.04,5,"INFO 06-13 00:50:56 [loggers.py:271] Engine 000: Avg prompt throughput: 0.0 tokens/s, Avg generation throughput: 16.6 tokens/s, Running: 1 reqs, Waiting: 0 reqs, GPU KV cache usage: 2.4%, Prefix cache hit rate: 59.3%","INFO 06-13 00:50:56 [metrics.py:101] SpecDecoding metrics: Mean acceptance length: 2.90, Accepted throughput: 10.86 tokens/s, Drafted throughput: 51.56 tokens/s, Accepted: 110 tokens, Drafted: 522 tokens, Per-position acceptance rate: 0.862, 0.638, 0.328, 0.069, 0.000, 0.000, 0.000, 0.000, 0.000, Avg Draft acceptance rate: 21.1%",/lustre/fs1/portfolios/coreai/projects/coreai_dlalgo_nemorl/users/sna/SpecDec-RL-main-vllm020-20260606/vllm-runs/qwen235b_a22b_math500_osl32k_oci_tp4_fp8kv_pard_offset0_n4_isl4096_osl32768_bs1_2_k9_20260613_oci_math_drafter_k9
2026-06-13T23:51:24-07:00,3288922,official_pard2_k9,TIMEOUT,13.18,5,0.865,1.02,0.26,116.33,0.22,5,"INFO 06-13 11:19:32 [loggers.py:271] Engine 000: Avg prompt throughput: 0.0 tokens/s, Avg generation throughput: 13.3 tokens/s, Running: 2 reqs, Waiting: 0 reqs, GPU KV cache usage: 3.6%, Prefix cache hit rate: 43.5%","INFO 06-13 11:19:32 [metrics.py:101] SpecDecoding metrics: Mean acceptance length: 1.03, Accepted throughput: 0.40 tokens/s, Drafted throughput: 116.28 tokens/s, Accepted: 4 tokens, Drafted: 1170 tokens, Per-position acceptance rate: 0.031, 0.000, 0.000, 0.000, 0.000, 0.000, 0.000, 0.000, 0.000, Avg Draft acceptance rate: 0.3%",/lustre/fs1/portfolios/coreai/projects/coreai_dlalgo_nemorl/users/sna/SpecDec-RL-main-vllm020-20260606/vllm-runs/qwen235b_a22b_math500_osl32k_oci_tp4_fp8kv_pard2_offset0_n4_isl4096_osl32768_bs1_2_k9_20260613_oci_math_drafter_k9
2026-06-13T23:51:25-07:00,3288926,eagle3_k9,COMPLETED,24.84,5,1.630,3.60,17.92,62.00,28.90,5,"INFO 06-13 01:24:39 [loggers.py:271] Engine 000: Avg prompt throughput: 0.0 tokens/s, Avg generation throughput: 24.9 tokens/s, Running: 1 reqs, Waiting: 0 reqs, GPU KV cache usage: 1.6%, Prefix cache hit rate: 32.0%","INFO 06-13 01:24:39 [metrics.py:101] SpecDecoding metrics: Mean acceptance length: 3.61, Accepted throughput: 17.97 tokens/s, Drafted throughput: 62.01 tokens/s, Accepted: 180 tokens, Drafted: 621 tokens, Per-position acceptance rate: 1.000, 0.797, 0.609, 0.203, 0.000, 0.000, 0.000, 0.000, 0.000, Avg Draft acceptance rate: 29.0%",/lustre/fs1/portfolios/coreai/projects/coreai_dlalgo_nemorl/users/sna/SpecDec-RL-main-vllm020-20260606/vllm-runs/qwen235b_a22b_math500_osl32k_oci_tp4_fp8kv_eagle3_offset0_n4_isl4096_osl32768_bs1_2_k9_20260613_oci_math_drafter_k9
2026-06-13T23:51:26-07:00,3288919,pard_k11,COMPLETED,35.78,5,2.348,3.17,24.51,124.20,19.72,5,"INFO 06-13 00:54:46 [loggers.py:271] Engine 000: Avg prompt throughput: 0.0 tokens/s, Avg generation throughput: 35.4 tokens/s, Running: 2 reqs, Waiting: 0 reqs, GPU KV cache usage: 4.8%, Prefix cache hit rate: 59.3%","INFO 06-13 00:54:46 [metrics.py:101] SpecDecoding metrics: Mean acceptance length: 3.17, Accepted throughput: 24.27 tokens/s, Drafted throughput: 123.03 tokens/s, Accepted: 243 tokens, Drafted: 1232 tokens, Per-position acceptance rate: 1.000, 0.688, 0.384, 0.080, 0.009, 0.009, 0.000, 0.000, 0.000, 0.000, 0.000, Avg Draft acceptance rate: 19.7%",/lustre/fs1/portfolios/coreai/projects/coreai_dlalgo_nemorl/users/sna/SpecDec-RL-main-vllm020-20260606/vllm-runs/qwen235b_a22b_math500_osl32k_oci_tp4_fp8kv_pard_offset0_n4_isl4096_osl32768_bs1_2_k11_20260613_oci_math_drafter_k11
2026-06-13T23:51:26-07:00,3288921,official_pard2_k11,TIMEOUT,13.26,5,0.870,1.01,0.14,144.50,0.10,5,"INFO 06-13 05:49:57 [loggers.py:271] Engine 000: Avg prompt throughput: 0.0 tokens/s, Avg generation throughput: 13.2 tokens/s, Running: 2 reqs, Waiting: 0 reqs, GPU KV cache usage: 3.6%, Prefix cache hit rate: 43.5%","INFO 06-13 05:49:57 [metrics.py:101] SpecDecoding metrics: Mean acceptance length: 1.01, Accepted throughput: 0.10 tokens/s, Drafted throughput: 144.45 tokens/s, Accepted: 1 tokens, Drafted: 1452 tokens, Per-position acceptance rate: 0.008, 0.000, 0.000, 0.000, 0.000, 0.000, 0.000, 0.000, 0.000, 0.000, 0.000, Avg Draft acceptance rate: 0.1%",/lustre/fs1/portfolios/coreai/projects/coreai_dlalgo_nemorl/users/sna/SpecDec-RL-main-vllm020-20260606/vllm-runs/qwen235b_a22b_math500_osl32k_oci_tp4_fp8kv_pard2_offset0_n4_isl4096_osl32768_bs1_2_k11_20260613_oci_math_drafter_k11
2026-06-13T23:51:27-07:00,3288927,eagle3_k11,COMPLETED,17.70,5,1.161,2.89,11.59,67.34,17.20,5,"INFO 06-13 01:47:24 [loggers.py:271] Engine 000: Avg prompt throughput: 0.0 tokens/s, Avg generation throughput: 17.5 tokens/s, Running: 1 reqs, Waiting: 0 reqs, GPU KV cache usage: 1.6%, Prefix cache hit rate: 32.0%","INFO 06-13 01:47:24 [metrics.py:101] SpecDecoding metrics: Mean acceptance length: 2.87, Accepted throughput: 11.43 tokens/s, Drafted throughput: 67.17 tokens/s, Accepted: 116 tokens, Drafted: 682 tokens, Per-position acceptance rate: 0.887, 0.661, 0.323, 0.000, 0.000, 0.000, 0.000, 0.000, 0.000, 0.000, 0.000, Avg Draft acceptance rate: 17.0%",/lustre/fs1/portfolios/coreai/projects/coreai_dlalgo_nemorl/users/sna/SpecDec-RL-main-vllm020-20260606/vllm-runs/qwen235b_a22b_math500_osl32k_oci_tp4_fp8kv_eagle3_offset0_n4_isl4096_osl32768_bs1_2_k11_20260613_oci_math_drafter_k11
