label,tag,model,prompt_jsonl,prompt_offset,prompt_count_loaded,prompt_count_used,num_batches,batch_size,isl,osl,tp,pp,total_gpus,spec_active,spec_method,parallel_drafting,num_speculative_tokens,draft_model,latency_s,mean_latency_s,output_tok_s,output_tok_s_per_gpu,speedup_vs_baseline,metrics_available,acceptance_rate_pct,mean_acceptance_length,accepted_tokens_per_draft,num_drafts,num_draft_tokens,num_accepted_tokens,acceptance_rate_by_position_pct,breakdown_json
qwen235b_math500_osl32k_baseline_t00_offset0_n4_isl4096_osl32768_bs4_k0_20260617_qmath_osl32k_bsweep,qwen235b_math500_osl32k_baseline_t00_offset0_n4_isl4096_osl32768_bs4_k0_20260617_qmath_osl32k_bsweep,Qwen/Qwen3-235B-A22B,/lustre/fs1/portfolios/coreai/projects/coreai_dlalgo_nemorl/users/sna/SpecDec-RL-main-vllm020-20260606/data/math_500_data_prompts_qmath_20260617.jsonl,0,4,4,1,4,4096,32768,4,1,4,False,,,,,4170.4135605420015,4170.4135605420015,31.429017313804586,7.8572543284511465,1.0,False,,,,,,,,/lustre/fs1/portfolios/coreai/projects/coreai_dlalgo_nemorl/users/sna/SpecDec-RL-main-vllm020-20260606/vllm-runs/qmath_osl32k_bsweep_20260617/qwen235b_math500_osl32k_baseline_t00_offset0_n4_isl4096_osl32768_bs4_k0_20260617_qmath_osl32k_bsweep/breakdown.json
qwen235b_math500_osl32k_baseline_t10_offset0_n4_isl4096_osl32768_bs4_k0_20260617_qmath_osl32k_bsweep,qwen235b_math500_osl32k_baseline_t10_offset0_n4_isl4096_osl32768_bs4_k0_20260617_qmath_osl32k_bsweep,Qwen/Qwen3-235B-A22B,/lustre/fs1/portfolios/coreai/projects/coreai_dlalgo_nemorl/users/sna/SpecDec-RL-main-vllm020-20260606/data/math_500_data_prompts_qmath_20260617.jsonl,0,4,4,1,4,4096,32768,4,1,4,False,,,,,4240.875190171064,4240.875190171064,30.90682798300248,7.72670699575062,0.9833851206485942,False,,,,,,,,/lustre/fs1/portfolios/coreai/projects/coreai_dlalgo_nemorl/users/sna/SpecDec-RL-main-vllm020-20260606/vllm-runs/qmath_osl32k_bsweep_20260617/qwen235b_math500_osl32k_baseline_t10_offset0_n4_isl4096_osl32768_bs4_k0_20260617_qmath_osl32k_bsweep/breakdown.json
qwen235b_math500_osl32k_eagle3_t00_offset0_n4_isl4096_osl32768_bs4_k3_20260617_qmath_osl32k_bsweep,qwen235b_math500_osl32k_eagle3_t00_offset0_n4_isl4096_osl32768_bs4_k3_20260617_qmath_osl32k_bsweep,Qwen/Qwen3-235B-A22B,/lustre/fs1/portfolios/coreai/projects/coreai_dlalgo_nemorl/users/sna/SpecDec-RL-main-vllm020-20260606/data/math_500_data_prompts_qmath_20260617.jsonl,0,4,4,1,4,4096,32768,4,1,4,True,eagle3,,3,nvidia/Qwen3-235B-A22B-Eagle3,2059.413005908951,2059.413005908951,63.64532011011046,15.911330027527615,2.0250496372393894,True,56.976311546570756,2.7092893463971226,1.7092893463971226,48378,145134,82692,"86.6530,54.7894,29.4865",/lustre/fs1/portfolios/coreai/projects/coreai_dlalgo_nemorl/users/sna/SpecDec-RL-main-vllm020-20260606/vllm-runs/qmath_osl32k_bsweep_20260617/qwen235b_math500_osl32k_eagle3_t00_offset0_n4_isl4096_osl32768_bs4_k3_20260617_qmath_osl32k_bsweep/breakdown.json
qwen235b_math500_osl32k_eagle3_t10_offset0_n4_isl4096_osl32768_bs4_k3_20260617_qmath_osl32k_bsweep,qwen235b_math500_osl32k_eagle3_t10_offset0_n4_isl4096_osl32768_bs4_k3_20260617_qmath_osl32k_bsweep,Qwen/Qwen3-235B-A22B,/lustre/fs1/portfolios/coreai/projects/coreai_dlalgo_nemorl/users/sna/SpecDec-RL-main-vllm020-20260606/data/math_500_data_prompts_qmath_20260617.jsonl,0,4,4,1,4,4096,32768,4,1,4,True,eagle3,,3,nvidia/Qwen3-235B-A22B-Eagle3,2384.910141155997,2384.910141155997,54.95888408460861,13.739721021152153,1.7486669575401899,True,46.37258121404507,2.3911774364213523,1.3911774364213523,54814,164442,76256,"81.8897,37.4941,19.7340",/lustre/fs1/portfolios/coreai/projects/coreai_dlalgo_nemorl/users/sna/SpecDec-RL-main-vllm020-20260606/vllm-runs/qmath_osl32k_bsweep_20260617/qwen235b_math500_osl32k_eagle3_t10_offset0_n4_isl4096_osl32768_bs4_k3_20260617_qmath_osl32k_bsweep/breakdown.json
qwen235b_math500_osl32k_pard2_t00_offset0_n4_isl4096_osl32768_bs4_k1_20260617_qmath_osl32k_bsweep,qwen235b_math500_osl32k_pard2_t00_offset0_n4_isl4096_osl32768_bs4_k1_20260617_qmath_osl32k_bsweep,Qwen/Qwen3-235B-A22B,/lustre/fs1/portfolios/coreai/projects/coreai_dlalgo_nemorl/users/sna/SpecDec-RL-main-vllm020-20260606/data/math_500_data_prompts_qmath_20260617.jsonl,0,4,4,1,4,4096,32768,4,1,4,True,pard2,True,1,amd/PARD2-Qwen3-8B,6577.093466949998,6577.093466949998,19.928559729102062,4.9821399322755155,0.6340815409570196,True,3.1820257270165166,1.0318202572701651,0.031820257270165166,127026,127026,4042,3.1820,/lustre/fs1/portfolios/coreai/projects/coreai_dlalgo_nemorl/users/sna/SpecDec-RL-main-vllm020-20260606/vllm-runs/qmath_osl32k_bsweep_20260617/qwen235b_math500_osl32k_pard2_t00_offset0_n4_isl4096_osl32768_bs4_k1_20260617_qmath_osl32k_bsweep/breakdown.json
qwen235b_math500_osl32k_pard2_t10_offset0_n4_isl4096_osl32768_bs4_k1_20260617_qmath_osl32k_bsweep,qwen235b_math500_osl32k_pard2_t10_offset0_n4_isl4096_osl32768_bs4_k1_20260617_qmath_osl32k_bsweep,Qwen/Qwen3-235B-A22B,/lustre/fs1/portfolios/coreai/projects/coreai_dlalgo_nemorl/users/sna/SpecDec-RL-main-vllm020-20260606/data/math_500_data_prompts_qmath_20260617.jsonl,0,4,4,1,4,4096,32768,4,1,4,True,pard2,True,1,amd/PARD2-Qwen3-8B,5128.94762846909,5128.94762846909,25.55533990490812,6.38883497622703,0.8131129156775587,True,1.1936196167446458,1.0119361961674465,0.011936196167446457,129522,129522,1546,1.1936,/lustre/fs1/portfolios/coreai/projects/coreai_dlalgo_nemorl/users/sna/SpecDec-RL-main-vllm020-20260606/vllm-runs/qmath_osl32k_bsweep_20260617/qwen235b_math500_osl32k_pard2_t10_offset0_n4_isl4096_osl32768_bs4_k1_20260617_qmath_osl32k_bsweep/breakdown.json
qwen235b_math500_osl32k_pard_t00_offset0_n4_isl4096_osl32768_bs4_k5_20260617_qmath_osl32k_bsweep,qwen235b_math500_osl32k_pard_t00_offset0_n4_isl4096_osl32768_bs4_k5_20260617_qmath_osl32k_bsweep,Qwen/Qwen3-235B-A22B,/lustre/fs1/portfolios/coreai/projects/coreai_dlalgo_nemorl/users/sna/SpecDec-RL-main-vllm020-20260606/data/math_500_data_prompts_qmath_20260617.jsonl,0,4,4,1,4,4096,32768,4,1,4,True,draft_model,True,5,amd/PARD-Qwen3-0.6B,1826.4522477459395,1826.4522477459395,71.76316827431899,17.940792068579746,2.2833411416525076,True,55.728688216772106,3.786434410838605,2.786434410838605,34617,173085,96458,"95.4964,65.6585,51.1309,37.9611,28.3965",/lustre/fs1/portfolios/coreai/projects/coreai_dlalgo_nemorl/users/sna/SpecDec-RL-main-vllm020-20260606/vllm-runs/qmath_osl32k_bsweep_20260617/qwen235b_math500_osl32k_pard_t00_offset0_n4_isl4096_osl32768_bs4_k5_20260617_qmath_osl32k_bsweep/breakdown.json
qwen235b_math500_osl32k_pard_t10_offset0_n4_isl4096_osl32768_bs4_k5_20260617_qmath_osl32k_bsweep,qwen235b_math500_osl32k_pard_t10_offset0_n4_isl4096_osl32768_bs4_k5_20260617_qmath_osl32k_bsweep,Qwen/Qwen3-235B-A22B,/lustre/fs1/portfolios/coreai/projects/coreai_dlalgo_nemorl/users/sna/SpecDec-RL-main-vllm020-20260606/data/math_500_data_prompts_qmath_20260617.jsonl,0,4,4,1,4,4096,32768,4,1,4,True,draft_model,True,5,amd/PARD-Qwen3-0.6B,4514.53764658107,4514.53764658107,29.033316423723456,7.258329105930864,0.9237742349319695,True,17.861259153342864,1.8930629576671434,0.8930629576671433,69237,346185,61833,"39.2420,24.1908,13.4610,7.1681,5.2443",/lustre/fs1/portfolios/coreai/projects/coreai_dlalgo_nemorl/users/sna/SpecDec-RL-main-vllm020-20260606/vllm-runs/qmath_osl32k_bsweep_20260617/qwen235b_math500_osl32k_pard_t10_offset0_n4_isl4096_osl32768_bs4_k5_20260617_qmath_osl32k_bsweep/breakdown.json
qwen235b_math500_osl32k_suffix_t00_offset0_n4_isl4096_osl32768_bs4_k32_20260617_qmath_osl32k_bsweep,qwen235b_math500_osl32k_suffix_t00_offset0_n4_isl4096_osl32768_bs4_k32_20260617_qmath_osl32k_bsweep,Qwen/Qwen3-235B-A22B,/lustre/fs1/portfolios/coreai/projects/coreai_dlalgo_nemorl/users/sna/SpecDec-RL-main-vllm020-20260606/data/math_500_data_prompts_qmath_20260617.jsonl,0,4,4,1,4,4096,32768,4,1,4,True,suffix,,32,,634.6992152429884,634.6992152429884,206.510417615406,51.6276044038515,6.570692794925545,True,89.8443974564522,8.803498150016818,7.803498150016818,14865,129111,115999,"78.1971,70.8241,67.2116,65.6105,64.3996,63.2425,62.8187,62.1123,61.8769,61.6078,61.4800,60.9687,0.0000,0.0000,0.0000,0.0000,0.0000,0.0000,0.0000,0.0000,0.0000,0.0000,0.0000,0.0000,0.0000,0.0000,0.0000,0.0000,0.0000,0.0000,0.0000,0.0000",/lustre/fs1/portfolios/coreai/projects/coreai_dlalgo_nemorl/users/sna/SpecDec-RL-main-vllm020-20260606/vllm-runs/qmath_osl32k_bsweep_20260617/qwen235b_math500_osl32k_suffix_t00_offset0_n4_isl4096_osl32768_bs4_k32_20260617_qmath_osl32k_bsweep/breakdown.json
qwen235b_math500_osl32k_suffix_t10_offset0_n4_isl4096_osl32768_bs4_k32_20260617_qmath_osl32k_bsweep,qwen235b_math500_osl32k_suffix_t10_offset0_n4_isl4096_osl32768_bs4_k32_20260617_qmath_osl32k_bsweep,Qwen/Qwen3-235B-A22B,/lustre/fs1/portfolios/coreai/projects/coreai_dlalgo_nemorl/users/sna/SpecDec-RL-main-vllm020-20260606/data/math_500_data_prompts_qmath_20260617.jsonl,0,4,4,1,4,4096,32768,4,1,4,True,suffix,,32,,925.9995400810149,925.9995400810149,141.5465065873927,35.38662664684818,4.50368858733681,True,74.29014254930085,6.164256686513562,5.164256686513562,21162,147107,109286,"66.4209,55.4910,48.3366,44.9012,43.0441,40.9082,39.2969,37.4161,36.7782,35.3700,34.6376,33.8248,0.0000,0.0000,0.0000,0.0000,0.0000,0.0000,0.0000,0.0000,0.0000,0.0000,0.0000,0.0000,0.0000,0.0000,0.0000,0.0000,0.0000,0.0000,0.0000,0.0000",/lustre/fs1/portfolios/coreai/projects/coreai_dlalgo_nemorl/users/sna/SpecDec-RL-main-vllm020-20260606/vllm-runs/qmath_osl32k_bsweep_20260617/qwen235b_math500_osl32k_suffix_t10_offset0_n4_isl4096_osl32768_bs4_k32_20260617_qmath_osl32k_bsweep/breakdown.json
qwen30ba3b_math500_osl32k_baseline_t00_offset0_n4_isl4096_osl32768_bs4_k0_20260617_qmath_osl32k_bsweep,qwen30ba3b_math500_osl32k_baseline_t00_offset0_n4_isl4096_osl32768_bs4_k0_20260617_qmath_osl32k_bsweep,Qwen/Qwen3-30B-A3B,/lustre/fs1/portfolios/coreai/projects/coreai_dlalgo_nemorl/users/sna/SpecDec-RL-main-vllm020-20260606/data/math_500_data_prompts_qmath_20260617.jsonl,0,4,4,1,4,4096,32768,1,1,1,False,,,,,1858.658883919008,1858.658883919008,70.51966400829444,70.51966400829444,1.0,False,,,,,,,,/lustre/fs1/portfolios/coreai/projects/coreai_dlalgo_nemorl/users/sna/SpecDec-RL-main-vllm020-20260606/vllm-runs/qmath_osl32k_bsweep_20260617/qwen30ba3b_math500_osl32k_baseline_t00_offset0_n4_isl4096_osl32768_bs4_k0_20260617_qmath_osl32k_bsweep/breakdown.json
qwen30ba3b_math500_osl32k_baseline_t10_offset0_n4_isl4096_osl32768_bs4_k0_20260617_qmath_osl32k_bsweep,qwen30ba3b_math500_osl32k_baseline_t10_offset0_n4_isl4096_osl32768_bs4_k0_20260617_qmath_osl32k_bsweep,Qwen/Qwen3-30B-A3B,/lustre/fs1/portfolios/coreai/projects/coreai_dlalgo_nemorl/users/sna/SpecDec-RL-main-vllm020-20260606/data/math_500_data_prompts_qmath_20260617.jsonl,0,4,4,1,4,4096,32768,1,1,1,False,,,,,1809.8916464470094,1809.8916464470094,72.41980494097913,72.41980494097913,1.0269448381441693,False,,,,,,,,/lustre/fs1/portfolios/coreai/projects/coreai_dlalgo_nemorl/users/sna/SpecDec-RL-main-vllm020-20260606/vllm-runs/qmath_osl32k_bsweep_20260617/qwen30ba3b_math500_osl32k_baseline_t10_offset0_n4_isl4096_osl32768_bs4_k0_20260617_qmath_osl32k_bsweep/breakdown.json
qwen30ba3b_math500_osl32k_eagle3_t00_offset0_n4_isl4096_osl32768_bs4_k3_20260617_qmath_osl32k_bsweep,qwen30ba3b_math500_osl32k_eagle3_t00_offset0_n4_isl4096_osl32768_bs4_k3_20260617_qmath_osl32k_bsweep,Qwen/Qwen3-30B-A3B,/lustre/fs1/portfolios/coreai/projects/coreai_dlalgo_nemorl/users/sna/SpecDec-RL-main-vllm020-20260606/data/math_500_data_prompts_qmath_20260617.jsonl,0,4,4,1,4,4096,32768,1,1,1,True,eagle3,,3,RedHatAI/Qwen3-30B-A3B-Thinking-2507-speculator.eagle3,1771.223640690092,1771.223640690092,74.00081897559397,74.00081897559397,1.0493643158437351,True,8.651015590214714,1.2595304677064414,0.2595304677064414,104061,312183,27007,"13.9697,6.7355,5.2479",/lustre/fs1/portfolios/coreai/projects/coreai_dlalgo_nemorl/users/sna/SpecDec-RL-main-vllm020-20260606/vllm-runs/qmath_osl32k_bsweep_20260617/qwen30ba3b_math500_osl32k_eagle3_t00_offset0_n4_isl4096_osl32768_bs4_k3_20260617_qmath_osl32k_bsweep/breakdown.json
qwen30ba3b_math500_osl32k_eagle3_t10_offset0_n4_isl4096_osl32768_bs4_k3_20260617_qmath_osl32k_bsweep,qwen30ba3b_math500_osl32k_eagle3_t10_offset0_n4_isl4096_osl32768_bs4_k3_20260617_qmath_osl32k_bsweep,Qwen/Qwen3-30B-A3B,/lustre/fs1/portfolios/coreai/projects/coreai_dlalgo_nemorl/users/sna/SpecDec-RL-main-vllm020-20260606/data/math_500_data_prompts_qmath_20260617.jsonl,0,4,4,1,4,4096,32768,1,1,1,True,eagle3,,3,RedHatAI/Qwen3-30B-A3B-Thinking-2507-speculator.eagle3,1958.7852185519878,1958.7852185519878,66.9149423625392,66.9149423625392,0.9488834540486287,True,11.001065503069665,1.33003196509209,0.33003196509208993,98545,295635,32523,"19.6692,7.8421,5.4919",/lustre/fs1/portfolios/coreai/projects/coreai_dlalgo_nemorl/users/sna/SpecDec-RL-main-vllm020-20260606/vllm-runs/qmath_osl32k_bsweep_20260617/qwen30ba3b_math500_osl32k_eagle3_t10_offset0_n4_isl4096_osl32768_bs4_k3_20260617_qmath_osl32k_bsweep/breakdown.json
qwen30ba3b_math500_osl32k_pard_t00_offset0_n4_isl4096_osl32768_bs4_k5_20260617_qmath_osl32k_bsweep,qwen30ba3b_math500_osl32k_pard_t00_offset0_n4_isl4096_osl32768_bs4_k5_20260617_qmath_osl32k_bsweep,Qwen/Qwen3-30B-A3B,/lustre/fs1/portfolios/coreai/projects/coreai_dlalgo_nemorl/users/sna/SpecDec-RL-main-vllm020-20260606/data/math_500_data_prompts_qmath_20260617.jsonl,0,4,4,1,4,4096,32768,1,1,1,True,draft_model,True,5,amd/PARD-Qwen3-0.6B,1347.502600486041,1347.502600486041,97.27031320957944,97.27031320957944,1.379336027439646,True,42.36077741037657,3.1180388705188284,2.1180388705188284,42037,210185,89036,"79.1565,59.1241,35.0406,22.1662,16.3166",/lustre/fs1/portfolios/coreai/projects/coreai_dlalgo_nemorl/users/sna/SpecDec-RL-main-vllm020-20260606/vllm-runs/qmath_osl32k_bsweep_20260617/qwen30ba3b_math500_osl32k_pard_t00_offset0_n4_isl4096_osl32768_bs4_k5_20260617_qmath_osl32k_bsweep/breakdown.json
qwen30ba3b_math500_osl32k_pard_t10_offset0_n4_isl4096_osl32768_bs4_k5_20260617_qmath_osl32k_bsweep,qwen30ba3b_math500_osl32k_pard_t10_offset0_n4_isl4096_osl32768_bs4_k5_20260617_qmath_osl32k_bsweep,Qwen/Qwen3-30B-A3B,/lustre/fs1/portfolios/coreai/projects/coreai_dlalgo_nemorl/users/sna/SpecDec-RL-main-vllm020-20260606/data/math_500_data_prompts_qmath_20260617.jsonl,0,4,4,1,4,4096,32768,1,1,1,True,draft_model,True,5,amd/PARD-Qwen3-0.6B,2536.1840589810163,2536.1840589810163,51.680791674347915,51.680791674347915,0.7328564649467031,True,28.521665093379234,2.4260832546689617,1.426083254668962,54027,270135,77047,"50.1712,42.4991,21.5429,16.2252,12.1698",/lustre/fs1/portfolios/coreai/projects/coreai_dlalgo_nemorl/users/sna/SpecDec-RL-main-vllm020-20260606/vllm-runs/qmath_osl32k_bsweep_20260617/qwen30ba3b_math500_osl32k_pard_t10_offset0_n4_isl4096_osl32768_bs4_k5_20260617_qmath_osl32k_bsweep/breakdown.json
qwen30ba3b_math500_osl32k_suffix_t00_offset0_n4_isl4096_osl32768_bs4_k32_20260617_qmath_osl32k_bsweep,qwen30ba3b_math500_osl32k_suffix_t00_offset0_n4_isl4096_osl32768_bs4_k32_20260617_qmath_osl32k_bsweep,Qwen/Qwen3-30B-A3B,/lustre/fs1/portfolios/coreai/projects/coreai_dlalgo_nemorl/users/sna/SpecDec-RL-main-vllm020-20260606/data/math_500_data_prompts_qmath_20260617.jsonl,0,4,4,1,4,4096,32768,1,1,1,True,suffix,,32,,271.26583269098774,271.26583269098774,483.1865432507697,483.1865432507697,6.851798715234064,True,91.727505377357,9.315399943068602,8.315399943068602,14052,127386,116848,"81.2838,74.2457,70.9152,69.2001,68.3604,67.6843,67.2431,66.8944,66.7236,66.4888,66.3678,66.1329,0.0000,0.0000,0.0000,0.0000,0.0000,0.0000,0.0000,0.0000,0.0000,0.0000,0.0000,0.0000,0.0000,0.0000,0.0000,0.0000,0.0000,0.0000,0.0000,0.0000",/lustre/fs1/portfolios/coreai/projects/coreai_dlalgo_nemorl/users/sna/SpecDec-RL-main-vllm020-20260606/vllm-runs/qmath_osl32k_bsweep_20260617/qwen30ba3b_math500_osl32k_suffix_t00_offset0_n4_isl4096_osl32768_bs4_k32_20260617_qmath_osl32k_bsweep/breakdown.json
qwen30ba3b_math500_osl32k_suffix_t10_offset0_n4_isl4096_osl32768_bs4_k32_20260617_qmath_osl32k_bsweep,qwen30ba3b_math500_osl32k_suffix_t10_offset0_n4_isl4096_osl32768_bs4_k32_20260617_qmath_osl32k_bsweep,Qwen/Qwen3-30B-A3B,/lustre/fs1/portfolios/coreai/projects/coreai_dlalgo_nemorl/users/sna/SpecDec-RL-main-vllm020-20260606/data/math_500_data_prompts_qmath_20260617.jsonl,0,4,4,1,4,4096,32768,1,1,1,True,suffix,,32,,356.65905068296706,356.65905068296706,367.4994360833126,367.4994360833126,5.2113044106405235,True,86.84495650846941,7.7789755807028,6.7789755807028,16790,131060,113819,"74.9315,66.1763,61.0244,58.8803,57.4270,55.9023,55.4795,54.9017,49.3806,48.4217,48.1358,47.2365,0.0000,0.0000,0.0000,0.0000,0.0000,0.0000,0.0000,0.0000,0.0000,0.0000,0.0000,0.0000,0.0000,0.0000,0.0000,0.0000,0.0000,0.0000,0.0000,0.0000",/lustre/fs1/portfolios/coreai/projects/coreai_dlalgo_nemorl/users/sna/SpecDec-RL-main-vllm020-20260606/vllm-runs/qmath_osl32k_bsweep_20260617/qwen30ba3b_math500_osl32k_suffix_t10_offset0_n4_isl4096_osl32768_bs4_k32_20260617_qmath_osl32k_bsweep/breakdown.json
qwen8_math500_osl32k_baseline_t00_offset0_n4_isl4096_osl32768_bs4_k0_20260617_qmath_osl32k_bsweep,qwen8_math500_osl32k_baseline_t00_offset0_n4_isl4096_osl32768_bs4_k0_20260617_qmath_osl32k_bsweep,Qwen/Qwen3-8B,/lustre/fs1/portfolios/coreai/projects/coreai_dlalgo_nemorl/users/sna/SpecDec-RL-main-vllm020-20260606/data/math_500_data_prompts_qmath_20260617.jsonl,0,4,4,1,4,4096,32768,1,1,1,False,,,,,863.7252571040008,863.7252571040008,151.75195922772195,151.75195922772195,1.0,False,,,,,,,,/lustre/fs1/portfolios/coreai/projects/coreai_dlalgo_nemorl/users/sna/SpecDec-RL-main-vllm020-20260606/vllm-runs/qmath_osl32k_bsweep_20260617/qwen8_math500_osl32k_baseline_t00_offset0_n4_isl4096_osl32768_bs4_k0_20260617_qmath_osl32k_bsweep/breakdown.json
qwen8_math500_osl32k_baseline_t10_offset0_n4_isl4096_osl32768_bs4_k0_20260617_qmath_osl32k_bsweep,qwen8_math500_osl32k_baseline_t10_offset0_n4_isl4096_osl32768_bs4_k0_20260617_qmath_osl32k_bsweep,Qwen/Qwen3-8B,/lustre/fs1/portfolios/coreai/projects/coreai_dlalgo_nemorl/users/sna/SpecDec-RL-main-vllm020-20260606/data/math_500_data_prompts_qmath_20260617.jsonl,0,4,4,1,4,4096,32768,1,1,1,False,,,,,1063.4563781359466,1063.4563781359466,123.2509416415804,123.2509416415804,0.8121868229498614,False,,,,,,,,/lustre/fs1/portfolios/coreai/projects/coreai_dlalgo_nemorl/users/sna/SpecDec-RL-main-vllm020-20260606/vllm-runs/qmath_osl32k_bsweep_20260617/qwen8_math500_osl32k_baseline_t10_offset0_n4_isl4096_osl32768_bs4_k0_20260617_qmath_osl32k_bsweep/breakdown.json
qwen8_math500_osl32k_eagle3_t00_offset0_n4_isl4096_osl32768_bs4_k3_20260617_qmath_osl32k_bsweep,qwen8_math500_osl32k_eagle3_t00_offset0_n4_isl4096_osl32768_bs4_k3_20260617_qmath_osl32k_bsweep,Qwen/Qwen3-8B,/lustre/fs1/portfolios/coreai/projects/coreai_dlalgo_nemorl/users/sna/SpecDec-RL-main-vllm020-20260606/data/math_500_data_prompts_qmath_20260617.jsonl,0,4,4,1,4,4096,32768,1,1,1,True,eagle3,,3,RedHatAI/Qwen3-8B-speculator.eagle3,679.0276775170059,679.0276775170059,193.02895057133713,193.02895057133713,1.272003020940732,True,68.35012916889706,3.050503875066912,2.050503875066912,42967,128901,88104,"79.9451,70.3144,54.7909",/lustre/fs1/portfolios/coreai/projects/coreai_dlalgo_nemorl/users/sna/SpecDec-RL-main-vllm020-20260606/vllm-runs/qmath_osl32k_bsweep_20260617/qwen8_math500_osl32k_eagle3_t00_offset0_n4_isl4096_osl32768_bs4_k3_20260617_qmath_osl32k_bsweep/breakdown.json
qwen8_math500_osl32k_eagle3_t10_offset0_n4_isl4096_osl32768_bs4_k3_20260617_qmath_osl32k_bsweep,qwen8_math500_osl32k_eagle3_t10_offset0_n4_isl4096_osl32768_bs4_k3_20260617_qmath_osl32k_bsweep,Qwen/Qwen3-8B,/lustre/fs1/portfolios/coreai/projects/coreai_dlalgo_nemorl/users/sna/SpecDec-RL-main-vllm020-20260606/data/math_500_data_prompts_qmath_20260617.jsonl,0,4,4,1,4,4096,32768,1,1,1,True,eagle3,,3,RedHatAI/Qwen3-8B-speculator.eagle3,904.3271996249678,904.3271996249678,144.93869039254452,144.93869039254452,0.9551025972260871,True,49.004604763071434,2.470138142892143,1.470138142892143,53061,159183,78007,"62.3509,50.9188,33.7442",/lustre/fs1/portfolios/coreai/projects/coreai_dlalgo_nemorl/users/sna/SpecDec-RL-main-vllm020-20260606/vllm-runs/qmath_osl32k_bsweep_20260617/qwen8_math500_osl32k_eagle3_t10_offset0_n4_isl4096_osl32768_bs4_k3_20260617_qmath_osl32k_bsweep/breakdown.json
qwen8_math500_osl32k_pard2_t00_offset0_n4_isl4096_osl32768_bs4_k5_20260617_qmath_osl32k_bsweep,qwen8_math500_osl32k_pard2_t00_offset0_n4_isl4096_osl32768_bs4_k5_20260617_qmath_osl32k_bsweep,Qwen/Qwen3-8B,/lustre/fs1/portfolios/coreai/projects/coreai_dlalgo_nemorl/users/sna/SpecDec-RL-main-vllm020-20260606/data/math_500_data_prompts_qmath_20260617.jsonl,0,4,4,1,4,4096,32768,1,1,1,True,pard2,True,5,amd/PARD2-Qwen3-8B,2141.648056118982,2141.648056118982,61.20146567756982,61.20146567756982,0.4032993444633536,True,0.12004359639562194,1.0060021798197811,0.006002179819781097,130286,651430,782,"0.5726,0.0261,0.0015,0.0000,0.0000",/lustre/fs1/portfolios/coreai/projects/coreai_dlalgo_nemorl/users/sna/SpecDec-RL-main-vllm020-20260606/vllm-runs/qmath_osl32k_bsweep_20260617/qwen8_math500_osl32k_pard2_t00_offset0_n4_isl4096_osl32768_bs4_k5_20260617_qmath_osl32k_bsweep/breakdown.json
qwen8_math500_osl32k_pard2_t10_offset0_n4_isl4096_osl32768_bs4_k5_20260617_qmath_osl32k_bsweep,qwen8_math500_osl32k_pard2_t10_offset0_n4_isl4096_osl32768_bs4_k5_20260617_qmath_osl32k_bsweep,Qwen/Qwen3-8B,/lustre/fs1/portfolios/coreai/projects/coreai_dlalgo_nemorl/users/sna/SpecDec-RL-main-vllm020-20260606/data/math_500_data_prompts_qmath_20260617.jsonl,0,4,4,1,4,4096,32768,1,1,1,True,pard2,True,5,amd/PARD2-Qwen3-8B,2201.327932983055,2201.327932983055,59.54224176966775,59.54224176966775,0.39236555542796975,True,0.07028612117082284,1.0035143060585412,0.003514306058541142,130609,653045,459,"0.3369,0.0138,0.0008,0.0000,0.0000",/lustre/fs1/portfolios/coreai/projects/coreai_dlalgo_nemorl/users/sna/SpecDec-RL-main-vllm020-20260606/vllm-runs/qmath_osl32k_bsweep_20260617/qwen8_math500_osl32k_pard2_t10_offset0_n4_isl4096_osl32768_bs4_k5_20260617_qmath_osl32k_bsweep/breakdown.json
qwen8_math500_osl32k_pard_t00_offset0_n4_isl4096_osl32768_bs4_k5_20260617_qmath_osl32k_bsweep,qwen8_math500_osl32k_pard_t00_offset0_n4_isl4096_osl32768_bs4_k5_20260617_qmath_osl32k_bsweep,Qwen/Qwen3-8B,/lustre/fs1/portfolios/coreai/projects/coreai_dlalgo_nemorl/users/sna/SpecDec-RL-main-vllm020-20260606/data/math_500_data_prompts_qmath_20260617.jsonl,0,4,4,1,4,4096,32768,1,1,1,True,draft_model,True,5,amd/PARD-Qwen3-0.6B,848.3740352049936,848.3740352049936,154.49789192137277,154.49789192137277,1.0180948747391803,True,46.60230188775121,3.3301150943875606,2.3301150943875606,39359,196795,91711,"79.6565,64.2648,42.2267,29.5409,17.3226",/lustre/fs1/portfolios/coreai/projects/coreai_dlalgo_nemorl/users/sna/SpecDec-RL-main-vllm020-20260606/vllm-runs/qmath_osl32k_bsweep_20260617/qwen8_math500_osl32k_pard_t00_offset0_n4_isl4096_osl32768_bs4_k5_20260617_qmath_osl32k_bsweep/breakdown.json
qwen8_math500_osl32k_pard_t10_offset0_n4_isl4096_osl32768_bs4_k5_20260617_qmath_osl32k_bsweep,qwen8_math500_osl32k_pard_t10_offset0_n4_isl4096_osl32768_bs4_k5_20260617_qmath_osl32k_bsweep,Qwen/Qwen3-8B,/lustre/fs1/portfolios/coreai/projects/coreai_dlalgo_nemorl/users/sna/SpecDec-RL-main-vllm020-20260606/data/math_500_data_prompts_qmath_20260617.jsonl,0,4,4,1,4,4096,32768,1,1,1,True,draft_model,True,5,amd/PARD-Qwen3-0.6B,1376.2670171149948,1376.2670171149948,95.23733285039425,95.23733285039425,0.6275855240028846,True,32.71345264427911,2.6356726322139554,1.6356726322139554,49730,248650,81342,"65.2021,44.7657,31.3211,12.4854,9.7929",/lustre/fs1/portfolios/coreai/projects/coreai_dlalgo_nemorl/users/sna/SpecDec-RL-main-vllm020-20260606/vllm-runs/qmath_osl32k_bsweep_20260617/qwen8_math500_osl32k_pard_t10_offset0_n4_isl4096_osl32768_bs4_k5_20260617_qmath_osl32k_bsweep/breakdown.json
qwen8_math500_osl32k_suffix_t00_offset0_n4_isl4096_osl32768_bs4_k32_20260617_qmath_osl32k_bsweep,qwen8_math500_osl32k_suffix_t00_offset0_n4_isl4096_osl32768_bs4_k32_20260617_qmath_osl32k_bsweep,Qwen/Qwen3-8B,/lustre/fs1/portfolios/coreai/projects/coreai_dlalgo_nemorl/users/sna/SpecDec-RL-main-vllm020-20260606/data/math_500_data_prompts_qmath_20260617.jsonl,0,4,4,1,4,4096,32768,1,1,1,True,suffix,,32,,197.5466379399877,197.5466379399877,663.4990165705483,663.4990165705483,4.372259969144047,True,89.6030158485921,9.045454545454545,8.045454545454545,14476,129980,116466,"81.1896,73.5010,69.5910,67.9193,66.9038,66.3650,66.0058,65.5361,65.4117,60.8524,60.7350,60.5347,0.0000,0.0000,0.0000,0.0000,0.0000,0.0000,0.0000,0.0000,0.0000,0.0000,0.0000,0.0000,0.0000,0.0000,0.0000,0.0000,0.0000,0.0000,0.0000,0.0000",/lustre/fs1/portfolios/coreai/projects/coreai_dlalgo_nemorl/users/sna/SpecDec-RL-main-vllm020-20260606/vllm-runs/qmath_osl32k_bsweep_20260617/qwen8_math500_osl32k_suffix_t00_offset0_n4_isl4096_osl32768_bs4_k32_20260617_qmath_osl32k_bsweep/breakdown.json
qwen8_math500_osl32k_suffix_t10_offset0_n4_isl4096_osl32768_bs4_k32_20260617_qmath_osl32k_bsweep,qwen8_math500_osl32k_suffix_t10_offset0_n4_isl4096_osl32768_bs4_k32_20260617_qmath_osl32k_bsweep,Qwen/Qwen3-8B,/lustre/fs1/portfolios/coreai/projects/coreai_dlalgo_nemorl/users/sna/SpecDec-RL-main-vllm020-20260606/data/math_500_data_prompts_qmath_20260617.jsonl,0,4,4,1,4,4096,32768,1,1,1,True,suffix,,32,,296.4135850860039,296.4135850860039,442.19295806556806,442.19295806556806,2.9139192687588613,True,78.72572193427123,6.547611880393338,5.547611880393338,19932,140456,110575,"69.4913,57.4604,51.4901,48.0283,46.1620,44.3458,43.5180,42.4594,42.0128,38.2651,37.7433,33.7849,0.0000,0.0000,0.0000,0.0000,0.0000,0.0000,0.0000,0.0000,0.0000,0.0000,0.0000,0.0000,0.0000,0.0000,0.0000,0.0000,0.0000,0.0000,0.0000,0.0000",/lustre/fs1/portfolios/coreai/projects/coreai_dlalgo_nemorl/users/sna/SpecDec-RL-main-vllm020-20260606/vllm-runs/qmath_osl32k_bsweep_20260617/qwen8_math500_osl32k_suffix_t10_offset0_n4_isl4096_osl32768_bs4_k32_20260617_qmath_osl32k_bsweep/breakdown.json
qwen235b_math500_osl32k_baseline_t00_offset0_n8_isl4096_osl32768_bs8_k0_20260617_qmath_osl32k_bsweep,qwen235b_math500_osl32k_baseline_t00_offset0_n8_isl4096_osl32768_bs8_k0_20260617_qmath_osl32k_bsweep,Qwen/Qwen3-235B-A22B,/lustre/fs1/portfolios/coreai/projects/coreai_dlalgo_nemorl/users/sna/SpecDec-RL-main-vllm020-20260606/data/math_500_data_prompts_qmath_20260617.jsonl,0,8,8,1,8,4096,32768,4,1,4,False,,,,,4222.645003475947,4222.645003475947,62.08052057045084,15.52013014261271,1.0,False,,,,,,,,/lustre/fs1/portfolios/coreai/projects/coreai_dlalgo_nemorl/users/sna/SpecDec-RL-main-vllm020-20260606/vllm-runs/qmath_osl32k_bsweep_20260617/qwen235b_math500_osl32k_baseline_t00_offset0_n8_isl4096_osl32768_bs8_k0_20260617_qmath_osl32k_bsweep/breakdown.json
qwen235b_math500_osl32k_baseline_t10_offset0_n8_isl4096_osl32768_bs8_k0_20260617_qmath_osl32k_bsweep,qwen235b_math500_osl32k_baseline_t10_offset0_n8_isl4096_osl32768_bs8_k0_20260617_qmath_osl32k_bsweep,Qwen/Qwen3-235B-A22B,/lustre/fs1/portfolios/coreai/projects/coreai_dlalgo_nemorl/users/sna/SpecDec-RL-main-vllm020-20260606/data/math_500_data_prompts_qmath_20260617.jsonl,0,8,8,1,8,4096,32768,4,1,4,False,,,,,4452.473574970965,4452.473574970965,58.876037237730145,14.719009309432536,0.9483818224577523,False,,,,,,,,/lustre/fs1/portfolios/coreai/projects/coreai_dlalgo_nemorl/users/sna/SpecDec-RL-main-vllm020-20260606/vllm-runs/qmath_osl32k_bsweep_20260617/qwen235b_math500_osl32k_baseline_t10_offset0_n8_isl4096_osl32768_bs8_k0_20260617_qmath_osl32k_bsweep/breakdown.json
qwen235b_math500_osl32k_eagle3_t00_offset0_n8_isl4096_osl32768_bs8_k3_20260617_qmath_osl32k_bsweep,qwen235b_math500_osl32k_eagle3_t00_offset0_n8_isl4096_osl32768_bs8_k3_20260617_qmath_osl32k_bsweep,Qwen/Qwen3-235B-A22B,/lustre/fs1/portfolios/coreai/projects/coreai_dlalgo_nemorl/users/sna/SpecDec-RL-main-vllm020-20260606/data/math_500_data_prompts_qmath_20260617.jsonl,0,8,8,1,8,4096,32768,4,1,4,True,eagle3,,3,nvidia/Qwen3-235B-A22B-Eagle3,1907.9124583560042,1907.9124583560042,137.39833756622266,34.349584391555666,2.2132278580090015,True,60.85433418845797,2.825630025653739,1.8256300256537392,92774,278322,169371,"86.9705,63.0047,32.5878",/lustre/fs1/portfolios/coreai/projects/coreai_dlalgo_nemorl/users/sna/SpecDec-RL-main-vllm020-20260606/vllm-runs/qmath_osl32k_bsweep_20260617/qwen235b_math500_osl32k_eagle3_t00_offset0_n8_isl4096_osl32768_bs8_k3_20260617_qmath_osl32k_bsweep/breakdown.json
qwen235b_math500_osl32k_eagle3_t10_offset0_n8_isl4096_osl32768_bs8_k3_20260617_qmath_osl32k_bsweep,qwen235b_math500_osl32k_eagle3_t10_offset0_n8_isl4096_osl32768_bs8_k3_20260617_qmath_osl32k_bsweep,Qwen/Qwen3-235B-A22B,/lustre/fs1/portfolios/coreai/projects/coreai_dlalgo_nemorl/users/sna/SpecDec-RL-main-vllm020-20260606/data/math_500_data_prompts_qmath_20260617.jsonl,0,8,8,1,8,4096,32768,4,1,4,True,eagle3,,3,nvidia/Qwen3-235B-A22B-Eagle3,2600.4026768959593,2600.4026768959593,100.80900251683914,25.202250629209786,1.6238427382779121,True,50.19468394924835,2.5058405184774504,1.5058405184774504,104614,313842,157532,"71.9636,49.0106,29.6098",/lustre/fs1/portfolios/coreai/projects/coreai_dlalgo_nemorl/users/sna/SpecDec-RL-main-vllm020-20260606/vllm-runs/qmath_osl32k_bsweep_20260617/qwen235b_math500_osl32k_eagle3_t10_offset0_n8_isl4096_osl32768_bs8_k3_20260617_qmath_osl32k_bsweep/breakdown.json
qwen235b_math500_osl32k_pard2_t00_offset0_n8_isl4096_osl32768_bs8_k1_20260617_qmath_osl32k_bsweep,qwen235b_math500_osl32k_pard2_t00_offset0_n8_isl4096_osl32768_bs8_k1_20260617_qmath_osl32k_bsweep,Qwen/Qwen3-235B-A22B,/lustre/fs1/portfolios/coreai/projects/coreai_dlalgo_nemorl/users/sna/SpecDec-RL-main-vllm020-20260606/data/math_500_data_prompts_qmath_20260617.jsonl,0,8,8,1,8,4096,32768,4,1,4,True,pard2,True,1,amd/PARD2-Qwen3-8B,5118.29067794804,5118.29067794804,51.21709892903063,12.804274732257657,0.8250107837112598,True,4.31073246240594,1.0431073246240594,0.043107324624059404,251303,251303,10833,4.3107,/lustre/fs1/portfolios/coreai/projects/coreai_dlalgo_nemorl/users/sna/SpecDec-RL-main-vllm020-20260606/vllm-runs/qmath_osl32k_bsweep_20260617/qwen235b_math500_osl32k_pard2_t00_offset0_n8_isl4096_osl32768_bs8_k1_20260617_qmath_osl32k_bsweep/breakdown.json
qwen235b_math500_osl32k_pard2_t10_offset0_n8_isl4096_osl32768_bs8_k1_20260617_qmath_osl32k_bsweep,qwen235b_math500_osl32k_pard2_t10_offset0_n8_isl4096_osl32768_bs8_k1_20260617_qmath_osl32k_bsweep,Qwen/Qwen3-235B-A22B,/lustre/fs1/portfolios/coreai/projects/coreai_dlalgo_nemorl/users/sna/SpecDec-RL-main-vllm020-20260606/data/math_500_data_prompts_qmath_20260617.jsonl,0,8,8,1,8,4096,32768,4,1,4,True,pard2,True,1,amd/PARD2-Qwen3-8B,5268.947994388,5268.947994388,49.75262619392178,12.438156548480444,0.801420892362863,True,1.5129981528023575,1.0151299815280235,0.015129981528023575,258229,258229,3907,1.5130,/lustre/fs1/portfolios/coreai/projects/coreai_dlalgo_nemorl/users/sna/SpecDec-RL-main-vllm020-20260606/vllm-runs/qmath_osl32k_bsweep_20260617/qwen235b_math500_osl32k_pard2_t10_offset0_n8_isl4096_osl32768_bs8_k1_20260617_qmath_osl32k_bsweep/breakdown.json
qwen235b_math500_osl32k_pard_t00_offset0_n8_isl4096_osl32768_bs8_k5_20260617_qmath_osl32k_bsweep,qwen235b_math500_osl32k_pard_t00_offset0_n8_isl4096_osl32768_bs8_k5_20260617_qmath_osl32k_bsweep,Qwen/Qwen3-235B-A22B,/lustre/fs1/portfolios/coreai/projects/coreai_dlalgo_nemorl/users/sna/SpecDec-RL-main-vllm020-20260606/data/math_500_data_prompts_qmath_20260617.jsonl,0,8,8,1,8,4096,32768,4,1,4,True,draft_model,True,5,amd/PARD-Qwen3-0.6B,1797.2321985239396,1797.2321985239396,145.85983948835212,36.46495987208803,2.3495266816074136,True,53.885201313434514,3.6942600656717257,2.6942600656717257,70959,354795,191182,"87.4308,71.3243,55.8872,33.3221,21.4617",/lustre/fs1/portfolios/coreai/projects/coreai_dlalgo_nemorl/users/sna/SpecDec-RL-main-vllm020-20260606/vllm-runs/qmath_osl32k_bsweep_20260617/qwen235b_math500_osl32k_pard_t00_offset0_n8_isl4096_osl32768_bs8_k5_20260617_qmath_osl32k_bsweep/breakdown.json
qwen235b_math500_osl32k_pard_t10_offset0_n8_isl4096_osl32768_bs8_k5_20260617_qmath_osl32k_bsweep,qwen235b_math500_osl32k_pard_t10_offset0_n8_isl4096_osl32768_bs8_k5_20260617_qmath_osl32k_bsweep,Qwen/Qwen3-235B-A22B,/lustre/fs1/portfolios/coreai/projects/coreai_dlalgo_nemorl/users/sna/SpecDec-RL-main-vllm020-20260606/data/math_500_data_prompts_qmath_20260617.jsonl,0,8,8,1,8,4096,32768,4,1,4,True,draft_model,True,5,amd/PARD-Qwen3-0.6B,3298.2661321120104,3298.2661321120104,79.47933535373593,19.869833838433983,1.280262063259286,True,30.72622779519331,2.536311389759666,1.5363113897596656,103356,516780,158787,"65.2231,42.1079,24.2492,13.6189,8.4320",/lustre/fs1/portfolios/coreai/projects/coreai_dlalgo_nemorl/users/sna/SpecDec-RL-main-vllm020-20260606/vllm-runs/qmath_osl32k_bsweep_20260617/qwen235b_math500_osl32k_pard_t10_offset0_n8_isl4096_osl32768_bs8_k5_20260617_qmath_osl32k_bsweep/breakdown.json
qwen235b_math500_osl32k_suffix_t00_offset0_n8_isl4096_osl32768_bs8_k32_20260617_qmath_osl32k_bsweep,qwen235b_math500_osl32k_suffix_t00_offset0_n8_isl4096_osl32768_bs8_k32_20260617_qmath_osl32k_bsweep,Qwen/Qwen3-235B-A22B,/lustre/fs1/portfolios/coreai/projects/coreai_dlalgo_nemorl/users/sna/SpecDec-RL-main-vllm020-20260606/data/math_500_data_prompts_qmath_20260617.jsonl,0,8,8,1,8,4096,32768,4,1,4,True,suffix,,32,,1072.872770581991,1072.872770581991,244.33838493057965,61.08459623264491,3.935830155504207,True,86.68343617959084,7.793424853339686,6.793424853339686,33581,263176,228130,"72.1569,63.2084,58.7326,56.5230,55.4540,54.7036,54.4236,54.0722,53.8965,52.8424,51.8597,51.4696,0.0000,0.0000,0.0000,0.0000,0.0000,0.0000,0.0000,0.0000,0.0000,0.0000,0.0000,0.0000,0.0000,0.0000,0.0000,0.0000,0.0000,0.0000,0.0000,0.0000",/lustre/fs1/portfolios/coreai/projects/coreai_dlalgo_nemorl/users/sna/SpecDec-RL-main-vllm020-20260606/vllm-runs/qmath_osl32k_bsweep_20260617/qwen235b_math500_osl32k_suffix_t00_offset0_n8_isl4096_osl32768_bs8_k32_20260617_qmath_osl32k_bsweep/breakdown.json
qwen235b_math500_osl32k_suffix_t10_offset0_n8_isl4096_osl32768_bs8_k32_20260617_qmath_osl32k_bsweep,qwen235b_math500_osl32k_suffix_t10_offset0_n8_isl4096_osl32768_bs8_k32_20260617_qmath_osl32k_bsweep,Qwen/Qwen3-235B-A22B,/lustre/fs1/portfolios/coreai/projects/coreai_dlalgo_nemorl/users/sna/SpecDec-RL-main-vllm020-20260606/data/math_500_data_prompts_qmath_20260617.jsonl,0,8,8,1,8,4096,32768,4,1,4,True,suffix,,32,,1199.5764955680352,1199.5764955680352,218.5304571809462,54.63261429523655,3.52011315583205,True,69.98438885816117,5.516972603029087,4.516972603029087,47341,305551,213838,"62.2441,48.6935,42.4769,38.7888,36.6934,34.9317,33.8333,32.5849,31.8413,30.9309,29.7839,28.8946,0.0000,0.0000,0.0000,0.0000,0.0000,0.0000,0.0000,0.0000,0.0000,0.0000,0.0000,0.0000,0.0000,0.0000,0.0000,0.0000,0.0000,0.0000,0.0000,0.0000",/lustre/fs1/portfolios/coreai/projects/coreai_dlalgo_nemorl/users/sna/SpecDec-RL-main-vllm020-20260606/vllm-runs/qmath_osl32k_bsweep_20260617/qwen235b_math500_osl32k_suffix_t10_offset0_n8_isl4096_osl32768_bs8_k32_20260617_qmath_osl32k_bsweep/breakdown.json
qwen30ba3b_math500_osl32k_baseline_t00_offset0_n8_isl4096_osl32768_bs8_k0_20260617_qmath_osl32k_bsweep,qwen30ba3b_math500_osl32k_baseline_t00_offset0_n8_isl4096_osl32768_bs8_k0_20260617_qmath_osl32k_bsweep,Qwen/Qwen3-30B-A3B,/lustre/fs1/portfolios/coreai/projects/coreai_dlalgo_nemorl/users/sna/SpecDec-RL-main-vllm020-20260606/data/math_500_data_prompts_qmath_20260617.jsonl,0,8,8,1,8,4096,32768,1,1,1,False,,,,,2121.288858095999,2121.288858095999,123.57770088666382,123.57770088666382,1.0,False,,,,,,,,/lustre/fs1/portfolios/coreai/projects/coreai_dlalgo_nemorl/users/sna/SpecDec-RL-main-vllm020-20260606/vllm-runs/qmath_osl32k_bsweep_20260617/qwen30ba3b_math500_osl32k_baseline_t00_offset0_n8_isl4096_osl32768_bs8_k0_20260617_qmath_osl32k_bsweep/breakdown.json
qwen30ba3b_math500_osl32k_baseline_t10_offset0_n8_isl4096_osl32768_bs8_k0_20260617_qmath_osl32k_bsweep,qwen30ba3b_math500_osl32k_baseline_t10_offset0_n8_isl4096_osl32768_bs8_k0_20260617_qmath_osl32k_bsweep,Qwen/Qwen3-30B-A3B,/lustre/fs1/portfolios/coreai/projects/coreai_dlalgo_nemorl/users/sna/SpecDec-RL-main-vllm020-20260606/data/math_500_data_prompts_qmath_20260617.jsonl,0,8,8,1,8,4096,32768,1,1,1,False,,,,,2005.127924334025,2005.127924334025,130.73679580172794,130.73679580172794,1.0579319316001023,False,,,,,,,,/lustre/fs1/portfolios/coreai/projects/coreai_dlalgo_nemorl/users/sna/SpecDec-RL-main-vllm020-20260606/vllm-runs/qmath_osl32k_bsweep_20260617/qwen30ba3b_math500_osl32k_baseline_t10_offset0_n8_isl4096_osl32768_bs8_k0_20260617_qmath_osl32k_bsweep/breakdown.json
qwen30ba3b_math500_osl32k_eagle3_t00_offset0_n8_isl4096_osl32768_bs8_k3_20260617_qmath_osl32k_bsweep,qwen30ba3b_math500_osl32k_eagle3_t00_offset0_n8_isl4096_osl32768_bs8_k3_20260617_qmath_osl32k_bsweep,Qwen/Qwen3-30B-A3B,/lustre/fs1/portfolios/coreai/projects/coreai_dlalgo_nemorl/users/sna/SpecDec-RL-main-vllm020-20260606/data/math_500_data_prompts_qmath_20260617.jsonl,0,8,8,1,8,4096,32768,1,1,1,True,eagle3,,3,RedHatAI/Qwen3-30B-A3B-Thinking-2507-speculator.eagle3,1887.8905325499945,1887.8905325499945,138.85550855849635,138.85550855849635,1.1236291625610044,True,9.065177342475014,1.2719553202742504,0.27195532027425046,206089,618267,56047,"14.9144,7.0659,5.2152",/lustre/fs1/portfolios/coreai/projects/coreai_dlalgo_nemorl/users/sna/SpecDec-RL-main-vllm020-20260606/vllm-runs/qmath_osl32k_bsweep_20260617/qwen30ba3b_math500_osl32k_eagle3_t00_offset0_n8_isl4096_osl32768_bs8_k3_20260617_qmath_osl32k_bsweep/breakdown.json
qwen30ba3b_math500_osl32k_eagle3_t10_offset0_n8_isl4096_osl32768_bs8_k3_20260617_qmath_osl32k_bsweep,qwen30ba3b_math500_osl32k_eagle3_t10_offset0_n8_isl4096_osl32768_bs8_k3_20260617_qmath_osl32k_bsweep,Qwen/Qwen3-30B-A3B,/lustre/fs1/portfolios/coreai/projects/coreai_dlalgo_nemorl/users/sna/SpecDec-RL-main-vllm020-20260606/data/math_500_data_prompts_qmath_20260617.jsonl,0,8,8,1,8,4096,32768,1,1,1,True,eagle3,,3,RedHatAI/Qwen3-30B-A3B-Thinking-2507-speculator.eagle3,2033.8223921280587,2033.8223921280587,128.89227742532114,128.89227742532114,1.0430059509161078,True,10.223804087926476,1.3067141226377943,0.3067141226377943,200607,601821,61529,"18.9794,6.8492,4.8428",/lustre/fs1/portfolios/coreai/projects/coreai_dlalgo_nemorl/users/sna/SpecDec-RL-main-vllm020-20260606/vllm-runs/qmath_osl32k_bsweep_20260617/qwen30ba3b_math500_osl32k_eagle3_t10_offset0_n8_isl4096_osl32768_bs8_k3_20260617_qmath_osl32k_bsweep/breakdown.json
qwen30ba3b_math500_osl32k_pard_t00_offset0_n8_isl4096_osl32768_bs8_k5_20260617_qmath_osl32k_bsweep,qwen30ba3b_math500_osl32k_pard_t00_offset0_n8_isl4096_osl32768_bs8_k5_20260617_qmath_osl32k_bsweep,Qwen/Qwen3-30B-A3B,/lustre/fs1/portfolios/coreai/projects/coreai_dlalgo_nemorl/users/sna/SpecDec-RL-main-vllm020-20260606/data/math_500_data_prompts_qmath_20260617.jsonl,0,8,8,1,8,4096,32768,1,1,1,True,draft_model,True,5,amd/PARD-Qwen3-0.6B,1397.1827150769532,1397.1827150769532,187.6232773074077,187.6232773074077,1.5182615954271692,True,44.61443659802073,3.2307218299010363,2.2307218299010363,81141,405705,181003,"82.0042,63.6435,36.7767,24.4377,16.2101",/lustre/fs1/portfolios/coreai/projects/coreai_dlalgo_nemorl/users/sna/SpecDec-RL-main-vllm020-20260606/vllm-runs/qmath_osl32k_bsweep_20260617/qwen30ba3b_math500_osl32k_pard_t00_offset0_n8_isl4096_osl32768_bs8_k5_20260617_qmath_osl32k_bsweep/breakdown.json
qwen30ba3b_math500_osl32k_pard_t10_offset0_n8_isl4096_osl32768_bs8_k5_20260617_qmath_osl32k_bsweep,qwen30ba3b_math500_osl32k_pard_t10_offset0_n8_isl4096_osl32768_bs8_k5_20260617_qmath_osl32k_bsweep,Qwen/Qwen3-30B-A3B,/lustre/fs1/portfolios/coreai/projects/coreai_dlalgo_nemorl/users/sna/SpecDec-RL-main-vllm020-20260606/data/math_500_data_prompts_qmath_20260617.jsonl,0,8,8,1,8,4096,32768,1,1,1,True,draft_model,True,5,amd/PARD-Qwen3-0.6B,2645.00569373701,2645.00569373701,99.1090494136625,99.1090494136625,0.8019978418643496,True,36.62616509520569,2.831308254760285,1.8313082547602848,92589,462945,169559,"63.4633,49.5815,30.6257,21.7261,17.7343",/lustre/fs1/portfolios/coreai/projects/coreai_dlalgo_nemorl/users/sna/SpecDec-RL-main-vllm020-20260606/vllm-runs/qmath_osl32k_bsweep_20260617/qwen30ba3b_math500_osl32k_pard_t10_offset0_n8_isl4096_osl32768_bs8_k5_20260617_qmath_osl32k_bsweep/breakdown.json
qwen30ba3b_math500_osl32k_suffix_t00_offset0_n8_isl4096_osl32768_bs8_k32_20260617_qmath_osl32k_bsweep,qwen30ba3b_math500_osl32k_suffix_t00_offset0_n8_isl4096_osl32768_bs8_k32_20260617_qmath_osl32k_bsweep,Qwen/Qwen3-30B-A3B,/lustre/fs1/portfolios/coreai/projects/coreai_dlalgo_nemorl/users/sna/SpecDec-RL-main-vllm020-20260606/data/math_500_data_prompts_qmath_20260617.jsonl,0,8,8,1,8,4096,32768,1,1,1,True,suffix,,32,,411.1438274780521,411.1438274780521,637.5968273875981,637.5968273875981,5.159481223658255,True,85.47462977353257,8.193278888575989,7.193278888575988,31959,268957,229890,"77.2834,68.9446,62.0795,59.6108,58.2841,57.5081,57.0888,56.5694,56.3785,56.1188,55.9811,53.4810,0.0000,0.0000,0.0000,0.0000,0.0000,0.0000,0.0000,0.0000,0.0000,0.0000,0.0000,0.0000,0.0000,0.0000,0.0000,0.0000,0.0000,0.0000,0.0000,0.0000",/lustre/fs1/portfolios/coreai/projects/coreai_dlalgo_nemorl/users/sna/SpecDec-RL-main-vllm020-20260606/vllm-runs/qmath_osl32k_bsweep_20260617/qwen30ba3b_math500_osl32k_suffix_t00_offset0_n8_isl4096_osl32768_bs8_k32_20260617_qmath_osl32k_bsweep/breakdown.json
qwen30ba3b_math500_osl32k_suffix_t10_offset0_n8_isl4096_osl32768_bs8_k32_20260617_qmath_osl32k_bsweep,qwen30ba3b_math500_osl32k_suffix_t10_offset0_n8_isl4096_osl32768_bs8_k32_20260617_qmath_osl32k_bsweep,Qwen/Qwen3-30B-A3B,/lustre/fs1/portfolios/coreai/projects/coreai_dlalgo_nemorl/users/sna/SpecDec-RL-main-vllm020-20260606/data/math_500_data_prompts_qmath_20260617.jsonl,0,8,8,1,8,4096,32768,1,1,1,True,suffix,,32,,394.7941092320252,394.7941092320252,664.0018021290557,664.0018021290557,5.373152254531974,True,81.9010795553745,7.21567382542925,6.21567382542925,36226,274928,225169,"71.2251,60.4455,55.6341,53.3015,51.5790,50.3202,48.1119,47.4770,47.0436,46.7013,45.1168,44.6116,0.0000,0.0000,0.0000,0.0000,0.0000,0.0000,0.0000,0.0000,0.0000,0.0000,0.0000,0.0000,0.0000,0.0000,0.0000,0.0000,0.0000,0.0000,0.0000,0.0000",/lustre/fs1/portfolios/coreai/projects/coreai_dlalgo_nemorl/users/sna/SpecDec-RL-main-vllm020-20260606/vllm-runs/qmath_osl32k_bsweep_20260617/qwen30ba3b_math500_osl32k_suffix_t10_offset0_n8_isl4096_osl32768_bs8_k32_20260617_qmath_osl32k_bsweep/breakdown.json
qwen8_math500_osl32k_baseline_t00_offset0_n8_isl4096_osl32768_bs8_k0_20260617_qmath_osl32k_bsweep,qwen8_math500_osl32k_baseline_t00_offset0_n8_isl4096_osl32768_bs8_k0_20260617_qmath_osl32k_bsweep,Qwen/Qwen3-8B,/lustre/fs1/portfolios/coreai/projects/coreai_dlalgo_nemorl/users/sna/SpecDec-RL-main-vllm020-20260606/data/math_500_data_prompts_qmath_20260617.jsonl,0,8,8,1,8,4096,32768,1,1,1,False,,,,,860.0650419120211,860.0650419120211,304.79555292379337,304.79555292379337,1.0,False,,,,,,,,/lustre/fs1/portfolios/coreai/projects/coreai_dlalgo_nemorl/users/sna/SpecDec-RL-main-vllm020-20260606/vllm-runs/qmath_osl32k_bsweep_20260617/qwen8_math500_osl32k_baseline_t00_offset0_n8_isl4096_osl32768_bs8_k0_20260617_qmath_osl32k_bsweep/breakdown.json
qwen8_math500_osl32k_baseline_t10_offset0_n8_isl4096_osl32768_bs8_k0_20260617_qmath_osl32k_bsweep,qwen8_math500_osl32k_baseline_t10_offset0_n8_isl4096_osl32768_bs8_k0_20260617_qmath_osl32k_bsweep,Qwen/Qwen3-8B,/lustre/fs1/portfolios/coreai/projects/coreai_dlalgo_nemorl/users/sna/SpecDec-RL-main-vllm020-20260606/data/math_500_data_prompts_qmath_20260617.jsonl,0,8,8,1,8,4096,32768,1,1,1,False,,,,,1199.1641393150057,1199.1641393150057,218.60560319102237,218.60560319102237,0.717220448572881,False,,,,,,,,/lustre/fs1/portfolios/coreai/projects/coreai_dlalgo_nemorl/users/sna/SpecDec-RL-main-vllm020-20260606/vllm-runs/qmath_osl32k_bsweep_20260617/qwen8_math500_osl32k_baseline_t10_offset0_n8_isl4096_osl32768_bs8_k0_20260617_qmath_osl32k_bsweep/breakdown.json
qwen8_math500_osl32k_eagle3_t00_offset0_n8_isl4096_osl32768_bs8_k3_20260617_qmath_osl32k_bsweep,qwen8_math500_osl32k_eagle3_t00_offset0_n8_isl4096_osl32768_bs8_k3_20260617_qmath_osl32k_bsweep,Qwen/Qwen3-8B,/lustre/fs1/portfolios/coreai/projects/coreai_dlalgo_nemorl/users/sna/SpecDec-RL-main-vllm020-20260606/data/math_500_data_prompts_qmath_20260617.jsonl,0,8,8,1,8,4096,32768,1,1,1,True,eagle3,,3,RedHatAI/Qwen3-8B-speculator.eagle3,652.1753396780696,652.1753396780696,401.9532540580283,401.9532540580283,1.3187635127948432,True,72.2736538477033,3.168209615431099,2.168209615431099,82742,248226,179402,"84.3381,73.0318,59.4511",/lustre/fs1/portfolios/coreai/projects/coreai_dlalgo_nemorl/users/sna/SpecDec-RL-main-vllm020-20260606/vllm-runs/qmath_osl32k_bsweep_20260617/qwen8_math500_osl32k_eagle3_t00_offset0_n8_isl4096_osl32768_bs8_k3_20260617_qmath_osl32k_bsweep/breakdown.json
qwen8_math500_osl32k_eagle3_t10_offset0_n8_isl4096_osl32768_bs8_k3_20260617_qmath_osl32k_bsweep,qwen8_math500_osl32k_eagle3_t10_offset0_n8_isl4096_osl32768_bs8_k3_20260617_qmath_osl32k_bsweep,Qwen/Qwen3-8B,/lustre/fs1/portfolios/coreai/projects/coreai_dlalgo_nemorl/users/sna/SpecDec-RL-main-vllm020-20260606/data/math_500_data_prompts_qmath_20260617.jsonl,0,8,8,1,8,4096,32768,1,1,1,True,eagle3,,3,RedHatAI/Qwen3-8B-speculator.eagle3,994.1037700280431,994.1037700280431,263.69882893875865,263.69882893875865,0.86516626115175,True,60.72420399991388,2.8217261199974164,1.8217261199974166,92902,278706,169242,"74.5226,60.8437,46.8063",/lustre/fs1/portfolios/coreai/projects/coreai_dlalgo_nemorl/users/sna/SpecDec-RL-main-vllm020-20260606/vllm-runs/qmath_osl32k_bsweep_20260617/qwen8_math500_osl32k_eagle3_t10_offset0_n8_isl4096_osl32768_bs8_k3_20260617_qmath_osl32k_bsweep/breakdown.json
qwen8_math500_osl32k_pard2_t00_offset0_n8_isl4096_osl32768_bs8_k5_20260617_qmath_osl32k_bsweep,qwen8_math500_osl32k_pard2_t00_offset0_n8_isl4096_osl32768_bs8_k5_20260617_qmath_osl32k_bsweep,Qwen/Qwen3-8B,/lustre/fs1/portfolios/coreai/projects/coreai_dlalgo_nemorl/users/sna/SpecDec-RL-main-vllm020-20260606/data/math_500_data_prompts_qmath_20260617.jsonl,0,8,8,1,8,4096,32768,1,1,1,True,pard2,True,5,amd/PARD2-Qwen3-8B,2178.9953755689785,2178.9953755689785,120.30498225887655,120.30498225887655,0.39470714419824837,True,0.15237128777570208,1.0076185643887852,0.007618564388785104,260154,1300770,1982,"0.7596,0.0019,0.0004,0.0000,0.0000",/lustre/fs1/portfolios/coreai/projects/coreai_dlalgo_nemorl/users/sna/SpecDec-RL-main-vllm020-20260606/vllm-runs/qmath_osl32k_bsweep_20260617/qwen8_math500_osl32k_pard2_t00_offset0_n8_isl4096_osl32768_bs8_k5_20260617_qmath_osl32k_bsweep/breakdown.json
qwen8_math500_osl32k_pard2_t10_offset0_n8_isl4096_osl32768_bs8_k5_20260617_qmath_osl32k_bsweep,qwen8_math500_osl32k_pard2_t10_offset0_n8_isl4096_osl32768_bs8_k5_20260617_qmath_osl32k_bsweep,Qwen/Qwen3-8B,/lustre/fs1/portfolios/coreai/projects/coreai_dlalgo_nemorl/users/sna/SpecDec-RL-main-vllm020-20260606/data/math_500_data_prompts_qmath_20260617.jsonl,0,8,8,1,8,4096,32768,1,1,1,True,pard2,True,5,amd/PARD2-Qwen3-8B,2277.8074141599936,2277.8074141599936,115.08611235979889,115.08611235979889,0.37758461780632785,True,0.31148785817229463,1.0155743929086147,0.015574392908614731,258116,1290580,4020,"1.5547,0.0023,0.0004,0.0000,0.0000",/lustre/fs1/portfolios/coreai/projects/coreai_dlalgo_nemorl/users/sna/SpecDec-RL-main-vllm020-20260606/vllm-runs/qmath_osl32k_bsweep_20260617/qwen8_math500_osl32k_pard2_t10_offset0_n8_isl4096_osl32768_bs8_k5_20260617_qmath_osl32k_bsweep/breakdown.json
qwen8_math500_osl32k_pard_t00_offset0_n8_isl4096_osl32768_bs8_k5_20260617_qmath_osl32k_bsweep,qwen8_math500_osl32k_pard_t00_offset0_n8_isl4096_osl32768_bs8_k5_20260617_qmath_osl32k_bsweep,Qwen/Qwen3-8B,/lustre/fs1/portfolios/coreai/projects/coreai_dlalgo_nemorl/users/sna/SpecDec-RL-main-vllm020-20260606/data/math_500_data_prompts_qmath_20260617.jsonl,0,8,8,1,8,4096,32768,1,1,1,True,draft_model,True,5,amd/PARD-Qwen3-0.6B,817.9289821310667,817.9289821310667,320.4972628760494,320.4972628760494,1.0515155480506038,True,51.95602646098103,3.5978013230490515,2.5978013230490515,72862,364310,189281,"84.6161,72.2379,51.3670,32.3886,19.1705",/lustre/fs1/portfolios/coreai/projects/coreai_dlalgo_nemorl/users/sna/SpecDec-RL-main-vllm020-20260606/vllm-runs/qmath_osl32k_bsweep_20260617/qwen8_math500_osl32k_pard_t00_offset0_n8_isl4096_osl32768_bs8_k5_20260617_qmath_osl32k_bsweep/breakdown.json
qwen8_math500_osl32k_pard_t10_offset0_n8_isl4096_osl32768_bs8_k5_20260617_qmath_osl32k_bsweep,qwen8_math500_osl32k_pard_t10_offset0_n8_isl4096_osl32768_bs8_k5_20260617_qmath_osl32k_bsweep,Qwen/Qwen3-8B,/lustre/fs1/portfolios/coreai/projects/coreai_dlalgo_nemorl/users/sna/SpecDec-RL-main-vllm020-20260606/data/math_500_data_prompts_qmath_20260617.jsonl,0,8,8,1,8,4096,32768,1,1,1,True,draft_model,True,5,amd/PARD-Qwen3-0.6B,1106.2905062930076,1106.2905062930076,236.9576512758843,236.9576512758843,0.7774314585722638,True,41.556633126298856,3.077831656314943,2.077831656314943,85171,425855,176971,"77.1378,58.8052,37.8885,21.1140,12.8377",/lustre/fs1/portfolios/coreai/projects/coreai_dlalgo_nemorl/users/sna/SpecDec-RL-main-vllm020-20260606/vllm-runs/qmath_osl32k_bsweep_20260617/qwen8_math500_osl32k_pard_t10_offset0_n8_isl4096_osl32768_bs8_k5_20260617_qmath_osl32k_bsweep/breakdown.json
qwen8_math500_osl32k_suffix_t00_offset0_n8_isl4096_osl32768_bs8_k32_20260617_qmath_osl32k_bsweep,qwen8_math500_osl32k_suffix_t00_offset0_n8_isl4096_osl32768_bs8_k32_20260617_qmath_osl32k_bsweep,Qwen/Qwen3-8B,/lustre/fs1/portfolios/coreai/projects/coreai_dlalgo_nemorl/users/sna/SpecDec-RL-main-vllm020-20260606/data/math_500_data_prompts_qmath_20260617.jsonl,0,8,8,1,8,4096,32768,1,1,1,True,suffix,,32,,177.5478003169992,177.5478003169992,1476.469995865678,1476.469995865678,4.844132342819427,True,87.6248662819605,8.920937042459737,7.9209370424597365,29369,265484,232630,"79.2162,72.1237,68.2454,66.0424,64.8473,64.0199,63.6385,63.1652,63.0120,62.7771,62.6170,62.3889,0.0000,0.0000,0.0000,0.0000,0.0000,0.0000,0.0000,0.0000,0.0000,0.0000,0.0000,0.0000,0.0000,0.0000,0.0000,0.0000,0.0000,0.0000,0.0000,0.0000",/lustre/fs1/portfolios/coreai/projects/coreai_dlalgo_nemorl/users/sna/SpecDec-RL-main-vllm020-20260606/vllm-runs/qmath_osl32k_bsweep_20260617/qwen8_math500_osl32k_suffix_t00_offset0_n8_isl4096_osl32768_bs8_k32_20260617_qmath_osl32k_bsweep/breakdown.json
qwen8_math500_osl32k_suffix_t10_offset0_n8_isl4096_osl32768_bs8_k32_20260617_qmath_osl32k_bsweep,qwen8_math500_osl32k_suffix_t10_offset0_n8_isl4096_osl32768_bs8_k32_20260617_qmath_osl32k_bsweep,Qwen/Qwen3-8B,/lustre/fs1/portfolios/coreai/projects/coreai_dlalgo_nemorl/users/sna/SpecDec-RL-main-vllm020-20260606/data/math_500_data_prompts_qmath_20260617.jsonl,0,8,8,1,8,4096,32768,1,1,1,True,suffix,,32,,460.04527111403877,460.04527111403877,569.8221815544283,569.8221815544283,1.8695226229133939,True,78.9735491512041,6.317769883274124,5.317769883274124,41379,278630,220044,"65.7362,53.5102,47.1326,44.3800,42.7173,41.3833,40.7936,40.1943,39.6892,39.2832,38.6670,38.2900,0.0000,0.0000,0.0000,0.0000,0.0000,0.0000,0.0000,0.0000,0.0000,0.0000,0.0000,0.0000,0.0000,0.0000,0.0000,0.0000,0.0000,0.0000,0.0000,0.0000",/lustre/fs1/portfolios/coreai/projects/coreai_dlalgo_nemorl/users/sna/SpecDec-RL-main-vllm020-20260606/vllm-runs/qmath_osl32k_bsweep_20260617/qwen8_math500_osl32k_suffix_t10_offset0_n8_isl4096_osl32768_bs8_k32_20260617_qmath_osl32k_bsweep/breakdown.json
qwen235b_math500_osl32k_baseline_t00_offset0_n16_isl4096_osl32768_bs16_k0_20260617_qmath_osl32k_bsweep,qwen235b_math500_osl32k_baseline_t00_offset0_n16_isl4096_osl32768_bs16_k0_20260617_qmath_osl32k_bsweep,Qwen/Qwen3-235B-A22B,/lustre/fs1/portfolios/coreai/projects/coreai_dlalgo_nemorl/users/sna/SpecDec-RL-main-vllm020-20260606/data/math_500_data_prompts_qmath_20260617.jsonl,0,16,16,1,16,4096,32768,4,1,4,False,,,,,5572.080508669955,5572.080508669955,94.09196424642948,23.52299106160737,1.0,False,,,,,,,,/lustre/fs1/portfolios/coreai/projects/coreai_dlalgo_nemorl/users/sna/SpecDec-RL-main-vllm020-20260606/vllm-runs/qmath_osl32k_bsweep_20260617/qwen235b_math500_osl32k_baseline_t00_offset0_n16_isl4096_osl32768_bs16_k0_20260617_qmath_osl32k_bsweep/breakdown.json
qwen235b_math500_osl32k_baseline_t10_offset0_n16_isl4096_osl32768_bs16_k0_20260617_qmath_osl32k_bsweep,qwen235b_math500_osl32k_baseline_t10_offset0_n16_isl4096_osl32768_bs16_k0_20260617_qmath_osl32k_bsweep,Qwen/Qwen3-235B-A22B,/lustre/fs1/portfolios/coreai/projects/coreai_dlalgo_nemorl/users/sna/SpecDec-RL-main-vllm020-20260606/data/math_500_data_prompts_qmath_20260617.jsonl,0,16,16,1,16,4096,32768,4,1,4,False,,,,,4414.27578215301,4414.27578215301,118.77101157107244,29.69275289276811,1.2622864505199172,False,,,,,,,,/lustre/fs1/portfolios/coreai/projects/coreai_dlalgo_nemorl/users/sna/SpecDec-RL-main-vllm020-20260606/vllm-runs/qmath_osl32k_bsweep_20260617/qwen235b_math500_osl32k_baseline_t10_offset0_n16_isl4096_osl32768_bs16_k0_20260617_qmath_osl32k_bsweep/breakdown.json
qwen235b_math500_osl32k_eagle3_t00_offset0_n16_isl4096_osl32768_bs16_k3_20260617_qmath_osl32k_bsweep,qwen235b_math500_osl32k_eagle3_t00_offset0_n16_isl4096_osl32768_bs16_k3_20260617_qmath_osl32k_bsweep,Qwen/Qwen3-235B-A22B,/lustre/fs1/portfolios/coreai/projects/coreai_dlalgo_nemorl/users/sna/SpecDec-RL-main-vllm020-20260606/data/math_500_data_prompts_qmath_20260617.jsonl,0,16,16,1,16,4096,32768,4,1,4,True,eagle3,,3,nvidia/Qwen3-235B-A22B-Eagle3,2002.9685570229922,2002.9685570229922,261.7554819628562,65.43887049071405,2.7819111234335727,True,65.32533956576229,2.9597601869728685,1.9597601869728687,177138,531414,347148,"88.4260,69.1647,38.3853",/lustre/fs1/portfolios/coreai/projects/coreai_dlalgo_nemorl/users/sna/SpecDec-RL-main-vllm020-20260606/vllm-runs/qmath_osl32k_bsweep_20260617/qwen235b_math500_osl32k_eagle3_t00_offset0_n16_isl4096_osl32768_bs16_k3_20260617_qmath_osl32k_bsweep/breakdown.json
qwen235b_math500_osl32k_eagle3_t10_offset0_n16_isl4096_osl32768_bs16_k3_20260617_qmath_osl32k_bsweep,qwen235b_math500_osl32k_eagle3_t10_offset0_n16_isl4096_osl32768_bs16_k3_20260617_qmath_osl32k_bsweep,Qwen/Qwen3-235B-A22B,/lustre/fs1/portfolios/coreai/projects/coreai_dlalgo_nemorl/users/sna/SpecDec-RL-main-vllm020-20260606/data/math_500_data_prompts_qmath_20260617.jsonl,0,16,16,1,16,4096,32768,4,1,4,True,eagle3,,3,nvidia/Qwen3-235B-A22B-Eagle3,2705.4994416689733,2705.4994416689733,193.7860314902066,48.44650787255165,2.0595385912305493,True,46.518017606384596,2.395540528191538,1.395540528191538,218860,656580,305428,"67.9028,43.5498,28.1015",/lustre/fs1/portfolios/coreai/projects/coreai_dlalgo_nemorl/users/sna/SpecDec-RL-main-vllm020-20260606/vllm-runs/qmath_osl32k_bsweep_20260617/qwen235b_math500_osl32k_eagle3_t10_offset0_n16_isl4096_osl32768_bs16_k3_20260617_qmath_osl32k_bsweep/breakdown.json
qwen235b_math500_osl32k_pard2_t00_offset0_n16_isl4096_osl32768_bs16_k1_20260617_qmath_osl32k_bsweep,qwen235b_math500_osl32k_pard2_t00_offset0_n16_isl4096_osl32768_bs16_k1_20260617_qmath_osl32k_bsweep,Qwen/Qwen3-235B-A22B,/lustre/fs1/portfolios/coreai/projects/coreai_dlalgo_nemorl/users/sna/SpecDec-RL-main-vllm020-20260606/data/math_500_data_prompts_qmath_20260617.jsonl,0,16,16,1,16,4096,32768,4,1,4,True,pard2,True,1,amd/PARD2-Qwen3-8B,5226.379675064934,5226.379675064934,100.31571232786223,25.078928081965557,1.0661453731068105,True,5.102020359968085,1.051020203599681,0.05102020359968085,498822,498822,25450,5.1020,/lustre/fs1/portfolios/coreai/projects/coreai_dlalgo_nemorl/users/sna/SpecDec-RL-main-vllm020-20260606/vllm-runs/qmath_osl32k_bsweep_20260617/qwen235b_math500_osl32k_pard2_t00_offset0_n16_isl4096_osl32768_bs16_k1_20260617_qmath_osl32k_bsweep/breakdown.json
qwen235b_math500_osl32k_pard2_t10_offset0_n16_isl4096_osl32768_bs16_k1_20260617_qmath_osl32k_bsweep,qwen235b_math500_osl32k_pard2_t10_offset0_n16_isl4096_osl32768_bs16_k1_20260617_qmath_osl32k_bsweep,Qwen/Qwen3-235B-A22B,/lustre/fs1/portfolios/coreai/projects/coreai_dlalgo_nemorl/users/sna/SpecDec-RL-main-vllm020-20260606/data/math_500_data_prompts_qmath_20260617.jsonl,0,16,16,1,16,4096,32768,4,1,4,True,pard2,True,1,amd/PARD2-Qwen3-8B,5258.278803299996,5258.278803299996,99.70715125850056,24.92678781462514,1.0596776468324622,True,2.6655700466063523,1.0266557004660635,0.026655700466063526,510660,510660,13612,2.6656,/lustre/fs1/portfolios/coreai/projects/coreai_dlalgo_nemorl/users/sna/SpecDec-RL-main-vllm020-20260606/vllm-runs/qmath_osl32k_bsweep_20260617/qwen235b_math500_osl32k_pard2_t10_offset0_n16_isl4096_osl32768_bs16_k1_20260617_qmath_osl32k_bsweep/breakdown.json
qwen235b_math500_osl32k_pard_t00_offset0_n16_isl4096_osl32768_bs16_k5_20260617_qmath_osl32k_bsweep,qwen235b_math500_osl32k_pard_t00_offset0_n16_isl4096_osl32768_bs16_k5_20260617_qmath_osl32k_bsweep,Qwen/Qwen3-235B-A22B,/lustre/fs1/portfolios/coreai/projects/coreai_dlalgo_nemorl/users/sna/SpecDec-RL-main-vllm020-20260606/data/math_500_data_prompts_qmath_20260617.jsonl,0,16,16,1,16,4096,32768,4,1,4,True,draft_model,True,5,amd/PARD-Qwen3-0.6B,2210.319808336004,2210.319808336004,237.20006400100988,59.30001600025247,2.5209385934358464,True,50.79573841770528,3.539786920885264,2.539786920885264,148114,740570,376178,"89.2900,66.6311,47.7578,30.0802,20.2196",/lustre/fs1/portfolios/coreai/projects/coreai_dlalgo_nemorl/users/sna/SpecDec-RL-main-vllm020-20260606/vllm-runs/qmath_osl32k_bsweep_20260617/qwen235b_math500_osl32k_pard_t00_offset0_n16_isl4096_osl32768_bs16_k5_20260617_qmath_osl32k_bsweep/breakdown.json
qwen235b_math500_osl32k_pard_t10_offset0_n16_isl4096_osl32768_bs16_k5_20260617_qmath_osl32k_bsweep,qwen235b_math500_osl32k_pard_t10_offset0_n16_isl4096_osl32768_bs16_k5_20260617_qmath_osl32k_bsweep,Qwen/Qwen3-235B-A22B,/lustre/fs1/portfolios/coreai/projects/coreai_dlalgo_nemorl/users/sna/SpecDec-RL-main-vllm020-20260606/data/math_500_data_prompts_qmath_20260617.jsonl,0,16,16,1,16,4096,32768,4,1,4,True,draft_model,True,5,amd/PARD-Qwen3-0.6B,3649.569079620007,3649.569079620007,143.65750820493824,35.91437705123456,1.5267776515823945,True,29.817988321986306,2.4908994160993156,1.4908994160993154,210481,1052405,313806,"63.0442,35.5861,23.8672,15.7995,10.7929",/lustre/fs1/portfolios/coreai/projects/coreai_dlalgo_nemorl/users/sna/SpecDec-RL-main-vllm020-20260606/vllm-runs/qmath_osl32k_bsweep_20260617/qwen235b_math500_osl32k_pard_t10_offset0_n16_isl4096_osl32768_bs16_k5_20260617_qmath_osl32k_bsweep/breakdown.json
qwen235b_math500_osl32k_suffix_t00_offset0_n16_isl4096_osl32768_bs16_k32_20260617_qmath_osl32k_bsweep,qwen235b_math500_osl32k_suffix_t00_offset0_n16_isl4096_osl32768_bs16_k32_20260617_qmath_osl32k_bsweep,Qwen/Qwen3-235B-A22B,/lustre/fs1/portfolios/coreai/projects/coreai_dlalgo_nemorl/users/sna/SpecDec-RL-main-vllm020-20260606/data/math_500_data_prompts_qmath_20260617.jsonl,0,16,16,1,16,4096,32768,4,1,4,True,suffix,,32,,1079.1815168689936,1079.1815168689936,485.82003287186166,121.45500821796541,5.163246795438189,True,80.44482479055941,6.783046237533998,5.783046237533998,77210,555050,446509,"66.7919,55.9966,50.4132,47.9562,46.5030,45.6495,45.1807,44.9074,44.7364,44.5435,43.4723,42.1539,0.0000,0.0000,0.0000,0.0000,0.0000,0.0000,0.0000,0.0000,0.0000,0.0000,0.0000,0.0000,0.0000,0.0000,0.0000,0.0000,0.0000,0.0000,0.0000,0.0000",/lustre/fs1/portfolios/coreai/projects/coreai_dlalgo_nemorl/users/sna/SpecDec-RL-main-vllm020-20260606/vllm-runs/qmath_osl32k_bsweep_20260617/qwen235b_math500_osl32k_suffix_t00_offset0_n16_isl4096_osl32768_bs16_k32_20260617_qmath_osl32k_bsweep/breakdown.json
qwen235b_math500_osl32k_suffix_t10_offset0_n16_isl4096_osl32768_bs16_k32_20260617_qmath_osl32k_bsweep,qwen235b_math500_osl32k_suffix_t10_offset0_n16_isl4096_osl32768_bs16_k32_20260617_qmath_osl32k_bsweep,Qwen/Qwen3-235B-A22B,/lustre/fs1/portfolios/coreai/projects/coreai_dlalgo_nemorl/users/sna/SpecDec-RL-main-vllm020-20260606/data/math_500_data_prompts_qmath_20260617.jsonl,0,16,16,1,16,4096,32768,4,1,4,True,suffix,,32,,1718.9822462539887,1718.9822462539887,304.99907788025735,76.24976947006434,3.2414997425439673,True,63.22502420272011,4.453426884572602,3.453426884572602,116870,638358,403602,"54.3074,40.0667,33.5373,30.0676,28.0217,26.4302,25.3547,24.0310,23.1847,21.5907,20.1942,18.5565,0.0000,0.0000,0.0000,0.0000,0.0000,0.0000,0.0000,0.0000,0.0000,0.0000,0.0000,0.0000,0.0000,0.0000,0.0000,0.0000,0.0000,0.0000,0.0000,0.0000",/lustre/fs1/portfolios/coreai/projects/coreai_dlalgo_nemorl/users/sna/SpecDec-RL-main-vllm020-20260606/vllm-runs/qmath_osl32k_bsweep_20260617/qwen235b_math500_osl32k_suffix_t10_offset0_n16_isl4096_osl32768_bs16_k32_20260617_qmath_osl32k_bsweep/breakdown.json
qwen30ba3b_math500_osl32k_baseline_t00_offset0_n16_isl4096_osl32768_bs16_k0_20260617_qmath_osl32k_bsweep,qwen30ba3b_math500_osl32k_baseline_t00_offset0_n16_isl4096_osl32768_bs16_k0_20260617_qmath_osl32k_bsweep,Qwen/Qwen3-30B-A3B,/lustre/fs1/portfolios/coreai/projects/coreai_dlalgo_nemorl/users/sna/SpecDec-RL-main-vllm020-20260606/data/math_500_data_prompts_qmath_20260617.jsonl,0,16,16,1,16,4096,32768,1,1,1,False,,,,,1894.220728365,1894.220728365,276.78294939393896,276.78294939393896,1.0,False,,,,,,,,/lustre/fs1/portfolios/coreai/projects/coreai_dlalgo_nemorl/users/sna/SpecDec-RL-main-vllm020-20260606/vllm-runs/qmath_osl32k_bsweep_20260617/qwen30ba3b_math500_osl32k_baseline_t00_offset0_n16_isl4096_osl32768_bs16_k0_20260617_qmath_osl32k_bsweep/breakdown.json
qwen30ba3b_math500_osl32k_baseline_t10_offset0_n16_isl4096_osl32768_bs16_k0_20260617_qmath_osl32k_bsweep,qwen30ba3b_math500_osl32k_baseline_t10_offset0_n16_isl4096_osl32768_bs16_k0_20260617_qmath_osl32k_bsweep,Qwen/Qwen3-30B-A3B,/lustre/fs1/portfolios/coreai/projects/coreai_dlalgo_nemorl/users/sna/SpecDec-RL-main-vllm020-20260606/data/math_500_data_prompts_qmath_20260617.jsonl,0,16,16,1,16,4096,32768,1,1,1,False,,,,,2112.8918711650185,2112.8918711650185,248.13763882337958,248.13763882337958,0.8965062312064997,False,,,,,,,,/lustre/fs1/portfolios/coreai/projects/coreai_dlalgo_nemorl/users/sna/SpecDec-RL-main-vllm020-20260606/vllm-runs/qmath_osl32k_bsweep_20260617/qwen30ba3b_math500_osl32k_baseline_t10_offset0_n16_isl4096_osl32768_bs16_k0_20260617_qmath_osl32k_bsweep/breakdown.json
qwen30ba3b_math500_osl32k_eagle3_t00_offset0_n16_isl4096_osl32768_bs16_k3_20260617_qmath_osl32k_bsweep,qwen30ba3b_math500_osl32k_eagle3_t00_offset0_n16_isl4096_osl32768_bs16_k3_20260617_qmath_osl32k_bsweep,Qwen/Qwen3-30B-A3B,/lustre/fs1/portfolios/coreai/projects/coreai_dlalgo_nemorl/users/sna/SpecDec-RL-main-vllm020-20260606/data/math_500_data_prompts_qmath_20260617.jsonl,0,16,16,1,16,4096,32768,1,1,1,True,eagle3,,3,RedHatAI/Qwen3-30B-A3B-Thinking-2507-speculator.eagle3,2066.284030215,2066.284030215,253.7347200740099,253.7347200740099,0.9167281461145028,True,9.525187572245358,1.2857556271673607,0.2857556271673607,407754,1223262,116518,"15.6987,7.5121,5.3648",/lustre/fs1/portfolios/coreai/projects/coreai_dlalgo_nemorl/users/sna/SpecDec-RL-main-vllm020-20260606/vllm-runs/qmath_osl32k_bsweep_20260617/qwen30ba3b_math500_osl32k_eagle3_t00_offset0_n16_isl4096_osl32768_bs16_k3_20260617_qmath_osl32k_bsweep/breakdown.json
qwen30ba3b_math500_osl32k_eagle3_t10_offset0_n16_isl4096_osl32768_bs16_k3_20260617_qmath_osl32k_bsweep,qwen30ba3b_math500_osl32k_eagle3_t10_offset0_n16_isl4096_osl32768_bs16_k3_20260617_qmath_osl32k_bsweep,Qwen/Qwen3-30B-A3B,/lustre/fs1/portfolios/coreai/projects/coreai_dlalgo_nemorl/users/sna/SpecDec-RL-main-vllm020-20260606/data/math_500_data_prompts_qmath_20260617.jsonl,0,16,16,1,16,4096,32768,1,1,1,True,eagle3,,3,RedHatAI/Qwen3-30B-A3B-Thinking-2507-speculator.eagle3,2174.0815600930946,2174.0815600930946,241.15378632692597,241.15378632692597,0.8712739959414811,True,9.933927866990839,1.2980178360097252,0.29801783600972515,403902,1211706,120370,"18.0011,6.9878,4.8128",/lustre/fs1/portfolios/coreai/projects/coreai_dlalgo_nemorl/users/sna/SpecDec-RL-main-vllm020-20260606/vllm-runs/qmath_osl32k_bsweep_20260617/qwen30ba3b_math500_osl32k_eagle3_t10_offset0_n16_isl4096_osl32768_bs16_k3_20260617_qmath_osl32k_bsweep/breakdown.json
qwen30ba3b_math500_osl32k_pard_t00_offset0_n16_isl4096_osl32768_bs16_k5_20260617_qmath_osl32k_bsweep,qwen30ba3b_math500_osl32k_pard_t00_offset0_n16_isl4096_osl32768_bs16_k5_20260617_qmath_osl32k_bsweep,Qwen/Qwen3-30B-A3B,/lustre/fs1/portfolios/coreai/projects/coreai_dlalgo_nemorl/users/sna/SpecDec-RL-main-vllm020-20260606/data/math_500_data_prompts_qmath_20260617.jsonl,0,16,16,1,16,4096,32768,1,1,1,True,draft_model,True,5,amd/PARD-Qwen3-0.6B,1422.3447666659486,1422.3447666659486,368.60823921682424,368.60823921682424,1.3317591998493823,True,46.97354470319227,3.348677235159613,2.348677235159613,156566,782830,367723,"84.5081,66.7584,40.4890,24.8362,18.2760",/lustre/fs1/portfolios/coreai/projects/coreai_dlalgo_nemorl/users/sna/SpecDec-RL-main-vllm020-20260606/vllm-runs/qmath_osl32k_bsweep_20260617/qwen30ba3b_math500_osl32k_pard_t00_offset0_n16_isl4096_osl32768_bs16_k5_20260617_qmath_osl32k_bsweep/breakdown.json
qwen30ba3b_math500_osl32k_pard_t10_offset0_n16_isl4096_osl32768_bs16_k5_20260617_qmath_osl32k_bsweep,qwen30ba3b_math500_osl32k_pard_t10_offset0_n16_isl4096_osl32768_bs16_k5_20260617_qmath_osl32k_bsweep,Qwen/Qwen3-30B-A3B,/lustre/fs1/portfolios/coreai/projects/coreai_dlalgo_nemorl/users/sna/SpecDec-RL-main-vllm020-20260606/data/math_500_data_prompts_qmath_20260617.jsonl,0,16,16,1,16,4096,32768,1,1,1,True,draft_model,True,5,amd/PARD-Qwen3-0.6B,2706.153358028969,2706.153358028969,193.73920492882414,193.73920492882414,0.699967990633265,True,41.961697324958195,3.0980848662479095,2.0980848662479095,169231,846155,355061,"69.2019,54.9876,37.5475,27.2580,20.8136",/lustre/fs1/portfolios/coreai/projects/coreai_dlalgo_nemorl/users/sna/SpecDec-RL-main-vllm020-20260606/vllm-runs/qmath_osl32k_bsweep_20260617/qwen30ba3b_math500_osl32k_pard_t10_offset0_n16_isl4096_osl32768_bs16_k5_20260617_qmath_osl32k_bsweep/breakdown.json
qwen30ba3b_math500_osl32k_suffix_t00_offset0_n16_isl4096_osl32768_bs16_k32_20260617_qmath_osl32k_bsweep,qwen30ba3b_math500_osl32k_suffix_t00_offset0_n16_isl4096_osl32768_bs16_k32_20260617_qmath_osl32k_bsweep,Qwen/Qwen3-30B-A3B,/lustre/fs1/portfolios/coreai/projects/coreai_dlalgo_nemorl/users/sna/SpecDec-RL-main-vllm020-20260606/data/math_500_data_prompts_qmath_20260617.jsonl,0,16,16,1,16,4096,32768,1,1,1,True,suffix,,32,,459.9335641390644,459.9335641390644,1139.9211557464798,1139.9211557464798,4.11846596129755,True,84.58274346723293,8.04872653537743,7.048726535377431,65098,542496,458858,"75.7811,67.0973,62.2692,59.1662,57.5717,56.5409,55.5946,55.0877,54.7820,54.3611,53.4348,53.1860,0.0000,0.0000,0.0000,0.0000,0.0000,0.0000,0.0000,0.0000,0.0000,0.0000,0.0000,0.0000,0.0000,0.0000,0.0000,0.0000,0.0000,0.0000,0.0000,0.0000",/lustre/fs1/portfolios/coreai/projects/coreai_dlalgo_nemorl/users/sna/SpecDec-RL-main-vllm020-20260606/vllm-runs/qmath_osl32k_bsweep_20260617/qwen30ba3b_math500_osl32k_suffix_t00_offset0_n16_isl4096_osl32768_bs16_k32_20260617_qmath_osl32k_bsweep/breakdown.json
qwen30ba3b_math500_osl32k_suffix_t10_offset0_n16_isl4096_osl32768_bs16_k32_20260617_qmath_osl32k_bsweep,qwen30ba3b_math500_osl32k_suffix_t10_offset0_n16_isl4096_osl32768_bs16_k32_20260617_qmath_osl32k_bsweep,Qwen/Qwen3-30B-A3B,/lustre/fs1/portfolios/coreai/projects/coreai_dlalgo_nemorl/users/sna/SpecDec-RL-main-vllm020-20260606/data/math_500_data_prompts_qmath_20260617.jsonl,0,16,16,1,16,4096,32768,1,1,1,True,suffix,,32,,718.0655723419914,718.0655723419914,730.1394471399315,730.1394471399315,2.63794951509365,True,77.92203448312284,6.479284007773913,5.479284007773913,80783,568046,442633,"66.4360,54.6922,48.5733,45.4861,43.7245,42.6154,42.0472,41.4518,41.1894,40.7586,40.6236,40.3303,0.0000,0.0000,0.0000,0.0000,0.0000,0.0000,0.0000,0.0000,0.0000,0.0000,0.0000,0.0000,0.0000,0.0000,0.0000,0.0000,0.0000,0.0000,0.0000,0.0000",/lustre/fs1/portfolios/coreai/projects/coreai_dlalgo_nemorl/users/sna/SpecDec-RL-main-vllm020-20260606/vllm-runs/qmath_osl32k_bsweep_20260617/qwen30ba3b_math500_osl32k_suffix_t10_offset0_n16_isl4096_osl32768_bs16_k32_20260617_qmath_osl32k_bsweep/breakdown.json
qwen8_math500_osl32k_baseline_t00_offset0_n16_isl4096_osl32768_bs16_k0_20260617_qmath_osl32k_bsweep,qwen8_math500_osl32k_baseline_t00_offset0_n16_isl4096_osl32768_bs16_k0_20260617_qmath_osl32k_bsweep,Qwen/Qwen3-8B,/lustre/fs1/portfolios/coreai/projects/coreai_dlalgo_nemorl/users/sna/SpecDec-RL-main-vllm020-20260606/data/math_500_data_prompts_qmath_20260617.jsonl,0,16,16,1,16,4096,32768,1,1,1,False,,,,,957.4865461310255,957.4865461310255,547.5669628137571,547.5669628137571,1.0,False,,,,,,,,/lustre/fs1/portfolios/coreai/projects/coreai_dlalgo_nemorl/users/sna/SpecDec-RL-main-vllm020-20260606/vllm-runs/qmath_osl32k_bsweep_20260617/qwen8_math500_osl32k_baseline_t00_offset0_n16_isl4096_osl32768_bs16_k0_20260617_qmath_osl32k_bsweep/breakdown.json
qwen8_math500_osl32k_baseline_t10_offset0_n16_isl4096_osl32768_bs16_k0_20260617_qmath_osl32k_bsweep,qwen8_math500_osl32k_baseline_t10_offset0_n16_isl4096_osl32768_bs16_k0_20260617_qmath_osl32k_bsweep,Qwen/Qwen3-8B,/lustre/fs1/portfolios/coreai/projects/coreai_dlalgo_nemorl/users/sna/SpecDec-RL-main-vllm020-20260606/data/math_500_data_prompts_qmath_20260617.jsonl,0,16,16,1,16,4096,32768,1,1,1,False,,,,,963.3172163569834,963.3172163569834,544.2527041951162,544.2527041951162,0.9939472998852779,False,,,,,,,,/lustre/fs1/portfolios/coreai/projects/coreai_dlalgo_nemorl/users/sna/SpecDec-RL-main-vllm020-20260606/vllm-runs/qmath_osl32k_bsweep_20260617/qwen8_math500_osl32k_baseline_t10_offset0_n16_isl4096_osl32768_bs16_k0_20260617_qmath_osl32k_bsweep/breakdown.json
qwen8_math500_osl32k_eagle3_t00_offset0_n16_isl4096_osl32768_bs16_k3_20260617_qmath_osl32k_bsweep,qwen8_math500_osl32k_eagle3_t00_offset0_n16_isl4096_osl32768_bs16_k3_20260617_qmath_osl32k_bsweep,Qwen/Qwen3-8B,/lustre/fs1/portfolios/coreai/projects/coreai_dlalgo_nemorl/users/sna/SpecDec-RL-main-vllm020-20260606/data/math_500_data_prompts_qmath_20260617.jsonl,0,16,16,1,16,4096,32768,1,1,1,True,eagle3,,3,RedHatAI/Qwen3-8B-speculator.eagle3,627.2283792509697,627.2283792509697,835.8805458166606,835.8805458166606,1.526535752853605,True,71.14682162478852,3.1344046487436557,2.1344046487436557,167271,501813,357024,"89.6168,70.9770,52.8466",/lustre/fs1/portfolios/coreai/projects/coreai_dlalgo_nemorl/users/sna/SpecDec-RL-main-vllm020-20260606/vllm-runs/qmath_osl32k_bsweep_20260617/qwen8_math500_osl32k_eagle3_t00_offset0_n16_isl4096_osl32768_bs16_k3_20260617_qmath_osl32k_bsweep/breakdown.json
qwen8_math500_osl32k_eagle3_t10_offset0_n16_isl4096_osl32768_bs16_k3_20260617_qmath_osl32k_bsweep,qwen8_math500_osl32k_eagle3_t10_offset0_n16_isl4096_osl32768_bs16_k3_20260617_qmath_osl32k_bsweep,Qwen/Qwen3-8B,/lustre/fs1/portfolios/coreai/projects/coreai_dlalgo_nemorl/users/sna/SpecDec-RL-main-vllm020-20260606/data/math_500_data_prompts_qmath_20260617.jsonl,0,16,16,1,16,4096,32768,1,1,1,True,eagle3,,3,RedHatAI/Qwen3-8B-speculator.eagle3,828.1335596339777,828.1335596339777,633.0959467839067,633.0959467839067,1.1561982182610977,True,55.20345715038402,2.6561037145115205,1.6561037145115205,197388,592164,326895,"81.7385,51.7007,32.1712",/lustre/fs1/portfolios/coreai/projects/coreai_dlalgo_nemorl/users/sna/SpecDec-RL-main-vllm020-20260606/vllm-runs/qmath_osl32k_bsweep_20260617/qwen8_math500_osl32k_eagle3_t10_offset0_n16_isl4096_osl32768_bs16_k3_20260617_qmath_osl32k_bsweep/breakdown.json
qwen8_math500_osl32k_pard2_t00_offset0_n16_isl4096_osl32768_bs16_k5_20260617_qmath_osl32k_bsweep,qwen8_math500_osl32k_pard2_t00_offset0_n16_isl4096_osl32768_bs16_k5_20260617_qmath_osl32k_bsweep,Qwen/Qwen3-8B,/lustre/fs1/portfolios/coreai/projects/coreai_dlalgo_nemorl/users/sna/SpecDec-RL-main-vllm020-20260606/data/math_500_data_prompts_qmath_20260617.jsonl,0,16,16,1,16,4096,32768,1,1,1,True,pard2,True,5,amd/PARD2-Qwen3-8B,2274.374478896032,2274.374478896032,230.51964611143822,230.51964611143822,0.4209889598285433,True,0.12375059495478344,1.0061875297477392,0.006187529747739172,521048,2605240,3224,"0.5976,0.0154,0.0042,0.0012,0.0004",/lustre/fs1/portfolios/coreai/projects/coreai_dlalgo_nemorl/users/sna/SpecDec-RL-main-vllm020-20260606/vllm-runs/qmath_osl32k_bsweep_20260617/qwen8_math500_osl32k_pard2_t00_offset0_n16_isl4096_osl32768_bs16_k5_20260617_qmath_osl32k_bsweep/breakdown.json
qwen8_math500_osl32k_pard2_t10_offset0_n16_isl4096_osl32768_bs16_k5_20260617_qmath_osl32k_bsweep,qwen8_math500_osl32k_pard2_t10_offset0_n16_isl4096_osl32768_bs16_k5_20260617_qmath_osl32k_bsweep,Qwen/Qwen3-8B,/lustre/fs1/portfolios/coreai/projects/coreai_dlalgo_nemorl/users/sna/SpecDec-RL-main-vllm020-20260606/data/math_500_data_prompts_qmath_20260617.jsonl,0,16,16,1,16,4096,32768,1,1,1,True,pard2,True,5,amd/PARD2-Qwen3-8B,2319.7652954340447,2319.7652954340447,226.0090712762827,226.0090712762827,0.4127514744770216,True,0.14544071225602176,1.007272035612801,0.007272035612801088,520487,2602435,3785,"0.7130,0.0119,0.0023,0.0000,0.0000",/lustre/fs1/portfolios/coreai/projects/coreai_dlalgo_nemorl/users/sna/SpecDec-RL-main-vllm020-20260606/vllm-runs/qmath_osl32k_bsweep_20260617/qwen8_math500_osl32k_pard2_t10_offset0_n16_isl4096_osl32768_bs16_k5_20260617_qmath_osl32k_bsweep/breakdown.json
qwen8_math500_osl32k_pard_t00_offset0_n16_isl4096_osl32768_bs16_k5_20260617_qmath_osl32k_bsweep,qwen8_math500_osl32k_pard_t00_offset0_n16_isl4096_osl32768_bs16_k5_20260617_qmath_osl32k_bsweep,Qwen/Qwen3-8B,/lustre/fs1/portfolios/coreai/projects/coreai_dlalgo_nemorl/users/sna/SpecDec-RL-main-vllm020-20260606/data/math_500_data_prompts_qmath_20260617.jsonl,0,16,16,1,16,4096,32768,1,1,1,True,draft_model,True,5,amd/PARD-Qwen3-0.6B,976.7046664849622,976.7046664849622,536.7927665246516,536.7927665246516,0.9803235092311987,True,48.95823331733077,3.4479116658665387,2.4479116658665387,152059,760295,372227,"83.2782,70.7679,46.8910,26.6633,17.1907",/lustre/fs1/portfolios/coreai/projects/coreai_dlalgo_nemorl/users/sna/SpecDec-RL-main-vllm020-20260606/vllm-runs/qmath_osl32k_bsweep_20260617/qwen8_math500_osl32k_pard_t00_offset0_n16_isl4096_osl32768_bs16_k5_20260617_qmath_osl32k_bsweep/breakdown.json
qwen8_math500_osl32k_pard_t10_offset0_n16_isl4096_osl32768_bs16_k5_20260617_qmath_osl32k_bsweep,qwen8_math500_osl32k_pard_t10_offset0_n16_isl4096_osl32768_bs16_k5_20260617_qmath_osl32k_bsweep,Qwen/Qwen3-8B,/lustre/fs1/portfolios/coreai/projects/coreai_dlalgo_nemorl/users/sna/SpecDec-RL-main-vllm020-20260606/data/math_500_data_prompts_qmath_20260617.jsonl,0,16,16,1,16,4096,32768,1,1,1,True,draft_model,True,5,amd/PARD-Qwen3-0.6B,2623.821131908917,2623.821131908917,199.8184989151921,199.8184989151921,0.36492066264990497,True,31.54166789551813,2.5770833947759066,1.5770833947759066,203442,1017210,320845,"67.7191,37.9007,26.3402,15.3798,10.3686",/lustre/fs1/portfolios/coreai/projects/coreai_dlalgo_nemorl/users/sna/SpecDec-RL-main-vllm020-20260606/vllm-runs/qmath_osl32k_bsweep_20260617/qwen8_math500_osl32k_pard_t10_offset0_n16_isl4096_osl32768_bs16_k5_20260617_qmath_osl32k_bsweep/breakdown.json
qwen8_math500_osl32k_suffix_t00_offset0_n16_isl4096_osl32768_bs16_k32_20260617_qmath_osl32k_bsweep,qwen8_math500_osl32k_suffix_t00_offset0_n16_isl4096_osl32768_bs16_k32_20260617_qmath_osl32k_bsweep,Qwen/Qwen3-8B,/lustre/fs1/portfolios/coreai/projects/coreai_dlalgo_nemorl/users/sna/SpecDec-RL-main-vllm020-20260606/data/math_500_data_prompts_qmath_20260617.jsonl,0,16,16,1,16,4096,32768,1,1,1,True,suffix,,32,,324.08166605099996,324.08166605099996,1617.765072577398,1617.765072577398,2.95446070059498,True,83.65840503496707,8.07479775021188,7.07479775021188,64895,548802,459119,"77.2078,68.2811,62.0464,58.9645,57.3018,56.2786,55.6422,55.1414,54.8748,54.6036,54.3108,52.8269,0.0000,0.0000,0.0000,0.0000,0.0000,0.0000,0.0000,0.0000,0.0000,0.0000,0.0000,0.0000,0.0000,0.0000,0.0000,0.0000,0.0000,0.0000,0.0000,0.0000",/lustre/fs1/portfolios/coreai/projects/coreai_dlalgo_nemorl/users/sna/SpecDec-RL-main-vllm020-20260606/vllm-runs/qmath_osl32k_bsweep_20260617/qwen8_math500_osl32k_suffix_t00_offset0_n16_isl4096_osl32768_bs16_k32_20260617_qmath_osl32k_bsweep/breakdown.json
qwen8_math500_osl32k_suffix_t10_offset0_n16_isl4096_osl32768_bs16_k32_20260617_qmath_osl32k_bsweep,qwen8_math500_osl32k_suffix_t10_offset0_n16_isl4096_osl32768_bs16_k32_20260617_qmath_osl32k_bsweep,Qwen/Qwen3-8B,/lustre/fs1/portfolios/coreai/projects/coreai_dlalgo_nemorl/users/sna/SpecDec-RL-main-vllm020-20260606/data/math_500_data_prompts_qmath_20260617.jsonl,0,16,16,1,16,4096,32768,1,1,1,True,suffix,,32,,501.2300962379959,501.2300962379959,1046.0026321944076,1046.0026321944076,1.9102734518886277,True,73.414679113225,5.861102711420219,4.861102711420219,89289,591221,434043,"63.5106,50.4340,43.3234,40.1740,38.3799,37.1927,36.5207,35.8745,35.5811,35.2697,35.0648,34.7848,0.0000,0.0000,0.0000,0.0000,0.0000,0.0000,0.0000,0.0000,0.0000,0.0000,0.0000,0.0000,0.0000,0.0000,0.0000,0.0000,0.0000,0.0000,0.0000,0.0000",/lustre/fs1/portfolios/coreai/projects/coreai_dlalgo_nemorl/users/sna/SpecDec-RL-main-vllm020-20260606/vllm-runs/qmath_osl32k_bsweep_20260617/qwen8_math500_osl32k_suffix_t10_offset0_n16_isl4096_osl32768_bs16_k32_20260617_qmath_osl32k_bsweep/breakdown.json
qwen235b_math500_osl32k_baseline_t00_offset0_n32_isl4096_osl32768_bs32_k0_20260617_qmath_osl32k_bsweep,qwen235b_math500_osl32k_baseline_t00_offset0_n32_isl4096_osl32768_bs32_k0_20260617_qmath_osl32k_bsweep,Qwen/Qwen3-235B-A22B,/lustre/fs1/portfolios/coreai/projects/coreai_dlalgo_nemorl/users/sna/SpecDec-RL-main-vllm020-20260606/data/math_500_data_prompts_qmath_20260617.jsonl,0,32,32,1,32,4096,32768,4,1,4,False,,,,,4308.567550515989,4308.567550515989,243.36998032546194,60.842495081365485,1.0,False,,,,,,,,/lustre/fs1/portfolios/coreai/projects/coreai_dlalgo_nemorl/users/sna/SpecDec-RL-main-vllm020-20260606/vllm-runs/qmath_osl32k_bsweep_20260617/qwen235b_math500_osl32k_baseline_t00_offset0_n32_isl4096_osl32768_bs32_k0_20260617_qmath_osl32k_bsweep/breakdown.json
qwen235b_math500_osl32k_baseline_t10_offset0_n32_isl4096_osl32768_bs32_k0_20260617_qmath_osl32k_bsweep,qwen235b_math500_osl32k_baseline_t10_offset0_n32_isl4096_osl32768_bs32_k0_20260617_qmath_osl32k_bsweep,Qwen/Qwen3-235B-A22B,/lustre/fs1/portfolios/coreai/projects/coreai_dlalgo_nemorl/users/sna/SpecDec-RL-main-vllm020-20260606/data/math_500_data_prompts_qmath_20260617.jsonl,0,32,32,1,32,4096,32768,4,1,4,False,,,,,4381.500372773968,4381.500372773968,239.3189343348468,59.8297335837117,0.9833543726913335,False,,,,,,,,/lustre/fs1/portfolios/coreai/projects/coreai_dlalgo_nemorl/users/sna/SpecDec-RL-main-vllm020-20260606/vllm-runs/qmath_osl32k_bsweep_20260617/qwen235b_math500_osl32k_baseline_t10_offset0_n32_isl4096_osl32768_bs32_k0_20260617_qmath_osl32k_bsweep/breakdown.json
qwen235b_math500_osl32k_eagle3_t00_offset0_n32_isl4096_osl32768_bs32_k3_20260617_qmath_osl32k_bsweep,qwen235b_math500_osl32k_eagle3_t00_offset0_n32_isl4096_osl32768_bs32_k3_20260617_qmath_osl32k_bsweep,Qwen/Qwen3-235B-A22B,/lustre/fs1/portfolios/coreai/projects/coreai_dlalgo_nemorl/users/sna/SpecDec-RL-main-vllm020-20260606/data/math_500_data_prompts_qmath_20260617.jsonl,0,32,32,1,32,4096,32768,4,1,4,True,eagle3,,3,nvidia/Qwen3-235B-A22B-Eagle3,2392.657868759008,2392.657868759008,438.24736235434335,109.56184058858584,1.8007453580275976,True,59.11474588883364,2.773442376665009,1.7734423766650091,378076,1134228,670496,"86.0639,58.3311,32.9492",/lustre/fs1/portfolios/coreai/projects/coreai_dlalgo_nemorl/users/sna/SpecDec-RL-main-vllm020-20260606/vllm-runs/qmath_osl32k_bsweep_20260617/qwen235b_math500_osl32k_eagle3_t00_offset0_n32_isl4096_osl32768_bs32_k3_20260617_qmath_osl32k_bsweep/breakdown.json
qwen235b_math500_osl32k_eagle3_t10_offset0_n32_isl4096_osl32768_bs32_k3_20260617_qmath_osl32k_bsweep,qwen235b_math500_osl32k_eagle3_t10_offset0_n32_isl4096_osl32768_bs32_k3_20260617_qmath_osl32k_bsweep,Qwen/Qwen3-235B-A22B,/lustre/fs1/portfolios/coreai/projects/coreai_dlalgo_nemorl/users/sna/SpecDec-RL-main-vllm020-20260606/data/math_500_data_prompts_qmath_20260617.jsonl,0,32,32,1,32,4096,32768,4,1,4,True,eagle3,,3,nvidia/Qwen3-235B-A22B-Eagle3,3100.1532657149946,3100.1532657149946,338.233600124336,84.558400031084,1.3897917880915784,True,46.52391592755232,2.3957174778265697,1.3957174778265697,437686,1313058,610886,"69.4272,43.7060,26.4386",/lustre/fs1/portfolios/coreai/projects/coreai_dlalgo_nemorl/users/sna/SpecDec-RL-main-vllm020-20260606/vllm-runs/qmath_osl32k_bsweep_20260617/qwen235b_math500_osl32k_eagle3_t10_offset0_n32_isl4096_osl32768_bs32_k3_20260617_qmath_osl32k_bsweep/breakdown.json
qwen235b_math500_osl32k_pard2_t00_offset0_n32_isl4096_osl32768_bs32_k1_20260617_qmath_osl32k_bsweep,qwen235b_math500_osl32k_pard2_t00_offset0_n32_isl4096_osl32768_bs32_k1_20260617_qmath_osl32k_bsweep,Qwen/Qwen3-235B-A22B,/lustre/fs1/portfolios/coreai/projects/coreai_dlalgo_nemorl/users/sna/SpecDec-RL-main-vllm020-20260606/data/math_500_data_prompts_qmath_20260617.jsonl,0,32,32,1,32,4096,32768,4,1,4,True,pard2,True,1,amd/PARD2-Qwen3-8B,5348.309779055999,5348.309779055999,196.057454283263,49.01436357081575,0.805594239770545,True,5.565064010921524,1.0556506401092152,0.055650640109215235,993268,993268,55276,5.5651,/lustre/fs1/portfolios/coreai/projects/coreai_dlalgo_nemorl/users/sna/SpecDec-RL-main-vllm020-20260606/vllm-runs/qmath_osl32k_bsweep_20260617/qwen235b_math500_osl32k_pard2_t00_offset0_n32_isl4096_osl32768_bs32_k1_20260617_qmath_osl32k_bsweep/breakdown.json
qwen235b_math500_osl32k_pard2_t10_offset0_n32_isl4096_osl32768_bs32_k1_20260617_qmath_osl32k_bsweep,qwen235b_math500_osl32k_pard2_t10_offset0_n32_isl4096_osl32768_bs32_k1_20260617_qmath_osl32k_bsweep,Qwen/Qwen3-235B-A22B,/lustre/fs1/portfolios/coreai/projects/coreai_dlalgo_nemorl/users/sna/SpecDec-RL-main-vllm020-20260606/data/math_500_data_prompts_qmath_20260617.jsonl,0,32,32,1,32,4096,32768,4,1,4,True,pard2,True,1,amd/PARD2-Qwen3-8B,5216.409407073981,5216.409407073981,201.01489706272372,50.25372426568093,0.8259642244861252,True,2.315741814108344,1.0231574181410834,0.02315741814108344,1024812,1024812,23732,2.3157,/lustre/fs1/portfolios/coreai/projects/coreai_dlalgo_nemorl/users/sna/SpecDec-RL-main-vllm020-20260606/vllm-runs/qmath_osl32k_bsweep_20260617/qwen235b_math500_osl32k_pard2_t10_offset0_n32_isl4096_osl32768_bs32_k1_20260617_qmath_osl32k_bsweep/breakdown.json
qwen235b_math500_osl32k_pard_t00_offset0_n32_isl4096_osl32768_bs32_k5_20260617_qmath_osl32k_bsweep,qwen235b_math500_osl32k_pard_t00_offset0_n32_isl4096_osl32768_bs32_k5_20260617_qmath_osl32k_bsweep,Qwen/Qwen3-235B-A22B,/lustre/fs1/portfolios/coreai/projects/coreai_dlalgo_nemorl/users/sna/SpecDec-RL-main-vllm020-20260606/data/math_500_data_prompts_qmath_20260617.jsonl,0,32,32,1,32,4096,32768,4,1,4,True,draft_model,True,5,amd/PARD-Qwen3-0.6B,2481.6006354150013,2481.6006354150013,422.54018839120954,105.63504709780238,1.7362050480759412,True,51.41696379010315,3.5708481895051576,2.5708481895051576,293649,1468245,754927,"87.0223,70.1491,47.9508,31.2547,20.7081",/lustre/fs1/portfolios/coreai/projects/coreai_dlalgo_nemorl/users/sna/SpecDec-RL-main-vllm020-20260606/vllm-runs/qmath_osl32k_bsweep_20260617/qwen235b_math500_osl32k_pard_t00_offset0_n32_isl4096_osl32768_bs32_k5_20260617_qmath_osl32k_bsweep/breakdown.json
qwen235b_math500_osl32k_pard_t10_offset0_n32_isl4096_osl32768_bs32_k5_20260617_qmath_osl32k_bsweep,qwen235b_math500_osl32k_pard_t10_offset0_n32_isl4096_osl32768_bs32_k5_20260617_qmath_osl32k_bsweep,Qwen/Qwen3-235B-A22B,/lustre/fs1/portfolios/coreai/projects/coreai_dlalgo_nemorl/users/sna/SpecDec-RL-main-vllm020-20260606/data/math_500_data_prompts_qmath_20260617.jsonl,0,32,32,1,32,4096,32768,4,1,4,True,draft_model,True,5,amd/PARD-Qwen3-0.6B,4708.807299704989,4708.807299704989,222.68399050130893,55.67099762532723,0.9150018839772704,True,29.046294888735574,2.4523147444367783,1.4523147444367785,427585,2137925,620988,"57.7113,37.7789,24.1119,15.3027,10.3266",/lustre/fs1/portfolios/coreai/projects/coreai_dlalgo_nemorl/users/sna/SpecDec-RL-main-vllm020-20260606/vllm-runs/qmath_osl32k_bsweep_20260617/qwen235b_math500_osl32k_pard_t10_offset0_n32_isl4096_osl32768_bs32_k5_20260617_qmath_osl32k_bsweep/breakdown.json
qwen235b_math500_osl32k_suffix_t00_offset0_n32_isl4096_osl32768_bs32_k32_20260617_qmath_osl32k_bsweep,qwen235b_math500_osl32k_suffix_t00_offset0_n32_isl4096_osl32768_bs32_k32_20260617_qmath_osl32k_bsweep,Qwen/Qwen3-235B-A22B,/lustre/fs1/portfolios/coreai/projects/coreai_dlalgo_nemorl/users/sna/SpecDec-RL-main-vllm020-20260606/data/math_500_data_prompts_qmath_20260617.jsonl,0,32,32,1,32,4096,32768,4,1,4,True,suffix,,32,,1884.7232372610597,1884.7232372610597,556.3554262342647,139.08885655856616,2.286047874475903,True,77.80479990423429,6.3957978525341685,5.3957978525341685,163821,1136106,883945,"64.7615,53.1214,47.5391,44.9539,43.0818,42.2211,41.8213,41.4642,40.9954,40.2177,39.9863,39.4162,0.0000,0.0000,0.0000,0.0000,0.0000,0.0000,0.0000,0.0000,0.0000,0.0000,0.0000,0.0000,0.0000,0.0000,0.0000,0.0000,0.0000,0.0000,0.0000,0.0000",/lustre/fs1/portfolios/coreai/projects/coreai_dlalgo_nemorl/users/sna/SpecDec-RL-main-vllm020-20260606/vllm-runs/qmath_osl32k_bsweep_20260617/qwen235b_math500_osl32k_suffix_t00_offset0_n32_isl4096_osl32768_bs32_k32_20260617_qmath_osl32k_bsweep/breakdown.json
qwen235b_math500_osl32k_suffix_t10_offset0_n32_isl4096_osl32768_bs32_k32_20260617_qmath_osl32k_bsweep,qwen235b_math500_osl32k_suffix_t10_offset0_n32_isl4096_osl32768_bs32_k32_20260617_qmath_osl32k_bsweep,Qwen/Qwen3-235B-A22B,/lustre/fs1/portfolios/coreai/projects/coreai_dlalgo_nemorl/users/sna/SpecDec-RL-main-vllm020-20260606/data/math_500_data_prompts_qmath_20260617.jsonl,0,32,32,1,32,4096,32768,4,1,4,True,suffix,,32,,2601.8024575440213,2601.8024575440213,403.0190674006074,100.75476685015185,1.6559933433928236,True,66.09849655877939,4.7061768638874755,3.7061768638874755,222103,1245343,823153,"54.2212,40.6708,34.3606,31.2247,29.4719,28.0676,27.3481,26.4724,25.8335,25.0226,24.5039,23.4202,0.0000,0.0000,0.0000,0.0000,0.0000,0.0000,0.0000,0.0000,0.0000,0.0000,0.0000,0.0000,0.0000,0.0000,0.0000,0.0000,0.0000,0.0000,0.0000,0.0000",/lustre/fs1/portfolios/coreai/projects/coreai_dlalgo_nemorl/users/sna/SpecDec-RL-main-vllm020-20260606/vllm-runs/qmath_osl32k_bsweep_20260617/qwen235b_math500_osl32k_suffix_t10_offset0_n32_isl4096_osl32768_bs32_k32_20260617_qmath_osl32k_bsweep/breakdown.json
qwen30ba3b_math500_osl32k_baseline_t00_offset0_n32_isl4096_osl32768_bs32_k0_20260617_qmath_osl32k_bsweep,qwen30ba3b_math500_osl32k_baseline_t00_offset0_n32_isl4096_osl32768_bs32_k0_20260617_qmath_osl32k_bsweep,Qwen/Qwen3-30B-A3B,/lustre/fs1/portfolios/coreai/projects/coreai_dlalgo_nemorl/users/sna/SpecDec-RL-main-vllm020-20260606/data/math_500_data_prompts_qmath_20260617.jsonl,0,32,32,1,32,4096,32768,1,1,1,False,,,,,2067.923892999999,2067.923892999999,507.06701709355434,507.06701709355434,1.0,False,,,,,,,,/lustre/fs1/portfolios/coreai/projects/coreai_dlalgo_nemorl/users/sna/SpecDec-RL-main-vllm020-20260606/vllm-runs/qmath_osl32k_bsweep_20260617/qwen30ba3b_math500_osl32k_baseline_t00_offset0_n32_isl4096_osl32768_bs32_k0_20260617_qmath_osl32k_bsweep/breakdown.json
qwen30ba3b_math500_osl32k_baseline_t10_offset0_n32_isl4096_osl32768_bs32_k0_20260617_qmath_osl32k_bsweep,qwen30ba3b_math500_osl32k_baseline_t10_offset0_n32_isl4096_osl32768_bs32_k0_20260617_qmath_osl32k_bsweep,Qwen/Qwen3-30B-A3B,/lustre/fs1/portfolios/coreai/projects/coreai_dlalgo_nemorl/users/sna/SpecDec-RL-main-vllm020-20260606/data/math_500_data_prompts_qmath_20260617.jsonl,0,32,32,1,32,4096,32768,1,1,1,False,,,,,2216.6264122859575,2216.6264122859575,473.05039504542714,473.05039504542714,0.9329149384570381,False,,,,,,,,/lustre/fs1/portfolios/coreai/projects/coreai_dlalgo_nemorl/users/sna/SpecDec-RL-main-vllm020-20260606/vllm-runs/qmath_osl32k_bsweep_20260617/qwen30ba3b_math500_osl32k_baseline_t10_offset0_n32_isl4096_osl32768_bs32_k0_20260617_qmath_osl32k_bsweep/breakdown.json
qwen30ba3b_math500_osl32k_eagle3_t00_offset0_n32_isl4096_osl32768_bs32_k3_20260617_qmath_osl32k_bsweep,qwen30ba3b_math500_osl32k_eagle3_t00_offset0_n32_isl4096_osl32768_bs32_k3_20260617_qmath_osl32k_bsweep,Qwen/Qwen3-30B-A3B,/lustre/fs1/portfolios/coreai/projects/coreai_dlalgo_nemorl/users/sna/SpecDec-RL-main-vllm020-20260606/data/math_500_data_prompts_qmath_20260617.jsonl,0,32,32,1,32,4096,32768,1,1,1,True,eagle3,,3,RedHatAI/Qwen3-30B-A3B-Thinking-2507-speculator.eagle3,1905.4171331969555,1905.4171331969555,550.3130950862574,550.3130950862574,1.085286710700657,True,9.94254866029419,1.2982764598088257,0.2982764598088257,807640,2422920,240900,"16.9817,7.5017,5.3442",/lustre/fs1/portfolios/coreai/projects/coreai_dlalgo_nemorl/users/sna/SpecDec-RL-main-vllm020-20260606/vllm-runs/qmath_osl32k_bsweep_20260617/qwen30ba3b_math500_osl32k_eagle3_t00_offset0_n32_isl4096_osl32768_bs32_k3_20260617_qmath_osl32k_bsweep/breakdown.json
qwen30ba3b_math500_osl32k_eagle3_t10_offset0_n32_isl4096_osl32768_bs32_k3_20260617_qmath_osl32k_bsweep,qwen30ba3b_math500_osl32k_eagle3_t10_offset0_n32_isl4096_osl32768_bs32_k3_20260617_qmath_osl32k_bsweep,Qwen/Qwen3-30B-A3B,/lustre/fs1/portfolios/coreai/projects/coreai_dlalgo_nemorl/users/sna/SpecDec-RL-main-vllm020-20260606/data/math_500_data_prompts_qmath_20260617.jsonl,0,32,32,1,32,4096,32768,1,1,1,True,eagle3,,3,RedHatAI/Qwen3-30B-A3B-Thinking-2507-speculator.eagle3,2238.9073758081067,2238.9073758081067,468.34273330379693,468.34273330379693,0.923630836784218,True,10.910247825153158,1.3273074347545948,0.32730743475459473,789979,2369937,258566,"20.2094,7.6230,4.8984",/lustre/fs1/portfolios/coreai/projects/coreai_dlalgo_nemorl/users/sna/SpecDec-RL-main-vllm020-20260606/vllm-runs/qmath_osl32k_bsweep_20260617/qwen30ba3b_math500_osl32k_eagle3_t10_offset0_n32_isl4096_osl32768_bs32_k3_20260617_qmath_osl32k_bsweep/breakdown.json
qwen30ba3b_math500_osl32k_pard_t00_offset0_n32_isl4096_osl32768_bs32_k5_20260617_qmath_osl32k_bsweep,qwen30ba3b_math500_osl32k_pard_t00_offset0_n32_isl4096_osl32768_bs32_k5_20260617_qmath_osl32k_bsweep,Qwen/Qwen3-30B-A3B,/lustre/fs1/portfolios/coreai/projects/coreai_dlalgo_nemorl/users/sna/SpecDec-RL-main-vllm020-20260606/data/math_500_data_prompts_qmath_20260617.jsonl,0,32,32,1,32,4096,32768,1,1,1,True,draft_model,True,5,amd/PARD-Qwen3-0.6B,2477.690078629006,2477.690078629006,423.20708673145043,423.20708673145043,0.8346176589383023,True,46.128352768300296,3.306417638415015,2.306417638415015,317126,1585630,731425,"82.4029,64.1344,40.1771,25.6043,18.3230",/lustre/fs1/portfolios/coreai/projects/coreai_dlalgo_nemorl/users/sna/SpecDec-RL-main-vllm020-20260606/vllm-runs/qmath_osl32k_bsweep_20260617/qwen30ba3b_math500_osl32k_pard_t00_offset0_n32_isl4096_osl32768_bs32_k5_20260617_qmath_osl32k_bsweep/breakdown.json
qwen30ba3b_math500_osl32k_pard_t10_offset0_n32_isl4096_osl32768_bs32_k5_20260617_qmath_osl32k_bsweep,qwen30ba3b_math500_osl32k_pard_t10_offset0_n32_isl4096_osl32768_bs32_k5_20260617_qmath_osl32k_bsweep,Qwen/Qwen3-30B-A3B,/lustre/fs1/portfolios/coreai/projects/coreai_dlalgo_nemorl/users/sna/SpecDec-RL-main-vllm020-20260606/data/math_500_data_prompts_qmath_20260617.jsonl,0,32,32,1,32,4096,32768,1,1,1,True,draft_model,True,5,amd/PARD-Qwen3-0.6B,2979.6989087279653,2979.6989087279653,351.906696656018,351.906696656018,0.6940043126313044,True,45.87787002918328,3.2938935014591637,2.2938935014591637,318333,1591665,730222,"76.1479,60.1490,43.5670,28.7545,20.7710",/lustre/fs1/portfolios/coreai/projects/coreai_dlalgo_nemorl/users/sna/SpecDec-RL-main-vllm020-20260606/vllm-runs/qmath_osl32k_bsweep_20260617/qwen30ba3b_math500_osl32k_pard_t10_offset0_n32_isl4096_osl32768_bs32_k5_20260617_qmath_osl32k_bsweep/breakdown.json
qwen30ba3b_math500_osl32k_suffix_t00_offset0_n32_isl4096_osl32768_bs32_k32_20260617_qmath_osl32k_bsweep,qwen30ba3b_math500_osl32k_suffix_t00_offset0_n32_isl4096_osl32768_bs32_k32_20260617_qmath_osl32k_bsweep,Qwen/Qwen3-30B-A3B,/lustre/fs1/portfolios/coreai/projects/coreai_dlalgo_nemorl/users/sna/SpecDec-RL-main-vllm020-20260606/data/math_500_data_prompts_qmath_20260617.jsonl,0,32,32,1,32,4096,32768,1,1,1,True,suffix,,32,,658.9831276269397,658.9831276269397,1591.2031067866956,1591.2031067866956,3.1380528670692796,True,82.01356680238281,7.5328954460198485,6.5328954460198485,139153,1108441,909072,"72.9629,62.7848,57.3735,54.5127,52.8217,51.6776,51.0797,50.5717,50.2605,49.9824,49.8559,49.4060,0.0000,0.0000,0.0000,0.0000,0.0000,0.0000,0.0000,0.0000,0.0000,0.0000,0.0000,0.0000,0.0000,0.0000,0.0000,0.0000,0.0000,0.0000,0.0000,0.0000",/lustre/fs1/portfolios/coreai/projects/coreai_dlalgo_nemorl/users/sna/SpecDec-RL-main-vllm020-20260606/vllm-runs/qmath_osl32k_bsweep_20260617/qwen30ba3b_math500_osl32k_suffix_t00_offset0_n32_isl4096_osl32768_bs32_k32_20260617_qmath_osl32k_bsweep/breakdown.json
qwen30ba3b_math500_osl32k_suffix_t10_offset0_n32_isl4096_osl32768_bs32_k32_20260617_qmath_osl32k_bsweep,qwen30ba3b_math500_osl32k_suffix_t10_offset0_n32_isl4096_osl32768_bs32_k32_20260617_qmath_osl32k_bsweep,Qwen/Qwen3-30B-A3B,/lustre/fs1/portfolios/coreai/projects/coreai_dlalgo_nemorl/users/sna/SpecDec-RL-main-vllm020-20260606/data/math_500_data_prompts_qmath_20260617.jsonl,0,32,32,1,32,4096,32768,1,1,1,True,suffix,,32,,844.4830265269848,844.4830265269848,1241.6780054329413,1241.6780054329413,2.448745360228884,True,76.50014459850968,6.379098934550989,5.379098934550989,164250,1154922,883517,"65.5945,53.1927,47.3473,44.2977,42.7970,41.8368,41.4125,40.9419,40.7482,40.4706,39.9202,39.3504,0.0000,0.0000,0.0000,0.0000,0.0000,0.0000,0.0000,0.0000,0.0000,0.0000,0.0000,0.0000,0.0000,0.0000,0.0000,0.0000,0.0000,0.0000,0.0000,0.0000",/lustre/fs1/portfolios/coreai/projects/coreai_dlalgo_nemorl/users/sna/SpecDec-RL-main-vllm020-20260606/vllm-runs/qmath_osl32k_bsweep_20260617/qwen30ba3b_math500_osl32k_suffix_t10_offset0_n32_isl4096_osl32768_bs32_k32_20260617_qmath_osl32k_bsweep/breakdown.json
qwen8_math500_osl32k_baseline_t00_offset0_n32_isl4096_osl32768_bs32_k0_20260617_qmath_osl32k_bsweep,qwen8_math500_osl32k_baseline_t00_offset0_n32_isl4096_osl32768_bs32_k0_20260617_qmath_osl32k_bsweep,Qwen/Qwen3-8B,/lustre/fs1/portfolios/coreai/projects/coreai_dlalgo_nemorl/users/sna/SpecDec-RL-main-vllm020-20260606/data/math_500_data_prompts_qmath_20260617.jsonl,0,32,32,1,32,4096,32768,1,1,1,False,,,,,1463.162935293978,1463.162935293978,716.6501930212718,716.6501930212718,1.0,False,,,,,,,,/lustre/fs1/portfolios/coreai/projects/coreai_dlalgo_nemorl/users/sna/SpecDec-RL-main-vllm020-20260606/vllm-runs/qmath_osl32k_bsweep_20260617/qwen8_math500_osl32k_baseline_t00_offset0_n32_isl4096_osl32768_bs32_k0_20260617_qmath_osl32k_bsweep/breakdown.json
qwen8_math500_osl32k_baseline_t10_offset0_n32_isl4096_osl32768_bs32_k0_20260617_qmath_osl32k_bsweep,qwen8_math500_osl32k_baseline_t10_offset0_n32_isl4096_osl32768_bs32_k0_20260617_qmath_osl32k_bsweep,Qwen/Qwen3-8B,/lustre/fs1/portfolios/coreai/projects/coreai_dlalgo_nemorl/users/sna/SpecDec-RL-main-vllm020-20260606/data/math_500_data_prompts_qmath_20260617.jsonl,0,32,32,1,32,4096,32768,1,1,1,False,,,,,1455.847987066023,1455.847987066023,720.2510216146948,720.2510216146948,1.005024527487033,False,,,,,,,,/lustre/fs1/portfolios/coreai/projects/coreai_dlalgo_nemorl/users/sna/SpecDec-RL-main-vllm020-20260606/vllm-runs/qmath_osl32k_bsweep_20260617/qwen8_math500_osl32k_baseline_t10_offset0_n32_isl4096_osl32768_bs32_k0_20260617_qmath_osl32k_bsweep/breakdown.json
qwen8_math500_osl32k_eagle3_t00_offset0_n32_isl4096_osl32768_bs32_k3_20260617_qmath_osl32k_bsweep,qwen8_math500_osl32k_eagle3_t00_offset0_n32_isl4096_osl32768_bs32_k3_20260617_qmath_osl32k_bsweep,Qwen/Qwen3-8B,/lustre/fs1/portfolios/coreai/projects/coreai_dlalgo_nemorl/users/sna/SpecDec-RL-main-vllm020-20260606/data/math_500_data_prompts_qmath_20260617.jsonl,0,32,32,1,32,4096,32768,1,1,1,True,eagle3,,3,RedHatAI/Qwen3-8B-speculator.eagle3,803.4425168179441,803.4425168179441,1305.1039471410022,1305.1039471410022,1.8211171361566407,True,70.9287619093073,3.127862857279219,2.127862857279219,335242,1005726,713349,"88.1506,71.1757,53.4599",/lustre/fs1/portfolios/coreai/projects/coreai_dlalgo_nemorl/users/sna/SpecDec-RL-main-vllm020-20260606/vllm-runs/qmath_osl32k_bsweep_20260617/qwen8_math500_osl32k_eagle3_t00_offset0_n32_isl4096_osl32768_bs32_k3_20260617_qmath_osl32k_bsweep/breakdown.json
qwen8_math500_osl32k_eagle3_t10_offset0_n32_isl4096_osl32768_bs32_k3_20260617_qmath_osl32k_bsweep,qwen8_math500_osl32k_eagle3_t10_offset0_n32_isl4096_osl32768_bs32_k3_20260617_qmath_osl32k_bsweep,Qwen/Qwen3-8B,/lustre/fs1/portfolios/coreai/projects/coreai_dlalgo_nemorl/users/sna/SpecDec-RL-main-vllm020-20260606/data/math_500_data_prompts_qmath_20260617.jsonl,0,32,32,1,32,4096,32768,1,1,1,True,eagle3,,3,RedHatAI/Qwen3-8B-speculator.eagle3,1673.6172290960094,1673.6172290960094,626.5327470166997,626.5327470166997,0.8742518359973466,True,45.48101647346034,2.3644304942038104,1.3644304942038104,443481,1330443,605099,"63.8210,44.7045,27.9175",/lustre/fs1/portfolios/coreai/projects/coreai_dlalgo_nemorl/users/sna/SpecDec-RL-main-vllm020-20260606/vllm-runs/qmath_osl32k_bsweep_20260617/qwen8_math500_osl32k_eagle3_t10_offset0_n32_isl4096_osl32768_bs32_k3_20260617_qmath_osl32k_bsweep/breakdown.json
qwen8_math500_osl32k_pard2_t00_offset0_n32_isl4096_osl32768_bs32_k5_20260617_qmath_osl32k_bsweep,qwen8_math500_osl32k_pard2_t00_offset0_n32_isl4096_osl32768_bs32_k5_20260617_qmath_osl32k_bsweep,Qwen/Qwen3-8B,/lustre/fs1/portfolios/coreai/projects/coreai_dlalgo_nemorl/users/sna/SpecDec-RL-main-vllm020-20260606/data/math_500_data_prompts_qmath_20260617.jsonl,0,32,32,1,32,4096,32768,1,1,1,True,pard2,True,5,amd/PARD2-Qwen3-8B,4307.504586698953,4307.504586698953,243.43003678693097,243.43003678693097,0.3396776267660971,True,0.18735169114214065,1.009367584557107,0.009367584557107032,1038795,5193975,9731,"0.9029,0.0237,0.0071,0.0031,0.0000",/lustre/fs1/portfolios/coreai/projects/coreai_dlalgo_nemorl/users/sna/SpecDec-RL-main-vllm020-20260606/vllm-runs/qmath_osl32k_bsweep_20260617/qwen8_math500_osl32k_pard2_t00_offset0_n32_isl4096_osl32768_bs32_k5_20260617_qmath_osl32k_bsweep/breakdown.json
qwen8_math500_osl32k_pard2_t10_offset0_n32_isl4096_osl32768_bs32_k5_20260617_qmath_osl32k_bsweep,qwen8_math500_osl32k_pard2_t10_offset0_n32_isl4096_osl32768_bs32_k5_20260617_qmath_osl32k_bsweep,Qwen/Qwen3-8B,/lustre/fs1/portfolios/coreai/projects/coreai_dlalgo_nemorl/users/sna/SpecDec-RL-main-vllm020-20260606/data/math_500_data_prompts_qmath_20260617.jsonl,0,32,32,1,32,4096,32768,1,1,1,True,pard2,True,5,amd/PARD2-Qwen3-8B,4290.859701749054,4290.859701749054,244.37433821771805,244.37433821771805,0.3409952869578931,True,0.23009839861084314,1.0115049199305421,0.011504919930542158,1036600,5183000,11926,"1.1065,0.0307,0.0097,0.0026,0.0010",/lustre/fs1/portfolios/coreai/projects/coreai_dlalgo_nemorl/users/sna/SpecDec-RL-main-vllm020-20260606/vllm-runs/qmath_osl32k_bsweep_20260617/qwen8_math500_osl32k_pard2_t10_offset0_n32_isl4096_osl32768_bs32_k5_20260617_qmath_osl32k_bsweep/breakdown.json
qwen8_math500_osl32k_pard_t00_offset0_n32_isl4096_osl32768_bs32_k5_20260617_qmath_osl32k_bsweep,qwen8_math500_osl32k_pard_t00_offset0_n32_isl4096_osl32768_bs32_k5_20260617_qmath_osl32k_bsweep,Qwen/Qwen3-8B,/lustre/fs1/portfolios/coreai/projects/coreai_dlalgo_nemorl/users/sna/SpecDec-RL-main-vllm020-20260606/data/math_500_data_prompts_qmath_20260617.jsonl,0,32,32,1,32,4096,32768,1,1,1,True,draft_model,True,5,amd/PARD-Qwen3-0.6B,1694.5498211029917,1694.5498211029917,618.793255259663,618.793255259663,0.8634522969301648,True,43.57815465399004,3.178907732699502,2.178907732699502,329846,1649230,718704,"77.6687,63.1301,41.6003,21.4173,14.0744",/lustre/fs1/portfolios/coreai/projects/coreai_dlalgo_nemorl/users/sna/SpecDec-RL-main-vllm020-20260606/vllm-runs/qmath_osl32k_bsweep_20260617/qwen8_math500_osl32k_pard_t00_offset0_n32_isl4096_osl32768_bs32_k5_20260617_qmath_osl32k_bsweep/breakdown.json
qwen8_math500_osl32k_pard_t10_offset0_n32_isl4096_osl32768_bs32_k5_20260617_qmath_osl32k_bsweep,qwen8_math500_osl32k_pard_t10_offset0_n32_isl4096_osl32768_bs32_k5_20260617_qmath_osl32k_bsweep,Qwen/Qwen3-8B,/lustre/fs1/portfolios/coreai/projects/coreai_dlalgo_nemorl/users/sna/SpecDec-RL-main-vllm020-20260606/data/math_500_data_prompts_qmath_20260617.jsonl,0,32,32,1,32,4096,32768,1,1,1,True,draft_model,True,5,amd/PARD-Qwen3-0.6B,2598.579712784034,2598.579712784034,403.51888950775714,403.51888950775714,0.5630625560939182,True,36.11969375439873,2.8059846877199366,1.8059846877199368,373687,1868435,674873,"66.0901,50.1540,32.5262,18.6453,13.1830",/lustre/fs1/portfolios/coreai/projects/coreai_dlalgo_nemorl/users/sna/SpecDec-RL-main-vllm020-20260606/vllm-runs/qmath_osl32k_bsweep_20260617/qwen8_math500_osl32k_pard_t10_offset0_n32_isl4096_osl32768_bs32_k5_20260617_qmath_osl32k_bsweep/breakdown.json
qwen8_math500_osl32k_suffix_t00_offset0_n32_isl4096_osl32768_bs32_k32_20260617_qmath_osl32k_bsweep,qwen8_math500_osl32k_suffix_t00_offset0_n32_isl4096_osl32768_bs32_k32_20260617_qmath_osl32k_bsweep,Qwen/Qwen3-8B,/lustre/fs1/portfolios/coreai/projects/coreai_dlalgo_nemorl/users/sna/SpecDec-RL-main-vllm020-20260606/data/math_500_data_prompts_qmath_20260617.jsonl,0,32,32,1,32,4096,32768,1,1,1,True,suffix,,32,,606.6922497649939,606.6922497649939,1728.349093640429,1728.349093640429,2.4117053347240605,True,81.54389340723841,7.50724077177603,6.50724077177603,139626,1114222,908580,"74.0500,63.7575,58.1489,55.0850,53.2666,51.5155,50.8286,50.2235,49.9162,49.0439,47.5685,47.3200,0.0000,0.0000,0.0000,0.0000,0.0000,0.0000,0.0000,0.0000,0.0000,0.0000,0.0000,0.0000,0.0000,0.0000,0.0000,0.0000,0.0000,0.0000,0.0000,0.0000",/lustre/fs1/portfolios/coreai/projects/coreai_dlalgo_nemorl/users/sna/SpecDec-RL-main-vllm020-20260606/vllm-runs/qmath_osl32k_bsweep_20260617/qwen8_math500_osl32k_suffix_t00_offset0_n32_isl4096_osl32768_bs32_k32_20260617_qmath_osl32k_bsweep/breakdown.json
qwen8_math500_osl32k_suffix_t10_offset0_n32_isl4096_osl32768_bs32_k32_20260617_qmath_osl32k_bsweep,qwen8_math500_osl32k_suffix_t10_offset0_n32_isl4096_osl32768_bs32_k32_20260617_qmath_osl32k_bsweep,Qwen/Qwen3-8B,/lustre/fs1/portfolios/coreai/projects/coreai_dlalgo_nemorl/users/sna/SpecDec-RL-main-vllm020-20260606/data/math_500_data_prompts_qmath_20260617.jsonl,0,32,32,1,32,4096,32768,1,1,1,True,suffix,,32,,735.8255000200588,735.8255000200588,1425.033516739248,1425.033516739248,1.9884645683712943,True,72.32441583469394,5.729321293201993,4.729321293201993,182833,1195552,864676,"62.8940,49.3210,42.4409,39.1406,37.2898,36.0466,35.4263,34.8476,34.5539,34.0250,33.7543,33.1920,0.0000,0.0000,0.0000,0.0000,0.0000,0.0000,0.0000,0.0000,0.0000,0.0000,0.0000,0.0000,0.0000,0.0000,0.0000,0.0000,0.0000,0.0000,0.0000,0.0000",/lustre/fs1/portfolios/coreai/projects/coreai_dlalgo_nemorl/users/sna/SpecDec-RL-main-vllm020-20260606/vllm-runs/qmath_osl32k_bsweep_20260617/qwen8_math500_osl32k_suffix_t10_offset0_n32_isl4096_osl32768_bs32_k32_20260617_qmath_osl32k_bsweep/breakdown.json
