domain,model,temperature,method,k,method_detail,dataset_tag,batch_size,isl,osl,evidence_state,source_kind,source_file,clean_status_match,row_count,label_or_job_examples
Math,Qwen/Qwen3-235B-A22B,,baseline,,baseline,math500 | math500_osl32k_qwen235b_baseline,1,4096,32768,manifest-only,manifest,docs/lyris_qwen235b_math500_osl32k_specdec_manifest_20260613.csv,no,1,math500_osl32k_qwen235b_baseline
Math,Qwen/Qwen3-235B-A22B,,baseline,,baseline,math500 | math_500_data_prompts_20260613.jsonl | math500_osl32k_qwen235b_baseline,1,,,manifest-only,manifest,docs/oci_qwen235b_math500_osl32k_manifest_20260613.csv,no,1,math500_osl32k_qwen235b_baseline
Math,Qwen/Qwen3-235B-A22B,,baseline,,baseline,math500,1,4096,32768,partial,status,docs/lyris_qwen235b_math500_osl32k_specdec_status_20260613.csv,no,1,2113223
Math,Qwen/Qwen3-235B-A22B,,baseline,0,baseline,math_500_data_prompts_20260613.jsonl | qwen235b_a22b_math500_osl32k_oci_tp4_fp8kv_baseline_offset0_n4_isl4096_osl32768_bs1_2_k0_20260613_oci_math,1,4096,32768,partial,metrics,docs/oci_qwen235b_math500_osl32k_metrics_20260613.csv,no,1,math500_osl32k_qwen235b_baseline
Math,Qwen/Qwen3-235B-A22B,,baseline,,baseline,math500 | math500_osl32k_qwen235b_baseline,2,4096,32768,manifest-only,manifest,docs/lyris_qwen235b_math500_osl32k_specdec_manifest_20260613.csv,no,1,math500_osl32k_qwen235b_baseline
Math,Qwen/Qwen3-235B-A22B,,baseline,,baseline,math500 | math_500_data_prompts_20260613.jsonl | math500_osl32k_qwen235b_baseline,2,,,manifest-only,manifest,docs/oci_qwen235b_math500_osl32k_manifest_20260613.csv,no,1,math500_osl32k_qwen235b_baseline
Math,Qwen/Qwen3-235B-A22B,,baseline,,baseline,math500,2,4096,32768,partial,status,docs/lyris_qwen235b_math500_osl32k_specdec_status_20260613.csv,no,1,2113223
Math,Qwen/Qwen3-235B-A22B,,eagle3,11,eagle3_k11,math_500_data_prompts_20260613.jsonl | qwen235b_a22b_math500_osl32k_oci_tp4_fp8kv_eagle3_offset0_n4_isl4096_osl32768_bs1_2_k11_20260613_oci_math_drafter_k11,1,4096,32768,final,metrics,docs/oci_qwen235b_math500_drafter_k11_metrics_20260613.csv,no,1,math500_osl32k_qwen235b_eagle3_k11
Math,Qwen/Qwen3-235B-A22B,,eagle3,11,eagle3_k11,math500 | math_500_data_prompts_20260613.jsonl | math500_osl32k_qwen235b_eagle3_k11,1,,,manifest-only,manifest,docs/oci_qwen235b_math500_drafter_k11_manifest_20260613.csv,no,1,math500_osl32k_qwen235b_eagle3_k11
Math,Qwen/Qwen3-235B-A22B,,eagle3,11,eagle3_k11,math_500_data_prompts_20260613.jsonl | qwen235b_a22b_math500_osl32k_oci_tp4_fp8kv_eagle3_offset0_n4_isl4096_osl32768_bs1_2_k11_20260613_oci_math_drafter_k11,2,4096,32768,final,metrics,docs/oci_qwen235b_math500_drafter_k11_metrics_20260613.csv,no,1,math500_osl32k_qwen235b_eagle3_k11
Math,Qwen/Qwen3-235B-A22B,,eagle3,11,eagle3_k11,math500 | math_500_data_prompts_20260613.jsonl | math500_osl32k_qwen235b_eagle3_k11,2,,,manifest-only,manifest,docs/oci_qwen235b_math500_drafter_k11_manifest_20260613.csv,no,1,math500_osl32k_qwen235b_eagle3_k11
Math,Qwen/Qwen3-235B-A22B,,eagle3,3,eagle3_k3,math_500_data_prompts_20260613.jsonl | qwen235b_a22b_math500_osl32k_oci_tp4_fp8kv_eagle3_offset0_n4_isl4096_osl32768_bs1_2_k3_20260613_oci_math,1,4096,32768,final,metrics,docs/oci_qwen235b_math500_osl32k_metrics_20260613.csv,no,1,math500_osl32k_qwen235b_eagle3_k3
Math,Qwen/Qwen3-235B-A22B,,eagle3,3,eagle3_k3,math500 | math500_osl32k_qwen235b_eagle3_k3,1,4096,32768,manifest-only,manifest,docs/lyris_qwen235b_math500_osl32k_specdec_manifest_20260613.csv,no,1,math500_osl32k_qwen235b_eagle3_k3
Math,Qwen/Qwen3-235B-A22B,,eagle3,3,eagle3_k3,math500 | math_500_data_prompts_20260613.jsonl | math500_osl32k_qwen235b_eagle3_k3,1,,,manifest-only,manifest,docs/oci_qwen235b_math500_osl32k_manifest_20260613.csv,no,1,math500_osl32k_qwen235b_eagle3_k3
Math,Qwen/Qwen3-235B-A22B,,baseline,3,eagle3_k3,math500,1,4096,32768,partial,status,docs/lyris_qwen235b_math500_osl32k_specdec_status_20260613.csv,no,1,2113230
Math,Qwen/Qwen3-235B-A22B,,eagle3,3,eagle3_k3,math_500_data_prompts_20260613.jsonl | qwen235b_a22b_math500_osl32k_oci_tp4_fp8kv_eagle3_offset0_n4_isl4096_osl32768_bs1_2_k3_20260613_oci_math,2,4096,32768,final,metrics,docs/oci_qwen235b_math500_osl32k_metrics_20260613.csv,no,1,math500_osl32k_qwen235b_eagle3_k3
Math,Qwen/Qwen3-235B-A22B,,eagle3,3,eagle3_k3,math500 | math500_osl32k_qwen235b_eagle3_k3,2,4096,32768,manifest-only,manifest,docs/lyris_qwen235b_math500_osl32k_specdec_manifest_20260613.csv,no,1,math500_osl32k_qwen235b_eagle3_k3
Math,Qwen/Qwen3-235B-A22B,,eagle3,3,eagle3_k3,math500 | math_500_data_prompts_20260613.jsonl | math500_osl32k_qwen235b_eagle3_k3,2,,,manifest-only,manifest,docs/oci_qwen235b_math500_osl32k_manifest_20260613.csv,no,1,math500_osl32k_qwen235b_eagle3_k3
Math,Qwen/Qwen3-235B-A22B,,baseline,3,eagle3_k3,math500,2,4096,32768,partial,status,docs/lyris_qwen235b_math500_osl32k_specdec_status_20260613.csv,no,1,2113230
Math,Qwen/Qwen3-235B-A22B,,eagle3,9,eagle3_k9,math_500_data_prompts_20260613.jsonl | qwen235b_a22b_math500_osl32k_oci_tp4_fp8kv_eagle3_offset0_n4_isl4096_osl32768_bs1_2_k9_20260613_oci_math_drafter_k9,1,4096,32768,final,metrics,docs/oci_qwen235b_math500_drafter_k9_metrics_20260613.csv,no,1,math500_osl32k_qwen235b_eagle3_k9
Math,Qwen/Qwen3-235B-A22B,,eagle3,9,eagle3_k9,math500 | math_500_data_prompts_20260613.jsonl | math500_osl32k_qwen235b_eagle3_k9,1,,,manifest-only,manifest,docs/oci_qwen235b_math500_drafter_k9_manifest_20260613.csv,no,1,math500_osl32k_qwen235b_eagle3_k9
Math,Qwen/Qwen3-235B-A22B,,eagle3,9,eagle3_k9,math_500_data_prompts_20260613.jsonl | qwen235b_a22b_math500_osl32k_oci_tp4_fp8kv_eagle3_offset0_n4_isl4096_osl32768_bs1_2_k9_20260613_oci_math_drafter_k9,2,4096,32768,final,metrics,docs/oci_qwen235b_math500_drafter_k9_metrics_20260613.csv,no,1,math500_osl32k_qwen235b_eagle3_k9
Math,Qwen/Qwen3-235B-A22B,,eagle3,9,eagle3_k9,math500 | math_500_data_prompts_20260613.jsonl | math500_osl32k_qwen235b_eagle3_k9,2,,,manifest-only,manifest,docs/oci_qwen235b_math500_drafter_k9_manifest_20260613.csv,no,1,math500_osl32k_qwen235b_eagle3_k9
Math,Qwen/Qwen3-235B-A22B,,pard2,,official_pard2,math500 | math500_osl32k_qwen235b_official_pard2,1,4096,32768,manifest-only,manifest,docs/lyris_qwen235b_math500_osl32k_specdec_manifest_20260613.csv,no,1,math500_osl32k_qwen235b_official_pard2
Math,Qwen/Qwen3-235B-A22B,,baseline,,official_pard2,math500,1,4096,32768,partial,status,docs/lyris_qwen235b_math500_osl32k_specdec_status_20260613.csv,no,1,2113228
Math,Qwen/Qwen3-235B-A22B,,pard2,,official_pard2,math500 | math500_osl32k_qwen235b_official_pard2,2,4096,32768,manifest-only,manifest,docs/lyris_qwen235b_math500_osl32k_specdec_manifest_20260613.csv,no,1,math500_osl32k_qwen235b_official_pard2
Math,Qwen/Qwen3-235B-A22B,,baseline,,official_pard2,math500,2,4096,32768,partial,status,docs/lyris_qwen235b_math500_osl32k_specdec_status_20260613.csv,no,1,2113228
Math,Qwen/Qwen3-235B-A22B,,pard2,1,official_pard2_k1,math500 | math_500_data_prompts_20260613.jsonl | math500_osl32k_qwen235b_official_pard2_k1,1,,,manifest-only,manifest,docs/oci_qwen235b_math500_osl32k_manifest_20260613.csv,no,1,math500_osl32k_qwen235b_official_pard2_k1
Math,Qwen/Qwen3-235B-A22B,,pard2,1,official_pard2_k1,math500 | math_500_data_prompts_20260613.jsonl | math500_osl32k_qwen235b_official_pard2_k1,2,,,manifest-only,manifest,docs/oci_qwen235b_math500_osl32k_manifest_20260613.csv,no,1,math500_osl32k_qwen235b_official_pard2_k1
Math,Qwen/Qwen3-235B-A22B,,pard2,11,official_pard2_k11,math500 | math_500_data_prompts_20260613.jsonl | math500_osl32k_qwen235b_official_pard2_k11,1,,,manifest-only,manifest,docs/oci_qwen235b_math500_drafter_k11_manifest_20260613.csv,no,1,math500_osl32k_qwen235b_official_pard2_k11
Math,Qwen/Qwen3-235B-A22B,,pard2,11,official_pard2_k11,math500 | math_500_data_prompts_20260613.jsonl | math500_osl32k_qwen235b_official_pard2_k11,2,,,manifest-only,manifest,docs/oci_qwen235b_math500_drafter_k11_manifest_20260613.csv,no,1,math500_osl32k_qwen235b_official_pard2_k11
Math,Qwen/Qwen3-235B-A22B,,pard2,9,official_pard2_k9,math500 | math_500_data_prompts_20260613.jsonl | math500_osl32k_qwen235b_official_pard2_k9,1,,,manifest-only,manifest,docs/oci_qwen235b_math500_drafter_k9_manifest_20260613.csv,no,1,math500_osl32k_qwen235b_official_pard2_k9
Math,Qwen/Qwen3-235B-A22B,,pard2,9,official_pard2_k9,math500 | math_500_data_prompts_20260613.jsonl | math500_osl32k_qwen235b_official_pard2_k9,2,,,manifest-only,manifest,docs/oci_qwen235b_math500_drafter_k9_manifest_20260613.csv,no,1,math500_osl32k_qwen235b_official_pard2_k9
Math,Qwen/Qwen3-235B-A22B,,pard2,1,pard2_k1,math_500_data_prompts_20260613.jsonl | qwen235b_a22b_math500_osl32k_oci_tp4_fp8kv_pard2_offset0_n4_isl4096_osl32768_bs1_2_k1_20260613_oci_math,1,4096,32768,final,metrics,docs/oci_qwen235b_math500_osl32k_metrics_20260613.csv,no,1,math500_osl32k_qwen235b_official_pard2_k1
Math,Qwen/Qwen3-235B-A22B,,pard2,11,pard2_k11,math_500_data_prompts_20260613.jsonl | qwen235b_a22b_math500_osl32k_oci_tp4_fp8kv_pard2_offset0_n4_isl4096_osl32768_bs1_2_k11_20260613_oci_math_drafter_k11,1,4096,32768,final,metrics,docs/oci_qwen235b_math500_drafter_k11_metrics_20260613.csv,no,1,math500_osl32k_qwen235b_official_pard2_k11
Math,Qwen/Qwen3-235B-A22B,,pard2,9,pard2_k9,math_500_data_prompts_20260613.jsonl | qwen235b_a22b_math500_osl32k_oci_tp4_fp8kv_pard2_offset0_n4_isl4096_osl32768_bs1_2_k9_20260613_oci_math_drafter_k9,1,4096,32768,final,metrics,docs/oci_qwen235b_math500_drafter_k9_metrics_20260613.csv,no,1,math500_osl32k_qwen235b_official_pard2_k9
Math,Qwen/Qwen3-235B-A22B,,pard,11,pard_k11,math_500_data_prompts_20260613.jsonl | qwen235b_a22b_math500_osl32k_oci_tp4_fp8kv_pard_offset0_n4_isl4096_osl32768_bs1_2_k11_20260613_oci_math_drafter_k11,1,4096,32768,final,metrics,docs/oci_qwen235b_math500_drafter_k11_metrics_20260613.csv,no,1,math500_osl32k_qwen235b_pard_k11
Math,Qwen/Qwen3-235B-A22B,,pard,11,pard_k11,math500 | math_500_data_prompts_20260613.jsonl | math500_osl32k_qwen235b_pard_k11,1,,,manifest-only,manifest,docs/oci_qwen235b_math500_drafter_k11_manifest_20260613.csv,no,1,math500_osl32k_qwen235b_pard_k11
Math,Qwen/Qwen3-235B-A22B,,pard,11,pard_k11,math_500_data_prompts_20260613.jsonl | qwen235b_a22b_math500_osl32k_oci_tp4_fp8kv_pard_offset0_n4_isl4096_osl32768_bs1_2_k11_20260613_oci_math_drafter_k11,2,4096,32768,final,metrics,docs/oci_qwen235b_math500_drafter_k11_metrics_20260613.csv,no,1,math500_osl32k_qwen235b_pard_k11
Math,Qwen/Qwen3-235B-A22B,,pard,11,pard_k11,math500 | math_500_data_prompts_20260613.jsonl | math500_osl32k_qwen235b_pard_k11,2,,,manifest-only,manifest,docs/oci_qwen235b_math500_drafter_k11_manifest_20260613.csv,no,1,math500_osl32k_qwen235b_pard_k11
Math,Qwen/Qwen3-235B-A22B,,pard,5,pard_k5,math_500_data_prompts_20260613.jsonl | qwen235b_a22b_math500_osl32k_oci_tp4_fp8kv_pard_offset0_n4_isl4096_osl32768_bs1_2_k5_20260613_oci_math,1,4096,32768,final,metrics,docs/oci_qwen235b_math500_osl32k_metrics_20260613.csv,no,1,math500_osl32k_qwen235b_pard_k5
Math,Qwen/Qwen3-235B-A22B,,pard,5,pard_k5,math500 | math500_osl32k_qwen235b_pard_k5,1,4096,32768,manifest-only,manifest,docs/lyris_qwen235b_math500_osl32k_specdec_manifest_20260613.csv,no,1,math500_osl32k_qwen235b_pard_k5
Math,Qwen/Qwen3-235B-A22B,,pard,5,pard_k5,math500 | math_500_data_prompts_20260613.jsonl | math500_osl32k_qwen235b_pard_k5,1,,,manifest-only,manifest,docs/oci_qwen235b_math500_osl32k_manifest_20260613.csv,no,1,math500_osl32k_qwen235b_pard_k5
Math,Qwen/Qwen3-235B-A22B,,baseline,5,pard_k5,math500,1,4096,32768,partial,status,docs/lyris_qwen235b_math500_osl32k_specdec_status_20260613.csv,no,1,2113226
Math,Qwen/Qwen3-235B-A22B,,pard,5,pard_k5,math_500_data_prompts_20260613.jsonl | qwen235b_a22b_math500_osl32k_oci_tp4_fp8kv_pard_offset0_n4_isl4096_osl32768_bs1_2_k5_20260613_oci_math,2,4096,32768,final,metrics,docs/oci_qwen235b_math500_osl32k_metrics_20260613.csv,no,1,math500_osl32k_qwen235b_pard_k5
Math,Qwen/Qwen3-235B-A22B,,pard,5,pard_k5,math500 | math500_osl32k_qwen235b_pard_k5,2,4096,32768,manifest-only,manifest,docs/lyris_qwen235b_math500_osl32k_specdec_manifest_20260613.csv,no,1,math500_osl32k_qwen235b_pard_k5
Math,Qwen/Qwen3-235B-A22B,,pard,5,pard_k5,math500 | math_500_data_prompts_20260613.jsonl | math500_osl32k_qwen235b_pard_k5,2,,,manifest-only,manifest,docs/oci_qwen235b_math500_osl32k_manifest_20260613.csv,no,1,math500_osl32k_qwen235b_pard_k5
Math,Qwen/Qwen3-235B-A22B,,baseline,5,pard_k5,math500,2,4096,32768,partial,status,docs/lyris_qwen235b_math500_osl32k_specdec_status_20260613.csv,no,1,2113226
Math,Qwen/Qwen3-235B-A22B,,pard,9,pard_k9,math_500_data_prompts_20260613.jsonl | qwen235b_a22b_math500_osl32k_oci_tp4_fp8kv_pard_offset0_n4_isl4096_osl32768_bs1_2_k9_20260613_oci_math_drafter_k9,1,4096,32768,final,metrics,docs/oci_qwen235b_math500_drafter_k9_metrics_20260613.csv,no,1,math500_osl32k_qwen235b_pard_k9
Math,Qwen/Qwen3-235B-A22B,,pard,9,pard_k9,math500 | math_500_data_prompts_20260613.jsonl | math500_osl32k_qwen235b_pard_k9,1,,,manifest-only,manifest,docs/oci_qwen235b_math500_drafter_k9_manifest_20260613.csv,no,1,math500_osl32k_qwen235b_pard_k9
Math,Qwen/Qwen3-235B-A22B,,pard,9,pard_k9,math_500_data_prompts_20260613.jsonl | qwen235b_a22b_math500_osl32k_oci_tp4_fp8kv_pard_offset0_n4_isl4096_osl32768_bs1_2_k9_20260613_oci_math_drafter_k9,2,4096,32768,final,metrics,docs/oci_qwen235b_math500_drafter_k9_metrics_20260613.csv,no,1,math500_osl32k_qwen235b_pard_k9
Math,Qwen/Qwen3-235B-A22B,,pard,9,pard_k9,math500 | math_500_data_prompts_20260613.jsonl | math500_osl32k_qwen235b_pard_k9,2,,,manifest-only,manifest,docs/oci_qwen235b_math500_drafter_k9_manifest_20260613.csv,no,1,math500_osl32k_qwen235b_pard_k9
Math,Qwen/Qwen3-235B-A22B,,suffix,32,suffix_k32,math_500_data_prompts_20260613.jsonl | qwen235b_a22b_math500_osl32k_oci_tp4_fp8kv_suffix_offset0_n4_isl4096_osl32768_bs1_2_k32_20260613_oci_math_suffix_py312_retry1,1,4096,32768,final,metrics,docs/oci_qwen235b_math500_suffix_py312_retry1_metrics_20260613.csv,no,1,math500_osl32k_qwen235b_suffix_k32
Math,Qwen/Qwen3-235B-A22B,,suffix,32,suffix_k32,math500 | math500_osl32k_qwen235b_suffix_k32,1,4096,32768,manifest-only,manifest,docs/lyris_qwen235b_math500_osl32k_specdec_manifest_20260613.csv,no,1,math500_osl32k_qwen235b_suffix_k32
Math,Qwen/Qwen3-235B-A22B,,suffix,32,suffix_k32,math500 | math_500_data_prompts_20260613.jsonl | math500_osl32k_qwen235b_suffix_k32,1,,,manifest-only,manifest,docs/oci_qwen235b_math500_osl32k_manifest_20260613.csv,no,1,math500_osl32k_qwen235b_suffix_k32
Math,Qwen/Qwen3-235B-A22B,,suffix,32,suffix_k32,math500 | math_500_data_prompts_20260613.jsonl | math500_osl32k_qwen235b_suffix_k32,1,,,manifest-only,manifest,docs/oci_qwen235b_math500_suffix_py312_retry1_manifest_20260613.csv,no,1,math500_osl32k_qwen235b_suffix_k32
Math,Qwen/Qwen3-235B-A22B,,baseline,32,suffix_k32,math500,1,4096,32768,partial,status,docs/lyris_qwen235b_math500_osl32k_specdec_status_20260613.csv,no,1,2113224
Math,Qwen/Qwen3-235B-A22B,,suffix,32,suffix_k32,math_500_data_prompts_20260613.jsonl | qwen235b_a22b_math500_osl32k_oci_tp4_fp8kv_suffix_offset0_n4_isl4096_osl32768_bs1_2_k32_20260613_oci_math_suffix_py312_retry1,2,4096,32768,final,metrics,docs/oci_qwen235b_math500_suffix_py312_retry1_metrics_20260613.csv,no,1,math500_osl32k_qwen235b_suffix_k32
Math,Qwen/Qwen3-235B-A22B,,suffix,32,suffix_k32,math500 | math500_osl32k_qwen235b_suffix_k32,2,4096,32768,manifest-only,manifest,docs/lyris_qwen235b_math500_osl32k_specdec_manifest_20260613.csv,no,1,math500_osl32k_qwen235b_suffix_k32
Math,Qwen/Qwen3-235B-A22B,,suffix,32,suffix_k32,math500 | math_500_data_prompts_20260613.jsonl | math500_osl32k_qwen235b_suffix_k32,2,,,manifest-only,manifest,docs/oci_qwen235b_math500_osl32k_manifest_20260613.csv,no,1,math500_osl32k_qwen235b_suffix_k32
Math,Qwen/Qwen3-235B-A22B,,suffix,32,suffix_k32,math500 | math_500_data_prompts_20260613.jsonl | math500_osl32k_qwen235b_suffix_k32,2,,,manifest-only,manifest,docs/oci_qwen235b_math500_suffix_py312_retry1_manifest_20260613.csv,no,1,math500_osl32k_qwen235b_suffix_k32
Math,Qwen/Qwen3-235B-A22B,,baseline,32,suffix_k32,math500,2,4096,32768,partial,status,docs/lyris_qwen235b_math500_osl32k_specdec_status_20260613.csv,no,1,2113224
Math,Qwen/Qwen3-235B-A22B,0.0,baseline,,baseline,math500 | math500_osl32k_qwen235b_baseline,1,4096,32768,failed,status,docs/lyris_qwen235b_standalone_fast_20260613_status.csv,yes_row,1,math500_osl32k_qwen235b_baseline
Math,Qwen/Qwen3-235B-A22B,0.0,baseline,,baseline,math500 | math500_osl32k_qwen235b_baseline,1,4096,32768,manifest-only,manifest,docs/lyris_qwen235b_standalone_fast_20260613_manifest.csv,no,1,math500_osl32k_qwen235b_baseline
Math,Qwen/Qwen3-235B-A22B,0.0,baseline,,baseline,math500 | math500_osl32k_qwen235b_baseline,2,4096,32768,failed,status,docs/lyris_qwen235b_standalone_fast_20260613_status.csv,yes_row,1,math500_osl32k_qwen235b_baseline
Math,Qwen/Qwen3-235B-A22B,0.0,baseline,,baseline,math500 | math500_osl32k_qwen235b_baseline,2,4096,32768,manifest-only,manifest,docs/lyris_qwen235b_standalone_fast_20260613_manifest.csv,no,1,math500_osl32k_qwen235b_baseline
Math,Qwen/Qwen3-235B-A22B,0.0,eagle3,3,eagle3_k3,math_500_data_prompts_20260612.jsonl | qwen235b_a22b_math500_osl32k_lyris_tp4_fp8kv_eagle3_offset0_n4_isl4096_osl32768_bs1_2_k3_20260613_math,1,4096,32768,final,metrics,docs/lyris_qwen235b_standalone_fast_20260613_metrics.csv,yes_row,1,math500_osl32k_qwen235b_eagle3_k3
Math,Qwen/Qwen3-235B-A22B,0.0,eagle3,3,eagle3_k3,math500 | math500_osl32k_qwen235b_eagle3_k3,1,4096,32768,manifest-only,manifest,docs/lyris_qwen235b_standalone_fast_20260613_manifest.csv,no,1,math500_osl32k_qwen235b_eagle3_k3
Math,Qwen/Qwen3-235B-A22B,0.0,eagle3,3,eagle3_k3,math500 | math500_osl32k_qwen235b_eagle3_k3,1,4096,32768,manifest-only,status,docs/lyris_qwen235b_standalone_fast_20260613_status.csv,yes_source_batch_only,1,math500_osl32k_qwen235b_eagle3_k3
Math,Qwen/Qwen3-235B-A22B,0.0,eagle3,3,eagle3_k3,math_500_data_prompts_20260612.jsonl | qwen235b_a22b_math500_osl32k_lyris_tp4_fp8kv_eagle3_offset0_n4_isl4096_osl32768_bs1_2_k3_20260613_math,2,4096,32768,final,metrics,docs/lyris_qwen235b_standalone_fast_20260613_metrics.csv,yes_row,1,math500_osl32k_qwen235b_eagle3_k3
Math,Qwen/Qwen3-235B-A22B,0.0,eagle3,3,eagle3_k3,math500 | math500_osl32k_qwen235b_eagle3_k3,2,4096,32768,manifest-only,manifest,docs/lyris_qwen235b_standalone_fast_20260613_manifest.csv,no,1,math500_osl32k_qwen235b_eagle3_k3
Math,Qwen/Qwen3-235B-A22B,0.0,eagle3,3,eagle3_k3,math500 | math500_osl32k_qwen235b_eagle3_k3,2,4096,32768,manifest-only,status,docs/lyris_qwen235b_standalone_fast_20260613_status.csv,yes_source_batch_only,1,math500_osl32k_qwen235b_eagle3_k3
Math,Qwen/Qwen3-235B-A22B,0.0,pard2,1,official_pard2_k1,math500 | math500_osl32k_qwen235b_official_pard2_k1,1,4096,32768,failed,status,docs/lyris_qwen235b_standalone_fast_20260613_status.csv,yes_source_batch_only,1,math500_osl32k_qwen235b_official_pard2_k1
Math,Qwen/Qwen3-235B-A22B,0.0,pard2,1,official_pard2_k1,math500 | math500_osl32k_qwen235b_official_pard2_k1,1,4096,32768,manifest-only,manifest,docs/lyris_qwen235b_standalone_fast_20260613_manifest.csv,no,1,math500_osl32k_qwen235b_official_pard2_k1
Math,Qwen/Qwen3-235B-A22B,0.0,pard2,1,official_pard2_k1,math500 | math500_osl32k_qwen235b_official_pard2_k1,2,4096,32768,failed,status,docs/lyris_qwen235b_standalone_fast_20260613_status.csv,yes_source_batch_only,1,math500_osl32k_qwen235b_official_pard2_k1
Math,Qwen/Qwen3-235B-A22B,0.0,pard2,1,official_pard2_k1,math500 | math500_osl32k_qwen235b_official_pard2_k1,2,4096,32768,manifest-only,manifest,docs/lyris_qwen235b_standalone_fast_20260613_manifest.csv,no,1,math500_osl32k_qwen235b_official_pard2_k1
Math,Qwen/Qwen3-235B-A22B,0.0,pard,5,pard_k5,math_500_data_prompts_20260612.jsonl | qwen235b_a22b_math500_osl32k_lyris_tp4_fp8kv_pard_offset0_n4_isl4096_osl32768_bs1_2_k5_20260613_math,1,4096,32768,final,metrics,docs/lyris_qwen235b_standalone_fast_20260613_metrics.csv,yes_row,1,math500_osl32k_qwen235b_pard_k5
Math,Qwen/Qwen3-235B-A22B,0.0,pard,5,pard_k5,math500 | math500_osl32k_qwen235b_pard_k5,1,4096,32768,manifest-only,manifest,docs/lyris_qwen235b_standalone_fast_20260613_manifest.csv,no,1,math500_osl32k_qwen235b_pard_k5
Math,Qwen/Qwen3-235B-A22B,0.0,pard,5,pard_k5,math500 | math500_osl32k_qwen235b_pard_k5,1,4096,32768,manifest-only,status,docs/lyris_qwen235b_standalone_fast_20260613_status.csv,yes_source_batch_only,1,math500_osl32k_qwen235b_pard_k5
Math,Qwen/Qwen3-235B-A22B,0.0,pard,5,pard_k5,math_500_data_prompts_20260612.jsonl | qwen235b_a22b_math500_osl32k_lyris_tp4_fp8kv_pard_offset0_n4_isl4096_osl32768_bs1_2_k5_20260613_math,2,4096,32768,final,metrics,docs/lyris_qwen235b_standalone_fast_20260613_metrics.csv,yes_row,1,math500_osl32k_qwen235b_pard_k5
Math,Qwen/Qwen3-235B-A22B,0.0,pard,5,pard_k5,math500 | math500_osl32k_qwen235b_pard_k5,2,4096,32768,manifest-only,manifest,docs/lyris_qwen235b_standalone_fast_20260613_manifest.csv,no,1,math500_osl32k_qwen235b_pard_k5
Math,Qwen/Qwen3-235B-A22B,0.0,pard,5,pard_k5,math500 | math500_osl32k_qwen235b_pard_k5,2,4096,32768,manifest-only,status,docs/lyris_qwen235b_standalone_fast_20260613_status.csv,yes_source_batch_only,1,math500_osl32k_qwen235b_pard_k5
Math,Qwen/Qwen3-235B-A22B,0.0,suffix,32,suffix_k32,math_500_data_prompts_20260612.jsonl | qwen235b_a22b_math500_osl32k_lyris_tp4_fp8kv_suffix_offset0_n4_isl4096_osl32768_bs1_2_k32_arctic_20260613_math,1,4096,32768,final,metrics,docs/lyris_qwen235b_standalone_fast_20260613_metrics.csv,yes_row,1,math500_osl32k_qwen235b_suffix_k32
Math,Qwen/Qwen3-235B-A22B,0.0,suffix,32,suffix_k32,math500 | math500_osl32k_qwen235b_suffix_k32,1,4096,32768,manifest-only,manifest,docs/lyris_qwen235b_standalone_fast_20260613_manifest.csv,no,1,math500_osl32k_qwen235b_suffix_k32
Math,Qwen/Qwen3-235B-A22B,0.0,suffix,32,suffix_k32,math500 | math500_osl32k_qwen235b_suffix_k32,1,4096,32768,manifest-only,status,docs/lyris_qwen235b_standalone_fast_20260613_status.csv,yes_source_batch_only,1,math500_osl32k_qwen235b_suffix_k32
Math,Qwen/Qwen3-235B-A22B,0.0,suffix,32,suffix_k32,math_500_data_prompts_20260612.jsonl | qwen235b_a22b_math500_osl32k_lyris_tp4_fp8kv_suffix_offset0_n4_isl4096_osl32768_bs1_2_k32_arctic_20260613_math,2,4096,32768,final,metrics,docs/lyris_qwen235b_standalone_fast_20260613_metrics.csv,yes_row,1,math500_osl32k_qwen235b_suffix_k32
Math,Qwen/Qwen3-235B-A22B,0.0,suffix,32,suffix_k32,math500 | math500_osl32k_qwen235b_suffix_k32,2,4096,32768,manifest-only,manifest,docs/lyris_qwen235b_standalone_fast_20260613_manifest.csv,no,1,math500_osl32k_qwen235b_suffix_k32
Math,Qwen/Qwen3-235B-A22B,0.0,suffix,32,suffix_k32,math500 | math500_osl32k_qwen235b_suffix_k32,2,4096,32768,manifest-only,status,docs/lyris_qwen235b_standalone_fast_20260613_status.csv,yes_source_batch_only,1,math500_osl32k_qwen235b_suffix_k32
Math,Qwen/Qwen3-235B-A22B,1.0,baseline,,baseline,math500 | math500_osl32k_qwen235b_baseline,1,4096,32768,failed,status,docs/lyris_qwen235b_standalone_temp1rl_20260614_status.csv,yes_row,1,math500_osl32k_qwen235b_baseline
Math,Qwen/Qwen3-235B-A22B,1.0,baseline,,baseline,math500 | math500_osl32k_qwen235b_baseline,1,4096,32768,manifest-only,manifest,docs/lyris_qwen235b_standalone_temp1rl_20260614_manifest.csv,no,1,math500_osl32k_qwen235b_baseline
Math,Qwen/Qwen3-235B-A22B,1.0,baseline,,baseline,math500 | math500_osl32k_qwen235b_baseline,2,4096,32768,failed,status,docs/lyris_qwen235b_standalone_temp1rl_20260614_status.csv,yes_row,1,math500_osl32k_qwen235b_baseline
Math,Qwen/Qwen3-235B-A22B,1.0,baseline,,baseline,math500 | math500_osl32k_qwen235b_baseline,2,4096,32768,manifest-only,manifest,docs/lyris_qwen235b_standalone_temp1rl_20260614_manifest.csv,no,1,math500_osl32k_qwen235b_baseline
Math,Qwen/Qwen3-235B-A22B,1.0,eagle3,3,eagle3_k3,math_500_data_prompts_20260612.jsonl | qwen235b_a22b_math500_osl32k_lyris_tp4_fp8kv_eagle3_offset0_n4_isl4096_osl32768_bs1_2_k3_20260614_temp1rl_math,1,4096,32768,final,metrics,docs/lyris_qwen235b_standalone_temp1rl_20260614_metrics.csv,yes_row,1,math500_osl32k_qwen235b_eagle3_k3
Math,Qwen/Qwen3-235B-A22B,1.0,eagle3,3,eagle3_k3,math500 | math500_osl32k_qwen235b_eagle3_k3,1,4096,32768,manifest-only,manifest,docs/lyris_qwen235b_standalone_temp1rl_20260614_manifest.csv,no,1,math500_osl32k_qwen235b_eagle3_k3
Math,Qwen/Qwen3-235B-A22B,1.0,eagle3,3,eagle3_k3,math500 | math500_osl32k_qwen235b_eagle3_k3,1,4096,32768,manifest-only,status,docs/lyris_qwen235b_standalone_temp1rl_20260614_status.csv,yes_source_batch_only,1,math500_osl32k_qwen235b_eagle3_k3
Math,Qwen/Qwen3-235B-A22B,1.0,eagle3,3,eagle3_k3,math_500_data_prompts_20260612.jsonl | qwen235b_a22b_math500_osl32k_lyris_tp4_fp8kv_eagle3_offset0_n4_isl4096_osl32768_bs1_2_k3_20260614_temp1rl_math,2,4096,32768,final,metrics,docs/lyris_qwen235b_standalone_temp1rl_20260614_metrics.csv,yes_row,1,math500_osl32k_qwen235b_eagle3_k3
Math,Qwen/Qwen3-235B-A22B,1.0,eagle3,3,eagle3_k3,math500 | math500_osl32k_qwen235b_eagle3_k3,2,4096,32768,manifest-only,manifest,docs/lyris_qwen235b_standalone_temp1rl_20260614_manifest.csv,no,1,math500_osl32k_qwen235b_eagle3_k3
Math,Qwen/Qwen3-235B-A22B,1.0,eagle3,3,eagle3_k3,math500 | math500_osl32k_qwen235b_eagle3_k3,2,4096,32768,manifest-only,status,docs/lyris_qwen235b_standalone_temp1rl_20260614_status.csv,yes_source_batch_only,1,math500_osl32k_qwen235b_eagle3_k3
Math,Qwen/Qwen3-235B-A22B,1.0,pard2,1,official_pard2_k1,math500 | math500_osl32k_qwen235b_official_pard2_k1,1,4096,32768,failed,status,docs/lyris_qwen235b_standalone_temp1rl_20260614_status.csv,yes_source_batch_only,1,math500_osl32k_qwen235b_official_pard2_k1
Math,Qwen/Qwen3-235B-A22B,1.0,pard2,1,official_pard2_k1,math500 | math500_osl32k_qwen235b_official_pard2_k1,1,4096,32768,manifest-only,manifest,docs/lyris_qwen235b_standalone_temp1rl_20260614_manifest.csv,no,1,math500_osl32k_qwen235b_official_pard2_k1
Math,Qwen/Qwen3-235B-A22B,1.0,pard2,1,official_pard2_k1,math500 | math500_osl32k_qwen235b_official_pard2_k1,2,4096,32768,failed,status,docs/lyris_qwen235b_standalone_temp1rl_20260614_status.csv,yes_source_batch_only,1,math500_osl32k_qwen235b_official_pard2_k1
Math,Qwen/Qwen3-235B-A22B,1.0,pard2,1,official_pard2_k1,math500 | math500_osl32k_qwen235b_official_pard2_k1,2,4096,32768,manifest-only,manifest,docs/lyris_qwen235b_standalone_temp1rl_20260614_manifest.csv,no,1,math500_osl32k_qwen235b_official_pard2_k1
Math,Qwen/Qwen3-235B-A22B,1.0,pard,5,pard_k5,math_500_data_prompts_20260612.jsonl | qwen235b_a22b_math500_osl32k_lyris_tp4_fp8kv_pard_offset0_n4_isl4096_osl32768_bs1_2_k5_20260614_temp1rl_math,1,4096,32768,final,metrics,docs/lyris_qwen235b_standalone_temp1rl_20260614_metrics.csv,yes_row,1,math500_osl32k_qwen235b_pard_k5
Math,Qwen/Qwen3-235B-A22B,1.0,pard,5,pard_k5,math500 | math500_osl32k_qwen235b_pard_k5,1,4096,32768,manifest-only,manifest,docs/lyris_qwen235b_standalone_temp1rl_20260614_manifest.csv,no,1,math500_osl32k_qwen235b_pard_k5
Math,Qwen/Qwen3-235B-A22B,1.0,pard,5,pard_k5,math500 | math500_osl32k_qwen235b_pard_k5,1,4096,32768,manifest-only,status,docs/lyris_qwen235b_standalone_temp1rl_20260614_status.csv,yes_source_batch_only,1,math500_osl32k_qwen235b_pard_k5
Math,Qwen/Qwen3-235B-A22B,1.0,pard,5,pard_k5,math_500_data_prompts_20260612.jsonl | qwen235b_a22b_math500_osl32k_lyris_tp4_fp8kv_pard_offset0_n4_isl4096_osl32768_bs1_2_k5_20260614_temp1rl_math,2,4096,32768,final,metrics,docs/lyris_qwen235b_standalone_temp1rl_20260614_metrics.csv,yes_row,1,math500_osl32k_qwen235b_pard_k5
Math,Qwen/Qwen3-235B-A22B,1.0,pard,5,pard_k5,math500 | math500_osl32k_qwen235b_pard_k5,2,4096,32768,manifest-only,manifest,docs/lyris_qwen235b_standalone_temp1rl_20260614_manifest.csv,no,1,math500_osl32k_qwen235b_pard_k5
Math,Qwen/Qwen3-235B-A22B,1.0,pard,5,pard_k5,math500 | math500_osl32k_qwen235b_pard_k5,2,4096,32768,manifest-only,status,docs/lyris_qwen235b_standalone_temp1rl_20260614_status.csv,yes_source_batch_only,1,math500_osl32k_qwen235b_pard_k5
Math,Qwen/Qwen3-235B-A22B,1.0,suffix,32,suffix_k32,math_500_data_prompts_20260612.jsonl | qwen235b_a22b_math500_osl32k_lyris_tp4_fp8kv_suffix_offset0_n4_isl4096_osl32768_bs1_2_k32_arctic_20260614_temp1rl_math,1,4096,32768,final,metrics,docs/lyris_qwen235b_standalone_temp1rl_20260614_metrics.csv,yes_row,1,math500_osl32k_qwen235b_suffix_k32
Math,Qwen/Qwen3-235B-A22B,1.0,suffix,32,suffix_k32,math500 | math500_osl32k_qwen235b_suffix_k32,1,4096,32768,manifest-only,manifest,docs/lyris_qwen235b_standalone_temp1rl_20260614_manifest.csv,no,1,math500_osl32k_qwen235b_suffix_k32
Math,Qwen/Qwen3-235B-A22B,1.0,suffix,32,suffix_k32,math500 | math500_osl32k_qwen235b_suffix_k32,1,4096,32768,manifest-only,status,docs/lyris_qwen235b_standalone_temp1rl_20260614_status.csv,yes_source_batch_only,1,math500_osl32k_qwen235b_suffix_k32
Math,Qwen/Qwen3-235B-A22B,1.0,suffix,32,suffix_k32,math_500_data_prompts_20260612.jsonl | qwen235b_a22b_math500_osl32k_lyris_tp4_fp8kv_suffix_offset0_n4_isl4096_osl32768_bs1_2_k32_arctic_20260614_temp1rl_math,2,4096,32768,final,metrics,docs/lyris_qwen235b_standalone_temp1rl_20260614_metrics.csv,yes_row,1,math500_osl32k_qwen235b_suffix_k32
Math,Qwen/Qwen3-235B-A22B,1.0,suffix,32,suffix_k32,math500 | math500_osl32k_qwen235b_suffix_k32,2,4096,32768,manifest-only,manifest,docs/lyris_qwen235b_standalone_temp1rl_20260614_manifest.csv,no,1,math500_osl32k_qwen235b_suffix_k32
Math,Qwen/Qwen3-235B-A22B,1.0,suffix,32,suffix_k32,math500 | math500_osl32k_qwen235b_suffix_k32,2,4096,32768,manifest-only,status,docs/lyris_qwen235b_standalone_temp1rl_20260614_status.csv,yes_source_batch_only,1,math500_osl32k_qwen235b_suffix_k32
Math,Qwen/Qwen3-30B-A3B,,baseline,,baseline,math500 | math500_osl32k_qwen30_baseline,1,4096,32768,manifest-only,manifest,docs/lyris_math500_osl32k_manifest_20260612.csv,no,1,math500_osl32k_qwen30_baseline
Math,Qwen/Qwen3-30B-A3B,,baseline,,baseline,math500,1,4096,32768,manifest-only,status,docs/lyris_math500_osl32k_status_20260612.csv,no,1,2107332
Math,Qwen/Qwen3-30B-A3B,,baseline,,baseline,math_500_data_prompts_20260612.jsonl | qwen30ba3b_math500_osl32k_lyris_baseline_offset0_n4_isl4096_osl32768_bs1_2_20260612_math,1,4096,32768,partial,metrics,docs/lyris_math500_osl32k_metrics_20260612.csv,no,1,math500_osl32k_qwen30_baseline
Math,Qwen/Qwen3-30B-A3B,,baseline,,baseline,math500 | math500_osl32k_qwen30_baseline,2,4096,32768,manifest-only,manifest,docs/lyris_math500_osl32k_manifest_20260612.csv,no,1,math500_osl32k_qwen30_baseline
Math,Qwen/Qwen3-30B-A3B,,baseline,,baseline,math500,2,4096,32768,manifest-only,status,docs/lyris_math500_osl32k_status_20260612.csv,no,1,2107332
Math,Qwen/Qwen3-30B-A3B,,baseline,,baseline,math_500_data_prompts_20260612.jsonl | qwen30ba3b_math500_osl32k_lyris_baseline_offset0_n4_isl4096_osl32768_bs1_2_20260612_math,2,4096,32768,partial,metrics,docs/lyris_math500_osl32k_metrics_20260612.csv,no,1,math500_osl32k_qwen30_baseline
Math,Qwen/Qwen3-30B-A3B,,pard,3,pard_k3,math_500_data_prompts_20260612.jsonl | qwen30ba3b_math500_osl32k_pardk3_lyris_pard_offset0_n4_isl4096_osl32768_bs1_2_k3_20260612_math,1,4096,32768,final,metrics,docs/lyris_math500_osl32k_metrics_20260612.csv,no,1,math500_osl32k_qwen30_pard_k3
Math,Qwen/Qwen3-30B-A3B,,pard,3,pard_k3,math500 | math500_osl32k_qwen30_pard_k3,1,4096,32768,manifest-only,manifest,docs/lyris_math500_osl32k_manifest_20260612.csv,no,1,math500_osl32k_qwen30_pard_k3
Math,Qwen/Qwen3-30B-A3B,,baseline,3,pard_k3,math500,1,4096,32768,manifest-only,status,docs/lyris_math500_osl32k_status_20260612.csv,no,1,2107335
Math,Qwen/Qwen3-30B-A3B,,pard,3,pard_k3,math_500_data_prompts_20260612.jsonl | qwen30ba3b_math500_osl32k_pardk3_lyris_pard_offset0_n4_isl4096_osl32768_bs1_2_k3_20260612_math,2,4096,32768,final,metrics,docs/lyris_math500_osl32k_metrics_20260612.csv,no,1,math500_osl32k_qwen30_pard_k3
Math,Qwen/Qwen3-30B-A3B,,pard,3,pard_k3,math500 | math500_osl32k_qwen30_pard_k3,2,4096,32768,manifest-only,manifest,docs/lyris_math500_osl32k_manifest_20260612.csv,no,1,math500_osl32k_qwen30_pard_k3
Math,Qwen/Qwen3-30B-A3B,,baseline,3,pard_k3,math500,2,4096,32768,manifest-only,status,docs/lyris_math500_osl32k_status_20260612.csv,no,1,2107335
Math,Qwen/Qwen3-30B-A3B,,pard,5,pard_k5,math_500_data_prompts_20260612.jsonl | qwen30ba3b_math500_osl32k_lyris_pard_offset0_n4_isl4096_osl32768_bs1_2_k5_20260612_math,1,4096,32768,final,metrics,docs/lyris_math500_osl32k_metrics_20260612.csv,no,1,math500_osl32k_qwen30_pard_k5
Math,Qwen/Qwen3-30B-A3B,,pard,5,pard_k5,math500 | math500_osl32k_qwen30_pard_k5,1,4096,32768,manifest-only,manifest,docs/lyris_math500_osl32k_manifest_20260612.csv,no,1,math500_osl32k_qwen30_pard_k5
Math,Qwen/Qwen3-30B-A3B,,baseline,5,pard_k5,math500,1,4096,32768,manifest-only,status,docs/lyris_math500_osl32k_status_20260612.csv,no,1,2107334
Math,Qwen/Qwen3-30B-A3B,,pard,5,pard_k5,math_500_data_prompts_20260612.jsonl | qwen30ba3b_math500_osl32k_lyris_pard_offset0_n4_isl4096_osl32768_bs1_2_k5_20260612_math,2,4096,32768,final,metrics,docs/lyris_math500_osl32k_metrics_20260612.csv,no,1,math500_osl32k_qwen30_pard_k5
Math,Qwen/Qwen3-30B-A3B,,pard,5,pard_k5,math500 | math500_osl32k_qwen30_pard_k5,2,4096,32768,manifest-only,manifest,docs/lyris_math500_osl32k_manifest_20260612.csv,no,1,math500_osl32k_qwen30_pard_k5
Math,Qwen/Qwen3-30B-A3B,,baseline,5,pard_k5,math500,2,4096,32768,manifest-only,status,docs/lyris_math500_osl32k_status_20260612.csv,no,1,2107334
Math,Qwen/Qwen3-30B-A3B,,suffix,32,suffix_k32,math_500_data_prompts_20260612.jsonl | qwen30ba3b_math500_osl32k_lyris_suffix_offset0_n4_isl4096_osl32768_bs1_2_k32_arctic_20260612_math,1,4096,32768,final,metrics,docs/lyris_math500_osl32k_metrics_20260612.csv,no,1,math500_osl32k_qwen30_suffix_k32
Math,Qwen/Qwen3-30B-A3B,,suffix,32,suffix_k32,math500 | math500_osl32k_qwen30_suffix_k32,1,4096,32768,manifest-only,manifest,docs/lyris_math500_osl32k_manifest_20260612.csv,no,1,math500_osl32k_qwen30_suffix_k32
Math,Qwen/Qwen3-30B-A3B,,baseline,32,suffix_k32,math500,1,4096,32768,manifest-only,status,docs/lyris_math500_osl32k_status_20260612.csv,no,1,2107333
Math,Qwen/Qwen3-30B-A3B,,suffix,32,suffix_k32,math_500_data_prompts_20260612.jsonl | qwen30ba3b_math500_osl32k_lyris_suffix_offset0_n4_isl4096_osl32768_bs1_2_k32_arctic_20260612_math,2,4096,32768,final,metrics,docs/lyris_math500_osl32k_metrics_20260612.csv,no,1,math500_osl32k_qwen30_suffix_k32
Math,Qwen/Qwen3-30B-A3B,,suffix,32,suffix_k32,math500 | math500_osl32k_qwen30_suffix_k32,2,4096,32768,manifest-only,manifest,docs/lyris_math500_osl32k_manifest_20260612.csv,no,1,math500_osl32k_qwen30_suffix_k32
Math,Qwen/Qwen3-30B-A3B,,baseline,32,suffix_k32,math500,2,4096,32768,manifest-only,status,docs/lyris_math500_osl32k_status_20260612.csv,no,1,2107333
Math,Qwen/Qwen3-30B-A3B,0.0,baseline,0,baseline,math_500_data_prompts_20260612.jsonl | qwen30ba3b_math500_osl32k_temp01_lyris_baseline_offset0_n4_isl4096_osl32768_bs1_2_20260616_math_temp0_core_home_mount_qwen30ba3b,1,4096,32768,partial,metrics,docs/lyris_math500_osl32k_temp01_home_retry_metrics_live_20260616.csv,yes_source_batch_only,1,math_t00_qwen30ba3b_baseline_bs1_j2136607
Math,Qwen/Qwen3-30B-A3B,0.0,baseline,0,baseline,math_500_data_prompts_20260612.jsonl | qwen30ba3b_math500_osl32k_temp01_lyris_baseline_offset0_n4_isl4096_osl32768_bs1_2_20260616_math_temp0_core_home_mount_qwen30ba3b,2,4096,32768,partial,metrics,docs/lyris_math500_osl32k_temp01_home_retry_metrics_live_20260616.csv,yes_source_batch_only,1,math_t00_qwen30ba3b_baseline_bs2_j2136607
Math,Qwen/Qwen3-30B-A3B,0.0,eagle3,3,eagle3_k3,math_500_data_prompts_20260612.jsonl | qwen30ba3b_math500_osl32k_temp01_lyris_eagle3_offset0_n4_isl4096_osl32768_bs1_2_k3_20260616_math_temp0_core_home_qwen30ba3b,1,4096,32768,final,metrics,docs/lyris_math500_osl32k_temp01_home_retry_metrics_live_20260616.csv,yes_row,1,math_t00_qwen30ba3b_eagle3_k3_bs1_j2135739
Math,Qwen/Qwen3-30B-A3B,0.0,eagle3,3,eagle3_k3,math_500_data_prompts_20260612.jsonl | qwen30ba3b_math500_osl32k_temp01_lyris_eagle3_offset0_n4_isl4096_osl32768_bs1_2_k3_20260616_math_temp0_core_home_qwen30ba3b,2,4096,32768,final,metrics,docs/lyris_math500_osl32k_temp01_home_retry_metrics_live_20260616.csv,yes_row,1,math_t00_qwen30ba3b_eagle3_k3_bs2_j2135739
Math,Qwen/Qwen3-30B-A3B,0.0,pard,3,pard_k3,math_500_data_prompts_20260612.jsonl | qwen30ba3b_math500_osl32k_temp01_lyris_publicpard_pard_offset0_n4_isl4096_osl32768_bs1_2_k3_20260616_math_temp01_project_qwen30ba3b_t00_publicpard_k3,1,4096,32768,final,metrics,docs/lyris_math500_osl32k_temp01_home_retry_metrics_live_20260616.csv,yes_row,1,math_t00_qwen30ba3b_pard_k3_bs1_j2139660
Math,Qwen/Qwen3-30B-A3B,0.0,pard,5,pard_k5,math_500_data_prompts_20260612.jsonl | qwen30ba3b_math500_osl32k_temp01_lyris_publicpard_pard_offset0_n4_isl4096_osl32768_bs1_2_k5_20260616_math_temp01_project_qwen30ba3b_t00_publicpard_k5,1,4096,32768,final,metrics,docs/lyris_math500_osl32k_temp01_home_retry_metrics_live_20260616.csv,yes_row,1,math_t00_qwen30ba3b_pard_k5_bs1_j2139661
Math,Qwen/Qwen3-30B-A3B,0.0,suffix,32,suffix_k32,math_500_data_prompts_20260612.jsonl | qwen30ba3b_math500_osl32k_temp01_lyris_suffix_offset0_n4_isl4096_osl32768_bs1_2_k32_arctic_20260616_math_temp0_core_home_mount_qwen30ba3b,1,4096,32768,final,metrics,docs/lyris_math500_osl32k_temp01_home_retry_metrics_live_20260616.csv,yes_row,1,math_t00_qwen30ba3b_suffix_k32_bs1_j2136609
Math,Qwen/Qwen3-30B-A3B,0.0,suffix,32,suffix_k32,math_500_data_prompts_20260612.jsonl | qwen30ba3b_math500_osl32k_temp01_lyris_suffix_offset0_n4_isl4096_osl32768_bs1_2_k32_arctic_20260616_math_temp0_core_home_mount_qwen30ba3b,2,4096,32768,final,metrics,docs/lyris_math500_osl32k_temp01_home_retry_metrics_live_20260616.csv,yes_row,1,math_t00_qwen30ba3b_suffix_k32_bs2_j2136609
Math,Qwen/Qwen3-30B-A3B,1.0,baseline,0,baseline,math_500_data_prompts_20260612.jsonl | qwen30ba3b_math500_osl32k_temp01_lyris_baseline_offset0_n4_isl4096_osl32768_bs1_2_20260616_math_temp1_core_home_qwen30ba3b,1,4096,32768,partial,metrics,docs/lyris_math500_osl32k_temp01_home_retry_metrics_live_20260616.csv,yes_source_batch_only,1,math_t10_qwen30ba3b_baseline_bs1_j2135741
Math,Qwen/Qwen3-30B-A3B,1.0,baseline,0,baseline,math_500_data_prompts_20260612.jsonl | qwen30ba3b_math500_osl32k_temp01_lyris_baseline_offset0_n4_isl4096_osl32768_bs1_2_20260616_math_temp1_core_home_qwen30ba3b,2,4096,32768,partial,metrics,docs/lyris_math500_osl32k_temp01_home_retry_metrics_live_20260616.csv,yes_source_batch_only,1,math_t10_qwen30ba3b_baseline_bs2_j2135741
Math,Qwen/Qwen3-30B-A3B,1.0,eagle3,3,eagle3_k3,math_500_data_prompts_20260612.jsonl | qwen30ba3b_math500_osl32k_temp01_lyris_eagle3_offset0_n4_isl4096_osl32768_bs1_2_k3_20260616_math_temp1_core_home_qwen30ba3b,1,4096,32768,final,metrics,docs/lyris_math500_osl32k_temp01_home_retry_metrics_live_20260616.csv,yes_row,1,math_t10_qwen30ba3b_eagle3_k3_bs1_j2135743
Math,Qwen/Qwen3-30B-A3B,1.0,eagle3,3,eagle3_k3,math_500_data_prompts_20260612.jsonl | qwen30ba3b_math500_osl32k_temp01_lyris_eagle3_offset0_n4_isl4096_osl32768_bs1_2_k3_20260616_math_temp1_core_home_qwen30ba3b,2,4096,32768,final,metrics,docs/lyris_math500_osl32k_temp01_home_retry_metrics_live_20260616.csv,yes_row,1,math_t10_qwen30ba3b_eagle3_k3_bs2_j2135743
Math,Qwen/Qwen3-30B-A3B,1.0,pard,3,pard_k3,math_500_data_prompts_20260612.jsonl | qwen30ba3b_math500_osl32k_temp01_lyris_publicpard_pard_offset0_n4_isl4096_osl32768_bs1_2_k3_20260616_math_temp01_project_qwen30ba3b_t10_publicpard_k3,1,4096,32768,final,metrics,docs/lyris_math500_osl32k_temp01_home_retry_metrics_live_20260616.csv,yes_row,1,math_t10_qwen30ba3b_pard_k3_bs1_j2139662
Math,Qwen/Qwen3-30B-A3B,1.0,pard,5,pard_k5,math_500_data_prompts_20260612.jsonl | qwen30ba3b_math500_osl32k_temp01_lyris_publicpard_pard_offset0_n4_isl4096_osl32768_bs1_2_k5_20260616_math_temp01_project_qwen30ba3b_t10_publicpard_k5,1,4096,32768,final,metrics,docs/lyris_math500_osl32k_temp01_home_retry_metrics_live_20260616.csv,yes_row,1,math_t10_qwen30ba3b_pard_k5_bs1_j2139663
Math,Qwen/Qwen3-30B-A3B,1.0,suffix,32,suffix_k32,math_500_data_prompts_20260612.jsonl | qwen30ba3b_math500_osl32k_temp01_lyris_suffix_offset0_n4_isl4096_osl32768_bs1_2_k32_arctic_20260616_math_temp1_core_home_qwen30ba3b,1,4096,32768,final,metrics,docs/lyris_math500_osl32k_temp01_home_retry_metrics_live_20260616.csv,yes_row,1,math_t10_qwen30ba3b_suffix_k32_bs1_j2135742
Math,Qwen/Qwen3-30B-A3B,1.0,suffix,32,suffix_k32,math_500_data_prompts_20260612.jsonl | qwen30ba3b_math500_osl32k_temp01_lyris_suffix_offset0_n4_isl4096_osl32768_bs1_2_k32_arctic_20260616_math_temp1_core_home_qwen30ba3b,2,4096,32768,final,metrics,docs/lyris_math500_osl32k_temp01_home_retry_metrics_live_20260616.csv,yes_row,1,math_t10_qwen30ba3b_suffix_k32_bs2_j2135742
Math,Qwen/Qwen3-8B,,baseline,,baseline,math500 | math500_osl32k_qwen8_baseline,1,4096,32768,manifest-only,manifest,docs/lyris_math500_osl32k_manifest_20260612.csv,no,1,math500_osl32k_qwen8_baseline
Math,Qwen/Qwen3-8B,,baseline,,baseline,math500,1,4096,32768,manifest-only,status,docs/lyris_math500_osl32k_status_20260612.csv,no,1,2107295
Math,Qwen/Qwen3-8B,,baseline,,baseline,math_500_data_prompts_20260612.jsonl | qwen8_math500_osl32k_lyris_baseline_offset0_n4_isl4096_osl32768_bs1_2_20260612_math,1,4096,32768,partial,metrics,docs/lyris_math500_osl32k_metrics_20260612.csv,no,1,math500_osl32k_qwen8_baseline
Math,Qwen/Qwen3-8B,,baseline,,baseline,math500 | math500_osl32k_qwen8_baseline,2,4096,32768,manifest-only,manifest,docs/lyris_math500_osl32k_manifest_20260612.csv,no,1,math500_osl32k_qwen8_baseline
Math,Qwen/Qwen3-8B,,baseline,,baseline,math500,2,4096,32768,manifest-only,status,docs/lyris_math500_osl32k_status_20260612.csv,no,1,2107295
Math,Qwen/Qwen3-8B,,baseline,,baseline,math_500_data_prompts_20260612.jsonl | qwen8_math500_osl32k_lyris_baseline_offset0_n4_isl4096_osl32768_bs1_2_20260612_math,2,4096,32768,partial,metrics,docs/lyris_math500_osl32k_metrics_20260612.csv,no,1,math500_osl32k_qwen8_baseline
Math,Qwen/Qwen3-8B,,eagle3,3,eagle3_k3,math_500_data_prompts_20260612.jsonl | qwen8_math500_osl32k_lyris_eagle3_offset0_n4_isl4096_osl32768_bs1_2_k3_20260612_math,1,4096,32768,final,metrics,docs/lyris_math500_osl32k_metrics_20260612.csv,no,1,math500_osl32k_qwen8_eagle3_k3
Math,Qwen/Qwen3-8B,,eagle3,3,eagle3_k3,math500 | math500_osl32k_qwen8_eagle3_k3,1,4096,32768,manifest-only,manifest,docs/lyris_math500_osl32k_manifest_20260612.csv,no,1,math500_osl32k_qwen8_eagle3_k3
Math,Qwen/Qwen3-8B,,baseline,3,eagle3_k3,math500,1,4096,32768,manifest-only,status,docs/lyris_math500_osl32k_status_20260612.csv,no,1,2107297
Math,Qwen/Qwen3-8B,,eagle3,3,eagle3_k3,math_500_data_prompts_20260612.jsonl | qwen8_math500_osl32k_lyris_eagle3_offset0_n4_isl4096_osl32768_bs1_2_k3_20260612_math,2,4096,32768,final,metrics,docs/lyris_math500_osl32k_metrics_20260612.csv,no,1,math500_osl32k_qwen8_eagle3_k3
Math,Qwen/Qwen3-8B,,eagle3,3,eagle3_k3,math500 | math500_osl32k_qwen8_eagle3_k3,2,4096,32768,manifest-only,manifest,docs/lyris_math500_osl32k_manifest_20260612.csv,no,1,math500_osl32k_qwen8_eagle3_k3
Math,Qwen/Qwen3-8B,,baseline,3,eagle3_k3,math500,2,4096,32768,manifest-only,status,docs/lyris_math500_osl32k_status_20260612.csv,no,1,2107297
Math,Qwen/Qwen3-8B,,baseline,3,official_pard2_k3,math500,1,4096,32768,failed,status,docs/lyris_math500_osl32k_status_20260612.csv,no,1,2107298
Math,Qwen/Qwen3-8B,,pard2,3,official_pard2_k3,math500 | math500_osl32k_qwen8_official_pard2_k3,1,4096,32768,manifest-only,manifest,docs/lyris_math500_osl32k_manifest_20260612.csv,no,1,math500_osl32k_qwen8_official_pard2_k3
Math,Qwen/Qwen3-8B,,baseline,3,official_pard2_k3,math500,2,4096,32768,failed,status,docs/lyris_math500_osl32k_status_20260612.csv,no,1,2107298
Math,Qwen/Qwen3-8B,,pard2,3,official_pard2_k3,math500 | math500_osl32k_qwen8_official_pard2_k3,2,4096,32768,manifest-only,manifest,docs/lyris_math500_osl32k_manifest_20260612.csv,no,1,math500_osl32k_qwen8_official_pard2_k3
Math,Qwen/Qwen3-8B,,baseline,5,official_pard2_k5,math500,1,4096,32768,failed,status,docs/lyris_math500_osl32k_status_20260612.csv,no,1,2107302
Math,Qwen/Qwen3-8B,,pard2,5,official_pard2_k5,math500 | math500_osl32k_qwen8_official_pard2_k5,1,4096,32768,manifest-only,manifest,docs/lyris_math500_osl32k_manifest_20260612.csv,no,1,math500_osl32k_qwen8_official_pard2_k5
Math,Qwen/Qwen3-8B,,baseline,5,official_pard2_k5,math500,2,4096,32768,failed,status,docs/lyris_math500_osl32k_status_20260612.csv,no,1,2107302
Math,Qwen/Qwen3-8B,,pard2,5,official_pard2_k5,math500 | math500_osl32k_qwen8_official_pard2_k5,2,4096,32768,manifest-only,manifest,docs/lyris_math500_osl32k_manifest_20260612.csv,no,1,math500_osl32k_qwen8_official_pard2_k5
Math,Qwen/Qwen3-8B,,pard2,3,pard2_k3,math_500_data_prompts_20260612.jsonl | qwen8_math500_osl32k_pard2_official_k3_20260612,1,4096,32768,final,metrics,docs/lyris_math500_osl32k_metrics_20260612.csv,no,1,math500_osl32k_qwen8_official_pard2_k3
Math,Qwen/Qwen3-8B,,pard2,5,pard2_k5,math_500_data_prompts_20260612.jsonl | qwen8_math500_osl32k_pard2_official_k5_20260612,1,4096,32768,final,metrics,docs/lyris_math500_osl32k_metrics_20260612.csv,no,1,math500_osl32k_qwen8_official_pard2_k5
Math,Qwen/Qwen3-8B,,suffix,32,suffix_k32,math_500_data_prompts_20260612.jsonl | qwen8_math500_osl32k_lyris_suffix_offset0_n4_isl4096_osl32768_bs1_2_k32_arctic_20260612_math,1,4096,32768,final,metrics,docs/lyris_math500_osl32k_metrics_20260612.csv,no,1,math500_osl32k_qwen8_suffix_k32
Math,Qwen/Qwen3-8B,,suffix,32,suffix_k32,math500 | math500_osl32k_qwen8_suffix_k32,1,4096,32768,manifest-only,manifest,docs/lyris_math500_osl32k_manifest_20260612.csv,no,1,math500_osl32k_qwen8_suffix_k32
Math,Qwen/Qwen3-8B,,baseline,32,suffix_k32,math500,1,4096,32768,manifest-only,status,docs/lyris_math500_osl32k_status_20260612.csv,no,1,2107296
Math,Qwen/Qwen3-8B,,suffix,32,suffix_k32,math_500_data_prompts_20260612.jsonl | qwen8_math500_osl32k_lyris_suffix_offset0_n4_isl4096_osl32768_bs1_2_k32_arctic_20260612_math,2,4096,32768,final,metrics,docs/lyris_math500_osl32k_metrics_20260612.csv,no,1,math500_osl32k_qwen8_suffix_k32
Math,Qwen/Qwen3-8B,,suffix,32,suffix_k32,math500 | math500_osl32k_qwen8_suffix_k32,2,4096,32768,manifest-only,manifest,docs/lyris_math500_osl32k_manifest_20260612.csv,no,1,math500_osl32k_qwen8_suffix_k32
Math,Qwen/Qwen3-8B,,baseline,32,suffix_k32,math500,2,4096,32768,manifest-only,status,docs/lyris_math500_osl32k_status_20260612.csv,no,1,2107296
Math,Qwen/Qwen3-8B,0.0,baseline,0,baseline,math_500_data_prompts_20260612.jsonl | qwen8_math500_osl32k_temp01_lyris_baseline_offset0_n4_isl4096_osl32768_bs1_2_20260616_math_temp0_core_home_mount_qwen8,1,4096,32768,partial,metrics,docs/lyris_math500_osl32k_temp01_home_retry_metrics_live_20260616.csv,yes_source_batch_only,1,math_t00_qwen8_baseline_bs1_j2136605
Math,Qwen/Qwen3-8B,0.0,baseline,0,baseline,math_500_data_prompts_20260613.jsonl | qwen8_math_osl32k_oci_temp01_t00_baseline_pard1_k3_k5_offset0_n4_isl4096_osl32768_bs1_2_20260616,1,4096,32768,partial,metrics,docs/oci_hsg_qwen8_pard1_standalone_temp01_20260616_r3_metrics.csv,no,1,oci_qwen8_math_t00_baseline_log_provisional
Math,Qwen/Qwen3-8B,0.0,baseline,0,baseline,math_500_data_prompts_20260613.jsonl | qwen8_math_osl32k_oci_temp01_t00_baseline_pard1_k3_k5_offset0_n4_isl4096_osl32768_bs1_2_20260616_r4_noprof_baseline,1,4096,32768,partial,metrics,docs/oci_hsg_qwen8_pard1_standalone_temp01_20260616_r4_noprof_metrics.csv,no,1,oci_qwen8_math_t00_baseline
Math,Qwen/Qwen3-8B,0.0,baseline,0,baseline,math_500_data_prompts_20260612.jsonl | qwen8_math500_osl32k_temp01_lyris_baseline_offset0_n4_isl4096_osl32768_bs1_2_20260616_math_temp0_core_home_mount_qwen8,2,4096,32768,partial,metrics,docs/lyris_math500_osl32k_temp01_home_retry_metrics_live_20260616.csv,yes_source_batch_only,1,math_t00_qwen8_baseline_bs2_j2136605
Math,Qwen/Qwen3-8B,0.0,baseline,0,baseline,math_500_data_prompts_20260613.jsonl | qwen8_math_osl32k_oci_temp01_t00_baseline_pard1_k3_k5_offset0_n4_isl4096_osl32768_bs1_2_20260616_r4_noprof_baseline,2,4096,32768,partial,metrics,docs/oci_hsg_qwen8_pard1_standalone_temp01_20260616_r4_noprof_metrics.csv,no,1,oci_qwen8_math_t00_baseline
Math,Qwen/Qwen3-8B,0.0,eagle3,3,eagle3_k3,math_500_data_prompts_20260612.jsonl | qwen8_math500_osl32k_temp01_lyris_eagle3_offset0_n4_isl4096_osl32768_bs1_2_k3_20260616_math_temp0_core_home_mount_qwen8,1,4096,32768,final,metrics,docs/lyris_math500_osl32k_temp01_home_retry_metrics_live_20260616.csv,yes_row,1,math_t00_qwen8_eagle3_k3_bs1_j2136610
Math,Qwen/Qwen3-8B,0.0,eagle3,3,eagle3_k3,math_500_data_prompts_20260612.jsonl | qwen8_math500_osl32k_temp01_lyris_eagle3_offset0_n4_isl4096_osl32768_bs1_2_k3_20260616_math_temp0_core_home_mount_qwen8,2,4096,32768,final,metrics,docs/lyris_math500_osl32k_temp01_home_retry_metrics_live_20260616.csv,yes_row,1,math_t00_qwen8_eagle3_k3_bs2_j2136610
Math,Qwen/Qwen3-8B,0.0,pard,3,pard_k3,math_500_data_prompts_20260612.jsonl | qwen8_math500_osl32k_temp01_lyris_publicpard_pard_offset0_n4_isl4096_osl32768_bs1_2_k3_20260616_math_temp01_project_qwen8_t00_publicpard_k3,1,4096,32768,final,metrics,docs/lyris_math500_osl32k_temp01_home_retry_metrics_live_20260616.csv,yes_row,1,math_t00_qwen8_pard_k3_bs1_j2139656
Math,Qwen/Qwen3-8B,0.0,pard,3,pard_k3,math_500_data_prompts_20260613.jsonl | qwen8_math_osl32k_oci_temp01_t00_baseline_pard1_k3_k5_offset0_n4_isl4096_osl32768_bs1_2_20260616_r4_noprof_pard_k3,1,4096,32768,final,metrics,docs/oci_hsg_qwen8_pard1_standalone_temp01_20260616_r4_noprof_metrics.csv,no,1,oci_qwen8_math_t00_pard3
Math,Qwen/Qwen3-8B,0.0,pard,3,pard_k3,math_500_data_prompts_20260613.jsonl | qwen8_math_osl32k_oci_temp01_t00_baseline_pard1_k3_k5_offset0_n4_isl4096_osl32768_bs1_2_20260616,1,4096,32768,partial,metrics,docs/oci_hsg_qwen8_pard1_standalone_temp01_20260616_r3_metrics.csv,no,1,oci_qwen8_math_t00_pard3_log_provisional
Math,Qwen/Qwen3-8B,0.0,pard,3,pard_k3,math_500_data_prompts_20260613.jsonl | qwen8_math_osl32k_oci_temp01_t00_baseline_pard1_k3_k5_offset0_n4_isl4096_osl32768_bs1_2_20260616_r4_noprof_pard_k3,2,4096,32768,final,metrics,docs/oci_hsg_qwen8_pard1_standalone_temp01_20260616_r4_noprof_metrics.csv,no,1,oci_qwen8_math_t00_pard3
Math,Qwen/Qwen3-8B,0.0,pard,5,pard_k5,math_500_data_prompts_20260612.jsonl | qwen8_math500_osl32k_temp01_lyris_publicpard_pard_offset0_n4_isl4096_osl32768_bs1_2_k5_20260616_math_temp01_project_qwen8_t00_publicpard_k5,1,4096,32768,final,metrics,docs/lyris_math500_osl32k_temp01_home_retry_metrics_live_20260616.csv,yes_row,1,math_t00_qwen8_pard_k5_bs1_j2139657
Math,Qwen/Qwen3-8B,0.0,pard,5,pard_k5,math_500_data_prompts_20260613.jsonl | qwen8_math_osl32k_oci_temp01_t00_baseline_pard1_k3_k5_offset0_n4_isl4096_osl32768_bs1_2_20260616_r4_noprof_pard_k5,1,4096,32768,final,metrics,docs/oci_hsg_qwen8_pard1_standalone_temp01_20260616_r4_noprof_metrics.csv,no,1,oci_qwen8_math_t00_pard5
Math,Qwen/Qwen3-8B,0.0,pard,5,pard_k5,math_500_data_prompts_20260613.jsonl | qwen8_math_osl32k_oci_temp01_t00_baseline_pard1_k3_k5_offset0_n4_isl4096_osl32768_bs1_2_20260616,1,4096,32768,partial,metrics,docs/oci_hsg_qwen8_pard1_standalone_temp01_20260616_r3_metrics.csv,no,1,oci_qwen8_math_t00_pard5_log_provisional
Math,Qwen/Qwen3-8B,0.0,pard,5,pard_k5,math_500_data_prompts_20260613.jsonl | qwen8_math_osl32k_oci_temp01_t00_baseline_pard1_k3_k5_offset0_n4_isl4096_osl32768_bs1_2_20260616_r4_noprof_pard_k5,2,4096,32768,final,metrics,docs/oci_hsg_qwen8_pard1_standalone_temp01_20260616_r4_noprof_metrics.csv,no,1,oci_qwen8_math_t00_pard5
Math,Qwen/Qwen3-8B,0.0,suffix,32,suffix_k32,math_500_data_prompts_20260612.jsonl | qwen8_math500_osl32k_temp01_lyris_suffix_offset0_n4_isl4096_osl32768_bs1_2_k32_arctic_20260616_math_temp0_core_home_mount_qwen8,1,4096,32768,final,metrics,docs/lyris_math500_osl32k_temp01_home_retry_metrics_live_20260616.csv,yes_row,1,math_t00_qwen8_suffix_k32_bs1_j2136608
Math,Qwen/Qwen3-8B,0.0,suffix,32,suffix_k32,math_500_data_prompts_20260612.jsonl | qwen8_math500_osl32k_temp01_lyris_suffix_offset0_n4_isl4096_osl32768_bs1_2_k32_arctic_20260616_math_temp0_core_home_mount_qwen8,2,4096,32768,final,metrics,docs/lyris_math500_osl32k_temp01_home_retry_metrics_live_20260616.csv,yes_row,1,math_t00_qwen8_suffix_k32_bs2_j2136608
Math,Qwen/Qwen3-8B,1.0,baseline,0,baseline,math_500_data_prompts_20260612.jsonl | qwen8_math500_osl32k_temp01_lyris_baseline_offset0_n4_isl4096_osl32768_bs1_2_20260616_math_temp1_core_home_mount_qwen8_baseline,1,4096,32768,partial,metrics,docs/lyris_math500_osl32k_temp01_home_retry_metrics_live_20260616.csv,yes_source_batch_only,1,math_t10_qwen8_baseline_bs1_j2136606
Math,Qwen/Qwen3-8B,1.0,baseline,0,baseline,math_500_data_prompts_20260613.jsonl | qwen8_math_osl32k_oci_temp01_t10_baseline_pard1_k3_k5_offset0_n4_isl4096_osl32768_bs1_2_20260616,1,4096,32768,partial,metrics,docs/oci_hsg_qwen8_pard1_standalone_temp01_20260616_r3_metrics.csv,no,1,oci_qwen8_math_t10_baseline_log_provisional
Math,Qwen/Qwen3-8B,1.0,baseline,0,baseline,math_500_data_prompts_20260613.jsonl | qwen8_math_osl32k_oci_temp01_t10_baseline_pard1_k3_k5_offset0_n4_isl4096_osl32768_bs1_2_20260616_r4_noprof_baseline,1,4096,32768,partial,metrics,docs/oci_hsg_qwen8_pard1_standalone_temp01_20260616_r4_noprof_metrics.csv,no,1,oci_qwen8_math_t10_baseline
Math,Qwen/Qwen3-8B,1.0,baseline,0,baseline,math_500_data_prompts_20260612.jsonl | qwen8_math500_osl32k_temp01_lyris_baseline_offset0_n4_isl4096_osl32768_bs1_2_20260616_math_temp1_core_home_mount_qwen8_baseline,2,4096,32768,partial,metrics,docs/lyris_math500_osl32k_temp01_home_retry_metrics_live_20260616.csv,yes_source_batch_only,1,math_t10_qwen8_baseline_bs2_j2136606
Math,Qwen/Qwen3-8B,1.0,baseline,0,baseline,math_500_data_prompts_20260613.jsonl | qwen8_math_osl32k_oci_temp01_t10_baseline_pard1_k3_k5_offset0_n4_isl4096_osl32768_bs1_2_20260616_r4_noprof_baseline,2,4096,32768,partial,metrics,docs/oci_hsg_qwen8_pard1_standalone_temp01_20260616_r4_noprof_metrics.csv,no,1,oci_qwen8_math_t10_baseline
Math,Qwen/Qwen3-8B,1.0,eagle3,3,eagle3_k3,math_500_data_prompts_20260612.jsonl | qwen8_math500_osl32k_temp01_lyris_eagle3_offset0_n4_isl4096_osl32768_bs1_2_k3_20260616_math_temp1_core_home_qwen8,1,4096,32768,final,metrics,docs/lyris_math500_osl32k_temp01_home_retry_metrics_live_20260616.csv,yes_row,1,math_t10_qwen8_eagle3_k3_bs1_j2135747
Math,Qwen/Qwen3-8B,1.0,eagle3,3,eagle3_k3,math_500_data_prompts_20260612.jsonl | qwen8_math500_osl32k_temp01_lyris_eagle3_offset0_n4_isl4096_osl32768_bs1_2_k3_20260616_math_temp1_core_home_qwen8,2,4096,32768,final,metrics,docs/lyris_math500_osl32k_temp01_home_retry_metrics_live_20260616.csv,yes_row,1,math_t10_qwen8_eagle3_k3_bs2_j2135747
Math,Qwen/Qwen3-8B,1.0,pard2,3,pard2_k3,math_500_data_prompts_20260612.jsonl | qwen8_math500_osl32k_temp01_lyris_pard2_offset0_n4_isl4096_osl32768_bs1_2_k3_20260616_math_temp1_core_home_qwen8_pard2_k3,1,4096,32768,final,metrics,docs/lyris_math500_osl32k_temp01_home_retry_metrics_live_20260616.csv,yes_row,1,math_t10_qwen8_pard2_k3_bs1_j2135748
Math,Qwen/Qwen3-8B,1.0,pard2,3,pard2_k3,math_500_data_prompts_20260612.jsonl | qwen8_math500_osl32k_temp01_lyris_pard2_offset0_n4_isl4096_osl32768_bs1_2_k3_20260616_math_temp1_core_home_qwen8_pard2_k3,2,4096,32768,final,metrics,docs/lyris_math500_osl32k_temp01_home_retry_metrics_live_20260616.csv,yes_row,1,math_t10_qwen8_pard2_k3_bs2_j2135748
Math,Qwen/Qwen3-8B,1.0,pard2,5,pard2_k5,math_500_data_prompts_20260612.jsonl | qwen8_math500_osl32k_temp01_lyris_pard2_offset0_n4_isl4096_osl32768_bs1_2_k5_20260616_math_temp1_core_home_qwen8_pard2_k5,1,4096,32768,final,metrics,docs/lyris_math500_osl32k_temp01_home_retry_metrics_live_20260616.csv,yes_row,1,math_t10_qwen8_pard2_k5_bs1_j2135749
Math,Qwen/Qwen3-8B,1.0,pard2,5,pard2_k5,math_500_data_prompts_20260612.jsonl | qwen8_math500_osl32k_temp01_lyris_pard2_offset0_n4_isl4096_osl32768_bs1_2_k5_20260616_math_temp1_core_home_qwen8_pard2_k5,2,4096,32768,final,metrics,docs/lyris_math500_osl32k_temp01_home_retry_metrics_live_20260616.csv,yes_row,1,math_t10_qwen8_pard2_k5_bs2_j2135749
Math,Qwen/Qwen3-8B,1.0,pard,3,pard_k3,math_500_data_prompts_20260612.jsonl | qwen8_math500_osl32k_temp01_lyris_publicpard_pard_offset0_n4_isl4096_osl32768_bs1_2_k3_20260616_math_temp01_project_qwen8_t10_publicpard_k3,1,4096,32768,final,metrics,docs/lyris_math500_osl32k_temp01_home_retry_metrics_live_20260616.csv,yes_row,1,math_t10_qwen8_pard_k3_bs1_j2139658
Math,Qwen/Qwen3-8B,1.0,pard,3,pard_k3,math_500_data_prompts_20260613.jsonl | qwen8_math_osl32k_oci_temp01_t10_baseline_pard1_k3_k5_offset0_n4_isl4096_osl32768_bs1_2_20260616_r4_noprof_pard_k3,1,4096,32768,final,metrics,docs/oci_hsg_qwen8_pard1_standalone_temp01_20260616_r4_noprof_metrics.csv,no,1,oci_qwen8_math_t10_pard3
Math,Qwen/Qwen3-8B,1.0,pard,3,pard_k3,math_500_data_prompts_20260613.jsonl | qwen8_math_osl32k_oci_temp01_t10_baseline_pard1_k3_k5_offset0_n4_isl4096_osl32768_bs1_2_20260616,1,4096,32768,partial,metrics,docs/oci_hsg_qwen8_pard1_standalone_temp01_20260616_r3_metrics.csv,no,1,oci_qwen8_math_t10_pard3_log_provisional
Math,Qwen/Qwen3-8B,1.0,pard,3,pard_k3,math_500_data_prompts_20260612.jsonl | qwen8_math500_osl32k_temp01_lyris_publicpard_pard_offset0_n4_isl4096_osl32768_bs1_2_k3_20260616_math_temp01_project_qwen8_t10_publicpard_k3,2,4096,32768,final,metrics,docs/lyris_math500_osl32k_temp01_home_retry_metrics_live_20260616.csv,yes_row,1,math_t10_qwen8_pard_k3_bs2_j2139658
Math,Qwen/Qwen3-8B,1.0,pard,3,pard_k3,math_500_data_prompts_20260613.jsonl | qwen8_math_osl32k_oci_temp01_t10_baseline_pard1_k3_k5_offset0_n4_isl4096_osl32768_bs1_2_20260616_r4_noprof_pard_k3,2,4096,32768,final,metrics,docs/oci_hsg_qwen8_pard1_standalone_temp01_20260616_r4_noprof_metrics.csv,no,1,oci_qwen8_math_t10_pard3
Math,Qwen/Qwen3-8B,1.0,pard,5,pard_k5,math_500_data_prompts_20260612.jsonl | qwen8_math500_osl32k_temp01_lyris_publicpard_pard_offset0_n4_isl4096_osl32768_bs1_2_k5_20260616_math_temp01_project_qwen8_t10_publicpard_k5,1,4096,32768,final,metrics,docs/lyris_math500_osl32k_temp01_home_retry_metrics_live_20260616.csv,yes_row,1,math_t10_qwen8_pard_k5_bs1_j2139659
Math,Qwen/Qwen3-8B,1.0,pard,5,pard_k5,math_500_data_prompts_20260613.jsonl | qwen8_math_osl32k_oci_temp01_t10_baseline_pard1_k3_k5_offset0_n4_isl4096_osl32768_bs1_2_20260616_r4_noprof_pard_k5,1,4096,32768,final,metrics,docs/oci_hsg_qwen8_pard1_standalone_temp01_20260616_r4_noprof_metrics.csv,no,1,oci_qwen8_math_t10_pard5
Math,Qwen/Qwen3-8B,1.0,pard,5,pard_k5,math_500_data_prompts_20260613.jsonl | qwen8_math_osl32k_oci_temp01_t10_baseline_pard1_k3_k5_offset0_n4_isl4096_osl32768_bs1_2_20260616,1,4096,32768,partial,metrics,docs/oci_hsg_qwen8_pard1_standalone_temp01_20260616_r3_metrics.csv,no,1,oci_qwen8_math_t10_pard5_log_provisional
Math,Qwen/Qwen3-8B,1.0,pard,5,pard_k5,math_500_data_prompts_20260612.jsonl | qwen8_math500_osl32k_temp01_lyris_publicpard_pard_offset0_n4_isl4096_osl32768_bs1_2_k5_20260616_math_temp01_project_qwen8_t10_publicpard_k5,2,4096,32768,final,metrics,docs/lyris_math500_osl32k_temp01_home_retry_metrics_live_20260616.csv,yes_row,1,math_t10_qwen8_pard_k5_bs2_j2139659
Math,Qwen/Qwen3-8B,1.0,pard,5,pard_k5,math_500_data_prompts_20260613.jsonl | qwen8_math_osl32k_oci_temp01_t10_baseline_pard1_k3_k5_offset0_n4_isl4096_osl32768_bs1_2_20260616_r4_noprof_pard_k5,2,4096,32768,final,metrics,docs/oci_hsg_qwen8_pard1_standalone_temp01_20260616_r4_noprof_metrics.csv,no,1,oci_qwen8_math_t10_pard5
Math,Qwen/Qwen3-8B,1.0,suffix,32,suffix_k32,math_500_data_prompts_20260612.jsonl | qwen8_math500_osl32k_temp01_lyris_suffix_offset0_n4_isl4096_osl32768_bs1_2_k32_arctic_20260616_math_temp1_core_home_qwen8,1,4096,32768,final,metrics,docs/lyris_math500_osl32k_temp01_home_retry_metrics_live_20260616.csv,yes_row,1,math_t10_qwen8_suffix_k32_bs1_j2135746
Math,Qwen/Qwen3-8B,1.0,suffix,32,suffix_k32,math_500_data_prompts_20260612.jsonl | qwen8_math500_osl32k_temp01_lyris_suffix_offset0_n4_isl4096_osl32768_bs1_2_k32_arctic_20260616_math_temp1_core_home_qwen8,2,4096,32768,final,metrics,docs/lyris_math500_osl32k_temp01_home_retry_metrics_live_20260616.csv,yes_row,1,math_t10_qwen8_suffix_k32_bs2_j2135746
SWE,,,baseline,,baseline,swebench_verified_longosl,1,4096,16384,manifest-only,manifest,docs/qwen30ba3b_swebench_suffix_paperlike_20260611_arctic_jobs.csv,no,1,3264025
SWE,,,baseline,,baseline,swebench_verified_smoke,1,4096,128,manifest-only,manifest,docs/qwen30ba3b_swebench_suffix_paperlike_20260611_arctic_jobs.csv,no,1,3264022
SWE,,,baseline,,baseline,swebench_verified_longosl,1,4096,16384,manifest-only,manifest,docs/qwen30ba3b_swebench_suffix_paperlike_20260611_jobs.csv,no,1,3263991
SWE,,,baseline,,baseline,swebench_verified_smoke,1,4096,128,manifest-only,manifest,docs/qwen30ba3b_swebench_suffix_paperlike_20260611_jobs.csv,no,1,3263988
SWE,,,baseline,,baseline,swebench_verified_longosl,1,4096,16384,manifest-only,manifest,docs/swebench_pld_paperlike_20260611_jobs.csv,no,1,3264043
SWE,,,baseline,,baseline,swebench_verified_longosl,2,4096,16384,manifest-only,manifest,docs/qwen30ba3b_swebench_suffix_paperlike_20260611_arctic_jobs.csv,no,1,3264025
SWE,,,baseline,,baseline,swebench_verified_longosl,2,4096,16384,manifest-only,manifest,docs/qwen30ba3b_swebench_suffix_paperlike_20260611_jobs.csv,no,1,3263991
SWE,,,baseline,,baseline,swebench_verified_longosl,2,4096,16384,manifest-only,manifest,docs/swebench_pld_paperlike_20260611_jobs.csv,no,1,3264043
SWE,,,baseline,,baseline,,8,4096,1024,manifest-only,manifest,docs/qwen30ba3b_swebench_lite_baseline_pard_20260611_n64_jobs.csv,no,2,3264223; 3264224
SWE,,,baseline,,baseline,,8,4096,1024,manifest-only,manifest,docs/qwen30ba3b_swebench_lite_suffix_20260611_arctic_jobs.csv,no,1,3264086
SWE,,,baseline,,baseline,swebench_fulltest,8,4096,1024,manifest-only,manifest,docs/qwen30ba3b_swebench_suffix_paperlike_20260611_arctic_jobs.csv,no,1,3264024
SWE,,,baseline,,baseline,swebench_verified,8,4096,1024,manifest-only,manifest,docs/qwen30ba3b_swebench_suffix_paperlike_20260611_arctic_jobs.csv,no,1,3264023
SWE,,,baseline,,baseline,swebench_fulltest,8,4096,1024,manifest-only,manifest,docs/qwen30ba3b_swebench_suffix_paperlike_20260611_jobs.csv,no,1,3263990
SWE,,,baseline,,baseline,swebench_verified,8,4096,1024,manifest-only,manifest,docs/qwen30ba3b_swebench_suffix_paperlike_20260611_jobs.csv,no,1,3263989
SWE,,,baseline,,baseline,swebench_fulltest,8,4096,1024,manifest-only,manifest,docs/swebench_pld_paperlike_20260611_jobs.csv,no,1,3264042
SWE,,,baseline,,baseline,swebench_verified,8,4096,1024,manifest-only,manifest,docs/swebench_pld_paperlike_20260611_jobs.csv,no,2,3264041; 3264044
SWE,,,baseline,,baseline,,16,4096,1024,manifest-only,manifest,docs/qwen30ba3b_swebench_lite_baseline_pard_20260611_n64_jobs.csv,no,2,3264223; 3264224
SWE,,,baseline,,baseline,,16,4096,1024,manifest-only,manifest,docs/qwen30ba3b_swebench_lite_suffix_20260611_arctic_jobs.csv,no,1,3264086
SWE,,,baseline,,baseline,swebench_fulltest,16,4096,1024,manifest-only,manifest,docs/qwen30ba3b_swebench_suffix_paperlike_20260611_arctic_jobs.csv,no,1,3264024
SWE,,,baseline,,baseline,swebench_verified,16,4096,1024,manifest-only,manifest,docs/qwen30ba3b_swebench_suffix_paperlike_20260611_arctic_jobs.csv,no,1,3264023
SWE,,,baseline,,baseline,swebench_fulltest,16,4096,1024,manifest-only,manifest,docs/qwen30ba3b_swebench_suffix_paperlike_20260611_jobs.csv,no,1,3263990
SWE,,,baseline,,baseline,swebench_verified,16,4096,1024,manifest-only,manifest,docs/qwen30ba3b_swebench_suffix_paperlike_20260611_jobs.csv,no,1,3263989
SWE,,,baseline,,baseline,swebench_fulltest,16,4096,1024,manifest-only,manifest,docs/swebench_pld_paperlike_20260611_jobs.csv,no,1,3264042
SWE,,,baseline,,baseline,swebench_verified,16,4096,1024,manifest-only,manifest,docs/swebench_pld_paperlike_20260611_jobs.csv,no,2,3264041; 3264044
SWE,Qwen/Qwen3-14B,,baseline,,baseline,qwen14_baseline,1,4096,32768,manifest-only,manifest,docs/lyris_specdec_32k_manifest_20260612.csv,no,1,qwen14_baseline
SWE,Qwen/Qwen3-14B,,baseline,,baseline,swebench_verified_prompts_all.jsonl | qwen3_14b_swebench_verified_osl32k_lyris_pard2_baseline_offset0_n4_isl4096_osl32768_bs1_2_20260611,1,4096,32768,partial,metrics,docs/lyris_specdec_32k_metrics_20260612.csv,no,1,qwen14_baseline
SWE,Qwen/Qwen3-14B,,baseline,,baseline,qwen14_baseline,2,4096,32768,manifest-only,manifest,docs/lyris_specdec_32k_manifest_20260612.csv,no,1,qwen14_baseline
SWE,Qwen/Qwen3-14B,,baseline,,baseline,swebench_verified_prompts_all.jsonl | qwen3_14b_swebench_verified_osl32k_lyris_pard2_baseline_offset0_n4_isl4096_osl32768_bs1_2_20260611,2,4096,32768,partial,metrics,docs/lyris_specdec_32k_metrics_20260612.csv,no,1,qwen14_baseline
SWE,Qwen/Qwen3-14B,,pard2,11,pard2_k11,swebench_verified_prompts_all.jsonl | qwen3_14b_swebench_verified_osl32k_lyris_pard2_highk_pard2_offset0_n4_isl4096_osl32768_bs1_2_k11_20260611,1,4096,32768,final,metrics,docs/lyris_specdec_32k_metrics_20260612.csv,no,1,qwen14_pard2_k11
SWE,Qwen/Qwen3-14B,,pard2,11,pard2_k11,qwen14_pard2_k11,1,4096,32768,manifest-only,manifest,docs/lyris_specdec_32k_manifest_20260612.csv,no,1,qwen14_pard2_k11
SWE,Qwen/Qwen3-14B,,pard2,11,pard2_k11,swebench_verified_prompts_all.jsonl | qwen3_14b_swebench_verified_osl32k_lyris_pard2_highk_pard2_offset0_n4_isl4096_osl32768_bs1_2_k11_20260611,2,4096,32768,final,metrics,docs/lyris_specdec_32k_metrics_20260612.csv,no,1,qwen14_pard2_k11
SWE,Qwen/Qwen3-14B,,pard2,11,pard2_k11,qwen14_pard2_k11,2,4096,32768,manifest-only,manifest,docs/lyris_specdec_32k_manifest_20260612.csv,no,1,qwen14_pard2_k11
SWE,Qwen/Qwen3-14B,,pard2,5,pard2_k5,swebench_verified_prompts_all.jsonl | qwen3_14b_swebench_verified_osl32k_lyris_pard2_pard2_offset0_n4_isl4096_osl32768_bs1_2_k5_20260611,1,4096,32768,final,metrics,docs/lyris_specdec_32k_metrics_20260612.csv,no,1,qwen14_pard2_k5
SWE,Qwen/Qwen3-14B,,pard2,5,pard2_k5,qwen14_pard2_k5,1,4096,32768,manifest-only,manifest,docs/lyris_specdec_32k_manifest_20260612.csv,no,1,qwen14_pard2_k5
SWE,Qwen/Qwen3-14B,,pard2,5,pard2_k5,swebench_verified_prompts_all.jsonl | qwen3_14b_swebench_verified_osl32k_lyris_pard2_pard2_offset0_n4_isl4096_osl32768_bs1_2_k5_20260611,2,4096,32768,final,metrics,docs/lyris_specdec_32k_metrics_20260612.csv,no,1,qwen14_pard2_k5
SWE,Qwen/Qwen3-14B,,pard2,5,pard2_k5,qwen14_pard2_k5,2,4096,32768,manifest-only,manifest,docs/lyris_specdec_32k_manifest_20260612.csv,no,1,qwen14_pard2_k5
SWE,Qwen/Qwen3-14B,,pard2,9,pard2_k9,swebench_verified_prompts_all.jsonl | qwen3_14b_swebench_verified_osl32k_lyris_pard2_highk_pard2_offset0_n4_isl4096_osl32768_bs1_2_k9_20260611,1,4096,32768,final,metrics,docs/lyris_specdec_32k_metrics_20260612.csv,no,1,qwen14_pard2_k9
SWE,Qwen/Qwen3-14B,,pard2,9,pard2_k9,qwen14_pard2_k9,1,4096,32768,manifest-only,manifest,docs/lyris_specdec_32k_manifest_20260612.csv,no,1,qwen14_pard2_k9
SWE,Qwen/Qwen3-14B,,pard2,9,pard2_k9,swebench_verified_prompts_all.jsonl | qwen3_14b_swebench_verified_osl32k_lyris_pard2_highk_pard2_offset0_n4_isl4096_osl32768_bs1_2_k9_20260611,2,4096,32768,final,metrics,docs/lyris_specdec_32k_metrics_20260612.csv,no,1,qwen14_pard2_k9
SWE,Qwen/Qwen3-14B,,pard2,9,pard2_k9,qwen14_pard2_k9,2,4096,32768,manifest-only,manifest,docs/lyris_specdec_32k_manifest_20260612.csv,no,1,qwen14_pard2_k9
SWE,Qwen/Qwen3-14B,,suffix,5,suffix_k5,swebench_verified_prompts_all.jsonl | qwen3_14b_swebench_verified_osl32k_lyris_suffix_k5_control_suffix_offset0_n4_isl4096_osl32768_bs1_2_k5_arctic_20260611,1,4096,32768,final,metrics,docs/lyris_specdec_32k_metrics_20260612.csv,no,1,qwen14_suffix_k5
SWE,Qwen/Qwen3-14B,,suffix,5,suffix_k5,qwen14_suffix_k5,1,4096,32768,manifest-only,manifest,docs/lyris_specdec_32k_manifest_20260612.csv,no,1,qwen14_suffix_k5
SWE,Qwen/Qwen3-14B,,suffix,5,suffix_k5,swebench_verified_prompts_all.jsonl | qwen3_14b_swebench_verified_osl32k_lyris_suffix_k5_control_suffix_offset0_n4_isl4096_osl32768_bs1_2_k5_arctic_20260611,2,4096,32768,final,metrics,docs/lyris_specdec_32k_metrics_20260612.csv,no,1,qwen14_suffix_k5
SWE,Qwen/Qwen3-14B,,suffix,5,suffix_k5,qwen14_suffix_k5,2,4096,32768,manifest-only,manifest,docs/lyris_specdec_32k_manifest_20260612.csv,no,1,qwen14_suffix_k5
SWE,Qwen/Qwen3-235B-A22B,,baseline,,baseline,qwen235b_n16_isl4096_osl1024_baseline,1,4096,1024,manifest-only,manifest,docs/lyris_qwen235b_suffix_manifest_20260612.csv,no,1,qwen235b_n16_isl4096_osl1024_baseline
SWE,Qwen/Qwen3-235B-A22B,,baseline,,baseline,qwen235b_n1_isl4096_osl65536_baseline,1,4096,65536,manifest-only,manifest,docs/lyris_qwen235b_suffix_manifest_20260612.csv,no,1,qwen235b_n1_isl4096_osl65536_baseline
SWE,Qwen/Qwen3-235B-A22B,,baseline,,baseline,qwen235b_n2_isl4096_osl32768_baseline,1,4096,32768,manifest-only,manifest,docs/lyris_qwen235b_suffix_manifest_20260612.csv,no,1,qwen235b_n2_isl4096_osl32768_baseline
SWE,Qwen/Qwen3-235B-A22B,,baseline,,baseline,qwen235b_n16_isl4096_osl1024_baseline,1,4096,1024,manifest-only,status,docs/lyris_qwen235b_suffix_status_20260612.csv,no,1,qwen235b_n16_isl4096_osl1024_baseline
SWE,Qwen/Qwen3-235B-A22B,,baseline,,baseline,qwen235b_n1_isl4096_osl65536_baseline,1,4096,65536,manifest-only,status,docs/lyris_qwen235b_suffix_status_20260612.csv,no,1,qwen235b_n1_isl4096_osl65536_baseline
SWE,Qwen/Qwen3-235B-A22B,,baseline,,baseline,qwen235b_n2_isl4096_osl32768_baseline,1,4096,32768,manifest-only,status,docs/lyris_qwen235b_suffix_status_20260612.csv,no,1,qwen235b_n2_isl4096_osl32768_baseline
SWE,Qwen/Qwen3-235B-A22B,,baseline,,baseline,qwen235b_baseline,1,4096,32768,manifest-only,manifest,docs/lyris_specdec_32k_manifest_20260612.csv,no,1,qwen235b_baseline
SWE,Qwen/Qwen3-235B-A22B,,baseline,,baseline,swebench_verified_prompts_all.jsonl | qwen235b_a22b_swev_osl1k_lyris_tp4_fp8kv_r2_baseline_offset0_n16_isl4096_osl1024_bs1_2_20260611,1,4096,1024,partial,metrics,docs/lyris_qwen235b_suffix_metrics_20260612.csv,no,1,qwen235b_n16_isl4096_osl1024_baseline
SWE,Qwen/Qwen3-235B-A22B,,baseline,,baseline,swebench_verified_prompts_all.jsonl | qwen235b_a22b_swev_osl32k_pilot_lyris_tp4_fp8kv_r2_baseline_offset0_n2_isl4096_osl32768_bs1_20260611,1,4096,32768,partial,metrics,docs/lyris_qwen235b_suffix_metrics_20260612.csv,no,1,qwen235b_n2_isl4096_osl32768_baseline
SWE,Qwen/Qwen3-235B-A22B,,baseline,,baseline,swebench_verified_prompts_all.jsonl | qwen235b_a22b_swev_osl64k_pilot_lyris_tp4_fp8kv_baseline_offset0_n1_isl4096_osl65536_bs1_20260612,1,4096,65536,partial,metrics,docs/lyris_qwen235b_suffix_metrics_20260612.csv,no,1,qwen235b_n1_isl4096_osl65536_baseline
SWE,Qwen/Qwen3-235B-A22B,,baseline,,baseline,swebench_verified_prompts_all.jsonl | qwen235b_a22b_swev_osl32k_pilot_lyris_tp4_fp8kv_r2_baseline_offset0_n2_isl4096_osl32768_bs1_20260611,1,4096,32768,partial,metrics,docs/lyris_specdec_32k_metrics_20260612.csv,no,1,qwen235b_baseline
SWE,Qwen/Qwen3-235B-A22B,,baseline,,baseline,qwen235b_n16_isl4096_osl1024_baseline,2,4096,1024,manifest-only,manifest,docs/lyris_qwen235b_suffix_manifest_20260612.csv,no,1,qwen235b_n16_isl4096_osl1024_baseline
SWE,Qwen/Qwen3-235B-A22B,,baseline,,baseline,qwen235b_n16_isl4096_osl1024_baseline,2,4096,1024,manifest-only,status,docs/lyris_qwen235b_suffix_status_20260612.csv,no,1,qwen235b_n16_isl4096_osl1024_baseline
SWE,Qwen/Qwen3-235B-A22B,,baseline,,baseline,full | full_osl32k_qwen235b_baseline,2,4096,32768,manifest-only,manifest,docs/lyris_qwen235b_swebench_osl32k_batch_sweep_manifest_20260612.csv,no,1,full_osl32k_qwen235b_baseline
SWE,Qwen/Qwen3-235B-A22B,,baseline,,baseline,verified | verified_osl32k_qwen235b_baseline,2,4096,32768,manifest-only,manifest,docs/lyris_qwen235b_swebench_osl32k_batch_sweep_manifest_20260612.csv,no,1,verified_osl32k_qwen235b_baseline
SWE,Qwen/Qwen3-235B-A22B,,baseline,,baseline,full | full_osl32k_qwen235b_baseline,2,4096,32768,manifest-only,manifest,docs/lyris_swebench_longosl_manifest_20260612.csv,no,1,full_osl32k_qwen235b_baseline
SWE,Qwen/Qwen3-235B-A22B,,baseline,,baseline,verified | verified_osl32k_qwen235b_baseline,2,4096,32768,manifest-only,manifest,docs/lyris_swebench_longosl_manifest_20260612.csv,no,1,verified_osl32k_qwen235b_baseline
SWE,Qwen/Qwen3-235B-A22B,,baseline,,baseline,swebench_verified_prompts_all.jsonl | qwen235b_a22b_swev_osl1k_lyris_tp4_fp8kv_r2_baseline_offset0_n16_isl4096_osl1024_bs1_2_20260611,2,4096,1024,partial,metrics,docs/lyris_qwen235b_suffix_metrics_20260612.csv,no,1,qwen235b_n16_isl4096_osl1024_baseline
SWE,Qwen/Qwen3-235B-A22B,,baseline,,baseline,full | full_osl32k_qwen235b_baseline,4,4096,32768,manifest-only,manifest,docs/lyris_qwen235b_swebench_osl32k_batch_sweep_manifest_20260612.csv,no,1,full_osl32k_qwen235b_baseline
SWE,Qwen/Qwen3-235B-A22B,,baseline,,baseline,verified | verified_osl32k_qwen235b_baseline,4,4096,32768,manifest-only,manifest,docs/lyris_qwen235b_swebench_osl32k_batch_sweep_manifest_20260612.csv,no,1,verified_osl32k_qwen235b_baseline
SWE,Qwen/Qwen3-235B-A22B,,baseline,,baseline,full | full_osl32k_qwen235b_baseline,4,4096,32768,manifest-only,manifest,docs/lyris_swebench_longosl_manifest_20260612.csv,no,1,full_osl32k_qwen235b_baseline
SWE,Qwen/Qwen3-235B-A22B,,baseline,,baseline,verified | verified_osl32k_qwen235b_baseline,4,4096,32768,manifest-only,manifest,docs/lyris_swebench_longosl_manifest_20260612.csv,no,1,verified_osl32k_qwen235b_baseline
SWE,Qwen/Qwen3-235B-A22B,,baseline,,baseline,full | full_osl32k_qwen235b_baseline,8,4096,32768,manifest-only,manifest,docs/lyris_qwen235b_swebench_osl32k_batch_sweep_manifest_20260612.csv,no,1,full_osl32k_qwen235b_baseline
SWE,Qwen/Qwen3-235B-A22B,,baseline,,baseline,verified | verified_osl32k_qwen235b_baseline,8,4096,32768,manifest-only,manifest,docs/lyris_qwen235b_swebench_osl32k_batch_sweep_manifest_20260612.csv,no,1,verified_osl32k_qwen235b_baseline
SWE,Qwen/Qwen3-235B-A22B,,baseline,,baseline,full | full_osl32k_qwen235b_baseline,8,4096,32768,manifest-only,manifest,docs/lyris_swebench_longosl_manifest_20260612.csv,no,1,full_osl32k_qwen235b_baseline
SWE,Qwen/Qwen3-235B-A22B,,baseline,,baseline,verified | verified_osl32k_qwen235b_baseline,8,4096,32768,manifest-only,manifest,docs/lyris_swebench_longosl_manifest_20260612.csv,no,1,verified_osl32k_qwen235b_baseline
SWE,Qwen/Qwen3-235B-A22B,,baseline,,baseline,full | full_osl32k_qwen235b_baseline,16,4096,32768,manifest-only,manifest,docs/lyris_qwen235b_swebench_osl32k_batch_sweep_manifest_20260612.csv,no,1,full_osl32k_qwen235b_baseline
SWE,Qwen/Qwen3-235B-A22B,,baseline,,baseline,verified | verified_osl32k_qwen235b_baseline,16,4096,32768,manifest-only,manifest,docs/lyris_qwen235b_swebench_osl32k_batch_sweep_manifest_20260612.csv,no,1,verified_osl32k_qwen235b_baseline
SWE,Qwen/Qwen3-235B-A22B,,baseline,,baseline,full | full_osl32k_qwen235b_baseline,16,4096,32768,manifest-only,manifest,docs/lyris_swebench_longosl_manifest_20260612.csv,no,1,full_osl32k_qwen235b_baseline
SWE,Qwen/Qwen3-235B-A22B,,baseline,,baseline,verified | verified_osl32k_qwen235b_baseline,16,4096,32768,manifest-only,manifest,docs/lyris_swebench_longosl_manifest_20260612.csv,no,1,verified_osl32k_qwen235b_baseline
SWE,Qwen/Qwen3-235B-A22B,,baseline,,baseline,full | full_osl32k_qwen235b_baseline,32,4096,32768,manifest-only,manifest,docs/lyris_qwen235b_swebench_osl32k_batch_sweep_manifest_20260612.csv,no,1,full_osl32k_qwen235b_baseline
SWE,Qwen/Qwen3-235B-A22B,,baseline,,baseline,verified | verified_osl32k_qwen235b_baseline,32,4096,32768,manifest-only,manifest,docs/lyris_qwen235b_swebench_osl32k_batch_sweep_manifest_20260612.csv,no,1,verified_osl32k_qwen235b_baseline
SWE,Qwen/Qwen3-235B-A22B,,baseline,,baseline,full | full_osl32k_qwen235b_baseline,32,4096,32768,manifest-only,manifest,docs/lyris_swebench_longosl_manifest_20260612.csv,no,1,full_osl32k_qwen235b_baseline
SWE,Qwen/Qwen3-235B-A22B,,baseline,,baseline,verified | verified_osl32k_qwen235b_baseline,32,4096,32768,manifest-only,manifest,docs/lyris_swebench_longosl_manifest_20260612.csv,no,1,verified_osl32k_qwen235b_baseline
SWE,Qwen/Qwen3-235B-A22B,,eagle3,1,eagle3_k1,swebench_verified_prompts_all.jsonl | qwen235b_a22b_swev_osl1k_lyris_tp4_fp8kv_eagle3_k1_eagle3_offset0_n16_isl4096_osl1024_bs1_2_k1_20260611,1,4096,1024,final,metrics,docs/lyris_qwen235b_suffix_metrics_20260612.csv,no,1,qwen235b_n16_isl4096_osl1024_eagle3_k1
SWE,Qwen/Qwen3-235B-A22B,,eagle3,1,eagle3_k1,swebench_verified_prompts_all.jsonl | qwen235b_a22b_swev_osl32k_pilot_lyris_tp4_fp8kv_eagle3_k1_eagle3_offset0_n2_isl4096_osl32768_bs1_k1_20260611,1,4096,32768,final,metrics,docs/lyris_qwen235b_suffix_metrics_20260612.csv,no,1,qwen235b_n2_isl4096_osl32768_eagle3_k1
SWE,Qwen/Qwen3-235B-A22B,,eagle3,1,eagle3_k1,qwen235b_n16_isl4096_osl1024_eagle3_k1,1,4096,1024,manifest-only,manifest,docs/lyris_qwen235b_suffix_manifest_20260612.csv,no,1,qwen235b_n16_isl4096_osl1024_eagle3_k1
SWE,Qwen/Qwen3-235B-A22B,,eagle3,1,eagle3_k1,qwen235b_n2_isl4096_osl32768_eagle3_k1,1,4096,32768,manifest-only,manifest,docs/lyris_qwen235b_suffix_manifest_20260612.csv,no,1,qwen235b_n2_isl4096_osl32768_eagle3_k1
SWE,Qwen/Qwen3-235B-A22B,,eagle3,1,eagle3_k1,qwen235b_n16_isl4096_osl1024_eagle3_k1,1,4096,1024,manifest-only,status,docs/lyris_qwen235b_suffix_status_20260612.csv,no,1,qwen235b_n16_isl4096_osl1024_eagle3_k1
SWE,Qwen/Qwen3-235B-A22B,,eagle3,1,eagle3_k1,qwen235b_n2_isl4096_osl32768_eagle3_k1,1,4096,32768,manifest-only,status,docs/lyris_qwen235b_suffix_status_20260612.csv,no,1,qwen235b_n2_isl4096_osl32768_eagle3_k1
SWE,Qwen/Qwen3-235B-A22B,,eagle3,1,eagle3_k1,swebench_verified_prompts_all.jsonl | qwen235b_a22b_swev_osl1k_lyris_tp4_fp8kv_eagle3_k1_eagle3_offset0_n16_isl4096_osl1024_bs1_2_k1_20260611,2,4096,1024,final,metrics,docs/lyris_qwen235b_suffix_metrics_20260612.csv,no,1,qwen235b_n16_isl4096_osl1024_eagle3_k1
SWE,Qwen/Qwen3-235B-A22B,,eagle3,1,eagle3_k1,qwen235b_n16_isl4096_osl1024_eagle3_k1,2,4096,1024,manifest-only,manifest,docs/lyris_qwen235b_suffix_manifest_20260612.csv,no,1,qwen235b_n16_isl4096_osl1024_eagle3_k1
SWE,Qwen/Qwen3-235B-A22B,,eagle3,1,eagle3_k1,qwen235b_n16_isl4096_osl1024_eagle3_k1,2,4096,1024,manifest-only,status,docs/lyris_qwen235b_suffix_status_20260612.csv,no,1,qwen235b_n16_isl4096_osl1024_eagle3_k1
SWE,Qwen/Qwen3-235B-A22B,,eagle3,11,eagle3_k11,swebench_full_test_prompts_all.jsonl | qwen235b_a22b_swe_full_osl32k_bsweep_lyris_tp4_fp8kv_bs2_eagle3_offset0_n2_isl4096_osl32768_bs2_k11_20260613,2,4096,32768,final,metrics,docs/lyris_qwen235b_standalone_fast_20260613_metrics.csv,yes_source_batch_only,1,full_osl32k_qwen235b_eagle3_k11
SWE,Qwen/Qwen3-235B-A22B,,eagle3,11,eagle3_k11,swebench_verified_prompts_all.jsonl | qwen235b_a22b_swe_verified_osl32k_bsweep_lyris_tp4_fp8kv_bs2_eagle3_offset0_n2_isl4096_osl32768_bs2_k11_20260613,2,4096,32768,final,metrics,docs/lyris_qwen235b_standalone_fast_20260613_metrics.csv,yes_source_batch_only,1,verified_osl32k_qwen235b_eagle3_k11
SWE,Qwen/Qwen3-235B-A22B,,eagle3_k11,11,eagle3_k11,full | full_osl32k_qwen235b_eagle3_k11,2,4096,32768,manifest-only,manifest,docs/lyris_qwen235b_standalone_fast_20260613_manifest.csv,no,1,full_osl32k_qwen235b_eagle3_k11
SWE,Qwen/Qwen3-235B-A22B,,eagle3_k11,11,eagle3_k11,verified | verified_osl32k_qwen235b_eagle3_k11,2,4096,32768,manifest-only,manifest,docs/lyris_qwen235b_standalone_fast_20260613_manifest.csv,no,1,verified_osl32k_qwen235b_eagle3_k11
SWE,Qwen/Qwen3-235B-A22B,,eagle3_k11,11,eagle3_k11,full | full_osl32k_qwen235b_eagle3_k11,2,4096,32768,manifest-only,status,docs/lyris_qwen235b_standalone_fast_20260613_status.csv,yes_source_batch_only,1,full_osl32k_qwen235b_eagle3_k11
SWE,Qwen/Qwen3-235B-A22B,,eagle3_k11,11,eagle3_k11,verified | verified_osl32k_qwen235b_eagle3_k11,2,4096,32768,manifest-only,status,docs/lyris_qwen235b_standalone_fast_20260613_status.csv,yes_source_batch_only,1,verified_osl32k_qwen235b_eagle3_k11
SWE,Qwen/Qwen3-235B-A22B,,eagle3_k11,11,eagle3_k11,full | full_osl32k_qwen235b_eagle3_k11,2,4096,32768,manifest-only,manifest,docs/lyris_qwen235b_swebench_osl32k_specdec_submit_manifest_20260613.csv,no,1,full_osl32k_qwen235b_eagle3_k11
SWE,Qwen/Qwen3-235B-A22B,,eagle3_k11,11,eagle3_k11,verified | verified_osl32k_qwen235b_eagle3_k11,2,4096,32768,manifest-only,manifest,docs/lyris_qwen235b_swebench_osl32k_specdec_submit_manifest_20260613.csv,no,1,verified_osl32k_qwen235b_eagle3_k11
SWE,Qwen/Qwen3-235B-A22B,,eagle3,11,eagle3_k11,swebench_full_test_prompts_all.jsonl | qwen235b_a22b_swe_full_osl32k_bsweep_lyris_tp4_fp8kv_bs4_eagle3_offset0_n4_isl4096_osl32768_bs4_k11_20260613,4,4096,32768,final,metrics,docs/lyris_qwen235b_standalone_fast_20260613_metrics.csv,no,1,full_osl32k_qwen235b_eagle3_k11
SWE,Qwen/Qwen3-235B-A22B,,eagle3,11,eagle3_k11,swebench_verified_prompts_all.jsonl | qwen235b_a22b_swe_verified_osl32k_bsweep_lyris_tp4_fp8kv_bs4_eagle3_offset0_n4_isl4096_osl32768_bs4_k11_20260613,4,4096,32768,final,metrics,docs/lyris_qwen235b_standalone_fast_20260613_metrics.csv,no,1,verified_osl32k_qwen235b_eagle3_k11
SWE,Qwen/Qwen3-235B-A22B,,eagle3_k11,11,eagle3_k11,full | full_osl32k_qwen235b_eagle3_k11,4,4096,32768,manifest-only,manifest,docs/lyris_qwen235b_standalone_fast_20260613_manifest.csv,no,1,full_osl32k_qwen235b_eagle3_k11
SWE,Qwen/Qwen3-235B-A22B,,eagle3_k11,11,eagle3_k11,verified | verified_osl32k_qwen235b_eagle3_k11,4,4096,32768,manifest-only,manifest,docs/lyris_qwen235b_standalone_fast_20260613_manifest.csv,no,1,verified_osl32k_qwen235b_eagle3_k11
SWE,Qwen/Qwen3-235B-A22B,,eagle3_k11,11,eagle3_k11,full | full_osl32k_qwen235b_eagle3_k11,4,4096,32768,manifest-only,status,docs/lyris_qwen235b_standalone_fast_20260613_status.csv,no,1,full_osl32k_qwen235b_eagle3_k11
SWE,Qwen/Qwen3-235B-A22B,,eagle3_k11,11,eagle3_k11,verified | verified_osl32k_qwen235b_eagle3_k11,4,4096,32768,manifest-only,status,docs/lyris_qwen235b_standalone_fast_20260613_status.csv,no,1,verified_osl32k_qwen235b_eagle3_k11
SWE,Qwen/Qwen3-235B-A22B,,eagle3_k11,11,eagle3_k11,full | full_osl32k_qwen235b_eagle3_k11,4,4096,32768,manifest-only,manifest,docs/lyris_qwen235b_swebench_osl32k_specdec_submit_manifest_20260613.csv,no,1,full_osl32k_qwen235b_eagle3_k11
SWE,Qwen/Qwen3-235B-A22B,,eagle3_k11,11,eagle3_k11,verified | verified_osl32k_qwen235b_eagle3_k11,4,4096,32768,manifest-only,manifest,docs/lyris_qwen235b_swebench_osl32k_specdec_submit_manifest_20260613.csv,no,1,verified_osl32k_qwen235b_eagle3_k11
SWE,Qwen/Qwen3-235B-A22B,,eagle3,11,eagle3_k11,swebench_full_test_prompts_all.jsonl | qwen235b_a22b_swe_full_osl32k_bsweep_lyris_tp4_fp8kv_bs8_eagle3_offset0_n8_isl4096_osl32768_bs8_k11_20260613,8,4096,32768,final,metrics,docs/lyris_qwen235b_standalone_fast_20260613_metrics.csv,no,1,full_osl32k_qwen235b_eagle3_k11
SWE,Qwen/Qwen3-235B-A22B,,eagle3,11,eagle3_k11,swebench_verified_prompts_all.jsonl | qwen235b_a22b_swe_verified_osl32k_bsweep_lyris_tp4_fp8kv_bs8_eagle3_offset0_n8_isl4096_osl32768_bs8_k11_20260613,8,4096,32768,final,metrics,docs/lyris_qwen235b_standalone_fast_20260613_metrics.csv,no,1,verified_osl32k_qwen235b_eagle3_k11
SWE,Qwen/Qwen3-235B-A22B,,eagle3_k11,11,eagle3_k11,full | full_osl32k_qwen235b_eagle3_k11,8,4096,32768,manifest-only,manifest,docs/lyris_qwen235b_standalone_fast_20260613_manifest.csv,no,1,full_osl32k_qwen235b_eagle3_k11
SWE,Qwen/Qwen3-235B-A22B,,eagle3_k11,11,eagle3_k11,verified | verified_osl32k_qwen235b_eagle3_k11,8,4096,32768,manifest-only,manifest,docs/lyris_qwen235b_standalone_fast_20260613_manifest.csv,no,1,verified_osl32k_qwen235b_eagle3_k11
SWE,Qwen/Qwen3-235B-A22B,,eagle3_k11,11,eagle3_k11,full | full_osl32k_qwen235b_eagle3_k11,8,4096,32768,manifest-only,status,docs/lyris_qwen235b_standalone_fast_20260613_status.csv,no,1,full_osl32k_qwen235b_eagle3_k11
SWE,Qwen/Qwen3-235B-A22B,,eagle3_k11,11,eagle3_k11,verified | verified_osl32k_qwen235b_eagle3_k11,8,4096,32768,manifest-only,status,docs/lyris_qwen235b_standalone_fast_20260613_status.csv,no,1,verified_osl32k_qwen235b_eagle3_k11
SWE,Qwen/Qwen3-235B-A22B,,eagle3_k11,11,eagle3_k11,full | full_osl32k_qwen235b_eagle3_k11,8,4096,32768,manifest-only,manifest,docs/lyris_qwen235b_swebench_osl32k_specdec_submit_manifest_20260613.csv,no,1,full_osl32k_qwen235b_eagle3_k11
SWE,Qwen/Qwen3-235B-A22B,,eagle3_k11,11,eagle3_k11,verified | verified_osl32k_qwen235b_eagle3_k11,8,4096,32768,manifest-only,manifest,docs/lyris_qwen235b_swebench_osl32k_specdec_submit_manifest_20260613.csv,no,1,verified_osl32k_qwen235b_eagle3_k11
SWE,Qwen/Qwen3-235B-A22B,,eagle3,11,eagle3_k11,swebench_full_test_prompts_all.jsonl | qwen235b_a22b_swe_full_osl32k_bsweep_lyris_tp4_fp8kv_bs16_eagle3_offset0_n16_isl4096_osl32768_bs16_k11_20260613,16,4096,32768,final,metrics,docs/lyris_qwen235b_standalone_fast_20260613_metrics.csv,no,1,full_osl32k_qwen235b_eagle3_k11
SWE,Qwen/Qwen3-235B-A22B,,eagle3,11,eagle3_k11,swebench_verified_prompts_all.jsonl | qwen235b_a22b_swe_verified_osl32k_bsweep_lyris_tp4_fp8kv_bs16_eagle3_offset0_n16_isl4096_osl32768_bs16_k11_20260613,16,4096,32768,final,metrics,docs/lyris_qwen235b_standalone_fast_20260613_metrics.csv,no,1,verified_osl32k_qwen235b_eagle3_k11
SWE,Qwen/Qwen3-235B-A22B,,eagle3_k11,11,eagle3_k11,full | full_osl32k_qwen235b_eagle3_k11,16,4096,32768,manifest-only,manifest,docs/lyris_qwen235b_standalone_fast_20260613_manifest.csv,no,1,full_osl32k_qwen235b_eagle3_k11
SWE,Qwen/Qwen3-235B-A22B,,eagle3_k11,11,eagle3_k11,verified | verified_osl32k_qwen235b_eagle3_k11,16,4096,32768,manifest-only,manifest,docs/lyris_qwen235b_standalone_fast_20260613_manifest.csv,no,1,verified_osl32k_qwen235b_eagle3_k11
SWE,Qwen/Qwen3-235B-A22B,,eagle3_k11,11,eagle3_k11,full | full_osl32k_qwen235b_eagle3_k11,16,4096,32768,manifest-only,status,docs/lyris_qwen235b_standalone_fast_20260613_status.csv,no,1,full_osl32k_qwen235b_eagle3_k11
SWE,Qwen/Qwen3-235B-A22B,,eagle3_k11,11,eagle3_k11,verified | verified_osl32k_qwen235b_eagle3_k11,16,4096,32768,manifest-only,status,docs/lyris_qwen235b_standalone_fast_20260613_status.csv,no,1,verified_osl32k_qwen235b_eagle3_k11
SWE,Qwen/Qwen3-235B-A22B,,eagle3_k11,11,eagle3_k11,full | full_osl32k_qwen235b_eagle3_k11,16,4096,32768,manifest-only,manifest,docs/lyris_qwen235b_swebench_osl32k_specdec_submit_manifest_20260613.csv,no,1,full_osl32k_qwen235b_eagle3_k11
SWE,Qwen/Qwen3-235B-A22B,,eagle3_k11,11,eagle3_k11,verified | verified_osl32k_qwen235b_eagle3_k11,16,4096,32768,manifest-only,manifest,docs/lyris_qwen235b_swebench_osl32k_specdec_submit_manifest_20260613.csv,no,1,verified_osl32k_qwen235b_eagle3_k11
SWE,Qwen/Qwen3-235B-A22B,,eagle3,11,eagle3_k11,swebench_full_test_prompts_all.jsonl | qwen235b_a22b_swe_full_osl32k_bsweep_lyris_tp4_fp8kv_bs32_eagle3_offset0_n32_isl4096_osl32768_bs32_k11_20260613,32,4096,32768,final,metrics,docs/lyris_qwen235b_standalone_fast_20260613_metrics.csv,no,1,full_osl32k_qwen235b_eagle3_k11
SWE,Qwen/Qwen3-235B-A22B,,eagle3,11,eagle3_k11,swebench_verified_prompts_all.jsonl | qwen235b_a22b_swe_verified_osl32k_bsweep_lyris_tp4_fp8kv_bs32_eagle3_offset0_n32_isl4096_osl32768_bs32_k11_20260613,32,4096,32768,final,metrics,docs/lyris_qwen235b_standalone_fast_20260613_metrics.csv,no,1,verified_osl32k_qwen235b_eagle3_k11
SWE,Qwen/Qwen3-235B-A22B,,eagle3_k11,11,eagle3_k11,full | full_osl32k_qwen235b_eagle3_k11,32,4096,32768,manifest-only,manifest,docs/lyris_qwen235b_standalone_fast_20260613_manifest.csv,no,1,full_osl32k_qwen235b_eagle3_k11
SWE,Qwen/Qwen3-235B-A22B,,eagle3_k11,11,eagle3_k11,verified | verified_osl32k_qwen235b_eagle3_k11,32,4096,32768,manifest-only,manifest,docs/lyris_qwen235b_standalone_fast_20260613_manifest.csv,no,1,verified_osl32k_qwen235b_eagle3_k11
SWE,Qwen/Qwen3-235B-A22B,,eagle3_k11,11,eagle3_k11,full | full_osl32k_qwen235b_eagle3_k11,32,4096,32768,manifest-only,status,docs/lyris_qwen235b_standalone_fast_20260613_status.csv,no,1,full_osl32k_qwen235b_eagle3_k11
SWE,Qwen/Qwen3-235B-A22B,,eagle3_k11,11,eagle3_k11,verified | verified_osl32k_qwen235b_eagle3_k11,32,4096,32768,manifest-only,status,docs/lyris_qwen235b_standalone_fast_20260613_status.csv,no,1,verified_osl32k_qwen235b_eagle3_k11
SWE,Qwen/Qwen3-235B-A22B,,eagle3_k11,11,eagle3_k11,full | full_osl32k_qwen235b_eagle3_k11,32,4096,32768,manifest-only,manifest,docs/lyris_qwen235b_swebench_osl32k_specdec_submit_manifest_20260613.csv,no,1,full_osl32k_qwen235b_eagle3_k11
SWE,Qwen/Qwen3-235B-A22B,,eagle3_k11,11,eagle3_k11,verified | verified_osl32k_qwen235b_eagle3_k11,32,4096,32768,manifest-only,manifest,docs/lyris_qwen235b_swebench_osl32k_specdec_submit_manifest_20260613.csv,no,1,verified_osl32k_qwen235b_eagle3_k11
SWE,Qwen/Qwen3-235B-A22B,,eagle3,3,eagle3_k3,swebench_verified_prompts_all.jsonl | qwen235b_a22b_swev_osl1k_lyris_tp4_fp8kv_eagle3_k3_eagle3_offset0_n16_isl4096_osl1024_bs1_2_k3_20260611,1,4096,1024,final,metrics,docs/lyris_qwen235b_suffix_metrics_20260612.csv,no,1,qwen235b_n16_isl4096_osl1024_eagle3_k3
SWE,Qwen/Qwen3-235B-A22B,,eagle3,3,eagle3_k3,swebench_verified_prompts_all.jsonl | qwen235b_a22b_swev_osl32k_pilot_lyris_tp4_fp8kv_eagle3_k3_eagle3_offset0_n2_isl4096_osl32768_bs1_k3_20260611,1,4096,32768,final,metrics,docs/lyris_qwen235b_suffix_metrics_20260612.csv,no,1,qwen235b_n2_isl4096_osl32768_eagle3_k3
SWE,Qwen/Qwen3-235B-A22B,,eagle3,3,eagle3_k3,swebench_verified_prompts_all.jsonl | qwen235b_a22b_swev_osl64k_eagle3_pilot_lyris_tp4_fp8kv_eagle3_offset0_n1_isl4096_osl65536_bs1_k3_20260612,1,4096,65536,final,metrics,docs/lyris_qwen235b_suffix_metrics_20260612.csv,no,1,qwen235b_n1_isl4096_osl65536_eagle3_k3
SWE,Qwen/Qwen3-235B-A22B,,eagle3,3,eagle3_k3,qwen235b_n16_isl4096_osl1024_eagle3_k3,1,4096,1024,manifest-only,manifest,docs/lyris_qwen235b_suffix_manifest_20260612.csv,no,1,qwen235b_n16_isl4096_osl1024_eagle3_k3
SWE,Qwen/Qwen3-235B-A22B,,eagle3,3,eagle3_k3,qwen235b_n1_isl4096_osl65536_eagle3_k3,1,4096,65536,manifest-only,manifest,docs/lyris_qwen235b_suffix_manifest_20260612.csv,no,1,qwen235b_n1_isl4096_osl65536_eagle3_k3
SWE,Qwen/Qwen3-235B-A22B,,eagle3,3,eagle3_k3,qwen235b_n2_isl4096_osl32768_eagle3_k3,1,4096,32768,manifest-only,manifest,docs/lyris_qwen235b_suffix_manifest_20260612.csv,no,1,qwen235b_n2_isl4096_osl32768_eagle3_k3
SWE,Qwen/Qwen3-235B-A22B,,eagle3,3,eagle3_k3,qwen235b_n16_isl4096_osl1024_eagle3_k3,1,4096,1024,manifest-only,status,docs/lyris_qwen235b_suffix_status_20260612.csv,no,1,qwen235b_n16_isl4096_osl1024_eagle3_k3
SWE,Qwen/Qwen3-235B-A22B,,eagle3,3,eagle3_k3,qwen235b_n1_isl4096_osl65536_eagle3_k3,1,4096,65536,manifest-only,status,docs/lyris_qwen235b_suffix_status_20260612.csv,no,1,qwen235b_n1_isl4096_osl65536_eagle3_k3
SWE,Qwen/Qwen3-235B-A22B,,eagle3,3,eagle3_k3,qwen235b_n2_isl4096_osl32768_eagle3_k3,1,4096,32768,manifest-only,status,docs/lyris_qwen235b_suffix_status_20260612.csv,no,1,qwen235b_n2_isl4096_osl32768_eagle3_k3
SWE,Qwen/Qwen3-235B-A22B,,eagle3,3,eagle3_k3,swebench_verified_prompts_all.jsonl | qwen235b_a22b_swev_osl1k_lyris_tp4_fp8kv_eagle3_k3_eagle3_offset0_n16_isl4096_osl1024_bs1_2_k3_20260611,2,4096,1024,final,metrics,docs/lyris_qwen235b_suffix_metrics_20260612.csv,no,1,qwen235b_n16_isl4096_osl1024_eagle3_k3
SWE,Qwen/Qwen3-235B-A22B,,eagle3,3,eagle3_k3,swebench_full_test_prompts_all.jsonl | qwen235b_a22b_swe_full_osl32k_bsweep_lyris_tp4_fp8kv_bs2_eagle3_offset0_n2_isl4096_osl32768_bs2_k3_20260612,2,4096,32768,final,metrics,docs/lyris_qwen235b_swebench_osl32k_batch_sweep_metrics_20260612.csv,no,1,full_osl32k_qwen235b_eagle3_k3
SWE,Qwen/Qwen3-235B-A22B,,eagle3,3,eagle3_k3,swebench_verified_prompts_all.jsonl | qwen235b_a22b_swe_verified_osl32k_bsweep_lyris_tp4_fp8kv_bs2_eagle3_offset0_n2_isl4096_osl32768_bs2_k3_20260612,2,4096,32768,final,metrics,docs/lyris_qwen235b_swebench_osl32k_batch_sweep_metrics_20260612.csv,no,1,verified_osl32k_qwen235b_eagle3_k3
SWE,Qwen/Qwen3-235B-A22B,,eagle3,3,eagle3_k3,qwen235b_n16_isl4096_osl1024_eagle3_k3,2,4096,1024,manifest-only,manifest,docs/lyris_qwen235b_suffix_manifest_20260612.csv,no,1,qwen235b_n16_isl4096_osl1024_eagle3_k3
SWE,Qwen/Qwen3-235B-A22B,,eagle3,3,eagle3_k3,qwen235b_n16_isl4096_osl1024_eagle3_k3,2,4096,1024,manifest-only,status,docs/lyris_qwen235b_suffix_status_20260612.csv,no,1,qwen235b_n16_isl4096_osl1024_eagle3_k3
SWE,Qwen/Qwen3-235B-A22B,,eagle3,3,eagle3_k3,full | full_osl32k_qwen235b_eagle3_k3,2,4096,32768,manifest-only,manifest,docs/lyris_qwen235b_swebench_osl32k_batch_sweep_manifest_20260612.csv,no,1,full_osl32k_qwen235b_eagle3_k3
SWE,Qwen/Qwen3-235B-A22B,,eagle3,3,eagle3_k3,verified | verified_osl32k_qwen235b_eagle3_k3,2,4096,32768,manifest-only,manifest,docs/lyris_qwen235b_swebench_osl32k_batch_sweep_manifest_20260612.csv,no,1,verified_osl32k_qwen235b_eagle3_k3
SWE,Qwen/Qwen3-235B-A22B,,eagle3,3,eagle3_k3,full | full_osl32k_qwen235b_eagle3_k3,2,4096,32768,manifest-only,manifest,docs/lyris_swebench_longosl_manifest_20260612.csv,no,1,full_osl32k_qwen235b_eagle3_k3
SWE,Qwen/Qwen3-235B-A22B,,eagle3,3,eagle3_k3,verified | verified_osl32k_qwen235b_eagle3_k3,2,4096,32768,manifest-only,manifest,docs/lyris_swebench_longosl_manifest_20260612.csv,no,1,verified_osl32k_qwen235b_eagle3_k3
SWE,Qwen/Qwen3-235B-A22B,,eagle3,3,eagle3_k3,swebench_full_test_prompts_all.jsonl | qwen235b_a22b_swe_full_osl32k_bsweep_lyris_tp4_fp8kv_bs4_eagle3_offset0_n4_isl4096_osl32768_bs4_k3_20260612,4,4096,32768,final,metrics,docs/lyris_qwen235b_swebench_osl32k_batch_sweep_metrics_20260612.csv,yes_row,1,full_osl32k_qwen235b_eagle3_k3
SWE,Qwen/Qwen3-235B-A22B,,eagle3,3,eagle3_k3,swebench_verified_prompts_all.jsonl | qwen235b_a22b_swe_verified_osl32k_bsweep_lyris_tp4_fp8kv_bs4_eagle3_offset0_n4_isl4096_osl32768_bs4_k3_20260612,4,4096,32768,final,metrics,docs/lyris_qwen235b_swebench_osl32k_batch_sweep_metrics_20260612.csv,yes_row,1,verified_osl32k_qwen235b_eagle3_k3
SWE,Qwen/Qwen3-235B-A22B,,eagle3,3,eagle3_k3,full | full_osl32k_qwen235b_eagle3_k3,4,4096,32768,manifest-only,manifest,docs/lyris_qwen235b_swebench_osl32k_batch_sweep_manifest_20260612.csv,no,1,full_osl32k_qwen235b_eagle3_k3
SWE,Qwen/Qwen3-235B-A22B,,eagle3,3,eagle3_k3,verified | verified_osl32k_qwen235b_eagle3_k3,4,4096,32768,manifest-only,manifest,docs/lyris_qwen235b_swebench_osl32k_batch_sweep_manifest_20260612.csv,no,1,verified_osl32k_qwen235b_eagle3_k3
SWE,Qwen/Qwen3-235B-A22B,,eagle3,3,eagle3_k3,full | full_osl32k_qwen235b_eagle3_k3,4,4096,32768,manifest-only,manifest,docs/lyris_swebench_longosl_manifest_20260612.csv,no,1,full_osl32k_qwen235b_eagle3_k3
SWE,Qwen/Qwen3-235B-A22B,,eagle3,3,eagle3_k3,verified | verified_osl32k_qwen235b_eagle3_k3,4,4096,32768,manifest-only,manifest,docs/lyris_swebench_longosl_manifest_20260612.csv,no,1,verified_osl32k_qwen235b_eagle3_k3
SWE,Qwen/Qwen3-235B-A22B,,eagle3,3,eagle3_k3,swebench_full_test_prompts_all.jsonl | qwen235b_a22b_swe_full_osl32k_bsweep_lyris_tp4_fp8kv_bs8_eagle3_offset0_n8_isl4096_osl32768_bs8_k3_20260612,8,4096,32768,final,metrics,docs/lyris_qwen235b_swebench_osl32k_batch_sweep_metrics_20260612.csv,yes_row,1,full_osl32k_qwen235b_eagle3_k3
SWE,Qwen/Qwen3-235B-A22B,,eagle3,3,eagle3_k3,swebench_verified_prompts_all.jsonl | qwen235b_a22b_swe_verified_osl32k_bsweep_lyris_tp4_fp8kv_bs8_eagle3_offset0_n8_isl4096_osl32768_bs8_k3_20260612,8,4096,32768,final,metrics,docs/lyris_qwen235b_swebench_osl32k_batch_sweep_metrics_20260612.csv,yes_row,1,verified_osl32k_qwen235b_eagle3_k3
SWE,Qwen/Qwen3-235B-A22B,,eagle3,3,eagle3_k3,full | full_osl32k_qwen235b_eagle3_k3,8,4096,32768,manifest-only,manifest,docs/lyris_qwen235b_swebench_osl32k_batch_sweep_manifest_20260612.csv,no,1,full_osl32k_qwen235b_eagle3_k3
SWE,Qwen/Qwen3-235B-A22B,,eagle3,3,eagle3_k3,verified | verified_osl32k_qwen235b_eagle3_k3,8,4096,32768,manifest-only,manifest,docs/lyris_qwen235b_swebench_osl32k_batch_sweep_manifest_20260612.csv,no,1,verified_osl32k_qwen235b_eagle3_k3
SWE,Qwen/Qwen3-235B-A22B,,eagle3,3,eagle3_k3,full | full_osl32k_qwen235b_eagle3_k3,8,4096,32768,manifest-only,manifest,docs/lyris_swebench_longosl_manifest_20260612.csv,no,1,full_osl32k_qwen235b_eagle3_k3
SWE,Qwen/Qwen3-235B-A22B,,eagle3,3,eagle3_k3,verified | verified_osl32k_qwen235b_eagle3_k3,8,4096,32768,manifest-only,manifest,docs/lyris_swebench_longosl_manifest_20260612.csv,no,1,verified_osl32k_qwen235b_eagle3_k3
SWE,Qwen/Qwen3-235B-A22B,,eagle3,3,eagle3_k3,swebench_full_test_prompts_all.jsonl | qwen235b_a22b_swe_full_osl32k_bsweep_lyris_tp4_fp8kv_bs16_eagle3_offset0_n16_isl4096_osl32768_bs16_k3_20260612,16,4096,32768,final,metrics,docs/lyris_qwen235b_swebench_osl32k_batch_sweep_metrics_20260612.csv,yes_row,1,full_osl32k_qwen235b_eagle3_k3
SWE,Qwen/Qwen3-235B-A22B,,eagle3,3,eagle3_k3,swebench_verified_prompts_all.jsonl | qwen235b_a22b_swe_verified_osl32k_bsweep_lyris_tp4_fp8kv_bs16_eagle3_offset0_n16_isl4096_osl32768_bs16_k3_20260612,16,4096,32768,final,metrics,docs/lyris_qwen235b_swebench_osl32k_batch_sweep_metrics_20260612.csv,yes_row,1,verified_osl32k_qwen235b_eagle3_k3
SWE,Qwen/Qwen3-235B-A22B,,eagle3,3,eagle3_k3,full | full_osl32k_qwen235b_eagle3_k3,16,4096,32768,manifest-only,manifest,docs/lyris_qwen235b_swebench_osl32k_batch_sweep_manifest_20260612.csv,no,1,full_osl32k_qwen235b_eagle3_k3
SWE,Qwen/Qwen3-235B-A22B,,eagle3,3,eagle3_k3,verified | verified_osl32k_qwen235b_eagle3_k3,16,4096,32768,manifest-only,manifest,docs/lyris_qwen235b_swebench_osl32k_batch_sweep_manifest_20260612.csv,no,1,verified_osl32k_qwen235b_eagle3_k3
SWE,Qwen/Qwen3-235B-A22B,,eagle3,3,eagle3_k3,full | full_osl32k_qwen235b_eagle3_k3,16,4096,32768,manifest-only,manifest,docs/lyris_swebench_longosl_manifest_20260612.csv,no,1,full_osl32k_qwen235b_eagle3_k3
SWE,Qwen/Qwen3-235B-A22B,,eagle3,3,eagle3_k3,verified | verified_osl32k_qwen235b_eagle3_k3,16,4096,32768,manifest-only,manifest,docs/lyris_swebench_longosl_manifest_20260612.csv,no,1,verified_osl32k_qwen235b_eagle3_k3
SWE,Qwen/Qwen3-235B-A22B,,eagle3,3,eagle3_k3,swebench_full_test_prompts_all.jsonl | qwen235b_a22b_swe_full_osl32k_bsweep_lyris_tp4_fp8kv_bs32_eagle3_offset0_n32_isl4096_osl32768_bs32_k3_20260612,32,4096,32768,final,metrics,docs/lyris_qwen235b_swebench_osl32k_batch_sweep_metrics_20260612.csv,yes_row,1,full_osl32k_qwen235b_eagle3_k3
SWE,Qwen/Qwen3-235B-A22B,,eagle3,3,eagle3_k3,swebench_verified_prompts_all.jsonl | qwen235b_a22b_swe_verified_osl32k_bsweep_lyris_tp4_fp8kv_bs32_eagle3_offset0_n32_isl4096_osl32768_bs32_k3_20260612,32,4096,32768,final,metrics,docs/lyris_qwen235b_swebench_osl32k_batch_sweep_metrics_20260612.csv,yes_row,1,verified_osl32k_qwen235b_eagle3_k3
SWE,Qwen/Qwen3-235B-A22B,,eagle3,3,eagle3_k3,full | full_osl32k_qwen235b_eagle3_k3,32,4096,32768,manifest-only,manifest,docs/lyris_qwen235b_swebench_osl32k_batch_sweep_manifest_20260612.csv,no,1,full_osl32k_qwen235b_eagle3_k3
SWE,Qwen/Qwen3-235B-A22B,,eagle3,3,eagle3_k3,verified | verified_osl32k_qwen235b_eagle3_k3,32,4096,32768,manifest-only,manifest,docs/lyris_qwen235b_swebench_osl32k_batch_sweep_manifest_20260612.csv,no,1,verified_osl32k_qwen235b_eagle3_k3
SWE,Qwen/Qwen3-235B-A22B,,eagle3,3,eagle3_k3,full | full_osl32k_qwen235b_eagle3_k3,32,4096,32768,manifest-only,manifest,docs/lyris_swebench_longosl_manifest_20260612.csv,no,1,full_osl32k_qwen235b_eagle3_k3
SWE,Qwen/Qwen3-235B-A22B,,eagle3,3,eagle3_k3,verified | verified_osl32k_qwen235b_eagle3_k3,32,4096,32768,manifest-only,manifest,docs/lyris_swebench_longosl_manifest_20260612.csv,no,1,verified_osl32k_qwen235b_eagle3_k3
SWE,Qwen/Qwen3-235B-A22B,,eagle3,9,eagle3_k9,swebench_full_test_prompts_all.jsonl | qwen235b_a22b_swe_full_osl32k_bsweep_lyris_tp4_fp8kv_bs2_eagle3_offset0_n2_isl4096_osl32768_bs2_k9_20260613,2,4096,32768,final,metrics,docs/lyris_qwen235b_standalone_fast_20260613_metrics.csv,yes_source_batch_only,1,full_osl32k_qwen235b_eagle3_k9
SWE,Qwen/Qwen3-235B-A22B,,eagle3,9,eagle3_k9,swebench_verified_prompts_all.jsonl | qwen235b_a22b_swe_verified_osl32k_bsweep_lyris_tp4_fp8kv_bs2_eagle3_offset0_n2_isl4096_osl32768_bs2_k9_20260613,2,4096,32768,final,metrics,docs/lyris_qwen235b_standalone_fast_20260613_metrics.csv,yes_source_batch_only,1,verified_osl32k_qwen235b_eagle3_k9
SWE,Qwen/Qwen3-235B-A22B,,eagle3_k9,9,eagle3_k9,full | full_osl32k_qwen235b_eagle3_k9,2,4096,32768,manifest-only,manifest,docs/lyris_qwen235b_standalone_fast_20260613_manifest.csv,no,1,full_osl32k_qwen235b_eagle3_k9
SWE,Qwen/Qwen3-235B-A22B,,eagle3_k9,9,eagle3_k9,verified | verified_osl32k_qwen235b_eagle3_k9,2,4096,32768,manifest-only,manifest,docs/lyris_qwen235b_standalone_fast_20260613_manifest.csv,no,1,verified_osl32k_qwen235b_eagle3_k9
SWE,Qwen/Qwen3-235B-A22B,,eagle3_k9,9,eagle3_k9,full | full_osl32k_qwen235b_eagle3_k9,2,4096,32768,manifest-only,status,docs/lyris_qwen235b_standalone_fast_20260613_status.csv,yes_source_batch_only,1,full_osl32k_qwen235b_eagle3_k9
SWE,Qwen/Qwen3-235B-A22B,,eagle3_k9,9,eagle3_k9,verified | verified_osl32k_qwen235b_eagle3_k9,2,4096,32768,manifest-only,status,docs/lyris_qwen235b_standalone_fast_20260613_status.csv,yes_source_batch_only,1,verified_osl32k_qwen235b_eagle3_k9
SWE,Qwen/Qwen3-235B-A22B,,eagle3_k9,9,eagle3_k9,full | full_osl32k_qwen235b_eagle3_k9,2,4096,32768,manifest-only,manifest,docs/lyris_qwen235b_swebench_osl32k_specdec_submit_manifest_20260613.csv,no,1,full_osl32k_qwen235b_eagle3_k9
SWE,Qwen/Qwen3-235B-A22B,,eagle3_k9,9,eagle3_k9,verified | verified_osl32k_qwen235b_eagle3_k9,2,4096,32768,manifest-only,manifest,docs/lyris_qwen235b_swebench_osl32k_specdec_submit_manifest_20260613.csv,no,1,verified_osl32k_qwen235b_eagle3_k9
SWE,Qwen/Qwen3-235B-A22B,,eagle3,9,eagle3_k9,swebench_full_test_prompts_all.jsonl | qwen235b_a22b_swe_full_osl32k_bsweep_lyris_tp4_fp8kv_bs4_eagle3_offset0_n4_isl4096_osl32768_bs4_k9_20260613,4,4096,32768,final,metrics,docs/lyris_qwen235b_standalone_fast_20260613_metrics.csv,no,1,full_osl32k_qwen235b_eagle3_k9
SWE,Qwen/Qwen3-235B-A22B,,eagle3,9,eagle3_k9,swebench_verified_prompts_all.jsonl | qwen235b_a22b_swe_verified_osl32k_bsweep_lyris_tp4_fp8kv_bs4_eagle3_offset0_n4_isl4096_osl32768_bs4_k9_20260613,4,4096,32768,final,metrics,docs/lyris_qwen235b_standalone_fast_20260613_metrics.csv,no,1,verified_osl32k_qwen235b_eagle3_k9
SWE,Qwen/Qwen3-235B-A22B,,eagle3_k9,9,eagle3_k9,full | full_osl32k_qwen235b_eagle3_k9,4,4096,32768,manifest-only,manifest,docs/lyris_qwen235b_standalone_fast_20260613_manifest.csv,no,1,full_osl32k_qwen235b_eagle3_k9
SWE,Qwen/Qwen3-235B-A22B,,eagle3_k9,9,eagle3_k9,verified | verified_osl32k_qwen235b_eagle3_k9,4,4096,32768,manifest-only,manifest,docs/lyris_qwen235b_standalone_fast_20260613_manifest.csv,no,1,verified_osl32k_qwen235b_eagle3_k9
SWE,Qwen/Qwen3-235B-A22B,,eagle3_k9,9,eagle3_k9,full | full_osl32k_qwen235b_eagle3_k9,4,4096,32768,manifest-only,status,docs/lyris_qwen235b_standalone_fast_20260613_status.csv,no,1,full_osl32k_qwen235b_eagle3_k9
SWE,Qwen/Qwen3-235B-A22B,,eagle3_k9,9,eagle3_k9,verified | verified_osl32k_qwen235b_eagle3_k9,4,4096,32768,manifest-only,status,docs/lyris_qwen235b_standalone_fast_20260613_status.csv,no,1,verified_osl32k_qwen235b_eagle3_k9
SWE,Qwen/Qwen3-235B-A22B,,eagle3_k9,9,eagle3_k9,full | full_osl32k_qwen235b_eagle3_k9,4,4096,32768,manifest-only,manifest,docs/lyris_qwen235b_swebench_osl32k_specdec_submit_manifest_20260613.csv,no,1,full_osl32k_qwen235b_eagle3_k9
SWE,Qwen/Qwen3-235B-A22B,,eagle3_k9,9,eagle3_k9,verified | verified_osl32k_qwen235b_eagle3_k9,4,4096,32768,manifest-only,manifest,docs/lyris_qwen235b_swebench_osl32k_specdec_submit_manifest_20260613.csv,no,1,verified_osl32k_qwen235b_eagle3_k9
SWE,Qwen/Qwen3-235B-A22B,,eagle3,9,eagle3_k9,swebench_full_test_prompts_all.jsonl | qwen235b_a22b_swe_full_osl32k_bsweep_lyris_tp4_fp8kv_bs8_eagle3_offset0_n8_isl4096_osl32768_bs8_k9_20260613,8,4096,32768,final,metrics,docs/lyris_qwen235b_standalone_fast_20260613_metrics.csv,no,1,full_osl32k_qwen235b_eagle3_k9
SWE,Qwen/Qwen3-235B-A22B,,eagle3,9,eagle3_k9,swebench_verified_prompts_all.jsonl | qwen235b_a22b_swe_verified_osl32k_bsweep_lyris_tp4_fp8kv_bs8_eagle3_offset0_n8_isl4096_osl32768_bs8_k9_20260613,8,4096,32768,final,metrics,docs/lyris_qwen235b_standalone_fast_20260613_metrics.csv,no,1,verified_osl32k_qwen235b_eagle3_k9
SWE,Qwen/Qwen3-235B-A22B,,eagle3_k9,9,eagle3_k9,full | full_osl32k_qwen235b_eagle3_k9,8,4096,32768,manifest-only,manifest,docs/lyris_qwen235b_standalone_fast_20260613_manifest.csv,no,1,full_osl32k_qwen235b_eagle3_k9
SWE,Qwen/Qwen3-235B-A22B,,eagle3_k9,9,eagle3_k9,verified | verified_osl32k_qwen235b_eagle3_k9,8,4096,32768,manifest-only,manifest,docs/lyris_qwen235b_standalone_fast_20260613_manifest.csv,no,1,verified_osl32k_qwen235b_eagle3_k9
SWE,Qwen/Qwen3-235B-A22B,,eagle3_k9,9,eagle3_k9,full | full_osl32k_qwen235b_eagle3_k9,8,4096,32768,manifest-only,status,docs/lyris_qwen235b_standalone_fast_20260613_status.csv,no,1,full_osl32k_qwen235b_eagle3_k9
SWE,Qwen/Qwen3-235B-A22B,,eagle3_k9,9,eagle3_k9,verified | verified_osl32k_qwen235b_eagle3_k9,8,4096,32768,manifest-only,status,docs/lyris_qwen235b_standalone_fast_20260613_status.csv,no,1,verified_osl32k_qwen235b_eagle3_k9
SWE,Qwen/Qwen3-235B-A22B,,eagle3_k9,9,eagle3_k9,full | full_osl32k_qwen235b_eagle3_k9,8,4096,32768,manifest-only,manifest,docs/lyris_qwen235b_swebench_osl32k_specdec_submit_manifest_20260613.csv,no,1,full_osl32k_qwen235b_eagle3_k9
SWE,Qwen/Qwen3-235B-A22B,,eagle3_k9,9,eagle3_k9,verified | verified_osl32k_qwen235b_eagle3_k9,8,4096,32768,manifest-only,manifest,docs/lyris_qwen235b_swebench_osl32k_specdec_submit_manifest_20260613.csv,no,1,verified_osl32k_qwen235b_eagle3_k9
SWE,Qwen/Qwen3-235B-A22B,,eagle3,9,eagle3_k9,swebench_full_test_prompts_all.jsonl | qwen235b_a22b_swe_full_osl32k_bsweep_lyris_tp4_fp8kv_bs16_eagle3_offset0_n16_isl4096_osl32768_bs16_k9_20260613,16,4096,32768,final,metrics,docs/lyris_qwen235b_standalone_fast_20260613_metrics.csv,no,1,full_osl32k_qwen235b_eagle3_k9
SWE,Qwen/Qwen3-235B-A22B,,eagle3,9,eagle3_k9,swebench_verified_prompts_all.jsonl | qwen235b_a22b_swe_verified_osl32k_bsweep_lyris_tp4_fp8kv_bs16_eagle3_offset0_n16_isl4096_osl32768_bs16_k9_20260613,16,4096,32768,final,metrics,docs/lyris_qwen235b_standalone_fast_20260613_metrics.csv,no,1,verified_osl32k_qwen235b_eagle3_k9
SWE,Qwen/Qwen3-235B-A22B,,eagle3_k9,9,eagle3_k9,full | full_osl32k_qwen235b_eagle3_k9,16,4096,32768,manifest-only,manifest,docs/lyris_qwen235b_standalone_fast_20260613_manifest.csv,no,1,full_osl32k_qwen235b_eagle3_k9
SWE,Qwen/Qwen3-235B-A22B,,eagle3_k9,9,eagle3_k9,verified | verified_osl32k_qwen235b_eagle3_k9,16,4096,32768,manifest-only,manifest,docs/lyris_qwen235b_standalone_fast_20260613_manifest.csv,no,1,verified_osl32k_qwen235b_eagle3_k9
SWE,Qwen/Qwen3-235B-A22B,,eagle3_k9,9,eagle3_k9,full | full_osl32k_qwen235b_eagle3_k9,16,4096,32768,manifest-only,status,docs/lyris_qwen235b_standalone_fast_20260613_status.csv,no,1,full_osl32k_qwen235b_eagle3_k9
SWE,Qwen/Qwen3-235B-A22B,,eagle3_k9,9,eagle3_k9,verified | verified_osl32k_qwen235b_eagle3_k9,16,4096,32768,manifest-only,status,docs/lyris_qwen235b_standalone_fast_20260613_status.csv,no,1,verified_osl32k_qwen235b_eagle3_k9
SWE,Qwen/Qwen3-235B-A22B,,eagle3_k9,9,eagle3_k9,full | full_osl32k_qwen235b_eagle3_k9,16,4096,32768,manifest-only,manifest,docs/lyris_qwen235b_swebench_osl32k_specdec_submit_manifest_20260613.csv,no,1,full_osl32k_qwen235b_eagle3_k9
SWE,Qwen/Qwen3-235B-A22B,,eagle3_k9,9,eagle3_k9,verified | verified_osl32k_qwen235b_eagle3_k9,16,4096,32768,manifest-only,manifest,docs/lyris_qwen235b_swebench_osl32k_specdec_submit_manifest_20260613.csv,no,1,verified_osl32k_qwen235b_eagle3_k9
SWE,Qwen/Qwen3-235B-A22B,,eagle3,9,eagle3_k9,swebench_full_test_prompts_all.jsonl | qwen235b_a22b_swe_full_osl32k_bsweep_lyris_tp4_fp8kv_bs32_eagle3_offset0_n32_isl4096_osl32768_bs32_k9_20260613,32,4096,32768,final,metrics,docs/lyris_qwen235b_standalone_fast_20260613_metrics.csv,no,1,full_osl32k_qwen235b_eagle3_k9
SWE,Qwen/Qwen3-235B-A22B,,eagle3,9,eagle3_k9,swebench_verified_prompts_all.jsonl | qwen235b_a22b_swe_verified_osl32k_bsweep_lyris_tp4_fp8kv_bs32_eagle3_offset0_n32_isl4096_osl32768_bs32_k9_20260613,32,4096,32768,final,metrics,docs/lyris_qwen235b_standalone_fast_20260613_metrics.csv,no,1,verified_osl32k_qwen235b_eagle3_k9
SWE,Qwen/Qwen3-235B-A22B,,eagle3_k9,9,eagle3_k9,full | full_osl32k_qwen235b_eagle3_k9,32,4096,32768,manifest-only,manifest,docs/lyris_qwen235b_standalone_fast_20260613_manifest.csv,no,1,full_osl32k_qwen235b_eagle3_k9
SWE,Qwen/Qwen3-235B-A22B,,eagle3_k9,9,eagle3_k9,verified | verified_osl32k_qwen235b_eagle3_k9,32,4096,32768,manifest-only,manifest,docs/lyris_qwen235b_standalone_fast_20260613_manifest.csv,no,1,verified_osl32k_qwen235b_eagle3_k9
SWE,Qwen/Qwen3-235B-A22B,,eagle3_k9,9,eagle3_k9,full | full_osl32k_qwen235b_eagle3_k9,32,4096,32768,manifest-only,status,docs/lyris_qwen235b_standalone_fast_20260613_status.csv,no,1,full_osl32k_qwen235b_eagle3_k9
SWE,Qwen/Qwen3-235B-A22B,,eagle3_k9,9,eagle3_k9,verified | verified_osl32k_qwen235b_eagle3_k9,32,4096,32768,manifest-only,status,docs/lyris_qwen235b_standalone_fast_20260613_status.csv,no,1,verified_osl32k_qwen235b_eagle3_k9
SWE,Qwen/Qwen3-235B-A22B,,eagle3_k9,9,eagle3_k9,full | full_osl32k_qwen235b_eagle3_k9,32,4096,32768,manifest-only,manifest,docs/lyris_qwen235b_swebench_osl32k_specdec_submit_manifest_20260613.csv,no,1,full_osl32k_qwen235b_eagle3_k9
SWE,Qwen/Qwen3-235B-A22B,,eagle3_k9,9,eagle3_k9,verified | verified_osl32k_qwen235b_eagle3_k9,32,4096,32768,manifest-only,manifest,docs/lyris_qwen235b_swebench_osl32k_specdec_submit_manifest_20260613.csv,no,1,verified_osl32k_qwen235b_eagle3_k9
SWE,Qwen/Qwen3-235B-A22B,,pard2,1,pard2_k1,qwen235b_n1_isl4096_osl65536_pard2_native_k1,1,4096,65536,failed,status,docs/lyris_qwen235b_suffix_status_20260612.csv,no,1,qwen235b_n1_isl4096_osl65536_pard2_native_k1
SWE,Qwen/Qwen3-235B-A22B,,pard2,1,pard2_k1,swebench_verified_prompts_all.jsonl | qwen235b_a22b_swev_osl32k_nativepard2_pilot_lyris_tp4_fp8kv_pard2_offset0_n2_isl4096_osl32768_bs1_k1_20260611,1,4096,32768,final,metrics,docs/lyris_qwen235b_suffix_metrics_20260612.csv,no,1,qwen235b_n2_isl4096_osl32768_pard2_native_k1
SWE,Qwen/Qwen3-235B-A22B,,pard2,1,pard2_k1,qwen235b_n1_isl4096_osl65536_pard2_native_k1,1,4096,65536,manifest-only,manifest,docs/lyris_qwen235b_suffix_manifest_20260612.csv,no,1,qwen235b_n1_isl4096_osl65536_pard2_native_k1
SWE,Qwen/Qwen3-235B-A22B,,pard2,1,pard2_k1,qwen235b_n2_isl4096_osl32768_pard2_native_k1,1,4096,32768,manifest-only,manifest,docs/lyris_qwen235b_suffix_manifest_20260612.csv,no,1,qwen235b_n2_isl4096_osl32768_pard2_native_k1
SWE,Qwen/Qwen3-235B-A22B,,pard2,1,pard2_k1,qwen235b_n2_isl4096_osl32768_pard2_native_k1,1,4096,32768,manifest-only,status,docs/lyris_qwen235b_suffix_status_20260612.csv,no,1,qwen235b_n2_isl4096_osl32768_pard2_native_k1
SWE,Qwen/Qwen3-235B-A22B,,pard2,1,pard2_k1,full | full_osl32k_qwen235b_pard2_k1,2,4096,32768,manifest-only,manifest,docs/lyris_qwen235b_swebench_osl32k_batch_sweep_manifest_20260612.csv,no,1,full_osl32k_qwen235b_pard2_k1
SWE,Qwen/Qwen3-235B-A22B,,pard2,1,pard2_k1,verified | verified_osl32k_qwen235b_pard2_k1,2,4096,32768,manifest-only,manifest,docs/lyris_qwen235b_swebench_osl32k_batch_sweep_manifest_20260612.csv,no,1,verified_osl32k_qwen235b_pard2_k1
SWE,Qwen/Qwen3-235B-A22B,,pard2,1,pard2_k1,full | full_osl32k_qwen235b_pard2_k1,2,4096,32768,manifest-only,manifest,docs/lyris_swebench_longosl_manifest_20260612.csv,no,1,full_osl32k_qwen235b_pard2_k1
SWE,Qwen/Qwen3-235B-A22B,,pard2,1,pard2_k1,verified | verified_osl32k_qwen235b_pard2_k1,2,4096,32768,manifest-only,manifest,docs/lyris_swebench_longosl_manifest_20260612.csv,no,1,verified_osl32k_qwen235b_pard2_k1
SWE,Qwen/Qwen3-235B-A22B,,pard2,1,pard2_k1,full | full_osl32k_qwen235b_pard2_k1,4,4096,32768,manifest-only,manifest,docs/lyris_qwen235b_swebench_osl32k_batch_sweep_manifest_20260612.csv,no,1,full_osl32k_qwen235b_pard2_k1
SWE,Qwen/Qwen3-235B-A22B,,pard2,1,pard2_k1,verified | verified_osl32k_qwen235b_pard2_k1,4,4096,32768,manifest-only,manifest,docs/lyris_qwen235b_swebench_osl32k_batch_sweep_manifest_20260612.csv,no,1,verified_osl32k_qwen235b_pard2_k1
SWE,Qwen/Qwen3-235B-A22B,,pard2,1,pard2_k1,full | full_osl32k_qwen235b_pard2_k1,4,4096,32768,manifest-only,manifest,docs/lyris_swebench_longosl_manifest_20260612.csv,no,1,full_osl32k_qwen235b_pard2_k1
SWE,Qwen/Qwen3-235B-A22B,,pard2,1,pard2_k1,verified | verified_osl32k_qwen235b_pard2_k1,4,4096,32768,manifest-only,manifest,docs/lyris_swebench_longosl_manifest_20260612.csv,no,1,verified_osl32k_qwen235b_pard2_k1
SWE,Qwen/Qwen3-235B-A22B,,pard2,1,pard2_k1,full | full_osl32k_qwen235b_pard2_k1,8,4096,32768,manifest-only,manifest,docs/lyris_qwen235b_swebench_osl32k_batch_sweep_manifest_20260612.csv,no,1,full_osl32k_qwen235b_pard2_k1
SWE,Qwen/Qwen3-235B-A22B,,pard2,1,pard2_k1,verified | verified_osl32k_qwen235b_pard2_k1,8,4096,32768,manifest-only,manifest,docs/lyris_qwen235b_swebench_osl32k_batch_sweep_manifest_20260612.csv,no,1,verified_osl32k_qwen235b_pard2_k1
SWE,Qwen/Qwen3-235B-A22B,,pard2,1,pard2_k1,full | full_osl32k_qwen235b_pard2_k1,8,4096,32768,manifest-only,manifest,docs/lyris_swebench_longosl_manifest_20260612.csv,no,1,full_osl32k_qwen235b_pard2_k1
SWE,Qwen/Qwen3-235B-A22B,,pard2,1,pard2_k1,verified | verified_osl32k_qwen235b_pard2_k1,8,4096,32768,manifest-only,manifest,docs/lyris_swebench_longosl_manifest_20260612.csv,no,1,verified_osl32k_qwen235b_pard2_k1
SWE,Qwen/Qwen3-235B-A22B,,pard2,1,pard2_k1,full | full_osl32k_qwen235b_pard2_k1,16,4096,32768,manifest-only,manifest,docs/lyris_qwen235b_swebench_osl32k_batch_sweep_manifest_20260612.csv,no,1,full_osl32k_qwen235b_pard2_k1
SWE,Qwen/Qwen3-235B-A22B,,pard2,1,pard2_k1,verified | verified_osl32k_qwen235b_pard2_k1,16,4096,32768,manifest-only,manifest,docs/lyris_qwen235b_swebench_osl32k_batch_sweep_manifest_20260612.csv,no,1,verified_osl32k_qwen235b_pard2_k1
SWE,Qwen/Qwen3-235B-A22B,,pard2,1,pard2_k1,full | full_osl32k_qwen235b_pard2_k1,16,4096,32768,manifest-only,manifest,docs/lyris_swebench_longosl_manifest_20260612.csv,no,1,full_osl32k_qwen235b_pard2_k1
SWE,Qwen/Qwen3-235B-A22B,,pard2,1,pard2_k1,verified | verified_osl32k_qwen235b_pard2_k1,16,4096,32768,manifest-only,manifest,docs/lyris_swebench_longosl_manifest_20260612.csv,no,1,verified_osl32k_qwen235b_pard2_k1
SWE,Qwen/Qwen3-235B-A22B,,pard2,1,pard2_k1,full | full_osl32k_qwen235b_pard2_k1,32,4096,32768,manifest-only,manifest,docs/lyris_qwen235b_swebench_osl32k_batch_sweep_manifest_20260612.csv,no,1,full_osl32k_qwen235b_pard2_k1
SWE,Qwen/Qwen3-235B-A22B,,pard2,1,pard2_k1,verified | verified_osl32k_qwen235b_pard2_k1,32,4096,32768,manifest-only,manifest,docs/lyris_qwen235b_swebench_osl32k_batch_sweep_manifest_20260612.csv,no,1,verified_osl32k_qwen235b_pard2_k1
SWE,Qwen/Qwen3-235B-A22B,,pard2,1,pard2_k1,full | full_osl32k_qwen235b_pard2_k1,32,4096,32768,manifest-only,manifest,docs/lyris_swebench_longosl_manifest_20260612.csv,no,1,full_osl32k_qwen235b_pard2_k1
SWE,Qwen/Qwen3-235B-A22B,,pard2,1,pard2_k1,verified | verified_osl32k_qwen235b_pard2_k1,32,4096,32768,manifest-only,manifest,docs/lyris_swebench_longosl_manifest_20260612.csv,no,1,verified_osl32k_qwen235b_pard2_k1
SWE,Qwen/Qwen3-235B-A22B,,pard2,11,pard2_k11,swebench_full_test_prompts_all.jsonl | qwen235b_a22b_swe_full_osl32k_bsweep_lyris_tp4_fp8kv_bs2_pard2_offset0_n2_isl4096_osl32768_bs2_k11_20260613,2,4096,32768,final,metrics,docs/lyris_qwen235b_standalone_fast_20260613_metrics.csv,yes_source_batch_only,1,full_osl32k_qwen235b_pard2_k11
SWE,Qwen/Qwen3-235B-A22B,,pard2,11,pard2_k11,swebench_verified_prompts_all.jsonl | qwen235b_a22b_swe_verified_osl32k_bsweep_lyris_tp4_fp8kv_bs2_pard2_offset0_n2_isl4096_osl32768_bs2_k11_20260613,2,4096,32768,final,metrics,docs/lyris_qwen235b_standalone_fast_20260613_metrics.csv,yes_source_batch_only,1,verified_osl32k_qwen235b_pard2_k11
SWE,Qwen/Qwen3-235B-A22B,,pard2_k11,11,pard2_k11,full | full_osl32k_qwen235b_pard2_k11,2,4096,32768,manifest-only,manifest,docs/lyris_qwen235b_standalone_fast_20260613_manifest.csv,no,1,full_osl32k_qwen235b_pard2_k11
SWE,Qwen/Qwen3-235B-A22B,,pard2_k11,11,pard2_k11,verified | verified_osl32k_qwen235b_pard2_k11,2,4096,32768,manifest-only,manifest,docs/lyris_qwen235b_standalone_fast_20260613_manifest.csv,no,1,verified_osl32k_qwen235b_pard2_k11
SWE,Qwen/Qwen3-235B-A22B,,pard2_k11,11,pard2_k11,full | full_osl32k_qwen235b_pard2_k11,2,4096,32768,manifest-only,status,docs/lyris_qwen235b_standalone_fast_20260613_status.csv,yes_source_batch_only,1,full_osl32k_qwen235b_pard2_k11
SWE,Qwen/Qwen3-235B-A22B,,pard2_k11,11,pard2_k11,verified | verified_osl32k_qwen235b_pard2_k11,2,4096,32768,manifest-only,status,docs/lyris_qwen235b_standalone_fast_20260613_status.csv,yes_source_batch_only,1,verified_osl32k_qwen235b_pard2_k11
SWE,Qwen/Qwen3-235B-A22B,,pard2_k11,11,pard2_k11,full | full_osl32k_qwen235b_pard2_k11,2,4096,32768,manifest-only,manifest,docs/lyris_qwen235b_swebench_osl32k_specdec_submit_manifest_20260613.csv,no,1,full_osl32k_qwen235b_pard2_k11
SWE,Qwen/Qwen3-235B-A22B,,pard2_k11,11,pard2_k11,verified | verified_osl32k_qwen235b_pard2_k11,2,4096,32768,manifest-only,manifest,docs/lyris_qwen235b_swebench_osl32k_specdec_submit_manifest_20260613.csv,no,1,verified_osl32k_qwen235b_pard2_k11
SWE,Qwen/Qwen3-235B-A22B,,pard2,11,pard2_k11,swebench_full_test_prompts_all.jsonl | qwen235b_a22b_swe_full_osl32k_bsweep_lyris_tp4_fp8kv_bs4_pard2_offset0_n4_isl4096_osl32768_bs4_k11_20260613,4,4096,32768,final,metrics,docs/lyris_qwen235b_standalone_fast_20260613_metrics.csv,no,1,full_osl32k_qwen235b_pard2_k11
SWE,Qwen/Qwen3-235B-A22B,,pard2,11,pard2_k11,swebench_verified_prompts_all.jsonl | qwen235b_a22b_swe_verified_osl32k_bsweep_lyris_tp4_fp8kv_bs4_pard2_offset0_n4_isl4096_osl32768_bs4_k11_20260613,4,4096,32768,final,metrics,docs/lyris_qwen235b_standalone_fast_20260613_metrics.csv,no,1,verified_osl32k_qwen235b_pard2_k11
SWE,Qwen/Qwen3-235B-A22B,,pard2_k11,11,pard2_k11,full | full_osl32k_qwen235b_pard2_k11,4,4096,32768,manifest-only,manifest,docs/lyris_qwen235b_standalone_fast_20260613_manifest.csv,no,1,full_osl32k_qwen235b_pard2_k11
SWE,Qwen/Qwen3-235B-A22B,,pard2_k11,11,pard2_k11,verified | verified_osl32k_qwen235b_pard2_k11,4,4096,32768,manifest-only,manifest,docs/lyris_qwen235b_standalone_fast_20260613_manifest.csv,no,1,verified_osl32k_qwen235b_pard2_k11
SWE,Qwen/Qwen3-235B-A22B,,pard2_k11,11,pard2_k11,full | full_osl32k_qwen235b_pard2_k11,4,4096,32768,manifest-only,status,docs/lyris_qwen235b_standalone_fast_20260613_status.csv,no,1,full_osl32k_qwen235b_pard2_k11
SWE,Qwen/Qwen3-235B-A22B,,pard2_k11,11,pard2_k11,verified | verified_osl32k_qwen235b_pard2_k11,4,4096,32768,manifest-only,status,docs/lyris_qwen235b_standalone_fast_20260613_status.csv,no,1,verified_osl32k_qwen235b_pard2_k11
SWE,Qwen/Qwen3-235B-A22B,,pard2_k11,11,pard2_k11,full | full_osl32k_qwen235b_pard2_k11,4,4096,32768,manifest-only,manifest,docs/lyris_qwen235b_swebench_osl32k_specdec_submit_manifest_20260613.csv,no,1,full_osl32k_qwen235b_pard2_k11
SWE,Qwen/Qwen3-235B-A22B,,pard2_k11,11,pard2_k11,verified | verified_osl32k_qwen235b_pard2_k11,4,4096,32768,manifest-only,manifest,docs/lyris_qwen235b_swebench_osl32k_specdec_submit_manifest_20260613.csv,no,1,verified_osl32k_qwen235b_pard2_k11
SWE,Qwen/Qwen3-235B-A22B,,pard2,11,pard2_k11,swebench_full_test_prompts_all.jsonl | qwen235b_a22b_swe_full_osl32k_bsweep_lyris_tp4_fp8kv_bs8_pard2_offset0_n8_isl4096_osl32768_bs8_k11_20260613,8,4096,32768,final,metrics,docs/lyris_qwen235b_standalone_fast_20260613_metrics.csv,no,1,full_osl32k_qwen235b_pard2_k11
SWE,Qwen/Qwen3-235B-A22B,,pard2,11,pard2_k11,swebench_verified_prompts_all.jsonl | qwen235b_a22b_swe_verified_osl32k_bsweep_lyris_tp4_fp8kv_bs8_pard2_offset0_n8_isl4096_osl32768_bs8_k11_20260613,8,4096,32768,final,metrics,docs/lyris_qwen235b_standalone_fast_20260613_metrics.csv,no,1,verified_osl32k_qwen235b_pard2_k11
SWE,Qwen/Qwen3-235B-A22B,,pard2_k11,11,pard2_k11,full | full_osl32k_qwen235b_pard2_k11,8,4096,32768,manifest-only,manifest,docs/lyris_qwen235b_standalone_fast_20260613_manifest.csv,no,1,full_osl32k_qwen235b_pard2_k11
SWE,Qwen/Qwen3-235B-A22B,,pard2_k11,11,pard2_k11,verified | verified_osl32k_qwen235b_pard2_k11,8,4096,32768,manifest-only,manifest,docs/lyris_qwen235b_standalone_fast_20260613_manifest.csv,no,1,verified_osl32k_qwen235b_pard2_k11
SWE,Qwen/Qwen3-235B-A22B,,pard2_k11,11,pard2_k11,full | full_osl32k_qwen235b_pard2_k11,8,4096,32768,manifest-only,status,docs/lyris_qwen235b_standalone_fast_20260613_status.csv,no,1,full_osl32k_qwen235b_pard2_k11
SWE,Qwen/Qwen3-235B-A22B,,pard2_k11,11,pard2_k11,verified | verified_osl32k_qwen235b_pard2_k11,8,4096,32768,manifest-only,status,docs/lyris_qwen235b_standalone_fast_20260613_status.csv,no,1,verified_osl32k_qwen235b_pard2_k11
SWE,Qwen/Qwen3-235B-A22B,,pard2_k11,11,pard2_k11,full | full_osl32k_qwen235b_pard2_k11,8,4096,32768,manifest-only,manifest,docs/lyris_qwen235b_swebench_osl32k_specdec_submit_manifest_20260613.csv,no,1,full_osl32k_qwen235b_pard2_k11
SWE,Qwen/Qwen3-235B-A22B,,pard2_k11,11,pard2_k11,verified | verified_osl32k_qwen235b_pard2_k11,8,4096,32768,manifest-only,manifest,docs/lyris_qwen235b_swebench_osl32k_specdec_submit_manifest_20260613.csv,no,1,verified_osl32k_qwen235b_pard2_k11
SWE,Qwen/Qwen3-235B-A22B,,pard2,11,pard2_k11,swebench_full_test_prompts_all.jsonl | qwen235b_a22b_swe_full_osl32k_bsweep_lyris_tp4_fp8kv_bs16_pard2_offset0_n16_isl4096_osl32768_bs16_k11_20260613,16,4096,32768,final,metrics,docs/lyris_qwen235b_standalone_fast_20260613_metrics.csv,no,1,full_osl32k_qwen235b_pard2_k11
SWE,Qwen/Qwen3-235B-A22B,,pard2,11,pard2_k11,swebench_verified_prompts_all.jsonl | qwen235b_a22b_swe_verified_osl32k_bsweep_lyris_tp4_fp8kv_bs16_pard2_offset0_n16_isl4096_osl32768_bs16_k11_20260613,16,4096,32768,final,metrics,docs/lyris_qwen235b_standalone_fast_20260613_metrics.csv,no,1,verified_osl32k_qwen235b_pard2_k11
SWE,Qwen/Qwen3-235B-A22B,,pard2_k11,11,pard2_k11,full | full_osl32k_qwen235b_pard2_k11,16,4096,32768,manifest-only,manifest,docs/lyris_qwen235b_standalone_fast_20260613_manifest.csv,no,1,full_osl32k_qwen235b_pard2_k11
SWE,Qwen/Qwen3-235B-A22B,,pard2_k11,11,pard2_k11,verified | verified_osl32k_qwen235b_pard2_k11,16,4096,32768,manifest-only,manifest,docs/lyris_qwen235b_standalone_fast_20260613_manifest.csv,no,1,verified_osl32k_qwen235b_pard2_k11
SWE,Qwen/Qwen3-235B-A22B,,pard2_k11,11,pard2_k11,full | full_osl32k_qwen235b_pard2_k11,16,4096,32768,manifest-only,status,docs/lyris_qwen235b_standalone_fast_20260613_status.csv,no,1,full_osl32k_qwen235b_pard2_k11
SWE,Qwen/Qwen3-235B-A22B,,pard2_k11,11,pard2_k11,verified | verified_osl32k_qwen235b_pard2_k11,16,4096,32768,manifest-only,status,docs/lyris_qwen235b_standalone_fast_20260613_status.csv,no,1,verified_osl32k_qwen235b_pard2_k11
SWE,Qwen/Qwen3-235B-A22B,,pard2_k11,11,pard2_k11,full | full_osl32k_qwen235b_pard2_k11,16,4096,32768,manifest-only,manifest,docs/lyris_qwen235b_swebench_osl32k_specdec_submit_manifest_20260613.csv,no,1,full_osl32k_qwen235b_pard2_k11
SWE,Qwen/Qwen3-235B-A22B,,pard2_k11,11,pard2_k11,verified | verified_osl32k_qwen235b_pard2_k11,16,4096,32768,manifest-only,manifest,docs/lyris_qwen235b_swebench_osl32k_specdec_submit_manifest_20260613.csv,no,1,verified_osl32k_qwen235b_pard2_k11
SWE,Qwen/Qwen3-235B-A22B,,pard2,11,pard2_k11,swebench_full_test_prompts_all.jsonl | qwen235b_a22b_swe_full_osl32k_bsweep_lyris_tp4_fp8kv_bs32_pard2_offset0_n32_isl4096_osl32768_bs32_k11_20260613,32,4096,32768,final,metrics,docs/lyris_qwen235b_standalone_fast_20260613_metrics.csv,no,1,full_osl32k_qwen235b_pard2_k11
SWE,Qwen/Qwen3-235B-A22B,,pard2,11,pard2_k11,swebench_verified_prompts_all.jsonl | qwen235b_a22b_swe_verified_osl32k_bsweep_lyris_tp4_fp8kv_bs32_pard2_offset0_n32_isl4096_osl32768_bs32_k11_20260613,32,4096,32768,final,metrics,docs/lyris_qwen235b_standalone_fast_20260613_metrics.csv,no,1,verified_osl32k_qwen235b_pard2_k11
SWE,Qwen/Qwen3-235B-A22B,,pard2_k11,11,pard2_k11,full | full_osl32k_qwen235b_pard2_k11,32,4096,32768,manifest-only,manifest,docs/lyris_qwen235b_standalone_fast_20260613_manifest.csv,no,1,full_osl32k_qwen235b_pard2_k11
SWE,Qwen/Qwen3-235B-A22B,,pard2_k11,11,pard2_k11,verified | verified_osl32k_qwen235b_pard2_k11,32,4096,32768,manifest-only,manifest,docs/lyris_qwen235b_standalone_fast_20260613_manifest.csv,no,1,verified_osl32k_qwen235b_pard2_k11
SWE,Qwen/Qwen3-235B-A22B,,pard2_k11,11,pard2_k11,full | full_osl32k_qwen235b_pard2_k11,32,4096,32768,manifest-only,status,docs/lyris_qwen235b_standalone_fast_20260613_status.csv,no,1,full_osl32k_qwen235b_pard2_k11
SWE,Qwen/Qwen3-235B-A22B,,pard2_k11,11,pard2_k11,verified | verified_osl32k_qwen235b_pard2_k11,32,4096,32768,manifest-only,status,docs/lyris_qwen235b_standalone_fast_20260613_status.csv,no,1,verified_osl32k_qwen235b_pard2_k11
SWE,Qwen/Qwen3-235B-A22B,,pard2_k11,11,pard2_k11,full | full_osl32k_qwen235b_pard2_k11,32,4096,32768,manifest-only,manifest,docs/lyris_qwen235b_swebench_osl32k_specdec_submit_manifest_20260613.csv,no,1,full_osl32k_qwen235b_pard2_k11
SWE,Qwen/Qwen3-235B-A22B,,pard2_k11,11,pard2_k11,verified | verified_osl32k_qwen235b_pard2_k11,32,4096,32768,manifest-only,manifest,docs/lyris_qwen235b_swebench_osl32k_specdec_submit_manifest_20260613.csv,no,1,verified_osl32k_qwen235b_pard2_k11
SWE,Qwen/Qwen3-235B-A22B,,pard2,2,pard2_k2,swebench_verified_prompts_all.jsonl | qwen235b_a22b_swev_osl32k_nativepard2_pilot_lyris_tp4_fp8kv_pard2_offset0_n2_isl4096_osl32768_bs1_k2_20260611,1,4096,32768,final,metrics,docs/lyris_qwen235b_suffix_metrics_20260612.csv,no,1,qwen235b_n2_isl4096_osl32768_pard2_native_k2
SWE,Qwen/Qwen3-235B-A22B,,pard2,2,pard2_k2,qwen235b_n2_isl4096_osl32768_pard2_native_k2,1,4096,32768,manifest-only,manifest,docs/lyris_qwen235b_suffix_manifest_20260612.csv,no,1,qwen235b_n2_isl4096_osl32768_pard2_native_k2
SWE,Qwen/Qwen3-235B-A22B,,pard2,2,pard2_k2,qwen235b_n2_isl4096_osl32768_pard2_native_k2,1,4096,32768,manifest-only,status,docs/lyris_qwen235b_suffix_status_20260612.csv,no,1,qwen235b_n2_isl4096_osl32768_pard2_native_k2
SWE,Qwen/Qwen3-235B-A22B,,pard2,3,pard2_k3,qwen235b_n16_isl4096_osl1024_pard2_native_k3,1,4096,1024,failed,status,docs/lyris_qwen235b_suffix_status_20260612.csv,no,1,qwen235b_n16_isl4096_osl1024_pard2_native_k3
SWE,Qwen/Qwen3-235B-A22B,,pard2,3,pard2_k3,qwen235b_n1_isl4096_osl256_pard2_native_k3,1,4096,256,failed,status,docs/lyris_qwen235b_suffix_status_20260612.csv,no,1,qwen235b_n1_isl4096_osl256_pard2_native_k3
SWE,Qwen/Qwen3-235B-A22B,,pard2,3,pard2_k3,swebench_verified_prompts_all.jsonl | qwen235b_a22b_swev_osl1k_lyris_tp4_fp8kv_pard2_k3_pard2_offset0_n16_isl4096_osl1024_bs1_2_k3_20260611,1,4096,1024,final,metrics,docs/lyris_qwen235b_suffix_metrics_20260612.csv,no,1,qwen235b_n16_isl4096_osl1024_pard2_k3
SWE,Qwen/Qwen3-235B-A22B,,pard2,3,pard2_k3,swebench_verified_prompts_all.jsonl | qwen235b_a22b_swev_osl1k_nativepard2_lyris_tp4_fp8kv_pard2_offset0_n16_isl4096_osl1024_bs1_2_k3_20260611,1,4096,1024,final,metrics,docs/lyris_qwen235b_suffix_metrics_20260612.csv,no,1,qwen235b_n16_isl4096_osl1024_pard2_native_k3
SWE,Qwen/Qwen3-235B-A22B,,pard2,3,pard2_k3,swebench_verified_prompts_all.jsonl | qwen235b_a22b_swev_osl256_nativepard2_smoke_retry1_lyris_tp4_fp8kv_pard2_offset0_n1_isl4096_osl256_bs1_k3_20260611,1,4096,256,final,metrics,docs/lyris_qwen235b_suffix_metrics_20260612.csv,no,1,qwen235b_n1_isl4096_osl256_pard2_native_k3
SWE,Qwen/Qwen3-235B-A22B,,pard2,3,pard2_k3,swebench_verified_prompts_all.jsonl | qwen235b_a22b_swev_osl32k_nativepard2_pilot_lyris_tp4_fp8kv_pard2_offset0_n2_isl4096_osl32768_bs1_k3_20260611,1,4096,32768,final,metrics,docs/lyris_qwen235b_suffix_metrics_20260612.csv,no,1,qwen235b_n2_isl4096_osl32768_pard2_native_k3
SWE,Qwen/Qwen3-235B-A22B,,pard2,3,pard2_k3,swebench_verified_prompts_all.jsonl | qwen235b_a22b_swev_osl32k_pilot_lyris_tp4_fp8kv_pard2_k3_pard2_offset0_n2_isl4096_osl32768_bs1_k3_20260611,1,4096,32768,final,metrics,docs/lyris_qwen235b_suffix_metrics_20260612.csv,no,1,qwen235b_n2_isl4096_osl32768_pard2_k3
SWE,Qwen/Qwen3-235B-A22B,,pard2,3,pard2_k3,qwen235b_n16_isl4096_osl1024_pard2_k3,1,4096,1024,manifest-only,manifest,docs/lyris_qwen235b_suffix_manifest_20260612.csv,no,1,qwen235b_n16_isl4096_osl1024_pard2_k3
SWE,Qwen/Qwen3-235B-A22B,,pard2,3,pard2_k3,qwen235b_n16_isl4096_osl1024_pard2_native_k3,1,4096,1024,manifest-only,manifest,docs/lyris_qwen235b_suffix_manifest_20260612.csv,no,2,qwen235b_n16_isl4096_osl1024_pard2_native_k3
SWE,Qwen/Qwen3-235B-A22B,,pard2,3,pard2_k3,qwen235b_n1_isl4096_osl256_pard2_native_k3,1,4096,256,manifest-only,manifest,docs/lyris_qwen235b_suffix_manifest_20260612.csv,no,2,qwen235b_n1_isl4096_osl256_pard2_native_k3
SWE,Qwen/Qwen3-235B-A22B,,pard2,3,pard2_k3,qwen235b_n2_isl4096_osl32768_pard2_k3,1,4096,32768,manifest-only,manifest,docs/lyris_qwen235b_suffix_manifest_20260612.csv,no,1,qwen235b_n2_isl4096_osl32768_pard2_k3
SWE,Qwen/Qwen3-235B-A22B,,pard2,3,pard2_k3,qwen235b_n2_isl4096_osl32768_pard2_native_k3,1,4096,32768,manifest-only,manifest,docs/lyris_qwen235b_suffix_manifest_20260612.csv,no,1,qwen235b_n2_isl4096_osl32768_pard2_native_k3
SWE,Qwen/Qwen3-235B-A22B,,pard2,3,pard2_k3,qwen235b_n16_isl4096_osl1024_pard2_k3,1,4096,1024,manifest-only,status,docs/lyris_qwen235b_suffix_status_20260612.csv,no,1,qwen235b_n16_isl4096_osl1024_pard2_k3
SWE,Qwen/Qwen3-235B-A22B,,pard2,3,pard2_k3,qwen235b_n16_isl4096_osl1024_pard2_native_k3,1,4096,1024,manifest-only,status,docs/lyris_qwen235b_suffix_status_20260612.csv,no,1,qwen235b_n16_isl4096_osl1024_pard2_native_k3
SWE,Qwen/Qwen3-235B-A22B,,pard2,3,pard2_k3,qwen235b_n1_isl4096_osl256_pard2_native_k3,1,4096,256,manifest-only,status,docs/lyris_qwen235b_suffix_status_20260612.csv,no,1,qwen235b_n1_isl4096_osl256_pard2_native_k3
SWE,Qwen/Qwen3-235B-A22B,,pard2,3,pard2_k3,qwen235b_n2_isl4096_osl32768_pard2_k3,1,4096,32768,manifest-only,status,docs/lyris_qwen235b_suffix_status_20260612.csv,no,1,qwen235b_n2_isl4096_osl32768_pard2_k3
SWE,Qwen/Qwen3-235B-A22B,,pard2,3,pard2_k3,qwen235b_n2_isl4096_osl32768_pard2_native_k3,1,4096,32768,manifest-only,status,docs/lyris_qwen235b_suffix_status_20260612.csv,no,1,qwen235b_n2_isl4096_osl32768_pard2_native_k3
SWE,Qwen/Qwen3-235B-A22B,,pard2,3,pard2_k3,qwen235b_n16_isl4096_osl1024_pard2_native_k3,2,4096,1024,failed,status,docs/lyris_qwen235b_suffix_status_20260612.csv,no,1,qwen235b_n16_isl4096_osl1024_pard2_native_k3
SWE,Qwen/Qwen3-235B-A22B,,pard2,3,pard2_k3,swebench_verified_prompts_all.jsonl | qwen235b_a22b_swev_osl1k_lyris_tp4_fp8kv_pard2_k3_pard2_offset0_n16_isl4096_osl1024_bs1_2_k3_20260611,2,4096,1024,final,metrics,docs/lyris_qwen235b_suffix_metrics_20260612.csv,no,1,qwen235b_n16_isl4096_osl1024_pard2_k3
SWE,Qwen/Qwen3-235B-A22B,,pard2,3,pard2_k3,swebench_verified_prompts_all.jsonl | qwen235b_a22b_swev_osl1k_nativepard2_lyris_tp4_fp8kv_pard2_offset0_n16_isl4096_osl1024_bs1_2_k3_20260611,2,4096,1024,final,metrics,docs/lyris_qwen235b_suffix_metrics_20260612.csv,no,1,qwen235b_n16_isl4096_osl1024_pard2_native_k3
SWE,Qwen/Qwen3-235B-A22B,,pard2,3,pard2_k3,qwen235b_n16_isl4096_osl1024_pard2_k3,2,4096,1024,manifest-only,manifest,docs/lyris_qwen235b_suffix_manifest_20260612.csv,no,1,qwen235b_n16_isl4096_osl1024_pard2_k3
SWE,Qwen/Qwen3-235B-A22B,,pard2,3,pard2_k3,qwen235b_n16_isl4096_osl1024_pard2_native_k3,2,4096,1024,manifest-only,manifest,docs/lyris_qwen235b_suffix_manifest_20260612.csv,no,2,qwen235b_n16_isl4096_osl1024_pard2_native_k3
SWE,Qwen/Qwen3-235B-A22B,,pard2,3,pard2_k3,qwen235b_n16_isl4096_osl1024_pard2_k3,2,4096,1024,manifest-only,status,docs/lyris_qwen235b_suffix_status_20260612.csv,no,1,qwen235b_n16_isl4096_osl1024_pard2_k3
SWE,Qwen/Qwen3-235B-A22B,,pard2,3,pard2_k3,qwen235b_n16_isl4096_osl1024_pard2_native_k3,2,4096,1024,manifest-only,status,docs/lyris_qwen235b_suffix_status_20260612.csv,no,1,qwen235b_n16_isl4096_osl1024_pard2_native_k3
SWE,Qwen/Qwen3-235B-A22B,,pard2,5,pard2_k5,swebench_verified_prompts_all.jsonl | qwen235b_a22b_swev_osl1k_lyris_tp4_fp8kv_pard2_k5_pard2_offset0_n16_isl4096_osl1024_bs1_2_k5_20260611,1,4096,1024,final,metrics,docs/lyris_qwen235b_suffix_metrics_20260612.csv,no,1,qwen235b_n16_isl4096_osl1024_pard2_k5
SWE,Qwen/Qwen3-235B-A22B,,pard2,5,pard2_k5,swebench_verified_prompts_all.jsonl | qwen235b_a22b_swev_osl32k_pilot_lyris_tp4_fp8kv_pard2_k5_pard2_offset0_n2_isl4096_osl32768_bs1_k5_20260611,1,4096,32768,final,metrics,docs/lyris_qwen235b_suffix_metrics_20260612.csv,no,1,qwen235b_n2_isl4096_osl32768_pard2_k5
SWE,Qwen/Qwen3-235B-A22B,,pard2,5,pard2_k5,qwen235b_n16_isl4096_osl1024_pard2_k5,1,4096,1024,manifest-only,manifest,docs/lyris_qwen235b_suffix_manifest_20260612.csv,no,1,qwen235b_n16_isl4096_osl1024_pard2_k5
SWE,Qwen/Qwen3-235B-A22B,,pard2,5,pard2_k5,qwen235b_n2_isl4096_osl32768_pard2_k5,1,4096,32768,manifest-only,manifest,docs/lyris_qwen235b_suffix_manifest_20260612.csv,no,1,qwen235b_n2_isl4096_osl32768_pard2_k5
SWE,Qwen/Qwen3-235B-A22B,,pard2,5,pard2_k5,qwen235b_n16_isl4096_osl1024_pard2_k5,1,4096,1024,manifest-only,status,docs/lyris_qwen235b_suffix_status_20260612.csv,no,1,qwen235b_n16_isl4096_osl1024_pard2_k5
SWE,Qwen/Qwen3-235B-A22B,,pard2,5,pard2_k5,qwen235b_n2_isl4096_osl32768_pard2_k5,1,4096,32768,manifest-only,status,docs/lyris_qwen235b_suffix_status_20260612.csv,no,1,qwen235b_n2_isl4096_osl32768_pard2_k5
SWE,Qwen/Qwen3-235B-A22B,,pard2,5,pard2_k5,swebench_verified_prompts_all.jsonl | qwen235b_a22b_swev_osl1k_lyris_tp4_fp8kv_pard2_k5_pard2_offset0_n16_isl4096_osl1024_bs1_2_k5_20260611,2,4096,1024,final,metrics,docs/lyris_qwen235b_suffix_metrics_20260612.csv,no,1,qwen235b_n16_isl4096_osl1024_pard2_k5
SWE,Qwen/Qwen3-235B-A22B,,pard2,5,pard2_k5,qwen235b_n16_isl4096_osl1024_pard2_k5,2,4096,1024,manifest-only,manifest,docs/lyris_qwen235b_suffix_manifest_20260612.csv,no,1,qwen235b_n16_isl4096_osl1024_pard2_k5
SWE,Qwen/Qwen3-235B-A22B,,pard2,5,pard2_k5,qwen235b_n16_isl4096_osl1024_pard2_k5,2,4096,1024,manifest-only,status,docs/lyris_qwen235b_suffix_status_20260612.csv,no,1,qwen235b_n16_isl4096_osl1024_pard2_k5
SWE,Qwen/Qwen3-235B-A22B,,pard2,9,pard2_k9,swebench_full_test_prompts_all.jsonl | qwen235b_a22b_swe_full_osl32k_bsweep_lyris_tp4_fp8kv_bs2_pard2_offset0_n2_isl4096_osl32768_bs2_k9_20260613,2,4096,32768,final,metrics,docs/lyris_qwen235b_standalone_fast_20260613_metrics.csv,yes_source_batch_only,1,full_osl32k_qwen235b_pard2_k9
SWE,Qwen/Qwen3-235B-A22B,,pard2,9,pard2_k9,swebench_verified_prompts_all.jsonl | qwen235b_a22b_swe_verified_osl32k_bsweep_lyris_tp4_fp8kv_bs2_pard2_offset0_n2_isl4096_osl32768_bs2_k9_20260613,2,4096,32768,final,metrics,docs/lyris_qwen235b_standalone_fast_20260613_metrics.csv,yes_source_batch_only,1,verified_osl32k_qwen235b_pard2_k9
SWE,Qwen/Qwen3-235B-A22B,,pard2_k9,9,pard2_k9,full | full_osl32k_qwen235b_pard2_k9,2,4096,32768,manifest-only,manifest,docs/lyris_qwen235b_standalone_fast_20260613_manifest.csv,no,1,full_osl32k_qwen235b_pard2_k9
SWE,Qwen/Qwen3-235B-A22B,,pard2_k9,9,pard2_k9,verified | verified_osl32k_qwen235b_pard2_k9,2,4096,32768,manifest-only,manifest,docs/lyris_qwen235b_standalone_fast_20260613_manifest.csv,no,1,verified_osl32k_qwen235b_pard2_k9
SWE,Qwen/Qwen3-235B-A22B,,pard2_k9,9,pard2_k9,full | full_osl32k_qwen235b_pard2_k9,2,4096,32768,manifest-only,status,docs/lyris_qwen235b_standalone_fast_20260613_status.csv,yes_source_batch_only,1,full_osl32k_qwen235b_pard2_k9
SWE,Qwen/Qwen3-235B-A22B,,pard2_k9,9,pard2_k9,verified | verified_osl32k_qwen235b_pard2_k9,2,4096,32768,manifest-only,status,docs/lyris_qwen235b_standalone_fast_20260613_status.csv,yes_source_batch_only,1,verified_osl32k_qwen235b_pard2_k9
SWE,Qwen/Qwen3-235B-A22B,,pard2_k9,9,pard2_k9,full | full_osl32k_qwen235b_pard2_k9,2,4096,32768,manifest-only,manifest,docs/lyris_qwen235b_swebench_osl32k_specdec_submit_manifest_20260613.csv,no,1,full_osl32k_qwen235b_pard2_k9
SWE,Qwen/Qwen3-235B-A22B,,pard2_k9,9,pard2_k9,verified | verified_osl32k_qwen235b_pard2_k9,2,4096,32768,manifest-only,manifest,docs/lyris_qwen235b_swebench_osl32k_specdec_submit_manifest_20260613.csv,no,1,verified_osl32k_qwen235b_pard2_k9
SWE,Qwen/Qwen3-235B-A22B,,pard2,9,pard2_k9,swebench_full_test_prompts_all.jsonl | qwen235b_a22b_swe_full_osl32k_bsweep_lyris_tp4_fp8kv_bs4_pard2_offset0_n4_isl4096_osl32768_bs4_k9_20260613,4,4096,32768,final,metrics,docs/lyris_qwen235b_standalone_fast_20260613_metrics.csv,no,1,full_osl32k_qwen235b_pard2_k9
SWE,Qwen/Qwen3-235B-A22B,,pard2,9,pard2_k9,swebench_verified_prompts_all.jsonl | qwen235b_a22b_swe_verified_osl32k_bsweep_lyris_tp4_fp8kv_bs4_pard2_offset0_n4_isl4096_osl32768_bs4_k9_20260613,4,4096,32768,final,metrics,docs/lyris_qwen235b_standalone_fast_20260613_metrics.csv,no,1,verified_osl32k_qwen235b_pard2_k9
SWE,Qwen/Qwen3-235B-A22B,,pard2_k9,9,pard2_k9,full | full_osl32k_qwen235b_pard2_k9,4,4096,32768,manifest-only,manifest,docs/lyris_qwen235b_standalone_fast_20260613_manifest.csv,no,1,full_osl32k_qwen235b_pard2_k9
SWE,Qwen/Qwen3-235B-A22B,,pard2_k9,9,pard2_k9,verified | verified_osl32k_qwen235b_pard2_k9,4,4096,32768,manifest-only,manifest,docs/lyris_qwen235b_standalone_fast_20260613_manifest.csv,no,1,verified_osl32k_qwen235b_pard2_k9
SWE,Qwen/Qwen3-235B-A22B,,pard2_k9,9,pard2_k9,full | full_osl32k_qwen235b_pard2_k9,4,4096,32768,manifest-only,status,docs/lyris_qwen235b_standalone_fast_20260613_status.csv,no,1,full_osl32k_qwen235b_pard2_k9
SWE,Qwen/Qwen3-235B-A22B,,pard2_k9,9,pard2_k9,verified | verified_osl32k_qwen235b_pard2_k9,4,4096,32768,manifest-only,status,docs/lyris_qwen235b_standalone_fast_20260613_status.csv,no,1,verified_osl32k_qwen235b_pard2_k9
SWE,Qwen/Qwen3-235B-A22B,,pard2_k9,9,pard2_k9,full | full_osl32k_qwen235b_pard2_k9,4,4096,32768,manifest-only,manifest,docs/lyris_qwen235b_swebench_osl32k_specdec_submit_manifest_20260613.csv,no,1,full_osl32k_qwen235b_pard2_k9
SWE,Qwen/Qwen3-235B-A22B,,pard2_k9,9,pard2_k9,verified | verified_osl32k_qwen235b_pard2_k9,4,4096,32768,manifest-only,manifest,docs/lyris_qwen235b_swebench_osl32k_specdec_submit_manifest_20260613.csv,no,1,verified_osl32k_qwen235b_pard2_k9
SWE,Qwen/Qwen3-235B-A22B,,pard2,9,pard2_k9,swebench_full_test_prompts_all.jsonl | qwen235b_a22b_swe_full_osl32k_bsweep_lyris_tp4_fp8kv_bs8_pard2_offset0_n8_isl4096_osl32768_bs8_k9_20260613,8,4096,32768,final,metrics,docs/lyris_qwen235b_standalone_fast_20260613_metrics.csv,no,1,full_osl32k_qwen235b_pard2_k9
SWE,Qwen/Qwen3-235B-A22B,,pard2,9,pard2_k9,swebench_verified_prompts_all.jsonl | qwen235b_a22b_swe_verified_osl32k_bsweep_lyris_tp4_fp8kv_bs8_pard2_offset0_n8_isl4096_osl32768_bs8_k9_20260613,8,4096,32768,final,metrics,docs/lyris_qwen235b_standalone_fast_20260613_metrics.csv,no,1,verified_osl32k_qwen235b_pard2_k9
SWE,Qwen/Qwen3-235B-A22B,,pard2_k9,9,pard2_k9,full | full_osl32k_qwen235b_pard2_k9,8,4096,32768,manifest-only,manifest,docs/lyris_qwen235b_standalone_fast_20260613_manifest.csv,no,1,full_osl32k_qwen235b_pard2_k9
SWE,Qwen/Qwen3-235B-A22B,,pard2_k9,9,pard2_k9,verified | verified_osl32k_qwen235b_pard2_k9,8,4096,32768,manifest-only,manifest,docs/lyris_qwen235b_standalone_fast_20260613_manifest.csv,no,1,verified_osl32k_qwen235b_pard2_k9
SWE,Qwen/Qwen3-235B-A22B,,pard2_k9,9,pard2_k9,full | full_osl32k_qwen235b_pard2_k9,8,4096,32768,manifest-only,status,docs/lyris_qwen235b_standalone_fast_20260613_status.csv,no,1,full_osl32k_qwen235b_pard2_k9
SWE,Qwen/Qwen3-235B-A22B,,pard2_k9,9,pard2_k9,verified | verified_osl32k_qwen235b_pard2_k9,8,4096,32768,manifest-only,status,docs/lyris_qwen235b_standalone_fast_20260613_status.csv,no,1,verified_osl32k_qwen235b_pard2_k9
SWE,Qwen/Qwen3-235B-A22B,,pard2_k9,9,pard2_k9,full | full_osl32k_qwen235b_pard2_k9,8,4096,32768,manifest-only,manifest,docs/lyris_qwen235b_swebench_osl32k_specdec_submit_manifest_20260613.csv,no,1,full_osl32k_qwen235b_pard2_k9
SWE,Qwen/Qwen3-235B-A22B,,pard2_k9,9,pard2_k9,verified | verified_osl32k_qwen235b_pard2_k9,8,4096,32768,manifest-only,manifest,docs/lyris_qwen235b_swebench_osl32k_specdec_submit_manifest_20260613.csv,no,1,verified_osl32k_qwen235b_pard2_k9
SWE,Qwen/Qwen3-235B-A22B,,pard2,9,pard2_k9,swebench_full_test_prompts_all.jsonl | qwen235b_a22b_swe_full_osl32k_bsweep_lyris_tp4_fp8kv_bs16_pard2_offset0_n16_isl4096_osl32768_bs16_k9_20260613,16,4096,32768,final,metrics,docs/lyris_qwen235b_standalone_fast_20260613_metrics.csv,no,1,full_osl32k_qwen235b_pard2_k9
SWE,Qwen/Qwen3-235B-A22B,,pard2,9,pard2_k9,swebench_verified_prompts_all.jsonl | qwen235b_a22b_swe_verified_osl32k_bsweep_lyris_tp4_fp8kv_bs16_pard2_offset0_n16_isl4096_osl32768_bs16_k9_20260613,16,4096,32768,final,metrics,docs/lyris_qwen235b_standalone_fast_20260613_metrics.csv,no,1,verified_osl32k_qwen235b_pard2_k9
SWE,Qwen/Qwen3-235B-A22B,,pard2_k9,9,pard2_k9,full | full_osl32k_qwen235b_pard2_k9,16,4096,32768,manifest-only,manifest,docs/lyris_qwen235b_standalone_fast_20260613_manifest.csv,no,1,full_osl32k_qwen235b_pard2_k9
SWE,Qwen/Qwen3-235B-A22B,,pard2_k9,9,pard2_k9,verified | verified_osl32k_qwen235b_pard2_k9,16,4096,32768,manifest-only,manifest,docs/lyris_qwen235b_standalone_fast_20260613_manifest.csv,no,1,verified_osl32k_qwen235b_pard2_k9
SWE,Qwen/Qwen3-235B-A22B,,pard2_k9,9,pard2_k9,full | full_osl32k_qwen235b_pard2_k9,16,4096,32768,manifest-only,status,docs/lyris_qwen235b_standalone_fast_20260613_status.csv,no,1,full_osl32k_qwen235b_pard2_k9
SWE,Qwen/Qwen3-235B-A22B,,pard2_k9,9,pard2_k9,verified | verified_osl32k_qwen235b_pard2_k9,16,4096,32768,manifest-only,status,docs/lyris_qwen235b_standalone_fast_20260613_status.csv,no,1,verified_osl32k_qwen235b_pard2_k9
SWE,Qwen/Qwen3-235B-A22B,,pard2_k9,9,pard2_k9,full | full_osl32k_qwen235b_pard2_k9,16,4096,32768,manifest-only,manifest,docs/lyris_qwen235b_swebench_osl32k_specdec_submit_manifest_20260613.csv,no,1,full_osl32k_qwen235b_pard2_k9
SWE,Qwen/Qwen3-235B-A22B,,pard2_k9,9,pard2_k9,verified | verified_osl32k_qwen235b_pard2_k9,16,4096,32768,manifest-only,manifest,docs/lyris_qwen235b_swebench_osl32k_specdec_submit_manifest_20260613.csv,no,1,verified_osl32k_qwen235b_pard2_k9
SWE,Qwen/Qwen3-235B-A22B,,pard2,9,pard2_k9,swebench_full_test_prompts_all.jsonl | qwen235b_a22b_swe_full_osl32k_bsweep_lyris_tp4_fp8kv_bs32_pard2_offset0_n32_isl4096_osl32768_bs32_k9_20260613,32,4096,32768,final,metrics,docs/lyris_qwen235b_standalone_fast_20260613_metrics.csv,no,1,full_osl32k_qwen235b_pard2_k9
SWE,Qwen/Qwen3-235B-A22B,,pard2,9,pard2_k9,swebench_verified_prompts_all.jsonl | qwen235b_a22b_swe_verified_osl32k_bsweep_lyris_tp4_fp8kv_bs32_pard2_offset0_n32_isl4096_osl32768_bs32_k9_20260613,32,4096,32768,final,metrics,docs/lyris_qwen235b_standalone_fast_20260613_metrics.csv,no,1,verified_osl32k_qwen235b_pard2_k9
SWE,Qwen/Qwen3-235B-A22B,,pard2_k9,9,pard2_k9,full | full_osl32k_qwen235b_pard2_k9,32,4096,32768,manifest-only,manifest,docs/lyris_qwen235b_standalone_fast_20260613_manifest.csv,no,1,full_osl32k_qwen235b_pard2_k9
SWE,Qwen/Qwen3-235B-A22B,,pard2_k9,9,pard2_k9,verified | verified_osl32k_qwen235b_pard2_k9,32,4096,32768,manifest-only,manifest,docs/lyris_qwen235b_standalone_fast_20260613_manifest.csv,no,1,verified_osl32k_qwen235b_pard2_k9
SWE,Qwen/Qwen3-235B-A22B,,pard2_k9,9,pard2_k9,full | full_osl32k_qwen235b_pard2_k9,32,4096,32768,manifest-only,status,docs/lyris_qwen235b_standalone_fast_20260613_status.csv,no,1,full_osl32k_qwen235b_pard2_k9
SWE,Qwen/Qwen3-235B-A22B,,pard2_k9,9,pard2_k9,verified | verified_osl32k_qwen235b_pard2_k9,32,4096,32768,manifest-only,status,docs/lyris_qwen235b_standalone_fast_20260613_status.csv,no,1,verified_osl32k_qwen235b_pard2_k9
SWE,Qwen/Qwen3-235B-A22B,,pard2_k9,9,pard2_k9,full | full_osl32k_qwen235b_pard2_k9,32,4096,32768,manifest-only,manifest,docs/lyris_qwen235b_swebench_osl32k_specdec_submit_manifest_20260613.csv,no,1,full_osl32k_qwen235b_pard2_k9
SWE,Qwen/Qwen3-235B-A22B,,pard2_k9,9,pard2_k9,verified | verified_osl32k_qwen235b_pard2_k9,32,4096,32768,manifest-only,manifest,docs/lyris_qwen235b_swebench_osl32k_specdec_submit_manifest_20260613.csv,no,1,verified_osl32k_qwen235b_pard2_k9
SWE,Qwen/Qwen3-235B-A22B,,pard,11,pard_k11,swebench_full_test_prompts_all.jsonl | qwen235b_a22b_swe_full_osl32k_bsweep_lyris_tp4_fp8kv_bs2_pard_offset0_n2_isl4096_osl32768_bs2_k11_20260613,2,4096,32768,final,metrics,docs/lyris_qwen235b_standalone_fast_20260613_metrics.csv,yes_source_batch_only,1,full_osl32k_qwen235b_pard_k11
SWE,Qwen/Qwen3-235B-A22B,,pard,11,pard_k11,swebench_verified_prompts_all.jsonl | qwen235b_a22b_swe_verified_osl32k_bsweep_lyris_tp4_fp8kv_bs2_pard_offset0_n2_isl4096_osl32768_bs2_k11_20260613,2,4096,32768,final,metrics,docs/lyris_qwen235b_standalone_fast_20260613_metrics.csv,yes_source_batch_only,1,verified_osl32k_qwen235b_pard_k11
SWE,Qwen/Qwen3-235B-A22B,,pard_k11,11,pard_k11,full | full_osl32k_qwen235b_pard_k11,2,4096,32768,manifest-only,manifest,docs/lyris_qwen235b_standalone_fast_20260613_manifest.csv,no,1,full_osl32k_qwen235b_pard_k11
SWE,Qwen/Qwen3-235B-A22B,,pard_k11,11,pard_k11,verified | verified_osl32k_qwen235b_pard_k11,2,4096,32768,manifest-only,manifest,docs/lyris_qwen235b_standalone_fast_20260613_manifest.csv,no,1,verified_osl32k_qwen235b_pard_k11
SWE,Qwen/Qwen3-235B-A22B,,pard_k11,11,pard_k11,full | full_osl32k_qwen235b_pard_k11,2,4096,32768,manifest-only,status,docs/lyris_qwen235b_standalone_fast_20260613_status.csv,yes_source_batch_only,1,full_osl32k_qwen235b_pard_k11
SWE,Qwen/Qwen3-235B-A22B,,pard_k11,11,pard_k11,verified | verified_osl32k_qwen235b_pard_k11,2,4096,32768,manifest-only,status,docs/lyris_qwen235b_standalone_fast_20260613_status.csv,yes_source_batch_only,1,verified_osl32k_qwen235b_pard_k11
SWE,Qwen/Qwen3-235B-A22B,,pard_k11,11,pard_k11,full | full_osl32k_qwen235b_pard_k11,2,4096,32768,manifest-only,manifest,docs/lyris_qwen235b_swebench_osl32k_specdec_submit_manifest_20260613.csv,no,1,full_osl32k_qwen235b_pard_k11
SWE,Qwen/Qwen3-235B-A22B,,pard_k11,11,pard_k11,verified | verified_osl32k_qwen235b_pard_k11,2,4096,32768,manifest-only,manifest,docs/lyris_qwen235b_swebench_osl32k_specdec_submit_manifest_20260613.csv,no,1,verified_osl32k_qwen235b_pard_k11
SWE,Qwen/Qwen3-235B-A22B,,pard,11,pard_k11,swebench_full_test_prompts_all.jsonl | qwen235b_a22b_swe_full_osl32k_bsweep_lyris_tp4_fp8kv_bs4_pard_offset0_n4_isl4096_osl32768_bs4_k11_20260613,4,4096,32768,final,metrics,docs/lyris_qwen235b_standalone_fast_20260613_metrics.csv,no,1,full_osl32k_qwen235b_pard_k11
SWE,Qwen/Qwen3-235B-A22B,,pard,11,pard_k11,swebench_verified_prompts_all.jsonl | qwen235b_a22b_swe_verified_osl32k_bsweep_lyris_tp4_fp8kv_bs4_pard_offset0_n4_isl4096_osl32768_bs4_k11_20260613,4,4096,32768,final,metrics,docs/lyris_qwen235b_standalone_fast_20260613_metrics.csv,no,1,verified_osl32k_qwen235b_pard_k11
SWE,Qwen/Qwen3-235B-A22B,,pard_k11,11,pard_k11,full | full_osl32k_qwen235b_pard_k11,4,4096,32768,manifest-only,manifest,docs/lyris_qwen235b_standalone_fast_20260613_manifest.csv,no,1,full_osl32k_qwen235b_pard_k11
SWE,Qwen/Qwen3-235B-A22B,,pard_k11,11,pard_k11,verified | verified_osl32k_qwen235b_pard_k11,4,4096,32768,manifest-only,manifest,docs/lyris_qwen235b_standalone_fast_20260613_manifest.csv,no,1,verified_osl32k_qwen235b_pard_k11
SWE,Qwen/Qwen3-235B-A22B,,pard_k11,11,pard_k11,full | full_osl32k_qwen235b_pard_k11,4,4096,32768,manifest-only,status,docs/lyris_qwen235b_standalone_fast_20260613_status.csv,no,1,full_osl32k_qwen235b_pard_k11
SWE,Qwen/Qwen3-235B-A22B,,pard_k11,11,pard_k11,verified | verified_osl32k_qwen235b_pard_k11,4,4096,32768,manifest-only,status,docs/lyris_qwen235b_standalone_fast_20260613_status.csv,no,1,verified_osl32k_qwen235b_pard_k11
SWE,Qwen/Qwen3-235B-A22B,,pard_k11,11,pard_k11,full | full_osl32k_qwen235b_pard_k11,4,4096,32768,manifest-only,manifest,docs/lyris_qwen235b_swebench_osl32k_specdec_submit_manifest_20260613.csv,no,1,full_osl32k_qwen235b_pard_k11
SWE,Qwen/Qwen3-235B-A22B,,pard_k11,11,pard_k11,verified | verified_osl32k_qwen235b_pard_k11,4,4096,32768,manifest-only,manifest,docs/lyris_qwen235b_swebench_osl32k_specdec_submit_manifest_20260613.csv,no,1,verified_osl32k_qwen235b_pard_k11
SWE,Qwen/Qwen3-235B-A22B,,pard,11,pard_k11,swebench_full_test_prompts_all.jsonl | qwen235b_a22b_swe_full_osl32k_bsweep_lyris_tp4_fp8kv_bs8_pard_offset0_n8_isl4096_osl32768_bs8_k11_20260613,8,4096,32768,final,metrics,docs/lyris_qwen235b_standalone_fast_20260613_metrics.csv,no,1,full_osl32k_qwen235b_pard_k11
SWE,Qwen/Qwen3-235B-A22B,,pard,11,pard_k11,swebench_verified_prompts_all.jsonl | qwen235b_a22b_swe_verified_osl32k_bsweep_lyris_tp4_fp8kv_bs8_pard_offset0_n8_isl4096_osl32768_bs8_k11_20260613,8,4096,32768,final,metrics,docs/lyris_qwen235b_standalone_fast_20260613_metrics.csv,no,1,verified_osl32k_qwen235b_pard_k11
SWE,Qwen/Qwen3-235B-A22B,,pard_k11,11,pard_k11,full | full_osl32k_qwen235b_pard_k11,8,4096,32768,manifest-only,manifest,docs/lyris_qwen235b_standalone_fast_20260613_manifest.csv,no,1,full_osl32k_qwen235b_pard_k11
SWE,Qwen/Qwen3-235B-A22B,,pard_k11,11,pard_k11,verified | verified_osl32k_qwen235b_pard_k11,8,4096,32768,manifest-only,manifest,docs/lyris_qwen235b_standalone_fast_20260613_manifest.csv,no,1,verified_osl32k_qwen235b_pard_k11
SWE,Qwen/Qwen3-235B-A22B,,pard_k11,11,pard_k11,full | full_osl32k_qwen235b_pard_k11,8,4096,32768,manifest-only,status,docs/lyris_qwen235b_standalone_fast_20260613_status.csv,no,1,full_osl32k_qwen235b_pard_k11
SWE,Qwen/Qwen3-235B-A22B,,pard_k11,11,pard_k11,verified | verified_osl32k_qwen235b_pard_k11,8,4096,32768,manifest-only,status,docs/lyris_qwen235b_standalone_fast_20260613_status.csv,no,1,verified_osl32k_qwen235b_pard_k11
SWE,Qwen/Qwen3-235B-A22B,,pard_k11,11,pard_k11,full | full_osl32k_qwen235b_pard_k11,8,4096,32768,manifest-only,manifest,docs/lyris_qwen235b_swebench_osl32k_specdec_submit_manifest_20260613.csv,no,1,full_osl32k_qwen235b_pard_k11
SWE,Qwen/Qwen3-235B-A22B,,pard_k11,11,pard_k11,verified | verified_osl32k_qwen235b_pard_k11,8,4096,32768,manifest-only,manifest,docs/lyris_qwen235b_swebench_osl32k_specdec_submit_manifest_20260613.csv,no,1,verified_osl32k_qwen235b_pard_k11
SWE,Qwen/Qwen3-235B-A22B,,pard,11,pard_k11,swebench_full_test_prompts_all.jsonl | qwen235b_a22b_swe_full_osl32k_bsweep_lyris_tp4_fp8kv_bs16_pard_offset0_n16_isl4096_osl32768_bs16_k11_20260613,16,4096,32768,final,metrics,docs/lyris_qwen235b_standalone_fast_20260613_metrics.csv,no,1,full_osl32k_qwen235b_pard_k11
SWE,Qwen/Qwen3-235B-A22B,,pard,11,pard_k11,swebench_verified_prompts_all.jsonl | qwen235b_a22b_swe_verified_osl32k_bsweep_lyris_tp4_fp8kv_bs16_pard_offset0_n16_isl4096_osl32768_bs16_k11_20260613,16,4096,32768,final,metrics,docs/lyris_qwen235b_standalone_fast_20260613_metrics.csv,no,1,verified_osl32k_qwen235b_pard_k11
SWE,Qwen/Qwen3-235B-A22B,,pard_k11,11,pard_k11,full | full_osl32k_qwen235b_pard_k11,16,4096,32768,manifest-only,manifest,docs/lyris_qwen235b_standalone_fast_20260613_manifest.csv,no,1,full_osl32k_qwen235b_pard_k11
SWE,Qwen/Qwen3-235B-A22B,,pard_k11,11,pard_k11,verified | verified_osl32k_qwen235b_pard_k11,16,4096,32768,manifest-only,manifest,docs/lyris_qwen235b_standalone_fast_20260613_manifest.csv,no,1,verified_osl32k_qwen235b_pard_k11
SWE,Qwen/Qwen3-235B-A22B,,pard_k11,11,pard_k11,full | full_osl32k_qwen235b_pard_k11,16,4096,32768,manifest-only,status,docs/lyris_qwen235b_standalone_fast_20260613_status.csv,no,1,full_osl32k_qwen235b_pard_k11
SWE,Qwen/Qwen3-235B-A22B,,pard_k11,11,pard_k11,verified | verified_osl32k_qwen235b_pard_k11,16,4096,32768,manifest-only,status,docs/lyris_qwen235b_standalone_fast_20260613_status.csv,no,1,verified_osl32k_qwen235b_pard_k11
SWE,Qwen/Qwen3-235B-A22B,,pard_k11,11,pard_k11,full | full_osl32k_qwen235b_pard_k11,16,4096,32768,manifest-only,manifest,docs/lyris_qwen235b_swebench_osl32k_specdec_submit_manifest_20260613.csv,no,1,full_osl32k_qwen235b_pard_k11
SWE,Qwen/Qwen3-235B-A22B,,pard_k11,11,pard_k11,verified | verified_osl32k_qwen235b_pard_k11,16,4096,32768,manifest-only,manifest,docs/lyris_qwen235b_swebench_osl32k_specdec_submit_manifest_20260613.csv,no,1,verified_osl32k_qwen235b_pard_k11
SWE,Qwen/Qwen3-235B-A22B,,pard,11,pard_k11,swebench_full_test_prompts_all.jsonl | qwen235b_a22b_swe_full_osl32k_bsweep_lyris_tp4_fp8kv_bs32_pard_offset0_n32_isl4096_osl32768_bs32_k11_20260613,32,4096,32768,final,metrics,docs/lyris_qwen235b_standalone_fast_20260613_metrics.csv,no,1,full_osl32k_qwen235b_pard_k11
SWE,Qwen/Qwen3-235B-A22B,,pard,11,pard_k11,swebench_verified_prompts_all.jsonl | qwen235b_a22b_swe_verified_osl32k_bsweep_lyris_tp4_fp8kv_bs32_pard_offset0_n32_isl4096_osl32768_bs32_k11_20260613,32,4096,32768,final,metrics,docs/lyris_qwen235b_standalone_fast_20260613_metrics.csv,no,1,verified_osl32k_qwen235b_pard_k11
SWE,Qwen/Qwen3-235B-A22B,,pard_k11,11,pard_k11,full | full_osl32k_qwen235b_pard_k11,32,4096,32768,manifest-only,manifest,docs/lyris_qwen235b_standalone_fast_20260613_manifest.csv,no,1,full_osl32k_qwen235b_pard_k11
SWE,Qwen/Qwen3-235B-A22B,,pard_k11,11,pard_k11,verified | verified_osl32k_qwen235b_pard_k11,32,4096,32768,manifest-only,manifest,docs/lyris_qwen235b_standalone_fast_20260613_manifest.csv,no,1,verified_osl32k_qwen235b_pard_k11
SWE,Qwen/Qwen3-235B-A22B,,pard_k11,11,pard_k11,full | full_osl32k_qwen235b_pard_k11,32,4096,32768,manifest-only,status,docs/lyris_qwen235b_standalone_fast_20260613_status.csv,no,1,full_osl32k_qwen235b_pard_k11
SWE,Qwen/Qwen3-235B-A22B,,pard_k11,11,pard_k11,verified | verified_osl32k_qwen235b_pard_k11,32,4096,32768,manifest-only,status,docs/lyris_qwen235b_standalone_fast_20260613_status.csv,no,1,verified_osl32k_qwen235b_pard_k11
SWE,Qwen/Qwen3-235B-A22B,,pard_k11,11,pard_k11,full | full_osl32k_qwen235b_pard_k11,32,4096,32768,manifest-only,manifest,docs/lyris_qwen235b_swebench_osl32k_specdec_submit_manifest_20260613.csv,no,1,full_osl32k_qwen235b_pard_k11
SWE,Qwen/Qwen3-235B-A22B,,pard_k11,11,pard_k11,verified | verified_osl32k_qwen235b_pard_k11,32,4096,32768,manifest-only,manifest,docs/lyris_qwen235b_swebench_osl32k_specdec_submit_manifest_20260613.csv,no,1,verified_osl32k_qwen235b_pard_k11
SWE,Qwen/Qwen3-235B-A22B,,pard,3,pard_k3,qwen235b_n1_isl4096_osl65536_pard_k3,1,4096,65536,failed,status,docs/lyris_qwen235b_suffix_status_20260612.csv,no,1,qwen235b_n1_isl4096_osl65536_pard_k3
SWE,Qwen/Qwen3-235B-A22B,,pard,3,pard_k3,swebench_verified_prompts_all.jsonl | qwen235b_a22b_swev_osl1k_lyris_tp4_fp8kv_pard_k3_pard_offset0_n16_isl4096_osl1024_bs1_2_k3_20260611,1,4096,1024,final,metrics,docs/lyris_qwen235b_suffix_metrics_20260612.csv,no,1,qwen235b_n16_isl4096_osl1024_pard_k3
SWE,Qwen/Qwen3-235B-A22B,,pard,3,pard_k3,swebench_verified_prompts_all.jsonl | qwen235b_a22b_swev_osl32k_pilot_lyris_tp4_fp8kv_pard_k3_pard_offset0_n2_isl4096_osl32768_bs1_k3_20260611,1,4096,32768,final,metrics,docs/lyris_qwen235b_suffix_metrics_20260612.csv,no,1,qwen235b_n2_isl4096_osl32768_pard_k3
SWE,Qwen/Qwen3-235B-A22B,,pard,3,pard_k3,qwen235b_n16_isl4096_osl1024_pard_k3,1,4096,1024,manifest-only,manifest,docs/lyris_qwen235b_suffix_manifest_20260612.csv,no,1,qwen235b_n16_isl4096_osl1024_pard_k3
SWE,Qwen/Qwen3-235B-A22B,,pard,3,pard_k3,qwen235b_n1_isl4096_osl65536_pard_k3,1,4096,65536,manifest-only,manifest,docs/lyris_qwen235b_suffix_manifest_20260612.csv,no,1,qwen235b_n1_isl4096_osl65536_pard_k3
SWE,Qwen/Qwen3-235B-A22B,,pard,3,pard_k3,qwen235b_n2_isl4096_osl32768_pard_k3,1,4096,32768,manifest-only,manifest,docs/lyris_qwen235b_suffix_manifest_20260612.csv,no,1,qwen235b_n2_isl4096_osl32768_pard_k3
SWE,Qwen/Qwen3-235B-A22B,,pard,3,pard_k3,qwen235b_n16_isl4096_osl1024_pard_k3,1,4096,1024,manifest-only,status,docs/lyris_qwen235b_suffix_status_20260612.csv,no,1,qwen235b_n16_isl4096_osl1024_pard_k3
SWE,Qwen/Qwen3-235B-A22B,,pard,3,pard_k3,qwen235b_n2_isl4096_osl32768_pard_k3,1,4096,32768,manifest-only,status,docs/lyris_qwen235b_suffix_status_20260612.csv,no,1,qwen235b_n2_isl4096_osl32768_pard_k3
SWE,Qwen/Qwen3-235B-A22B,,pard,3,pard_k3,swebench_verified_prompts_all.jsonl | qwen235b_a22b_swev_osl1k_lyris_tp4_fp8kv_pard_k3_pard_offset0_n16_isl4096_osl1024_bs1_2_k3_20260611,2,4096,1024,final,metrics,docs/lyris_qwen235b_suffix_metrics_20260612.csv,no,1,qwen235b_n16_isl4096_osl1024_pard_k3
SWE,Qwen/Qwen3-235B-A22B,,pard,3,pard_k3,qwen235b_n16_isl4096_osl1024_pard_k3,2,4096,1024,manifest-only,manifest,docs/lyris_qwen235b_suffix_manifest_20260612.csv,no,1,qwen235b_n16_isl4096_osl1024_pard_k3
SWE,Qwen/Qwen3-235B-A22B,,pard,3,pard_k3,qwen235b_n16_isl4096_osl1024_pard_k3,2,4096,1024,manifest-only,status,docs/lyris_qwen235b_suffix_status_20260612.csv,no,1,qwen235b_n16_isl4096_osl1024_pard_k3
SWE,Qwen/Qwen3-235B-A22B,,pard,5,pard_k5,qwen235b_n1_isl4096_osl65536_pard_k5,1,4096,65536,failed,status,docs/lyris_qwen235b_suffix_status_20260612.csv,no,1,qwen235b_n1_isl4096_osl65536_pard_k5
SWE,Qwen/Qwen3-235B-A22B,,pard,5,pard_k5,swebench_verified_prompts_all.jsonl | qwen235b_a22b_swev_osl1k_lyris_tp4_fp8kv_pard_k5_pard_offset0_n16_isl4096_osl1024_bs1_2_k5_20260611,1,4096,1024,final,metrics,docs/lyris_qwen235b_suffix_metrics_20260612.csv,no,1,qwen235b_n16_isl4096_osl1024_pard_k5
SWE,Qwen/Qwen3-235B-A22B,,pard,5,pard_k5,swebench_verified_prompts_all.jsonl | qwen235b_a22b_swev_osl32k_pilot_lyris_tp4_fp8kv_pard_k5_pard_offset0_n2_isl4096_osl32768_bs1_k5_20260611,1,4096,32768,final,metrics,docs/lyris_qwen235b_suffix_metrics_20260612.csv,no,1,qwen235b_n2_isl4096_osl32768_pard_k5
SWE,Qwen/Qwen3-235B-A22B,,pard,5,pard_k5,qwen235b_n16_isl4096_osl1024_pard_k5,1,4096,1024,manifest-only,manifest,docs/lyris_qwen235b_suffix_manifest_20260612.csv,no,1,qwen235b_n16_isl4096_osl1024_pard_k5
SWE,Qwen/Qwen3-235B-A22B,,pard,5,pard_k5,qwen235b_n1_isl4096_osl65536_pard_k5,1,4096,65536,manifest-only,manifest,docs/lyris_qwen235b_suffix_manifest_20260612.csv,no,1,qwen235b_n1_isl4096_osl65536_pard_k5
SWE,Qwen/Qwen3-235B-A22B,,pard,5,pard_k5,qwen235b_n2_isl4096_osl32768_pard_k5,1,4096,32768,manifest-only,manifest,docs/lyris_qwen235b_suffix_manifest_20260612.csv,no,1,qwen235b_n2_isl4096_osl32768_pard_k5
SWE,Qwen/Qwen3-235B-A22B,,pard,5,pard_k5,qwen235b_n16_isl4096_osl1024_pard_k5,1,4096,1024,manifest-only,status,docs/lyris_qwen235b_suffix_status_20260612.csv,no,1,qwen235b_n16_isl4096_osl1024_pard_k5
SWE,Qwen/Qwen3-235B-A22B,,pard,5,pard_k5,qwen235b_n2_isl4096_osl32768_pard_k5,1,4096,32768,manifest-only,status,docs/lyris_qwen235b_suffix_status_20260612.csv,no,1,qwen235b_n2_isl4096_osl32768_pard_k5
SWE,Qwen/Qwen3-235B-A22B,,pard,5,pard_k5,swebench_verified_prompts_all.jsonl | qwen235b_a22b_swev_osl1k_lyris_tp4_fp8kv_pard_k5_pard_offset0_n16_isl4096_osl1024_bs1_2_k5_20260611,2,4096,1024,final,metrics,docs/lyris_qwen235b_suffix_metrics_20260612.csv,no,1,qwen235b_n16_isl4096_osl1024_pard_k5
SWE,Qwen/Qwen3-235B-A22B,,pard,5,pard_k5,qwen235b_n16_isl4096_osl1024_pard_k5,2,4096,1024,manifest-only,manifest,docs/lyris_qwen235b_suffix_manifest_20260612.csv,no,1,qwen235b_n16_isl4096_osl1024_pard_k5
SWE,Qwen/Qwen3-235B-A22B,,pard,5,pard_k5,qwen235b_n16_isl4096_osl1024_pard_k5,2,4096,1024,manifest-only,status,docs/lyris_qwen235b_suffix_status_20260612.csv,no,1,qwen235b_n16_isl4096_osl1024_pard_k5
SWE,Qwen/Qwen3-235B-A22B,,pard,5,pard_k5,full | full_osl32k_qwen235b_pard_k5,2,4096,32768,manifest-only,manifest,docs/lyris_qwen235b_swebench_osl32k_batch_sweep_manifest_20260612.csv,no,1,full_osl32k_qwen235b_pard_k5
SWE,Qwen/Qwen3-235B-A22B,,pard,5,pard_k5,verified | verified_osl32k_qwen235b_pard_k5,2,4096,32768,manifest-only,manifest,docs/lyris_qwen235b_swebench_osl32k_batch_sweep_manifest_20260612.csv,no,1,verified_osl32k_qwen235b_pard_k5
SWE,Qwen/Qwen3-235B-A22B,,pard,5,pard_k5,full | full_osl32k_qwen235b_pard_k5,2,4096,32768,manifest-only,manifest,docs/lyris_swebench_longosl_manifest_20260612.csv,no,1,full_osl32k_qwen235b_pard_k5
SWE,Qwen/Qwen3-235B-A22B,,pard,5,pard_k5,verified | verified_osl32k_qwen235b_pard_k5,2,4096,32768,manifest-only,manifest,docs/lyris_swebench_longosl_manifest_20260612.csv,no,1,verified_osl32k_qwen235b_pard_k5
SWE,Qwen/Qwen3-235B-A22B,,pard,5,pard_k5,full | full_osl32k_qwen235b_pard_k5,4,4096,32768,manifest-only,manifest,docs/lyris_qwen235b_swebench_osl32k_batch_sweep_manifest_20260612.csv,no,1,full_osl32k_qwen235b_pard_k5
SWE,Qwen/Qwen3-235B-A22B,,pard,5,pard_k5,verified | verified_osl32k_qwen235b_pard_k5,4,4096,32768,manifest-only,manifest,docs/lyris_qwen235b_swebench_osl32k_batch_sweep_manifest_20260612.csv,no,1,verified_osl32k_qwen235b_pard_k5
SWE,Qwen/Qwen3-235B-A22B,,pard,5,pard_k5,full | full_osl32k_qwen235b_pard_k5,4,4096,32768,manifest-only,manifest,docs/lyris_swebench_longosl_manifest_20260612.csv,no,1,full_osl32k_qwen235b_pard_k5
SWE,Qwen/Qwen3-235B-A22B,,pard,5,pard_k5,verified | verified_osl32k_qwen235b_pard_k5,4,4096,32768,manifest-only,manifest,docs/lyris_swebench_longosl_manifest_20260612.csv,no,1,verified_osl32k_qwen235b_pard_k5
SWE,Qwen/Qwen3-235B-A22B,,pard,5,pard_k5,full | full_osl32k_qwen235b_pard_k5,8,4096,32768,manifest-only,manifest,docs/lyris_qwen235b_swebench_osl32k_batch_sweep_manifest_20260612.csv,no,1,full_osl32k_qwen235b_pard_k5
SWE,Qwen/Qwen3-235B-A22B,,pard,5,pard_k5,verified | verified_osl32k_qwen235b_pard_k5,8,4096,32768,manifest-only,manifest,docs/lyris_qwen235b_swebench_osl32k_batch_sweep_manifest_20260612.csv,no,1,verified_osl32k_qwen235b_pard_k5
SWE,Qwen/Qwen3-235B-A22B,,pard,5,pard_k5,full | full_osl32k_qwen235b_pard_k5,8,4096,32768,manifest-only,manifest,docs/lyris_swebench_longosl_manifest_20260612.csv,no,1,full_osl32k_qwen235b_pard_k5
SWE,Qwen/Qwen3-235B-A22B,,pard,5,pard_k5,verified | verified_osl32k_qwen235b_pard_k5,8,4096,32768,manifest-only,manifest,docs/lyris_swebench_longosl_manifest_20260612.csv,no,1,verified_osl32k_qwen235b_pard_k5
SWE,Qwen/Qwen3-235B-A22B,,pard,5,pard_k5,full | full_osl32k_qwen235b_pard_k5,16,4096,32768,manifest-only,manifest,docs/lyris_qwen235b_swebench_osl32k_batch_sweep_manifest_20260612.csv,no,1,full_osl32k_qwen235b_pard_k5
SWE,Qwen/Qwen3-235B-A22B,,pard,5,pard_k5,verified | verified_osl32k_qwen235b_pard_k5,16,4096,32768,manifest-only,manifest,docs/lyris_qwen235b_swebench_osl32k_batch_sweep_manifest_20260612.csv,no,1,verified_osl32k_qwen235b_pard_k5
SWE,Qwen/Qwen3-235B-A22B,,pard,5,pard_k5,full | full_osl32k_qwen235b_pard_k5,16,4096,32768,manifest-only,manifest,docs/lyris_swebench_longosl_manifest_20260612.csv,no,1,full_osl32k_qwen235b_pard_k5
SWE,Qwen/Qwen3-235B-A22B,,pard,5,pard_k5,verified | verified_osl32k_qwen235b_pard_k5,16,4096,32768,manifest-only,manifest,docs/lyris_swebench_longosl_manifest_20260612.csv,no,1,verified_osl32k_qwen235b_pard_k5
SWE,Qwen/Qwen3-235B-A22B,,pard,5,pard_k5,full | full_osl32k_qwen235b_pard_k5,32,4096,32768,manifest-only,manifest,docs/lyris_qwen235b_swebench_osl32k_batch_sweep_manifest_20260612.csv,no,1,full_osl32k_qwen235b_pard_k5
SWE,Qwen/Qwen3-235B-A22B,,pard,5,pard_k5,verified | verified_osl32k_qwen235b_pard_k5,32,4096,32768,manifest-only,manifest,docs/lyris_qwen235b_swebench_osl32k_batch_sweep_manifest_20260612.csv,no,1,verified_osl32k_qwen235b_pard_k5
SWE,Qwen/Qwen3-235B-A22B,,pard,5,pard_k5,full | full_osl32k_qwen235b_pard_k5,32,4096,32768,manifest-only,manifest,docs/lyris_swebench_longosl_manifest_20260612.csv,no,1,full_osl32k_qwen235b_pard_k5
SWE,Qwen/Qwen3-235B-A22B,,pard,5,pard_k5,verified | verified_osl32k_qwen235b_pard_k5,32,4096,32768,manifest-only,manifest,docs/lyris_swebench_longosl_manifest_20260612.csv,no,1,verified_osl32k_qwen235b_pard_k5
SWE,Qwen/Qwen3-235B-A22B,,pard,9,pard_k9,swebench_full_test_prompts_all.jsonl | qwen235b_a22b_swe_full_osl32k_bsweep_lyris_tp4_fp8kv_bs2_pard_offset0_n2_isl4096_osl32768_bs2_k9_20260613,2,4096,32768,final,metrics,docs/lyris_qwen235b_standalone_fast_20260613_metrics.csv,yes_source_batch_only,1,full_osl32k_qwen235b_pard_k9
SWE,Qwen/Qwen3-235B-A22B,,pard,9,pard_k9,swebench_verified_prompts_all.jsonl | qwen235b_a22b_swe_verified_osl32k_bsweep_lyris_tp4_fp8kv_bs2_pard_offset0_n2_isl4096_osl32768_bs2_k9_20260613,2,4096,32768,final,metrics,docs/lyris_qwen235b_standalone_fast_20260613_metrics.csv,yes_source_batch_only,1,verified_osl32k_qwen235b_pard_k9
SWE,Qwen/Qwen3-235B-A22B,,pard_k9,9,pard_k9,full | full_osl32k_qwen235b_pard_k9,2,4096,32768,manifest-only,manifest,docs/lyris_qwen235b_standalone_fast_20260613_manifest.csv,no,1,full_osl32k_qwen235b_pard_k9
SWE,Qwen/Qwen3-235B-A22B,,pard_k9,9,pard_k9,verified | verified_osl32k_qwen235b_pard_k9,2,4096,32768,manifest-only,manifest,docs/lyris_qwen235b_standalone_fast_20260613_manifest.csv,no,1,verified_osl32k_qwen235b_pard_k9
SWE,Qwen/Qwen3-235B-A22B,,pard_k9,9,pard_k9,full | full_osl32k_qwen235b_pard_k9,2,4096,32768,manifest-only,status,docs/lyris_qwen235b_standalone_fast_20260613_status.csv,yes_source_batch_only,1,full_osl32k_qwen235b_pard_k9
SWE,Qwen/Qwen3-235B-A22B,,pard_k9,9,pard_k9,verified | verified_osl32k_qwen235b_pard_k9,2,4096,32768,manifest-only,status,docs/lyris_qwen235b_standalone_fast_20260613_status.csv,yes_source_batch_only,1,verified_osl32k_qwen235b_pard_k9
SWE,Qwen/Qwen3-235B-A22B,,pard_k9,9,pard_k9,full | full_osl32k_qwen235b_pard_k9,2,4096,32768,manifest-only,manifest,docs/lyris_qwen235b_swebench_osl32k_specdec_submit_manifest_20260613.csv,no,1,full_osl32k_qwen235b_pard_k9
SWE,Qwen/Qwen3-235B-A22B,,pard_k9,9,pard_k9,verified | verified_osl32k_qwen235b_pard_k9,2,4096,32768,manifest-only,manifest,docs/lyris_qwen235b_swebench_osl32k_specdec_submit_manifest_20260613.csv,no,1,verified_osl32k_qwen235b_pard_k9
SWE,Qwen/Qwen3-235B-A22B,,pard,9,pard_k9,swebench_full_test_prompts_all.jsonl | qwen235b_a22b_swe_full_osl32k_bsweep_lyris_tp4_fp8kv_bs4_pard_offset0_n4_isl4096_osl32768_bs4_k9_20260613,4,4096,32768,final,metrics,docs/lyris_qwen235b_standalone_fast_20260613_metrics.csv,no,1,full_osl32k_qwen235b_pard_k9
SWE,Qwen/Qwen3-235B-A22B,,pard,9,pard_k9,swebench_verified_prompts_all.jsonl | qwen235b_a22b_swe_verified_osl32k_bsweep_lyris_tp4_fp8kv_bs4_pard_offset0_n4_isl4096_osl32768_bs4_k9_20260613,4,4096,32768,final,metrics,docs/lyris_qwen235b_standalone_fast_20260613_metrics.csv,no,1,verified_osl32k_qwen235b_pard_k9
SWE,Qwen/Qwen3-235B-A22B,,pard_k9,9,pard_k9,full | full_osl32k_qwen235b_pard_k9,4,4096,32768,manifest-only,manifest,docs/lyris_qwen235b_standalone_fast_20260613_manifest.csv,no,1,full_osl32k_qwen235b_pard_k9
SWE,Qwen/Qwen3-235B-A22B,,pard_k9,9,pard_k9,verified | verified_osl32k_qwen235b_pard_k9,4,4096,32768,manifest-only,manifest,docs/lyris_qwen235b_standalone_fast_20260613_manifest.csv,no,1,verified_osl32k_qwen235b_pard_k9
SWE,Qwen/Qwen3-235B-A22B,,pard_k9,9,pard_k9,full | full_osl32k_qwen235b_pard_k9,4,4096,32768,manifest-only,status,docs/lyris_qwen235b_standalone_fast_20260613_status.csv,no,1,full_osl32k_qwen235b_pard_k9
SWE,Qwen/Qwen3-235B-A22B,,pard_k9,9,pard_k9,verified | verified_osl32k_qwen235b_pard_k9,4,4096,32768,manifest-only,status,docs/lyris_qwen235b_standalone_fast_20260613_status.csv,no,1,verified_osl32k_qwen235b_pard_k9
SWE,Qwen/Qwen3-235B-A22B,,pard_k9,9,pard_k9,full | full_osl32k_qwen235b_pard_k9,4,4096,32768,manifest-only,manifest,docs/lyris_qwen235b_swebench_osl32k_specdec_submit_manifest_20260613.csv,no,1,full_osl32k_qwen235b_pard_k9
SWE,Qwen/Qwen3-235B-A22B,,pard_k9,9,pard_k9,verified | verified_osl32k_qwen235b_pard_k9,4,4096,32768,manifest-only,manifest,docs/lyris_qwen235b_swebench_osl32k_specdec_submit_manifest_20260613.csv,no,1,verified_osl32k_qwen235b_pard_k9
SWE,Qwen/Qwen3-235B-A22B,,pard,9,pard_k9,swebench_full_test_prompts_all.jsonl | qwen235b_a22b_swe_full_osl32k_bsweep_lyris_tp4_fp8kv_bs8_pard_offset0_n8_isl4096_osl32768_bs8_k9_20260613,8,4096,32768,final,metrics,docs/lyris_qwen235b_standalone_fast_20260613_metrics.csv,no,1,full_osl32k_qwen235b_pard_k9
SWE,Qwen/Qwen3-235B-A22B,,pard,9,pard_k9,swebench_verified_prompts_all.jsonl | qwen235b_a22b_swe_verified_osl32k_bsweep_lyris_tp4_fp8kv_bs8_pard_offset0_n8_isl4096_osl32768_bs8_k9_20260613,8,4096,32768,final,metrics,docs/lyris_qwen235b_standalone_fast_20260613_metrics.csv,no,1,verified_osl32k_qwen235b_pard_k9
SWE,Qwen/Qwen3-235B-A22B,,pard_k9,9,pard_k9,full | full_osl32k_qwen235b_pard_k9,8,4096,32768,manifest-only,manifest,docs/lyris_qwen235b_standalone_fast_20260613_manifest.csv,no,1,full_osl32k_qwen235b_pard_k9
SWE,Qwen/Qwen3-235B-A22B,,pard_k9,9,pard_k9,verified | verified_osl32k_qwen235b_pard_k9,8,4096,32768,manifest-only,manifest,docs/lyris_qwen235b_standalone_fast_20260613_manifest.csv,no,1,verified_osl32k_qwen235b_pard_k9
SWE,Qwen/Qwen3-235B-A22B,,pard_k9,9,pard_k9,full | full_osl32k_qwen235b_pard_k9,8,4096,32768,manifest-only,status,docs/lyris_qwen235b_standalone_fast_20260613_status.csv,no,1,full_osl32k_qwen235b_pard_k9
SWE,Qwen/Qwen3-235B-A22B,,pard_k9,9,pard_k9,verified | verified_osl32k_qwen235b_pard_k9,8,4096,32768,manifest-only,status,docs/lyris_qwen235b_standalone_fast_20260613_status.csv,no,1,verified_osl32k_qwen235b_pard_k9
SWE,Qwen/Qwen3-235B-A22B,,pard_k9,9,pard_k9,full | full_osl32k_qwen235b_pard_k9,8,4096,32768,manifest-only,manifest,docs/lyris_qwen235b_swebench_osl32k_specdec_submit_manifest_20260613.csv,no,1,full_osl32k_qwen235b_pard_k9
SWE,Qwen/Qwen3-235B-A22B,,pard_k9,9,pard_k9,verified | verified_osl32k_qwen235b_pard_k9,8,4096,32768,manifest-only,manifest,docs/lyris_qwen235b_swebench_osl32k_specdec_submit_manifest_20260613.csv,no,1,verified_osl32k_qwen235b_pard_k9
SWE,Qwen/Qwen3-235B-A22B,,pard,9,pard_k9,swebench_full_test_prompts_all.jsonl | qwen235b_a22b_swe_full_osl32k_bsweep_lyris_tp4_fp8kv_bs16_pard_offset0_n16_isl4096_osl32768_bs16_k9_20260613,16,4096,32768,final,metrics,docs/lyris_qwen235b_standalone_fast_20260613_metrics.csv,no,1,full_osl32k_qwen235b_pard_k9
SWE,Qwen/Qwen3-235B-A22B,,pard,9,pard_k9,swebench_verified_prompts_all.jsonl | qwen235b_a22b_swe_verified_osl32k_bsweep_lyris_tp4_fp8kv_bs16_pard_offset0_n16_isl4096_osl32768_bs16_k9_20260613,16,4096,32768,final,metrics,docs/lyris_qwen235b_standalone_fast_20260613_metrics.csv,no,1,verified_osl32k_qwen235b_pard_k9
SWE,Qwen/Qwen3-235B-A22B,,pard_k9,9,pard_k9,full | full_osl32k_qwen235b_pard_k9,16,4096,32768,manifest-only,manifest,docs/lyris_qwen235b_standalone_fast_20260613_manifest.csv,no,1,full_osl32k_qwen235b_pard_k9
SWE,Qwen/Qwen3-235B-A22B,,pard_k9,9,pard_k9,verified | verified_osl32k_qwen235b_pard_k9,16,4096,32768,manifest-only,manifest,docs/lyris_qwen235b_standalone_fast_20260613_manifest.csv,no,1,verified_osl32k_qwen235b_pard_k9
SWE,Qwen/Qwen3-235B-A22B,,pard_k9,9,pard_k9,full | full_osl32k_qwen235b_pard_k9,16,4096,32768,manifest-only,status,docs/lyris_qwen235b_standalone_fast_20260613_status.csv,no,1,full_osl32k_qwen235b_pard_k9
SWE,Qwen/Qwen3-235B-A22B,,pard_k9,9,pard_k9,verified | verified_osl32k_qwen235b_pard_k9,16,4096,32768,manifest-only,status,docs/lyris_qwen235b_standalone_fast_20260613_status.csv,no,1,verified_osl32k_qwen235b_pard_k9
SWE,Qwen/Qwen3-235B-A22B,,pard_k9,9,pard_k9,full | full_osl32k_qwen235b_pard_k9,16,4096,32768,manifest-only,manifest,docs/lyris_qwen235b_swebench_osl32k_specdec_submit_manifest_20260613.csv,no,1,full_osl32k_qwen235b_pard_k9
SWE,Qwen/Qwen3-235B-A22B,,pard_k9,9,pard_k9,verified | verified_osl32k_qwen235b_pard_k9,16,4096,32768,manifest-only,manifest,docs/lyris_qwen235b_swebench_osl32k_specdec_submit_manifest_20260613.csv,no,1,verified_osl32k_qwen235b_pard_k9
SWE,Qwen/Qwen3-235B-A22B,,pard,9,pard_k9,swebench_full_test_prompts_all.jsonl | qwen235b_a22b_swe_full_osl32k_bsweep_lyris_tp4_fp8kv_bs32_pard_offset0_n32_isl4096_osl32768_bs32_k9_20260613,32,4096,32768,final,metrics,docs/lyris_qwen235b_standalone_fast_20260613_metrics.csv,no,1,full_osl32k_qwen235b_pard_k9
SWE,Qwen/Qwen3-235B-A22B,,pard,9,pard_k9,swebench_verified_prompts_all.jsonl | qwen235b_a22b_swe_verified_osl32k_bsweep_lyris_tp4_fp8kv_bs32_pard_offset0_n32_isl4096_osl32768_bs32_k9_20260613,32,4096,32768,final,metrics,docs/lyris_qwen235b_standalone_fast_20260613_metrics.csv,no,1,verified_osl32k_qwen235b_pard_k9
SWE,Qwen/Qwen3-235B-A22B,,pard_k9,9,pard_k9,full | full_osl32k_qwen235b_pard_k9,32,4096,32768,manifest-only,manifest,docs/lyris_qwen235b_standalone_fast_20260613_manifest.csv,no,1,full_osl32k_qwen235b_pard_k9
SWE,Qwen/Qwen3-235B-A22B,,pard_k9,9,pard_k9,verified | verified_osl32k_qwen235b_pard_k9,32,4096,32768,manifest-only,manifest,docs/lyris_qwen235b_standalone_fast_20260613_manifest.csv,no,1,verified_osl32k_qwen235b_pard_k9
SWE,Qwen/Qwen3-235B-A22B,,pard_k9,9,pard_k9,full | full_osl32k_qwen235b_pard_k9,32,4096,32768,manifest-only,status,docs/lyris_qwen235b_standalone_fast_20260613_status.csv,no,1,full_osl32k_qwen235b_pard_k9
SWE,Qwen/Qwen3-235B-A22B,,pard_k9,9,pard_k9,verified | verified_osl32k_qwen235b_pard_k9,32,4096,32768,manifest-only,status,docs/lyris_qwen235b_standalone_fast_20260613_status.csv,no,1,verified_osl32k_qwen235b_pard_k9
SWE,Qwen/Qwen3-235B-A22B,,pard_k9,9,pard_k9,full | full_osl32k_qwen235b_pard_k9,32,4096,32768,manifest-only,manifest,docs/lyris_qwen235b_swebench_osl32k_specdec_submit_manifest_20260613.csv,no,1,full_osl32k_qwen235b_pard_k9
SWE,Qwen/Qwen3-235B-A22B,,pard_k9,9,pard_k9,verified | verified_osl32k_qwen235b_pard_k9,32,4096,32768,manifest-only,manifest,docs/lyris_qwen235b_swebench_osl32k_specdec_submit_manifest_20260613.csv,no,1,verified_osl32k_qwen235b_pard_k9
SWE,Qwen/Qwen3-235B-A22B,,suffix,1,suffix_k1,swebench_verified_prompts_all.jsonl | qwen235b_a22b_swev_osl1k_lyris_tp4_fp8kv_suffix_k1_r2_suffix_offset0_n16_isl4096_osl1024_bs1_2_k1_arctic_20260611,1,4096,1024,final,metrics,docs/lyris_qwen235b_suffix_metrics_20260612.csv,no,1,qwen235b_n16_isl4096_osl1024_suffix_k1
SWE,Qwen/Qwen3-235B-A22B,,suffix,1,suffix_k1,swebench_verified_prompts_all.jsonl | qwen235b_a22b_swev_osl32k_suffix_k1_pilot_lyris_tp4_fp8kv_r2_suffix_offset0_n2_isl4096_osl32768_bs1_k1_arctic_20260611,1,4096,32768,final,metrics,docs/lyris_qwen235b_suffix_metrics_20260612.csv,no,1,qwen235b_n2_isl4096_osl32768_suffix_k1
SWE,Qwen/Qwen3-235B-A22B,,suffix,1,suffix_k1,swebench_verified_prompts_all.jsonl | qwen235b_a22b_swev_osl32k_suffix_k1_pilot_lyris_tp4_fp8kv_r2_suffix_offset0_n2_isl4096_osl32768_bs1_k1_arctic_20260611,1,4096,32768,final,metrics,docs/lyris_specdec_32k_metrics_20260612.csv,no,1,qwen235b_suffix_k1
SWE,Qwen/Qwen3-235B-A22B,,suffix,1,suffix_k1,qwen235b_n16_isl4096_osl1024_suffix_k1,1,4096,1024,manifest-only,manifest,docs/lyris_qwen235b_suffix_manifest_20260612.csv,no,1,qwen235b_n16_isl4096_osl1024_suffix_k1
SWE,Qwen/Qwen3-235B-A22B,,suffix,1,suffix_k1,qwen235b_n2_isl4096_osl32768_suffix_k1,1,4096,32768,manifest-only,manifest,docs/lyris_qwen235b_suffix_manifest_20260612.csv,no,1,qwen235b_n2_isl4096_osl32768_suffix_k1
SWE,Qwen/Qwen3-235B-A22B,,suffix,1,suffix_k1,qwen235b_n16_isl4096_osl1024_suffix_k1,1,4096,1024,manifest-only,status,docs/lyris_qwen235b_suffix_status_20260612.csv,no,1,qwen235b_n16_isl4096_osl1024_suffix_k1
SWE,Qwen/Qwen3-235B-A22B,,suffix,1,suffix_k1,qwen235b_n2_isl4096_osl32768_suffix_k1,1,4096,32768,manifest-only,status,docs/lyris_qwen235b_suffix_status_20260612.csv,no,1,qwen235b_n2_isl4096_osl32768_suffix_k1
SWE,Qwen/Qwen3-235B-A22B,,suffix,1,suffix_k1,qwen235b_suffix_k1,1,4096,32768,manifest-only,manifest,docs/lyris_specdec_32k_manifest_20260612.csv,no,1,qwen235b_suffix_k1
SWE,Qwen/Qwen3-235B-A22B,,suffix,1,suffix_k1,swebench_verified_prompts_all.jsonl | qwen235b_a22b_swev_osl1k_lyris_tp4_fp8kv_suffix_k1_r2_suffix_offset0_n16_isl4096_osl1024_bs1_2_k1_arctic_20260611,2,4096,1024,final,metrics,docs/lyris_qwen235b_suffix_metrics_20260612.csv,no,1,qwen235b_n16_isl4096_osl1024_suffix_k1
SWE,Qwen/Qwen3-235B-A22B,,suffix,1,suffix_k1,qwen235b_n16_isl4096_osl1024_suffix_k1,2,4096,1024,manifest-only,manifest,docs/lyris_qwen235b_suffix_manifest_20260612.csv,no,1,qwen235b_n16_isl4096_osl1024_suffix_k1
SWE,Qwen/Qwen3-235B-A22B,,suffix,1,suffix_k1,qwen235b_n16_isl4096_osl1024_suffix_k1,2,4096,1024,manifest-only,status,docs/lyris_qwen235b_suffix_status_20260612.csv,no,1,qwen235b_n16_isl4096_osl1024_suffix_k1
SWE,Qwen/Qwen3-235B-A22B,,suffix,16,suffix_k16,swebench_full_test_prompts_all.jsonl | qwen235b_a22b_swe_full_osl32k_bsweep_lyris_tp4_fp8kv_bs2_suffix_offset0_n2_isl4096_osl32768_bs2_k16_arctic_20260613,2,4096,32768,final,metrics,docs/lyris_qwen235b_standalone_fast_20260613_metrics.csv,yes_source_batch_only,1,full_osl32k_qwen235b_suffix_k16
SWE,Qwen/Qwen3-235B-A22B,,suffix,16,suffix_k16,swebench_verified_prompts_all.jsonl | qwen235b_a22b_swe_verified_osl32k_bsweep_lyris_tp4_fp8kv_bs2_suffix_offset0_n2_isl4096_osl32768_bs2_k16_arctic_20260613,2,4096,32768,final,metrics,docs/lyris_qwen235b_standalone_fast_20260613_metrics.csv,yes_source_batch_only,1,verified_osl32k_qwen235b_suffix_k16
SWE,Qwen/Qwen3-235B-A22B,,suffix_k16,16,suffix_k16,full | full_osl32k_qwen235b_suffix_k16,2,4096,32768,manifest-only,manifest,docs/lyris_qwen235b_standalone_fast_20260613_manifest.csv,no,1,full_osl32k_qwen235b_suffix_k16
SWE,Qwen/Qwen3-235B-A22B,,suffix_k16,16,suffix_k16,verified | verified_osl32k_qwen235b_suffix_k16,2,4096,32768,manifest-only,manifest,docs/lyris_qwen235b_standalone_fast_20260613_manifest.csv,no,1,verified_osl32k_qwen235b_suffix_k16
SWE,Qwen/Qwen3-235B-A22B,,suffix_k16,16,suffix_k16,full | full_osl32k_qwen235b_suffix_k16,2,4096,32768,manifest-only,status,docs/lyris_qwen235b_standalone_fast_20260613_status.csv,yes_source_batch_only,1,full_osl32k_qwen235b_suffix_k16
SWE,Qwen/Qwen3-235B-A22B,,suffix_k16,16,suffix_k16,verified | verified_osl32k_qwen235b_suffix_k16,2,4096,32768,manifest-only,status,docs/lyris_qwen235b_standalone_fast_20260613_status.csv,yes_source_batch_only,1,verified_osl32k_qwen235b_suffix_k16
SWE,Qwen/Qwen3-235B-A22B,,suffix_k16,16,suffix_k16,full | full_osl32k_qwen235b_suffix_k16,2,4096,32768,manifest-only,manifest,docs/lyris_qwen235b_swebench_osl32k_specdec_submit_manifest_20260613.csv,no,1,full_osl32k_qwen235b_suffix_k16
SWE,Qwen/Qwen3-235B-A22B,,suffix_k16,16,suffix_k16,verified | verified_osl32k_qwen235b_suffix_k16,2,4096,32768,manifest-only,manifest,docs/lyris_qwen235b_swebench_osl32k_specdec_submit_manifest_20260613.csv,no,1,verified_osl32k_qwen235b_suffix_k16
SWE,Qwen/Qwen3-235B-A22B,,suffix,16,suffix_k16,swebench_full_test_prompts_all.jsonl | qwen235b_a22b_swe_full_osl32k_bsweep_lyris_tp4_fp8kv_bs4_suffix_offset0_n4_isl4096_osl32768_bs4_k16_arctic_20260613,4,4096,32768,final,metrics,docs/lyris_qwen235b_standalone_fast_20260613_metrics.csv,no,1,full_osl32k_qwen235b_suffix_k16
SWE,Qwen/Qwen3-235B-A22B,,suffix,16,suffix_k16,swebench_verified_prompts_all.jsonl | qwen235b_a22b_swe_verified_osl32k_bsweep_lyris_tp4_fp8kv_bs4_suffix_offset0_n4_isl4096_osl32768_bs4_k16_arctic_20260613,4,4096,32768,final,metrics,docs/lyris_qwen235b_standalone_fast_20260613_metrics.csv,no,1,verified_osl32k_qwen235b_suffix_k16
SWE,Qwen/Qwen3-235B-A22B,,suffix_k16,16,suffix_k16,full | full_osl32k_qwen235b_suffix_k16,4,4096,32768,manifest-only,manifest,docs/lyris_qwen235b_standalone_fast_20260613_manifest.csv,no,1,full_osl32k_qwen235b_suffix_k16
SWE,Qwen/Qwen3-235B-A22B,,suffix_k16,16,suffix_k16,verified | verified_osl32k_qwen235b_suffix_k16,4,4096,32768,manifest-only,manifest,docs/lyris_qwen235b_standalone_fast_20260613_manifest.csv,no,1,verified_osl32k_qwen235b_suffix_k16
SWE,Qwen/Qwen3-235B-A22B,,suffix_k16,16,suffix_k16,full | full_osl32k_qwen235b_suffix_k16,4,4096,32768,manifest-only,status,docs/lyris_qwen235b_standalone_fast_20260613_status.csv,no,1,full_osl32k_qwen235b_suffix_k16
SWE,Qwen/Qwen3-235B-A22B,,suffix_k16,16,suffix_k16,verified | verified_osl32k_qwen235b_suffix_k16,4,4096,32768,manifest-only,status,docs/lyris_qwen235b_standalone_fast_20260613_status.csv,no,1,verified_osl32k_qwen235b_suffix_k16
SWE,Qwen/Qwen3-235B-A22B,,suffix_k16,16,suffix_k16,full | full_osl32k_qwen235b_suffix_k16,4,4096,32768,manifest-only,manifest,docs/lyris_qwen235b_swebench_osl32k_specdec_submit_manifest_20260613.csv,no,1,full_osl32k_qwen235b_suffix_k16
SWE,Qwen/Qwen3-235B-A22B,,suffix_k16,16,suffix_k16,verified | verified_osl32k_qwen235b_suffix_k16,4,4096,32768,manifest-only,manifest,docs/lyris_qwen235b_swebench_osl32k_specdec_submit_manifest_20260613.csv,no,1,verified_osl32k_qwen235b_suffix_k16
SWE,Qwen/Qwen3-235B-A22B,,suffix,16,suffix_k16,swebench_full_test_prompts_all.jsonl | qwen235b_a22b_swe_full_osl32k_bsweep_lyris_tp4_fp8kv_bs8_suffix_offset0_n8_isl4096_osl32768_bs8_k16_arctic_20260613,8,4096,32768,final,metrics,docs/lyris_qwen235b_standalone_fast_20260613_metrics.csv,no,1,full_osl32k_qwen235b_suffix_k16
SWE,Qwen/Qwen3-235B-A22B,,suffix,16,suffix_k16,swebench_verified_prompts_all.jsonl | qwen235b_a22b_swe_verified_osl32k_bsweep_lyris_tp4_fp8kv_bs8_suffix_offset0_n8_isl4096_osl32768_bs8_k16_arctic_20260613,8,4096,32768,final,metrics,docs/lyris_qwen235b_standalone_fast_20260613_metrics.csv,no,1,verified_osl32k_qwen235b_suffix_k16
SWE,Qwen/Qwen3-235B-A22B,,suffix_k16,16,suffix_k16,full | full_osl32k_qwen235b_suffix_k16,8,4096,32768,manifest-only,manifest,docs/lyris_qwen235b_standalone_fast_20260613_manifest.csv,no,1,full_osl32k_qwen235b_suffix_k16
SWE,Qwen/Qwen3-235B-A22B,,suffix_k16,16,suffix_k16,verified | verified_osl32k_qwen235b_suffix_k16,8,4096,32768,manifest-only,manifest,docs/lyris_qwen235b_standalone_fast_20260613_manifest.csv,no,1,verified_osl32k_qwen235b_suffix_k16
SWE,Qwen/Qwen3-235B-A22B,,suffix_k16,16,suffix_k16,full | full_osl32k_qwen235b_suffix_k16,8,4096,32768,manifest-only,status,docs/lyris_qwen235b_standalone_fast_20260613_status.csv,no,1,full_osl32k_qwen235b_suffix_k16
SWE,Qwen/Qwen3-235B-A22B,,suffix_k16,16,suffix_k16,verified | verified_osl32k_qwen235b_suffix_k16,8,4096,32768,manifest-only,status,docs/lyris_qwen235b_standalone_fast_20260613_status.csv,no,1,verified_osl32k_qwen235b_suffix_k16
SWE,Qwen/Qwen3-235B-A22B,,suffix_k16,16,suffix_k16,full | full_osl32k_qwen235b_suffix_k16,8,4096,32768,manifest-only,manifest,docs/lyris_qwen235b_swebench_osl32k_specdec_submit_manifest_20260613.csv,no,1,full_osl32k_qwen235b_suffix_k16
SWE,Qwen/Qwen3-235B-A22B,,suffix_k16,16,suffix_k16,verified | verified_osl32k_qwen235b_suffix_k16,8,4096,32768,manifest-only,manifest,docs/lyris_qwen235b_swebench_osl32k_specdec_submit_manifest_20260613.csv,no,1,verified_osl32k_qwen235b_suffix_k16
SWE,Qwen/Qwen3-235B-A22B,,suffix,16,suffix_k16,swebench_full_test_prompts_all.jsonl | qwen235b_a22b_swe_full_osl32k_bsweep_lyris_tp4_fp8kv_bs16_suffix_offset0_n16_isl4096_osl32768_bs16_k16_arctic_20260613,16,4096,32768,final,metrics,docs/lyris_qwen235b_standalone_fast_20260613_metrics.csv,no,1,full_osl32k_qwen235b_suffix_k16
SWE,Qwen/Qwen3-235B-A22B,,suffix,16,suffix_k16,swebench_verified_prompts_all.jsonl | qwen235b_a22b_swe_verified_osl32k_bsweep_lyris_tp4_fp8kv_bs16_suffix_offset0_n16_isl4096_osl32768_bs16_k16_arctic_20260613,16,4096,32768,final,metrics,docs/lyris_qwen235b_standalone_fast_20260613_metrics.csv,no,1,verified_osl32k_qwen235b_suffix_k16
SWE,Qwen/Qwen3-235B-A22B,,suffix_k16,16,suffix_k16,full | full_osl32k_qwen235b_suffix_k16,16,4096,32768,manifest-only,manifest,docs/lyris_qwen235b_standalone_fast_20260613_manifest.csv,no,1,full_osl32k_qwen235b_suffix_k16
SWE,Qwen/Qwen3-235B-A22B,,suffix_k16,16,suffix_k16,verified | verified_osl32k_qwen235b_suffix_k16,16,4096,32768,manifest-only,manifest,docs/lyris_qwen235b_standalone_fast_20260613_manifest.csv,no,1,verified_osl32k_qwen235b_suffix_k16
SWE,Qwen/Qwen3-235B-A22B,,suffix_k16,16,suffix_k16,full | full_osl32k_qwen235b_suffix_k16,16,4096,32768,manifest-only,status,docs/lyris_qwen235b_standalone_fast_20260613_status.csv,no,1,full_osl32k_qwen235b_suffix_k16
SWE,Qwen/Qwen3-235B-A22B,,suffix_k16,16,suffix_k16,verified | verified_osl32k_qwen235b_suffix_k16,16,4096,32768,manifest-only,status,docs/lyris_qwen235b_standalone_fast_20260613_status.csv,no,1,verified_osl32k_qwen235b_suffix_k16
SWE,Qwen/Qwen3-235B-A22B,,suffix_k16,16,suffix_k16,full | full_osl32k_qwen235b_suffix_k16,16,4096,32768,manifest-only,manifest,docs/lyris_qwen235b_swebench_osl32k_specdec_submit_manifest_20260613.csv,no,1,full_osl32k_qwen235b_suffix_k16
SWE,Qwen/Qwen3-235B-A22B,,suffix_k16,16,suffix_k16,verified | verified_osl32k_qwen235b_suffix_k16,16,4096,32768,manifest-only,manifest,docs/lyris_qwen235b_swebench_osl32k_specdec_submit_manifest_20260613.csv,no,1,verified_osl32k_qwen235b_suffix_k16
SWE,Qwen/Qwen3-235B-A22B,,suffix,16,suffix_k16,swebench_full_test_prompts_all.jsonl | qwen235b_a22b_swe_full_osl32k_bsweep_lyris_tp4_fp8kv_bs32_suffix_offset0_n32_isl4096_osl32768_bs32_k16_arctic_20260613,32,4096,32768,final,metrics,docs/lyris_qwen235b_standalone_fast_20260613_metrics.csv,no,1,full_osl32k_qwen235b_suffix_k16
SWE,Qwen/Qwen3-235B-A22B,,suffix,16,suffix_k16,swebench_verified_prompts_all.jsonl | qwen235b_a22b_swe_verified_osl32k_bsweep_lyris_tp4_fp8kv_bs32_suffix_offset0_n32_isl4096_osl32768_bs32_k16_arctic_20260613,32,4096,32768,final,metrics,docs/lyris_qwen235b_standalone_fast_20260613_metrics.csv,no,1,verified_osl32k_qwen235b_suffix_k16
SWE,Qwen/Qwen3-235B-A22B,,suffix_k16,16,suffix_k16,full | full_osl32k_qwen235b_suffix_k16,32,4096,32768,manifest-only,manifest,docs/lyris_qwen235b_standalone_fast_20260613_manifest.csv,no,1,full_osl32k_qwen235b_suffix_k16
SWE,Qwen/Qwen3-235B-A22B,,suffix_k16,16,suffix_k16,verified | verified_osl32k_qwen235b_suffix_k16,32,4096,32768,manifest-only,manifest,docs/lyris_qwen235b_standalone_fast_20260613_manifest.csv,no,1,verified_osl32k_qwen235b_suffix_k16
SWE,Qwen/Qwen3-235B-A22B,,suffix_k16,16,suffix_k16,full | full_osl32k_qwen235b_suffix_k16,32,4096,32768,manifest-only,status,docs/lyris_qwen235b_standalone_fast_20260613_status.csv,no,1,full_osl32k_qwen235b_suffix_k16
SWE,Qwen/Qwen3-235B-A22B,,suffix_k16,16,suffix_k16,verified | verified_osl32k_qwen235b_suffix_k16,32,4096,32768,manifest-only,status,docs/lyris_qwen235b_standalone_fast_20260613_status.csv,no,1,verified_osl32k_qwen235b_suffix_k16
SWE,Qwen/Qwen3-235B-A22B,,suffix_k16,16,suffix_k16,full | full_osl32k_qwen235b_suffix_k16,32,4096,32768,manifest-only,manifest,docs/lyris_qwen235b_swebench_osl32k_specdec_submit_manifest_20260613.csv,no,1,full_osl32k_qwen235b_suffix_k16
SWE,Qwen/Qwen3-235B-A22B,,suffix_k16,16,suffix_k16,verified | verified_osl32k_qwen235b_suffix_k16,32,4096,32768,manifest-only,manifest,docs/lyris_qwen235b_swebench_osl32k_specdec_submit_manifest_20260613.csv,no,1,verified_osl32k_qwen235b_suffix_k16
SWE,Qwen/Qwen3-235B-A22B,,suffix,2,suffix_k2,swebench_verified_prompts_all.jsonl | qwen235b_a22b_swev_osl1k_lyris_tp4_fp8kv_suffix_k2_r2_suffix_offset0_n16_isl4096_osl1024_bs1_2_k2_arctic_20260611,1,4096,1024,final,metrics,docs/lyris_qwen235b_suffix_metrics_20260612.csv,no,1,qwen235b_n16_isl4096_osl1024_suffix_k2
SWE,Qwen/Qwen3-235B-A22B,,suffix,2,suffix_k2,swebench_verified_prompts_all.jsonl | qwen235b_a22b_swev_osl32k_suffix_k2_pilot_lyris_tp4_fp8kv_r2_suffix_offset0_n2_isl4096_osl32768_bs1_k2_arctic_20260611,1,4096,32768,final,metrics,docs/lyris_qwen235b_suffix_metrics_20260612.csv,no,1,qwen235b_n2_isl4096_osl32768_suffix_k2
SWE,Qwen/Qwen3-235B-A22B,,suffix,2,suffix_k2,swebench_verified_prompts_all.jsonl | qwen235b_a22b_swev_osl32k_suffix_k2_pilot_lyris_tp4_fp8kv_r2_suffix_offset0_n2_isl4096_osl32768_bs1_k2_arctic_20260611,1,4096,32768,final,metrics,docs/lyris_specdec_32k_metrics_20260612.csv,no,1,qwen235b_suffix_k2
SWE,Qwen/Qwen3-235B-A22B,,suffix,2,suffix_k2,qwen235b_n16_isl4096_osl1024_suffix_k2,1,4096,1024,manifest-only,manifest,docs/lyris_qwen235b_suffix_manifest_20260612.csv,no,1,qwen235b_n16_isl4096_osl1024_suffix_k2
SWE,Qwen/Qwen3-235B-A22B,,suffix,2,suffix_k2,qwen235b_n2_isl4096_osl32768_suffix_k2,1,4096,32768,manifest-only,manifest,docs/lyris_qwen235b_suffix_manifest_20260612.csv,no,1,qwen235b_n2_isl4096_osl32768_suffix_k2
SWE,Qwen/Qwen3-235B-A22B,,suffix,2,suffix_k2,qwen235b_n16_isl4096_osl1024_suffix_k2,1,4096,1024,manifest-only,status,docs/lyris_qwen235b_suffix_status_20260612.csv,no,1,qwen235b_n16_isl4096_osl1024_suffix_k2
SWE,Qwen/Qwen3-235B-A22B,,suffix,2,suffix_k2,qwen235b_n2_isl4096_osl32768_suffix_k2,1,4096,32768,manifest-only,status,docs/lyris_qwen235b_suffix_status_20260612.csv,no,1,qwen235b_n2_isl4096_osl32768_suffix_k2
SWE,Qwen/Qwen3-235B-A22B,,suffix,2,suffix_k2,qwen235b_suffix_k2,1,4096,32768,manifest-only,manifest,docs/lyris_specdec_32k_manifest_20260612.csv,no,1,qwen235b_suffix_k2
SWE,Qwen/Qwen3-235B-A22B,,suffix,2,suffix_k2,swebench_verified_prompts_all.jsonl | qwen235b_a22b_swev_osl1k_lyris_tp4_fp8kv_suffix_k2_r2_suffix_offset0_n16_isl4096_osl1024_bs1_2_k2_arctic_20260611,2,4096,1024,final,metrics,docs/lyris_qwen235b_suffix_metrics_20260612.csv,no,1,qwen235b_n16_isl4096_osl1024_suffix_k2
SWE,Qwen/Qwen3-235B-A22B,,suffix,2,suffix_k2,qwen235b_n16_isl4096_osl1024_suffix_k2,2,4096,1024,manifest-only,manifest,docs/lyris_qwen235b_suffix_manifest_20260612.csv,no,1,qwen235b_n16_isl4096_osl1024_suffix_k2
SWE,Qwen/Qwen3-235B-A22B,,suffix,2,suffix_k2,qwen235b_n16_isl4096_osl1024_suffix_k2,2,4096,1024,manifest-only,status,docs/lyris_qwen235b_suffix_status_20260612.csv,no,1,qwen235b_n16_isl4096_osl1024_suffix_k2
SWE,Qwen/Qwen3-235B-A22B,,suffix,32,suffix_k32,swebench_verified_prompts_all.jsonl | qwen235b_a22b_swev_osl1k_lyris_tp4_fp8kv_r2_suffix_offset0_n16_isl4096_osl1024_bs1_2_k32_arctic_20260611,1,4096,1024,final,metrics,docs/lyris_qwen235b_suffix_metrics_20260612.csv,no,1,qwen235b_n16_isl4096_osl1024_suffix_k32
SWE,Qwen/Qwen3-235B-A22B,,suffix,32,suffix_k32,swebench_verified_prompts_all.jsonl | qwen235b_a22b_swev_osl32k_pilot_lyris_tp4_fp8kv_r2_suffix_offset0_n2_isl4096_osl32768_bs1_k32_arctic_20260611,1,4096,32768,final,metrics,docs/lyris_qwen235b_suffix_metrics_20260612.csv,no,1,qwen235b_n2_isl4096_osl32768_suffix_k32
SWE,Qwen/Qwen3-235B-A22B,,suffix,32,suffix_k32,swebench_verified_prompts_all.jsonl | qwen235b_a22b_swev_osl64k_pilot_lyris_tp4_fp8kv_suffix_offset0_n1_isl4096_osl65536_bs1_k32_arctic_20260612,1,4096,65536,final,metrics,docs/lyris_qwen235b_suffix_metrics_20260612.csv,no,1,qwen235b_n1_isl4096_osl65536_suffix_k32
SWE,Qwen/Qwen3-235B-A22B,,suffix,32,suffix_k32,swebench_verified_prompts_all.jsonl | qwen235b_a22b_swev_osl32k_pilot_lyris_tp4_fp8kv_r2_suffix_offset0_n2_isl4096_osl32768_bs1_k32_arctic_20260611,1,4096,32768,final,metrics,docs/lyris_specdec_32k_metrics_20260612.csv,no,1,qwen235b_suffix_k32
SWE,Qwen/Qwen3-235B-A22B,,suffix,32,suffix_k32,qwen235b_n16_isl4096_osl1024_suffix_k32,1,4096,1024,manifest-only,manifest,docs/lyris_qwen235b_suffix_manifest_20260612.csv,no,1,qwen235b_n16_isl4096_osl1024_suffix_k32
SWE,Qwen/Qwen3-235B-A22B,,suffix,32,suffix_k32,qwen235b_n1_isl4096_osl65536_suffix_k32,1,4096,65536,manifest-only,manifest,docs/lyris_qwen235b_suffix_manifest_20260612.csv,no,1,qwen235b_n1_isl4096_osl65536_suffix_k32
SWE,Qwen/Qwen3-235B-A22B,,suffix,32,suffix_k32,qwen235b_n2_isl4096_osl32768_suffix_k32,1,4096,32768,manifest-only,manifest,docs/lyris_qwen235b_suffix_manifest_20260612.csv,no,1,qwen235b_n2_isl4096_osl32768_suffix_k32
SWE,Qwen/Qwen3-235B-A22B,,suffix,32,suffix_k32,qwen235b_n16_isl4096_osl1024_suffix_k32,1,4096,1024,manifest-only,status,docs/lyris_qwen235b_suffix_status_20260612.csv,no,1,qwen235b_n16_isl4096_osl1024_suffix_k32
SWE,Qwen/Qwen3-235B-A22B,,suffix,32,suffix_k32,qwen235b_n1_isl4096_osl65536_suffix_k32,1,4096,65536,manifest-only,status,docs/lyris_qwen235b_suffix_status_20260612.csv,no,1,qwen235b_n1_isl4096_osl65536_suffix_k32
SWE,Qwen/Qwen3-235B-A22B,,suffix,32,suffix_k32,qwen235b_n2_isl4096_osl32768_suffix_k32,1,4096,32768,manifest-only,status,docs/lyris_qwen235b_suffix_status_20260612.csv,no,1,qwen235b_n2_isl4096_osl32768_suffix_k32
SWE,Qwen/Qwen3-235B-A22B,,suffix,32,suffix_k32,qwen235b_suffix_k32,1,4096,32768,manifest-only,manifest,docs/lyris_specdec_32k_manifest_20260612.csv,no,1,qwen235b_suffix_k32
SWE,Qwen/Qwen3-235B-A22B,,suffix,32,suffix_k32,swebench_verified_prompts_all.jsonl | qwen235b_a22b_swev_osl1k_lyris_tp4_fp8kv_r2_suffix_offset0_n16_isl4096_osl1024_bs1_2_k32_arctic_20260611,2,4096,1024,final,metrics,docs/lyris_qwen235b_suffix_metrics_20260612.csv,no,1,qwen235b_n16_isl4096_osl1024_suffix_k32
SWE,Qwen/Qwen3-235B-A22B,,suffix,32,suffix_k32,swebench_full_test_prompts_all.jsonl | qwen235b_a22b_swe_full_osl32k_bsweep_lyris_tp4_fp8kv_bs2_suffix_offset0_n2_isl4096_osl32768_bs2_k32_arctic_20260612,2,4096,32768,final,metrics,docs/lyris_qwen235b_swebench_osl32k_batch_sweep_metrics_20260612.csv,no,1,full_osl32k_qwen235b_suffix_k32
SWE,Qwen/Qwen3-235B-A22B,,suffix,32,suffix_k32,swebench_verified_prompts_all.jsonl | qwen235b_a22b_swe_verified_osl32k_bsweep_lyris_tp4_fp8kv_bs2_suffix_offset0_n2_isl4096_osl32768_bs2_k32_arctic_20260612,2,4096,32768,final,metrics,docs/lyris_qwen235b_swebench_osl32k_batch_sweep_metrics_20260612.csv,no,1,verified_osl32k_qwen235b_suffix_k32
SWE,Qwen/Qwen3-235B-A22B,,suffix,32,suffix_k32,qwen235b_n16_isl4096_osl1024_suffix_k32,2,4096,1024,manifest-only,manifest,docs/lyris_qwen235b_suffix_manifest_20260612.csv,no,1,qwen235b_n16_isl4096_osl1024_suffix_k32
SWE,Qwen/Qwen3-235B-A22B,,suffix,32,suffix_k32,qwen235b_n16_isl4096_osl1024_suffix_k32,2,4096,1024,manifest-only,status,docs/lyris_qwen235b_suffix_status_20260612.csv,no,1,qwen235b_n16_isl4096_osl1024_suffix_k32
SWE,Qwen/Qwen3-235B-A22B,,suffix,32,suffix_k32,full | full_osl32k_qwen235b_suffix_k32,2,4096,32768,manifest-only,manifest,docs/lyris_qwen235b_swebench_osl32k_batch_sweep_manifest_20260612.csv,no,1,full_osl32k_qwen235b_suffix_k32
SWE,Qwen/Qwen3-235B-A22B,,suffix,32,suffix_k32,verified | verified_osl32k_qwen235b_suffix_k32,2,4096,32768,manifest-only,manifest,docs/lyris_qwen235b_swebench_osl32k_batch_sweep_manifest_20260612.csv,no,1,verified_osl32k_qwen235b_suffix_k32
SWE,Qwen/Qwen3-235B-A22B,,suffix,32,suffix_k32,full | full_osl32k_qwen235b_suffix_k32,2,4096,32768,manifest-only,manifest,docs/lyris_swebench_longosl_manifest_20260612.csv,no,1,full_osl32k_qwen235b_suffix_k32
SWE,Qwen/Qwen3-235B-A22B,,suffix,32,suffix_k32,verified | verified_osl32k_qwen235b_suffix_k32,2,4096,32768,manifest-only,manifest,docs/lyris_swebench_longosl_manifest_20260612.csv,no,1,verified_osl32k_qwen235b_suffix_k32
SWE,Qwen/Qwen3-235B-A22B,,suffix,32,suffix_k32,swebench_full_test_prompts_all.jsonl | qwen235b_a22b_swe_full_osl32k_bsweep_lyris_tp4_fp8kv_bs4_suffix_offset0_n4_isl4096_osl32768_bs4_k32_arctic_20260612,4,4096,32768,final,metrics,docs/lyris_qwen235b_swebench_osl32k_batch_sweep_metrics_20260612.csv,yes_row,1,full_osl32k_qwen235b_suffix_k32
SWE,Qwen/Qwen3-235B-A22B,,suffix,32,suffix_k32,swebench_verified_prompts_all.jsonl | qwen235b_a22b_swe_verified_osl32k_bsweep_lyris_tp4_fp8kv_bs4_suffix_offset0_n4_isl4096_osl32768_bs4_k32_arctic_20260612,4,4096,32768,final,metrics,docs/lyris_qwen235b_swebench_osl32k_batch_sweep_metrics_20260612.csv,yes_row,1,verified_osl32k_qwen235b_suffix_k32
SWE,Qwen/Qwen3-235B-A22B,,suffix,32,suffix_k32,full | full_osl32k_qwen235b_suffix_k32,4,4096,32768,manifest-only,manifest,docs/lyris_qwen235b_swebench_osl32k_batch_sweep_manifest_20260612.csv,no,1,full_osl32k_qwen235b_suffix_k32
SWE,Qwen/Qwen3-235B-A22B,,suffix,32,suffix_k32,verified | verified_osl32k_qwen235b_suffix_k32,4,4096,32768,manifest-only,manifest,docs/lyris_qwen235b_swebench_osl32k_batch_sweep_manifest_20260612.csv,no,1,verified_osl32k_qwen235b_suffix_k32
SWE,Qwen/Qwen3-235B-A22B,,suffix,32,suffix_k32,full | full_osl32k_qwen235b_suffix_k32,4,4096,32768,manifest-only,manifest,docs/lyris_swebench_longosl_manifest_20260612.csv,no,1,full_osl32k_qwen235b_suffix_k32
SWE,Qwen/Qwen3-235B-A22B,,suffix,32,suffix_k32,verified | verified_osl32k_qwen235b_suffix_k32,4,4096,32768,manifest-only,manifest,docs/lyris_swebench_longosl_manifest_20260612.csv,no,1,verified_osl32k_qwen235b_suffix_k32
SWE,Qwen/Qwen3-235B-A22B,,suffix,32,suffix_k32,swebench_full_test_prompts_all.jsonl | qwen235b_a22b_swe_full_osl32k_bsweep_lyris_tp4_fp8kv_bs8_suffix_offset0_n8_isl4096_osl32768_bs8_k32_arctic_20260612,8,4096,32768,final,metrics,docs/lyris_qwen235b_swebench_osl32k_batch_sweep_metrics_20260612.csv,yes_row,1,full_osl32k_qwen235b_suffix_k32
SWE,Qwen/Qwen3-235B-A22B,,suffix,32,suffix_k32,swebench_verified_prompts_all.jsonl | qwen235b_a22b_swe_verified_osl32k_bsweep_lyris_tp4_fp8kv_bs8_suffix_offset0_n8_isl4096_osl32768_bs8_k32_arctic_20260612,8,4096,32768,final,metrics,docs/lyris_qwen235b_swebench_osl32k_batch_sweep_metrics_20260612.csv,yes_row,1,verified_osl32k_qwen235b_suffix_k32
SWE,Qwen/Qwen3-235B-A22B,,suffix,32,suffix_k32,full | full_osl32k_qwen235b_suffix_k32,8,4096,32768,manifest-only,manifest,docs/lyris_qwen235b_swebench_osl32k_batch_sweep_manifest_20260612.csv,no,1,full_osl32k_qwen235b_suffix_k32
SWE,Qwen/Qwen3-235B-A22B,,suffix,32,suffix_k32,verified | verified_osl32k_qwen235b_suffix_k32,8,4096,32768,manifest-only,manifest,docs/lyris_qwen235b_swebench_osl32k_batch_sweep_manifest_20260612.csv,no,1,verified_osl32k_qwen235b_suffix_k32
SWE,Qwen/Qwen3-235B-A22B,,suffix,32,suffix_k32,full | full_osl32k_qwen235b_suffix_k32,8,4096,32768,manifest-only,manifest,docs/lyris_swebench_longosl_manifest_20260612.csv,no,1,full_osl32k_qwen235b_suffix_k32
SWE,Qwen/Qwen3-235B-A22B,,suffix,32,suffix_k32,verified | verified_osl32k_qwen235b_suffix_k32,8,4096,32768,manifest-only,manifest,docs/lyris_swebench_longosl_manifest_20260612.csv,no,1,verified_osl32k_qwen235b_suffix_k32
SWE,Qwen/Qwen3-235B-A22B,,suffix,32,suffix_k32,swebench_full_test_prompts_all.jsonl | qwen235b_a22b_swe_full_osl32k_bsweep_lyris_tp4_fp8kv_bs16_suffix_offset0_n16_isl4096_osl32768_bs16_k32_arctic_20260612,16,4096,32768,final,metrics,docs/lyris_qwen235b_swebench_osl32k_batch_sweep_metrics_20260612.csv,yes_row,1,full_osl32k_qwen235b_suffix_k32
SWE,Qwen/Qwen3-235B-A22B,,suffix,32,suffix_k32,swebench_verified_prompts_all.jsonl | qwen235b_a22b_swe_verified_osl32k_bsweep_lyris_tp4_fp8kv_bs16_suffix_offset0_n16_isl4096_osl32768_bs16_k32_arctic_20260612,16,4096,32768,final,metrics,docs/lyris_qwen235b_swebench_osl32k_batch_sweep_metrics_20260612.csv,yes_row,1,verified_osl32k_qwen235b_suffix_k32
SWE,Qwen/Qwen3-235B-A22B,,suffix,32,suffix_k32,full | full_osl32k_qwen235b_suffix_k32,16,4096,32768,manifest-only,manifest,docs/lyris_qwen235b_swebench_osl32k_batch_sweep_manifest_20260612.csv,no,1,full_osl32k_qwen235b_suffix_k32
SWE,Qwen/Qwen3-235B-A22B,,suffix,32,suffix_k32,verified | verified_osl32k_qwen235b_suffix_k32,16,4096,32768,manifest-only,manifest,docs/lyris_qwen235b_swebench_osl32k_batch_sweep_manifest_20260612.csv,no,1,verified_osl32k_qwen235b_suffix_k32
SWE,Qwen/Qwen3-235B-A22B,,suffix,32,suffix_k32,full | full_osl32k_qwen235b_suffix_k32,16,4096,32768,manifest-only,manifest,docs/lyris_swebench_longosl_manifest_20260612.csv,no,1,full_osl32k_qwen235b_suffix_k32
SWE,Qwen/Qwen3-235B-A22B,,suffix,32,suffix_k32,verified | verified_osl32k_qwen235b_suffix_k32,16,4096,32768,manifest-only,manifest,docs/lyris_swebench_longosl_manifest_20260612.csv,no,1,verified_osl32k_qwen235b_suffix_k32
SWE,Qwen/Qwen3-235B-A22B,,suffix,32,suffix_k32,swebench_full_test_prompts_all.jsonl | qwen235b_a22b_swe_full_osl32k_bsweep_lyris_tp4_fp8kv_bs32_suffix_offset0_n32_isl4096_osl32768_bs32_k32_arctic_20260612,32,4096,32768,final,metrics,docs/lyris_qwen235b_swebench_osl32k_batch_sweep_metrics_20260612.csv,yes_row,1,full_osl32k_qwen235b_suffix_k32
SWE,Qwen/Qwen3-235B-A22B,,suffix,32,suffix_k32,swebench_verified_prompts_all.jsonl | qwen235b_a22b_swe_verified_osl32k_bsweep_lyris_tp4_fp8kv_bs32_suffix_offset0_n32_isl4096_osl32768_bs32_k32_arctic_20260612,32,4096,32768,final,metrics,docs/lyris_qwen235b_swebench_osl32k_batch_sweep_metrics_20260612.csv,yes_row,1,verified_osl32k_qwen235b_suffix_k32
SWE,Qwen/Qwen3-235B-A22B,,suffix,32,suffix_k32,full | full_osl32k_qwen235b_suffix_k32,32,4096,32768,manifest-only,manifest,docs/lyris_qwen235b_swebench_osl32k_batch_sweep_manifest_20260612.csv,no,1,full_osl32k_qwen235b_suffix_k32
SWE,Qwen/Qwen3-235B-A22B,,suffix,32,suffix_k32,verified | verified_osl32k_qwen235b_suffix_k32,32,4096,32768,manifest-only,manifest,docs/lyris_qwen235b_swebench_osl32k_batch_sweep_manifest_20260612.csv,no,1,verified_osl32k_qwen235b_suffix_k32
SWE,Qwen/Qwen3-235B-A22B,,suffix,32,suffix_k32,full | full_osl32k_qwen235b_suffix_k32,32,4096,32768,manifest-only,manifest,docs/lyris_swebench_longosl_manifest_20260612.csv,no,1,full_osl32k_qwen235b_suffix_k32
SWE,Qwen/Qwen3-235B-A22B,,suffix,32,suffix_k32,verified | verified_osl32k_qwen235b_suffix_k32,32,4096,32768,manifest-only,manifest,docs/lyris_swebench_longosl_manifest_20260612.csv,no,1,verified_osl32k_qwen235b_suffix_k32
SWE,Qwen/Qwen3-235B-A22B,,suffix,4,suffix_k4,swebench_verified_prompts_all.jsonl | qwen235b_a22b_swev_osl1k_lyris_tp4_fp8kv_suffix_k4_r2_suffix_offset0_n16_isl4096_osl1024_bs1_2_k4_arctic_20260611,1,4096,1024,final,metrics,docs/lyris_qwen235b_suffix_metrics_20260612.csv,no,1,qwen235b_n16_isl4096_osl1024_suffix_k4
SWE,Qwen/Qwen3-235B-A22B,,suffix,4,suffix_k4,swebench_verified_prompts_all.jsonl | qwen235b_a22b_swev_osl32k_suffix_k4_pilot_lyris_tp4_fp8kv_r2_suffix_offset0_n2_isl4096_osl32768_bs1_k4_arctic_20260611,1,4096,32768,final,metrics,docs/lyris_qwen235b_suffix_metrics_20260612.csv,no,1,qwen235b_n2_isl4096_osl32768_suffix_k4
SWE,Qwen/Qwen3-235B-A22B,,suffix,4,suffix_k4,swebench_verified_prompts_all.jsonl | qwen235b_a22b_swev_osl32k_suffix_k4_pilot_lyris_tp4_fp8kv_r2_suffix_offset0_n2_isl4096_osl32768_bs1_k4_arctic_20260611,1,4096,32768,final,metrics,docs/lyris_specdec_32k_metrics_20260612.csv,no,1,qwen235b_suffix_k4
SWE,Qwen/Qwen3-235B-A22B,,suffix,4,suffix_k4,qwen235b_n16_isl4096_osl1024_suffix_k4,1,4096,1024,manifest-only,manifest,docs/lyris_qwen235b_suffix_manifest_20260612.csv,no,1,qwen235b_n16_isl4096_osl1024_suffix_k4
SWE,Qwen/Qwen3-235B-A22B,,suffix,4,suffix_k4,qwen235b_n2_isl4096_osl32768_suffix_k4,1,4096,32768,manifest-only,manifest,docs/lyris_qwen235b_suffix_manifest_20260612.csv,no,1,qwen235b_n2_isl4096_osl32768_suffix_k4
SWE,Qwen/Qwen3-235B-A22B,,suffix,4,suffix_k4,qwen235b_n16_isl4096_osl1024_suffix_k4,1,4096,1024,manifest-only,status,docs/lyris_qwen235b_suffix_status_20260612.csv,no,1,qwen235b_n16_isl4096_osl1024_suffix_k4
SWE,Qwen/Qwen3-235B-A22B,,suffix,4,suffix_k4,qwen235b_n2_isl4096_osl32768_suffix_k4,1,4096,32768,manifest-only,status,docs/lyris_qwen235b_suffix_status_20260612.csv,no,1,qwen235b_n2_isl4096_osl32768_suffix_k4
SWE,Qwen/Qwen3-235B-A22B,,suffix,4,suffix_k4,qwen235b_suffix_k4,1,4096,32768,manifest-only,manifest,docs/lyris_specdec_32k_manifest_20260612.csv,no,1,qwen235b_suffix_k4
SWE,Qwen/Qwen3-235B-A22B,,suffix,4,suffix_k4,swebench_verified_prompts_all.jsonl | qwen235b_a22b_swev_osl1k_lyris_tp4_fp8kv_suffix_k4_r2_suffix_offset0_n16_isl4096_osl1024_bs1_2_k4_arctic_20260611,2,4096,1024,final,metrics,docs/lyris_qwen235b_suffix_metrics_20260612.csv,no,1,qwen235b_n16_isl4096_osl1024_suffix_k4
SWE,Qwen/Qwen3-235B-A22B,,suffix,4,suffix_k4,qwen235b_n16_isl4096_osl1024_suffix_k4,2,4096,1024,manifest-only,manifest,docs/lyris_qwen235b_suffix_manifest_20260612.csv,no,1,qwen235b_n16_isl4096_osl1024_suffix_k4
SWE,Qwen/Qwen3-235B-A22B,,suffix,4,suffix_k4,qwen235b_n16_isl4096_osl1024_suffix_k4,2,4096,1024,manifest-only,status,docs/lyris_qwen235b_suffix_status_20260612.csv,no,1,qwen235b_n16_isl4096_osl1024_suffix_k4
SWE,Qwen/Qwen3-235B-A22B,,suffix,8,suffix_k8,swebench_verified_prompts_all.jsonl | qwen235b_a22b_swev_osl1k_lyris_tp4_fp8kv_suffix_k8_r2_suffix_offset0_n16_isl4096_osl1024_bs1_2_k8_arctic_20260611,1,4096,1024,final,metrics,docs/lyris_qwen235b_suffix_metrics_20260612.csv,no,1,qwen235b_n16_isl4096_osl1024_suffix_k8
SWE,Qwen/Qwen3-235B-A22B,,suffix,8,suffix_k8,swebench_verified_prompts_all.jsonl | qwen235b_a22b_swev_osl32k_suffix_k8_pilot_lyris_tp4_fp8kv_r2_suffix_offset0_n2_isl4096_osl32768_bs1_k8_arctic_20260611,1,4096,32768,final,metrics,docs/lyris_qwen235b_suffix_metrics_20260612.csv,no,1,qwen235b_n2_isl4096_osl32768_suffix_k8
SWE,Qwen/Qwen3-235B-A22B,,suffix,8,suffix_k8,swebench_verified_prompts_all.jsonl | qwen235b_a22b_swev_osl64k_suffix_k8_pilot_lyris_tp4_fp8kv_suffix_offset0_n1_isl4096_osl65536_bs1_k8_arctic_20260612,1,4096,65536,final,metrics,docs/lyris_qwen235b_suffix_metrics_20260612.csv,no,1,qwen235b_n1_isl4096_osl65536_suffix_k8
SWE,Qwen/Qwen3-235B-A22B,,suffix,8,suffix_k8,swebench_verified_prompts_all.jsonl | qwen235b_a22b_swev_osl32k_suffix_k8_pilot_lyris_tp4_fp8kv_r2_suffix_offset0_n2_isl4096_osl32768_bs1_k8_arctic_20260611,1,4096,32768,final,metrics,docs/lyris_specdec_32k_metrics_20260612.csv,no,1,qwen235b_suffix_k8
SWE,Qwen/Qwen3-235B-A22B,,suffix,8,suffix_k8,qwen235b_n16_isl4096_osl1024_suffix_k8,1,4096,1024,manifest-only,manifest,docs/lyris_qwen235b_suffix_manifest_20260612.csv,no,1,qwen235b_n16_isl4096_osl1024_suffix_k8
SWE,Qwen/Qwen3-235B-A22B,,suffix,8,suffix_k8,qwen235b_n1_isl4096_osl65536_suffix_k8,1,4096,65536,manifest-only,manifest,docs/lyris_qwen235b_suffix_manifest_20260612.csv,no,1,qwen235b_n1_isl4096_osl65536_suffix_k8
SWE,Qwen/Qwen3-235B-A22B,,suffix,8,suffix_k8,qwen235b_n2_isl4096_osl32768_suffix_k8,1,4096,32768,manifest-only,manifest,docs/lyris_qwen235b_suffix_manifest_20260612.csv,no,1,qwen235b_n2_isl4096_osl32768_suffix_k8
SWE,Qwen/Qwen3-235B-A22B,,suffix,8,suffix_k8,qwen235b_n16_isl4096_osl1024_suffix_k8,1,4096,1024,manifest-only,status,docs/lyris_qwen235b_suffix_status_20260612.csv,no,1,qwen235b_n16_isl4096_osl1024_suffix_k8
SWE,Qwen/Qwen3-235B-A22B,,suffix,8,suffix_k8,qwen235b_n1_isl4096_osl65536_suffix_k8,1,4096,65536,manifest-only,status,docs/lyris_qwen235b_suffix_status_20260612.csv,no,1,qwen235b_n1_isl4096_osl65536_suffix_k8
SWE,Qwen/Qwen3-235B-A22B,,suffix,8,suffix_k8,qwen235b_n2_isl4096_osl32768_suffix_k8,1,4096,32768,manifest-only,status,docs/lyris_qwen235b_suffix_status_20260612.csv,no,1,qwen235b_n2_isl4096_osl32768_suffix_k8
SWE,Qwen/Qwen3-235B-A22B,,suffix,8,suffix_k8,qwen235b_suffix_k8,1,4096,32768,manifest-only,manifest,docs/lyris_specdec_32k_manifest_20260612.csv,no,1,qwen235b_suffix_k8
SWE,Qwen/Qwen3-235B-A22B,,suffix,8,suffix_k8,swebench_full_test_prompts_all.jsonl | qwen235b_a22b_swe_full_osl32k_bsweep_lyris_tp4_fp8kv_bs2_suffix_offset0_n2_isl4096_osl32768_bs2_k8_arctic_20260613,2,4096,32768,final,metrics,docs/lyris_qwen235b_standalone_fast_20260613_metrics.csv,yes_source_batch_only,1,full_osl32k_qwen235b_suffix_k8
SWE,Qwen/Qwen3-235B-A22B,,suffix,8,suffix_k8,swebench_verified_prompts_all.jsonl | qwen235b_a22b_swe_verified_osl32k_bsweep_lyris_tp4_fp8kv_bs2_suffix_offset0_n2_isl4096_osl32768_bs2_k8_arctic_20260613,2,4096,32768,final,metrics,docs/lyris_qwen235b_standalone_fast_20260613_metrics.csv,yes_source_batch_only,1,verified_osl32k_qwen235b_suffix_k8
SWE,Qwen/Qwen3-235B-A22B,,suffix,8,suffix_k8,swebench_verified_prompts_all.jsonl | qwen235b_a22b_swev_osl1k_lyris_tp4_fp8kv_suffix_k8_r2_suffix_offset0_n16_isl4096_osl1024_bs1_2_k8_arctic_20260611,2,4096,1024,final,metrics,docs/lyris_qwen235b_suffix_metrics_20260612.csv,no,1,qwen235b_n16_isl4096_osl1024_suffix_k8
SWE,Qwen/Qwen3-235B-A22B,,suffix_k8,8,suffix_k8,full | full_osl32k_qwen235b_suffix_k8,2,4096,32768,manifest-only,manifest,docs/lyris_qwen235b_standalone_fast_20260613_manifest.csv,no,1,full_osl32k_qwen235b_suffix_k8
SWE,Qwen/Qwen3-235B-A22B,,suffix_k8,8,suffix_k8,verified | verified_osl32k_qwen235b_suffix_k8,2,4096,32768,manifest-only,manifest,docs/lyris_qwen235b_standalone_fast_20260613_manifest.csv,no,1,verified_osl32k_qwen235b_suffix_k8
SWE,Qwen/Qwen3-235B-A22B,,suffix_k8,8,suffix_k8,full | full_osl32k_qwen235b_suffix_k8,2,4096,32768,manifest-only,status,docs/lyris_qwen235b_standalone_fast_20260613_status.csv,yes_source_batch_only,1,full_osl32k_qwen235b_suffix_k8
SWE,Qwen/Qwen3-235B-A22B,,suffix_k8,8,suffix_k8,verified | verified_osl32k_qwen235b_suffix_k8,2,4096,32768,manifest-only,status,docs/lyris_qwen235b_standalone_fast_20260613_status.csv,yes_source_batch_only,1,verified_osl32k_qwen235b_suffix_k8
SWE,Qwen/Qwen3-235B-A22B,,suffix,8,suffix_k8,qwen235b_n16_isl4096_osl1024_suffix_k8,2,4096,1024,manifest-only,manifest,docs/lyris_qwen235b_suffix_manifest_20260612.csv,no,1,qwen235b_n16_isl4096_osl1024_suffix_k8
SWE,Qwen/Qwen3-235B-A22B,,suffix,8,suffix_k8,qwen235b_n16_isl4096_osl1024_suffix_k8,2,4096,1024,manifest-only,status,docs/lyris_qwen235b_suffix_status_20260612.csv,no,1,qwen235b_n16_isl4096_osl1024_suffix_k8
SWE,Qwen/Qwen3-235B-A22B,,suffix_k8,8,suffix_k8,full | full_osl32k_qwen235b_suffix_k8,2,4096,32768,manifest-only,manifest,docs/lyris_qwen235b_swebench_osl32k_specdec_submit_manifest_20260613.csv,no,1,full_osl32k_qwen235b_suffix_k8
SWE,Qwen/Qwen3-235B-A22B,,suffix_k8,8,suffix_k8,verified | verified_osl32k_qwen235b_suffix_k8,2,4096,32768,manifest-only,manifest,docs/lyris_qwen235b_swebench_osl32k_specdec_submit_manifest_20260613.csv,no,1,verified_osl32k_qwen235b_suffix_k8
SWE,Qwen/Qwen3-235B-A22B,,suffix,8,suffix_k8,swebench_full_test_prompts_all.jsonl | qwen235b_a22b_swe_full_osl32k_bsweep_lyris_tp4_fp8kv_bs4_suffix_offset0_n4_isl4096_osl32768_bs4_k8_arctic_20260613,4,4096,32768,final,metrics,docs/lyris_qwen235b_standalone_fast_20260613_metrics.csv,no,1,full_osl32k_qwen235b_suffix_k8
SWE,Qwen/Qwen3-235B-A22B,,suffix,8,suffix_k8,swebench_verified_prompts_all.jsonl | qwen235b_a22b_swe_verified_osl32k_bsweep_lyris_tp4_fp8kv_bs4_suffix_offset0_n4_isl4096_osl32768_bs4_k8_arctic_20260613,4,4096,32768,final,metrics,docs/lyris_qwen235b_standalone_fast_20260613_metrics.csv,no,1,verified_osl32k_qwen235b_suffix_k8
SWE,Qwen/Qwen3-235B-A22B,,suffix_k8,8,suffix_k8,full | full_osl32k_qwen235b_suffix_k8,4,4096,32768,manifest-only,manifest,docs/lyris_qwen235b_standalone_fast_20260613_manifest.csv,no,1,full_osl32k_qwen235b_suffix_k8
SWE,Qwen/Qwen3-235B-A22B,,suffix_k8,8,suffix_k8,verified | verified_osl32k_qwen235b_suffix_k8,4,4096,32768,manifest-only,manifest,docs/lyris_qwen235b_standalone_fast_20260613_manifest.csv,no,1,verified_osl32k_qwen235b_suffix_k8
SWE,Qwen/Qwen3-235B-A22B,,suffix_k8,8,suffix_k8,full | full_osl32k_qwen235b_suffix_k8,4,4096,32768,manifest-only,status,docs/lyris_qwen235b_standalone_fast_20260613_status.csv,no,1,full_osl32k_qwen235b_suffix_k8
SWE,Qwen/Qwen3-235B-A22B,,suffix_k8,8,suffix_k8,verified | verified_osl32k_qwen235b_suffix_k8,4,4096,32768,manifest-only,status,docs/lyris_qwen235b_standalone_fast_20260613_status.csv,no,1,verified_osl32k_qwen235b_suffix_k8
SWE,Qwen/Qwen3-235B-A22B,,suffix_k8,8,suffix_k8,full | full_osl32k_qwen235b_suffix_k8,4,4096,32768,manifest-only,manifest,docs/lyris_qwen235b_swebench_osl32k_specdec_submit_manifest_20260613.csv,no,1,full_osl32k_qwen235b_suffix_k8
SWE,Qwen/Qwen3-235B-A22B,,suffix_k8,8,suffix_k8,verified | verified_osl32k_qwen235b_suffix_k8,4,4096,32768,manifest-only,manifest,docs/lyris_qwen235b_swebench_osl32k_specdec_submit_manifest_20260613.csv,no,1,verified_osl32k_qwen235b_suffix_k8
SWE,Qwen/Qwen3-235B-A22B,,suffix,8,suffix_k8,swebench_full_test_prompts_all.jsonl | qwen235b_a22b_swe_full_osl32k_bsweep_lyris_tp4_fp8kv_bs8_suffix_offset0_n8_isl4096_osl32768_bs8_k8_arctic_20260613,8,4096,32768,final,metrics,docs/lyris_qwen235b_standalone_fast_20260613_metrics.csv,no,1,full_osl32k_qwen235b_suffix_k8
SWE,Qwen/Qwen3-235B-A22B,,suffix,8,suffix_k8,swebench_verified_prompts_all.jsonl | qwen235b_a22b_swe_verified_osl32k_bsweep_lyris_tp4_fp8kv_bs8_suffix_offset0_n8_isl4096_osl32768_bs8_k8_arctic_20260613,8,4096,32768,final,metrics,docs/lyris_qwen235b_standalone_fast_20260613_metrics.csv,no,1,verified_osl32k_qwen235b_suffix_k8
SWE,Qwen/Qwen3-235B-A22B,,suffix_k8,8,suffix_k8,full | full_osl32k_qwen235b_suffix_k8,8,4096,32768,manifest-only,manifest,docs/lyris_qwen235b_standalone_fast_20260613_manifest.csv,no,1,full_osl32k_qwen235b_suffix_k8
SWE,Qwen/Qwen3-235B-A22B,,suffix_k8,8,suffix_k8,verified | verified_osl32k_qwen235b_suffix_k8,8,4096,32768,manifest-only,manifest,docs/lyris_qwen235b_standalone_fast_20260613_manifest.csv,no,1,verified_osl32k_qwen235b_suffix_k8
SWE,Qwen/Qwen3-235B-A22B,,suffix_k8,8,suffix_k8,full | full_osl32k_qwen235b_suffix_k8,8,4096,32768,manifest-only,status,docs/lyris_qwen235b_standalone_fast_20260613_status.csv,no,1,full_osl32k_qwen235b_suffix_k8
SWE,Qwen/Qwen3-235B-A22B,,suffix_k8,8,suffix_k8,verified | verified_osl32k_qwen235b_suffix_k8,8,4096,32768,manifest-only,status,docs/lyris_qwen235b_standalone_fast_20260613_status.csv,no,1,verified_osl32k_qwen235b_suffix_k8
SWE,Qwen/Qwen3-235B-A22B,,suffix_k8,8,suffix_k8,full | full_osl32k_qwen235b_suffix_k8,8,4096,32768,manifest-only,manifest,docs/lyris_qwen235b_swebench_osl32k_specdec_submit_manifest_20260613.csv,no,1,full_osl32k_qwen235b_suffix_k8
SWE,Qwen/Qwen3-235B-A22B,,suffix_k8,8,suffix_k8,verified | verified_osl32k_qwen235b_suffix_k8,8,4096,32768,manifest-only,manifest,docs/lyris_qwen235b_swebench_osl32k_specdec_submit_manifest_20260613.csv,no,1,verified_osl32k_qwen235b_suffix_k8
SWE,Qwen/Qwen3-235B-A22B,,suffix,8,suffix_k8,swebench_full_test_prompts_all.jsonl | qwen235b_a22b_swe_full_osl32k_bsweep_lyris_tp4_fp8kv_bs16_suffix_offset0_n16_isl4096_osl32768_bs16_k8_arctic_20260613,16,4096,32768,final,metrics,docs/lyris_qwen235b_standalone_fast_20260613_metrics.csv,no,1,full_osl32k_qwen235b_suffix_k8
SWE,Qwen/Qwen3-235B-A22B,,suffix,8,suffix_k8,swebench_verified_prompts_all.jsonl | qwen235b_a22b_swe_verified_osl32k_bsweep_lyris_tp4_fp8kv_bs16_suffix_offset0_n16_isl4096_osl32768_bs16_k8_arctic_20260613,16,4096,32768,final,metrics,docs/lyris_qwen235b_standalone_fast_20260613_metrics.csv,no,1,verified_osl32k_qwen235b_suffix_k8
SWE,Qwen/Qwen3-235B-A22B,,suffix_k8,8,suffix_k8,full | full_osl32k_qwen235b_suffix_k8,16,4096,32768,manifest-only,manifest,docs/lyris_qwen235b_standalone_fast_20260613_manifest.csv,no,1,full_osl32k_qwen235b_suffix_k8
SWE,Qwen/Qwen3-235B-A22B,,suffix_k8,8,suffix_k8,verified | verified_osl32k_qwen235b_suffix_k8,16,4096,32768,manifest-only,manifest,docs/lyris_qwen235b_standalone_fast_20260613_manifest.csv,no,1,verified_osl32k_qwen235b_suffix_k8
SWE,Qwen/Qwen3-235B-A22B,,suffix_k8,8,suffix_k8,full | full_osl32k_qwen235b_suffix_k8,16,4096,32768,manifest-only,status,docs/lyris_qwen235b_standalone_fast_20260613_status.csv,no,1,full_osl32k_qwen235b_suffix_k8
SWE,Qwen/Qwen3-235B-A22B,,suffix_k8,8,suffix_k8,verified | verified_osl32k_qwen235b_suffix_k8,16,4096,32768,manifest-only,status,docs/lyris_qwen235b_standalone_fast_20260613_status.csv,no,1,verified_osl32k_qwen235b_suffix_k8
SWE,Qwen/Qwen3-235B-A22B,,suffix_k8,8,suffix_k8,full | full_osl32k_qwen235b_suffix_k8,16,4096,32768,manifest-only,manifest,docs/lyris_qwen235b_swebench_osl32k_specdec_submit_manifest_20260613.csv,no,1,full_osl32k_qwen235b_suffix_k8
SWE,Qwen/Qwen3-235B-A22B,,suffix_k8,8,suffix_k8,verified | verified_osl32k_qwen235b_suffix_k8,16,4096,32768,manifest-only,manifest,docs/lyris_qwen235b_swebench_osl32k_specdec_submit_manifest_20260613.csv,no,1,verified_osl32k_qwen235b_suffix_k8
SWE,Qwen/Qwen3-235B-A22B,,suffix,8,suffix_k8,swebench_full_test_prompts_all.jsonl | qwen235b_a22b_swe_full_osl32k_bsweep_lyris_tp4_fp8kv_bs32_suffix_offset0_n32_isl4096_osl32768_bs32_k8_arctic_20260613,32,4096,32768,final,metrics,docs/lyris_qwen235b_standalone_fast_20260613_metrics.csv,no,1,full_osl32k_qwen235b_suffix_k8
SWE,Qwen/Qwen3-235B-A22B,,suffix,8,suffix_k8,swebench_verified_prompts_all.jsonl | qwen235b_a22b_swe_verified_osl32k_bsweep_lyris_tp4_fp8kv_bs32_suffix_offset0_n32_isl4096_osl32768_bs32_k8_arctic_20260613,32,4096,32768,final,metrics,docs/lyris_qwen235b_standalone_fast_20260613_metrics.csv,no,1,verified_osl32k_qwen235b_suffix_k8
SWE,Qwen/Qwen3-235B-A22B,,suffix_k8,8,suffix_k8,full | full_osl32k_qwen235b_suffix_k8,32,4096,32768,manifest-only,manifest,docs/lyris_qwen235b_standalone_fast_20260613_manifest.csv,no,1,full_osl32k_qwen235b_suffix_k8
SWE,Qwen/Qwen3-235B-A22B,,suffix_k8,8,suffix_k8,verified | verified_osl32k_qwen235b_suffix_k8,32,4096,32768,manifest-only,manifest,docs/lyris_qwen235b_standalone_fast_20260613_manifest.csv,no,1,verified_osl32k_qwen235b_suffix_k8
SWE,Qwen/Qwen3-235B-A22B,,suffix_k8,8,suffix_k8,full | full_osl32k_qwen235b_suffix_k8,32,4096,32768,manifest-only,status,docs/lyris_qwen235b_standalone_fast_20260613_status.csv,no,1,full_osl32k_qwen235b_suffix_k8
SWE,Qwen/Qwen3-235B-A22B,,suffix_k8,8,suffix_k8,verified | verified_osl32k_qwen235b_suffix_k8,32,4096,32768,manifest-only,status,docs/lyris_qwen235b_standalone_fast_20260613_status.csv,no,1,verified_osl32k_qwen235b_suffix_k8
SWE,Qwen/Qwen3-235B-A22B,,suffix_k8,8,suffix_k8,full | full_osl32k_qwen235b_suffix_k8,32,4096,32768,manifest-only,manifest,docs/lyris_qwen235b_swebench_osl32k_specdec_submit_manifest_20260613.csv,no,1,full_osl32k_qwen235b_suffix_k8
SWE,Qwen/Qwen3-235B-A22B,,suffix_k8,8,suffix_k8,verified | verified_osl32k_qwen235b_suffix_k8,32,4096,32768,manifest-only,manifest,docs/lyris_qwen235b_swebench_osl32k_specdec_submit_manifest_20260613.csv,no,1,verified_osl32k_qwen235b_suffix_k8
SWE,Qwen/Qwen3-235B-A22B,0.0,baseline,,baseline,unknown | unknown_osl32k_qwen235b_t00_baseline,1,4096,32768,failed,status,docs/lyris_swebench_osl32k_temp01_core_matrix_20260616_partial_status.csv,no,2,unknown_osl32k_qwen235b_t00_baseline
SWE,Qwen/Qwen3-235B-A22B,0.0,baseline,,baseline,,1,4096,32768,failed,status,docs/lyris_swebench_osl32k_temp01_core_matrix_20260616_status_live.csv,yes_row,2,2136598; 2133873
SWE,Qwen/Qwen3-235B-A22B,0.0,baseline,,baseline,unknown | unknown_osl32k_qwen235b_baseline,1,4096,32768,manifest-only,manifest,docs/lyris_swebench_osl32k_temp01_core_matrix_20260616_manifest.csv,yes_row,1,unknown_osl32k_qwen235b_baseline
SWE,Qwen/Qwen3-235B-A22B,0.0,baseline,,baseline,unknown | unknown_osl32k_qwen235b_t00_baseline,1,4096,32768,manifest-only,manifest,docs/lyris_swebench_osl32k_temp01_core_matrix_20260616_partial_manifest.csv,no,3,unknown_osl32k_qwen235b_t00_baseline
SWE,Qwen/Qwen3-235B-A22B,0.0,baseline,,baseline,unknown | unknown_osl32k_qwen235b_t00_baseline,1,4096,32768,manifest-only,status,docs/lyris_swebench_osl32k_temp01_core_matrix_20260616_partial_status.csv,no,1,unknown_osl32k_qwen235b_t00_baseline
SWE,Qwen/Qwen3-235B-A22B,0.0,baseline,,baseline,,1,4096,32768,manifest-only,status,docs/lyris_swebench_osl32k_temp01_core_matrix_20260616_status_live.csv,yes_row,1,2138631
SWE,Qwen/Qwen3-235B-A22B,0.0,baseline,0,baseline,swebench_verified_prompts_all.jsonl | qwen235b_swe_verified_osl32k_temp01_baseline_offset0_n1_isl4096_osl32768_bs1_20260616_swe_temp01_core_home_mount_qwen235b_bs1_n1_t00,1,4096,32768,partial,metrics,docs/lyris_swebench_osl32k_temp01_core_matrix_20260616_metrics_live.csv,yes_source_batch_only,1,swe_t00_qwen235b_baseline_bs1_j2138631
SWE,Qwen/Qwen3-235B-A22B,0.0,baseline,,baseline,swebench_verified_prompts_all.jsonl | qwen235b_swe_verified_osl32k_temp01_baseline_offset0_n1_isl4096_osl32768_bs1_20260616_swe_temp01_core_home_mount_qwen235b_bs1_n1_t00,1,4096,32768,partial,metrics,docs/lyris_swebench_osl32k_temp01_core_matrix_20260616_partial_metrics.csv,no,1,unknown_osl32k_qwen235b_t00_baseline
SWE,Qwen/Qwen3-235B-A22B,0.0,baseline,,baseline,unknown | unknown_osl32k_qwen235b_baseline,1,4096,32768,partial,status,docs/lyris_swebench_osl32k_temp01_core_matrix_20260616_status.csv,no,1,unknown_osl32k_qwen235b_baseline
SWE,Qwen/Qwen3-235B-A22B,0.0,baseline,,baseline,unknown | unknown_osl32k_qwen235b_t00_baseline,2,4096,32768,failed,status,docs/lyris_swebench_osl32k_temp01_core_matrix_20260616_partial_status.csv,no,1,unknown_osl32k_qwen235b_t00_baseline
SWE,Qwen/Qwen3-235B-A22B,0.0,baseline,,baseline,,2,4096,32768,failed,status,docs/lyris_swebench_osl32k_temp01_core_matrix_20260616_status_live.csv,yes_row,1,2133873
SWE,Qwen/Qwen3-235B-A22B,0.0,baseline,,baseline,unknown | unknown_osl32k_qwen235b_baseline,2,4096,32768,manifest-only,manifest,docs/lyris_swebench_osl32k_temp01_core_matrix_20260616_manifest.csv,yes_row,1,unknown_osl32k_qwen235b_baseline
SWE,Qwen/Qwen3-235B-A22B,0.0,baseline,,baseline,unknown | unknown_osl32k_qwen235b_t00_baseline,2,4096,32768,manifest-only,manifest,docs/lyris_swebench_osl32k_temp01_core_matrix_20260616_partial_manifest.csv,no,2,unknown_osl32k_qwen235b_t00_baseline
SWE,Qwen/Qwen3-235B-A22B,0.0,baseline,,baseline,unknown | unknown_osl32k_qwen235b_t00_baseline,2,4096,32768,manifest-only,status,docs/lyris_swebench_osl32k_temp01_core_matrix_20260616_partial_status.csv,no,1,unknown_osl32k_qwen235b_t00_baseline
SWE,Qwen/Qwen3-235B-A22B,0.0,baseline,,baseline,,2,4096,32768,manifest-only,status,docs/lyris_swebench_osl32k_temp01_core_matrix_20260616_status_live.csv,yes_row,1,2136599
SWE,Qwen/Qwen3-235B-A22B,0.0,baseline,0,baseline,swebench_verified_prompts_all.jsonl | qwen235b_swe_verified_osl32k_temp01_baseline_offset0_n4_isl4096_osl32768_bs2_20260616_swe_temp01_core_home_mount_qwen235b_baseline_bs2_qwen235b_t00,2,4096,32768,partial,metrics,docs/lyris_swebench_osl32k_temp01_core_matrix_20260616_metrics_live.csv,yes_source_batch_only,1,swe_t00_qwen235b_baseline_bs2_j2136599
SWE,Qwen/Qwen3-235B-A22B,0.0,baseline,,baseline,swebench_verified_prompts_all.jsonl | qwen235b_swe_verified_osl32k_temp01_baseline_offset0_n4_isl4096_osl32768_bs2_20260616_swe_temp01_core_home_mount_qwen235b_baseline_bs2_qwen235b_t00,2,4096,32768,partial,metrics,docs/lyris_swebench_osl32k_temp01_core_matrix_20260616_partial_metrics.csv,no,1,unknown_osl32k_qwen235b_t00_baseline
SWE,Qwen/Qwen3-235B-A22B,0.0,baseline,,baseline,unknown | unknown_osl32k_qwen235b_baseline,2,4096,32768,partial,status,docs/lyris_swebench_osl32k_temp01_core_matrix_20260616_status.csv,no,1,unknown_osl32k_qwen235b_baseline
SWE,Qwen/Qwen3-235B-A22B,0.0,eagle3,,eagle3,,1,4096,32768,failed,status,docs/lyris_swebench_osl32k_temp01_core_matrix_20260616_status_live.csv,yes_source_batch_only,3,2135586; 2135725; 2133875
SWE,Qwen/Qwen3-235B-A22B,0.0,eagle3,,eagle3,,1,4096,32768,manifest-only,status,docs/lyris_swebench_osl32k_temp01_core_matrix_20260616_status_live.csv,yes_source_batch_only,2,2138633; 2135970
SWE,Qwen/Qwen3-235B-A22B,0.0,eagle3,,eagle3,,2,4096,32768,failed,status,docs/lyris_swebench_osl32k_temp01_core_matrix_20260616_status_live.csv,yes_source_batch_only,3,2135586; 2135725; 2133875
SWE,Qwen/Qwen3-235B-A22B,0.0,eagle3,,eagle3,,2,4096,32768,manifest-only,status,docs/lyris_swebench_osl32k_temp01_core_matrix_20260616_status_live.csv,yes_source_batch_only,1,2135970
SWE,Qwen/Qwen3-235B-A22B,0.0,eagle3,3,eagle3_k3,unknown | unknown_osl32k_qwen235b_t00_eagle3_k3,1,4096,32768,failed,status,docs/lyris_swebench_osl32k_temp01_core_matrix_20260616_partial_status.csv,no,3,unknown_osl32k_qwen235b_t00_eagle3_k3
SWE,Qwen/Qwen3-235B-A22B,0.0,eagle3,3,eagle3_k3,swebench_verified_prompts_all.jsonl | qwen235b_swe_verified_osl32k_temp01_eagle3_offset0_n1_isl4096_osl32768_bs1_k3_20260616_swe_temp01_core_home_mount_qwen235b_bs1_n1_t00,1,4096,32768,final,metrics,docs/lyris_swebench_osl32k_temp01_core_matrix_20260616_metrics_live.csv,yes_row,1,swe_t00_qwen235b_eagle3_k3_bs1_j2138633
SWE,Qwen/Qwen3-235B-A22B,0.0,eagle3,3,eagle3_k3,swebench_verified_prompts_all.jsonl | qwen235b_swe_verified_osl32k_temp01_eagle3_offset0_n4_isl4096_osl32768_bs1_2_k3_20260616_swe_temp01_core_home_retry2_qwen235b_t00,1,4096,32768,final,metrics,docs/lyris_swebench_osl32k_temp01_core_matrix_20260616_metrics_live.csv,yes_row,1,swe_t00_qwen235b_eagle3_k3_bs1_j2135970
SWE,Qwen/Qwen3-235B-A22B,0.0,eagle3,3,eagle3_k3,unknown | unknown_osl32k_qwen235b_eagle3_k3,1,4096,32768,manifest-only,manifest,docs/lyris_swebench_osl32k_temp01_core_matrix_20260616_manifest.csv,yes_row,1,unknown_osl32k_qwen235b_eagle3_k3
SWE,Qwen/Qwen3-235B-A22B,0.0,eagle3,3,eagle3_k3,unknown | unknown_osl32k_qwen235b_t00_eagle3_k3,1,4096,32768,manifest-only,manifest,docs/lyris_swebench_osl32k_temp01_core_matrix_20260616_partial_manifest.csv,no,5,unknown_osl32k_qwen235b_t00_eagle3_k3
SWE,Qwen/Qwen3-235B-A22B,0.0,eagle3,3,eagle3_k3,unknown | unknown_osl32k_qwen235b_t00_eagle3_k3,1,4096,32768,manifest-only,status,docs/lyris_swebench_osl32k_temp01_core_matrix_20260616_partial_status.csv,no,2,unknown_osl32k_qwen235b_t00_eagle3_k3
SWE,Qwen/Qwen3-235B-A22B,0.0,eagle3,3,eagle3_k3,swebench_verified_prompts_all.jsonl | qwen235b_swe_verified_osl32k_temp01_eagle3_offset0_n1_isl4096_osl32768_bs1_k3_20260616_swe_temp01_core_home_mount_qwen235b_bs1_n1_t00,1,4096,32768,partial,metrics,docs/lyris_swebench_osl32k_temp01_core_matrix_20260616_partial_metrics.csv,no,1,unknown_osl32k_qwen235b_t00_eagle3_k3
SWE,Qwen/Qwen3-235B-A22B,0.0,eagle3,3,eagle3_k3,swebench_verified_prompts_all.jsonl | qwen235b_swe_verified_osl32k_temp01_eagle3_offset0_n4_isl4096_osl32768_bs1_2_k3_20260616_swe_temp01_core_home_retry2_qwen235b_t00,1,4096,32768,partial,metrics,docs/lyris_swebench_osl32k_temp01_core_matrix_20260616_partial_metrics.csv,no,3,unknown_osl32k_qwen235b_t00_eagle3_k3
SWE,Qwen/Qwen3-235B-A22B,0.0,eagle3,3,eagle3_k3,unknown | unknown_osl32k_qwen235b_eagle3_k3,1,4096,32768,partial,status,docs/lyris_swebench_osl32k_temp01_core_matrix_20260616_status.csv,no,1,unknown_osl32k_qwen235b_eagle3_k3
SWE,Qwen/Qwen3-235B-A22B,0.0,eagle3,3,eagle3_k3,unknown | unknown_osl32k_qwen235b_t00_eagle3_k3,2,4096,32768,failed,status,docs/lyris_swebench_osl32k_temp01_core_matrix_20260616_partial_status.csv,no,3,unknown_osl32k_qwen235b_t00_eagle3_k3
SWE,Qwen/Qwen3-235B-A22B,0.0,eagle3,3,eagle3_k3,swebench_verified_prompts_all.jsonl | qwen235b_swe_verified_osl32k_temp01_eagle3_offset0_n4_isl4096_osl32768_bs1_2_k3_20260616_swe_temp01_core_home_retry2_qwen235b_t00,2,4096,32768,final,metrics,docs/lyris_swebench_osl32k_temp01_core_matrix_20260616_metrics_live.csv,yes_row,1,swe_t00_qwen235b_eagle3_k3_bs2_j2135970
SWE,Qwen/Qwen3-235B-A22B,0.0,eagle3,3,eagle3_k3,unknown | unknown_osl32k_qwen235b_eagle3_k3,2,4096,32768,manifest-only,manifest,docs/lyris_swebench_osl32k_temp01_core_matrix_20260616_manifest.csv,yes_row,1,unknown_osl32k_qwen235b_eagle3_k3
SWE,Qwen/Qwen3-235B-A22B,0.0,eagle3,3,eagle3_k3,unknown | unknown_osl32k_qwen235b_t00_eagle3_k3,2,4096,32768,manifest-only,manifest,docs/lyris_swebench_osl32k_temp01_core_matrix_20260616_partial_manifest.csv,no,4,unknown_osl32k_qwen235b_t00_eagle3_k3
SWE,Qwen/Qwen3-235B-A22B,0.0,eagle3,3,eagle3_k3,unknown | unknown_osl32k_qwen235b_t00_eagle3_k3,2,4096,32768,manifest-only,status,docs/lyris_swebench_osl32k_temp01_core_matrix_20260616_partial_status.csv,no,1,unknown_osl32k_qwen235b_t00_eagle3_k3
SWE,Qwen/Qwen3-235B-A22B,0.0,eagle3,3,eagle3_k3,swebench_verified_prompts_all.jsonl | qwen235b_swe_verified_osl32k_temp01_eagle3_offset0_n4_isl4096_osl32768_bs1_2_k3_20260616_swe_temp01_core_home_retry2_qwen235b_t00,2,4096,32768,partial,metrics,docs/lyris_swebench_osl32k_temp01_core_matrix_20260616_partial_metrics.csv,no,3,unknown_osl32k_qwen235b_t00_eagle3_k3
SWE,Qwen/Qwen3-235B-A22B,0.0,eagle3,3,eagle3_k3,unknown | unknown_osl32k_qwen235b_eagle3_k3,2,4096,32768,partial,status,docs/lyris_swebench_osl32k_temp01_core_matrix_20260616_status.csv,no,1,unknown_osl32k_qwen235b_eagle3_k3
SWE,Qwen/Qwen3-235B-A22B,0.0,suffix,,suffix,,1,4096,32768,failed,status,docs/lyris_swebench_osl32k_temp01_core_matrix_20260616_status_live.csv,yes_source_batch_only,1,2133874
SWE,Qwen/Qwen3-235B-A22B,0.0,suffix,,suffix,,1,4096,32768,manifest-only,status,docs/lyris_swebench_osl32k_temp01_core_matrix_20260616_status_live.csv,yes_source_batch_only,2,2138639; 2133931
SWE,Qwen/Qwen3-235B-A22B,0.0,suffix,,suffix,,2,4096,32768,failed,status,docs/lyris_swebench_osl32k_temp01_core_matrix_20260616_status_live.csv,yes_source_batch_only,1,2133874
SWE,Qwen/Qwen3-235B-A22B,0.0,suffix,,suffix,,2,4096,32768,manifest-only,status,docs/lyris_swebench_osl32k_temp01_core_matrix_20260616_status_live.csv,yes_source_batch_only,1,2133931
SWE,Qwen/Qwen3-235B-A22B,0.0,suffix,32,suffix_k32,unknown | unknown_osl32k_qwen235b_t00_suffix_k32,1,4096,32768,failed,status,docs/lyris_swebench_osl32k_temp01_core_matrix_20260616_partial_status.csv,no,1,unknown_osl32k_qwen235b_t00_suffix_k32
SWE,Qwen/Qwen3-235B-A22B,0.0,suffix,32,suffix_k32,unknown | unknown_osl32k_qwen235b_suffix_k32,1,4096,32768,failed,status,docs/lyris_swebench_osl32k_temp01_core_matrix_20260616_status.csv,no,1,unknown_osl32k_qwen235b_suffix_k32
SWE,Qwen/Qwen3-235B-A22B,0.0,suffix,32,suffix_k32,swebench_verified_prompts_all.jsonl | qwen235b_swe_verified_osl32k_temp01_suffix_offset0_n4_isl4096_osl32768_bs1_2_k32_arctic_20260616_swe_temp01_core_home_retry_qwen235b_t00,1,4096,32768,final,metrics,docs/lyris_swebench_osl32k_temp01_core_matrix_20260616_metrics.csv,no,1,unknown_osl32k_qwen235b_suffix_k32
SWE,Qwen/Qwen3-235B-A22B,0.0,suffix,32,suffix_k32,swebench_verified_prompts_all.jsonl | qwen235b_swe_verified_osl32k_temp01_suffix_offset0_n1_isl4096_osl32768_bs1_k32_20260616_swe_temp01_core_home_mount_qwen235b_bs1_n1_t00,1,4096,32768,final,metrics,docs/lyris_swebench_osl32k_temp01_core_matrix_20260616_metrics_live.csv,yes_row,1,swe_t00_qwen235b_suffix_k32_bs1_j2138639
SWE,Qwen/Qwen3-235B-A22B,0.0,suffix,32,suffix_k32,swebench_verified_prompts_all.jsonl | qwen235b_swe_verified_osl32k_temp01_suffix_offset0_n4_isl4096_osl32768_bs1_2_k32_arctic_20260616_swe_temp01_core_home_retry_qwen235b_t00,1,4096,32768,final,metrics,docs/lyris_swebench_osl32k_temp01_core_matrix_20260616_metrics_live.csv,yes_row,1,swe_t00_qwen235b_suffix_k32_bs1_j2133931
SWE,Qwen/Qwen3-235B-A22B,0.0,suffix,32,suffix_k32,swebench_verified_prompts_all.jsonl | qwen235b_swe_verified_osl32k_temp01_suffix_offset0_n4_isl4096_osl32768_bs1_2_k32_arctic_20260616_swe_temp01_core_home_retry_qwen235b_t00,1,4096,32768,final,metrics,docs/lyris_swebench_osl32k_temp01_home_retry_metrics_live_20260616.csv,no,1,qwen235b_swe_verified_osl32k_temp01_suffix_offset0_n4_isl4096_osl32768_bs1_2_k32_arctic_20260616_swe_temp01_core_home_retry_qwen235b_t00
SWE,Qwen/Qwen3-235B-A22B,0.0,suffix,32,suffix_k32,unknown | unknown_osl32k_qwen235b_suffix_k32,1,4096,32768,manifest-only,manifest,docs/lyris_swebench_osl32k_temp01_core_matrix_20260616_manifest.csv,yes_row,2,unknown_osl32k_qwen235b_suffix_k32
SWE,Qwen/Qwen3-235B-A22B,0.0,suffix,32,suffix_k32,unknown | unknown_osl32k_qwen235b_t00_suffix_k32,1,4096,32768,manifest-only,manifest,docs/lyris_swebench_osl32k_temp01_core_matrix_20260616_partial_manifest.csv,no,3,unknown_osl32k_qwen235b_t00_suffix_k32
SWE,Qwen/Qwen3-235B-A22B,0.0,suffix,32,suffix_k32,unknown | unknown_osl32k_qwen235b_t00_suffix_k32,1,4096,32768,manifest-only,status,docs/lyris_swebench_osl32k_temp01_core_matrix_20260616_partial_status.csv,no,2,unknown_osl32k_qwen235b_t00_suffix_k32
SWE,Qwen/Qwen3-235B-A22B,0.0,suffix,32,suffix_k32,unknown | unknown_osl32k_qwen235b_suffix_k32,1,4096,32768,manifest-only,status,docs/lyris_swebench_osl32k_temp01_core_matrix_20260616_status.csv,no,1,unknown_osl32k_qwen235b_suffix_k32
SWE,Qwen/Qwen3-235B-A22B,0.0,suffix,32,suffix_k32,swebench_verified_prompts_all.jsonl | qwen235b_swe_verified_osl32k_temp01_suffix_offset0_n1_isl4096_osl32768_bs1_k32_20260616_swe_temp01_core_home_mount_qwen235b_bs1_n1_t00,1,4096,32768,partial,metrics,docs/lyris_swebench_osl32k_temp01_core_matrix_20260616_partial_metrics.csv,no,1,unknown_osl32k_qwen235b_t00_suffix_k32
SWE,Qwen/Qwen3-235B-A22B,0.0,suffix,32,suffix_k32,swebench_verified_prompts_all.jsonl | qwen235b_swe_verified_osl32k_temp01_suffix_offset0_n4_isl4096_osl32768_bs1_2_k32_arctic_20260616_swe_temp01_core_home_retry_qwen235b_t00,1,4096,32768,partial,metrics,docs/lyris_swebench_osl32k_temp01_core_matrix_20260616_partial_metrics.csv,no,1,unknown_osl32k_qwen235b_t00_suffix_k32
SWE,Qwen/Qwen3-235B-A22B,0.0,suffix,32,suffix_k32,unknown | unknown_osl32k_qwen235b_t00_suffix_k32,2,4096,32768,failed,status,docs/lyris_swebench_osl32k_temp01_core_matrix_20260616_partial_status.csv,no,1,unknown_osl32k_qwen235b_t00_suffix_k32
SWE,Qwen/Qwen3-235B-A22B,0.0,suffix,32,suffix_k32,unknown | unknown_osl32k_qwen235b_suffix_k32,2,4096,32768,failed,status,docs/lyris_swebench_osl32k_temp01_core_matrix_20260616_status.csv,no,1,unknown_osl32k_qwen235b_suffix_k32
SWE,Qwen/Qwen3-235B-A22B,0.0,suffix,32,suffix_k32,swebench_verified_prompts_all.jsonl | qwen235b_swe_verified_osl32k_temp01_suffix_offset0_n4_isl4096_osl32768_bs1_2_k32_arctic_20260616_swe_temp01_core_home_retry_qwen235b_t00,2,4096,32768,final,metrics,docs/lyris_swebench_osl32k_temp01_core_matrix_20260616_metrics.csv,no,1,unknown_osl32k_qwen235b_suffix_k32
SWE,Qwen/Qwen3-235B-A22B,0.0,suffix,32,suffix_k32,swebench_verified_prompts_all.jsonl | qwen235b_swe_verified_osl32k_temp01_suffix_offset0_n4_isl4096_osl32768_bs1_2_k32_arctic_20260616_swe_temp01_core_home_retry_qwen235b_t00,2,4096,32768,final,metrics,docs/lyris_swebench_osl32k_temp01_core_matrix_20260616_metrics_live.csv,yes_row,1,swe_t00_qwen235b_suffix_k32_bs2_j2133931
SWE,Qwen/Qwen3-235B-A22B,0.0,suffix,32,suffix_k32,swebench_verified_prompts_all.jsonl | qwen235b_swe_verified_osl32k_temp01_suffix_offset0_n4_isl4096_osl32768_bs1_2_k32_arctic_20260616_swe_temp01_core_home_retry_qwen235b_t00,2,4096,32768,final,metrics,docs/lyris_swebench_osl32k_temp01_home_retry_metrics_live_20260616.csv,no,1,qwen235b_swe_verified_osl32k_temp01_suffix_offset0_n4_isl4096_osl32768_bs1_2_k32_arctic_20260616_swe_temp01_core_home_retry_qwen235b_t00
SWE,Qwen/Qwen3-235B-A22B,0.0,suffix,32,suffix_k32,unknown | unknown_osl32k_qwen235b_suffix_k32,2,4096,32768,manifest-only,manifest,docs/lyris_swebench_osl32k_temp01_core_matrix_20260616_manifest.csv,yes_row,2,unknown_osl32k_qwen235b_suffix_k32
SWE,Qwen/Qwen3-235B-A22B,0.0,suffix,32,suffix_k32,unknown | unknown_osl32k_qwen235b_t00_suffix_k32,2,4096,32768,manifest-only,manifest,docs/lyris_swebench_osl32k_temp01_core_matrix_20260616_partial_manifest.csv,no,2,unknown_osl32k_qwen235b_t00_suffix_k32
SWE,Qwen/Qwen3-235B-A22B,0.0,suffix,32,suffix_k32,unknown | unknown_osl32k_qwen235b_t00_suffix_k32,2,4096,32768,manifest-only,status,docs/lyris_swebench_osl32k_temp01_core_matrix_20260616_partial_status.csv,no,1,unknown_osl32k_qwen235b_t00_suffix_k32
SWE,Qwen/Qwen3-235B-A22B,0.0,suffix,32,suffix_k32,unknown | unknown_osl32k_qwen235b_suffix_k32,2,4096,32768,manifest-only,status,docs/lyris_swebench_osl32k_temp01_core_matrix_20260616_status.csv,no,1,unknown_osl32k_qwen235b_suffix_k32
SWE,Qwen/Qwen3-235B-A22B,0.0,suffix,32,suffix_k32,swebench_verified_prompts_all.jsonl | qwen235b_swe_verified_osl32k_temp01_suffix_offset0_n4_isl4096_osl32768_bs1_2_k32_arctic_20260616_swe_temp01_core_home_retry_qwen235b_t00,2,4096,32768,partial,metrics,docs/lyris_swebench_osl32k_temp01_core_matrix_20260616_partial_metrics.csv,no,1,unknown_osl32k_qwen235b_t00_suffix_k32
SWE,Qwen/Qwen3-235B-A22B,1.0,baseline,,baseline,unknown | unknown_osl32k_qwen235b_t10_baseline,1,4096,32768,failed,status,docs/lyris_swebench_osl32k_temp01_core_matrix_20260616_partial_status.csv,no,3,unknown_osl32k_qwen235b_t10_baseline
SWE,Qwen/Qwen3-235B-A22B,1.0,baseline,,baseline,unknown | unknown_osl32k_qwen235b_baseline,1,4096,32768,failed,status,docs/lyris_swebench_osl32k_temp01_core_matrix_20260616_status.csv,no,1,unknown_osl32k_qwen235b_baseline
SWE,Qwen/Qwen3-235B-A22B,1.0,baseline,,baseline,,1,4096,32768,failed,status,docs/lyris_swebench_osl32k_temp01_core_matrix_20260616_status_live.csv,yes_row,3,2136600; 2133935; 2133883
SWE,Qwen/Qwen3-235B-A22B,1.0,baseline,,baseline,unknown | unknown_osl32k_qwen235b_baseline,1,4096,32768,manifest-only,manifest,docs/lyris_swebench_osl32k_temp01_core_matrix_20260616_manifest.csv,yes_row,2,unknown_osl32k_qwen235b_baseline
SWE,Qwen/Qwen3-235B-A22B,1.0,baseline,,baseline,unknown | unknown_osl32k_qwen235b_t10_baseline,1,4096,32768,manifest-only,manifest,docs/lyris_swebench_osl32k_temp01_core_matrix_20260616_partial_manifest.csv,no,4,unknown_osl32k_qwen235b_t10_baseline
SWE,Qwen/Qwen3-235B-A22B,1.0,baseline,,baseline,unknown | unknown_osl32k_qwen235b_t10_baseline,1,4096,32768,manifest-only,status,docs/lyris_swebench_osl32k_temp01_core_matrix_20260616_partial_status.csv,no,1,unknown_osl32k_qwen235b_t10_baseline
SWE,Qwen/Qwen3-235B-A22B,1.0,baseline,,baseline,,1,4096,32768,manifest-only,status,docs/lyris_swebench_osl32k_temp01_core_matrix_20260616_status_live.csv,yes_row,1,2138634
SWE,Qwen/Qwen3-235B-A22B,1.0,baseline,0,baseline,swebench_verified_prompts_all.jsonl | qwen235b_swe_verified_osl32k_temp01_baseline_offset0_n1_isl4096_osl32768_bs1_20260616_swe_temp01_core_home_mount_qwen235b_bs1_n1_t10,1,4096,32768,partial,metrics,docs/lyris_swebench_osl32k_temp01_core_matrix_20260616_metrics_live.csv,yes_source_batch_only,1,swe_t10_qwen235b_baseline_bs1_j2138634
SWE,Qwen/Qwen3-235B-A22B,1.0,baseline,,baseline,swebench_verified_prompts_all.jsonl | qwen235b_swe_verified_osl32k_temp01_baseline_offset0_n1_isl4096_osl32768_bs1_20260616_swe_temp01_core_home_mount_qwen235b_bs1_n1_t10,1,4096,32768,partial,metrics,docs/lyris_swebench_osl32k_temp01_core_matrix_20260616_partial_metrics.csv,no,1,unknown_osl32k_qwen235b_t10_baseline
SWE,Qwen/Qwen3-235B-A22B,1.0,baseline,,baseline,unknown | unknown_osl32k_qwen235b_baseline,1,4096,32768,partial,status,docs/lyris_swebench_osl32k_temp01_core_matrix_20260616_status.csv,no,1,unknown_osl32k_qwen235b_baseline
SWE,Qwen/Qwen3-235B-A22B,1.0,baseline,,baseline,unknown | unknown_osl32k_qwen235b_t10_baseline,2,4096,32768,failed,status,docs/lyris_swebench_osl32k_temp01_core_matrix_20260616_partial_status.csv,no,2,unknown_osl32k_qwen235b_t10_baseline
SWE,Qwen/Qwen3-235B-A22B,1.0,baseline,,baseline,unknown | unknown_osl32k_qwen235b_baseline,2,4096,32768,failed,status,docs/lyris_swebench_osl32k_temp01_core_matrix_20260616_status.csv,no,1,unknown_osl32k_qwen235b_baseline
SWE,Qwen/Qwen3-235B-A22B,1.0,baseline,,baseline,,2,4096,32768,failed,status,docs/lyris_swebench_osl32k_temp01_core_matrix_20260616_status_live.csv,yes_row,2,2133935; 2133883
SWE,Qwen/Qwen3-235B-A22B,1.0,baseline,,baseline,full | full_osl32k_qwen235b_baseline,2,4096,32768,manifest-only,manifest,docs/lyris_qwen235b_standalone_temp1rl_20260614_manifest.csv,no,1,full_osl32k_qwen235b_baseline
SWE,Qwen/Qwen3-235B-A22B,1.0,baseline,,baseline,verified | verified_osl32k_qwen235b_baseline,2,4096,32768,manifest-only,manifest,docs/lyris_qwen235b_standalone_temp1rl_20260614_manifest.csv,no,1,verified_osl32k_qwen235b_baseline
SWE,Qwen/Qwen3-235B-A22B,1.0,baseline,,baseline,full | full_osl32k_qwen235b_baseline,2,4096,32768,manifest-only,status,docs/lyris_qwen235b_standalone_temp1rl_20260614_status.csv,yes_source_batch_only,1,full_osl32k_qwen235b_baseline
SWE,Qwen/Qwen3-235B-A22B,1.0,baseline,,baseline,verified | verified_osl32k_qwen235b_baseline,2,4096,32768,manifest-only,status,docs/lyris_qwen235b_standalone_temp1rl_20260614_status.csv,yes_source_batch_only,1,verified_osl32k_qwen235b_baseline
SWE,Qwen/Qwen3-235B-A22B,1.0,baseline,,baseline,unknown | unknown_osl32k_qwen235b_baseline,2,4096,32768,manifest-only,manifest,docs/lyris_swebench_osl32k_temp01_core_matrix_20260616_manifest.csv,yes_row,2,unknown_osl32k_qwen235b_baseline
SWE,Qwen/Qwen3-235B-A22B,1.0,baseline,,baseline,unknown | unknown_osl32k_qwen235b_t10_baseline,2,4096,32768,manifest-only,manifest,docs/lyris_swebench_osl32k_temp01_core_matrix_20260616_partial_manifest.csv,no,3,unknown_osl32k_qwen235b_t10_baseline
SWE,Qwen/Qwen3-235B-A22B,1.0,baseline,,baseline,unknown | unknown_osl32k_qwen235b_t10_baseline,2,4096,32768,manifest-only,status,docs/lyris_swebench_osl32k_temp01_core_matrix_20260616_partial_status.csv,no,1,unknown_osl32k_qwen235b_t10_baseline
SWE,Qwen/Qwen3-235B-A22B,1.0,baseline,,baseline,,2,4096,32768,manifest-only,status,docs/lyris_swebench_osl32k_temp01_core_matrix_20260616_status_live.csv,yes_row,1,2136601
SWE,Qwen/Qwen3-235B-A22B,1.0,baseline,,baseline,swebench_full_test_prompts_all.jsonl | qwen235b_a22b_swe_full_osl32k_bsweep_lyris_tp4_fp8kv_bs2_baseline_offset0_n2_isl4096_osl32768_bs2_20260614_temp1rl,2,4096,32768,partial,metrics,docs/lyris_qwen235b_standalone_temp1rl_20260614_metrics.csv,yes_source_batch_only,1,full_osl32k_qwen235b_baseline
SWE,Qwen/Qwen3-235B-A22B,1.0,baseline,,baseline,swebench_verified_prompts_all.jsonl | qwen235b_a22b_swe_verified_osl32k_bsweep_lyris_tp4_fp8kv_bs2_baseline_offset0_n2_isl4096_osl32768_bs2_20260614_temp1rl,2,4096,32768,partial,metrics,docs/lyris_qwen235b_standalone_temp1rl_20260614_metrics.csv,yes_source_batch_only,1,verified_osl32k_qwen235b_baseline
SWE,Qwen/Qwen3-235B-A22B,1.0,baseline,0,baseline,swebench_verified_prompts_all.jsonl | qwen235b_swe_verified_osl32k_temp01_baseline_offset0_n4_isl4096_osl32768_bs2_20260616_swe_temp01_core_home_mount_qwen235b_baseline_bs2_qwen235b_t10,2,4096,32768,partial,metrics,docs/lyris_swebench_osl32k_temp01_core_matrix_20260616_metrics_live.csv,yes_source_batch_only,1,swe_t10_qwen235b_baseline_bs2_j2136601
SWE,Qwen/Qwen3-235B-A22B,1.0,baseline,,baseline,swebench_verified_prompts_all.jsonl | qwen235b_swe_verified_osl32k_temp01_baseline_offset0_n4_isl4096_osl32768_bs2_20260616_swe_temp01_core_home_mount_qwen235b_baseline_bs2_qwen235b_t10,2,4096,32768,partial,metrics,docs/lyris_swebench_osl32k_temp01_core_matrix_20260616_partial_metrics.csv,no,1,unknown_osl32k_qwen235b_t10_baseline
SWE,Qwen/Qwen3-235B-A22B,1.0,baseline,,baseline,unknown | unknown_osl32k_qwen235b_baseline,2,4096,32768,partial,status,docs/lyris_swebench_osl32k_temp01_core_matrix_20260616_status.csv,no,1,unknown_osl32k_qwen235b_baseline
SWE,Qwen/Qwen3-235B-A22B,1.0,baseline,,baseline,full | full_osl32k_qwen235b_baseline,4,4096,32768,manifest-only,manifest,docs/lyris_qwen235b_standalone_temp1rl_20260614_manifest.csv,no,1,full_osl32k_qwen235b_baseline
SWE,Qwen/Qwen3-235B-A22B,1.0,baseline,,baseline,verified | verified_osl32k_qwen235b_baseline,4,4096,32768,manifest-only,manifest,docs/lyris_qwen235b_standalone_temp1rl_20260614_manifest.csv,no,1,verified_osl32k_qwen235b_baseline
SWE,Qwen/Qwen3-235B-A22B,1.0,baseline,,baseline,full | full_osl32k_qwen235b_baseline,4,4096,32768,manifest-only,status,docs/lyris_qwen235b_standalone_temp1rl_20260614_status.csv,no,1,full_osl32k_qwen235b_baseline
SWE,Qwen/Qwen3-235B-A22B,1.0,baseline,,baseline,verified | verified_osl32k_qwen235b_baseline,4,4096,32768,manifest-only,status,docs/lyris_qwen235b_standalone_temp1rl_20260614_status.csv,no,1,verified_osl32k_qwen235b_baseline
SWE,Qwen/Qwen3-235B-A22B,1.0,baseline,,baseline,swebench_full_test_prompts_all.jsonl | qwen235b_a22b_swe_full_osl32k_bsweep_lyris_tp4_fp8kv_bs4_baseline_offset0_n4_isl4096_osl32768_bs4_20260614_temp1rl,4,4096,32768,partial,metrics,docs/lyris_qwen235b_standalone_temp1rl_20260614_metrics.csv,no,1,full_osl32k_qwen235b_baseline
SWE,Qwen/Qwen3-235B-A22B,1.0,baseline,,baseline,swebench_verified_prompts_all.jsonl | qwen235b_a22b_swe_verified_osl32k_bsweep_lyris_tp4_fp8kv_bs4_baseline_offset0_n4_isl4096_osl32768_bs4_20260614_temp1rl,4,4096,32768,partial,metrics,docs/lyris_qwen235b_standalone_temp1rl_20260614_metrics.csv,no,1,verified_osl32k_qwen235b_baseline
SWE,Qwen/Qwen3-235B-A22B,1.0,baseline,,baseline,full | full_osl32k_qwen235b_baseline,8,4096,32768,manifest-only,manifest,docs/lyris_qwen235b_standalone_temp1rl_20260614_manifest.csv,no,1,full_osl32k_qwen235b_baseline
SWE,Qwen/Qwen3-235B-A22B,1.0,baseline,,baseline,verified | verified_osl32k_qwen235b_baseline,8,4096,32768,manifest-only,manifest,docs/lyris_qwen235b_standalone_temp1rl_20260614_manifest.csv,no,1,verified_osl32k_qwen235b_baseline
SWE,Qwen/Qwen3-235B-A22B,1.0,baseline,,baseline,full | full_osl32k_qwen235b_baseline,8,4096,32768,manifest-only,status,docs/lyris_qwen235b_standalone_temp1rl_20260614_status.csv,no,1,full_osl32k_qwen235b_baseline
SWE,Qwen/Qwen3-235B-A22B,1.0,baseline,,baseline,verified | verified_osl32k_qwen235b_baseline,8,4096,32768,manifest-only,status,docs/lyris_qwen235b_standalone_temp1rl_20260614_status.csv,no,1,verified_osl32k_qwen235b_baseline
SWE,Qwen/Qwen3-235B-A22B,1.0,baseline,,baseline,swebench_full_test_prompts_all.jsonl | qwen235b_a22b_swe_full_osl32k_bsweep_lyris_tp4_fp8kv_bs8_baseline_offset0_n8_isl4096_osl32768_bs8_20260614_temp1rl,8,4096,32768,partial,metrics,docs/lyris_qwen235b_standalone_temp1rl_20260614_metrics.csv,no,1,full_osl32k_qwen235b_baseline
SWE,Qwen/Qwen3-235B-A22B,1.0,baseline,,baseline,swebench_verified_prompts_all.jsonl | qwen235b_a22b_swe_verified_osl32k_bsweep_lyris_tp4_fp8kv_bs8_baseline_offset0_n8_isl4096_osl32768_bs8_20260614_temp1rl,8,4096,32768,partial,metrics,docs/lyris_qwen235b_standalone_temp1rl_20260614_metrics.csv,no,1,verified_osl32k_qwen235b_baseline
SWE,Qwen/Qwen3-235B-A22B,1.0,baseline,,baseline,full | full_osl32k_qwen235b_baseline,16,4096,32768,manifest-only,manifest,docs/lyris_qwen235b_standalone_temp1rl_20260614_manifest.csv,no,1,full_osl32k_qwen235b_baseline
SWE,Qwen/Qwen3-235B-A22B,1.0,baseline,,baseline,verified | verified_osl32k_qwen235b_baseline,16,4096,32768,manifest-only,manifest,docs/lyris_qwen235b_standalone_temp1rl_20260614_manifest.csv,no,1,verified_osl32k_qwen235b_baseline
SWE,Qwen/Qwen3-235B-A22B,1.0,baseline,,baseline,full | full_osl32k_qwen235b_baseline,16,4096,32768,manifest-only,status,docs/lyris_qwen235b_standalone_temp1rl_20260614_status.csv,no,1,full_osl32k_qwen235b_baseline
SWE,Qwen/Qwen3-235B-A22B,1.0,baseline,,baseline,verified | verified_osl32k_qwen235b_baseline,16,4096,32768,manifest-only,status,docs/lyris_qwen235b_standalone_temp1rl_20260614_status.csv,no,1,verified_osl32k_qwen235b_baseline
SWE,Qwen/Qwen3-235B-A22B,1.0,baseline,,baseline,swebench_full_test_prompts_all.jsonl | qwen235b_a22b_swe_full_osl32k_bsweep_lyris_tp4_fp8kv_bs16_baseline_offset0_n16_isl4096_osl32768_bs16_20260614_temp1rl,16,4096,32768,partial,metrics,docs/lyris_qwen235b_standalone_temp1rl_20260614_metrics.csv,no,1,full_osl32k_qwen235b_baseline
SWE,Qwen/Qwen3-235B-A22B,1.0,baseline,,baseline,swebench_verified_prompts_all.jsonl | qwen235b_a22b_swe_verified_osl32k_bsweep_lyris_tp4_fp8kv_bs16_baseline_offset0_n16_isl4096_osl32768_bs16_20260614_temp1rl,16,4096,32768,partial,metrics,docs/lyris_qwen235b_standalone_temp1rl_20260614_metrics.csv,no,1,verified_osl32k_qwen235b_baseline
SWE,Qwen/Qwen3-235B-A22B,1.0,baseline,,baseline,full | full_osl32k_qwen235b_baseline,32,4096,32768,manifest-only,manifest,docs/lyris_qwen235b_standalone_temp1rl_20260614_manifest.csv,no,1,full_osl32k_qwen235b_baseline
SWE,Qwen/Qwen3-235B-A22B,1.0,baseline,,baseline,verified | verified_osl32k_qwen235b_baseline,32,4096,32768,manifest-only,manifest,docs/lyris_qwen235b_standalone_temp1rl_20260614_manifest.csv,no,1,verified_osl32k_qwen235b_baseline
SWE,Qwen/Qwen3-235B-A22B,1.0,baseline,,baseline,full | full_osl32k_qwen235b_baseline,32,4096,32768,manifest-only,status,docs/lyris_qwen235b_standalone_temp1rl_20260614_status.csv,no,1,full_osl32k_qwen235b_baseline
SWE,Qwen/Qwen3-235B-A22B,1.0,baseline,,baseline,verified | verified_osl32k_qwen235b_baseline,32,4096,32768,manifest-only,status,docs/lyris_qwen235b_standalone_temp1rl_20260614_status.csv,no,1,verified_osl32k_qwen235b_baseline
SWE,Qwen/Qwen3-235B-A22B,1.0,baseline,,baseline,swebench_full_test_prompts_all.jsonl | qwen235b_a22b_swe_full_osl32k_bsweep_lyris_tp4_fp8kv_bs32_baseline_offset0_n32_isl4096_osl32768_bs32_20260614_temp1rl,32,4096,32768,partial,metrics,docs/lyris_qwen235b_standalone_temp1rl_20260614_metrics.csv,no,1,full_osl32k_qwen235b_baseline
SWE,Qwen/Qwen3-235B-A22B,1.0,baseline,,baseline,swebench_verified_prompts_all.jsonl | qwen235b_a22b_swe_verified_osl32k_bsweep_lyris_tp4_fp8kv_bs32_baseline_offset0_n32_isl4096_osl32768_bs32_20260614_temp1rl,32,4096,32768,partial,metrics,docs/lyris_qwen235b_standalone_temp1rl_20260614_metrics.csv,no,1,verified_osl32k_qwen235b_baseline
SWE,Qwen/Qwen3-235B-A22B,1.0,eagle3,,eagle3,,1,4096,32768,failed,status,docs/lyris_swebench_osl32k_temp01_core_matrix_20260616_status_live.csv,yes_source_batch_only,2,2133937; 2133885
SWE,Qwen/Qwen3-235B-A22B,1.0,eagle3,,eagle3,,1,4096,32768,manifest-only,status,docs/lyris_swebench_osl32k_temp01_core_matrix_20260616_status_live.csv,yes_source_batch_only,2,2138636; 2136602
SWE,Qwen/Qwen3-235B-A22B,1.0,eagle3,,eagle3,,2,4096,32768,failed,status,docs/lyris_swebench_osl32k_temp01_core_matrix_20260616_status_live.csv,yes_source_batch_only,2,2133937; 2133885
SWE,Qwen/Qwen3-235B-A22B,1.0,eagle3,,eagle3,,2,4096,32768,manifest-only,status,docs/lyris_swebench_osl32k_temp01_core_matrix_20260616_status_live.csv,yes_source_batch_only,1,2136603
SWE,Qwen/Qwen3-235B-A22B,1.0,eagle3,11,eagle3_k11,swebench_full_test_prompts_all.jsonl | qwen235b_a22b_swe_full_osl32k_bsweep_lyris_tp4_fp8kv_bs2_eagle3_offset0_n2_isl4096_osl32768_bs2_k11_20260614_temp1rl,2,4096,32768,final,metrics,docs/lyris_qwen235b_standalone_temp1rl_20260614_metrics.csv,yes_source_batch_only,1,full_osl32k_qwen235b_eagle3_k11
SWE,Qwen/Qwen3-235B-A22B,1.0,eagle3,11,eagle3_k11,swebench_verified_prompts_all.jsonl | qwen235b_a22b_swe_verified_osl32k_bsweep_lyris_tp4_fp8kv_bs2_eagle3_offset0_n2_isl4096_osl32768_bs2_k11_20260614_temp1rl,2,4096,32768,final,metrics,docs/lyris_qwen235b_standalone_temp1rl_20260614_metrics.csv,yes_source_batch_only,1,verified_osl32k_qwen235b_eagle3_k11
SWE,Qwen/Qwen3-235B-A22B,1.0,eagle3_k11,11,eagle3_k11,full | full_osl32k_qwen235b_eagle3_k11,2,4096,32768,manifest-only,manifest,docs/lyris_qwen235b_standalone_temp1rl_20260614_manifest.csv,no,1,full_osl32k_qwen235b_eagle3_k11
SWE,Qwen/Qwen3-235B-A22B,1.0,eagle3_k11,11,eagle3_k11,verified | verified_osl32k_qwen235b_eagle3_k11,2,4096,32768,manifest-only,manifest,docs/lyris_qwen235b_standalone_temp1rl_20260614_manifest.csv,no,1,verified_osl32k_qwen235b_eagle3_k11
SWE,Qwen/Qwen3-235B-A22B,1.0,eagle3_k11,11,eagle3_k11,full | full_osl32k_qwen235b_eagle3_k11,2,4096,32768,manifest-only,status,docs/lyris_qwen235b_standalone_temp1rl_20260614_status.csv,yes_source_batch_only,1,full_osl32k_qwen235b_eagle3_k11
SWE,Qwen/Qwen3-235B-A22B,1.0,eagle3_k11,11,eagle3_k11,verified | verified_osl32k_qwen235b_eagle3_k11,2,4096,32768,manifest-only,status,docs/lyris_qwen235b_standalone_temp1rl_20260614_status.csv,yes_source_batch_only,1,verified_osl32k_qwen235b_eagle3_k11
SWE,Qwen/Qwen3-235B-A22B,1.0,eagle3,11,eagle3_k11,swebench_full_test_prompts_all.jsonl | qwen235b_a22b_swe_full_osl32k_bsweep_lyris_tp4_fp8kv_bs4_eagle3_offset0_n4_isl4096_osl32768_bs4_k11_20260614_temp1rl,4,4096,32768,final,metrics,docs/lyris_qwen235b_standalone_temp1rl_20260614_metrics.csv,no,1,full_osl32k_qwen235b_eagle3_k11
SWE,Qwen/Qwen3-235B-A22B,1.0,eagle3,11,eagle3_k11,swebench_verified_prompts_all.jsonl | qwen235b_a22b_swe_verified_osl32k_bsweep_lyris_tp4_fp8kv_bs4_eagle3_offset0_n4_isl4096_osl32768_bs4_k11_20260614_temp1rl,4,4096,32768,final,metrics,docs/lyris_qwen235b_standalone_temp1rl_20260614_metrics.csv,no,1,verified_osl32k_qwen235b_eagle3_k11
SWE,Qwen/Qwen3-235B-A22B,1.0,eagle3_k11,11,eagle3_k11,full | full_osl32k_qwen235b_eagle3_k11,4,4096,32768,manifest-only,manifest,docs/lyris_qwen235b_standalone_temp1rl_20260614_manifest.csv,no,1,full_osl32k_qwen235b_eagle3_k11
SWE,Qwen/Qwen3-235B-A22B,1.0,eagle3_k11,11,eagle3_k11,verified | verified_osl32k_qwen235b_eagle3_k11,4,4096,32768,manifest-only,manifest,docs/lyris_qwen235b_standalone_temp1rl_20260614_manifest.csv,no,1,verified_osl32k_qwen235b_eagle3_k11
SWE,Qwen/Qwen3-235B-A22B,1.0,eagle3_k11,11,eagle3_k11,full | full_osl32k_qwen235b_eagle3_k11,4,4096,32768,manifest-only,status,docs/lyris_qwen235b_standalone_temp1rl_20260614_status.csv,no,1,full_osl32k_qwen235b_eagle3_k11
SWE,Qwen/Qwen3-235B-A22B,1.0,eagle3_k11,11,eagle3_k11,verified | verified_osl32k_qwen235b_eagle3_k11,4,4096,32768,manifest-only,status,docs/lyris_qwen235b_standalone_temp1rl_20260614_status.csv,no,1,verified_osl32k_qwen235b_eagle3_k11
SWE,Qwen/Qwen3-235B-A22B,1.0,eagle3,11,eagle3_k11,swebench_full_test_prompts_all.jsonl | qwen235b_a22b_swe_full_osl32k_bsweep_lyris_tp4_fp8kv_bs8_eagle3_offset0_n8_isl4096_osl32768_bs8_k11_20260614_temp1rl,8,4096,32768,final,metrics,docs/lyris_qwen235b_standalone_temp1rl_20260614_metrics.csv,no,1,full_osl32k_qwen235b_eagle3_k11
SWE,Qwen/Qwen3-235B-A22B,1.0,eagle3,11,eagle3_k11,swebench_verified_prompts_all.jsonl | qwen235b_a22b_swe_verified_osl32k_bsweep_lyris_tp4_fp8kv_bs8_eagle3_offset0_n8_isl4096_osl32768_bs8_k11_20260614_temp1rl,8,4096,32768,final,metrics,docs/lyris_qwen235b_standalone_temp1rl_20260614_metrics.csv,no,1,verified_osl32k_qwen235b_eagle3_k11
SWE,Qwen/Qwen3-235B-A22B,1.0,eagle3_k11,11,eagle3_k11,full | full_osl32k_qwen235b_eagle3_k11,8,4096,32768,manifest-only,manifest,docs/lyris_qwen235b_standalone_temp1rl_20260614_manifest.csv,no,1,full_osl32k_qwen235b_eagle3_k11
SWE,Qwen/Qwen3-235B-A22B,1.0,eagle3_k11,11,eagle3_k11,verified | verified_osl32k_qwen235b_eagle3_k11,8,4096,32768,manifest-only,manifest,docs/lyris_qwen235b_standalone_temp1rl_20260614_manifest.csv,no,1,verified_osl32k_qwen235b_eagle3_k11
SWE,Qwen/Qwen3-235B-A22B,1.0,eagle3_k11,11,eagle3_k11,full | full_osl32k_qwen235b_eagle3_k11,8,4096,32768,manifest-only,status,docs/lyris_qwen235b_standalone_temp1rl_20260614_status.csv,no,1,full_osl32k_qwen235b_eagle3_k11
SWE,Qwen/Qwen3-235B-A22B,1.0,eagle3_k11,11,eagle3_k11,verified | verified_osl32k_qwen235b_eagle3_k11,8,4096,32768,manifest-only,status,docs/lyris_qwen235b_standalone_temp1rl_20260614_status.csv,no,1,verified_osl32k_qwen235b_eagle3_k11
SWE,Qwen/Qwen3-235B-A22B,1.0,eagle3,11,eagle3_k11,swebench_full_test_prompts_all.jsonl | qwen235b_a22b_swe_full_osl32k_bsweep_lyris_tp4_fp8kv_bs16_eagle3_offset0_n16_isl4096_osl32768_bs16_k11_20260614_temp1rl,16,4096,32768,final,metrics,docs/lyris_qwen235b_standalone_temp1rl_20260614_metrics.csv,no,1,full_osl32k_qwen235b_eagle3_k11
SWE,Qwen/Qwen3-235B-A22B,1.0,eagle3,11,eagle3_k11,swebench_verified_prompts_all.jsonl | qwen235b_a22b_swe_verified_osl32k_bsweep_lyris_tp4_fp8kv_bs16_eagle3_offset0_n16_isl4096_osl32768_bs16_k11_20260614_temp1rl,16,4096,32768,final,metrics,docs/lyris_qwen235b_standalone_temp1rl_20260614_metrics.csv,no,1,verified_osl32k_qwen235b_eagle3_k11
SWE,Qwen/Qwen3-235B-A22B,1.0,eagle3_k11,11,eagle3_k11,full | full_osl32k_qwen235b_eagle3_k11,16,4096,32768,manifest-only,manifest,docs/lyris_qwen235b_standalone_temp1rl_20260614_manifest.csv,no,1,full_osl32k_qwen235b_eagle3_k11
SWE,Qwen/Qwen3-235B-A22B,1.0,eagle3_k11,11,eagle3_k11,verified | verified_osl32k_qwen235b_eagle3_k11,16,4096,32768,manifest-only,manifest,docs/lyris_qwen235b_standalone_temp1rl_20260614_manifest.csv,no,1,verified_osl32k_qwen235b_eagle3_k11
SWE,Qwen/Qwen3-235B-A22B,1.0,eagle3_k11,11,eagle3_k11,full | full_osl32k_qwen235b_eagle3_k11,16,4096,32768,manifest-only,status,docs/lyris_qwen235b_standalone_temp1rl_20260614_status.csv,no,1,full_osl32k_qwen235b_eagle3_k11
SWE,Qwen/Qwen3-235B-A22B,1.0,eagle3_k11,11,eagle3_k11,verified | verified_osl32k_qwen235b_eagle3_k11,16,4096,32768,manifest-only,status,docs/lyris_qwen235b_standalone_temp1rl_20260614_status.csv,no,1,verified_osl32k_qwen235b_eagle3_k11
SWE,Qwen/Qwen3-235B-A22B,1.0,eagle3,11,eagle3_k11,swebench_full_test_prompts_all.jsonl | qwen235b_a22b_swe_full_osl32k_bsweep_lyris_tp4_fp8kv_bs32_eagle3_offset0_n32_isl4096_osl32768_bs32_k11_20260614_temp1rl,32,4096,32768,final,metrics,docs/lyris_qwen235b_standalone_temp1rl_20260614_metrics.csv,no,1,full_osl32k_qwen235b_eagle3_k11
SWE,Qwen/Qwen3-235B-A22B,1.0,eagle3,11,eagle3_k11,swebench_verified_prompts_all.jsonl | qwen235b_a22b_swe_verified_osl32k_bsweep_lyris_tp4_fp8kv_bs32_eagle3_offset0_n32_isl4096_osl32768_bs32_k11_20260614_temp1rl,32,4096,32768,final,metrics,docs/lyris_qwen235b_standalone_temp1rl_20260614_metrics.csv,no,1,verified_osl32k_qwen235b_eagle3_k11
SWE,Qwen/Qwen3-235B-A22B,1.0,eagle3_k11,11,eagle3_k11,full | full_osl32k_qwen235b_eagle3_k11,32,4096,32768,manifest-only,manifest,docs/lyris_qwen235b_standalone_temp1rl_20260614_manifest.csv,no,1,full_osl32k_qwen235b_eagle3_k11
SWE,Qwen/Qwen3-235B-A22B,1.0,eagle3_k11,11,eagle3_k11,verified | verified_osl32k_qwen235b_eagle3_k11,32,4096,32768,manifest-only,manifest,docs/lyris_qwen235b_standalone_temp1rl_20260614_manifest.csv,no,1,verified_osl32k_qwen235b_eagle3_k11
SWE,Qwen/Qwen3-235B-A22B,1.0,eagle3_k11,11,eagle3_k11,full | full_osl32k_qwen235b_eagle3_k11,32,4096,32768,manifest-only,status,docs/lyris_qwen235b_standalone_temp1rl_20260614_status.csv,no,1,full_osl32k_qwen235b_eagle3_k11
SWE,Qwen/Qwen3-235B-A22B,1.0,eagle3_k11,11,eagle3_k11,verified | verified_osl32k_qwen235b_eagle3_k11,32,4096,32768,manifest-only,status,docs/lyris_qwen235b_standalone_temp1rl_20260614_status.csv,no,1,verified_osl32k_qwen235b_eagle3_k11
SWE,Qwen/Qwen3-235B-A22B,1.0,eagle3,3,eagle3_k3,unknown | unknown_osl32k_qwen235b_t10_eagle3_k3,1,4096,32768,failed,status,docs/lyris_swebench_osl32k_temp01_core_matrix_20260616_partial_status.csv,no,2,unknown_osl32k_qwen235b_t10_eagle3_k3
SWE,Qwen/Qwen3-235B-A22B,1.0,eagle3,3,eagle3_k3,unknown | unknown_osl32k_qwen235b_eagle3_k3,1,4096,32768,failed,status,docs/lyris_swebench_osl32k_temp01_core_matrix_20260616_status.csv,no,1,unknown_osl32k_qwen235b_eagle3_k3
SWE,Qwen/Qwen3-235B-A22B,1.0,eagle3,3,eagle3_k3,swebench_verified_prompts_all.jsonl | qwen235b_swe_verified_osl32k_temp01_eagle3_offset0_n1_isl4096_osl32768_bs1_k3_20260616_swe_temp01_core_home_mount_qwen235b_bs1_n1_t10,1,4096,32768,final,metrics,docs/lyris_swebench_osl32k_temp01_core_matrix_20260616_metrics_live.csv,yes_row,1,swe_t10_qwen235b_eagle3_k3_bs1_j2138636
SWE,Qwen/Qwen3-235B-A22B,1.0,eagle3,3,eagle3_k3,swebench_verified_prompts_all.jsonl | qwen235b_swe_verified_osl32k_temp01_eagle3_offset0_n4_isl4096_osl32768_bs1_2_k3_20260616_swe_temp01_core_home_retry_qwen235b_t10,1,4096,32768,final,metrics,docs/lyris_swebench_osl32k_temp01_core_matrix_20260616_metrics_live.csv,yes_row,1,swe_t10_qwen235b_eagle3_k3_bs1_j2133937
SWE,Qwen/Qwen3-235B-A22B,1.0,eagle3,3,eagle3_k3,swebench_verified_prompts_all.jsonl | qwen235b_swe_verified_osl32k_temp01_eagle3_offset0_n4_isl4096_osl32768_bs1_k3_20260616_swe_temp01_core_home_mount_qwen235b_eagle3_t10_bs1_qwen235b_t10,1,4096,32768,final,metrics,docs/lyris_swebench_osl32k_temp01_core_matrix_20260616_metrics_live.csv,yes_row,1,swe_t10_qwen235b_eagle3_k3_bs1_j2136602
SWE,Qwen/Qwen3-235B-A22B,1.0,eagle3,3,eagle3_k3,swebench_verified_prompts_all.jsonl | qwen235b_swe_verified_osl32k_temp01_eagle3_offset0_n4_isl4096_osl32768_bs1_2_k3_20260616_swe_temp01_core_home_retry_qwen235b_t10,1,4096,32768,final,metrics,docs/lyris_swebench_osl32k_temp01_home_retry_metrics_live_20260616.csv,no,1,qwen235b_swe_verified_osl32k_temp01_eagle3_offset0_n4_isl4096_osl32768_bs1_2_k3_20260616_swe_temp01_core_home_retry_qwen235b_t10
SWE,Qwen/Qwen3-235B-A22B,1.0,eagle3,3,eagle3_k3,unknown | unknown_osl32k_qwen235b_eagle3_k3,1,4096,32768,manifest-only,manifest,docs/lyris_swebench_osl32k_temp01_core_matrix_20260616_manifest.csv,yes_row,2,unknown_osl32k_qwen235b_eagle3_k3
SWE,Qwen/Qwen3-235B-A22B,1.0,eagle3,3,eagle3_k3,unknown | unknown_osl32k_qwen235b_t10_eagle3_k3,1,4096,32768,manifest-only,manifest,docs/lyris_swebench_osl32k_temp01_core_matrix_20260616_partial_manifest.csv,no,4,unknown_osl32k_qwen235b_t10_eagle3_k3
SWE,Qwen/Qwen3-235B-A22B,1.0,eagle3,3,eagle3_k3,unknown | unknown_osl32k_qwen235b_t10_eagle3_k3,1,4096,32768,manifest-only,status,docs/lyris_swebench_osl32k_temp01_core_matrix_20260616_partial_status.csv,no,2,unknown_osl32k_qwen235b_t10_eagle3_k3
SWE,Qwen/Qwen3-235B-A22B,1.0,eagle3,3,eagle3_k3,swebench_verified_prompts_all.jsonl | qwen235b_swe_verified_osl32k_temp01_eagle3_offset0_n1_isl4096_osl32768_bs1_k3_20260616_swe_temp01_core_home_mount_qwen235b_bs1_n1_t10,1,4096,32768,partial,metrics,docs/lyris_swebench_osl32k_temp01_core_matrix_20260616_partial_metrics.csv,no,1,unknown_osl32k_qwen235b_t10_eagle3_k3
SWE,Qwen/Qwen3-235B-A22B,1.0,eagle3,3,eagle3_k3,swebench_verified_prompts_all.jsonl | qwen235b_swe_verified_osl32k_temp01_eagle3_offset0_n4_isl4096_osl32768_bs1_2_k3_20260616_swe_temp01_core_home_retry_qwen235b_t10,1,4096,32768,partial,metrics,docs/lyris_swebench_osl32k_temp01_core_matrix_20260616_partial_metrics.csv,no,1,unknown_osl32k_qwen235b_t10_eagle3_k3
SWE,Qwen/Qwen3-235B-A22B,1.0,eagle3,3,eagle3_k3,swebench_verified_prompts_all.jsonl | qwen235b_swe_verified_osl32k_temp01_eagle3_offset0_n4_isl4096_osl32768_bs1_k3_20260616_swe_temp01_core_home_mount_qwen235b_eagle3_t10_bs1_qwen235b_t10,1,4096,32768,partial,metrics,docs/lyris_swebench_osl32k_temp01_core_matrix_20260616_partial_metrics.csv,no,1,unknown_osl32k_qwen235b_t10_eagle3_k3
SWE,Qwen/Qwen3-235B-A22B,1.0,eagle3,3,eagle3_k3,unknown | unknown_osl32k_qwen235b_eagle3_k3,1,4096,32768,partial,status,docs/lyris_swebench_osl32k_temp01_core_matrix_20260616_status.csv,no,1,unknown_osl32k_qwen235b_eagle3_k3
SWE,Qwen/Qwen3-235B-A22B,1.0,eagle3,3,eagle3_k3,unknown | unknown_osl32k_qwen235b_t10_eagle3_k3,2,4096,32768,failed,status,docs/lyris_swebench_osl32k_temp01_core_matrix_20260616_partial_status.csv,no,2,unknown_osl32k_qwen235b_t10_eagle3_k3
SWE,Qwen/Qwen3-235B-A22B,1.0,eagle3,3,eagle3_k3,unknown | unknown_osl32k_qwen235b_eagle3_k3,2,4096,32768,failed,status,docs/lyris_swebench_osl32k_temp01_core_matrix_20260616_status.csv,no,1,unknown_osl32k_qwen235b_eagle3_k3
SWE,Qwen/Qwen3-235B-A22B,1.0,eagle3,3,eagle3_k3,swebench_verified_prompts_all.jsonl | qwen235b_swe_verified_osl32k_temp01_eagle3_offset0_n4_isl4096_osl32768_bs2_k3_20260616_swe_temp01_core_home_mount_qwen235b_eagle3_t10_bs2_qwen235b_t10,2,4096,32768,final,metrics,docs/lyris_swebench_osl32k_temp01_core_matrix_20260616_metrics_live.csv,yes_row,1,swe_t10_qwen235b_eagle3_k3_bs2_j2136603
SWE,Qwen/Qwen3-235B-A22B,1.0,eagle3,3,eagle3_k3,unknown | unknown_osl32k_qwen235b_eagle3_k3,2,4096,32768,manifest-only,manifest,docs/lyris_swebench_osl32k_temp01_core_matrix_20260616_manifest.csv,yes_row,2,unknown_osl32k_qwen235b_eagle3_k3
SWE,Qwen/Qwen3-235B-A22B,1.0,eagle3,3,eagle3_k3,unknown | unknown_osl32k_qwen235b_t10_eagle3_k3,2,4096,32768,manifest-only,manifest,docs/lyris_swebench_osl32k_temp01_core_matrix_20260616_partial_manifest.csv,no,3,unknown_osl32k_qwen235b_t10_eagle3_k3
SWE,Qwen/Qwen3-235B-A22B,1.0,eagle3,3,eagle3_k3,unknown | unknown_osl32k_qwen235b_t10_eagle3_k3,2,4096,32768,manifest-only,status,docs/lyris_swebench_osl32k_temp01_core_matrix_20260616_partial_status.csv,no,1,unknown_osl32k_qwen235b_t10_eagle3_k3
SWE,Qwen/Qwen3-235B-A22B,1.0,eagle3,3,eagle3_k3,swebench_verified_prompts_all.jsonl | qwen235b_swe_verified_osl32k_temp01_eagle3_offset0_n4_isl4096_osl32768_bs2_k3_20260616_swe_temp01_core_home_mount_qwen235b_eagle3_t10_bs2_qwen235b_t10,2,4096,32768,partial,metrics,docs/lyris_swebench_osl32k_temp01_core_matrix_20260616_partial_metrics.csv,no,1,unknown_osl32k_qwen235b_t10_eagle3_k3
SWE,Qwen/Qwen3-235B-A22B,1.0,eagle3,3,eagle3_k3,unknown | unknown_osl32k_qwen235b_eagle3_k3,2,4096,32768,partial,status,docs/lyris_swebench_osl32k_temp01_core_matrix_20260616_status.csv,no,1,unknown_osl32k_qwen235b_eagle3_k3
SWE,Qwen/Qwen3-235B-A22B,1.0,eagle3,9,eagle3_k9,swebench_full_test_prompts_all.jsonl | qwen235b_a22b_swe_full_osl32k_bsweep_lyris_tp4_fp8kv_bs2_eagle3_offset0_n2_isl4096_osl32768_bs2_k9_20260614_temp1rl,2,4096,32768,final,metrics,docs/lyris_qwen235b_standalone_temp1rl_20260614_metrics.csv,yes_source_batch_only,1,full_osl32k_qwen235b_eagle3_k9
SWE,Qwen/Qwen3-235B-A22B,1.0,eagle3,9,eagle3_k9,swebench_verified_prompts_all.jsonl | qwen235b_a22b_swe_verified_osl32k_bsweep_lyris_tp4_fp8kv_bs2_eagle3_offset0_n2_isl4096_osl32768_bs2_k9_20260614_temp1rl,2,4096,32768,final,metrics,docs/lyris_qwen235b_standalone_temp1rl_20260614_metrics.csv,yes_source_batch_only,1,verified_osl32k_qwen235b_eagle3_k9
SWE,Qwen/Qwen3-235B-A22B,1.0,eagle3_k9,9,eagle3_k9,full | full_osl32k_qwen235b_eagle3_k9,2,4096,32768,manifest-only,manifest,docs/lyris_qwen235b_standalone_temp1rl_20260614_manifest.csv,no,1,full_osl32k_qwen235b_eagle3_k9
SWE,Qwen/Qwen3-235B-A22B,1.0,eagle3_k9,9,eagle3_k9,verified | verified_osl32k_qwen235b_eagle3_k9,2,4096,32768,manifest-only,manifest,docs/lyris_qwen235b_standalone_temp1rl_20260614_manifest.csv,no,1,verified_osl32k_qwen235b_eagle3_k9
SWE,Qwen/Qwen3-235B-A22B,1.0,eagle3_k9,9,eagle3_k9,full | full_osl32k_qwen235b_eagle3_k9,2,4096,32768,manifest-only,status,docs/lyris_qwen235b_standalone_temp1rl_20260614_status.csv,yes_source_batch_only,1,full_osl32k_qwen235b_eagle3_k9
SWE,Qwen/Qwen3-235B-A22B,1.0,eagle3_k9,9,eagle3_k9,verified | verified_osl32k_qwen235b_eagle3_k9,2,4096,32768,manifest-only,status,docs/lyris_qwen235b_standalone_temp1rl_20260614_status.csv,yes_source_batch_only,1,verified_osl32k_qwen235b_eagle3_k9
SWE,Qwen/Qwen3-235B-A22B,1.0,eagle3,9,eagle3_k9,swebench_full_test_prompts_all.jsonl | qwen235b_a22b_swe_full_osl32k_bsweep_lyris_tp4_fp8kv_bs4_eagle3_offset0_n4_isl4096_osl32768_bs4_k9_20260614_temp1rl,4,4096,32768,final,metrics,docs/lyris_qwen235b_standalone_temp1rl_20260614_metrics.csv,no,1,full_osl32k_qwen235b_eagle3_k9
SWE,Qwen/Qwen3-235B-A22B,1.0,eagle3,9,eagle3_k9,swebench_verified_prompts_all.jsonl | qwen235b_a22b_swe_verified_osl32k_bsweep_lyris_tp4_fp8kv_bs4_eagle3_offset0_n4_isl4096_osl32768_bs4_k9_20260614_temp1rl,4,4096,32768,final,metrics,docs/lyris_qwen235b_standalone_temp1rl_20260614_metrics.csv,no,1,verified_osl32k_qwen235b_eagle3_k9
SWE,Qwen/Qwen3-235B-A22B,1.0,eagle3_k9,9,eagle3_k9,full | full_osl32k_qwen235b_eagle3_k9,4,4096,32768,manifest-only,manifest,docs/lyris_qwen235b_standalone_temp1rl_20260614_manifest.csv,no,1,full_osl32k_qwen235b_eagle3_k9
SWE,Qwen/Qwen3-235B-A22B,1.0,eagle3_k9,9,eagle3_k9,verified | verified_osl32k_qwen235b_eagle3_k9,4,4096,32768,manifest-only,manifest,docs/lyris_qwen235b_standalone_temp1rl_20260614_manifest.csv,no,1,verified_osl32k_qwen235b_eagle3_k9
SWE,Qwen/Qwen3-235B-A22B,1.0,eagle3_k9,9,eagle3_k9,full | full_osl32k_qwen235b_eagle3_k9,4,4096,32768,manifest-only,status,docs/lyris_qwen235b_standalone_temp1rl_20260614_status.csv,no,1,full_osl32k_qwen235b_eagle3_k9
SWE,Qwen/Qwen3-235B-A22B,1.0,eagle3_k9,9,eagle3_k9,verified | verified_osl32k_qwen235b_eagle3_k9,4,4096,32768,manifest-only,status,docs/lyris_qwen235b_standalone_temp1rl_20260614_status.csv,no,1,verified_osl32k_qwen235b_eagle3_k9
SWE,Qwen/Qwen3-235B-A22B,1.0,eagle3,9,eagle3_k9,swebench_full_test_prompts_all.jsonl | qwen235b_a22b_swe_full_osl32k_bsweep_lyris_tp4_fp8kv_bs8_eagle3_offset0_n8_isl4096_osl32768_bs8_k9_20260614_temp1rl,8,4096,32768,final,metrics,docs/lyris_qwen235b_standalone_temp1rl_20260614_metrics.csv,no,1,full_osl32k_qwen235b_eagle3_k9
SWE,Qwen/Qwen3-235B-A22B,1.0,eagle3,9,eagle3_k9,swebench_verified_prompts_all.jsonl | qwen235b_a22b_swe_verified_osl32k_bsweep_lyris_tp4_fp8kv_bs8_eagle3_offset0_n8_isl4096_osl32768_bs8_k9_20260614_temp1rl,8,4096,32768,final,metrics,docs/lyris_qwen235b_standalone_temp1rl_20260614_metrics.csv,no,1,verified_osl32k_qwen235b_eagle3_k9
SWE,Qwen/Qwen3-235B-A22B,1.0,eagle3_k9,9,eagle3_k9,full | full_osl32k_qwen235b_eagle3_k9,8,4096,32768,manifest-only,manifest,docs/lyris_qwen235b_standalone_temp1rl_20260614_manifest.csv,no,1,full_osl32k_qwen235b_eagle3_k9
SWE,Qwen/Qwen3-235B-A22B,1.0,eagle3_k9,9,eagle3_k9,verified | verified_osl32k_qwen235b_eagle3_k9,8,4096,32768,manifest-only,manifest,docs/lyris_qwen235b_standalone_temp1rl_20260614_manifest.csv,no,1,verified_osl32k_qwen235b_eagle3_k9
SWE,Qwen/Qwen3-235B-A22B,1.0,eagle3_k9,9,eagle3_k9,full | full_osl32k_qwen235b_eagle3_k9,8,4096,32768,manifest-only,status,docs/lyris_qwen235b_standalone_temp1rl_20260614_status.csv,no,1,full_osl32k_qwen235b_eagle3_k9
SWE,Qwen/Qwen3-235B-A22B,1.0,eagle3_k9,9,eagle3_k9,verified | verified_osl32k_qwen235b_eagle3_k9,8,4096,32768,manifest-only,status,docs/lyris_qwen235b_standalone_temp1rl_20260614_status.csv,no,1,verified_osl32k_qwen235b_eagle3_k9
SWE,Qwen/Qwen3-235B-A22B,1.0,eagle3,9,eagle3_k9,swebench_full_test_prompts_all.jsonl | qwen235b_a22b_swe_full_osl32k_bsweep_lyris_tp4_fp8kv_bs16_eagle3_offset0_n16_isl4096_osl32768_bs16_k9_20260614_temp1rl,16,4096,32768,final,metrics,docs/lyris_qwen235b_standalone_temp1rl_20260614_metrics.csv,no,1,full_osl32k_qwen235b_eagle3_k9
SWE,Qwen/Qwen3-235B-A22B,1.0,eagle3,9,eagle3_k9,swebench_verified_prompts_all.jsonl | qwen235b_a22b_swe_verified_osl32k_bsweep_lyris_tp4_fp8kv_bs16_eagle3_offset0_n16_isl4096_osl32768_bs16_k9_20260614_temp1rl,16,4096,32768,final,metrics,docs/lyris_qwen235b_standalone_temp1rl_20260614_metrics.csv,no,1,verified_osl32k_qwen235b_eagle3_k9
SWE,Qwen/Qwen3-235B-A22B,1.0,eagle3_k9,9,eagle3_k9,full | full_osl32k_qwen235b_eagle3_k9,16,4096,32768,manifest-only,manifest,docs/lyris_qwen235b_standalone_temp1rl_20260614_manifest.csv,no,1,full_osl32k_qwen235b_eagle3_k9
SWE,Qwen/Qwen3-235B-A22B,1.0,eagle3_k9,9,eagle3_k9,verified | verified_osl32k_qwen235b_eagle3_k9,16,4096,32768,manifest-only,manifest,docs/lyris_qwen235b_standalone_temp1rl_20260614_manifest.csv,no,1,verified_osl32k_qwen235b_eagle3_k9
SWE,Qwen/Qwen3-235B-A22B,1.0,eagle3_k9,9,eagle3_k9,full | full_osl32k_qwen235b_eagle3_k9,16,4096,32768,manifest-only,status,docs/lyris_qwen235b_standalone_temp1rl_20260614_status.csv,no,1,full_osl32k_qwen235b_eagle3_k9
SWE,Qwen/Qwen3-235B-A22B,1.0,eagle3_k9,9,eagle3_k9,verified | verified_osl32k_qwen235b_eagle3_k9,16,4096,32768,manifest-only,status,docs/lyris_qwen235b_standalone_temp1rl_20260614_status.csv,no,1,verified_osl32k_qwen235b_eagle3_k9
SWE,Qwen/Qwen3-235B-A22B,1.0,eagle3,9,eagle3_k9,swebench_full_test_prompts_all.jsonl | qwen235b_a22b_swe_full_osl32k_bsweep_lyris_tp4_fp8kv_bs32_eagle3_offset0_n32_isl4096_osl32768_bs32_k9_20260614_temp1rl,32,4096,32768,final,metrics,docs/lyris_qwen235b_standalone_temp1rl_20260614_metrics.csv,no,1,full_osl32k_qwen235b_eagle3_k9
SWE,Qwen/Qwen3-235B-A22B,1.0,eagle3,9,eagle3_k9,swebench_verified_prompts_all.jsonl | qwen235b_a22b_swe_verified_osl32k_bsweep_lyris_tp4_fp8kv_bs32_eagle3_offset0_n32_isl4096_osl32768_bs32_k9_20260614_temp1rl,32,4096,32768,final,metrics,docs/lyris_qwen235b_standalone_temp1rl_20260614_metrics.csv,no,1,verified_osl32k_qwen235b_eagle3_k9
SWE,Qwen/Qwen3-235B-A22B,1.0,eagle3_k9,9,eagle3_k9,full | full_osl32k_qwen235b_eagle3_k9,32,4096,32768,manifest-only,manifest,docs/lyris_qwen235b_standalone_temp1rl_20260614_manifest.csv,no,1,full_osl32k_qwen235b_eagle3_k9
SWE,Qwen/Qwen3-235B-A22B,1.0,eagle3_k9,9,eagle3_k9,verified | verified_osl32k_qwen235b_eagle3_k9,32,4096,32768,manifest-only,manifest,docs/lyris_qwen235b_standalone_temp1rl_20260614_manifest.csv,no,1,verified_osl32k_qwen235b_eagle3_k9
SWE,Qwen/Qwen3-235B-A22B,1.0,eagle3_k9,9,eagle3_k9,full | full_osl32k_qwen235b_eagle3_k9,32,4096,32768,manifest-only,status,docs/lyris_qwen235b_standalone_temp1rl_20260614_status.csv,no,1,full_osl32k_qwen235b_eagle3_k9
SWE,Qwen/Qwen3-235B-A22B,1.0,eagle3_k9,9,eagle3_k9,verified | verified_osl32k_qwen235b_eagle3_k9,32,4096,32768,manifest-only,status,docs/lyris_qwen235b_standalone_temp1rl_20260614_status.csv,no,1,verified_osl32k_qwen235b_eagle3_k9
SWE,Qwen/Qwen3-235B-A22B,1.0,pard2,11,pard2_k11,swebench_full_test_prompts_all.jsonl | qwen235b_a22b_swe_full_osl32k_bsweep_lyris_tp4_fp8kv_bs2_pard2_offset0_n2_isl4096_osl32768_bs2_k11_20260614_temp1rl,2,4096,32768,final,metrics,docs/lyris_qwen235b_standalone_temp1rl_20260614_metrics.csv,yes_source_batch_only,1,full_osl32k_qwen235b_pard2_k11
SWE,Qwen/Qwen3-235B-A22B,1.0,pard2,11,pard2_k11,swebench_verified_prompts_all.jsonl | qwen235b_a22b_swe_verified_osl32k_bsweep_lyris_tp4_fp8kv_bs2_pard2_offset0_n2_isl4096_osl32768_bs2_k11_20260614_temp1rl,2,4096,32768,final,metrics,docs/lyris_qwen235b_standalone_temp1rl_20260614_metrics.csv,yes_source_batch_only,1,verified_osl32k_qwen235b_pard2_k11
SWE,Qwen/Qwen3-235B-A22B,1.0,pard2_k11,11,pard2_k11,full | full_osl32k_qwen235b_pard2_k11,2,4096,32768,manifest-only,manifest,docs/lyris_qwen235b_standalone_temp1rl_20260614_manifest.csv,no,1,full_osl32k_qwen235b_pard2_k11
SWE,Qwen/Qwen3-235B-A22B,1.0,pard2_k11,11,pard2_k11,verified | verified_osl32k_qwen235b_pard2_k11,2,4096,32768,manifest-only,manifest,docs/lyris_qwen235b_standalone_temp1rl_20260614_manifest.csv,no,1,verified_osl32k_qwen235b_pard2_k11
SWE,Qwen/Qwen3-235B-A22B,1.0,pard2_k11,11,pard2_k11,full | full_osl32k_qwen235b_pard2_k11,2,4096,32768,manifest-only,status,docs/lyris_qwen235b_standalone_temp1rl_20260614_status.csv,yes_source_batch_only,1,full_osl32k_qwen235b_pard2_k11
SWE,Qwen/Qwen3-235B-A22B,1.0,pard2_k11,11,pard2_k11,verified | verified_osl32k_qwen235b_pard2_k11,2,4096,32768,manifest-only,status,docs/lyris_qwen235b_standalone_temp1rl_20260614_status.csv,yes_source_batch_only,1,verified_osl32k_qwen235b_pard2_k11
SWE,Qwen/Qwen3-235B-A22B,1.0,pard2,11,pard2_k11,swebench_full_test_prompts_all.jsonl | qwen235b_a22b_swe_full_osl32k_bsweep_lyris_tp4_fp8kv_bs4_pard2_offset0_n4_isl4096_osl32768_bs4_k11_20260614_temp1rl,4,4096,32768,final,metrics,docs/lyris_qwen235b_standalone_temp1rl_20260614_metrics.csv,no,1,full_osl32k_qwen235b_pard2_k11
SWE,Qwen/Qwen3-235B-A22B,1.0,pard2,11,pard2_k11,swebench_verified_prompts_all.jsonl | qwen235b_a22b_swe_verified_osl32k_bsweep_lyris_tp4_fp8kv_bs4_pard2_offset0_n4_isl4096_osl32768_bs4_k11_20260614_temp1rl,4,4096,32768,final,metrics,docs/lyris_qwen235b_standalone_temp1rl_20260614_metrics.csv,no,1,verified_osl32k_qwen235b_pard2_k11
SWE,Qwen/Qwen3-235B-A22B,1.0,pard2_k11,11,pard2_k11,full | full_osl32k_qwen235b_pard2_k11,4,4096,32768,manifest-only,manifest,docs/lyris_qwen235b_standalone_temp1rl_20260614_manifest.csv,no,1,full_osl32k_qwen235b_pard2_k11
SWE,Qwen/Qwen3-235B-A22B,1.0,pard2_k11,11,pard2_k11,verified | verified_osl32k_qwen235b_pard2_k11,4,4096,32768,manifest-only,manifest,docs/lyris_qwen235b_standalone_temp1rl_20260614_manifest.csv,no,1,verified_osl32k_qwen235b_pard2_k11
SWE,Qwen/Qwen3-235B-A22B,1.0,pard2_k11,11,pard2_k11,full | full_osl32k_qwen235b_pard2_k11,4,4096,32768,manifest-only,status,docs/lyris_qwen235b_standalone_temp1rl_20260614_status.csv,no,1,full_osl32k_qwen235b_pard2_k11
SWE,Qwen/Qwen3-235B-A22B,1.0,pard2_k11,11,pard2_k11,verified | verified_osl32k_qwen235b_pard2_k11,4,4096,32768,manifest-only,status,docs/lyris_qwen235b_standalone_temp1rl_20260614_status.csv,no,1,verified_osl32k_qwen235b_pard2_k11
SWE,Qwen/Qwen3-235B-A22B,1.0,pard2,11,pard2_k11,swebench_full_test_prompts_all.jsonl | qwen235b_a22b_swe_full_osl32k_bsweep_lyris_tp4_fp8kv_bs8_pard2_offset0_n8_isl4096_osl32768_bs8_k11_20260614_temp1rl,8,4096,32768,final,metrics,docs/lyris_qwen235b_standalone_temp1rl_20260614_metrics.csv,no,1,full_osl32k_qwen235b_pard2_k11
SWE,Qwen/Qwen3-235B-A22B,1.0,pard2,11,pard2_k11,swebench_verified_prompts_all.jsonl | qwen235b_a22b_swe_verified_osl32k_bsweep_lyris_tp4_fp8kv_bs8_pard2_offset0_n8_isl4096_osl32768_bs8_k11_20260614_temp1rl,8,4096,32768,final,metrics,docs/lyris_qwen235b_standalone_temp1rl_20260614_metrics.csv,no,1,verified_osl32k_qwen235b_pard2_k11
SWE,Qwen/Qwen3-235B-A22B,1.0,pard2_k11,11,pard2_k11,full | full_osl32k_qwen235b_pard2_k11,8,4096,32768,manifest-only,manifest,docs/lyris_qwen235b_standalone_temp1rl_20260614_manifest.csv,no,1,full_osl32k_qwen235b_pard2_k11
SWE,Qwen/Qwen3-235B-A22B,1.0,pard2_k11,11,pard2_k11,verified | verified_osl32k_qwen235b_pard2_k11,8,4096,32768,manifest-only,manifest,docs/lyris_qwen235b_standalone_temp1rl_20260614_manifest.csv,no,1,verified_osl32k_qwen235b_pard2_k11
SWE,Qwen/Qwen3-235B-A22B,1.0,pard2_k11,11,pard2_k11,full | full_osl32k_qwen235b_pard2_k11,8,4096,32768,manifest-only,status,docs/lyris_qwen235b_standalone_temp1rl_20260614_status.csv,no,1,full_osl32k_qwen235b_pard2_k11
SWE,Qwen/Qwen3-235B-A22B,1.0,pard2_k11,11,pard2_k11,verified | verified_osl32k_qwen235b_pard2_k11,8,4096,32768,manifest-only,status,docs/lyris_qwen235b_standalone_temp1rl_20260614_status.csv,no,1,verified_osl32k_qwen235b_pard2_k11
SWE,Qwen/Qwen3-235B-A22B,1.0,pard2,11,pard2_k11,swebench_full_test_prompts_all.jsonl | qwen235b_a22b_swe_full_osl32k_bsweep_lyris_tp4_fp8kv_bs16_pard2_offset0_n16_isl4096_osl32768_bs16_k11_20260614_temp1rl,16,4096,32768,final,metrics,docs/lyris_qwen235b_standalone_temp1rl_20260614_metrics.csv,no,1,full_osl32k_qwen235b_pard2_k11
SWE,Qwen/Qwen3-235B-A22B,1.0,pard2,11,pard2_k11,swebench_verified_prompts_all.jsonl | qwen235b_a22b_swe_verified_osl32k_bsweep_lyris_tp4_fp8kv_bs16_pard2_offset0_n16_isl4096_osl32768_bs16_k11_20260614_temp1rl,16,4096,32768,final,metrics,docs/lyris_qwen235b_standalone_temp1rl_20260614_metrics.csv,no,1,verified_osl32k_qwen235b_pard2_k11
SWE,Qwen/Qwen3-235B-A22B,1.0,pard2_k11,11,pard2_k11,full | full_osl32k_qwen235b_pard2_k11,16,4096,32768,manifest-only,manifest,docs/lyris_qwen235b_standalone_temp1rl_20260614_manifest.csv,no,1,full_osl32k_qwen235b_pard2_k11
SWE,Qwen/Qwen3-235B-A22B,1.0,pard2_k11,11,pard2_k11,verified | verified_osl32k_qwen235b_pard2_k11,16,4096,32768,manifest-only,manifest,docs/lyris_qwen235b_standalone_temp1rl_20260614_manifest.csv,no,1,verified_osl32k_qwen235b_pard2_k11
SWE,Qwen/Qwen3-235B-A22B,1.0,pard2_k11,11,pard2_k11,full | full_osl32k_qwen235b_pard2_k11,16,4096,32768,manifest-only,status,docs/lyris_qwen235b_standalone_temp1rl_20260614_status.csv,no,1,full_osl32k_qwen235b_pard2_k11
SWE,Qwen/Qwen3-235B-A22B,1.0,pard2_k11,11,pard2_k11,verified | verified_osl32k_qwen235b_pard2_k11,16,4096,32768,manifest-only,status,docs/lyris_qwen235b_standalone_temp1rl_20260614_status.csv,no,1,verified_osl32k_qwen235b_pard2_k11
SWE,Qwen/Qwen3-235B-A22B,1.0,pard2,11,pard2_k11,swebench_full_test_prompts_all.jsonl | qwen235b_a22b_swe_full_osl32k_bsweep_lyris_tp4_fp8kv_bs32_pard2_offset0_n32_isl4096_osl32768_bs32_k11_20260614_temp1rl,32,4096,32768,final,metrics,docs/lyris_qwen235b_standalone_temp1rl_20260614_metrics.csv,no,1,full_osl32k_qwen235b_pard2_k11
SWE,Qwen/Qwen3-235B-A22B,1.0,pard2,11,pard2_k11,swebench_verified_prompts_all.jsonl | qwen235b_a22b_swe_verified_osl32k_bsweep_lyris_tp4_fp8kv_bs32_pard2_offset0_n32_isl4096_osl32768_bs32_k11_20260614_temp1rl,32,4096,32768,final,metrics,docs/lyris_qwen235b_standalone_temp1rl_20260614_metrics.csv,no,1,verified_osl32k_qwen235b_pard2_k11
SWE,Qwen/Qwen3-235B-A22B,1.0,pard2_k11,11,pard2_k11,full | full_osl32k_qwen235b_pard2_k11,32,4096,32768,manifest-only,manifest,docs/lyris_qwen235b_standalone_temp1rl_20260614_manifest.csv,no,1,full_osl32k_qwen235b_pard2_k11
SWE,Qwen/Qwen3-235B-A22B,1.0,pard2_k11,11,pard2_k11,verified | verified_osl32k_qwen235b_pard2_k11,32,4096,32768,manifest-only,manifest,docs/lyris_qwen235b_standalone_temp1rl_20260614_manifest.csv,no,1,verified_osl32k_qwen235b_pard2_k11
SWE,Qwen/Qwen3-235B-A22B,1.0,pard2_k11,11,pard2_k11,full | full_osl32k_qwen235b_pard2_k11,32,4096,32768,manifest-only,status,docs/lyris_qwen235b_standalone_temp1rl_20260614_status.csv,no,1,full_osl32k_qwen235b_pard2_k11
SWE,Qwen/Qwen3-235B-A22B,1.0,pard2_k11,11,pard2_k11,verified | verified_osl32k_qwen235b_pard2_k11,32,4096,32768,manifest-only,status,docs/lyris_qwen235b_standalone_temp1rl_20260614_status.csv,no,1,verified_osl32k_qwen235b_pard2_k11
SWE,Qwen/Qwen3-235B-A22B,1.0,pard2,9,pard2_k9,swebench_full_test_prompts_all.jsonl | qwen235b_a22b_swe_full_osl32k_bsweep_lyris_tp4_fp8kv_bs2_pard2_offset0_n2_isl4096_osl32768_bs2_k9_20260614_temp1rl,2,4096,32768,final,metrics,docs/lyris_qwen235b_standalone_temp1rl_20260614_metrics.csv,yes_source_batch_only,1,full_osl32k_qwen235b_pard2_k9
SWE,Qwen/Qwen3-235B-A22B,1.0,pard2,9,pard2_k9,swebench_verified_prompts_all.jsonl | qwen235b_a22b_swe_verified_osl32k_bsweep_lyris_tp4_fp8kv_bs2_pard2_offset0_n2_isl4096_osl32768_bs2_k9_20260614_temp1rl,2,4096,32768,final,metrics,docs/lyris_qwen235b_standalone_temp1rl_20260614_metrics.csv,yes_source_batch_only,1,verified_osl32k_qwen235b_pard2_k9
SWE,Qwen/Qwen3-235B-A22B,1.0,pard2_k9,9,pard2_k9,full | full_osl32k_qwen235b_pard2_k9,2,4096,32768,manifest-only,manifest,docs/lyris_qwen235b_standalone_temp1rl_20260614_manifest.csv,no,1,full_osl32k_qwen235b_pard2_k9
SWE,Qwen/Qwen3-235B-A22B,1.0,pard2_k9,9,pard2_k9,verified | verified_osl32k_qwen235b_pard2_k9,2,4096,32768,manifest-only,manifest,docs/lyris_qwen235b_standalone_temp1rl_20260614_manifest.csv,no,1,verified_osl32k_qwen235b_pard2_k9
SWE,Qwen/Qwen3-235B-A22B,1.0,pard2_k9,9,pard2_k9,full | full_osl32k_qwen235b_pard2_k9,2,4096,32768,manifest-only,status,docs/lyris_qwen235b_standalone_temp1rl_20260614_status.csv,yes_source_batch_only,1,full_osl32k_qwen235b_pard2_k9
SWE,Qwen/Qwen3-235B-A22B,1.0,pard2_k9,9,pard2_k9,verified | verified_osl32k_qwen235b_pard2_k9,2,4096,32768,manifest-only,status,docs/lyris_qwen235b_standalone_temp1rl_20260614_status.csv,yes_source_batch_only,1,verified_osl32k_qwen235b_pard2_k9
SWE,Qwen/Qwen3-235B-A22B,1.0,pard2,9,pard2_k9,swebench_full_test_prompts_all.jsonl | qwen235b_a22b_swe_full_osl32k_bsweep_lyris_tp4_fp8kv_bs4_pard2_offset0_n4_isl4096_osl32768_bs4_k9_20260614_temp1rl,4,4096,32768,final,metrics,docs/lyris_qwen235b_standalone_temp1rl_20260614_metrics.csv,no,1,full_osl32k_qwen235b_pard2_k9
SWE,Qwen/Qwen3-235B-A22B,1.0,pard2,9,pard2_k9,swebench_verified_prompts_all.jsonl | qwen235b_a22b_swe_verified_osl32k_bsweep_lyris_tp4_fp8kv_bs4_pard2_offset0_n4_isl4096_osl32768_bs4_k9_20260614_temp1rl,4,4096,32768,final,metrics,docs/lyris_qwen235b_standalone_temp1rl_20260614_metrics.csv,no,1,verified_osl32k_qwen235b_pard2_k9
SWE,Qwen/Qwen3-235B-A22B,1.0,pard2_k9,9,pard2_k9,full | full_osl32k_qwen235b_pard2_k9,4,4096,32768,manifest-only,manifest,docs/lyris_qwen235b_standalone_temp1rl_20260614_manifest.csv,no,1,full_osl32k_qwen235b_pard2_k9
SWE,Qwen/Qwen3-235B-A22B,1.0,pard2_k9,9,pard2_k9,verified | verified_osl32k_qwen235b_pard2_k9,4,4096,32768,manifest-only,manifest,docs/lyris_qwen235b_standalone_temp1rl_20260614_manifest.csv,no,1,verified_osl32k_qwen235b_pard2_k9
SWE,Qwen/Qwen3-235B-A22B,1.0,pard2_k9,9,pard2_k9,full | full_osl32k_qwen235b_pard2_k9,4,4096,32768,manifest-only,status,docs/lyris_qwen235b_standalone_temp1rl_20260614_status.csv,no,1,full_osl32k_qwen235b_pard2_k9
SWE,Qwen/Qwen3-235B-A22B,1.0,pard2_k9,9,pard2_k9,verified | verified_osl32k_qwen235b_pard2_k9,4,4096,32768,manifest-only,status,docs/lyris_qwen235b_standalone_temp1rl_20260614_status.csv,no,1,verified_osl32k_qwen235b_pard2_k9
SWE,Qwen/Qwen3-235B-A22B,1.0,pard2,9,pard2_k9,swebench_full_test_prompts_all.jsonl | qwen235b_a22b_swe_full_osl32k_bsweep_lyris_tp4_fp8kv_bs8_pard2_offset0_n8_isl4096_osl32768_bs8_k9_20260614_temp1rl,8,4096,32768,final,metrics,docs/lyris_qwen235b_standalone_temp1rl_20260614_metrics.csv,no,1,full_osl32k_qwen235b_pard2_k9
SWE,Qwen/Qwen3-235B-A22B,1.0,pard2,9,pard2_k9,swebench_verified_prompts_all.jsonl | qwen235b_a22b_swe_verified_osl32k_bsweep_lyris_tp4_fp8kv_bs8_pard2_offset0_n8_isl4096_osl32768_bs8_k9_20260614_temp1rl,8,4096,32768,final,metrics,docs/lyris_qwen235b_standalone_temp1rl_20260614_metrics.csv,no,1,verified_osl32k_qwen235b_pard2_k9
SWE,Qwen/Qwen3-235B-A22B,1.0,pard2_k9,9,pard2_k9,full | full_osl32k_qwen235b_pard2_k9,8,4096,32768,manifest-only,manifest,docs/lyris_qwen235b_standalone_temp1rl_20260614_manifest.csv,no,1,full_osl32k_qwen235b_pard2_k9
SWE,Qwen/Qwen3-235B-A22B,1.0,pard2_k9,9,pard2_k9,verified | verified_osl32k_qwen235b_pard2_k9,8,4096,32768,manifest-only,manifest,docs/lyris_qwen235b_standalone_temp1rl_20260614_manifest.csv,no,1,verified_osl32k_qwen235b_pard2_k9
SWE,Qwen/Qwen3-235B-A22B,1.0,pard2_k9,9,pard2_k9,full | full_osl32k_qwen235b_pard2_k9,8,4096,32768,manifest-only,status,docs/lyris_qwen235b_standalone_temp1rl_20260614_status.csv,no,1,full_osl32k_qwen235b_pard2_k9
SWE,Qwen/Qwen3-235B-A22B,1.0,pard2_k9,9,pard2_k9,verified | verified_osl32k_qwen235b_pard2_k9,8,4096,32768,manifest-only,status,docs/lyris_qwen235b_standalone_temp1rl_20260614_status.csv,no,1,verified_osl32k_qwen235b_pard2_k9
SWE,Qwen/Qwen3-235B-A22B,1.0,pard2,9,pard2_k9,swebench_full_test_prompts_all.jsonl | qwen235b_a22b_swe_full_osl32k_bsweep_lyris_tp4_fp8kv_bs16_pard2_offset0_n16_isl4096_osl32768_bs16_k9_20260614_temp1rl,16,4096,32768,final,metrics,docs/lyris_qwen235b_standalone_temp1rl_20260614_metrics.csv,no,1,full_osl32k_qwen235b_pard2_k9
SWE,Qwen/Qwen3-235B-A22B,1.0,pard2,9,pard2_k9,swebench_verified_prompts_all.jsonl | qwen235b_a22b_swe_verified_osl32k_bsweep_lyris_tp4_fp8kv_bs16_pard2_offset0_n16_isl4096_osl32768_bs16_k9_20260614_temp1rl,16,4096,32768,final,metrics,docs/lyris_qwen235b_standalone_temp1rl_20260614_metrics.csv,no,1,verified_osl32k_qwen235b_pard2_k9
SWE,Qwen/Qwen3-235B-A22B,1.0,pard2_k9,9,pard2_k9,full | full_osl32k_qwen235b_pard2_k9,16,4096,32768,manifest-only,manifest,docs/lyris_qwen235b_standalone_temp1rl_20260614_manifest.csv,no,1,full_osl32k_qwen235b_pard2_k9
SWE,Qwen/Qwen3-235B-A22B,1.0,pard2_k9,9,pard2_k9,verified | verified_osl32k_qwen235b_pard2_k9,16,4096,32768,manifest-only,manifest,docs/lyris_qwen235b_standalone_temp1rl_20260614_manifest.csv,no,1,verified_osl32k_qwen235b_pard2_k9
SWE,Qwen/Qwen3-235B-A22B,1.0,pard2_k9,9,pard2_k9,full | full_osl32k_qwen235b_pard2_k9,16,4096,32768,manifest-only,status,docs/lyris_qwen235b_standalone_temp1rl_20260614_status.csv,no,1,full_osl32k_qwen235b_pard2_k9
SWE,Qwen/Qwen3-235B-A22B,1.0,pard2_k9,9,pard2_k9,verified | verified_osl32k_qwen235b_pard2_k9,16,4096,32768,manifest-only,status,docs/lyris_qwen235b_standalone_temp1rl_20260614_status.csv,no,1,verified_osl32k_qwen235b_pard2_k9
SWE,Qwen/Qwen3-235B-A22B,1.0,pard2,9,pard2_k9,swebench_full_test_prompts_all.jsonl | qwen235b_a22b_swe_full_osl32k_bsweep_lyris_tp4_fp8kv_bs32_pard2_offset0_n32_isl4096_osl32768_bs32_k9_20260614_temp1rl,32,4096,32768,final,metrics,docs/lyris_qwen235b_standalone_temp1rl_20260614_metrics.csv,no,1,full_osl32k_qwen235b_pard2_k9
SWE,Qwen/Qwen3-235B-A22B,1.0,pard2,9,pard2_k9,swebench_verified_prompts_all.jsonl | qwen235b_a22b_swe_verified_osl32k_bsweep_lyris_tp4_fp8kv_bs32_pard2_offset0_n32_isl4096_osl32768_bs32_k9_20260614_temp1rl,32,4096,32768,final,metrics,docs/lyris_qwen235b_standalone_temp1rl_20260614_metrics.csv,no,1,verified_osl32k_qwen235b_pard2_k9
SWE,Qwen/Qwen3-235B-A22B,1.0,pard2_k9,9,pard2_k9,full | full_osl32k_qwen235b_pard2_k9,32,4096,32768,manifest-only,manifest,docs/lyris_qwen235b_standalone_temp1rl_20260614_manifest.csv,no,1,full_osl32k_qwen235b_pard2_k9
SWE,Qwen/Qwen3-235B-A22B,1.0,pard2_k9,9,pard2_k9,verified | verified_osl32k_qwen235b_pard2_k9,32,4096,32768,manifest-only,manifest,docs/lyris_qwen235b_standalone_temp1rl_20260614_manifest.csv,no,1,verified_osl32k_qwen235b_pard2_k9
SWE,Qwen/Qwen3-235B-A22B,1.0,pard2_k9,9,pard2_k9,full | full_osl32k_qwen235b_pard2_k9,32,4096,32768,manifest-only,status,docs/lyris_qwen235b_standalone_temp1rl_20260614_status.csv,no,1,full_osl32k_qwen235b_pard2_k9
SWE,Qwen/Qwen3-235B-A22B,1.0,pard2_k9,9,pard2_k9,verified | verified_osl32k_qwen235b_pard2_k9,32,4096,32768,manifest-only,status,docs/lyris_qwen235b_standalone_temp1rl_20260614_status.csv,no,1,verified_osl32k_qwen235b_pard2_k9
SWE,Qwen/Qwen3-235B-A22B,1.0,pard,11,pard_k11,swebench_full_test_prompts_all.jsonl | qwen235b_a22b_swe_full_osl32k_bsweep_lyris_tp4_fp8kv_bs2_pard_offset0_n2_isl4096_osl32768_bs2_k11_20260614_temp1rl,2,4096,32768,final,metrics,docs/lyris_qwen235b_standalone_temp1rl_20260614_metrics.csv,yes_source_batch_only,1,full_osl32k_qwen235b_pard_k11
SWE,Qwen/Qwen3-235B-A22B,1.0,pard,11,pard_k11,swebench_verified_prompts_all.jsonl | qwen235b_a22b_swe_verified_osl32k_bsweep_lyris_tp4_fp8kv_bs2_pard_offset0_n2_isl4096_osl32768_bs2_k11_20260614_temp1rl,2,4096,32768,final,metrics,docs/lyris_qwen235b_standalone_temp1rl_20260614_metrics.csv,yes_source_batch_only,1,verified_osl32k_qwen235b_pard_k11
SWE,Qwen/Qwen3-235B-A22B,1.0,pard_k11,11,pard_k11,full | full_osl32k_qwen235b_pard_k11,2,4096,32768,manifest-only,manifest,docs/lyris_qwen235b_standalone_temp1rl_20260614_manifest.csv,no,1,full_osl32k_qwen235b_pard_k11
SWE,Qwen/Qwen3-235B-A22B,1.0,pard_k11,11,pard_k11,verified | verified_osl32k_qwen235b_pard_k11,2,4096,32768,manifest-only,manifest,docs/lyris_qwen235b_standalone_temp1rl_20260614_manifest.csv,no,1,verified_osl32k_qwen235b_pard_k11
SWE,Qwen/Qwen3-235B-A22B,1.0,pard_k11,11,pard_k11,full | full_osl32k_qwen235b_pard_k11,2,4096,32768,manifest-only,status,docs/lyris_qwen235b_standalone_temp1rl_20260614_status.csv,yes_source_batch_only,1,full_osl32k_qwen235b_pard_k11
SWE,Qwen/Qwen3-235B-A22B,1.0,pard_k11,11,pard_k11,verified | verified_osl32k_qwen235b_pard_k11,2,4096,32768,manifest-only,status,docs/lyris_qwen235b_standalone_temp1rl_20260614_status.csv,yes_source_batch_only,1,verified_osl32k_qwen235b_pard_k11
SWE,Qwen/Qwen3-235B-A22B,1.0,pard,11,pard_k11,swebench_full_test_prompts_all.jsonl | qwen235b_a22b_swe_full_osl32k_bsweep_lyris_tp4_fp8kv_bs4_pard_offset0_n4_isl4096_osl32768_bs4_k11_20260614_temp1rl,4,4096,32768,final,metrics,docs/lyris_qwen235b_standalone_temp1rl_20260614_metrics.csv,no,1,full_osl32k_qwen235b_pard_k11
SWE,Qwen/Qwen3-235B-A22B,1.0,pard,11,pard_k11,swebench_verified_prompts_all.jsonl | qwen235b_a22b_swe_verified_osl32k_bsweep_lyris_tp4_fp8kv_bs4_pard_offset0_n4_isl4096_osl32768_bs4_k11_20260614_temp1rl,4,4096,32768,final,metrics,docs/lyris_qwen235b_standalone_temp1rl_20260614_metrics.csv,no,1,verified_osl32k_qwen235b_pard_k11
SWE,Qwen/Qwen3-235B-A22B,1.0,pard_k11,11,pard_k11,full | full_osl32k_qwen235b_pard_k11,4,4096,32768,manifest-only,manifest,docs/lyris_qwen235b_standalone_temp1rl_20260614_manifest.csv,no,1,full_osl32k_qwen235b_pard_k11
SWE,Qwen/Qwen3-235B-A22B,1.0,pard_k11,11,pard_k11,verified | verified_osl32k_qwen235b_pard_k11,4,4096,32768,manifest-only,manifest,docs/lyris_qwen235b_standalone_temp1rl_20260614_manifest.csv,no,1,verified_osl32k_qwen235b_pard_k11
SWE,Qwen/Qwen3-235B-A22B,1.0,pard_k11,11,pard_k11,full | full_osl32k_qwen235b_pard_k11,4,4096,32768,manifest-only,status,docs/lyris_qwen235b_standalone_temp1rl_20260614_status.csv,no,1,full_osl32k_qwen235b_pard_k11
SWE,Qwen/Qwen3-235B-A22B,1.0,pard_k11,11,pard_k11,verified | verified_osl32k_qwen235b_pard_k11,4,4096,32768,manifest-only,status,docs/lyris_qwen235b_standalone_temp1rl_20260614_status.csv,no,1,verified_osl32k_qwen235b_pard_k11
SWE,Qwen/Qwen3-235B-A22B,1.0,pard,11,pard_k11,swebench_full_test_prompts_all.jsonl | qwen235b_a22b_swe_full_osl32k_bsweep_lyris_tp4_fp8kv_bs8_pard_offset0_n8_isl4096_osl32768_bs8_k11_20260614_temp1rl,8,4096,32768,final,metrics,docs/lyris_qwen235b_standalone_temp1rl_20260614_metrics.csv,no,1,full_osl32k_qwen235b_pard_k11
SWE,Qwen/Qwen3-235B-A22B,1.0,pard,11,pard_k11,swebench_verified_prompts_all.jsonl | qwen235b_a22b_swe_verified_osl32k_bsweep_lyris_tp4_fp8kv_bs8_pard_offset0_n8_isl4096_osl32768_bs8_k11_20260614_temp1rl,8,4096,32768,final,metrics,docs/lyris_qwen235b_standalone_temp1rl_20260614_metrics.csv,no,1,verified_osl32k_qwen235b_pard_k11
SWE,Qwen/Qwen3-235B-A22B,1.0,pard_k11,11,pard_k11,full | full_osl32k_qwen235b_pard_k11,8,4096,32768,manifest-only,manifest,docs/lyris_qwen235b_standalone_temp1rl_20260614_manifest.csv,no,1,full_osl32k_qwen235b_pard_k11
SWE,Qwen/Qwen3-235B-A22B,1.0,pard_k11,11,pard_k11,verified | verified_osl32k_qwen235b_pard_k11,8,4096,32768,manifest-only,manifest,docs/lyris_qwen235b_standalone_temp1rl_20260614_manifest.csv,no,1,verified_osl32k_qwen235b_pard_k11
SWE,Qwen/Qwen3-235B-A22B,1.0,pard_k11,11,pard_k11,full | full_osl32k_qwen235b_pard_k11,8,4096,32768,manifest-only,status,docs/lyris_qwen235b_standalone_temp1rl_20260614_status.csv,no,1,full_osl32k_qwen235b_pard_k11
SWE,Qwen/Qwen3-235B-A22B,1.0,pard_k11,11,pard_k11,verified | verified_osl32k_qwen235b_pard_k11,8,4096,32768,manifest-only,status,docs/lyris_qwen235b_standalone_temp1rl_20260614_status.csv,no,1,verified_osl32k_qwen235b_pard_k11
SWE,Qwen/Qwen3-235B-A22B,1.0,pard,11,pard_k11,swebench_full_test_prompts_all.jsonl | qwen235b_a22b_swe_full_osl32k_bsweep_lyris_tp4_fp8kv_bs16_pard_offset0_n16_isl4096_osl32768_bs16_k11_20260614_temp1rl,16,4096,32768,final,metrics,docs/lyris_qwen235b_standalone_temp1rl_20260614_metrics.csv,no,1,full_osl32k_qwen235b_pard_k11
SWE,Qwen/Qwen3-235B-A22B,1.0,pard,11,pard_k11,swebench_verified_prompts_all.jsonl | qwen235b_a22b_swe_verified_osl32k_bsweep_lyris_tp4_fp8kv_bs16_pard_offset0_n16_isl4096_osl32768_bs16_k11_20260614_temp1rl,16,4096,32768,final,metrics,docs/lyris_qwen235b_standalone_temp1rl_20260614_metrics.csv,no,1,verified_osl32k_qwen235b_pard_k11
SWE,Qwen/Qwen3-235B-A22B,1.0,pard_k11,11,pard_k11,full | full_osl32k_qwen235b_pard_k11,16,4096,32768,manifest-only,manifest,docs/lyris_qwen235b_standalone_temp1rl_20260614_manifest.csv,no,1,full_osl32k_qwen235b_pard_k11
SWE,Qwen/Qwen3-235B-A22B,1.0,pard_k11,11,pard_k11,verified | verified_osl32k_qwen235b_pard_k11,16,4096,32768,manifest-only,manifest,docs/lyris_qwen235b_standalone_temp1rl_20260614_manifest.csv,no,1,verified_osl32k_qwen235b_pard_k11
SWE,Qwen/Qwen3-235B-A22B,1.0,pard_k11,11,pard_k11,full | full_osl32k_qwen235b_pard_k11,16,4096,32768,manifest-only,status,docs/lyris_qwen235b_standalone_temp1rl_20260614_status.csv,no,1,full_osl32k_qwen235b_pard_k11
SWE,Qwen/Qwen3-235B-A22B,1.0,pard_k11,11,pard_k11,verified | verified_osl32k_qwen235b_pard_k11,16,4096,32768,manifest-only,status,docs/lyris_qwen235b_standalone_temp1rl_20260614_status.csv,no,1,verified_osl32k_qwen235b_pard_k11
SWE,Qwen/Qwen3-235B-A22B,1.0,pard,11,pard_k11,swebench_full_test_prompts_all.jsonl | qwen235b_a22b_swe_full_osl32k_bsweep_lyris_tp4_fp8kv_bs32_pard_offset0_n32_isl4096_osl32768_bs32_k11_20260614_temp1rl,32,4096,32768,final,metrics,docs/lyris_qwen235b_standalone_temp1rl_20260614_metrics.csv,no,1,full_osl32k_qwen235b_pard_k11
SWE,Qwen/Qwen3-235B-A22B,1.0,pard,11,pard_k11,swebench_verified_prompts_all.jsonl | qwen235b_a22b_swe_verified_osl32k_bsweep_lyris_tp4_fp8kv_bs32_pard_offset0_n32_isl4096_osl32768_bs32_k11_20260614_temp1rl,32,4096,32768,final,metrics,docs/lyris_qwen235b_standalone_temp1rl_20260614_metrics.csv,no,1,verified_osl32k_qwen235b_pard_k11
SWE,Qwen/Qwen3-235B-A22B,1.0,pard_k11,11,pard_k11,full | full_osl32k_qwen235b_pard_k11,32,4096,32768,manifest-only,manifest,docs/lyris_qwen235b_standalone_temp1rl_20260614_manifest.csv,no,1,full_osl32k_qwen235b_pard_k11
SWE,Qwen/Qwen3-235B-A22B,1.0,pard_k11,11,pard_k11,verified | verified_osl32k_qwen235b_pard_k11,32,4096,32768,manifest-only,manifest,docs/lyris_qwen235b_standalone_temp1rl_20260614_manifest.csv,no,1,verified_osl32k_qwen235b_pard_k11
SWE,Qwen/Qwen3-235B-A22B,1.0,pard_k11,11,pard_k11,full | full_osl32k_qwen235b_pard_k11,32,4096,32768,manifest-only,status,docs/lyris_qwen235b_standalone_temp1rl_20260614_status.csv,no,1,full_osl32k_qwen235b_pard_k11
SWE,Qwen/Qwen3-235B-A22B,1.0,pard_k11,11,pard_k11,verified | verified_osl32k_qwen235b_pard_k11,32,4096,32768,manifest-only,status,docs/lyris_qwen235b_standalone_temp1rl_20260614_status.csv,no,1,verified_osl32k_qwen235b_pard_k11
SWE,Qwen/Qwen3-235B-A22B,1.0,pard,9,pard_k9,swebench_full_test_prompts_all.jsonl | qwen235b_a22b_swe_full_osl32k_bsweep_lyris_tp4_fp8kv_bs2_pard_offset0_n2_isl4096_osl32768_bs2_k9_20260614_temp1rl,2,4096,32768,final,metrics,docs/lyris_qwen235b_standalone_temp1rl_20260614_metrics.csv,yes_source_batch_only,1,full_osl32k_qwen235b_pard_k9
SWE,Qwen/Qwen3-235B-A22B,1.0,pard,9,pard_k9,swebench_verified_prompts_all.jsonl | qwen235b_a22b_swe_verified_osl32k_bsweep_lyris_tp4_fp8kv_bs2_pard_offset0_n2_isl4096_osl32768_bs2_k9_20260614_temp1rl,2,4096,32768,final,metrics,docs/lyris_qwen235b_standalone_temp1rl_20260614_metrics.csv,yes_source_batch_only,1,verified_osl32k_qwen235b_pard_k9
SWE,Qwen/Qwen3-235B-A22B,1.0,pard_k9,9,pard_k9,full | full_osl32k_qwen235b_pard_k9,2,4096,32768,manifest-only,manifest,docs/lyris_qwen235b_standalone_temp1rl_20260614_manifest.csv,no,1,full_osl32k_qwen235b_pard_k9
SWE,Qwen/Qwen3-235B-A22B,1.0,pard_k9,9,pard_k9,verified | verified_osl32k_qwen235b_pard_k9,2,4096,32768,manifest-only,manifest,docs/lyris_qwen235b_standalone_temp1rl_20260614_manifest.csv,no,1,verified_osl32k_qwen235b_pard_k9
SWE,Qwen/Qwen3-235B-A22B,1.0,pard_k9,9,pard_k9,full | full_osl32k_qwen235b_pard_k9,2,4096,32768,manifest-only,status,docs/lyris_qwen235b_standalone_temp1rl_20260614_status.csv,yes_source_batch_only,1,full_osl32k_qwen235b_pard_k9
SWE,Qwen/Qwen3-235B-A22B,1.0,pard_k9,9,pard_k9,verified | verified_osl32k_qwen235b_pard_k9,2,4096,32768,manifest-only,status,docs/lyris_qwen235b_standalone_temp1rl_20260614_status.csv,yes_source_batch_only,1,verified_osl32k_qwen235b_pard_k9
SWE,Qwen/Qwen3-235B-A22B,1.0,pard,9,pard_k9,swebench_full_test_prompts_all.jsonl | qwen235b_a22b_swe_full_osl32k_bsweep_lyris_tp4_fp8kv_bs4_pard_offset0_n4_isl4096_osl32768_bs4_k9_20260614_temp1rl,4,4096,32768,final,metrics,docs/lyris_qwen235b_standalone_temp1rl_20260614_metrics.csv,no,1,full_osl32k_qwen235b_pard_k9
SWE,Qwen/Qwen3-235B-A22B,1.0,pard,9,pard_k9,swebench_verified_prompts_all.jsonl | qwen235b_a22b_swe_verified_osl32k_bsweep_lyris_tp4_fp8kv_bs4_pard_offset0_n4_isl4096_osl32768_bs4_k9_20260614_temp1rl,4,4096,32768,final,metrics,docs/lyris_qwen235b_standalone_temp1rl_20260614_metrics.csv,no,1,verified_osl32k_qwen235b_pard_k9
SWE,Qwen/Qwen3-235B-A22B,1.0,pard_k9,9,pard_k9,full | full_osl32k_qwen235b_pard_k9,4,4096,32768,manifest-only,manifest,docs/lyris_qwen235b_standalone_temp1rl_20260614_manifest.csv,no,1,full_osl32k_qwen235b_pard_k9
SWE,Qwen/Qwen3-235B-A22B,1.0,pard_k9,9,pard_k9,verified | verified_osl32k_qwen235b_pard_k9,4,4096,32768,manifest-only,manifest,docs/lyris_qwen235b_standalone_temp1rl_20260614_manifest.csv,no,1,verified_osl32k_qwen235b_pard_k9
SWE,Qwen/Qwen3-235B-A22B,1.0,pard_k9,9,pard_k9,full | full_osl32k_qwen235b_pard_k9,4,4096,32768,manifest-only,status,docs/lyris_qwen235b_standalone_temp1rl_20260614_status.csv,no,1,full_osl32k_qwen235b_pard_k9
SWE,Qwen/Qwen3-235B-A22B,1.0,pard_k9,9,pard_k9,verified | verified_osl32k_qwen235b_pard_k9,4,4096,32768,manifest-only,status,docs/lyris_qwen235b_standalone_temp1rl_20260614_status.csv,no,1,verified_osl32k_qwen235b_pard_k9
SWE,Qwen/Qwen3-235B-A22B,1.0,pard,9,pard_k9,swebench_full_test_prompts_all.jsonl | qwen235b_a22b_swe_full_osl32k_bsweep_lyris_tp4_fp8kv_bs8_pard_offset0_n8_isl4096_osl32768_bs8_k9_20260614_temp1rl,8,4096,32768,final,metrics,docs/lyris_qwen235b_standalone_temp1rl_20260614_metrics.csv,no,1,full_osl32k_qwen235b_pard_k9
SWE,Qwen/Qwen3-235B-A22B,1.0,pard,9,pard_k9,swebench_verified_prompts_all.jsonl | qwen235b_a22b_swe_verified_osl32k_bsweep_lyris_tp4_fp8kv_bs8_pard_offset0_n8_isl4096_osl32768_bs8_k9_20260614_temp1rl,8,4096,32768,final,metrics,docs/lyris_qwen235b_standalone_temp1rl_20260614_metrics.csv,no,1,verified_osl32k_qwen235b_pard_k9
SWE,Qwen/Qwen3-235B-A22B,1.0,pard_k9,9,pard_k9,full | full_osl32k_qwen235b_pard_k9,8,4096,32768,manifest-only,manifest,docs/lyris_qwen235b_standalone_temp1rl_20260614_manifest.csv,no,1,full_osl32k_qwen235b_pard_k9
SWE,Qwen/Qwen3-235B-A22B,1.0,pard_k9,9,pard_k9,verified | verified_osl32k_qwen235b_pard_k9,8,4096,32768,manifest-only,manifest,docs/lyris_qwen235b_standalone_temp1rl_20260614_manifest.csv,no,1,verified_osl32k_qwen235b_pard_k9
SWE,Qwen/Qwen3-235B-A22B,1.0,pard_k9,9,pard_k9,full | full_osl32k_qwen235b_pard_k9,8,4096,32768,manifest-only,status,docs/lyris_qwen235b_standalone_temp1rl_20260614_status.csv,no,1,full_osl32k_qwen235b_pard_k9
SWE,Qwen/Qwen3-235B-A22B,1.0,pard_k9,9,pard_k9,verified | verified_osl32k_qwen235b_pard_k9,8,4096,32768,manifest-only,status,docs/lyris_qwen235b_standalone_temp1rl_20260614_status.csv,no,1,verified_osl32k_qwen235b_pard_k9
SWE,Qwen/Qwen3-235B-A22B,1.0,pard,9,pard_k9,swebench_full_test_prompts_all.jsonl | qwen235b_a22b_swe_full_osl32k_bsweep_lyris_tp4_fp8kv_bs16_pard_offset0_n16_isl4096_osl32768_bs16_k9_20260614_temp1rl,16,4096,32768,final,metrics,docs/lyris_qwen235b_standalone_temp1rl_20260614_metrics.csv,no,1,full_osl32k_qwen235b_pard_k9
SWE,Qwen/Qwen3-235B-A22B,1.0,pard,9,pard_k9,swebench_verified_prompts_all.jsonl | qwen235b_a22b_swe_verified_osl32k_bsweep_lyris_tp4_fp8kv_bs16_pard_offset0_n16_isl4096_osl32768_bs16_k9_20260614_temp1rl,16,4096,32768,final,metrics,docs/lyris_qwen235b_standalone_temp1rl_20260614_metrics.csv,no,1,verified_osl32k_qwen235b_pard_k9
SWE,Qwen/Qwen3-235B-A22B,1.0,pard_k9,9,pard_k9,full | full_osl32k_qwen235b_pard_k9,16,4096,32768,manifest-only,manifest,docs/lyris_qwen235b_standalone_temp1rl_20260614_manifest.csv,no,1,full_osl32k_qwen235b_pard_k9
SWE,Qwen/Qwen3-235B-A22B,1.0,pard_k9,9,pard_k9,verified | verified_osl32k_qwen235b_pard_k9,16,4096,32768,manifest-only,manifest,docs/lyris_qwen235b_standalone_temp1rl_20260614_manifest.csv,no,1,verified_osl32k_qwen235b_pard_k9
SWE,Qwen/Qwen3-235B-A22B,1.0,pard_k9,9,pard_k9,full | full_osl32k_qwen235b_pard_k9,16,4096,32768,manifest-only,status,docs/lyris_qwen235b_standalone_temp1rl_20260614_status.csv,no,1,full_osl32k_qwen235b_pard_k9
SWE,Qwen/Qwen3-235B-A22B,1.0,pard_k9,9,pard_k9,verified | verified_osl32k_qwen235b_pard_k9,16,4096,32768,manifest-only,status,docs/lyris_qwen235b_standalone_temp1rl_20260614_status.csv,no,1,verified_osl32k_qwen235b_pard_k9
SWE,Qwen/Qwen3-235B-A22B,1.0,pard,9,pard_k9,swebench_full_test_prompts_all.jsonl | qwen235b_a22b_swe_full_osl32k_bsweep_lyris_tp4_fp8kv_bs32_pard_offset0_n32_isl4096_osl32768_bs32_k9_20260614_temp1rl,32,4096,32768,final,metrics,docs/lyris_qwen235b_standalone_temp1rl_20260614_metrics.csv,no,1,full_osl32k_qwen235b_pard_k9
SWE,Qwen/Qwen3-235B-A22B,1.0,pard,9,pard_k9,swebench_verified_prompts_all.jsonl | qwen235b_a22b_swe_verified_osl32k_bsweep_lyris_tp4_fp8kv_bs32_pard_offset0_n32_isl4096_osl32768_bs32_k9_20260614_temp1rl,32,4096,32768,final,metrics,docs/lyris_qwen235b_standalone_temp1rl_20260614_metrics.csv,no,1,verified_osl32k_qwen235b_pard_k9
SWE,Qwen/Qwen3-235B-A22B,1.0,pard_k9,9,pard_k9,full | full_osl32k_qwen235b_pard_k9,32,4096,32768,manifest-only,manifest,docs/lyris_qwen235b_standalone_temp1rl_20260614_manifest.csv,no,1,full_osl32k_qwen235b_pard_k9
SWE,Qwen/Qwen3-235B-A22B,1.0,pard_k9,9,pard_k9,verified | verified_osl32k_qwen235b_pard_k9,32,4096,32768,manifest-only,manifest,docs/lyris_qwen235b_standalone_temp1rl_20260614_manifest.csv,no,1,verified_osl32k_qwen235b_pard_k9
SWE,Qwen/Qwen3-235B-A22B,1.0,pard_k9,9,pard_k9,full | full_osl32k_qwen235b_pard_k9,32,4096,32768,manifest-only,status,docs/lyris_qwen235b_standalone_temp1rl_20260614_status.csv,no,1,full_osl32k_qwen235b_pard_k9
SWE,Qwen/Qwen3-235B-A22B,1.0,pard_k9,9,pard_k9,verified | verified_osl32k_qwen235b_pard_k9,32,4096,32768,manifest-only,status,docs/lyris_qwen235b_standalone_temp1rl_20260614_status.csv,no,1,verified_osl32k_qwen235b_pard_k9
SWE,Qwen/Qwen3-235B-A22B,1.0,suffix,,suffix,,1,4096,32768,failed,status,docs/lyris_swebench_osl32k_temp01_core_matrix_20260616_status_live.csv,yes_source_batch_only,1,2133884
SWE,Qwen/Qwen3-235B-A22B,1.0,suffix,,suffix,,1,4096,32768,manifest-only,status,docs/lyris_swebench_osl32k_temp01_core_matrix_20260616_status_live.csv,yes_source_batch_only,2,2138640; 2133936
SWE,Qwen/Qwen3-235B-A22B,1.0,suffix,,suffix,,2,4096,32768,failed,status,docs/lyris_swebench_osl32k_temp01_core_matrix_20260616_status_live.csv,yes_source_batch_only,1,2133884
SWE,Qwen/Qwen3-235B-A22B,1.0,suffix,,suffix,,2,4096,32768,manifest-only,status,docs/lyris_swebench_osl32k_temp01_core_matrix_20260616_status_live.csv,yes_source_batch_only,1,2133936
SWE,Qwen/Qwen3-235B-A22B,1.0,suffix,16,suffix_k16,swebench_full_test_prompts_all.jsonl | qwen235b_a22b_swe_full_osl32k_bsweep_lyris_tp4_fp8kv_bs2_suffix_offset0_n2_isl4096_osl32768_bs2_k16_arctic_20260614_temp1rl,2,4096,32768,final,metrics,docs/lyris_qwen235b_standalone_temp1rl_20260614_metrics.csv,yes_source_batch_only,1,full_osl32k_qwen235b_suffix_k16
SWE,Qwen/Qwen3-235B-A22B,1.0,suffix,16,suffix_k16,swebench_verified_prompts_all.jsonl | qwen235b_a22b_swe_verified_osl32k_bsweep_lyris_tp4_fp8kv_bs2_suffix_offset0_n2_isl4096_osl32768_bs2_k16_arctic_20260614_temp1rl,2,4096,32768,final,metrics,docs/lyris_qwen235b_standalone_temp1rl_20260614_metrics.csv,yes_source_batch_only,1,verified_osl32k_qwen235b_suffix_k16
SWE,Qwen/Qwen3-235B-A22B,1.0,suffix_k16,16,suffix_k16,full | full_osl32k_qwen235b_suffix_k16,2,4096,32768,manifest-only,manifest,docs/lyris_qwen235b_standalone_temp1rl_20260614_manifest.csv,no,1,full_osl32k_qwen235b_suffix_k16
SWE,Qwen/Qwen3-235B-A22B,1.0,suffix_k16,16,suffix_k16,verified | verified_osl32k_qwen235b_suffix_k16,2,4096,32768,manifest-only,manifest,docs/lyris_qwen235b_standalone_temp1rl_20260614_manifest.csv,no,1,verified_osl32k_qwen235b_suffix_k16
SWE,Qwen/Qwen3-235B-A22B,1.0,suffix_k16,16,suffix_k16,full | full_osl32k_qwen235b_suffix_k16,2,4096,32768,manifest-only,status,docs/lyris_qwen235b_standalone_temp1rl_20260614_status.csv,yes_source_batch_only,1,full_osl32k_qwen235b_suffix_k16
SWE,Qwen/Qwen3-235B-A22B,1.0,suffix_k16,16,suffix_k16,verified | verified_osl32k_qwen235b_suffix_k16,2,4096,32768,manifest-only,status,docs/lyris_qwen235b_standalone_temp1rl_20260614_status.csv,yes_source_batch_only,1,verified_osl32k_qwen235b_suffix_k16
SWE,Qwen/Qwen3-235B-A22B,1.0,suffix,16,suffix_k16,swebench_full_test_prompts_all.jsonl | qwen235b_a22b_swe_full_osl32k_bsweep_lyris_tp4_fp8kv_bs4_suffix_offset0_n4_isl4096_osl32768_bs4_k16_arctic_20260614_temp1rl,4,4096,32768,final,metrics,docs/lyris_qwen235b_standalone_temp1rl_20260614_metrics.csv,no,1,full_osl32k_qwen235b_suffix_k16
SWE,Qwen/Qwen3-235B-A22B,1.0,suffix,16,suffix_k16,swebench_verified_prompts_all.jsonl | qwen235b_a22b_swe_verified_osl32k_bsweep_lyris_tp4_fp8kv_bs4_suffix_offset0_n4_isl4096_osl32768_bs4_k16_arctic_20260614_temp1rl,4,4096,32768,final,metrics,docs/lyris_qwen235b_standalone_temp1rl_20260614_metrics.csv,no,1,verified_osl32k_qwen235b_suffix_k16
SWE,Qwen/Qwen3-235B-A22B,1.0,suffix_k16,16,suffix_k16,full | full_osl32k_qwen235b_suffix_k16,4,4096,32768,manifest-only,manifest,docs/lyris_qwen235b_standalone_temp1rl_20260614_manifest.csv,no,1,full_osl32k_qwen235b_suffix_k16
SWE,Qwen/Qwen3-235B-A22B,1.0,suffix_k16,16,suffix_k16,verified | verified_osl32k_qwen235b_suffix_k16,4,4096,32768,manifest-only,manifest,docs/lyris_qwen235b_standalone_temp1rl_20260614_manifest.csv,no,1,verified_osl32k_qwen235b_suffix_k16
SWE,Qwen/Qwen3-235B-A22B,1.0,suffix_k16,16,suffix_k16,full | full_osl32k_qwen235b_suffix_k16,4,4096,32768,manifest-only,status,docs/lyris_qwen235b_standalone_temp1rl_20260614_status.csv,no,1,full_osl32k_qwen235b_suffix_k16
SWE,Qwen/Qwen3-235B-A22B,1.0,suffix_k16,16,suffix_k16,verified | verified_osl32k_qwen235b_suffix_k16,4,4096,32768,manifest-only,status,docs/lyris_qwen235b_standalone_temp1rl_20260614_status.csv,no,1,verified_osl32k_qwen235b_suffix_k16
SWE,Qwen/Qwen3-235B-A22B,1.0,suffix,16,suffix_k16,swebench_full_test_prompts_all.jsonl | qwen235b_a22b_swe_full_osl32k_bsweep_lyris_tp4_fp8kv_bs8_suffix_offset0_n8_isl4096_osl32768_bs8_k16_arctic_20260614_temp1rl,8,4096,32768,final,metrics,docs/lyris_qwen235b_standalone_temp1rl_20260614_metrics.csv,no,1,full_osl32k_qwen235b_suffix_k16
SWE,Qwen/Qwen3-235B-A22B,1.0,suffix,16,suffix_k16,swebench_verified_prompts_all.jsonl | qwen235b_a22b_swe_verified_osl32k_bsweep_lyris_tp4_fp8kv_bs8_suffix_offset0_n8_isl4096_osl32768_bs8_k16_arctic_20260614_temp1rl,8,4096,32768,final,metrics,docs/lyris_qwen235b_standalone_temp1rl_20260614_metrics.csv,no,1,verified_osl32k_qwen235b_suffix_k16
SWE,Qwen/Qwen3-235B-A22B,1.0,suffix_k16,16,suffix_k16,full | full_osl32k_qwen235b_suffix_k16,8,4096,32768,manifest-only,manifest,docs/lyris_qwen235b_standalone_temp1rl_20260614_manifest.csv,no,1,full_osl32k_qwen235b_suffix_k16
SWE,Qwen/Qwen3-235B-A22B,1.0,suffix_k16,16,suffix_k16,verified | verified_osl32k_qwen235b_suffix_k16,8,4096,32768,manifest-only,manifest,docs/lyris_qwen235b_standalone_temp1rl_20260614_manifest.csv,no,1,verified_osl32k_qwen235b_suffix_k16
SWE,Qwen/Qwen3-235B-A22B,1.0,suffix_k16,16,suffix_k16,full | full_osl32k_qwen235b_suffix_k16,8,4096,32768,manifest-only,status,docs/lyris_qwen235b_standalone_temp1rl_20260614_status.csv,no,1,full_osl32k_qwen235b_suffix_k16
SWE,Qwen/Qwen3-235B-A22B,1.0,suffix_k16,16,suffix_k16,verified | verified_osl32k_qwen235b_suffix_k16,8,4096,32768,manifest-only,status,docs/lyris_qwen235b_standalone_temp1rl_20260614_status.csv,no,1,verified_osl32k_qwen235b_suffix_k16
SWE,Qwen/Qwen3-235B-A22B,1.0,suffix,16,suffix_k16,swebench_full_test_prompts_all.jsonl | qwen235b_a22b_swe_full_osl32k_bsweep_lyris_tp4_fp8kv_bs16_suffix_offset0_n16_isl4096_osl32768_bs16_k16_arctic_20260614_temp1rl,16,4096,32768,final,metrics,docs/lyris_qwen235b_standalone_temp1rl_20260614_metrics.csv,no,1,full_osl32k_qwen235b_suffix_k16
SWE,Qwen/Qwen3-235B-A22B,1.0,suffix,16,suffix_k16,swebench_verified_prompts_all.jsonl | qwen235b_a22b_swe_verified_osl32k_bsweep_lyris_tp4_fp8kv_bs16_suffix_offset0_n16_isl4096_osl32768_bs16_k16_arctic_20260614_temp1rl,16,4096,32768,final,metrics,docs/lyris_qwen235b_standalone_temp1rl_20260614_metrics.csv,no,1,verified_osl32k_qwen235b_suffix_k16
SWE,Qwen/Qwen3-235B-A22B,1.0,suffix_k16,16,suffix_k16,full | full_osl32k_qwen235b_suffix_k16,16,4096,32768,manifest-only,manifest,docs/lyris_qwen235b_standalone_temp1rl_20260614_manifest.csv,no,1,full_osl32k_qwen235b_suffix_k16
SWE,Qwen/Qwen3-235B-A22B,1.0,suffix_k16,16,suffix_k16,verified | verified_osl32k_qwen235b_suffix_k16,16,4096,32768,manifest-only,manifest,docs/lyris_qwen235b_standalone_temp1rl_20260614_manifest.csv,no,1,verified_osl32k_qwen235b_suffix_k16
SWE,Qwen/Qwen3-235B-A22B,1.0,suffix_k16,16,suffix_k16,full | full_osl32k_qwen235b_suffix_k16,16,4096,32768,manifest-only,status,docs/lyris_qwen235b_standalone_temp1rl_20260614_status.csv,no,1,full_osl32k_qwen235b_suffix_k16
SWE,Qwen/Qwen3-235B-A22B,1.0,suffix_k16,16,suffix_k16,verified | verified_osl32k_qwen235b_suffix_k16,16,4096,32768,manifest-only,status,docs/lyris_qwen235b_standalone_temp1rl_20260614_status.csv,no,1,verified_osl32k_qwen235b_suffix_k16
SWE,Qwen/Qwen3-235B-A22B,1.0,suffix,16,suffix_k16,swebench_full_test_prompts_all.jsonl | qwen235b_a22b_swe_full_osl32k_bsweep_lyris_tp4_fp8kv_bs32_suffix_offset0_n32_isl4096_osl32768_bs32_k16_arctic_20260614_temp1rl,32,4096,32768,final,metrics,docs/lyris_qwen235b_standalone_temp1rl_20260614_metrics.csv,no,1,full_osl32k_qwen235b_suffix_k16
SWE,Qwen/Qwen3-235B-A22B,1.0,suffix,16,suffix_k16,swebench_verified_prompts_all.jsonl | qwen235b_a22b_swe_verified_osl32k_bsweep_lyris_tp4_fp8kv_bs32_suffix_offset0_n32_isl4096_osl32768_bs32_k16_arctic_20260614_temp1rl,32,4096,32768,final,metrics,docs/lyris_qwen235b_standalone_temp1rl_20260614_metrics.csv,no,1,verified_osl32k_qwen235b_suffix_k16
SWE,Qwen/Qwen3-235B-A22B,1.0,suffix_k16,16,suffix_k16,full | full_osl32k_qwen235b_suffix_k16,32,4096,32768,manifest-only,manifest,docs/lyris_qwen235b_standalone_temp1rl_20260614_manifest.csv,no,1,full_osl32k_qwen235b_suffix_k16
SWE,Qwen/Qwen3-235B-A22B,1.0,suffix_k16,16,suffix_k16,verified | verified_osl32k_qwen235b_suffix_k16,32,4096,32768,manifest-only,manifest,docs/lyris_qwen235b_standalone_temp1rl_20260614_manifest.csv,no,1,verified_osl32k_qwen235b_suffix_k16
SWE,Qwen/Qwen3-235B-A22B,1.0,suffix_k16,16,suffix_k16,full | full_osl32k_qwen235b_suffix_k16,32,4096,32768,manifest-only,status,docs/lyris_qwen235b_standalone_temp1rl_20260614_status.csv,no,1,full_osl32k_qwen235b_suffix_k16
SWE,Qwen/Qwen3-235B-A22B,1.0,suffix_k16,16,suffix_k16,verified | verified_osl32k_qwen235b_suffix_k16,32,4096,32768,manifest-only,status,docs/lyris_qwen235b_standalone_temp1rl_20260614_status.csv,no,1,verified_osl32k_qwen235b_suffix_k16
SWE,Qwen/Qwen3-235B-A22B,1.0,suffix,32,suffix_k32,unknown | unknown_osl32k_qwen235b_t10_suffix_k32,1,4096,32768,failed,status,docs/lyris_swebench_osl32k_temp01_core_matrix_20260616_partial_status.csv,no,1,unknown_osl32k_qwen235b_t10_suffix_k32
SWE,Qwen/Qwen3-235B-A22B,1.0,suffix,32,suffix_k32,unknown | unknown_osl32k_qwen235b_suffix_k32,1,4096,32768,failed,status,docs/lyris_swebench_osl32k_temp01_core_matrix_20260616_status.csv,no,1,unknown_osl32k_qwen235b_suffix_k32
SWE,Qwen/Qwen3-235B-A22B,1.0,suffix,32,suffix_k32,swebench_verified_prompts_all.jsonl | qwen235b_swe_verified_osl32k_temp01_suffix_offset0_n1_isl4096_osl32768_bs1_k32_20260616_swe_temp01_core_home_mount_qwen235b_bs1_n1_t10,1,4096,32768,final,metrics,docs/lyris_swebench_osl32k_temp01_core_matrix_20260616_metrics_live.csv,yes_row,1,swe_t10_qwen235b_suffix_k32_bs1_j2138640
SWE,Qwen/Qwen3-235B-A22B,1.0,suffix,32,suffix_k32,swebench_verified_prompts_all.jsonl | qwen235b_swe_verified_osl32k_temp01_suffix_offset0_n4_isl4096_osl32768_bs1_2_k32_arctic_20260616_swe_temp01_core_home_retry_qwen235b_t10,1,4096,32768,final,metrics,docs/lyris_swebench_osl32k_temp01_core_matrix_20260616_metrics_live.csv,yes_row,1,swe_t10_qwen235b_suffix_k32_bs1_j2133936
SWE,Qwen/Qwen3-235B-A22B,1.0,suffix,32,suffix_k32,swebench_verified_prompts_all.jsonl | qwen235b_swe_verified_osl32k_temp01_suffix_offset0_n4_isl4096_osl32768_bs1_2_k32_arctic_20260616_swe_temp01_core_home_retry_qwen235b_t10,1,4096,32768,final,metrics,docs/lyris_swebench_osl32k_temp01_home_retry_metrics_live_20260616.csv,no,1,qwen235b_swe_verified_osl32k_temp01_suffix_offset0_n4_isl4096_osl32768_bs1_2_k32_arctic_20260616_swe_temp01_core_home_retry_qwen235b_t10
SWE,Qwen/Qwen3-235B-A22B,1.0,suffix,32,suffix_k32,unknown | unknown_osl32k_qwen235b_suffix_k32,1,4096,32768,manifest-only,manifest,docs/lyris_swebench_osl32k_temp01_core_matrix_20260616_manifest.csv,yes_row,2,unknown_osl32k_qwen235b_suffix_k32
SWE,Qwen/Qwen3-235B-A22B,1.0,suffix,32,suffix_k32,unknown | unknown_osl32k_qwen235b_t10_suffix_k32,1,4096,32768,manifest-only,manifest,docs/lyris_swebench_osl32k_temp01_core_matrix_20260616_partial_manifest.csv,no,3,unknown_osl32k_qwen235b_t10_suffix_k32
SWE,Qwen/Qwen3-235B-A22B,1.0,suffix,32,suffix_k32,unknown | unknown_osl32k_qwen235b_t10_suffix_k32,1,4096,32768,manifest-only,status,docs/lyris_swebench_osl32k_temp01_core_matrix_20260616_partial_status.csv,no,2,unknown_osl32k_qwen235b_t10_suffix_k32
SWE,Qwen/Qwen3-235B-A22B,1.0,suffix,32,suffix_k32,swebench_verified_prompts_all.jsonl | qwen235b_swe_verified_osl32k_temp01_suffix_offset0_n1_isl4096_osl32768_bs1_k32_20260616_swe_temp01_core_home_mount_qwen235b_bs1_n1_t10,1,4096,32768,partial,metrics,docs/lyris_swebench_osl32k_temp01_core_matrix_20260616_partial_metrics.csv,no,1,unknown_osl32k_qwen235b_t10_suffix_k32
SWE,Qwen/Qwen3-235B-A22B,1.0,suffix,32,suffix_k32,swebench_verified_prompts_all.jsonl | qwen235b_swe_verified_osl32k_temp01_suffix_offset0_n4_isl4096_osl32768_bs1_2_k32_arctic_20260616_swe_temp01_core_home_retry_qwen235b_t10,1,4096,32768,partial,metrics,docs/lyris_swebench_osl32k_temp01_core_matrix_20260616_partial_metrics.csv,no,1,unknown_osl32k_qwen235b_t10_suffix_k32
SWE,Qwen/Qwen3-235B-A22B,1.0,suffix,32,suffix_k32,unknown | unknown_osl32k_qwen235b_suffix_k32,1,4096,32768,partial,status,docs/lyris_swebench_osl32k_temp01_core_matrix_20260616_status.csv,no,1,unknown_osl32k_qwen235b_suffix_k32
SWE,Qwen/Qwen3-235B-A22B,1.0,suffix,32,suffix_k32,unknown | unknown_osl32k_qwen235b_t10_suffix_k32,2,4096,32768,failed,status,docs/lyris_swebench_osl32k_temp01_core_matrix_20260616_partial_status.csv,no,1,unknown_osl32k_qwen235b_t10_suffix_k32
SWE,Qwen/Qwen3-235B-A22B,1.0,suffix,32,suffix_k32,unknown | unknown_osl32k_qwen235b_suffix_k32,2,4096,32768,failed,status,docs/lyris_swebench_osl32k_temp01_core_matrix_20260616_status.csv,no,1,unknown_osl32k_qwen235b_suffix_k32
SWE,Qwen/Qwen3-235B-A22B,1.0,suffix,32,suffix_k32,swebench_verified_prompts_all.jsonl | qwen235b_swe_verified_osl32k_temp01_suffix_offset0_n4_isl4096_osl32768_bs1_2_k32_arctic_20260616_swe_temp01_core_home_retry_qwen235b_t10,2,4096,32768,final,metrics,docs/lyris_swebench_osl32k_temp01_core_matrix_20260616_metrics_live.csv,yes_row,1,swe_t10_qwen235b_suffix_k32_bs2_j2133936
SWE,Qwen/Qwen3-235B-A22B,1.0,suffix,32,suffix_k32,swebench_verified_prompts_all.jsonl | qwen235b_swe_verified_osl32k_temp01_suffix_offset0_n4_isl4096_osl32768_bs1_2_k32_arctic_20260616_swe_temp01_core_home_retry_qwen235b_t10,2,4096,32768,final,metrics,docs/lyris_swebench_osl32k_temp01_home_retry_metrics_live_20260616.csv,no,1,qwen235b_swe_verified_osl32k_temp01_suffix_offset0_n4_isl4096_osl32768_bs1_2_k32_arctic_20260616_swe_temp01_core_home_retry_qwen235b_t10
SWE,Qwen/Qwen3-235B-A22B,1.0,suffix,32,suffix_k32,unknown | unknown_osl32k_qwen235b_suffix_k32,2,4096,32768,manifest-only,manifest,docs/lyris_swebench_osl32k_temp01_core_matrix_20260616_manifest.csv,yes_row,2,unknown_osl32k_qwen235b_suffix_k32
SWE,Qwen/Qwen3-235B-A22B,1.0,suffix,32,suffix_k32,unknown | unknown_osl32k_qwen235b_t10_suffix_k32,2,4096,32768,manifest-only,manifest,docs/lyris_swebench_osl32k_temp01_core_matrix_20260616_partial_manifest.csv,no,2,unknown_osl32k_qwen235b_t10_suffix_k32
SWE,Qwen/Qwen3-235B-A22B,1.0,suffix,32,suffix_k32,unknown | unknown_osl32k_qwen235b_t10_suffix_k32,2,4096,32768,manifest-only,status,docs/lyris_swebench_osl32k_temp01_core_matrix_20260616_partial_status.csv,no,1,unknown_osl32k_qwen235b_t10_suffix_k32
SWE,Qwen/Qwen3-235B-A22B,1.0,suffix,32,suffix_k32,swebench_verified_prompts_all.jsonl | qwen235b_swe_verified_osl32k_temp01_suffix_offset0_n4_isl4096_osl32768_bs1_2_k32_arctic_20260616_swe_temp01_core_home_retry_qwen235b_t10,2,4096,32768,partial,metrics,docs/lyris_swebench_osl32k_temp01_core_matrix_20260616_partial_metrics.csv,no,1,unknown_osl32k_qwen235b_t10_suffix_k32
SWE,Qwen/Qwen3-235B-A22B,1.0,suffix,32,suffix_k32,unknown | unknown_osl32k_qwen235b_suffix_k32,2,4096,32768,partial,status,docs/lyris_swebench_osl32k_temp01_core_matrix_20260616_status.csv,no,1,unknown_osl32k_qwen235b_suffix_k32
SWE,Qwen/Qwen3-235B-A22B,1.0,suffix,8,suffix_k8,swebench_full_test_prompts_all.jsonl | qwen235b_a22b_swe_full_osl32k_bsweep_lyris_tp4_fp8kv_bs2_suffix_offset0_n2_isl4096_osl32768_bs2_k8_arctic_20260614_temp1rl,2,4096,32768,final,metrics,docs/lyris_qwen235b_standalone_temp1rl_20260614_metrics.csv,yes_source_batch_only,1,full_osl32k_qwen235b_suffix_k8
SWE,Qwen/Qwen3-235B-A22B,1.0,suffix,8,suffix_k8,swebench_verified_prompts_all.jsonl | qwen235b_a22b_swe_verified_osl32k_bsweep_lyris_tp4_fp8kv_bs2_suffix_offset0_n2_isl4096_osl32768_bs2_k8_arctic_20260614_temp1rl,2,4096,32768,final,metrics,docs/lyris_qwen235b_standalone_temp1rl_20260614_metrics.csv,yes_source_batch_only,1,verified_osl32k_qwen235b_suffix_k8
SWE,Qwen/Qwen3-235B-A22B,1.0,suffix_k8,8,suffix_k8,full | full_osl32k_qwen235b_suffix_k8,2,4096,32768,manifest-only,manifest,docs/lyris_qwen235b_standalone_temp1rl_20260614_manifest.csv,no,1,full_osl32k_qwen235b_suffix_k8
SWE,Qwen/Qwen3-235B-A22B,1.0,suffix_k8,8,suffix_k8,verified | verified_osl32k_qwen235b_suffix_k8,2,4096,32768,manifest-only,manifest,docs/lyris_qwen235b_standalone_temp1rl_20260614_manifest.csv,no,1,verified_osl32k_qwen235b_suffix_k8
SWE,Qwen/Qwen3-235B-A22B,1.0,suffix_k8,8,suffix_k8,full | full_osl32k_qwen235b_suffix_k8,2,4096,32768,manifest-only,status,docs/lyris_qwen235b_standalone_temp1rl_20260614_status.csv,yes_source_batch_only,1,full_osl32k_qwen235b_suffix_k8
SWE,Qwen/Qwen3-235B-A22B,1.0,suffix_k8,8,suffix_k8,verified | verified_osl32k_qwen235b_suffix_k8,2,4096,32768,manifest-only,status,docs/lyris_qwen235b_standalone_temp1rl_20260614_status.csv,yes_source_batch_only,1,verified_osl32k_qwen235b_suffix_k8
SWE,Qwen/Qwen3-235B-A22B,1.0,suffix,8,suffix_k8,swebench_full_test_prompts_all.jsonl | qwen235b_a22b_swe_full_osl32k_bsweep_lyris_tp4_fp8kv_bs4_suffix_offset0_n4_isl4096_osl32768_bs4_k8_arctic_20260614_temp1rl,4,4096,32768,final,metrics,docs/lyris_qwen235b_standalone_temp1rl_20260614_metrics.csv,no,1,full_osl32k_qwen235b_suffix_k8
SWE,Qwen/Qwen3-235B-A22B,1.0,suffix,8,suffix_k8,swebench_verified_prompts_all.jsonl | qwen235b_a22b_swe_verified_osl32k_bsweep_lyris_tp4_fp8kv_bs4_suffix_offset0_n4_isl4096_osl32768_bs4_k8_arctic_20260614_temp1rl,4,4096,32768,final,metrics,docs/lyris_qwen235b_standalone_temp1rl_20260614_metrics.csv,no,1,verified_osl32k_qwen235b_suffix_k8
SWE,Qwen/Qwen3-235B-A22B,1.0,suffix_k8,8,suffix_k8,full | full_osl32k_qwen235b_suffix_k8,4,4096,32768,manifest-only,manifest,docs/lyris_qwen235b_standalone_temp1rl_20260614_manifest.csv,no,1,full_osl32k_qwen235b_suffix_k8
SWE,Qwen/Qwen3-235B-A22B,1.0,suffix_k8,8,suffix_k8,verified | verified_osl32k_qwen235b_suffix_k8,4,4096,32768,manifest-only,manifest,docs/lyris_qwen235b_standalone_temp1rl_20260614_manifest.csv,no,1,verified_osl32k_qwen235b_suffix_k8
SWE,Qwen/Qwen3-235B-A22B,1.0,suffix_k8,8,suffix_k8,full | full_osl32k_qwen235b_suffix_k8,4,4096,32768,manifest-only,status,docs/lyris_qwen235b_standalone_temp1rl_20260614_status.csv,no,1,full_osl32k_qwen235b_suffix_k8
SWE,Qwen/Qwen3-235B-A22B,1.0,suffix_k8,8,suffix_k8,verified | verified_osl32k_qwen235b_suffix_k8,4,4096,32768,manifest-only,status,docs/lyris_qwen235b_standalone_temp1rl_20260614_status.csv,no,1,verified_osl32k_qwen235b_suffix_k8
SWE,Qwen/Qwen3-235B-A22B,1.0,suffix,8,suffix_k8,swebench_full_test_prompts_all.jsonl | qwen235b_a22b_swe_full_osl32k_bsweep_lyris_tp4_fp8kv_bs8_suffix_offset0_n8_isl4096_osl32768_bs8_k8_arctic_20260614_temp1rl,8,4096,32768,final,metrics,docs/lyris_qwen235b_standalone_temp1rl_20260614_metrics.csv,no,1,full_osl32k_qwen235b_suffix_k8
SWE,Qwen/Qwen3-235B-A22B,1.0,suffix,8,suffix_k8,swebench_verified_prompts_all.jsonl | qwen235b_a22b_swe_verified_osl32k_bsweep_lyris_tp4_fp8kv_bs8_suffix_offset0_n8_isl4096_osl32768_bs8_k8_arctic_20260614_temp1rl,8,4096,32768,final,metrics,docs/lyris_qwen235b_standalone_temp1rl_20260614_metrics.csv,no,1,verified_osl32k_qwen235b_suffix_k8
SWE,Qwen/Qwen3-235B-A22B,1.0,suffix_k8,8,suffix_k8,full | full_osl32k_qwen235b_suffix_k8,8,4096,32768,manifest-only,manifest,docs/lyris_qwen235b_standalone_temp1rl_20260614_manifest.csv,no,1,full_osl32k_qwen235b_suffix_k8
SWE,Qwen/Qwen3-235B-A22B,1.0,suffix_k8,8,suffix_k8,verified | verified_osl32k_qwen235b_suffix_k8,8,4096,32768,manifest-only,manifest,docs/lyris_qwen235b_standalone_temp1rl_20260614_manifest.csv,no,1,verified_osl32k_qwen235b_suffix_k8
SWE,Qwen/Qwen3-235B-A22B,1.0,suffix_k8,8,suffix_k8,full | full_osl32k_qwen235b_suffix_k8,8,4096,32768,manifest-only,status,docs/lyris_qwen235b_standalone_temp1rl_20260614_status.csv,no,1,full_osl32k_qwen235b_suffix_k8
SWE,Qwen/Qwen3-235B-A22B,1.0,suffix_k8,8,suffix_k8,verified | verified_osl32k_qwen235b_suffix_k8,8,4096,32768,manifest-only,status,docs/lyris_qwen235b_standalone_temp1rl_20260614_status.csv,no,1,verified_osl32k_qwen235b_suffix_k8
SWE,Qwen/Qwen3-235B-A22B,1.0,suffix,8,suffix_k8,swebench_full_test_prompts_all.jsonl | qwen235b_a22b_swe_full_osl32k_bsweep_lyris_tp4_fp8kv_bs16_suffix_offset0_n16_isl4096_osl32768_bs16_k8_arctic_20260614_temp1rl,16,4096,32768,final,metrics,docs/lyris_qwen235b_standalone_temp1rl_20260614_metrics.csv,no,1,full_osl32k_qwen235b_suffix_k8
SWE,Qwen/Qwen3-235B-A22B,1.0,suffix,8,suffix_k8,swebench_verified_prompts_all.jsonl | qwen235b_a22b_swe_verified_osl32k_bsweep_lyris_tp4_fp8kv_bs16_suffix_offset0_n16_isl4096_osl32768_bs16_k8_arctic_20260614_temp1rl,16,4096,32768,final,metrics,docs/lyris_qwen235b_standalone_temp1rl_20260614_metrics.csv,no,1,verified_osl32k_qwen235b_suffix_k8
SWE,Qwen/Qwen3-235B-A22B,1.0,suffix_k8,8,suffix_k8,full | full_osl32k_qwen235b_suffix_k8,16,4096,32768,manifest-only,manifest,docs/lyris_qwen235b_standalone_temp1rl_20260614_manifest.csv,no,1,full_osl32k_qwen235b_suffix_k8
SWE,Qwen/Qwen3-235B-A22B,1.0,suffix_k8,8,suffix_k8,verified | verified_osl32k_qwen235b_suffix_k8,16,4096,32768,manifest-only,manifest,docs/lyris_qwen235b_standalone_temp1rl_20260614_manifest.csv,no,1,verified_osl32k_qwen235b_suffix_k8
SWE,Qwen/Qwen3-235B-A22B,1.0,suffix_k8,8,suffix_k8,full | full_osl32k_qwen235b_suffix_k8,16,4096,32768,manifest-only,status,docs/lyris_qwen235b_standalone_temp1rl_20260614_status.csv,no,1,full_osl32k_qwen235b_suffix_k8
SWE,Qwen/Qwen3-235B-A22B,1.0,suffix_k8,8,suffix_k8,verified | verified_osl32k_qwen235b_suffix_k8,16,4096,32768,manifest-only,status,docs/lyris_qwen235b_standalone_temp1rl_20260614_status.csv,no,1,verified_osl32k_qwen235b_suffix_k8
SWE,Qwen/Qwen3-235B-A22B,1.0,suffix,8,suffix_k8,swebench_full_test_prompts_all.jsonl | qwen235b_a22b_swe_full_osl32k_bsweep_lyris_tp4_fp8kv_bs32_suffix_offset0_n32_isl4096_osl32768_bs32_k8_arctic_20260614_temp1rl,32,4096,32768,final,metrics,docs/lyris_qwen235b_standalone_temp1rl_20260614_metrics.csv,no,1,full_osl32k_qwen235b_suffix_k8
SWE,Qwen/Qwen3-235B-A22B,1.0,suffix,8,suffix_k8,swebench_verified_prompts_all.jsonl | qwen235b_a22b_swe_verified_osl32k_bsweep_lyris_tp4_fp8kv_bs32_suffix_offset0_n32_isl4096_osl32768_bs32_k8_arctic_20260614_temp1rl,32,4096,32768,final,metrics,docs/lyris_qwen235b_standalone_temp1rl_20260614_metrics.csv,no,1,verified_osl32k_qwen235b_suffix_k8
SWE,Qwen/Qwen3-235B-A22B,1.0,suffix_k8,8,suffix_k8,full | full_osl32k_qwen235b_suffix_k8,32,4096,32768,manifest-only,manifest,docs/lyris_qwen235b_standalone_temp1rl_20260614_manifest.csv,no,1,full_osl32k_qwen235b_suffix_k8
SWE,Qwen/Qwen3-235B-A22B,1.0,suffix_k8,8,suffix_k8,verified | verified_osl32k_qwen235b_suffix_k8,32,4096,32768,manifest-only,manifest,docs/lyris_qwen235b_standalone_temp1rl_20260614_manifest.csv,no,1,verified_osl32k_qwen235b_suffix_k8
SWE,Qwen/Qwen3-235B-A22B,1.0,suffix_k8,8,suffix_k8,full | full_osl32k_qwen235b_suffix_k8,32,4096,32768,manifest-only,status,docs/lyris_qwen235b_standalone_temp1rl_20260614_status.csv,no,1,full_osl32k_qwen235b_suffix_k8
SWE,Qwen/Qwen3-235B-A22B,1.0,suffix_k8,8,suffix_k8,verified | verified_osl32k_qwen235b_suffix_k8,32,4096,32768,manifest-only,status,docs/lyris_qwen235b_standalone_temp1rl_20260614_status.csv,no,1,verified_osl32k_qwen235b_suffix_k8
SWE,Qwen/Qwen3-30B-A3B,,baseline,,baseline,qwen30_baseline,1,4096,32768,manifest-only,manifest,docs/lyris_specdec_32k_manifest_20260612.csv,no,1,qwen30_baseline
SWE,Qwen/Qwen3-30B-A3B,,baseline,,baseline,full | full_osl128k_qwen30_baseline,1,4096,131072,manifest-only,manifest,docs/lyris_swebench_longosl_manifest_20260612.csv,no,1,full_osl128k_qwen30_baseline
SWE,Qwen/Qwen3-30B-A3B,,baseline,,baseline,full | full_osl16k_qwen30_baseline,1,4096,16384,manifest-only,manifest,docs/lyris_swebench_longosl_manifest_20260612.csv,no,1,full_osl16k_qwen30_baseline
SWE,Qwen/Qwen3-30B-A3B,,baseline,,baseline,full | full_osl32k_qwen30_baseline,1,4096,32768,manifest-only,manifest,docs/lyris_swebench_longosl_manifest_20260612.csv,no,1,full_osl32k_qwen30_baseline
SWE,Qwen/Qwen3-30B-A3B,,baseline,,baseline,full | full_osl64k_qwen30_baseline,1,4096,65536,manifest-only,manifest,docs/lyris_swebench_longosl_manifest_20260612.csv,no,1,full_osl64k_qwen30_baseline
SWE,Qwen/Qwen3-30B-A3B,,baseline,,baseline,verified | verified_osl128k_qwen30_baseline,1,4096,131072,manifest-only,manifest,docs/lyris_swebench_longosl_manifest_20260612.csv,no,1,verified_osl128k_qwen30_baseline
SWE,Qwen/Qwen3-30B-A3B,,baseline,,baseline,verified | verified_osl16k_qwen30_baseline,1,4096,16384,manifest-only,manifest,docs/lyris_swebench_longosl_manifest_20260612.csv,no,1,verified_osl16k_qwen30_baseline
SWE,Qwen/Qwen3-30B-A3B,,baseline,,baseline,verified | verified_osl64k_qwen30_baseline,1,4096,65536,manifest-only,manifest,docs/lyris_swebench_longosl_manifest_20260612.csv,no,1,verified_osl64k_qwen30_baseline
SWE,Qwen/Qwen3-30B-A3B,,baseline,,baseline,swebench_verified_prompts_all.jsonl | qwen30ba3b_swebench_verified_osl32k_lyris_publicpard_baseline_offset0_n4_isl4096_osl32768_bs1_2_20260611,1,4096,32768,partial,metrics,docs/lyris_specdec_32k_metrics_20260612.csv,no,1,qwen30_baseline
SWE,Qwen/Qwen3-30B-A3B,,baseline,,baseline,swebench_full_test_prompts_all.jsonl | qwen30ba3b_swe_full_osl128k_lyris_baseline_offset0_n1_isl4096_osl131072_bs1_20260611,1,4096,131072,partial,metrics,docs/lyris_swebench_longosl_metrics_20260612.csv,no,1,full_osl128k_qwen30_baseline
SWE,Qwen/Qwen3-30B-A3B,,baseline,,baseline,swebench_full_test_prompts_all.jsonl | qwen30ba3b_swe_full_osl16k_lyris_baseline_offset0_n4_isl4096_osl16384_bs1_2_20260611,1,4096,16384,partial,metrics,docs/lyris_swebench_longosl_metrics_20260612.csv,no,1,full_osl16k_qwen30_baseline
SWE,Qwen/Qwen3-30B-A3B,,baseline,,baseline,swebench_full_test_prompts_all.jsonl | qwen30ba3b_swe_full_osl32k_lyris_baseline_offset0_n4_isl4096_osl32768_bs1_2_20260611,1,4096,32768,partial,metrics,docs/lyris_swebench_longosl_metrics_20260612.csv,no,1,full_osl32k_qwen30_baseline
SWE,Qwen/Qwen3-30B-A3B,,baseline,,baseline,swebench_full_test_prompts_all.jsonl | qwen30ba3b_swe_full_osl64k_lyris_baseline_offset0_n2_isl4096_osl65536_bs1_20260611,1,4096,65536,partial,metrics,docs/lyris_swebench_longosl_metrics_20260612.csv,no,1,full_osl64k_qwen30_baseline
SWE,Qwen/Qwen3-30B-A3B,,baseline,,baseline,swebench_verified_prompts_all.jsonl | qwen30ba3b_swe_verified_osl128k_lyris_baseline_offset0_n1_isl4096_osl131072_bs1_20260611,1,4096,131072,partial,metrics,docs/lyris_swebench_longosl_metrics_20260612.csv,no,1,verified_osl128k_qwen30_baseline
SWE,Qwen/Qwen3-30B-A3B,,baseline,,baseline,swebench_verified_prompts_all.jsonl | qwen30ba3b_swe_verified_osl16k_lyris_baseline_offset0_n4_isl4096_osl16384_bs1_2_20260611,1,4096,16384,partial,metrics,docs/lyris_swebench_longosl_metrics_20260612.csv,no,1,verified_osl16k_qwen30_baseline
SWE,Qwen/Qwen3-30B-A3B,,baseline,,baseline,swebench_verified_prompts_all.jsonl | qwen30ba3b_swe_verified_osl64k_lyris_baseline_offset0_n2_isl4096_osl65536_bs1_20260611,1,4096,65536,partial,metrics,docs/lyris_swebench_longosl_metrics_20260612.csv,no,1,verified_osl64k_qwen30_baseline
SWE,Qwen/Qwen3-30B-A3B,,baseline,,baseline,qwen30_baseline,2,4096,32768,manifest-only,manifest,docs/lyris_specdec_32k_manifest_20260612.csv,no,1,qwen30_baseline
SWE,Qwen/Qwen3-30B-A3B,,baseline,,baseline,full | full_osl16k_qwen30_baseline,2,4096,16384,manifest-only,manifest,docs/lyris_swebench_longosl_manifest_20260612.csv,no,1,full_osl16k_qwen30_baseline
SWE,Qwen/Qwen3-30B-A3B,,baseline,,baseline,full | full_osl32k_qwen30_baseline,2,4096,32768,manifest-only,manifest,docs/lyris_swebench_longosl_manifest_20260612.csv,no,1,full_osl32k_qwen30_baseline
SWE,Qwen/Qwen3-30B-A3B,,baseline,,baseline,verified | verified_osl16k_qwen30_baseline,2,4096,16384,manifest-only,manifest,docs/lyris_swebench_longosl_manifest_20260612.csv,no,1,verified_osl16k_qwen30_baseline
SWE,Qwen/Qwen3-30B-A3B,,baseline,,baseline,swebench_verified_prompts_all.jsonl | qwen30ba3b_swebench_verified_osl32k_lyris_publicpard_baseline_offset0_n4_isl4096_osl32768_bs1_2_20260611,2,4096,32768,partial,metrics,docs/lyris_specdec_32k_metrics_20260612.csv,no,1,qwen30_baseline
SWE,Qwen/Qwen3-30B-A3B,,baseline,,baseline,swebench_full_test_prompts_all.jsonl | qwen30ba3b_swe_full_osl16k_lyris_baseline_offset0_n4_isl4096_osl16384_bs1_2_20260611,2,4096,16384,partial,metrics,docs/lyris_swebench_longosl_metrics_20260612.csv,no,1,full_osl16k_qwen30_baseline
SWE,Qwen/Qwen3-30B-A3B,,baseline,,baseline,swebench_full_test_prompts_all.jsonl | qwen30ba3b_swe_full_osl32k_lyris_baseline_offset0_n4_isl4096_osl32768_bs1_2_20260611,2,4096,32768,partial,metrics,docs/lyris_swebench_longosl_metrics_20260612.csv,no,1,full_osl32k_qwen30_baseline
SWE,Qwen/Qwen3-30B-A3B,,baseline,,baseline,swebench_verified_prompts_all.jsonl | qwen30ba3b_swe_verified_osl16k_lyris_baseline_offset0_n4_isl4096_osl16384_bs1_2_20260611,2,4096,16384,partial,metrics,docs/lyris_swebench_longosl_metrics_20260612.csv,no,1,verified_osl16k_qwen30_baseline
SWE,Qwen/Qwen3-30B-A3B,,baseline,,baseline,full | full_osl32k_qwen30_baseline,4,4096,32768,manifest-only,manifest,docs/lyris_swebench_longosl_manifest_20260612.csv,no,1,full_osl32k_qwen30_baseline
SWE,Qwen/Qwen3-30B-A3B,,baseline,,baseline,verified | verified_osl32k_qwen30_baseline,4,4096,32768,manifest-only,manifest,docs/lyris_swebench_longosl_manifest_20260612.csv,no,1,verified_osl32k_qwen30_baseline
SWE,Qwen/Qwen3-30B-A3B,,baseline,,baseline,full | full_osl32k_qwen30_baseline,4,4096,32768,manifest-only,manifest,docs/lyris_swebench_osl32k_batch_sweep_manifest_20260612.csv,no,1,full_osl32k_qwen30_baseline
SWE,Qwen/Qwen3-30B-A3B,,baseline,,baseline,verified | verified_osl32k_qwen30_baseline,4,4096,32768,manifest-only,manifest,docs/lyris_swebench_osl32k_batch_sweep_manifest_20260612.csv,no,1,verified_osl32k_qwen30_baseline
SWE,Qwen/Qwen3-30B-A3B,,baseline,,baseline,full | full_osl32k_qwen30_baseline,8,4096,32768,manifest-only,manifest,docs/lyris_swebench_longosl_manifest_20260612.csv,no,1,full_osl32k_qwen30_baseline
SWE,Qwen/Qwen3-30B-A3B,,baseline,,baseline,verified | verified_osl32k_qwen30_baseline,8,4096,32768,manifest-only,manifest,docs/lyris_swebench_longosl_manifest_20260612.csv,no,1,verified_osl32k_qwen30_baseline
SWE,Qwen/Qwen3-30B-A3B,,baseline,,baseline,full | full_osl32k_qwen30_baseline,8,4096,32768,manifest-only,manifest,docs/lyris_swebench_osl32k_batch_sweep_manifest_20260612.csv,no,1,full_osl32k_qwen30_baseline
SWE,Qwen/Qwen3-30B-A3B,,baseline,,baseline,verified | verified_osl32k_qwen30_baseline,8,4096,32768,manifest-only,manifest,docs/lyris_swebench_osl32k_batch_sweep_manifest_20260612.csv,no,1,verified_osl32k_qwen30_baseline
SWE,Qwen/Qwen3-30B-A3B,,baseline,5,baseline,swebench_lite_prompts_64.jsonl | qwen30ba3b_swebench_lite_baseline_isl4096_osl1024_bs8_16_k5_20260611,8,4096,1024,partial,metrics,docs/qwen30ba3b_swebench_completed_partial_metrics_20260611.csv,no,1,lite_baseline
SWE,Qwen/Qwen3-30B-A3B,,baseline,,baseline,full | full_osl32k_qwen30_baseline,16,4096,32768,manifest-only,manifest,docs/lyris_swebench_longosl_manifest_20260612.csv,no,1,full_osl32k_qwen30_baseline
SWE,Qwen/Qwen3-30B-A3B,,baseline,,baseline,verified | verified_osl32k_qwen30_baseline,16,4096,32768,manifest-only,manifest,docs/lyris_swebench_longosl_manifest_20260612.csv,no,1,verified_osl32k_qwen30_baseline
SWE,Qwen/Qwen3-30B-A3B,,baseline,,baseline,full | full_osl32k_qwen30_baseline,16,4096,32768,manifest-only,manifest,docs/lyris_swebench_osl32k_batch_sweep_manifest_20260612.csv,no,1,full_osl32k_qwen30_baseline
SWE,Qwen/Qwen3-30B-A3B,,baseline,,baseline,verified | verified_osl32k_qwen30_baseline,16,4096,32768,manifest-only,manifest,docs/lyris_swebench_osl32k_batch_sweep_manifest_20260612.csv,no,1,verified_osl32k_qwen30_baseline
SWE,Qwen/Qwen3-30B-A3B,,baseline,5,baseline,swebench_lite_prompts_64.jsonl | qwen30ba3b_swebench_lite_baseline_isl4096_osl1024_bs8_16_k5_20260611,16,4096,1024,partial,metrics,docs/qwen30ba3b_swebench_completed_partial_metrics_20260611.csv,no,1,lite_baseline
SWE,Qwen/Qwen3-30B-A3B,,baseline,,baseline,full | full_osl32k_qwen30_baseline,32,4096,32768,manifest-only,manifest,docs/lyris_swebench_longosl_manifest_20260612.csv,no,2,full_osl32k_qwen30_baseline
SWE,Qwen/Qwen3-30B-A3B,,baseline,,baseline,verified | verified_osl32k_qwen30_baseline,32,4096,32768,manifest-only,manifest,docs/lyris_swebench_longosl_manifest_20260612.csv,no,2,verified_osl32k_qwen30_baseline
SWE,Qwen/Qwen3-30B-A3B,,baseline,,baseline,full | full_osl32k_qwen30_baseline,32,4096,32768,manifest-only,manifest,docs/lyris_swebench_osl32k_batch_sweep_manifest_20260612.csv,no,2,full_osl32k_qwen30_baseline
SWE,Qwen/Qwen3-30B-A3B,,baseline,,baseline,verified | verified_osl32k_qwen30_baseline,32,4096,32768,manifest-only,manifest,docs/lyris_swebench_osl32k_batch_sweep_manifest_20260612.csv,no,2,verified_osl32k_qwen30_baseline
SWE,Qwen/Qwen3-30B-A3B,,pard,11,pard_k11,swebench_verified_prompts_all.jsonl | qwen30ba3b_swebench_verified_osl32k_lyris_publicpard_highk_pard_offset0_n4_isl4096_osl32768_bs1_2_k11_20260611,1,4096,32768,final,metrics,docs/lyris_specdec_32k_metrics_20260612.csv,no,1,qwen30_pard_k11
SWE,Qwen/Qwen3-30B-A3B,,pard,11,pard_k11,qwen30_pard_k11,1,4096,32768,manifest-only,manifest,docs/lyris_specdec_32k_manifest_20260612.csv,no,1,qwen30_pard_k11
SWE,Qwen/Qwen3-30B-A3B,,pard,11,pard_k11,swebench_verified_prompts_all.jsonl | qwen30ba3b_swebench_verified_osl32k_lyris_publicpard_highk_pard_offset0_n4_isl4096_osl32768_bs1_2_k11_20260611,2,4096,32768,final,metrics,docs/lyris_specdec_32k_metrics_20260612.csv,no,1,qwen30_pard_k11
SWE,Qwen/Qwen3-30B-A3B,,pard,11,pard_k11,qwen30_pard_k11,2,4096,32768,manifest-only,manifest,docs/lyris_specdec_32k_manifest_20260612.csv,no,1,qwen30_pard_k11
SWE,Qwen/Qwen3-30B-A3B,,pard,5,pard_k5,swebench_verified_prompts_all.jsonl | qwen30ba3b_swebench_verified_osl32k_lyris_publicpard_pard_offset0_n4_isl4096_osl32768_bs1_2_k5_20260611,1,4096,32768,final,metrics,docs/lyris_specdec_32k_metrics_20260612.csv,no,1,qwen30_pard_k5
SWE,Qwen/Qwen3-30B-A3B,,pard,5,pard_k5,swebench_full_test_prompts_all.jsonl | qwen30ba3b_swe_full_osl16k_lyris_pard_offset0_n4_isl4096_osl16384_bs1_2_k5_20260611,1,4096,16384,final,metrics,docs/lyris_swebench_longosl_metrics_20260612.csv,no,1,full_osl16k_qwen30_pard_k5
SWE,Qwen/Qwen3-30B-A3B,,pard,5,pard_k5,swebench_full_test_prompts_all.jsonl | qwen30ba3b_swe_full_osl32k_lyris_pard_offset0_n4_isl4096_osl32768_bs1_2_k5_20260611,1,4096,32768,final,metrics,docs/lyris_swebench_longosl_metrics_20260612.csv,no,1,full_osl32k_qwen30_pard_k5
SWE,Qwen/Qwen3-30B-A3B,,pard,5,pard_k5,swebench_full_test_prompts_all.jsonl | qwen30ba3b_swe_full_osl64k_lyris_pard_offset0_n2_isl4096_osl65536_bs1_k5_20260611,1,4096,65536,final,metrics,docs/lyris_swebench_longosl_metrics_20260612.csv,no,1,full_osl64k_qwen30_pard_k5
SWE,Qwen/Qwen3-30B-A3B,,pard,5,pard_k5,swebench_verified_prompts_all.jsonl | qwen30ba3b_swe_verified_osl16k_lyris_pard_offset0_n4_isl4096_osl16384_bs1_2_k5_20260611,1,4096,16384,final,metrics,docs/lyris_swebench_longosl_metrics_20260612.csv,no,1,verified_osl16k_qwen30_pard_k5
SWE,Qwen/Qwen3-30B-A3B,,pard,5,pard_k5,swebench_verified_prompts_all.jsonl | qwen30ba3b_swe_verified_osl64k_lyris_pard_offset0_n2_isl4096_osl65536_bs1_k5_20260611,1,4096,65536,final,metrics,docs/lyris_swebench_longosl_metrics_20260612.csv,no,1,verified_osl64k_qwen30_pard_k5
SWE,Qwen/Qwen3-30B-A3B,,pard,5,pard_k5,qwen30_pard_k5,1,4096,32768,manifest-only,manifest,docs/lyris_specdec_32k_manifest_20260612.csv,no,1,qwen30_pard_k5
SWE,Qwen/Qwen3-30B-A3B,,pard,5,pard_k5,full | full_osl128k_qwen30_pard_k5,1,4096,131072,manifest-only,manifest,docs/lyris_swebench_longosl_manifest_20260612.csv,no,1,full_osl128k_qwen30_pard_k5
SWE,Qwen/Qwen3-30B-A3B,,pard,5,pard_k5,full | full_osl16k_qwen30_pard_k5,1,4096,16384,manifest-only,manifest,docs/lyris_swebench_longosl_manifest_20260612.csv,no,1,full_osl16k_qwen30_pard_k5
SWE,Qwen/Qwen3-30B-A3B,,pard,5,pard_k5,full | full_osl32k_qwen30_pard_k5,1,4096,32768,manifest-only,manifest,docs/lyris_swebench_longosl_manifest_20260612.csv,no,1,full_osl32k_qwen30_pard_k5
SWE,Qwen/Qwen3-30B-A3B,,pard,5,pard_k5,full | full_osl64k_qwen30_pard_k5,1,4096,65536,manifest-only,manifest,docs/lyris_swebench_longosl_manifest_20260612.csv,no,1,full_osl64k_qwen30_pard_k5
SWE,Qwen/Qwen3-30B-A3B,,pard,5,pard_k5,verified | verified_osl128k_qwen30_pard_k5,1,4096,131072,manifest-only,manifest,docs/lyris_swebench_longosl_manifest_20260612.csv,no,1,verified_osl128k_qwen30_pard_k5
SWE,Qwen/Qwen3-30B-A3B,,pard,5,pard_k5,verified | verified_osl16k_qwen30_pard_k5,1,4096,16384,manifest-only,manifest,docs/lyris_swebench_longosl_manifest_20260612.csv,no,1,verified_osl16k_qwen30_pard_k5
SWE,Qwen/Qwen3-30B-A3B,,pard,5,pard_k5,verified | verified_osl64k_qwen30_pard_k5,1,4096,65536,manifest-only,manifest,docs/lyris_swebench_longosl_manifest_20260612.csv,no,1,verified_osl64k_qwen30_pard_k5
SWE,Qwen/Qwen3-30B-A3B,,pard,5,pard_k5,swebench_verified_prompts_all.jsonl | qwen30ba3b_swebench_verified_osl32k_lyris_publicpard_pard_offset0_n4_isl4096_osl32768_bs1_2_k5_20260611,2,4096,32768,final,metrics,docs/lyris_specdec_32k_metrics_20260612.csv,no,1,qwen30_pard_k5
SWE,Qwen/Qwen3-30B-A3B,,pard,5,pard_k5,swebench_full_test_prompts_all.jsonl | qwen30ba3b_swe_full_osl16k_lyris_pard_offset0_n4_isl4096_osl16384_bs1_2_k5_20260611,2,4096,16384,final,metrics,docs/lyris_swebench_longosl_metrics_20260612.csv,no,1,full_osl16k_qwen30_pard_k5
SWE,Qwen/Qwen3-30B-A3B,,pard,5,pard_k5,swebench_full_test_prompts_all.jsonl | qwen30ba3b_swe_full_osl32k_lyris_pard_offset0_n4_isl4096_osl32768_bs1_2_k5_20260611,2,4096,32768,final,metrics,docs/lyris_swebench_longosl_metrics_20260612.csv,no,1,full_osl32k_qwen30_pard_k5
SWE,Qwen/Qwen3-30B-A3B,,pard,5,pard_k5,swebench_verified_prompts_all.jsonl | qwen30ba3b_swe_verified_osl16k_lyris_pard_offset0_n4_isl4096_osl16384_bs1_2_k5_20260611,2,4096,16384,final,metrics,docs/lyris_swebench_longosl_metrics_20260612.csv,no,1,verified_osl16k_qwen30_pard_k5
SWE,Qwen/Qwen3-30B-A3B,,pard,5,pard_k5,qwen30_pard_k5,2,4096,32768,manifest-only,manifest,docs/lyris_specdec_32k_manifest_20260612.csv,no,1,qwen30_pard_k5
SWE,Qwen/Qwen3-30B-A3B,,pard,5,pard_k5,full | full_osl16k_qwen30_pard_k5,2,4096,16384,manifest-only,manifest,docs/lyris_swebench_longosl_manifest_20260612.csv,no,1,full_osl16k_qwen30_pard_k5
SWE,Qwen/Qwen3-30B-A3B,,pard,5,pard_k5,full | full_osl32k_qwen30_pard_k5,2,4096,32768,manifest-only,manifest,docs/lyris_swebench_longosl_manifest_20260612.csv,no,1,full_osl32k_qwen30_pard_k5
SWE,Qwen/Qwen3-30B-A3B,,pard,5,pard_k5,verified | verified_osl16k_qwen30_pard_k5,2,4096,16384,manifest-only,manifest,docs/lyris_swebench_longosl_manifest_20260612.csv,no,1,verified_osl16k_qwen30_pard_k5
SWE,Qwen/Qwen3-30B-A3B,,pard,5,pard_k5,swebench_full_test_prompts_all.jsonl | qwen30ba3b_swe_full_osl32k_bsweep_lyris_bs4_pard_offset0_n4_isl4096_osl32768_bs4_k5_20260612,4,4096,32768,final,metrics,docs/lyris_swebench_longosl_metrics_20260612.csv,no,1,full_osl32k_qwen30_pard_k5
SWE,Qwen/Qwen3-30B-A3B,,pard,5,pard_k5,full | full_osl32k_qwen30_pard_k5,4,4096,32768,manifest-only,manifest,docs/lyris_swebench_longosl_manifest_20260612.csv,no,1,full_osl32k_qwen30_pard_k5
SWE,Qwen/Qwen3-30B-A3B,,pard,5,pard_k5,verified | verified_osl32k_qwen30_pard_k5,4,4096,32768,manifest-only,manifest,docs/lyris_swebench_longosl_manifest_20260612.csv,no,1,verified_osl32k_qwen30_pard_k5
SWE,Qwen/Qwen3-30B-A3B,,pard,5,pard_k5,full | full_osl32k_qwen30_pard_k5,4,4096,32768,manifest-only,manifest,docs/lyris_swebench_osl32k_batch_sweep_manifest_20260612.csv,no,1,full_osl32k_qwen30_pard_k5
SWE,Qwen/Qwen3-30B-A3B,,pard,5,pard_k5,verified | verified_osl32k_qwen30_pard_k5,4,4096,32768,manifest-only,manifest,docs/lyris_swebench_osl32k_batch_sweep_manifest_20260612.csv,no,1,verified_osl32k_qwen30_pard_k5
SWE,Qwen/Qwen3-30B-A3B,,pard,5,pard_k5,full | full_osl32k_qwen30_pard_k5,8,4096,32768,manifest-only,manifest,docs/lyris_swebench_longosl_manifest_20260612.csv,no,1,full_osl32k_qwen30_pard_k5
SWE,Qwen/Qwen3-30B-A3B,,pard,5,pard_k5,verified | verified_osl32k_qwen30_pard_k5,8,4096,32768,manifest-only,manifest,docs/lyris_swebench_longosl_manifest_20260612.csv,no,1,verified_osl32k_qwen30_pard_k5
SWE,Qwen/Qwen3-30B-A3B,,pard,5,pard_k5,full | full_osl32k_qwen30_pard_k5,8,4096,32768,manifest-only,manifest,docs/lyris_swebench_osl32k_batch_sweep_manifest_20260612.csv,no,1,full_osl32k_qwen30_pard_k5
SWE,Qwen/Qwen3-30B-A3B,,pard,5,pard_k5,verified | verified_osl32k_qwen30_pard_k5,8,4096,32768,manifest-only,manifest,docs/lyris_swebench_osl32k_batch_sweep_manifest_20260612.csv,no,1,verified_osl32k_qwen30_pard_k5
SWE,Qwen/Qwen3-30B-A3B,,pard,5,pard_k5,swebench_full_test_prompts_all.jsonl | qwen30ba3b_swebench_fulltest_pard_offset0_n256_isl4096_osl1024_bs8_16_k5_20260611,8,4096,1024,partial,metrics,docs/qwen30ba3b_swebench_completed_partial_metrics_20260611.csv,no,1,full_pard
SWE,Qwen/Qwen3-30B-A3B,,pard,5,pard_k5,swebench_lite_prompts_64.jsonl | qwen30ba3b_swebench_lite_pard_isl4096_osl1024_bs8_16_k5_20260611,8,4096,1024,partial,metrics,docs/qwen30ba3b_swebench_completed_partial_metrics_20260611.csv,no,1,lite_pard
SWE,Qwen/Qwen3-30B-A3B,,pard,5,pard_k5,swebench_verified_prompts_all.jsonl | qwen30ba3b_swebench_verified_pard_allprompts_isl4096_osl1024_bs8_16_k5_20260611,8,4096,1024,partial,metrics,docs/qwen30ba3b_swebench_completed_partial_metrics_20260611.csv,no,1,verified_pard
SWE,Qwen/Qwen3-30B-A3B,,pard,5,pard_k5,full | full_osl32k_qwen30_pard_k5,16,4096,32768,manifest-only,manifest,docs/lyris_swebench_longosl_manifest_20260612.csv,no,1,full_osl32k_qwen30_pard_k5
SWE,Qwen/Qwen3-30B-A3B,,pard,5,pard_k5,verified | verified_osl32k_qwen30_pard_k5,16,4096,32768,manifest-only,manifest,docs/lyris_swebench_longosl_manifest_20260612.csv,no,1,verified_osl32k_qwen30_pard_k5
SWE,Qwen/Qwen3-30B-A3B,,pard,5,pard_k5,full | full_osl32k_qwen30_pard_k5,16,4096,32768,manifest-only,manifest,docs/lyris_swebench_osl32k_batch_sweep_manifest_20260612.csv,no,1,full_osl32k_qwen30_pard_k5
SWE,Qwen/Qwen3-30B-A3B,,pard,5,pard_k5,verified | verified_osl32k_qwen30_pard_k5,16,4096,32768,manifest-only,manifest,docs/lyris_swebench_osl32k_batch_sweep_manifest_20260612.csv,no,1,verified_osl32k_qwen30_pard_k5
SWE,Qwen/Qwen3-30B-A3B,,pard,5,pard_k5,swebench_full_test_prompts_all.jsonl | qwen30ba3b_swebench_fulltest_pard_offset0_n256_isl4096_osl1024_bs8_16_k5_20260611,16,4096,1024,partial,metrics,docs/qwen30ba3b_swebench_completed_partial_metrics_20260611.csv,no,1,full_pard
SWE,Qwen/Qwen3-30B-A3B,,pard,5,pard_k5,swebench_lite_prompts_64.jsonl | qwen30ba3b_swebench_lite_pard_isl4096_osl1024_bs8_16_k5_20260611,16,4096,1024,partial,metrics,docs/qwen30ba3b_swebench_completed_partial_metrics_20260611.csv,no,1,lite_pard
SWE,Qwen/Qwen3-30B-A3B,,pard,5,pard_k5,full | full_osl32k_qwen30_pard_k5,32,4096,32768,manifest-only,manifest,docs/lyris_swebench_longosl_manifest_20260612.csv,no,2,full_osl32k_qwen30_pard_k5
SWE,Qwen/Qwen3-30B-A3B,,pard,5,pard_k5,verified | verified_osl32k_qwen30_pard_k5,32,4096,32768,manifest-only,manifest,docs/lyris_swebench_longosl_manifest_20260612.csv,no,2,verified_osl32k_qwen30_pard_k5
SWE,Qwen/Qwen3-30B-A3B,,pard,5,pard_k5,full | full_osl32k_qwen30_pard_k5,32,4096,32768,manifest-only,manifest,docs/lyris_swebench_osl32k_batch_sweep_manifest_20260612.csv,no,2,full_osl32k_qwen30_pard_k5
SWE,Qwen/Qwen3-30B-A3B,,pard,5,pard_k5,verified | verified_osl32k_qwen30_pard_k5,32,4096,32768,manifest-only,manifest,docs/lyris_swebench_osl32k_batch_sweep_manifest_20260612.csv,no,2,verified_osl32k_qwen30_pard_k5
SWE,Qwen/Qwen3-30B-A3B,,pard,9,pard_k9,swebench_verified_prompts_all.jsonl | qwen30ba3b_swebench_verified_osl32k_lyris_publicpard_highk_pard_offset0_n4_isl4096_osl32768_bs1_2_k9_20260611,1,4096,32768,final,metrics,docs/lyris_specdec_32k_metrics_20260612.csv,no,1,qwen30_pard_k9
SWE,Qwen/Qwen3-30B-A3B,,pard,9,pard_k9,qwen30_pard_k9,1,4096,32768,manifest-only,manifest,docs/lyris_specdec_32k_manifest_20260612.csv,no,1,qwen30_pard_k9
SWE,Qwen/Qwen3-30B-A3B,,pard,9,pard_k9,swebench_verified_prompts_all.jsonl | qwen30ba3b_swebench_verified_osl32k_lyris_publicpard_highk_pard_offset0_n4_isl4096_osl32768_bs1_2_k9_20260611,2,4096,32768,final,metrics,docs/lyris_specdec_32k_metrics_20260612.csv,no,1,qwen30_pard_k9
SWE,Qwen/Qwen3-30B-A3B,,pard,9,pard_k9,qwen30_pard_k9,2,4096,32768,manifest-only,manifest,docs/lyris_specdec_32k_manifest_20260612.csv,no,1,qwen30_pard_k9
SWE,Qwen/Qwen3-30B-A3B,,suffix,32,suffix_k32,swebench_verified_prompts_all.jsonl | qwen30ba3b_swebench_verified_osl32k_lyris_publicpard_suffix_offset0_n4_isl4096_osl32768_bs1_2_k32_arctic_20260611,1,4096,32768,final,metrics,docs/lyris_specdec_32k_metrics_20260612.csv,no,1,qwen30_suffix_k32
SWE,Qwen/Qwen3-30B-A3B,,suffix,32,suffix_k32,swebench_full_test_prompts_all.jsonl | qwen30ba3b_swe_full_osl128k_lyris_suffix_offset0_n1_isl4096_osl131072_bs1_k32_arctic_20260611,1,4096,131072,final,metrics,docs/lyris_swebench_longosl_metrics_20260612.csv,no,1,full_osl128k_qwen30_suffix_k32
SWE,Qwen/Qwen3-30B-A3B,,suffix,32,suffix_k32,swebench_full_test_prompts_all.jsonl | qwen30ba3b_swe_full_osl16k_lyris_suffix_offset0_n4_isl4096_osl16384_bs1_2_k32_arctic_20260611,1,4096,16384,final,metrics,docs/lyris_swebench_longosl_metrics_20260612.csv,no,1,full_osl16k_qwen30_suffix_k32
SWE,Qwen/Qwen3-30B-A3B,,suffix,32,suffix_k32,swebench_full_test_prompts_all.jsonl | qwen30ba3b_swe_full_osl32k_lyris_suffix_offset0_n4_isl4096_osl32768_bs1_2_k32_arctic_20260611,1,4096,32768,final,metrics,docs/lyris_swebench_longosl_metrics_20260612.csv,no,1,full_osl32k_qwen30_suffix_k32
SWE,Qwen/Qwen3-30B-A3B,,suffix,32,suffix_k32,swebench_full_test_prompts_all.jsonl | qwen30ba3b_swe_full_osl64k_lyris_suffix_offset0_n2_isl4096_osl65536_bs1_k32_arctic_20260611,1,4096,65536,final,metrics,docs/lyris_swebench_longosl_metrics_20260612.csv,no,1,full_osl64k_qwen30_suffix_k32
SWE,Qwen/Qwen3-30B-A3B,,suffix,32,suffix_k32,swebench_verified_prompts_all.jsonl | qwen30ba3b_swe_verified_osl128k_lyris_suffix_offset0_n1_isl4096_osl131072_bs1_k32_arctic_20260611,1,4096,131072,final,metrics,docs/lyris_swebench_longosl_metrics_20260612.csv,no,1,verified_osl128k_qwen30_suffix_k32
SWE,Qwen/Qwen3-30B-A3B,,suffix,32,suffix_k32,swebench_verified_prompts_all.jsonl | qwen30ba3b_swe_verified_osl16k_lyris_suffix_offset0_n4_isl4096_osl16384_bs1_2_k32_arctic_20260611,1,4096,16384,final,metrics,docs/lyris_swebench_longosl_metrics_20260612.csv,no,1,verified_osl16k_qwen30_suffix_k32
SWE,Qwen/Qwen3-30B-A3B,,suffix,32,suffix_k32,swebench_verified_prompts_all.jsonl | qwen30ba3b_swe_verified_osl64k_lyris_suffix_offset0_n2_isl4096_osl65536_bs1_k32_arctic_20260611,1,4096,65536,final,metrics,docs/lyris_swebench_longosl_metrics_20260612.csv,no,1,verified_osl64k_qwen30_suffix_k32
SWE,Qwen/Qwen3-30B-A3B,,suffix,32,suffix_k32,qwen30_suffix_k32,1,4096,32768,manifest-only,manifest,docs/lyris_specdec_32k_manifest_20260612.csv,no,1,qwen30_suffix_k32
SWE,Qwen/Qwen3-30B-A3B,,suffix,32,suffix_k32,full | full_osl128k_qwen30_suffix_k32,1,4096,131072,manifest-only,manifest,docs/lyris_swebench_longosl_manifest_20260612.csv,no,1,full_osl128k_qwen30_suffix_k32
SWE,Qwen/Qwen3-30B-A3B,,suffix,32,suffix_k32,full | full_osl16k_qwen30_suffix_k32,1,4096,16384,manifest-only,manifest,docs/lyris_swebench_longosl_manifest_20260612.csv,no,1,full_osl16k_qwen30_suffix_k32
SWE,Qwen/Qwen3-30B-A3B,,suffix,32,suffix_k32,full | full_osl32k_qwen30_suffix_k32,1,4096,32768,manifest-only,manifest,docs/lyris_swebench_longosl_manifest_20260612.csv,no,1,full_osl32k_qwen30_suffix_k32
SWE,Qwen/Qwen3-30B-A3B,,suffix,32,suffix_k32,full | full_osl64k_qwen30_suffix_k32,1,4096,65536,manifest-only,manifest,docs/lyris_swebench_longosl_manifest_20260612.csv,no,1,full_osl64k_qwen30_suffix_k32
SWE,Qwen/Qwen3-30B-A3B,,suffix,32,suffix_k32,verified | verified_osl128k_qwen30_suffix_k32,1,4096,131072,manifest-only,manifest,docs/lyris_swebench_longosl_manifest_20260612.csv,no,1,verified_osl128k_qwen30_suffix_k32
SWE,Qwen/Qwen3-30B-A3B,,suffix,32,suffix_k32,verified | verified_osl16k_qwen30_suffix_k32,1,4096,16384,manifest-only,manifest,docs/lyris_swebench_longosl_manifest_20260612.csv,no,1,verified_osl16k_qwen30_suffix_k32
SWE,Qwen/Qwen3-30B-A3B,,suffix,32,suffix_k32,verified | verified_osl64k_qwen30_suffix_k32,1,4096,65536,manifest-only,manifest,docs/lyris_swebench_longosl_manifest_20260612.csv,no,1,verified_osl64k_qwen30_suffix_k32
SWE,Qwen/Qwen3-30B-A3B,,suffix,32,suffix_k32,swebench_verified_prompts_all.jsonl | qwen30ba3b_swebench_verified_osl32k_lyris_publicpard_suffix_offset0_n4_isl4096_osl32768_bs1_2_k32_arctic_20260611,2,4096,32768,final,metrics,docs/lyris_specdec_32k_metrics_20260612.csv,no,1,qwen30_suffix_k32
SWE,Qwen/Qwen3-30B-A3B,,suffix,32,suffix_k32,swebench_full_test_prompts_all.jsonl | qwen30ba3b_swe_full_osl16k_lyris_suffix_offset0_n4_isl4096_osl16384_bs1_2_k32_arctic_20260611,2,4096,16384,final,metrics,docs/lyris_swebench_longosl_metrics_20260612.csv,no,1,full_osl16k_qwen30_suffix_k32
SWE,Qwen/Qwen3-30B-A3B,,suffix,32,suffix_k32,swebench_full_test_prompts_all.jsonl | qwen30ba3b_swe_full_osl32k_lyris_suffix_offset0_n4_isl4096_osl32768_bs1_2_k32_arctic_20260611,2,4096,32768,final,metrics,docs/lyris_swebench_longosl_metrics_20260612.csv,no,1,full_osl32k_qwen30_suffix_k32
SWE,Qwen/Qwen3-30B-A3B,,suffix,32,suffix_k32,swebench_verified_prompts_all.jsonl | qwen30ba3b_swe_verified_osl16k_lyris_suffix_offset0_n4_isl4096_osl16384_bs1_2_k32_arctic_20260611,2,4096,16384,final,metrics,docs/lyris_swebench_longosl_metrics_20260612.csv,no,1,verified_osl16k_qwen30_suffix_k32
SWE,Qwen/Qwen3-30B-A3B,,suffix,32,suffix_k32,qwen30_suffix_k32,2,4096,32768,manifest-only,manifest,docs/lyris_specdec_32k_manifest_20260612.csv,no,1,qwen30_suffix_k32
SWE,Qwen/Qwen3-30B-A3B,,suffix,32,suffix_k32,full | full_osl16k_qwen30_suffix_k32,2,4096,16384,manifest-only,manifest,docs/lyris_swebench_longosl_manifest_20260612.csv,no,1,full_osl16k_qwen30_suffix_k32
SWE,Qwen/Qwen3-30B-A3B,,suffix,32,suffix_k32,full | full_osl32k_qwen30_suffix_k32,2,4096,32768,manifest-only,manifest,docs/lyris_swebench_longosl_manifest_20260612.csv,no,1,full_osl32k_qwen30_suffix_k32
SWE,Qwen/Qwen3-30B-A3B,,suffix,32,suffix_k32,verified | verified_osl16k_qwen30_suffix_k32,2,4096,16384,manifest-only,manifest,docs/lyris_swebench_longosl_manifest_20260612.csv,no,1,verified_osl16k_qwen30_suffix_k32
SWE,Qwen/Qwen3-30B-A3B,,suffix,32,suffix_k32,swebench_full_test_prompts_all.jsonl | qwen30ba3b_swe_full_osl32k_bsweep_lyris_bs4_suffix_offset0_n4_isl4096_osl32768_bs4_k32_arctic_20260612,4,4096,32768,final,metrics,docs/lyris_swebench_longosl_metrics_20260612.csv,no,1,full_osl32k_qwen30_suffix_k32
SWE,Qwen/Qwen3-30B-A3B,,suffix,32,suffix_k32,swebench_verified_prompts_all.jsonl | qwen30ba3b_swe_verified_osl32k_bsweep_lyris_bs4_suffix_offset0_n4_isl4096_osl32768_bs4_k32_arctic_20260612,4,4096,32768,final,metrics,docs/lyris_swebench_longosl_metrics_20260612.csv,no,1,verified_osl32k_qwen30_suffix_k32
SWE,Qwen/Qwen3-30B-A3B,,suffix,32,suffix_k32,swebench_full_test_prompts_all.jsonl | qwen30ba3b_swe_full_osl32k_bsweep_lyris_bs4_suffix_offset0_n4_isl4096_osl32768_bs4_k32_arctic_20260612,4,4096,32768,final,metrics,docs/lyris_swebench_osl32k_batch_sweep_metrics_20260612.csv,no,1,full_osl32k_qwen30_suffix_k32
SWE,Qwen/Qwen3-30B-A3B,,suffix,32,suffix_k32,full | full_osl32k_qwen30_suffix_k32,4,4096,32768,manifest-only,manifest,docs/lyris_swebench_longosl_manifest_20260612.csv,no,1,full_osl32k_qwen30_suffix_k32
SWE,Qwen/Qwen3-30B-A3B,,suffix,32,suffix_k32,verified | verified_osl32k_qwen30_suffix_k32,4,4096,32768,manifest-only,manifest,docs/lyris_swebench_longosl_manifest_20260612.csv,no,1,verified_osl32k_qwen30_suffix_k32
SWE,Qwen/Qwen3-30B-A3B,,suffix,32,suffix_k32,full | full_osl32k_qwen30_suffix_k32,4,4096,32768,manifest-only,manifest,docs/lyris_swebench_osl32k_batch_sweep_manifest_20260612.csv,no,1,full_osl32k_qwen30_suffix_k32
SWE,Qwen/Qwen3-30B-A3B,,suffix,32,suffix_k32,verified | verified_osl32k_qwen30_suffix_k32,4,4096,32768,manifest-only,manifest,docs/lyris_swebench_osl32k_batch_sweep_manifest_20260612.csv,no,1,verified_osl32k_qwen30_suffix_k32
SWE,Qwen/Qwen3-30B-A3B,,suffix,32,suffix_k32,swebench_full_test_prompts_all.jsonl | qwen30ba3b_swe_full_osl32k_bsweep_lyris_bs8_suffix_offset0_n8_isl4096_osl32768_bs8_k32_arctic_20260612,8,4096,32768,final,metrics,docs/lyris_swebench_longosl_metrics_20260612.csv,no,1,full_osl32k_qwen30_suffix_k32
SWE,Qwen/Qwen3-30B-A3B,,suffix,32,suffix_k32,swebench_verified_prompts_all.jsonl | qwen30ba3b_swe_verified_osl32k_bsweep_lyris_bs8_suffix_offset0_n8_isl4096_osl32768_bs8_k32_arctic_20260612,8,4096,32768,final,metrics,docs/lyris_swebench_longosl_metrics_20260612.csv,no,1,verified_osl32k_qwen30_suffix_k32
SWE,Qwen/Qwen3-30B-A3B,,suffix,32,suffix_k32,swebench_full_test_prompts_all.jsonl | qwen30ba3b_swe_full_osl32k_bsweep_lyris_bs8_suffix_offset0_n8_isl4096_osl32768_bs8_k32_arctic_20260612,8,4096,32768,final,metrics,docs/lyris_swebench_osl32k_batch_sweep_metrics_20260612.csv,no,1,full_osl32k_qwen30_suffix_k32
SWE,Qwen/Qwen3-30B-A3B,,suffix,32,suffix_k32,full | full_osl32k_qwen30_suffix_k32,8,4096,32768,manifest-only,manifest,docs/lyris_swebench_longosl_manifest_20260612.csv,no,1,full_osl32k_qwen30_suffix_k32
SWE,Qwen/Qwen3-30B-A3B,,suffix,32,suffix_k32,verified | verified_osl32k_qwen30_suffix_k32,8,4096,32768,manifest-only,manifest,docs/lyris_swebench_longosl_manifest_20260612.csv,no,1,verified_osl32k_qwen30_suffix_k32
SWE,Qwen/Qwen3-30B-A3B,,suffix,32,suffix_k32,full | full_osl32k_qwen30_suffix_k32,8,4096,32768,manifest-only,manifest,docs/lyris_swebench_osl32k_batch_sweep_manifest_20260612.csv,no,1,full_osl32k_qwen30_suffix_k32
SWE,Qwen/Qwen3-30B-A3B,,suffix,32,suffix_k32,verified | verified_osl32k_qwen30_suffix_k32,8,4096,32768,manifest-only,manifest,docs/lyris_swebench_osl32k_batch_sweep_manifest_20260612.csv,no,1,verified_osl32k_qwen30_suffix_k32
SWE,Qwen/Qwen3-30B-A3B,,suffix,32,suffix_k32,swebench_full_test_prompts_all.jsonl | qwen30ba3b_swe_full_osl32k_bsweep_lyris_bs16_suffix_offset0_n16_isl4096_osl32768_bs16_k32_arctic_20260612,16,4096,32768,final,metrics,docs/lyris_swebench_longosl_metrics_20260612.csv,no,1,full_osl32k_qwen30_suffix_k32
SWE,Qwen/Qwen3-30B-A3B,,suffix,32,suffix_k32,swebench_verified_prompts_all.jsonl | qwen30ba3b_swe_verified_osl32k_bsweep_lyris_bs16_suffix_offset0_n16_isl4096_osl32768_bs16_k32_arctic_20260612_lowmbt_r2,16,4096,32768,final,metrics,docs/lyris_swebench_longosl_metrics_20260612.csv,no,1,verified_osl32k_qwen30_suffix_k32
SWE,Qwen/Qwen3-30B-A3B,,suffix,32,suffix_k32,full | full_osl32k_qwen30_suffix_k32,16,4096,32768,manifest-only,manifest,docs/lyris_swebench_longosl_manifest_20260612.csv,no,1,full_osl32k_qwen30_suffix_k32
SWE,Qwen/Qwen3-30B-A3B,,suffix,32,suffix_k32,verified | verified_osl32k_qwen30_suffix_k32,16,4096,32768,manifest-only,manifest,docs/lyris_swebench_longosl_manifest_20260612.csv,no,2,verified_osl32k_qwen30_suffix_k32
SWE,Qwen/Qwen3-30B-A3B,,suffix,32,suffix_k32,full | full_osl32k_qwen30_suffix_k32,16,4096,32768,manifest-only,manifest,docs/lyris_swebench_osl32k_batch_sweep_manifest_20260612.csv,no,1,full_osl32k_qwen30_suffix_k32
SWE,Qwen/Qwen3-30B-A3B,,suffix,32,suffix_k32,verified | verified_osl32k_qwen30_suffix_k32,16,4096,32768,manifest-only,manifest,docs/lyris_swebench_osl32k_batch_sweep_manifest_20260612.csv,no,2,verified_osl32k_qwen30_suffix_k32
SWE,Qwen/Qwen3-30B-A3B,,suffix,32,suffix_k32,swebench_full_test_prompts_all.jsonl | qwen30ba3b_swe_full_osl32k_bsweep_lyris_bs32_suffix_offset0_n32_isl4096_osl32768_bs32_k32_arctic_20260612_lowmbt,32,4096,32768,final,metrics,docs/lyris_swebench_longosl_metrics_20260612.csv,no,1,full_osl32k_qwen30_suffix_k32
SWE,Qwen/Qwen3-30B-A3B,,suffix,32,suffix_k32,full | full_osl32k_qwen30_suffix_k32,32,4096,32768,manifest-only,manifest,docs/lyris_swebench_longosl_manifest_20260612.csv,no,2,full_osl32k_qwen30_suffix_k32
SWE,Qwen/Qwen3-30B-A3B,,suffix,32,suffix_k32,verified | verified_osl32k_qwen30_suffix_k32,32,4096,32768,manifest-only,manifest,docs/lyris_swebench_longosl_manifest_20260612.csv,no,2,verified_osl32k_qwen30_suffix_k32
SWE,Qwen/Qwen3-30B-A3B,,suffix,32,suffix_k32,full | full_osl32k_qwen30_suffix_k32,32,4096,32768,manifest-only,manifest,docs/lyris_swebench_osl32k_batch_sweep_manifest_20260612.csv,no,2,full_osl32k_qwen30_suffix_k32
SWE,Qwen/Qwen3-30B-A3B,,suffix,32,suffix_k32,verified | verified_osl32k_qwen30_suffix_k32,32,4096,32768,manifest-only,manifest,docs/lyris_swebench_osl32k_batch_sweep_manifest_20260612.csv,no,2,verified_osl32k_qwen30_suffix_k32
SWE,Qwen/Qwen3-30B-A3B,,suffix,5,suffix_k5,swebench_verified_prompts_all.jsonl | qwen30ba3b_swebench_verified_osl32k_lyris_suffix_k5_control_suffix_offset0_n4_isl4096_osl32768_bs1_2_k5_arctic_20260611,1,4096,32768,final,metrics,docs/lyris_specdec_32k_metrics_20260612.csv,no,1,qwen30_suffix_k5
SWE,Qwen/Qwen3-30B-A3B,,suffix,5,suffix_k5,qwen30_suffix_k5,1,4096,32768,manifest-only,manifest,docs/lyris_specdec_32k_manifest_20260612.csv,no,1,qwen30_suffix_k5
SWE,Qwen/Qwen3-30B-A3B,,suffix,5,suffix_k5,swebench_verified_prompts_all.jsonl | qwen30ba3b_swebench_verified_osl32k_lyris_suffix_k5_control_suffix_offset0_n4_isl4096_osl32768_bs1_2_k5_arctic_20260611,2,4096,32768,final,metrics,docs/lyris_specdec_32k_metrics_20260612.csv,no,1,qwen30_suffix_k5
SWE,Qwen/Qwen3-30B-A3B,,suffix,5,suffix_k5,qwen30_suffix_k5,2,4096,32768,manifest-only,manifest,docs/lyris_specdec_32k_manifest_20260612.csv,no,1,qwen30_suffix_k5
SWE,Qwen/Qwen3-30B-A3B,0.0,baseline,,baseline,unknown | unknown_osl32k_qwen30ba3b_t00_baseline,1,4096,32768,failed,status,docs/lyris_swebench_osl32k_temp01_core_matrix_20260616_partial_status.csv,no,1,unknown_osl32k_qwen30ba3b_t00_baseline
SWE,Qwen/Qwen3-30B-A3B,0.0,baseline,,baseline,,1,4096,32768,failed,status,docs/lyris_swebench_osl32k_temp01_core_matrix_20260616_status_live.csv,yes_source_batch_only,1,2133880
SWE,Qwen/Qwen3-30B-A3B,0.0,baseline,,baseline,unknown | unknown_osl32k_qwen235b_baseline,1,4096,32768,manifest-only,manifest,docs/lyris_swebench_osl32k_temp01_core_matrix_20260616_manifest.csv,yes_row,1,unknown_osl32k_qwen235b_baseline
SWE,Qwen/Qwen3-30B-A3B,0.0,baseline,,baseline,unknown | unknown_osl32k_qwen30ba3b_t00_baseline,1,4096,32768,manifest-only,manifest,docs/lyris_swebench_osl32k_temp01_core_matrix_20260616_partial_manifest.csv,no,3,unknown_osl32k_qwen30ba3b_t00_baseline
SWE,Qwen/Qwen3-30B-A3B,0.0,baseline,,baseline,unknown | unknown_osl32k_qwen30ba3b_t00_baseline,1,4096,32768,manifest-only,status,docs/lyris_swebench_osl32k_temp01_core_matrix_20260616_partial_status.csv,no,2,unknown_osl32k_qwen30ba3b_t00_baseline
SWE,Qwen/Qwen3-30B-A3B,0.0,baseline,,baseline,,1,4096,32768,manifest-only,status,docs/lyris_swebench_osl32k_temp01_core_matrix_20260616_status_live.csv,yes_source_batch_only,2,2137768; 2135585
SWE,Qwen/Qwen3-30B-A3B,0.0,baseline,0,baseline,swebench_verified_prompts_all.jsonl | qwen30ba3b_swe_verified_osl32k_temp01_baseline_offset0_n4_isl4096_osl32768_bs1_2_20260616_swe_temp01_core_home_mount_qwen30ba3b_baseline_t00,1,4096,32768,partial,metrics,docs/lyris_swebench_osl32k_temp01_core_matrix_20260616_metrics_live.csv,yes_source_batch_only,1,swe_t00_qwen30ba3b_baseline_bs1_j2137768
SWE,Qwen/Qwen3-30B-A3B,0.0,baseline,,baseline,swebench_verified_prompts_all.jsonl | qwen30ba3b_swe_verified_osl32k_temp01_baseline_offset0_n4_isl4096_osl32768_bs1_2_20260616_swe_temp01_core_home_mount_qwen30ba3b_baseline_t00,1,4096,32768,partial,metrics,docs/lyris_swebench_osl32k_temp01_core_matrix_20260616_partial_metrics.csv,no,1,unknown_osl32k_qwen30ba3b_t00_baseline
SWE,Qwen/Qwen3-30B-A3B,0.0,baseline,,baseline,unknown | unknown_osl32k_qwen235b_baseline,1,4096,32768,partial,status,docs/lyris_swebench_osl32k_temp01_core_matrix_20260616_status.csv,no,1,unknown_osl32k_qwen235b_baseline
SWE,Qwen/Qwen3-30B-A3B,0.0,baseline,,baseline,unknown | unknown_osl32k_qwen30ba3b_t00_baseline,2,4096,32768,failed,status,docs/lyris_swebench_osl32k_temp01_core_matrix_20260616_partial_status.csv,no,1,unknown_osl32k_qwen30ba3b_t00_baseline
SWE,Qwen/Qwen3-30B-A3B,0.0,baseline,,baseline,,2,4096,32768,failed,status,docs/lyris_swebench_osl32k_temp01_core_matrix_20260616_status_live.csv,yes_source_batch_only,1,2133880
SWE,Qwen/Qwen3-30B-A3B,0.0,baseline,,baseline,unknown | unknown_osl32k_qwen235b_baseline,2,4096,32768,manifest-only,manifest,docs/lyris_swebench_osl32k_temp01_core_matrix_20260616_manifest.csv,yes_row,1,unknown_osl32k_qwen235b_baseline
SWE,Qwen/Qwen3-30B-A3B,0.0,baseline,,baseline,unknown | unknown_osl32k_qwen30ba3b_t00_baseline,2,4096,32768,manifest-only,manifest,docs/lyris_swebench_osl32k_temp01_core_matrix_20260616_partial_manifest.csv,no,3,unknown_osl32k_qwen30ba3b_t00_baseline
SWE,Qwen/Qwen3-30B-A3B,0.0,baseline,,baseline,unknown | unknown_osl32k_qwen30ba3b_t00_baseline,2,4096,32768,manifest-only,status,docs/lyris_swebench_osl32k_temp01_core_matrix_20260616_partial_status.csv,no,2,unknown_osl32k_qwen30ba3b_t00_baseline
SWE,Qwen/Qwen3-30B-A3B,0.0,baseline,,baseline,,2,4096,32768,manifest-only,status,docs/lyris_swebench_osl32k_temp01_core_matrix_20260616_status_live.csv,yes_source_batch_only,2,2137768; 2135585
SWE,Qwen/Qwen3-30B-A3B,0.0,baseline,0,baseline,swebench_verified_prompts_all.jsonl | qwen30ba3b_swe_verified_osl32k_temp01_baseline_offset0_n4_isl4096_osl32768_bs1_2_20260616_swe_temp01_core_home_mount_qwen30ba3b_baseline_t00,2,4096,32768,partial,metrics,docs/lyris_swebench_osl32k_temp01_core_matrix_20260616_metrics_live.csv,yes_source_batch_only,1,swe_t00_qwen30ba3b_baseline_bs2_j2137768
SWE,Qwen/Qwen3-30B-A3B,0.0,baseline,,baseline,swebench_verified_prompts_all.jsonl | qwen30ba3b_swe_verified_osl32k_temp01_baseline_offset0_n4_isl4096_osl32768_bs1_2_20260616_swe_temp01_core_home_mount_qwen30ba3b_baseline_t00,2,4096,32768,partial,metrics,docs/lyris_swebench_osl32k_temp01_core_matrix_20260616_partial_metrics.csv,no,1,unknown_osl32k_qwen30ba3b_t00_baseline
SWE,Qwen/Qwen3-30B-A3B,0.0,baseline,,baseline,unknown | unknown_osl32k_qwen235b_baseline,2,4096,32768,partial,status,docs/lyris_swebench_osl32k_temp01_core_matrix_20260616_status.csv,no,1,unknown_osl32k_qwen235b_baseline
SWE,Qwen/Qwen3-30B-A3B,0.0,eagle3,,eagle3,,1,4096,32768,failed,status,docs/lyris_swebench_osl32k_temp01_core_matrix_20260616_status_live.csv,yes_source_batch_only,1,2133882
SWE,Qwen/Qwen3-30B-A3B,0.0,eagle3,,eagle3,,1,4096,32768,manifest-only,status,docs/lyris_swebench_osl32k_temp01_core_matrix_20260616_status_live.csv,yes_source_batch_only,1,2133934
SWE,Qwen/Qwen3-30B-A3B,0.0,eagle3,,eagle3,,2,4096,32768,failed,status,docs/lyris_swebench_osl32k_temp01_core_matrix_20260616_status_live.csv,yes_source_batch_only,1,2133882
SWE,Qwen/Qwen3-30B-A3B,0.0,eagle3,,eagle3,,2,4096,32768,manifest-only,status,docs/lyris_swebench_osl32k_temp01_core_matrix_20260616_status_live.csv,yes_source_batch_only,1,2133934
SWE,Qwen/Qwen3-30B-A3B,0.0,eagle3,3,eagle3_k3,unknown | unknown_osl32k_qwen30ba3b_t00_eagle3_k3,1,4096,32768,failed,status,docs/lyris_swebench_osl32k_temp01_core_matrix_20260616_partial_status.csv,no,1,unknown_osl32k_qwen30ba3b_t00_eagle3_k3
SWE,Qwen/Qwen3-30B-A3B,0.0,eagle3,3,eagle3_k3,unknown | unknown_osl32k_qwen235b_eagle3_k3,1,4096,32768,failed,status,docs/lyris_swebench_osl32k_temp01_core_matrix_20260616_status.csv,no,1,unknown_osl32k_qwen235b_eagle3_k3
SWE,Qwen/Qwen3-30B-A3B,0.0,eagle3,3,eagle3_k3,swebench_verified_prompts_all.jsonl | qwen30ba3b_swe_verified_osl32k_temp01_eagle3_offset0_n4_isl4096_osl32768_bs1_2_k3_20260616_swe_temp01_core_home_retry_qwen30ba3b_t00,1,4096,32768,final,metrics,docs/lyris_swebench_osl32k_temp01_core_matrix_20260616_metrics_live.csv,yes_row,1,swe_t00_qwen30ba3b_eagle3_k3_bs1_j2133934
SWE,Qwen/Qwen3-30B-A3B,0.0,eagle3,3,eagle3_k3,swebench_verified_prompts_all.jsonl | qwen30ba3b_swe_verified_osl32k_temp01_eagle3_offset0_n4_isl4096_osl32768_bs1_2_k3_20260616_swe_temp01_core_home_retry_qwen30ba3b_t00,1,4096,32768,final,metrics,docs/lyris_swebench_osl32k_temp01_home_retry_metrics_live_20260616.csv,no,1,qwen30ba3b_swe_verified_osl32k_temp01_eagle3_offset0_n4_isl4096_osl32768_bs1_2_k3_20260616_swe_temp01_core_home_retry_qwen30ba3b_t00
SWE,Qwen/Qwen3-30B-A3B,0.0,eagle3,3,eagle3_k3,unknown | unknown_osl32k_qwen235b_eagle3_k3,1,4096,32768,manifest-only,manifest,docs/lyris_swebench_osl32k_temp01_core_matrix_20260616_manifest.csv,yes_row,2,unknown_osl32k_qwen235b_eagle3_k3
SWE,Qwen/Qwen3-30B-A3B,0.0,eagle3,3,eagle3_k3,unknown | unknown_osl32k_qwen30ba3b_t00_eagle3_k3,1,4096,32768,manifest-only,manifest,docs/lyris_swebench_osl32k_temp01_core_matrix_20260616_partial_manifest.csv,no,2,unknown_osl32k_qwen30ba3b_t00_eagle3_k3
SWE,Qwen/Qwen3-30B-A3B,0.0,eagle3,3,eagle3_k3,unknown | unknown_osl32k_qwen30ba3b_t00_eagle3_k3,1,4096,32768,manifest-only,status,docs/lyris_swebench_osl32k_temp01_core_matrix_20260616_partial_status.csv,no,1,unknown_osl32k_qwen30ba3b_t00_eagle3_k3
SWE,Qwen/Qwen3-30B-A3B,0.0,eagle3,3,eagle3_k3,swebench_verified_prompts_all.jsonl | qwen30ba3b_swe_verified_osl32k_temp01_eagle3_offset0_n4_isl4096_osl32768_bs1_2_k3_20260616_swe_temp01_core_home_retry_qwen30ba3b_t00,1,4096,32768,partial,metrics,docs/lyris_swebench_osl32k_temp01_core_matrix_20260616_partial_metrics.csv,no,1,unknown_osl32k_qwen30ba3b_t00_eagle3_k3
SWE,Qwen/Qwen3-30B-A3B,0.0,eagle3,3,eagle3_k3,unknown | unknown_osl32k_qwen235b_eagle3_k3,1,4096,32768,partial,status,docs/lyris_swebench_osl32k_temp01_core_matrix_20260616_status.csv,no,1,unknown_osl32k_qwen235b_eagle3_k3
SWE,Qwen/Qwen3-30B-A3B,0.0,eagle3,3,eagle3_k3,unknown | unknown_osl32k_qwen30ba3b_t00_eagle3_k3,2,4096,32768,failed,status,docs/lyris_swebench_osl32k_temp01_core_matrix_20260616_partial_status.csv,no,1,unknown_osl32k_qwen30ba3b_t00_eagle3_k3
SWE,Qwen/Qwen3-30B-A3B,0.0,eagle3,3,eagle3_k3,unknown | unknown_osl32k_qwen235b_eagle3_k3,2,4096,32768,failed,status,docs/lyris_swebench_osl32k_temp01_core_matrix_20260616_status.csv,no,1,unknown_osl32k_qwen235b_eagle3_k3
SWE,Qwen/Qwen3-30B-A3B,0.0,eagle3,3,eagle3_k3,swebench_verified_prompts_all.jsonl | qwen30ba3b_swe_verified_osl32k_temp01_eagle3_offset0_n4_isl4096_osl32768_bs1_2_k3_20260616_swe_temp01_core_home_retry_qwen30ba3b_t00,2,4096,32768,final,metrics,docs/lyris_swebench_osl32k_temp01_core_matrix_20260616_metrics_live.csv,yes_row,1,swe_t00_qwen30ba3b_eagle3_k3_bs2_j2133934
SWE,Qwen/Qwen3-30B-A3B,0.0,eagle3,3,eagle3_k3,swebench_verified_prompts_all.jsonl | qwen30ba3b_swe_verified_osl32k_temp01_eagle3_offset0_n4_isl4096_osl32768_bs1_2_k3_20260616_swe_temp01_core_home_retry_qwen30ba3b_t00,2,4096,32768,final,metrics,docs/lyris_swebench_osl32k_temp01_home_retry_metrics_live_20260616.csv,no,1,qwen30ba3b_swe_verified_osl32k_temp01_eagle3_offset0_n4_isl4096_osl32768_bs1_2_k3_20260616_swe_temp01_core_home_retry_qwen30ba3b_t00
SWE,Qwen/Qwen3-30B-A3B,0.0,eagle3,3,eagle3_k3,unknown | unknown_osl32k_qwen235b_eagle3_k3,2,4096,32768,manifest-only,manifest,docs/lyris_swebench_osl32k_temp01_core_matrix_20260616_manifest.csv,yes_row,2,unknown_osl32k_qwen235b_eagle3_k3
SWE,Qwen/Qwen3-30B-A3B,0.0,eagle3,3,eagle3_k3,unknown | unknown_osl32k_qwen30ba3b_t00_eagle3_k3,2,4096,32768,manifest-only,manifest,docs/lyris_swebench_osl32k_temp01_core_matrix_20260616_partial_manifest.csv,no,2,unknown_osl32k_qwen30ba3b_t00_eagle3_k3
SWE,Qwen/Qwen3-30B-A3B,0.0,eagle3,3,eagle3_k3,unknown | unknown_osl32k_qwen30ba3b_t00_eagle3_k3,2,4096,32768,manifest-only,status,docs/lyris_swebench_osl32k_temp01_core_matrix_20260616_partial_status.csv,no,1,unknown_osl32k_qwen30ba3b_t00_eagle3_k3
SWE,Qwen/Qwen3-30B-A3B,0.0,eagle3,3,eagle3_k3,swebench_verified_prompts_all.jsonl | qwen30ba3b_swe_verified_osl32k_temp01_eagle3_offset0_n4_isl4096_osl32768_bs1_2_k3_20260616_swe_temp01_core_home_retry_qwen30ba3b_t00,2,4096,32768,partial,metrics,docs/lyris_swebench_osl32k_temp01_core_matrix_20260616_partial_metrics.csv,no,1,unknown_osl32k_qwen30ba3b_t00_eagle3_k3
SWE,Qwen/Qwen3-30B-A3B,0.0,eagle3,3,eagle3_k3,unknown | unknown_osl32k_qwen235b_eagle3_k3,2,4096,32768,partial,status,docs/lyris_swebench_osl32k_temp01_core_matrix_20260616_status.csv,no,1,unknown_osl32k_qwen235b_eagle3_k3
SWE,Qwen/Qwen3-30B-A3B,0.0,suffix,,suffix,,1,4096,32768,failed,status,docs/lyris_swebench_osl32k_temp01_core_matrix_20260616_status_live.csv,yes_source_batch_only,1,2133881
SWE,Qwen/Qwen3-30B-A3B,0.0,suffix,,suffix,,1,4096,32768,manifest-only,status,docs/lyris_swebench_osl32k_temp01_core_matrix_20260616_status_live.csv,yes_source_batch_only,1,2133933
SWE,Qwen/Qwen3-30B-A3B,0.0,suffix,,suffix,,2,4096,32768,failed,status,docs/lyris_swebench_osl32k_temp01_core_matrix_20260616_status_live.csv,yes_source_batch_only,1,2133881
SWE,Qwen/Qwen3-30B-A3B,0.0,suffix,,suffix,,2,4096,32768,manifest-only,status,docs/lyris_swebench_osl32k_temp01_core_matrix_20260616_status_live.csv,yes_source_batch_only,1,2133933
SWE,Qwen/Qwen3-30B-A3B,0.0,suffix,32,suffix_k32,unknown | unknown_osl32k_qwen30ba3b_t00_suffix_k32,1,4096,32768,failed,status,docs/lyris_swebench_osl32k_temp01_core_matrix_20260616_partial_status.csv,no,1,unknown_osl32k_qwen30ba3b_t00_suffix_k32
SWE,Qwen/Qwen3-30B-A3B,0.0,suffix,32,suffix_k32,unknown | unknown_osl32k_qwen235b_suffix_k32,1,4096,32768,failed,status,docs/lyris_swebench_osl32k_temp01_core_matrix_20260616_status.csv,no,1,unknown_osl32k_qwen235b_suffix_k32
SWE,Qwen/Qwen3-30B-A3B,0.0,suffix,32,suffix_k32,swebench_verified_prompts_all.jsonl | qwen30ba3b_swe_verified_osl32k_temp01_suffix_offset0_n4_isl4096_osl32768_bs1_2_k32_arctic_20260616_swe_temp01_core_home_retry_qwen30ba3b_t00,1,4096,32768,final,metrics,docs/lyris_swebench_osl32k_temp01_core_matrix_20260616_metrics.csv,no,1,unknown_osl32k_qwen235b_suffix_k32
SWE,Qwen/Qwen3-30B-A3B,0.0,suffix,32,suffix_k32,swebench_verified_prompts_all.jsonl | qwen30ba3b_swe_verified_osl32k_temp01_suffix_offset0_n4_isl4096_osl32768_bs1_2_k32_arctic_20260616_swe_temp01_core_home_retry_qwen30ba3b_t00,1,4096,32768,final,metrics,docs/lyris_swebench_osl32k_temp01_core_matrix_20260616_metrics_live.csv,yes_row,1,swe_t00_qwen30ba3b_suffix_k32_bs1_j2133933
SWE,Qwen/Qwen3-30B-A3B,0.0,suffix,32,suffix_k32,swebench_verified_prompts_all.jsonl | qwen30ba3b_swe_verified_osl32k_temp01_suffix_offset0_n4_isl4096_osl32768_bs1_2_k32_arctic_20260616_swe_temp01_core_home_retry_qwen30ba3b_t00,1,4096,32768,final,metrics,docs/lyris_swebench_osl32k_temp01_home_retry_metrics_live_20260616.csv,no,1,qwen30ba3b_swe_verified_osl32k_temp01_suffix_offset0_n4_isl4096_osl32768_bs1_2_k32_arctic_20260616_swe_temp01_core_home_retry_qwen30ba3b_t00
SWE,Qwen/Qwen3-30B-A3B,0.0,suffix,32,suffix_k32,unknown | unknown_osl32k_qwen235b_suffix_k32,1,4096,32768,manifest-only,manifest,docs/lyris_swebench_osl32k_temp01_core_matrix_20260616_manifest.csv,yes_row,2,unknown_osl32k_qwen235b_suffix_k32
SWE,Qwen/Qwen3-30B-A3B,0.0,suffix,32,suffix_k32,unknown | unknown_osl32k_qwen30ba3b_t00_suffix_k32,1,4096,32768,manifest-only,manifest,docs/lyris_swebench_osl32k_temp01_core_matrix_20260616_partial_manifest.csv,no,2,unknown_osl32k_qwen30ba3b_t00_suffix_k32
SWE,Qwen/Qwen3-30B-A3B,0.0,suffix,32,suffix_k32,unknown | unknown_osl32k_qwen30ba3b_t00_suffix_k32,1,4096,32768,manifest-only,status,docs/lyris_swebench_osl32k_temp01_core_matrix_20260616_partial_status.csv,no,1,unknown_osl32k_qwen30ba3b_t00_suffix_k32
SWE,Qwen/Qwen3-30B-A3B,0.0,suffix,32,suffix_k32,unknown | unknown_osl32k_qwen235b_suffix_k32,1,4096,32768,manifest-only,status,docs/lyris_swebench_osl32k_temp01_core_matrix_20260616_status.csv,no,1,unknown_osl32k_qwen235b_suffix_k32
SWE,Qwen/Qwen3-30B-A3B,0.0,suffix,32,suffix_k32,swebench_verified_prompts_all.jsonl | qwen30ba3b_swe_verified_osl32k_temp01_suffix_offset0_n4_isl4096_osl32768_bs1_2_k32_arctic_20260616_swe_temp01_core_home_retry_qwen30ba3b_t00,1,4096,32768,partial,metrics,docs/lyris_swebench_osl32k_temp01_core_matrix_20260616_partial_metrics.csv,no,1,unknown_osl32k_qwen30ba3b_t00_suffix_k32
SWE,Qwen/Qwen3-30B-A3B,0.0,suffix,32,suffix_k32,unknown | unknown_osl32k_qwen30ba3b_t00_suffix_k32,2,4096,32768,failed,status,docs/lyris_swebench_osl32k_temp01_core_matrix_20260616_partial_status.csv,no,1,unknown_osl32k_qwen30ba3b_t00_suffix_k32
SWE,Qwen/Qwen3-30B-A3B,0.0,suffix,32,suffix_k32,unknown | unknown_osl32k_qwen235b_suffix_k32,2,4096,32768,failed,status,docs/lyris_swebench_osl32k_temp01_core_matrix_20260616_status.csv,no,1,unknown_osl32k_qwen235b_suffix_k32
SWE,Qwen/Qwen3-30B-A3B,0.0,suffix,32,suffix_k32,swebench_verified_prompts_all.jsonl | qwen30ba3b_swe_verified_osl32k_temp01_suffix_offset0_n4_isl4096_osl32768_bs1_2_k32_arctic_20260616_swe_temp01_core_home_retry_qwen30ba3b_t00,2,4096,32768,final,metrics,docs/lyris_swebench_osl32k_temp01_core_matrix_20260616_metrics.csv,no,1,unknown_osl32k_qwen235b_suffix_k32
SWE,Qwen/Qwen3-30B-A3B,0.0,suffix,32,suffix_k32,swebench_verified_prompts_all.jsonl | qwen30ba3b_swe_verified_osl32k_temp01_suffix_offset0_n4_isl4096_osl32768_bs1_2_k32_arctic_20260616_swe_temp01_core_home_retry_qwen30ba3b_t00,2,4096,32768,final,metrics,docs/lyris_swebench_osl32k_temp01_core_matrix_20260616_metrics_live.csv,yes_row,1,swe_t00_qwen30ba3b_suffix_k32_bs2_j2133933
SWE,Qwen/Qwen3-30B-A3B,0.0,suffix,32,suffix_k32,swebench_verified_prompts_all.jsonl | qwen30ba3b_swe_verified_osl32k_temp01_suffix_offset0_n4_isl4096_osl32768_bs1_2_k32_arctic_20260616_swe_temp01_core_home_retry_qwen30ba3b_t00,2,4096,32768,final,metrics,docs/lyris_swebench_osl32k_temp01_home_retry_metrics_live_20260616.csv,no,1,qwen30ba3b_swe_verified_osl32k_temp01_suffix_offset0_n4_isl4096_osl32768_bs1_2_k32_arctic_20260616_swe_temp01_core_home_retry_qwen30ba3b_t00
SWE,Qwen/Qwen3-30B-A3B,0.0,suffix,32,suffix_k32,unknown | unknown_osl32k_qwen235b_suffix_k32,2,4096,32768,manifest-only,manifest,docs/lyris_swebench_osl32k_temp01_core_matrix_20260616_manifest.csv,yes_row,2,unknown_osl32k_qwen235b_suffix_k32
SWE,Qwen/Qwen3-30B-A3B,0.0,suffix,32,suffix_k32,unknown | unknown_osl32k_qwen30ba3b_t00_suffix_k32,2,4096,32768,manifest-only,manifest,docs/lyris_swebench_osl32k_temp01_core_matrix_20260616_partial_manifest.csv,no,2,unknown_osl32k_qwen30ba3b_t00_suffix_k32
SWE,Qwen/Qwen3-30B-A3B,0.0,suffix,32,suffix_k32,unknown | unknown_osl32k_qwen30ba3b_t00_suffix_k32,2,4096,32768,manifest-only,status,docs/lyris_swebench_osl32k_temp01_core_matrix_20260616_partial_status.csv,no,1,unknown_osl32k_qwen30ba3b_t00_suffix_k32
SWE,Qwen/Qwen3-30B-A3B,0.0,suffix,32,suffix_k32,unknown | unknown_osl32k_qwen235b_suffix_k32,2,4096,32768,manifest-only,status,docs/lyris_swebench_osl32k_temp01_core_matrix_20260616_status.csv,no,1,unknown_osl32k_qwen235b_suffix_k32
SWE,Qwen/Qwen3-30B-A3B,0.0,suffix,32,suffix_k32,swebench_verified_prompts_all.jsonl | qwen30ba3b_swe_verified_osl32k_temp01_suffix_offset0_n4_isl4096_osl32768_bs1_2_k32_arctic_20260616_swe_temp01_core_home_retry_qwen30ba3b_t00,2,4096,32768,partial,metrics,docs/lyris_swebench_osl32k_temp01_core_matrix_20260616_partial_metrics.csv,no,1,unknown_osl32k_qwen30ba3b_t00_suffix_k32
SWE,Qwen/Qwen3-30B-A3B,1.0,baseline,,baseline,unknown | unknown_osl32k_qwen30ba3b_t10_baseline,1,4096,32768,failed,status,docs/lyris_swebench_osl32k_temp01_core_matrix_20260616_partial_status.csv,no,1,unknown_osl32k_qwen30ba3b_t10_baseline
SWE,Qwen/Qwen3-30B-A3B,1.0,baseline,,baseline,unknown | unknown_osl32k_qwen235b_baseline,1,4096,32768,failed,status,docs/lyris_swebench_osl32k_temp01_core_matrix_20260616_status.csv,no,1,unknown_osl32k_qwen235b_baseline
SWE,Qwen/Qwen3-30B-A3B,1.0,baseline,,baseline,,1,4096,32768,failed,status,docs/lyris_swebench_osl32k_temp01_core_matrix_20260616_status_live.csv,yes_source_batch_only,1,2133890
SWE,Qwen/Qwen3-30B-A3B,1.0,baseline,,baseline,unknown | unknown_osl32k_qwen235b_baseline,1,4096,32768,manifest-only,manifest,docs/lyris_swebench_osl32k_temp01_core_matrix_20260616_manifest.csv,yes_row,2,unknown_osl32k_qwen235b_baseline
SWE,Qwen/Qwen3-30B-A3B,1.0,baseline,,baseline,unknown | unknown_osl32k_qwen30ba3b_t10_baseline,1,4096,32768,manifest-only,manifest,docs/lyris_swebench_osl32k_temp01_core_matrix_20260616_partial_manifest.csv,no,2,unknown_osl32k_qwen30ba3b_t10_baseline
SWE,Qwen/Qwen3-30B-A3B,1.0,baseline,,baseline,unknown | unknown_osl32k_qwen30ba3b_t10_baseline,1,4096,32768,manifest-only,status,docs/lyris_swebench_osl32k_temp01_core_matrix_20260616_partial_status.csv,no,1,unknown_osl32k_qwen30ba3b_t10_baseline
SWE,Qwen/Qwen3-30B-A3B,1.0,baseline,,baseline,,1,4096,32768,manifest-only,status,docs/lyris_swebench_osl32k_temp01_core_matrix_20260616_status_live.csv,yes_source_batch_only,1,2133941
SWE,Qwen/Qwen3-30B-A3B,1.0,baseline,0,baseline,swebench_verified_prompts_all.jsonl | qwen30ba3b_swe_verified_osl32k_temp01_baseline_offset0_n4_isl4096_osl32768_bs1_2_20260616_swe_temp01_core_home_retry_qwen30ba3b_t10,1,4096,32768,partial,metrics,docs/lyris_swebench_osl32k_temp01_core_matrix_20260616_metrics_live.csv,yes_source_batch_only,1,swe_t10_qwen30ba3b_baseline_bs1_j2133941
SWE,Qwen/Qwen3-30B-A3B,1.0,baseline,,baseline,swebench_verified_prompts_all.jsonl | qwen30ba3b_swe_verified_osl32k_temp01_baseline_offset0_n4_isl4096_osl32768_bs1_2_20260616_swe_temp01_core_home_retry_qwen30ba3b_t10,1,4096,32768,partial,metrics,docs/lyris_swebench_osl32k_temp01_core_matrix_20260616_partial_metrics.csv,no,1,unknown_osl32k_qwen30ba3b_t10_baseline
SWE,Qwen/Qwen3-30B-A3B,1.0,baseline,,baseline,unknown | unknown_osl32k_qwen235b_baseline,1,4096,32768,partial,status,docs/lyris_swebench_osl32k_temp01_core_matrix_20260616_status.csv,no,1,unknown_osl32k_qwen235b_baseline
SWE,Qwen/Qwen3-30B-A3B,1.0,baseline,,baseline,swebench_verified_prompts_all.jsonl | qwen30ba3b_swe_verified_osl32k_temp01_baseline_offset0_n4_isl4096_osl32768_bs1_2_20260616_swe_temp01_core_home_retry_qwen30ba3b_t10,1,4096,32768,partial,metrics,docs/lyris_swebench_osl32k_temp01_home_retry_metrics_live_20260616.csv,no,1,qwen30ba3b_swe_verified_osl32k_temp01_baseline_offset0_n4_isl4096_osl32768_bs1_2_20260616_swe_temp01_core_home_retry_qwen30ba3b_t10
SWE,Qwen/Qwen3-30B-A3B,1.0,baseline,,baseline,unknown | unknown_osl32k_qwen30ba3b_t10_baseline,2,4096,32768,failed,status,docs/lyris_swebench_osl32k_temp01_core_matrix_20260616_partial_status.csv,no,1,unknown_osl32k_qwen30ba3b_t10_baseline
SWE,Qwen/Qwen3-30B-A3B,1.0,baseline,,baseline,unknown | unknown_osl32k_qwen235b_baseline,2,4096,32768,failed,status,docs/lyris_swebench_osl32k_temp01_core_matrix_20260616_status.csv,no,1,unknown_osl32k_qwen235b_baseline
SWE,Qwen/Qwen3-30B-A3B,1.0,baseline,,baseline,,2,4096,32768,failed,status,docs/lyris_swebench_osl32k_temp01_core_matrix_20260616_status_live.csv,yes_source_batch_only,1,2133890
SWE,Qwen/Qwen3-30B-A3B,1.0,baseline,,baseline,unknown | unknown_osl32k_qwen235b_baseline,2,4096,32768,manifest-only,manifest,docs/lyris_swebench_osl32k_temp01_core_matrix_20260616_manifest.csv,yes_row,2,unknown_osl32k_qwen235b_baseline
SWE,Qwen/Qwen3-30B-A3B,1.0,baseline,,baseline,unknown | unknown_osl32k_qwen30ba3b_t10_baseline,2,4096,32768,manifest-only,manifest,docs/lyris_swebench_osl32k_temp01_core_matrix_20260616_partial_manifest.csv,no,2,unknown_osl32k_qwen30ba3b_t10_baseline
SWE,Qwen/Qwen3-30B-A3B,1.0,baseline,,baseline,unknown | unknown_osl32k_qwen30ba3b_t10_baseline,2,4096,32768,manifest-only,status,docs/lyris_swebench_osl32k_temp01_core_matrix_20260616_partial_status.csv,no,1,unknown_osl32k_qwen30ba3b_t10_baseline
SWE,Qwen/Qwen3-30B-A3B,1.0,baseline,,baseline,,2,4096,32768,manifest-only,status,docs/lyris_swebench_osl32k_temp01_core_matrix_20260616_status_live.csv,yes_source_batch_only,1,2133941
SWE,Qwen/Qwen3-30B-A3B,1.0,baseline,0,baseline,swebench_verified_prompts_all.jsonl | qwen30ba3b_swe_verified_osl32k_temp01_baseline_offset0_n4_isl4096_osl32768_bs1_2_20260616_swe_temp01_core_home_retry_qwen30ba3b_t10,2,4096,32768,partial,metrics,docs/lyris_swebench_osl32k_temp01_core_matrix_20260616_metrics_live.csv,yes_source_batch_only,1,swe_t10_qwen30ba3b_baseline_bs2_j2133941
SWE,Qwen/Qwen3-30B-A3B,1.0,baseline,,baseline,swebench_verified_prompts_all.jsonl | qwen30ba3b_swe_verified_osl32k_temp01_baseline_offset0_n4_isl4096_osl32768_bs1_2_20260616_swe_temp01_core_home_retry_qwen30ba3b_t10,2,4096,32768,partial,metrics,docs/lyris_swebench_osl32k_temp01_core_matrix_20260616_partial_metrics.csv,no,1,unknown_osl32k_qwen30ba3b_t10_baseline
SWE,Qwen/Qwen3-30B-A3B,1.0,baseline,,baseline,unknown | unknown_osl32k_qwen235b_baseline,2,4096,32768,partial,status,docs/lyris_swebench_osl32k_temp01_core_matrix_20260616_status.csv,no,1,unknown_osl32k_qwen235b_baseline
SWE,Qwen/Qwen3-30B-A3B,1.0,baseline,,baseline,swebench_verified_prompts_all.jsonl | qwen30ba3b_swe_verified_osl32k_temp01_baseline_offset0_n4_isl4096_osl32768_bs1_2_20260616_swe_temp01_core_home_retry_qwen30ba3b_t10,2,4096,32768,partial,metrics,docs/lyris_swebench_osl32k_temp01_home_retry_metrics_live_20260616.csv,no,1,qwen30ba3b_swe_verified_osl32k_temp01_baseline_offset0_n4_isl4096_osl32768_bs1_2_20260616_swe_temp01_core_home_retry_qwen30ba3b_t10
SWE,Qwen/Qwen3-30B-A3B,1.0,eagle3,,eagle3,,1,4096,32768,failed,status,docs/lyris_swebench_osl32k_temp01_core_matrix_20260616_status_live.csv,yes_source_batch_only,1,2133892
SWE,Qwen/Qwen3-30B-A3B,1.0,eagle3,,eagle3,,1,4096,32768,manifest-only,status,docs/lyris_swebench_osl32k_temp01_core_matrix_20260616_status_live.csv,yes_source_batch_only,1,2133943
SWE,Qwen/Qwen3-30B-A3B,1.0,eagle3,,eagle3,,2,4096,32768,failed,status,docs/lyris_swebench_osl32k_temp01_core_matrix_20260616_status_live.csv,yes_source_batch_only,1,2133892
SWE,Qwen/Qwen3-30B-A3B,1.0,eagle3,,eagle3,,2,4096,32768,manifest-only,status,docs/lyris_swebench_osl32k_temp01_core_matrix_20260616_status_live.csv,yes_source_batch_only,1,2133943
SWE,Qwen/Qwen3-30B-A3B,1.0,eagle3,3,eagle3_k3,unknown | unknown_osl32k_qwen30ba3b_t10_eagle3_k3,1,4096,32768,failed,status,docs/lyris_swebench_osl32k_temp01_core_matrix_20260616_partial_status.csv,no,1,unknown_osl32k_qwen30ba3b_t10_eagle3_k3
SWE,Qwen/Qwen3-30B-A3B,1.0,eagle3,3,eagle3_k3,unknown | unknown_osl32k_qwen235b_eagle3_k3,1,4096,32768,failed,status,docs/lyris_swebench_osl32k_temp01_core_matrix_20260616_status.csv,no,1,unknown_osl32k_qwen235b_eagle3_k3
SWE,Qwen/Qwen3-30B-A3B,1.0,eagle3,3,eagle3_k3,swebench_verified_prompts_all.jsonl | qwen30ba3b_swe_verified_osl32k_temp01_eagle3_offset0_n4_isl4096_osl32768_bs1_2_k3_20260616_swe_temp01_core_home_retry_qwen30ba3b_t10,1,4096,32768,final,metrics,docs/lyris_swebench_osl32k_temp01_core_matrix_20260616_metrics_live.csv,yes_row,1,swe_t10_qwen30ba3b_eagle3_k3_bs1_j2133943
SWE,Qwen/Qwen3-30B-A3B,1.0,eagle3,3,eagle3_k3,swebench_verified_prompts_all.jsonl | qwen30ba3b_swe_verified_osl32k_temp01_eagle3_offset0_n4_isl4096_osl32768_bs1_2_k3_20260616_swe_temp01_core_home_retry_qwen30ba3b_t10,1,4096,32768,final,metrics,docs/lyris_swebench_osl32k_temp01_home_retry_metrics_live_20260616.csv,no,1,qwen30ba3b_swe_verified_osl32k_temp01_eagle3_offset0_n4_isl4096_osl32768_bs1_2_k3_20260616_swe_temp01_core_home_retry_qwen30ba3b_t10
SWE,Qwen/Qwen3-30B-A3B,1.0,eagle3,3,eagle3_k3,unknown | unknown_osl32k_qwen235b_eagle3_k3,1,4096,32768,manifest-only,manifest,docs/lyris_swebench_osl32k_temp01_core_matrix_20260616_manifest.csv,yes_row,2,unknown_osl32k_qwen235b_eagle3_k3
SWE,Qwen/Qwen3-30B-A3B,1.0,eagle3,3,eagle3_k3,unknown | unknown_osl32k_qwen30ba3b_t10_eagle3_k3,1,4096,32768,manifest-only,manifest,docs/lyris_swebench_osl32k_temp01_core_matrix_20260616_partial_manifest.csv,no,2,unknown_osl32k_qwen30ba3b_t10_eagle3_k3
SWE,Qwen/Qwen3-30B-A3B,1.0,eagle3,3,eagle3_k3,unknown | unknown_osl32k_qwen30ba3b_t10_eagle3_k3,1,4096,32768,manifest-only,status,docs/lyris_swebench_osl32k_temp01_core_matrix_20260616_partial_status.csv,no,1,unknown_osl32k_qwen30ba3b_t10_eagle3_k3
SWE,Qwen/Qwen3-30B-A3B,1.0,eagle3,3,eagle3_k3,swebench_verified_prompts_all.jsonl | qwen30ba3b_swe_verified_osl32k_temp01_eagle3_offset0_n4_isl4096_osl32768_bs1_2_k3_20260616_swe_temp01_core_home_retry_qwen30ba3b_t10,1,4096,32768,partial,metrics,docs/lyris_swebench_osl32k_temp01_core_matrix_20260616_partial_metrics.csv,no,1,unknown_osl32k_qwen30ba3b_t10_eagle3_k3
SWE,Qwen/Qwen3-30B-A3B,1.0,eagle3,3,eagle3_k3,unknown | unknown_osl32k_qwen235b_eagle3_k3,1,4096,32768,partial,status,docs/lyris_swebench_osl32k_temp01_core_matrix_20260616_status.csv,no,1,unknown_osl32k_qwen235b_eagle3_k3
SWE,Qwen/Qwen3-30B-A3B,1.0,eagle3,3,eagle3_k3,unknown | unknown_osl32k_qwen30ba3b_t10_eagle3_k3,2,4096,32768,failed,status,docs/lyris_swebench_osl32k_temp01_core_matrix_20260616_partial_status.csv,no,1,unknown_osl32k_qwen30ba3b_t10_eagle3_k3
SWE,Qwen/Qwen3-30B-A3B,1.0,eagle3,3,eagle3_k3,unknown | unknown_osl32k_qwen235b_eagle3_k3,2,4096,32768,failed,status,docs/lyris_swebench_osl32k_temp01_core_matrix_20260616_status.csv,no,1,unknown_osl32k_qwen235b_eagle3_k3
SWE,Qwen/Qwen3-30B-A3B,1.0,eagle3,3,eagle3_k3,swebench_verified_prompts_all.jsonl | qwen30ba3b_swe_verified_osl32k_temp01_eagle3_offset0_n4_isl4096_osl32768_bs1_2_k3_20260616_swe_temp01_core_home_retry_qwen30ba3b_t10,2,4096,32768,final,metrics,docs/lyris_swebench_osl32k_temp01_core_matrix_20260616_metrics_live.csv,yes_row,1,swe_t10_qwen30ba3b_eagle3_k3_bs2_j2133943
SWE,Qwen/Qwen3-30B-A3B,1.0,eagle3,3,eagle3_k3,swebench_verified_prompts_all.jsonl | qwen30ba3b_swe_verified_osl32k_temp01_eagle3_offset0_n4_isl4096_osl32768_bs1_2_k3_20260616_swe_temp01_core_home_retry_qwen30ba3b_t10,2,4096,32768,final,metrics,docs/lyris_swebench_osl32k_temp01_home_retry_metrics_live_20260616.csv,no,1,qwen30ba3b_swe_verified_osl32k_temp01_eagle3_offset0_n4_isl4096_osl32768_bs1_2_k3_20260616_swe_temp01_core_home_retry_qwen30ba3b_t10
SWE,Qwen/Qwen3-30B-A3B,1.0,eagle3,3,eagle3_k3,unknown | unknown_osl32k_qwen235b_eagle3_k3,2,4096,32768,manifest-only,manifest,docs/lyris_swebench_osl32k_temp01_core_matrix_20260616_manifest.csv,yes_row,2,unknown_osl32k_qwen235b_eagle3_k3
SWE,Qwen/Qwen3-30B-A3B,1.0,eagle3,3,eagle3_k3,unknown | unknown_osl32k_qwen30ba3b_t10_eagle3_k3,2,4096,32768,manifest-only,manifest,docs/lyris_swebench_osl32k_temp01_core_matrix_20260616_partial_manifest.csv,no,2,unknown_osl32k_qwen30ba3b_t10_eagle3_k3
SWE,Qwen/Qwen3-30B-A3B,1.0,eagle3,3,eagle3_k3,unknown | unknown_osl32k_qwen30ba3b_t10_eagle3_k3,2,4096,32768,manifest-only,status,docs/lyris_swebench_osl32k_temp01_core_matrix_20260616_partial_status.csv,no,1,unknown_osl32k_qwen30ba3b_t10_eagle3_k3
SWE,Qwen/Qwen3-30B-A3B,1.0,eagle3,3,eagle3_k3,swebench_verified_prompts_all.jsonl | qwen30ba3b_swe_verified_osl32k_temp01_eagle3_offset0_n4_isl4096_osl32768_bs1_2_k3_20260616_swe_temp01_core_home_retry_qwen30ba3b_t10,2,4096,32768,partial,metrics,docs/lyris_swebench_osl32k_temp01_core_matrix_20260616_partial_metrics.csv,no,1,unknown_osl32k_qwen30ba3b_t10_eagle3_k3
SWE,Qwen/Qwen3-30B-A3B,1.0,eagle3,3,eagle3_k3,unknown | unknown_osl32k_qwen235b_eagle3_k3,2,4096,32768,partial,status,docs/lyris_swebench_osl32k_temp01_core_matrix_20260616_status.csv,no,1,unknown_osl32k_qwen235b_eagle3_k3
SWE,Qwen/Qwen3-30B-A3B,1.0,suffix,,suffix,,1,4096,32768,failed,status,docs/lyris_swebench_osl32k_temp01_core_matrix_20260616_status_live.csv,yes_source_batch_only,1,2133891
SWE,Qwen/Qwen3-30B-A3B,1.0,suffix,,suffix,,1,4096,32768,manifest-only,status,docs/lyris_swebench_osl32k_temp01_core_matrix_20260616_status_live.csv,yes_source_batch_only,1,2133942
SWE,Qwen/Qwen3-30B-A3B,1.0,suffix,,suffix,,2,4096,32768,failed,status,docs/lyris_swebench_osl32k_temp01_core_matrix_20260616_status_live.csv,yes_source_batch_only,1,2133891
SWE,Qwen/Qwen3-30B-A3B,1.0,suffix,,suffix,,2,4096,32768,manifest-only,status,docs/lyris_swebench_osl32k_temp01_core_matrix_20260616_status_live.csv,yes_source_batch_only,1,2133942
SWE,Qwen/Qwen3-30B-A3B,1.0,suffix,32,suffix_k32,unknown | unknown_osl32k_qwen30ba3b_t10_suffix_k32,1,4096,32768,failed,status,docs/lyris_swebench_osl32k_temp01_core_matrix_20260616_partial_status.csv,no,1,unknown_osl32k_qwen30ba3b_t10_suffix_k32
SWE,Qwen/Qwen3-30B-A3B,1.0,suffix,32,suffix_k32,unknown | unknown_osl32k_qwen235b_suffix_k32,1,4096,32768,failed,status,docs/lyris_swebench_osl32k_temp01_core_matrix_20260616_status.csv,no,1,unknown_osl32k_qwen235b_suffix_k32
SWE,Qwen/Qwen3-30B-A3B,1.0,suffix,32,suffix_k32,swebench_verified_prompts_all.jsonl | qwen30ba3b_swe_verified_osl32k_temp01_suffix_offset0_n4_isl4096_osl32768_bs1_2_k32_arctic_20260616_swe_temp01_core_home_retry_qwen30ba3b_t10,1,4096,32768,final,metrics,docs/lyris_swebench_osl32k_temp01_core_matrix_20260616_metrics.csv,no,1,unknown_osl32k_qwen235b_suffix_k32
SWE,Qwen/Qwen3-30B-A3B,1.0,suffix,32,suffix_k32,swebench_verified_prompts_all.jsonl | qwen30ba3b_swe_verified_osl32k_temp01_suffix_offset0_n4_isl4096_osl32768_bs1_2_k32_arctic_20260616_swe_temp01_core_home_retry_qwen30ba3b_t10,1,4096,32768,final,metrics,docs/lyris_swebench_osl32k_temp01_core_matrix_20260616_metrics_live.csv,yes_row,1,swe_t10_qwen30ba3b_suffix_k32_bs1_j2133942
SWE,Qwen/Qwen3-30B-A3B,1.0,suffix,32,suffix_k32,swebench_verified_prompts_all.jsonl | qwen30ba3b_swe_verified_osl32k_temp01_suffix_offset0_n4_isl4096_osl32768_bs1_2_k32_arctic_20260616_swe_temp01_core_home_retry_qwen30ba3b_t10,1,4096,32768,final,metrics,docs/lyris_swebench_osl32k_temp01_home_retry_metrics_live_20260616.csv,no,1,qwen30ba3b_swe_verified_osl32k_temp01_suffix_offset0_n4_isl4096_osl32768_bs1_2_k32_arctic_20260616_swe_temp01_core_home_retry_qwen30ba3b_t10
SWE,Qwen/Qwen3-30B-A3B,1.0,suffix,32,suffix_k32,unknown | unknown_osl32k_qwen235b_suffix_k32,1,4096,32768,manifest-only,manifest,docs/lyris_swebench_osl32k_temp01_core_matrix_20260616_manifest.csv,yes_row,2,unknown_osl32k_qwen235b_suffix_k32
SWE,Qwen/Qwen3-30B-A3B,1.0,suffix,32,suffix_k32,unknown | unknown_osl32k_qwen30ba3b_t10_suffix_k32,1,4096,32768,manifest-only,manifest,docs/lyris_swebench_osl32k_temp01_core_matrix_20260616_partial_manifest.csv,no,2,unknown_osl32k_qwen30ba3b_t10_suffix_k32
SWE,Qwen/Qwen3-30B-A3B,1.0,suffix,32,suffix_k32,unknown | unknown_osl32k_qwen30ba3b_t10_suffix_k32,1,4096,32768,manifest-only,status,docs/lyris_swebench_osl32k_temp01_core_matrix_20260616_partial_status.csv,no,1,unknown_osl32k_qwen30ba3b_t10_suffix_k32
SWE,Qwen/Qwen3-30B-A3B,1.0,suffix,32,suffix_k32,unknown | unknown_osl32k_qwen235b_suffix_k32,1,4096,32768,manifest-only,status,docs/lyris_swebench_osl32k_temp01_core_matrix_20260616_status.csv,no,1,unknown_osl32k_qwen235b_suffix_k32
SWE,Qwen/Qwen3-30B-A3B,1.0,suffix,32,suffix_k32,swebench_verified_prompts_all.jsonl | qwen30ba3b_swe_verified_osl32k_temp01_suffix_offset0_n4_isl4096_osl32768_bs1_2_k32_arctic_20260616_swe_temp01_core_home_retry_qwen30ba3b_t10,1,4096,32768,partial,metrics,docs/lyris_swebench_osl32k_temp01_core_matrix_20260616_partial_metrics.csv,no,1,unknown_osl32k_qwen30ba3b_t10_suffix_k32
SWE,Qwen/Qwen3-30B-A3B,1.0,suffix,32,suffix_k32,unknown | unknown_osl32k_qwen30ba3b_t10_suffix_k32,2,4096,32768,failed,status,docs/lyris_swebench_osl32k_temp01_core_matrix_20260616_partial_status.csv,no,1,unknown_osl32k_qwen30ba3b_t10_suffix_k32
SWE,Qwen/Qwen3-30B-A3B,1.0,suffix,32,suffix_k32,unknown | unknown_osl32k_qwen235b_suffix_k32,2,4096,32768,failed,status,docs/lyris_swebench_osl32k_temp01_core_matrix_20260616_status.csv,no,1,unknown_osl32k_qwen235b_suffix_k32
SWE,Qwen/Qwen3-30B-A3B,1.0,suffix,32,suffix_k32,swebench_verified_prompts_all.jsonl | qwen30ba3b_swe_verified_osl32k_temp01_suffix_offset0_n4_isl4096_osl32768_bs1_2_k32_arctic_20260616_swe_temp01_core_home_retry_qwen30ba3b_t10,2,4096,32768,final,metrics,docs/lyris_swebench_osl32k_temp01_core_matrix_20260616_metrics.csv,no,1,unknown_osl32k_qwen235b_suffix_k32
SWE,Qwen/Qwen3-30B-A3B,1.0,suffix,32,suffix_k32,swebench_verified_prompts_all.jsonl | qwen30ba3b_swe_verified_osl32k_temp01_suffix_offset0_n4_isl4096_osl32768_bs1_2_k32_arctic_20260616_swe_temp01_core_home_retry_qwen30ba3b_t10,2,4096,32768,final,metrics,docs/lyris_swebench_osl32k_temp01_core_matrix_20260616_metrics_live.csv,yes_row,1,swe_t10_qwen30ba3b_suffix_k32_bs2_j2133942
SWE,Qwen/Qwen3-30B-A3B,1.0,suffix,32,suffix_k32,swebench_verified_prompts_all.jsonl | qwen30ba3b_swe_verified_osl32k_temp01_suffix_offset0_n4_isl4096_osl32768_bs1_2_k32_arctic_20260616_swe_temp01_core_home_retry_qwen30ba3b_t10,2,4096,32768,final,metrics,docs/lyris_swebench_osl32k_temp01_home_retry_metrics_live_20260616.csv,no,1,qwen30ba3b_swe_verified_osl32k_temp01_suffix_offset0_n4_isl4096_osl32768_bs1_2_k32_arctic_20260616_swe_temp01_core_home_retry_qwen30ba3b_t10
SWE,Qwen/Qwen3-30B-A3B,1.0,suffix,32,suffix_k32,unknown | unknown_osl32k_qwen235b_suffix_k32,2,4096,32768,manifest-only,manifest,docs/lyris_swebench_osl32k_temp01_core_matrix_20260616_manifest.csv,yes_row,2,unknown_osl32k_qwen235b_suffix_k32
SWE,Qwen/Qwen3-30B-A3B,1.0,suffix,32,suffix_k32,unknown | unknown_osl32k_qwen30ba3b_t10_suffix_k32,2,4096,32768,manifest-only,manifest,docs/lyris_swebench_osl32k_temp01_core_matrix_20260616_partial_manifest.csv,no,2,unknown_osl32k_qwen30ba3b_t10_suffix_k32
SWE,Qwen/Qwen3-30B-A3B,1.0,suffix,32,suffix_k32,unknown | unknown_osl32k_qwen30ba3b_t10_suffix_k32,2,4096,32768,manifest-only,status,docs/lyris_swebench_osl32k_temp01_core_matrix_20260616_partial_status.csv,no,1,unknown_osl32k_qwen30ba3b_t10_suffix_k32
SWE,Qwen/Qwen3-30B-A3B,1.0,suffix,32,suffix_k32,unknown | unknown_osl32k_qwen235b_suffix_k32,2,4096,32768,manifest-only,status,docs/lyris_swebench_osl32k_temp01_core_matrix_20260616_status.csv,no,1,unknown_osl32k_qwen235b_suffix_k32
SWE,Qwen/Qwen3-30B-A3B,1.0,suffix,32,suffix_k32,swebench_verified_prompts_all.jsonl | qwen30ba3b_swe_verified_osl32k_temp01_suffix_offset0_n4_isl4096_osl32768_bs1_2_k32_arctic_20260616_swe_temp01_core_home_retry_qwen30ba3b_t10,2,4096,32768,partial,metrics,docs/lyris_swebench_osl32k_temp01_core_matrix_20260616_partial_metrics.csv,no,1,unknown_osl32k_qwen30ba3b_t10_suffix_k32
SWE,Qwen/Qwen3-30B-A3B-Thinking-2507,,baseline,,baseline,qwen30thinking_baseline,1,4096,32768,manifest-only,manifest,docs/lyris_specdec_32k_manifest_20260612.csv,no,1,qwen30thinking_baseline
SWE,Qwen/Qwen3-30B-A3B-Thinking-2507,,baseline,,baseline,swebench_verified_prompts_all.jsonl | qwen30ba3b_thinking2507_swebench_verified_osl32k_lyris_eagle3_baseline_offset0_n4_isl4096_osl32768_bs1_2_20260611,1,4096,32768,partial,metrics,docs/lyris_specdec_32k_metrics_20260612.csv,no,1,qwen30thinking_baseline
SWE,Qwen/Qwen3-30B-A3B-Thinking-2507,,baseline,,baseline,qwen30thinking_baseline,2,4096,32768,manifest-only,manifest,docs/lyris_specdec_32k_manifest_20260612.csv,no,1,qwen30thinking_baseline
SWE,Qwen/Qwen3-30B-A3B-Thinking-2507,,baseline,,baseline,swebench_verified_prompts_all.jsonl | qwen30ba3b_thinking2507_swebench_verified_osl32k_lyris_eagle3_baseline_offset0_n4_isl4096_osl32768_bs1_2_20260611,2,4096,32768,partial,metrics,docs/lyris_specdec_32k_metrics_20260612.csv,no,1,qwen30thinking_baseline
SWE,Qwen/Qwen3-30B-A3B-Thinking-2507,,eagle3,1,eagle3_k1,swebench_verified_prompts_all.jsonl | qwen30ba3b_thinking2507_swebench_verified_osl32k_lyris_eagle3_eagle3_offset0_n4_isl4096_osl32768_bs1_2_k1_20260611,1,4096,32768,final,metrics,docs/lyris_specdec_32k_metrics_20260612.csv,no,1,qwen30thinking_eagle3_k1
SWE,Qwen/Qwen3-30B-A3B-Thinking-2507,,eagle3,1,eagle3_k1,qwen30thinking_eagle3_k1,1,4096,32768,manifest-only,manifest,docs/lyris_specdec_32k_manifest_20260612.csv,no,1,qwen30thinking_eagle3_k1
SWE,Qwen/Qwen3-30B-A3B-Thinking-2507,,eagle3,1,eagle3_k1,swebench_verified_prompts_all.jsonl | qwen30ba3b_thinking2507_swebench_verified_osl32k_lyris_eagle3_eagle3_offset0_n4_isl4096_osl32768_bs1_2_k1_20260611,2,4096,32768,final,metrics,docs/lyris_specdec_32k_metrics_20260612.csv,no,1,qwen30thinking_eagle3_k1
SWE,Qwen/Qwen3-30B-A3B-Thinking-2507,,eagle3,1,eagle3_k1,qwen30thinking_eagle3_k1,2,4096,32768,manifest-only,manifest,docs/lyris_specdec_32k_manifest_20260612.csv,no,1,qwen30thinking_eagle3_k1
SWE,Qwen/Qwen3-30B-A3B-Thinking-2507,,eagle3,11,eagle3_k11,swebench_verified_prompts_all.jsonl | qwen30ba3b_thinking2507_swebench_verified_osl32k_lyris_eagle3_highk_eagle3_offset0_n4_isl4096_osl32768_bs1_2_k11_20260611,1,4096,32768,final,metrics,docs/lyris_specdec_32k_metrics_20260612.csv,no,1,qwen30thinking_eagle3_k11
SWE,Qwen/Qwen3-30B-A3B-Thinking-2507,,eagle3,11,eagle3_k11,qwen30thinking_eagle3_k11,1,4096,32768,manifest-only,manifest,docs/lyris_specdec_32k_manifest_20260612.csv,no,1,qwen30thinking_eagle3_k11
SWE,Qwen/Qwen3-30B-A3B-Thinking-2507,,eagle3,11,eagle3_k11,swebench_verified_prompts_all.jsonl | qwen30ba3b_thinking2507_swebench_verified_osl32k_lyris_eagle3_highk_eagle3_offset0_n4_isl4096_osl32768_bs1_2_k11_20260611,2,4096,32768,final,metrics,docs/lyris_specdec_32k_metrics_20260612.csv,no,1,qwen30thinking_eagle3_k11
SWE,Qwen/Qwen3-30B-A3B-Thinking-2507,,eagle3,11,eagle3_k11,qwen30thinking_eagle3_k11,2,4096,32768,manifest-only,manifest,docs/lyris_specdec_32k_manifest_20260612.csv,no,1,qwen30thinking_eagle3_k11
SWE,Qwen/Qwen3-30B-A3B-Thinking-2507,,eagle3,3,eagle3_k3,swebench_verified_prompts_all.jsonl | qwen30ba3b_thinking2507_swebench_verified_osl32k_lyris_eagle3_highk_eagle3_offset0_n4_isl4096_osl32768_bs1_2_k3_20260611,1,4096,32768,final,metrics,docs/lyris_specdec_32k_metrics_20260612.csv,no,1,qwen30thinking_eagle3_k3
SWE,Qwen/Qwen3-30B-A3B-Thinking-2507,,eagle3,3,eagle3_k3,qwen30thinking_eagle3_k3,1,4096,32768,manifest-only,manifest,docs/lyris_specdec_32k_manifest_20260612.csv,no,1,qwen30thinking_eagle3_k3
SWE,Qwen/Qwen3-30B-A3B-Thinking-2507,,eagle3,3,eagle3_k3,swebench_verified_prompts_all.jsonl | qwen30ba3b_thinking2507_swebench_verified_osl32k_lyris_eagle3_highk_eagle3_offset0_n4_isl4096_osl32768_bs1_2_k3_20260611,2,4096,32768,final,metrics,docs/lyris_specdec_32k_metrics_20260612.csv,no,1,qwen30thinking_eagle3_k3
SWE,Qwen/Qwen3-30B-A3B-Thinking-2507,,eagle3,3,eagle3_k3,qwen30thinking_eagle3_k3,2,4096,32768,manifest-only,manifest,docs/lyris_specdec_32k_manifest_20260612.csv,no,1,qwen30thinking_eagle3_k3
SWE,Qwen/Qwen3-30B-A3B-Thinking-2507,,eagle3,5,eagle3_k5,swebench_verified_prompts_all.jsonl | qwen30ba3b_thinking2507_swebench_verified_osl32k_lyris_eagle3_highk_eagle3_offset0_n4_isl4096_osl32768_bs1_2_k5_20260611,1,4096,32768,final,metrics,docs/lyris_specdec_32k_metrics_20260612.csv,no,1,qwen30thinking_eagle3_k5
SWE,Qwen/Qwen3-30B-A3B-Thinking-2507,,eagle3,5,eagle3_k5,qwen30thinking_eagle3_k5,1,4096,32768,manifest-only,manifest,docs/lyris_specdec_32k_manifest_20260612.csv,no,1,qwen30thinking_eagle3_k5
SWE,Qwen/Qwen3-30B-A3B-Thinking-2507,,eagle3,5,eagle3_k5,swebench_verified_prompts_all.jsonl | qwen30ba3b_thinking2507_swebench_verified_osl32k_lyris_eagle3_highk_eagle3_offset0_n4_isl4096_osl32768_bs1_2_k5_20260611,2,4096,32768,final,metrics,docs/lyris_specdec_32k_metrics_20260612.csv,no,1,qwen30thinking_eagle3_k5
SWE,Qwen/Qwen3-30B-A3B-Thinking-2507,,eagle3,5,eagle3_k5,qwen30thinking_eagle3_k5,2,4096,32768,manifest-only,manifest,docs/lyris_specdec_32k_manifest_20260612.csv,no,1,qwen30thinking_eagle3_k5
SWE,Qwen/Qwen3-30B-A3B-Thinking-2507,,eagle3,9,eagle3_k9,swebench_verified_prompts_all.jsonl | qwen30ba3b_thinking2507_swebench_verified_osl32k_lyris_eagle3_highk_eagle3_offset0_n4_isl4096_osl32768_bs1_2_k9_20260611,1,4096,32768,final,metrics,docs/lyris_specdec_32k_metrics_20260612.csv,no,1,qwen30thinking_eagle3_k9
SWE,Qwen/Qwen3-30B-A3B-Thinking-2507,,eagle3,9,eagle3_k9,qwen30thinking_eagle3_k9,1,4096,32768,manifest-only,manifest,docs/lyris_specdec_32k_manifest_20260612.csv,no,1,qwen30thinking_eagle3_k9
SWE,Qwen/Qwen3-30B-A3B-Thinking-2507,,eagle3,9,eagle3_k9,swebench_verified_prompts_all.jsonl | qwen30ba3b_thinking2507_swebench_verified_osl32k_lyris_eagle3_highk_eagle3_offset0_n4_isl4096_osl32768_bs1_2_k9_20260611,2,4096,32768,final,metrics,docs/lyris_specdec_32k_metrics_20260612.csv,no,1,qwen30thinking_eagle3_k9
SWE,Qwen/Qwen3-30B-A3B-Thinking-2507,,eagle3,9,eagle3_k9,qwen30thinking_eagle3_k9,2,4096,32768,manifest-only,manifest,docs/lyris_specdec_32k_manifest_20260612.csv,no,1,qwen30thinking_eagle3_k9
SWE,Qwen/Qwen3-32B,0.0,baseline,,baseline,unknown | unknown_osl32k_qwen32_t00_baseline,1,4096,32768,failed,status,docs/lyris_swebench_osl32k_temp01_core_matrix_20260616_partial_status.csv,no,1,unknown_osl32k_qwen32_t00_baseline
SWE,Qwen/Qwen3-32B,0.0,baseline,,baseline,,1,4096,32768,failed,status,docs/lyris_swebench_osl32k_temp01_core_matrix_20260616_status_live.csv,yes_source_batch_only,1,2133876
SWE,Qwen/Qwen3-32B,0.0,baseline,,baseline,unknown | unknown_osl32k_qwen235b_baseline,1,4096,32768,manifest-only,manifest,docs/lyris_swebench_osl32k_temp01_core_matrix_20260616_manifest.csv,yes_row,1,unknown_osl32k_qwen235b_baseline
SWE,Qwen/Qwen3-32B,0.0,baseline,,baseline,unknown | unknown_osl32k_qwen32_t00_baseline,1,4096,32768,manifest-only,manifest,docs/lyris_swebench_osl32k_temp01_core_matrix_20260616_partial_manifest.csv,no,2,unknown_osl32k_qwen32_t00_baseline
SWE,Qwen/Qwen3-32B,0.0,baseline,,baseline,unknown | unknown_osl32k_qwen32_t00_baseline,1,4096,32768,manifest-only,status,docs/lyris_swebench_osl32k_temp01_core_matrix_20260616_partial_status.csv,no,1,unknown_osl32k_qwen32_t00_baseline
SWE,Qwen/Qwen3-32B,0.0,baseline,,baseline,,1,4096,32768,manifest-only,status,docs/lyris_swebench_osl32k_temp01_core_matrix_20260616_status_live.csv,yes_source_batch_only,1,2137767
SWE,Qwen/Qwen3-32B,0.0,baseline,0,baseline,swebench_verified_prompts_all.jsonl | qwen32_swe_verified_osl32k_temp01_baseline_offset0_n4_isl4096_osl32768_bs1_2_20260616_swe_temp01_core_home_mount_qwen32_baseline_t00,1,4096,32768,partial,metrics,docs/lyris_swebench_osl32k_temp01_core_matrix_20260616_metrics_live.csv,yes_source_batch_only,1,swe_t00_qwen32_baseline_bs1_j2137767
SWE,Qwen/Qwen3-32B,0.0,baseline,,baseline,swebench_verified_prompts_all.jsonl | qwen32_swe_verified_osl32k_temp01_baseline_offset0_n4_isl4096_osl32768_bs1_2_20260616_swe_temp01_core_home_mount_qwen32_baseline_t00,1,4096,32768,partial,metrics,docs/lyris_swebench_osl32k_temp01_core_matrix_20260616_partial_metrics.csv,no,1,unknown_osl32k_qwen32_t00_baseline
SWE,Qwen/Qwen3-32B,0.0,baseline,,baseline,unknown | unknown_osl32k_qwen235b_baseline,1,4096,32768,partial,status,docs/lyris_swebench_osl32k_temp01_core_matrix_20260616_status.csv,no,1,unknown_osl32k_qwen235b_baseline
SWE,Qwen/Qwen3-32B,0.0,baseline,,baseline,unknown | unknown_osl32k_qwen32_t00_baseline,2,4096,32768,failed,status,docs/lyris_swebench_osl32k_temp01_core_matrix_20260616_partial_status.csv,no,1,unknown_osl32k_qwen32_t00_baseline
SWE,Qwen/Qwen3-32B,0.0,baseline,,baseline,,2,4096,32768,failed,status,docs/lyris_swebench_osl32k_temp01_core_matrix_20260616_status_live.csv,yes_source_batch_only,1,2133876
SWE,Qwen/Qwen3-32B,0.0,baseline,,baseline,unknown | unknown_osl32k_qwen235b_baseline,2,4096,32768,manifest-only,manifest,docs/lyris_swebench_osl32k_temp01_core_matrix_20260616_manifest.csv,yes_row,1,unknown_osl32k_qwen235b_baseline
SWE,Qwen/Qwen3-32B,0.0,baseline,,baseline,unknown | unknown_osl32k_qwen32_t00_baseline,2,4096,32768,manifest-only,manifest,docs/lyris_swebench_osl32k_temp01_core_matrix_20260616_partial_manifest.csv,no,2,unknown_osl32k_qwen32_t00_baseline
SWE,Qwen/Qwen3-32B,0.0,baseline,,baseline,unknown | unknown_osl32k_qwen32_t00_baseline,2,4096,32768,manifest-only,status,docs/lyris_swebench_osl32k_temp01_core_matrix_20260616_partial_status.csv,no,1,unknown_osl32k_qwen32_t00_baseline
SWE,Qwen/Qwen3-32B,0.0,baseline,,baseline,,2,4096,32768,manifest-only,status,docs/lyris_swebench_osl32k_temp01_core_matrix_20260616_status_live.csv,yes_source_batch_only,1,2137767
SWE,Qwen/Qwen3-32B,0.0,baseline,0,baseline,swebench_verified_prompts_all.jsonl | qwen32_swe_verified_osl32k_temp01_baseline_offset0_n4_isl4096_osl32768_bs1_2_20260616_swe_temp01_core_home_mount_qwen32_baseline_t00,2,4096,32768,partial,metrics,docs/lyris_swebench_osl32k_temp01_core_matrix_20260616_metrics_live.csv,yes_source_batch_only,1,swe_t00_qwen32_baseline_bs2_j2137767
SWE,Qwen/Qwen3-32B,0.0,baseline,,baseline,swebench_verified_prompts_all.jsonl | qwen32_swe_verified_osl32k_temp01_baseline_offset0_n4_isl4096_osl32768_bs1_2_20260616_swe_temp01_core_home_mount_qwen32_baseline_t00,2,4096,32768,partial,metrics,docs/lyris_swebench_osl32k_temp01_core_matrix_20260616_partial_metrics.csv,no,1,unknown_osl32k_qwen32_t00_baseline
SWE,Qwen/Qwen3-32B,0.0,baseline,,baseline,unknown | unknown_osl32k_qwen235b_baseline,2,4096,32768,partial,status,docs/lyris_swebench_osl32k_temp01_core_matrix_20260616_status.csv,no,1,unknown_osl32k_qwen235b_baseline
SWE,Qwen/Qwen3-32B,0.0,eagle3,,eagle3,,1,4096,32768,failed,status,docs/lyris_swebench_osl32k_temp01_core_matrix_20260616_status_live.csv,yes_source_batch_only,3,2135587; 2135726; 2133879
SWE,Qwen/Qwen3-32B,0.0,eagle3,,eagle3,,1,4096,32768,manifest-only,status,docs/lyris_swebench_osl32k_temp01_core_matrix_20260616_status_live.csv,yes_source_batch_only,1,2135971
SWE,Qwen/Qwen3-32B,0.0,eagle3,,eagle3,,2,4096,32768,failed,status,docs/lyris_swebench_osl32k_temp01_core_matrix_20260616_status_live.csv,yes_source_batch_only,3,2135587; 2135726; 2133879
SWE,Qwen/Qwen3-32B,0.0,eagle3,,eagle3,,2,4096,32768,manifest-only,status,docs/lyris_swebench_osl32k_temp01_core_matrix_20260616_status_live.csv,yes_source_batch_only,1,2135971
SWE,Qwen/Qwen3-32B,0.0,eagle3,3,eagle3_k3,unknown | unknown_osl32k_qwen32_t00_eagle3_k3,1,4096,32768,failed,status,docs/lyris_swebench_osl32k_temp01_core_matrix_20260616_partial_status.csv,no,3,unknown_osl32k_qwen32_t00_eagle3_k3
SWE,Qwen/Qwen3-32B,0.0,eagle3,3,eagle3_k3,unknown | unknown_osl32k_qwen235b_eagle3_k3,1,4096,32768,failed,status,docs/lyris_swebench_osl32k_temp01_core_matrix_20260616_status.csv,no,1,unknown_osl32k_qwen235b_eagle3_k3
SWE,Qwen/Qwen3-32B,0.0,eagle3,3,eagle3_k3,swebench_verified_prompts_all.jsonl | qwen32_swe_verified_osl32k_temp01_eagle3_offset0_n4_isl4096_osl32768_bs1_2_k3_20260616_swe_temp01_core_home_retry2_qwen32_t00,1,4096,32768,final,metrics,docs/lyris_swebench_osl32k_temp01_core_matrix_20260616_metrics_live.csv,yes_row,1,swe_t00_qwen32_eagle3_k3_bs1_j2135971
SWE,Qwen/Qwen3-32B,0.0,eagle3,3,eagle3_k3,swebench_verified_prompts_all.jsonl | qwen32_swe_verified_osl32k_temp01_eagle3_offset0_n4_isl4096_osl32768_bs1_2_k3_20260616_swe_temp01_core_home_retry2_qwen32_t00,1,4096,32768,final,metrics,docs/lyris_swebench_osl32k_temp01_home_retry_metrics_live_20260616.csv,no,1,qwen32_swe_verified_osl32k_temp01_eagle3_offset0_n4_isl4096_osl32768_bs1_2_k3_20260616_swe_temp01_core_home_retry2_qwen32_t00
SWE,Qwen/Qwen3-32B,0.0,eagle3,3,eagle3_k3,unknown | unknown_osl32k_qwen235b_eagle3_k3,1,4096,32768,manifest-only,manifest,docs/lyris_swebench_osl32k_temp01_core_matrix_20260616_manifest.csv,yes_row,1,unknown_osl32k_qwen235b_eagle3_k3
SWE,Qwen/Qwen3-32B,0.0,eagle3,3,eagle3_k3,unknown | unknown_osl32k_qwen32_t00_eagle3_k3,1,4096,32768,manifest-only,manifest,docs/lyris_swebench_osl32k_temp01_core_matrix_20260616_partial_manifest.csv,no,4,unknown_osl32k_qwen32_t00_eagle3_k3
SWE,Qwen/Qwen3-32B,0.0,eagle3,3,eagle3_k3,unknown | unknown_osl32k_qwen32_t00_eagle3_k3,1,4096,32768,manifest-only,status,docs/lyris_swebench_osl32k_temp01_core_matrix_20260616_partial_status.csv,no,1,unknown_osl32k_qwen32_t00_eagle3_k3
SWE,Qwen/Qwen3-32B,0.0,eagle3,3,eagle3_k3,swebench_verified_prompts_all.jsonl | qwen32_swe_verified_osl32k_temp01_eagle3_offset0_n4_isl4096_osl32768_bs1_2_k3_20260616_swe_temp01_core_home_retry2_qwen32_t00,1,4096,32768,partial,metrics,docs/lyris_swebench_osl32k_temp01_core_matrix_20260616_partial_metrics.csv,no,3,unknown_osl32k_qwen32_t00_eagle3_k3
SWE,Qwen/Qwen3-32B,0.0,eagle3,3,eagle3_k3,unknown | unknown_osl32k_qwen32_t00_eagle3_k3,2,4096,32768,failed,status,docs/lyris_swebench_osl32k_temp01_core_matrix_20260616_partial_status.csv,no,3,unknown_osl32k_qwen32_t00_eagle3_k3
SWE,Qwen/Qwen3-32B,0.0,eagle3,3,eagle3_k3,unknown | unknown_osl32k_qwen235b_eagle3_k3,2,4096,32768,failed,status,docs/lyris_swebench_osl32k_temp01_core_matrix_20260616_status.csv,no,1,unknown_osl32k_qwen235b_eagle3_k3
SWE,Qwen/Qwen3-32B,0.0,eagle3,3,eagle3_k3,swebench_verified_prompts_all.jsonl | qwen32_swe_verified_osl32k_temp01_eagle3_offset0_n4_isl4096_osl32768_bs1_2_k3_20260616_swe_temp01_core_home_retry2_qwen32_t00,2,4096,32768,final,metrics,docs/lyris_swebench_osl32k_temp01_core_matrix_20260616_metrics_live.csv,yes_row,1,swe_t00_qwen32_eagle3_k3_bs2_j2135971
SWE,Qwen/Qwen3-32B,0.0,eagle3,3,eagle3_k3,swebench_verified_prompts_all.jsonl | qwen32_swe_verified_osl32k_temp01_eagle3_offset0_n4_isl4096_osl32768_bs1_2_k3_20260616_swe_temp01_core_home_retry2_qwen32_t00,2,4096,32768,final,metrics,docs/lyris_swebench_osl32k_temp01_home_retry_metrics_live_20260616.csv,no,1,qwen32_swe_verified_osl32k_temp01_eagle3_offset0_n4_isl4096_osl32768_bs1_2_k3_20260616_swe_temp01_core_home_retry2_qwen32_t00
SWE,Qwen/Qwen3-32B,0.0,eagle3,3,eagle3_k3,unknown | unknown_osl32k_qwen235b_eagle3_k3,2,4096,32768,manifest-only,manifest,docs/lyris_swebench_osl32k_temp01_core_matrix_20260616_manifest.csv,yes_row,1,unknown_osl32k_qwen235b_eagle3_k3
SWE,Qwen/Qwen3-32B,0.0,eagle3,3,eagle3_k3,unknown | unknown_osl32k_qwen32_t00_eagle3_k3,2,4096,32768,manifest-only,manifest,docs/lyris_swebench_osl32k_temp01_core_matrix_20260616_partial_manifest.csv,no,4,unknown_osl32k_qwen32_t00_eagle3_k3
SWE,Qwen/Qwen3-32B,0.0,eagle3,3,eagle3_k3,unknown | unknown_osl32k_qwen32_t00_eagle3_k3,2,4096,32768,manifest-only,status,docs/lyris_swebench_osl32k_temp01_core_matrix_20260616_partial_status.csv,no,1,unknown_osl32k_qwen32_t00_eagle3_k3
SWE,Qwen/Qwen3-32B,0.0,eagle3,3,eagle3_k3,swebench_verified_prompts_all.jsonl | qwen32_swe_verified_osl32k_temp01_eagle3_offset0_n4_isl4096_osl32768_bs1_2_k3_20260616_swe_temp01_core_home_retry2_qwen32_t00,2,4096,32768,partial,metrics,docs/lyris_swebench_osl32k_temp01_core_matrix_20260616_partial_metrics.csv,no,3,unknown_osl32k_qwen32_t00_eagle3_k3
SWE,Qwen/Qwen3-32B,0.0,suffix,,suffix,,1,4096,32768,failed,status,docs/lyris_swebench_osl32k_temp01_core_matrix_20260616_status_live.csv,yes_source_batch_only,1,2133878
SWE,Qwen/Qwen3-32B,0.0,suffix,,suffix,,1,4096,32768,manifest-only,status,docs/lyris_swebench_osl32k_temp01_core_matrix_20260616_status_live.csv,yes_source_batch_only,1,2133932
SWE,Qwen/Qwen3-32B,0.0,suffix,,suffix,,2,4096,32768,failed,status,docs/lyris_swebench_osl32k_temp01_core_matrix_20260616_status_live.csv,yes_source_batch_only,1,2133878
SWE,Qwen/Qwen3-32B,0.0,suffix,,suffix,,2,4096,32768,manifest-only,status,docs/lyris_swebench_osl32k_temp01_core_matrix_20260616_status_live.csv,yes_source_batch_only,1,2133932
SWE,Qwen/Qwen3-32B,0.0,suffix,32,suffix_k32,unknown | unknown_osl32k_qwen32_t00_suffix_k32,1,4096,32768,failed,status,docs/lyris_swebench_osl32k_temp01_core_matrix_20260616_partial_status.csv,no,1,unknown_osl32k_qwen32_t00_suffix_k32
SWE,Qwen/Qwen3-32B,0.0,suffix,32,suffix_k32,unknown | unknown_osl32k_qwen235b_suffix_k32,1,4096,32768,failed,status,docs/lyris_swebench_osl32k_temp01_core_matrix_20260616_status.csv,no,1,unknown_osl32k_qwen235b_suffix_k32
SWE,Qwen/Qwen3-32B,0.0,suffix,32,suffix_k32,swebench_verified_prompts_all.jsonl | qwen32_swe_verified_osl32k_temp01_suffix_offset0_n4_isl4096_osl32768_bs1_2_k32_arctic_20260616_swe_temp01_core_home_retry_qwen32_t00,1,4096,32768,final,metrics,docs/lyris_swebench_osl32k_temp01_core_matrix_20260616_metrics.csv,no,1,unknown_osl32k_qwen235b_suffix_k32
SWE,Qwen/Qwen3-32B,0.0,suffix,32,suffix_k32,swebench_verified_prompts_all.jsonl | qwen32_swe_verified_osl32k_temp01_suffix_offset0_n4_isl4096_osl32768_bs1_2_k32_arctic_20260616_swe_temp01_core_home_retry_qwen32_t00,1,4096,32768,final,metrics,docs/lyris_swebench_osl32k_temp01_core_matrix_20260616_metrics_live.csv,yes_row,1,swe_t00_qwen32_suffix_k32_bs1_j2133932
SWE,Qwen/Qwen3-32B,0.0,suffix,32,suffix_k32,swebench_verified_prompts_all.jsonl | qwen32_swe_verified_osl32k_temp01_suffix_offset0_n4_isl4096_osl32768_bs1_2_k32_arctic_20260616_swe_temp01_core_home_retry_qwen32_t00,1,4096,32768,final,metrics,docs/lyris_swebench_osl32k_temp01_home_retry_metrics_live_20260616.csv,no,1,qwen32_swe_verified_osl32k_temp01_suffix_offset0_n4_isl4096_osl32768_bs1_2_k32_arctic_20260616_swe_temp01_core_home_retry_qwen32_t00
SWE,Qwen/Qwen3-32B,0.0,suffix,32,suffix_k32,unknown | unknown_osl32k_qwen235b_suffix_k32,1,4096,32768,manifest-only,manifest,docs/lyris_swebench_osl32k_temp01_core_matrix_20260616_manifest.csv,yes_row,2,unknown_osl32k_qwen235b_suffix_k32
SWE,Qwen/Qwen3-32B,0.0,suffix,32,suffix_k32,unknown | unknown_osl32k_qwen32_t00_suffix_k32,1,4096,32768,manifest-only,manifest,docs/lyris_swebench_osl32k_temp01_core_matrix_20260616_partial_manifest.csv,no,2,unknown_osl32k_qwen32_t00_suffix_k32
SWE,Qwen/Qwen3-32B,0.0,suffix,32,suffix_k32,unknown | unknown_osl32k_qwen32_t00_suffix_k32,1,4096,32768,manifest-only,status,docs/lyris_swebench_osl32k_temp01_core_matrix_20260616_partial_status.csv,no,1,unknown_osl32k_qwen32_t00_suffix_k32
SWE,Qwen/Qwen3-32B,0.0,suffix,32,suffix_k32,unknown | unknown_osl32k_qwen235b_suffix_k32,1,4096,32768,manifest-only,status,docs/lyris_swebench_osl32k_temp01_core_matrix_20260616_status.csv,no,1,unknown_osl32k_qwen235b_suffix_k32
SWE,Qwen/Qwen3-32B,0.0,suffix,32,suffix_k32,swebench_verified_prompts_all.jsonl | qwen32_swe_verified_osl32k_temp01_suffix_offset0_n4_isl4096_osl32768_bs1_2_k32_arctic_20260616_swe_temp01_core_home_retry_qwen32_t00,1,4096,32768,partial,metrics,docs/lyris_swebench_osl32k_temp01_core_matrix_20260616_partial_metrics.csv,no,1,unknown_osl32k_qwen32_t00_suffix_k32
SWE,Qwen/Qwen3-32B,0.0,suffix,32,suffix_k32,unknown | unknown_osl32k_qwen32_t00_suffix_k32,2,4096,32768,failed,status,docs/lyris_swebench_osl32k_temp01_core_matrix_20260616_partial_status.csv,no,1,unknown_osl32k_qwen32_t00_suffix_k32
SWE,Qwen/Qwen3-32B,0.0,suffix,32,suffix_k32,unknown | unknown_osl32k_qwen235b_suffix_k32,2,4096,32768,failed,status,docs/lyris_swebench_osl32k_temp01_core_matrix_20260616_status.csv,no,1,unknown_osl32k_qwen235b_suffix_k32
SWE,Qwen/Qwen3-32B,0.0,suffix,32,suffix_k32,swebench_verified_prompts_all.jsonl | qwen32_swe_verified_osl32k_temp01_suffix_offset0_n4_isl4096_osl32768_bs1_2_k32_arctic_20260616_swe_temp01_core_home_retry_qwen32_t00,2,4096,32768,final,metrics,docs/lyris_swebench_osl32k_temp01_core_matrix_20260616_metrics.csv,no,1,unknown_osl32k_qwen235b_suffix_k32
SWE,Qwen/Qwen3-32B,0.0,suffix,32,suffix_k32,swebench_verified_prompts_all.jsonl | qwen32_swe_verified_osl32k_temp01_suffix_offset0_n4_isl4096_osl32768_bs1_2_k32_arctic_20260616_swe_temp01_core_home_retry_qwen32_t00,2,4096,32768,final,metrics,docs/lyris_swebench_osl32k_temp01_core_matrix_20260616_metrics_live.csv,yes_row,1,swe_t00_qwen32_suffix_k32_bs2_j2133932
SWE,Qwen/Qwen3-32B,0.0,suffix,32,suffix_k32,swebench_verified_prompts_all.jsonl | qwen32_swe_verified_osl32k_temp01_suffix_offset0_n4_isl4096_osl32768_bs1_2_k32_arctic_20260616_swe_temp01_core_home_retry_qwen32_t00,2,4096,32768,final,metrics,docs/lyris_swebench_osl32k_temp01_home_retry_metrics_live_20260616.csv,no,1,qwen32_swe_verified_osl32k_temp01_suffix_offset0_n4_isl4096_osl32768_bs1_2_k32_arctic_20260616_swe_temp01_core_home_retry_qwen32_t00
SWE,Qwen/Qwen3-32B,0.0,suffix,32,suffix_k32,unknown | unknown_osl32k_qwen235b_suffix_k32,2,4096,32768,manifest-only,manifest,docs/lyris_swebench_osl32k_temp01_core_matrix_20260616_manifest.csv,yes_row,2,unknown_osl32k_qwen235b_suffix_k32
SWE,Qwen/Qwen3-32B,0.0,suffix,32,suffix_k32,unknown | unknown_osl32k_qwen32_t00_suffix_k32,2,4096,32768,manifest-only,manifest,docs/lyris_swebench_osl32k_temp01_core_matrix_20260616_partial_manifest.csv,no,2,unknown_osl32k_qwen32_t00_suffix_k32
SWE,Qwen/Qwen3-32B,0.0,suffix,32,suffix_k32,unknown | unknown_osl32k_qwen32_t00_suffix_k32,2,4096,32768,manifest-only,status,docs/lyris_swebench_osl32k_temp01_core_matrix_20260616_partial_status.csv,no,1,unknown_osl32k_qwen32_t00_suffix_k32
SWE,Qwen/Qwen3-32B,0.0,suffix,32,suffix_k32,unknown | unknown_osl32k_qwen235b_suffix_k32,2,4096,32768,manifest-only,status,docs/lyris_swebench_osl32k_temp01_core_matrix_20260616_status.csv,no,1,unknown_osl32k_qwen235b_suffix_k32
SWE,Qwen/Qwen3-32B,0.0,suffix,32,suffix_k32,swebench_verified_prompts_all.jsonl | qwen32_swe_verified_osl32k_temp01_suffix_offset0_n4_isl4096_osl32768_bs1_2_k32_arctic_20260616_swe_temp01_core_home_retry_qwen32_t00,2,4096,32768,partial,metrics,docs/lyris_swebench_osl32k_temp01_core_matrix_20260616_partial_metrics.csv,no,1,unknown_osl32k_qwen32_t00_suffix_k32
SWE,Qwen/Qwen3-32B,1.0,baseline,,baseline,unknown | unknown_osl32k_qwen32_t10_baseline,1,4096,32768,failed,status,docs/lyris_swebench_osl32k_temp01_core_matrix_20260616_partial_status.csv,no,1,unknown_osl32k_qwen32_t10_baseline
SWE,Qwen/Qwen3-32B,1.0,baseline,,baseline,unknown | unknown_osl32k_qwen235b_baseline,1,4096,32768,failed,status,docs/lyris_swebench_osl32k_temp01_core_matrix_20260616_status.csv,no,1,unknown_osl32k_qwen235b_baseline
SWE,Qwen/Qwen3-32B,1.0,baseline,,baseline,,1,4096,32768,failed,status,docs/lyris_swebench_osl32k_temp01_core_matrix_20260616_status_live.csv,yes_source_batch_only,1,2133887
SWE,Qwen/Qwen3-32B,1.0,baseline,,baseline,unknown | unknown_osl32k_qwen235b_baseline,1,4096,32768,manifest-only,manifest,docs/lyris_swebench_osl32k_temp01_core_matrix_20260616_manifest.csv,yes_row,2,unknown_osl32k_qwen235b_baseline
SWE,Qwen/Qwen3-32B,1.0,baseline,,baseline,unknown | unknown_osl32k_qwen32_t10_baseline,1,4096,32768,manifest-only,manifest,docs/lyris_swebench_osl32k_temp01_core_matrix_20260616_partial_manifest.csv,no,2,unknown_osl32k_qwen32_t10_baseline
SWE,Qwen/Qwen3-32B,1.0,baseline,,baseline,unknown | unknown_osl32k_qwen32_t10_baseline,1,4096,32768,manifest-only,status,docs/lyris_swebench_osl32k_temp01_core_matrix_20260616_partial_status.csv,no,1,unknown_osl32k_qwen32_t10_baseline
SWE,Qwen/Qwen3-32B,1.0,baseline,,baseline,,1,4096,32768,manifest-only,status,docs/lyris_swebench_osl32k_temp01_core_matrix_20260616_status_live.csv,yes_source_batch_only,1,2133938
SWE,Qwen/Qwen3-32B,1.0,baseline,0,baseline,swebench_verified_prompts_all.jsonl | qwen32_swe_verified_osl32k_temp01_baseline_offset0_n4_isl4096_osl32768_bs1_2_20260616_swe_temp01_core_home_retry_qwen32_t10,1,4096,32768,partial,metrics,docs/lyris_swebench_osl32k_temp01_core_matrix_20260616_metrics_live.csv,yes_source_batch_only,1,swe_t10_qwen32_baseline_bs1_j2133938
SWE,Qwen/Qwen3-32B,1.0,baseline,,baseline,swebench_verified_prompts_all.jsonl | qwen32_swe_verified_osl32k_temp01_baseline_offset0_n4_isl4096_osl32768_bs1_2_20260616_swe_temp01_core_home_retry_qwen32_t10,1,4096,32768,partial,metrics,docs/lyris_swebench_osl32k_temp01_core_matrix_20260616_partial_metrics.csv,no,1,unknown_osl32k_qwen32_t10_baseline
SWE,Qwen/Qwen3-32B,1.0,baseline,,baseline,unknown | unknown_osl32k_qwen235b_baseline,1,4096,32768,partial,status,docs/lyris_swebench_osl32k_temp01_core_matrix_20260616_status.csv,no,1,unknown_osl32k_qwen235b_baseline
SWE,Qwen/Qwen3-32B,1.0,baseline,,baseline,swebench_verified_prompts_all.jsonl | qwen32_swe_verified_osl32k_temp01_baseline_offset0_n4_isl4096_osl32768_bs1_2_20260616_swe_temp01_core_home_retry_qwen32_t10,1,4096,32768,partial,metrics,docs/lyris_swebench_osl32k_temp01_home_retry_metrics_live_20260616.csv,no,1,qwen32_swe_verified_osl32k_temp01_baseline_offset0_n4_isl4096_osl32768_bs1_2_20260616_swe_temp01_core_home_retry_qwen32_t10
SWE,Qwen/Qwen3-32B,1.0,baseline,,baseline,unknown | unknown_osl32k_qwen32_t10_baseline,2,4096,32768,failed,status,docs/lyris_swebench_osl32k_temp01_core_matrix_20260616_partial_status.csv,no,1,unknown_osl32k_qwen32_t10_baseline
SWE,Qwen/Qwen3-32B,1.0,baseline,,baseline,unknown | unknown_osl32k_qwen235b_baseline,2,4096,32768,failed,status,docs/lyris_swebench_osl32k_temp01_core_matrix_20260616_status.csv,no,1,unknown_osl32k_qwen235b_baseline
SWE,Qwen/Qwen3-32B,1.0,baseline,,baseline,,2,4096,32768,failed,status,docs/lyris_swebench_osl32k_temp01_core_matrix_20260616_status_live.csv,yes_source_batch_only,1,2133887
SWE,Qwen/Qwen3-32B,1.0,baseline,,baseline,unknown | unknown_osl32k_qwen235b_baseline,2,4096,32768,manifest-only,manifest,docs/lyris_swebench_osl32k_temp01_core_matrix_20260616_manifest.csv,yes_row,2,unknown_osl32k_qwen235b_baseline
SWE,Qwen/Qwen3-32B,1.0,baseline,,baseline,unknown | unknown_osl32k_qwen32_t10_baseline,2,4096,32768,manifest-only,manifest,docs/lyris_swebench_osl32k_temp01_core_matrix_20260616_partial_manifest.csv,no,2,unknown_osl32k_qwen32_t10_baseline
SWE,Qwen/Qwen3-32B,1.0,baseline,,baseline,unknown | unknown_osl32k_qwen32_t10_baseline,2,4096,32768,manifest-only,status,docs/lyris_swebench_osl32k_temp01_core_matrix_20260616_partial_status.csv,no,1,unknown_osl32k_qwen32_t10_baseline
SWE,Qwen/Qwen3-32B,1.0,baseline,,baseline,,2,4096,32768,manifest-only,status,docs/lyris_swebench_osl32k_temp01_core_matrix_20260616_status_live.csv,yes_source_batch_only,1,2133938
SWE,Qwen/Qwen3-32B,1.0,baseline,0,baseline,swebench_verified_prompts_all.jsonl | qwen32_swe_verified_osl32k_temp01_baseline_offset0_n4_isl4096_osl32768_bs1_2_20260616_swe_temp01_core_home_retry_qwen32_t10,2,4096,32768,partial,metrics,docs/lyris_swebench_osl32k_temp01_core_matrix_20260616_metrics_live.csv,yes_source_batch_only,1,swe_t10_qwen32_baseline_bs2_j2133938
SWE,Qwen/Qwen3-32B,1.0,baseline,,baseline,swebench_verified_prompts_all.jsonl | qwen32_swe_verified_osl32k_temp01_baseline_offset0_n4_isl4096_osl32768_bs1_2_20260616_swe_temp01_core_home_retry_qwen32_t10,2,4096,32768,partial,metrics,docs/lyris_swebench_osl32k_temp01_core_matrix_20260616_partial_metrics.csv,no,1,unknown_osl32k_qwen32_t10_baseline
SWE,Qwen/Qwen3-32B,1.0,baseline,,baseline,unknown | unknown_osl32k_qwen235b_baseline,2,4096,32768,partial,status,docs/lyris_swebench_osl32k_temp01_core_matrix_20260616_status.csv,no,1,unknown_osl32k_qwen235b_baseline
SWE,Qwen/Qwen3-32B,1.0,baseline,,baseline,swebench_verified_prompts_all.jsonl | qwen32_swe_verified_osl32k_temp01_baseline_offset0_n4_isl4096_osl32768_bs1_2_20260616_swe_temp01_core_home_retry_qwen32_t10,2,4096,32768,partial,metrics,docs/lyris_swebench_osl32k_temp01_home_retry_metrics_live_20260616.csv,no,1,qwen32_swe_verified_osl32k_temp01_baseline_offset0_n4_isl4096_osl32768_bs1_2_20260616_swe_temp01_core_home_retry_qwen32_t10
SWE,Qwen/Qwen3-32B,1.0,eagle3,,eagle3,,1,4096,32768,failed,status,docs/lyris_swebench_osl32k_temp01_core_matrix_20260616_status_live.csv,yes_source_batch_only,1,2133889
SWE,Qwen/Qwen3-32B,1.0,eagle3,,eagle3,,1,4096,32768,manifest-only,status,docs/lyris_swebench_osl32k_temp01_core_matrix_20260616_status_live.csv,yes_source_batch_only,1,2133940
SWE,Qwen/Qwen3-32B,1.0,eagle3,,eagle3,,2,4096,32768,failed,status,docs/lyris_swebench_osl32k_temp01_core_matrix_20260616_status_live.csv,yes_source_batch_only,1,2133889
SWE,Qwen/Qwen3-32B,1.0,eagle3,,eagle3,,2,4096,32768,manifest-only,status,docs/lyris_swebench_osl32k_temp01_core_matrix_20260616_status_live.csv,yes_source_batch_only,1,2133940
SWE,Qwen/Qwen3-32B,1.0,eagle3,3,eagle3_k3,unknown | unknown_osl32k_qwen32_t10_eagle3_k3,1,4096,32768,failed,status,docs/lyris_swebench_osl32k_temp01_core_matrix_20260616_partial_status.csv,no,1,unknown_osl32k_qwen32_t10_eagle3_k3
SWE,Qwen/Qwen3-32B,1.0,eagle3,3,eagle3_k3,unknown | unknown_osl32k_qwen235b_eagle3_k3,1,4096,32768,failed,status,docs/lyris_swebench_osl32k_temp01_core_matrix_20260616_status.csv,no,1,unknown_osl32k_qwen235b_eagle3_k3
SWE,Qwen/Qwen3-32B,1.0,eagle3,3,eagle3_k3,swebench_verified_prompts_all.jsonl | qwen32_swe_verified_osl32k_temp01_eagle3_offset0_n4_isl4096_osl32768_bs1_2_k3_20260616_swe_temp01_core_home_retry_qwen32_t10,1,4096,32768,final,metrics,docs/lyris_swebench_osl32k_temp01_core_matrix_20260616_metrics.csv,no,1,unknown_osl32k_qwen235b_eagle3_k3
SWE,Qwen/Qwen3-32B,1.0,eagle3,3,eagle3_k3,swebench_verified_prompts_all.jsonl | qwen32_swe_verified_osl32k_temp01_eagle3_offset0_n4_isl4096_osl32768_bs1_2_k3_20260616_swe_temp01_core_home_retry_qwen32_t10,1,4096,32768,final,metrics,docs/lyris_swebench_osl32k_temp01_core_matrix_20260616_metrics_live.csv,yes_row,1,swe_t10_qwen32_eagle3_k3_bs1_j2133940
SWE,Qwen/Qwen3-32B,1.0,eagle3,3,eagle3_k3,swebench_verified_prompts_all.jsonl | qwen32_swe_verified_osl32k_temp01_eagle3_offset0_n4_isl4096_osl32768_bs1_2_k3_20260616_swe_temp01_core_home_retry_qwen32_t10,1,4096,32768,final,metrics,docs/lyris_swebench_osl32k_temp01_home_retry_metrics_live_20260616.csv,no,1,qwen32_swe_verified_osl32k_temp01_eagle3_offset0_n4_isl4096_osl32768_bs1_2_k3_20260616_swe_temp01_core_home_retry_qwen32_t10
SWE,Qwen/Qwen3-32B,1.0,eagle3,3,eagle3_k3,unknown | unknown_osl32k_qwen235b_eagle3_k3,1,4096,32768,manifest-only,manifest,docs/lyris_swebench_osl32k_temp01_core_matrix_20260616_manifest.csv,yes_row,2,unknown_osl32k_qwen235b_eagle3_k3
SWE,Qwen/Qwen3-32B,1.0,eagle3,3,eagle3_k3,unknown | unknown_osl32k_qwen32_t10_eagle3_k3,1,4096,32768,manifest-only,manifest,docs/lyris_swebench_osl32k_temp01_core_matrix_20260616_partial_manifest.csv,no,2,unknown_osl32k_qwen32_t10_eagle3_k3
SWE,Qwen/Qwen3-32B,1.0,eagle3,3,eagle3_k3,unknown | unknown_osl32k_qwen32_t10_eagle3_k3,1,4096,32768,manifest-only,status,docs/lyris_swebench_osl32k_temp01_core_matrix_20260616_partial_status.csv,no,1,unknown_osl32k_qwen32_t10_eagle3_k3
SWE,Qwen/Qwen3-32B,1.0,eagle3,3,eagle3_k3,swebench_verified_prompts_all.jsonl | qwen32_swe_verified_osl32k_temp01_eagle3_offset0_n4_isl4096_osl32768_bs1_2_k3_20260616_swe_temp01_core_home_retry_qwen32_t10,1,4096,32768,partial,metrics,docs/lyris_swebench_osl32k_temp01_core_matrix_20260616_partial_metrics.csv,no,1,unknown_osl32k_qwen32_t10_eagle3_k3
SWE,Qwen/Qwen3-32B,1.0,eagle3,3,eagle3_k3,unknown | unknown_osl32k_qwen235b_eagle3_k3,1,4096,32768,partial,status,docs/lyris_swebench_osl32k_temp01_core_matrix_20260616_status.csv,no,1,unknown_osl32k_qwen235b_eagle3_k3
SWE,Qwen/Qwen3-32B,1.0,eagle3,3,eagle3_k3,unknown | unknown_osl32k_qwen32_t10_eagle3_k3,2,4096,32768,failed,status,docs/lyris_swebench_osl32k_temp01_core_matrix_20260616_partial_status.csv,no,1,unknown_osl32k_qwen32_t10_eagle3_k3
SWE,Qwen/Qwen3-32B,1.0,eagle3,3,eagle3_k3,unknown | unknown_osl32k_qwen235b_eagle3_k3,2,4096,32768,failed,status,docs/lyris_swebench_osl32k_temp01_core_matrix_20260616_status.csv,no,1,unknown_osl32k_qwen235b_eagle3_k3
SWE,Qwen/Qwen3-32B,1.0,eagle3,3,eagle3_k3,swebench_verified_prompts_all.jsonl | qwen32_swe_verified_osl32k_temp01_eagle3_offset0_n4_isl4096_osl32768_bs1_2_k3_20260616_swe_temp01_core_home_retry_qwen32_t10,2,4096,32768,final,metrics,docs/lyris_swebench_osl32k_temp01_core_matrix_20260616_metrics_live.csv,yes_row,1,swe_t10_qwen32_eagle3_k3_bs2_j2133940
SWE,Qwen/Qwen3-32B,1.0,eagle3,3,eagle3_k3,swebench_verified_prompts_all.jsonl | qwen32_swe_verified_osl32k_temp01_eagle3_offset0_n4_isl4096_osl32768_bs1_2_k3_20260616_swe_temp01_core_home_retry_qwen32_t10,2,4096,32768,final,metrics,docs/lyris_swebench_osl32k_temp01_home_retry_metrics_live_20260616.csv,no,1,qwen32_swe_verified_osl32k_temp01_eagle3_offset0_n4_isl4096_osl32768_bs1_2_k3_20260616_swe_temp01_core_home_retry_qwen32_t10
SWE,Qwen/Qwen3-32B,1.0,eagle3,3,eagle3_k3,unknown | unknown_osl32k_qwen235b_eagle3_k3,2,4096,32768,manifest-only,manifest,docs/lyris_swebench_osl32k_temp01_core_matrix_20260616_manifest.csv,yes_row,2,unknown_osl32k_qwen235b_eagle3_k3
SWE,Qwen/Qwen3-32B,1.0,eagle3,3,eagle3_k3,unknown | unknown_osl32k_qwen32_t10_eagle3_k3,2,4096,32768,manifest-only,manifest,docs/lyris_swebench_osl32k_temp01_core_matrix_20260616_partial_manifest.csv,no,2,unknown_osl32k_qwen32_t10_eagle3_k3
SWE,Qwen/Qwen3-32B,1.0,eagle3,3,eagle3_k3,unknown | unknown_osl32k_qwen32_t10_eagle3_k3,2,4096,32768,manifest-only,status,docs/lyris_swebench_osl32k_temp01_core_matrix_20260616_partial_status.csv,no,1,unknown_osl32k_qwen32_t10_eagle3_k3
SWE,Qwen/Qwen3-32B,1.0,eagle3,3,eagle3_k3,swebench_verified_prompts_all.jsonl | qwen32_swe_verified_osl32k_temp01_eagle3_offset0_n4_isl4096_osl32768_bs1_2_k3_20260616_swe_temp01_core_home_retry_qwen32_t10,2,4096,32768,partial,metrics,docs/lyris_swebench_osl32k_temp01_core_matrix_20260616_partial_metrics.csv,no,1,unknown_osl32k_qwen32_t10_eagle3_k3
SWE,Qwen/Qwen3-32B,1.0,eagle3,3,eagle3_k3,unknown | unknown_osl32k_qwen235b_eagle3_k3,2,4096,32768,partial,status,docs/lyris_swebench_osl32k_temp01_core_matrix_20260616_status.csv,no,1,unknown_osl32k_qwen235b_eagle3_k3
SWE,Qwen/Qwen3-32B,1.0,suffix,,suffix,,1,4096,32768,failed,status,docs/lyris_swebench_osl32k_temp01_core_matrix_20260616_status_live.csv,yes_source_batch_only,1,2133888
SWE,Qwen/Qwen3-32B,1.0,suffix,,suffix,,1,4096,32768,manifest-only,status,docs/lyris_swebench_osl32k_temp01_core_matrix_20260616_status_live.csv,yes_source_batch_only,1,2133939
SWE,Qwen/Qwen3-32B,1.0,suffix,,suffix,,2,4096,32768,failed,status,docs/lyris_swebench_osl32k_temp01_core_matrix_20260616_status_live.csv,yes_source_batch_only,1,2133888
SWE,Qwen/Qwen3-32B,1.0,suffix,,suffix,,2,4096,32768,manifest-only,status,docs/lyris_swebench_osl32k_temp01_core_matrix_20260616_status_live.csv,yes_source_batch_only,1,2133939
SWE,Qwen/Qwen3-32B,1.0,suffix,32,suffix_k32,unknown | unknown_osl32k_qwen32_t10_suffix_k32,1,4096,32768,failed,status,docs/lyris_swebench_osl32k_temp01_core_matrix_20260616_partial_status.csv,no,1,unknown_osl32k_qwen32_t10_suffix_k32
SWE,Qwen/Qwen3-32B,1.0,suffix,32,suffix_k32,unknown | unknown_osl32k_qwen235b_suffix_k32,1,4096,32768,failed,status,docs/lyris_swebench_osl32k_temp01_core_matrix_20260616_status.csv,no,1,unknown_osl32k_qwen235b_suffix_k32
SWE,Qwen/Qwen3-32B,1.0,suffix,32,suffix_k32,swebench_verified_prompts_all.jsonl | qwen32_swe_verified_osl32k_temp01_suffix_offset0_n4_isl4096_osl32768_bs1_2_k32_arctic_20260616_swe_temp01_core_home_retry_qwen32_t10,1,4096,32768,final,metrics,docs/lyris_swebench_osl32k_temp01_core_matrix_20260616_metrics.csv,no,1,unknown_osl32k_qwen235b_suffix_k32
SWE,Qwen/Qwen3-32B,1.0,suffix,32,suffix_k32,swebench_verified_prompts_all.jsonl | qwen32_swe_verified_osl32k_temp01_suffix_offset0_n4_isl4096_osl32768_bs1_2_k32_arctic_20260616_swe_temp01_core_home_retry_qwen32_t10,1,4096,32768,final,metrics,docs/lyris_swebench_osl32k_temp01_core_matrix_20260616_metrics_live.csv,yes_row,1,swe_t10_qwen32_suffix_k32_bs1_j2133939
SWE,Qwen/Qwen3-32B,1.0,suffix,32,suffix_k32,swebench_verified_prompts_all.jsonl | qwen32_swe_verified_osl32k_temp01_suffix_offset0_n4_isl4096_osl32768_bs1_2_k32_arctic_20260616_swe_temp01_core_home_retry_qwen32_t10,1,4096,32768,final,metrics,docs/lyris_swebench_osl32k_temp01_home_retry_metrics_live_20260616.csv,no,1,qwen32_swe_verified_osl32k_temp01_suffix_offset0_n4_isl4096_osl32768_bs1_2_k32_arctic_20260616_swe_temp01_core_home_retry_qwen32_t10
SWE,Qwen/Qwen3-32B,1.0,suffix,32,suffix_k32,unknown | unknown_osl32k_qwen235b_suffix_k32,1,4096,32768,manifest-only,manifest,docs/lyris_swebench_osl32k_temp01_core_matrix_20260616_manifest.csv,yes_row,2,unknown_osl32k_qwen235b_suffix_k32
SWE,Qwen/Qwen3-32B,1.0,suffix,32,suffix_k32,unknown | unknown_osl32k_qwen32_t10_suffix_k32,1,4096,32768,manifest-only,manifest,docs/lyris_swebench_osl32k_temp01_core_matrix_20260616_partial_manifest.csv,no,2,unknown_osl32k_qwen32_t10_suffix_k32
SWE,Qwen/Qwen3-32B,1.0,suffix,32,suffix_k32,unknown | unknown_osl32k_qwen32_t10_suffix_k32,1,4096,32768,manifest-only,status,docs/lyris_swebench_osl32k_temp01_core_matrix_20260616_partial_status.csv,no,1,unknown_osl32k_qwen32_t10_suffix_k32
SWE,Qwen/Qwen3-32B,1.0,suffix,32,suffix_k32,swebench_verified_prompts_all.jsonl | qwen32_swe_verified_osl32k_temp01_suffix_offset0_n4_isl4096_osl32768_bs1_2_k32_arctic_20260616_swe_temp01_core_home_retry_qwen32_t10,1,4096,32768,partial,metrics,docs/lyris_swebench_osl32k_temp01_core_matrix_20260616_partial_metrics.csv,no,1,unknown_osl32k_qwen32_t10_suffix_k32
SWE,Qwen/Qwen3-32B,1.0,suffix,32,suffix_k32,unknown | unknown_osl32k_qwen235b_suffix_k32,1,4096,32768,partial,status,docs/lyris_swebench_osl32k_temp01_core_matrix_20260616_status.csv,no,1,unknown_osl32k_qwen235b_suffix_k32
SWE,Qwen/Qwen3-32B,1.0,suffix,32,suffix_k32,unknown | unknown_osl32k_qwen32_t10_suffix_k32,2,4096,32768,failed,status,docs/lyris_swebench_osl32k_temp01_core_matrix_20260616_partial_status.csv,no,1,unknown_osl32k_qwen32_t10_suffix_k32
SWE,Qwen/Qwen3-32B,1.0,suffix,32,suffix_k32,unknown | unknown_osl32k_qwen235b_suffix_k32,2,4096,32768,failed,status,docs/lyris_swebench_osl32k_temp01_core_matrix_20260616_status.csv,no,1,unknown_osl32k_qwen235b_suffix_k32
SWE,Qwen/Qwen3-32B,1.0,suffix,32,suffix_k32,swebench_verified_prompts_all.jsonl | qwen32_swe_verified_osl32k_temp01_suffix_offset0_n4_isl4096_osl32768_bs1_2_k32_arctic_20260616_swe_temp01_core_home_retry_qwen32_t10,2,4096,32768,final,metrics,docs/lyris_swebench_osl32k_temp01_core_matrix_20260616_metrics_live.csv,yes_row,1,swe_t10_qwen32_suffix_k32_bs2_j2133939
SWE,Qwen/Qwen3-32B,1.0,suffix,32,suffix_k32,swebench_verified_prompts_all.jsonl | qwen32_swe_verified_osl32k_temp01_suffix_offset0_n4_isl4096_osl32768_bs1_2_k32_arctic_20260616_swe_temp01_core_home_retry_qwen32_t10,2,4096,32768,final,metrics,docs/lyris_swebench_osl32k_temp01_home_retry_metrics_live_20260616.csv,no,1,qwen32_swe_verified_osl32k_temp01_suffix_offset0_n4_isl4096_osl32768_bs1_2_k32_arctic_20260616_swe_temp01_core_home_retry_qwen32_t10
SWE,Qwen/Qwen3-32B,1.0,suffix,32,suffix_k32,unknown | unknown_osl32k_qwen235b_suffix_k32,2,4096,32768,manifest-only,manifest,docs/lyris_swebench_osl32k_temp01_core_matrix_20260616_manifest.csv,yes_row,2,unknown_osl32k_qwen235b_suffix_k32
SWE,Qwen/Qwen3-32B,1.0,suffix,32,suffix_k32,unknown | unknown_osl32k_qwen32_t10_suffix_k32,2,4096,32768,manifest-only,manifest,docs/lyris_swebench_osl32k_temp01_core_matrix_20260616_partial_manifest.csv,no,2,unknown_osl32k_qwen32_t10_suffix_k32
SWE,Qwen/Qwen3-32B,1.0,suffix,32,suffix_k32,unknown | unknown_osl32k_qwen32_t10_suffix_k32,2,4096,32768,manifest-only,status,docs/lyris_swebench_osl32k_temp01_core_matrix_20260616_partial_status.csv,no,1,unknown_osl32k_qwen32_t10_suffix_k32
SWE,Qwen/Qwen3-32B,1.0,suffix,32,suffix_k32,swebench_verified_prompts_all.jsonl | qwen32_swe_verified_osl32k_temp01_suffix_offset0_n4_isl4096_osl32768_bs1_2_k32_arctic_20260616_swe_temp01_core_home_retry_qwen32_t10,2,4096,32768,partial,metrics,docs/lyris_swebench_osl32k_temp01_core_matrix_20260616_partial_metrics.csv,no,1,unknown_osl32k_qwen32_t10_suffix_k32
SWE,Qwen/Qwen3-32B,1.0,suffix,32,suffix_k32,unknown | unknown_osl32k_qwen235b_suffix_k32,2,4096,32768,partial,status,docs/lyris_swebench_osl32k_temp01_core_matrix_20260616_status.csv,no,1,unknown_osl32k_qwen235b_suffix_k32
SWE,Qwen/Qwen3-8B,,baseline,,baseline,qwen8_baseline,1,4096,32768,manifest-only,manifest,docs/lyris_specdec_32k_manifest_20260612.csv,no,1,qwen8_baseline
SWE,Qwen/Qwen3-8B,,baseline,,baseline,full | full_osl128k_qwen8_baseline,1,4096,131072,manifest-only,manifest,docs/lyris_swebench_longosl_manifest_20260612.csv,no,2,full_osl128k_qwen8_baseline
SWE,Qwen/Qwen3-8B,,baseline,,baseline,full | full_osl16k_qwen8_baseline,1,4096,16384,manifest-only,manifest,docs/lyris_swebench_longosl_manifest_20260612.csv,no,1,full_osl16k_qwen8_baseline
SWE,Qwen/Qwen3-8B,,baseline,,baseline,full | full_osl32k_qwen8_baseline,1,4096,32768,manifest-only,manifest,docs/lyris_swebench_longosl_manifest_20260612.csv,no,1,full_osl32k_qwen8_baseline
SWE,Qwen/Qwen3-8B,,baseline,,baseline,full | full_osl64k_qwen8_baseline,1,4096,65536,manifest-only,manifest,docs/lyris_swebench_longosl_manifest_20260612.csv,no,1,full_osl64k_qwen8_baseline
SWE,Qwen/Qwen3-8B,,baseline,,baseline,verified | verified_osl128k_qwen8_baseline,1,4096,131072,manifest-only,manifest,docs/lyris_swebench_longosl_manifest_20260612.csv,no,5,verified_osl128k_qwen8_baseline
SWE,Qwen/Qwen3-8B,,baseline,,baseline,verified | verified_osl16k_qwen8_baseline,1,4096,16384,manifest-only,manifest,docs/lyris_swebench_longosl_manifest_20260612.csv,no,1,verified_osl16k_qwen8_baseline
SWE,Qwen/Qwen3-8B,,baseline,,baseline,verified | verified_osl64k_qwen8_baseline,1,4096,65536,manifest-only,manifest,docs/lyris_swebench_longosl_manifest_20260612.csv,no,1,verified_osl64k_qwen8_baseline
SWE,Qwen/Qwen3-8B,,baseline,,baseline,verified | verified_osl96k_qwen8_baseline,1,4096,98304,manifest-only,manifest,docs/lyris_swebench_longosl_manifest_20260612.csv,no,1,verified_osl96k_qwen8_baseline
SWE,Qwen/Qwen3-8B,,baseline,,baseline,swebench_verified_prompts_all.jsonl | qwen3_8b_swebench_verified_osl32k_lyris_pard2_eagle3_baseline_offset0_n4_isl4096_osl32768_bs1_2_4_20260611,1,4096,32768,partial,metrics,docs/lyris_specdec_32k_metrics_20260612.csv,no,1,qwen8_baseline
SWE,Qwen/Qwen3-8B,,baseline,,baseline,swebench_full_test_prompts_all.jsonl | qwen8_swe_full_osl16k_lyris_baseline_offset0_n4_isl4096_osl16384_bs1_2_20260611,1,4096,16384,partial,metrics,docs/lyris_swebench_longosl_metrics_20260612.csv,no,1,full_osl16k_qwen8_baseline
SWE,Qwen/Qwen3-8B,,baseline,,baseline,swebench_full_test_prompts_all.jsonl | qwen8_swe_full_osl32k_lyris_baseline_offset0_n4_isl4096_osl32768_bs1_2_20260611,1,4096,32768,partial,metrics,docs/lyris_swebench_longosl_metrics_20260612.csv,no,1,full_osl32k_qwen8_baseline
SWE,Qwen/Qwen3-8B,,baseline,,baseline,swebench_full_test_prompts_all.jsonl | qwen8_swe_full_osl64k_lyris_baseline_offset0_n2_isl4096_osl65536_bs1_20260611,1,4096,65536,partial,metrics,docs/lyris_swebench_longosl_metrics_20260612.csv,no,1,full_osl64k_qwen8_baseline
SWE,Qwen/Qwen3-8B,,baseline,,baseline,swebench_verified_prompts_all.jsonl | qwen8_swe_verified_osl16k_lyris_baseline_offset0_n4_isl4096_osl16384_bs1_2_20260611,1,4096,16384,partial,metrics,docs/lyris_swebench_longosl_metrics_20260612.csv,no,1,verified_osl16k_qwen8_baseline
SWE,Qwen/Qwen3-8B,,baseline,,baseline,swebench_verified_prompts_all.jsonl | qwen8_swe_verified_osl64k_lyris_baseline_offset0_n2_isl4096_osl65536_bs1_20260611,1,4096,65536,partial,metrics,docs/lyris_swebench_longosl_metrics_20260612.csv,no,1,verified_osl64k_qwen8_baseline
SWE,Qwen/Qwen3-8B,,baseline,,baseline,swebench_verified_prompts_all.jsonl | qwen8_swe_verified_osl96k_lyris_maxctxdiag_baseline_offset0_n1_isl4096_osl98304_bs1_20260612,1,4096,98304,partial,metrics,docs/lyris_swebench_longosl_metrics_20260612.csv,no,1,verified_osl96k_qwen8_baseline
SWE,Qwen/Qwen3-8B,,baseline,0,baseline,swebench_verified_prompts_all.jsonl | oci_swe_verified_osl16k_qwen8_baseline_k0_20260612,1,4096,16384,partial,metrics,docs/oci_swebench_osl16k_smoke_metrics_20260612.csv,no,1,oci_verified_osl16k_qwen8_baseline_k0
SWE,Qwen/Qwen3-8B,,baseline,,baseline,qwen8_baseline,2,4096,32768,manifest-only,manifest,docs/lyris_specdec_32k_manifest_20260612.csv,no,1,qwen8_baseline
SWE,Qwen/Qwen3-8B,,baseline,,baseline,full | full_osl16k_qwen8_baseline,2,4096,16384,manifest-only,manifest,docs/lyris_swebench_longosl_manifest_20260612.csv,no,1,full_osl16k_qwen8_baseline
SWE,Qwen/Qwen3-8B,,baseline,,baseline,full | full_osl32k_qwen8_baseline,2,4096,32768,manifest-only,manifest,docs/lyris_swebench_longosl_manifest_20260612.csv,no,1,full_osl32k_qwen8_baseline
SWE,Qwen/Qwen3-8B,,baseline,,baseline,verified | verified_osl16k_qwen8_baseline,2,4096,16384,manifest-only,manifest,docs/lyris_swebench_longosl_manifest_20260612.csv,no,1,verified_osl16k_qwen8_baseline
SWE,Qwen/Qwen3-8B,,baseline,,baseline,swebench_verified_prompts_all.jsonl | qwen3_8b_swebench_verified_osl32k_lyris_pard2_eagle3_baseline_offset0_n4_isl4096_osl32768_bs1_2_4_20260611,2,4096,32768,partial,metrics,docs/lyris_specdec_32k_metrics_20260612.csv,no,1,qwen8_baseline
SWE,Qwen/Qwen3-8B,,baseline,,baseline,swebench_full_test_prompts_all.jsonl | qwen8_swe_full_osl16k_lyris_baseline_offset0_n4_isl4096_osl16384_bs1_2_20260611,2,4096,16384,partial,metrics,docs/lyris_swebench_longosl_metrics_20260612.csv,no,1,full_osl16k_qwen8_baseline
SWE,Qwen/Qwen3-8B,,baseline,,baseline,swebench_full_test_prompts_all.jsonl | qwen8_swe_full_osl32k_lyris_baseline_offset0_n4_isl4096_osl32768_bs1_2_20260611,2,4096,32768,partial,metrics,docs/lyris_swebench_longosl_metrics_20260612.csv,no,1,full_osl32k_qwen8_baseline
SWE,Qwen/Qwen3-8B,,baseline,,baseline,swebench_verified_prompts_all.jsonl | qwen8_swe_verified_osl16k_lyris_baseline_offset0_n4_isl4096_osl16384_bs1_2_20260611,2,4096,16384,partial,metrics,docs/lyris_swebench_longosl_metrics_20260612.csv,no,1,verified_osl16k_qwen8_baseline
SWE,Qwen/Qwen3-8B,,baseline,0,baseline,swebench_verified_prompts_all.jsonl | oci_swe_verified_osl16k_qwen8_baseline_k0_20260612,2,4096,16384,partial,metrics,docs/oci_swebench_osl16k_smoke_metrics_20260612.csv,no,1,oci_verified_osl16k_qwen8_baseline_k0
SWE,Qwen/Qwen3-8B,,baseline,,baseline,qwen8_baseline,4,4096,32768,manifest-only,manifest,docs/lyris_specdec_32k_manifest_20260612.csv,no,1,qwen8_baseline
SWE,Qwen/Qwen3-8B,,baseline,,baseline,full | full_osl32k_qwen8_baseline,4,4096,32768,manifest-only,manifest,docs/lyris_swebench_longosl_manifest_20260612.csv,no,1,full_osl32k_qwen8_baseline
SWE,Qwen/Qwen3-8B,,baseline,,baseline,verified | verified_osl32k_qwen8_baseline,4,4096,32768,manifest-only,manifest,docs/lyris_swebench_longosl_manifest_20260612.csv,no,1,verified_osl32k_qwen8_baseline
SWE,Qwen/Qwen3-8B,,baseline,,baseline,full | full_osl32k_qwen8_baseline,4,4096,32768,manifest-only,manifest,docs/lyris_swebench_osl32k_batch_sweep_manifest_20260612.csv,no,1,full_osl32k_qwen8_baseline
SWE,Qwen/Qwen3-8B,,baseline,,baseline,verified | verified_osl32k_qwen8_baseline,4,4096,32768,manifest-only,manifest,docs/lyris_swebench_osl32k_batch_sweep_manifest_20260612.csv,no,1,verified_osl32k_qwen8_baseline
SWE,Qwen/Qwen3-8B,,baseline,,baseline,swebench_verified_prompts_all.jsonl | qwen3_8b_swebench_verified_osl32k_lyris_pard2_eagle3_baseline_offset0_n4_isl4096_osl32768_bs1_2_4_20260611,4,4096,32768,partial,metrics,docs/lyris_specdec_32k_metrics_20260612.csv,no,1,qwen8_baseline
SWE,Qwen/Qwen3-8B,,baseline,,baseline,swebench_full_test_prompts_all.jsonl | qwen8_swe_full_osl32k_bsweep_lyris_bs4_baseline_offset0_n4_isl4096_osl32768_bs4_20260612,4,4096,32768,partial,metrics,docs/lyris_swebench_longosl_metrics_20260612.csv,no,1,full_osl32k_qwen8_baseline
SWE,Qwen/Qwen3-8B,,baseline,,baseline,swebench_verified_prompts_all.jsonl | qwen8_swe_verified_osl32k_bsweep_lyris_bs4_baseline_offset0_n4_isl4096_osl32768_bs4_20260612,4,4096,32768,partial,metrics,docs/lyris_swebench_longosl_metrics_20260612.csv,no,1,verified_osl32k_qwen8_baseline
SWE,Qwen/Qwen3-8B,,baseline,,baseline,full | full_osl32k_qwen8_baseline,8,4096,32768,manifest-only,manifest,docs/lyris_swebench_longosl_manifest_20260612.csv,no,1,full_osl32k_qwen8_baseline
SWE,Qwen/Qwen3-8B,,baseline,,baseline,verified | verified_osl32k_qwen8_baseline,8,4096,32768,manifest-only,manifest,docs/lyris_swebench_longosl_manifest_20260612.csv,no,1,verified_osl32k_qwen8_baseline
SWE,Qwen/Qwen3-8B,,baseline,,baseline,full | full_osl32k_qwen8_baseline,8,4096,32768,manifest-only,manifest,docs/lyris_swebench_osl32k_batch_sweep_manifest_20260612.csv,no,1,full_osl32k_qwen8_baseline
SWE,Qwen/Qwen3-8B,,baseline,,baseline,verified | verified_osl32k_qwen8_baseline,8,4096,32768,manifest-only,manifest,docs/lyris_swebench_osl32k_batch_sweep_manifest_20260612.csv,no,1,verified_osl32k_qwen8_baseline
SWE,Qwen/Qwen3-8B,,baseline,,baseline,swebench_full_test_prompts_all.jsonl | qwen8_swe_full_osl32k_bsweep_lyris_bs8_baseline_offset0_n8_isl4096_osl32768_bs8_20260612,8,4096,32768,partial,metrics,docs/lyris_swebench_longosl_metrics_20260612.csv,no,1,full_osl32k_qwen8_baseline
SWE,Qwen/Qwen3-8B,,baseline,,baseline,swebench_verified_prompts_all.jsonl | qwen8_swe_verified_osl32k_bsweep_lyris_bs8_baseline_offset0_n8_isl4096_osl32768_bs8_20260612,8,4096,32768,partial,metrics,docs/lyris_swebench_longosl_metrics_20260612.csv,no,1,verified_osl32k_qwen8_baseline
SWE,Qwen/Qwen3-8B,,baseline,,baseline,full | full_osl32k_qwen8_baseline,16,4096,32768,manifest-only,manifest,docs/lyris_swebench_longosl_manifest_20260612.csv,no,1,full_osl32k_qwen8_baseline
SWE,Qwen/Qwen3-8B,,baseline,,baseline,verified | verified_osl32k_qwen8_baseline,16,4096,32768,manifest-only,manifest,docs/lyris_swebench_longosl_manifest_20260612.csv,no,1,verified_osl32k_qwen8_baseline
SWE,Qwen/Qwen3-8B,,baseline,,baseline,full | full_osl32k_qwen8_baseline,16,4096,32768,manifest-only,manifest,docs/lyris_swebench_osl32k_batch_sweep_manifest_20260612.csv,no,1,full_osl32k_qwen8_baseline
SWE,Qwen/Qwen3-8B,,baseline,,baseline,verified | verified_osl32k_qwen8_baseline,16,4096,32768,manifest-only,manifest,docs/lyris_swebench_osl32k_batch_sweep_manifest_20260612.csv,no,1,verified_osl32k_qwen8_baseline
SWE,Qwen/Qwen3-8B,,baseline,,baseline,swebench_full_test_prompts_all.jsonl | qwen8_swe_full_osl32k_bsweep_lyris_bs16_baseline_offset0_n16_isl4096_osl32768_bs16_20260612,16,4096,32768,partial,metrics,docs/lyris_swebench_longosl_metrics_20260612.csv,no,1,full_osl32k_qwen8_baseline
SWE,Qwen/Qwen3-8B,,baseline,,baseline,swebench_verified_prompts_all.jsonl | qwen8_swe_verified_osl32k_bsweep_lyris_bs16_baseline_offset0_n16_isl4096_osl32768_bs16_20260612,16,4096,32768,partial,metrics,docs/lyris_swebench_longosl_metrics_20260612.csv,no,1,verified_osl32k_qwen8_baseline
SWE,Qwen/Qwen3-8B,,baseline,,baseline,full | full_osl32k_qwen8_baseline,32,4096,32768,manifest-only,manifest,docs/lyris_swebench_longosl_manifest_20260612.csv,no,2,full_osl32k_qwen8_baseline
SWE,Qwen/Qwen3-8B,,baseline,,baseline,verified | verified_osl32k_qwen8_baseline,32,4096,32768,manifest-only,manifest,docs/lyris_swebench_longosl_manifest_20260612.csv,no,2,verified_osl32k_qwen8_baseline
SWE,Qwen/Qwen3-8B,,baseline,,baseline,full | full_osl32k_qwen8_baseline,32,4096,32768,manifest-only,manifest,docs/lyris_swebench_osl32k_batch_sweep_manifest_20260612.csv,no,2,full_osl32k_qwen8_baseline
SWE,Qwen/Qwen3-8B,,baseline,,baseline,verified | verified_osl32k_qwen8_baseline,32,4096,32768,manifest-only,manifest,docs/lyris_swebench_osl32k_batch_sweep_manifest_20260612.csv,no,2,verified_osl32k_qwen8_baseline
SWE,Qwen/Qwen3-8B,,eagle3,11,eagle3_k11,swebench_verified_prompts_all.jsonl | qwen3_8b_swebench_verified_osl32k_lyris_eagle3_highk_eagle3_offset0_n4_isl4096_osl32768_bs1_2_4_k11_20260611,1,4096,32768,final,metrics,docs/lyris_specdec_32k_metrics_20260612.csv,no,1,qwen8_eagle3_k11
SWE,Qwen/Qwen3-8B,,eagle3,11,eagle3_k11,qwen8_eagle3_k11,1,4096,32768,manifest-only,manifest,docs/lyris_specdec_32k_manifest_20260612.csv,no,1,qwen8_eagle3_k11
SWE,Qwen/Qwen3-8B,,eagle3,11,eagle3_k11,swebench_verified_prompts_all.jsonl | qwen3_8b_swebench_verified_osl32k_lyris_eagle3_highk_eagle3_offset0_n4_isl4096_osl32768_bs1_2_4_k11_20260611,2,4096,32768,final,metrics,docs/lyris_specdec_32k_metrics_20260612.csv,no,1,qwen8_eagle3_k11
SWE,Qwen/Qwen3-8B,,eagle3,11,eagle3_k11,qwen8_eagle3_k11,2,4096,32768,manifest-only,manifest,docs/lyris_specdec_32k_manifest_20260612.csv,no,1,qwen8_eagle3_k11
SWE,Qwen/Qwen3-8B,,eagle3,11,eagle3_k11,swebench_verified_prompts_all.jsonl | qwen3_8b_swebench_verified_osl32k_lyris_eagle3_highk_eagle3_offset0_n4_isl4096_osl32768_bs1_2_4_k11_20260611,4,4096,32768,final,metrics,docs/lyris_specdec_32k_metrics_20260612.csv,no,1,qwen8_eagle3_k11
SWE,Qwen/Qwen3-8B,,eagle3,11,eagle3_k11,qwen8_eagle3_k11,4,4096,32768,manifest-only,manifest,docs/lyris_specdec_32k_manifest_20260612.csv,no,1,qwen8_eagle3_k11
SWE,Qwen/Qwen3-8B,,eagle3,3,eagle3_k3,swebench_verified_prompts_all.jsonl | qwen3_8b_swebench_verified_osl32k_lyris_pard2_eagle3_eagle3_offset0_n4_isl4096_osl32768_bs1_2_4_k3_20260611,1,4096,32768,final,metrics,docs/lyris_specdec_32k_metrics_20260612.csv,no,1,qwen8_eagle3_k3
SWE,Qwen/Qwen3-8B,,eagle3,3,eagle3_k3,swebench_full_test_prompts_all.jsonl | qwen8_swe_full_osl128k_lyris_eagle3_offset0_n1_isl4096_osl131072_bs1_k3_20260611,1,4096,131072,final,metrics,docs/lyris_swebench_longosl_metrics_20260612.csv,no,1,full_osl128k_qwen8_eagle3_k3
SWE,Qwen/Qwen3-8B,,eagle3,3,eagle3_k3,swebench_full_test_prompts_all.jsonl | qwen8_swe_full_osl16k_lyris_eagle3_offset0_n4_isl4096_osl16384_bs1_2_k3_20260611,1,4096,16384,final,metrics,docs/lyris_swebench_longosl_metrics_20260612.csv,no,1,full_osl16k_qwen8_eagle3_k3
SWE,Qwen/Qwen3-8B,,eagle3,3,eagle3_k3,swebench_full_test_prompts_all.jsonl | qwen8_swe_full_osl32k_lyris_eagle3_offset0_n4_isl4096_osl32768_bs1_2_k3_20260611,1,4096,32768,final,metrics,docs/lyris_swebench_longosl_metrics_20260612.csv,no,1,full_osl32k_qwen8_eagle3_k3
SWE,Qwen/Qwen3-8B,,eagle3,3,eagle3_k3,swebench_full_test_prompts_all.jsonl | qwen8_swe_full_osl64k_lyris_eagle3_offset0_n2_isl4096_osl65536_bs1_k3_20260611,1,4096,65536,final,metrics,docs/lyris_swebench_longosl_metrics_20260612.csv,no,1,full_osl64k_qwen8_eagle3_k3
SWE,Qwen/Qwen3-8B,,eagle3,3,eagle3_k3,swebench_verified_prompts_all.jsonl | qwen8_swe_verified_osl128k_lyris_eagle3_offset0_n1_isl4096_osl131072_bs1_k3_20260611,1,4096,131072,final,metrics,docs/lyris_swebench_longosl_metrics_20260612.csv,no,1,verified_osl128k_qwen8_eagle3_k3
SWE,Qwen/Qwen3-8B,,eagle3,3,eagle3_k3,swebench_verified_prompts_all.jsonl | qwen8_swe_verified_osl16k_lyris_eagle3_offset0_n4_isl4096_osl16384_bs1_2_k3_20260611,1,4096,16384,final,metrics,docs/lyris_swebench_longosl_metrics_20260612.csv,no,1,verified_osl16k_qwen8_eagle3_k3
SWE,Qwen/Qwen3-8B,,eagle3,3,eagle3_k3,swebench_verified_prompts_all.jsonl | qwen8_swe_verified_osl64k_lyris_eagle3_offset0_n2_isl4096_osl65536_bs1_k3_20260611,1,4096,65536,final,metrics,docs/lyris_swebench_longosl_metrics_20260612.csv,no,1,verified_osl64k_qwen8_eagle3_k3
SWE,Qwen/Qwen3-8B,,eagle3,3,eagle3_k3,swebench_verified_prompts_all.jsonl | qwen8_swe_verified_osl96k_lyris_after2103166_eagle3_offset0_n1_isl4096_osl98304_bs1_k3_20260612,1,4096,98304,final,metrics,docs/lyris_swebench_longosl_metrics_20260612.csv,no,1,verified_osl96k_qwen8_eagle3_k3
SWE,Qwen/Qwen3-8B,,eagle3,3,eagle3_k3,swebench_verified_prompts_all.jsonl | oci_swe_verified_osl16k_qwen8_eagle3_k3_20260612,1,4096,16384,final,metrics,docs/oci_swebench_osl16k_smoke_metrics_20260612.csv,no,1,oci_verified_osl16k_qwen8_eagle3_k3
SWE,Qwen/Qwen3-8B,,eagle3,3,eagle3_k3,qwen8_eagle3_k3,1,4096,32768,manifest-only,manifest,docs/lyris_specdec_32k_manifest_20260612.csv,no,1,qwen8_eagle3_k3
SWE,Qwen/Qwen3-8B,,eagle3,3,eagle3_k3,full | full_osl128k_qwen8_eagle3_k3,1,4096,131072,manifest-only,manifest,docs/lyris_swebench_longosl_manifest_20260612.csv,no,1,full_osl128k_qwen8_eagle3_k3
SWE,Qwen/Qwen3-8B,,eagle3,3,eagle3_k3,full | full_osl16k_qwen8_eagle3_k3,1,4096,16384,manifest-only,manifest,docs/lyris_swebench_longosl_manifest_20260612.csv,no,1,full_osl16k_qwen8_eagle3_k3
SWE,Qwen/Qwen3-8B,,eagle3,3,eagle3_k3,full | full_osl32k_qwen8_eagle3_k3,1,4096,32768,manifest-only,manifest,docs/lyris_swebench_longosl_manifest_20260612.csv,no,1,full_osl32k_qwen8_eagle3_k3
SWE,Qwen/Qwen3-8B,,eagle3,3,eagle3_k3,full | full_osl64k_qwen8_eagle3_k3,1,4096,65536,manifest-only,manifest,docs/lyris_swebench_longosl_manifest_20260612.csv,no,1,full_osl64k_qwen8_eagle3_k3
SWE,Qwen/Qwen3-8B,,eagle3,3,eagle3_k3,verified | verified_osl128k_qwen8_eagle3_k3,1,4096,131072,manifest-only,manifest,docs/lyris_swebench_longosl_manifest_20260612.csv,no,1,verified_osl128k_qwen8_eagle3_k3
SWE,Qwen/Qwen3-8B,,eagle3,3,eagle3_k3,verified | verified_osl16k_qwen8_eagle3_k3,1,4096,16384,manifest-only,manifest,docs/lyris_swebench_longosl_manifest_20260612.csv,no,1,verified_osl16k_qwen8_eagle3_k3
SWE,Qwen/Qwen3-8B,,eagle3,3,eagle3_k3,verified | verified_osl64k_qwen8_eagle3_k3,1,4096,65536,manifest-only,manifest,docs/lyris_swebench_longosl_manifest_20260612.csv,no,1,verified_osl64k_qwen8_eagle3_k3
SWE,Qwen/Qwen3-8B,,eagle3,3,eagle3_k3,verified | verified_osl96k_qwen8_eagle3_k3,1,4096,98304,manifest-only,manifest,docs/lyris_swebench_longosl_manifest_20260612.csv,no,1,verified_osl96k_qwen8_eagle3_k3
SWE,Qwen/Qwen3-8B,,eagle3,3,eagle3_k3,swebench_verified_prompts_all.jsonl | qwen3_8b_swebench_verified_osl32k_lyris_pard2_eagle3_eagle3_offset0_n4_isl4096_osl32768_bs1_2_4_k3_20260611,2,4096,32768,final,metrics,docs/lyris_specdec_32k_metrics_20260612.csv,no,1,qwen8_eagle3_k3
SWE,Qwen/Qwen3-8B,,eagle3,3,eagle3_k3,swebench_full_test_prompts_all.jsonl | qwen8_swe_full_osl16k_lyris_eagle3_offset0_n4_isl4096_osl16384_bs1_2_k3_20260611,2,4096,16384,final,metrics,docs/lyris_swebench_longosl_metrics_20260612.csv,no,1,full_osl16k_qwen8_eagle3_k3
SWE,Qwen/Qwen3-8B,,eagle3,3,eagle3_k3,swebench_full_test_prompts_all.jsonl | qwen8_swe_full_osl32k_lyris_eagle3_offset0_n4_isl4096_osl32768_bs1_2_k3_20260611,2,4096,32768,final,metrics,docs/lyris_swebench_longosl_metrics_20260612.csv,no,1,full_osl32k_qwen8_eagle3_k3
SWE,Qwen/Qwen3-8B,,eagle3,3,eagle3_k3,swebench_verified_prompts_all.jsonl | qwen8_swe_verified_osl16k_lyris_eagle3_offset0_n4_isl4096_osl16384_bs1_2_k3_20260611,2,4096,16384,final,metrics,docs/lyris_swebench_longosl_metrics_20260612.csv,no,1,verified_osl16k_qwen8_eagle3_k3
SWE,Qwen/Qwen3-8B,,eagle3,3,eagle3_k3,swebench_verified_prompts_all.jsonl | oci_swe_verified_osl16k_qwen8_eagle3_k3_20260612,2,4096,16384,final,metrics,docs/oci_swebench_osl16k_smoke_metrics_20260612.csv,no,1,oci_verified_osl16k_qwen8_eagle3_k3
SWE,Qwen/Qwen3-8B,,eagle3,3,eagle3_k3,qwen8_eagle3_k3,2,4096,32768,manifest-only,manifest,docs/lyris_specdec_32k_manifest_20260612.csv,no,1,qwen8_eagle3_k3
SWE,Qwen/Qwen3-8B,,eagle3,3,eagle3_k3,full | full_osl16k_qwen8_eagle3_k3,2,4096,16384,manifest-only,manifest,docs/lyris_swebench_longosl_manifest_20260612.csv,no,1,full_osl16k_qwen8_eagle3_k3
SWE,Qwen/Qwen3-8B,,eagle3,3,eagle3_k3,full | full_osl32k_qwen8_eagle3_k3,2,4096,32768,manifest-only,manifest,docs/lyris_swebench_longosl_manifest_20260612.csv,no,1,full_osl32k_qwen8_eagle3_k3
SWE,Qwen/Qwen3-8B,,eagle3,3,eagle3_k3,verified | verified_osl16k_qwen8_eagle3_k3,2,4096,16384,manifest-only,manifest,docs/lyris_swebench_longosl_manifest_20260612.csv,no,1,verified_osl16k_qwen8_eagle3_k3
SWE,Qwen/Qwen3-8B,,eagle3,3,eagle3_k3,swebench_verified_prompts_all.jsonl | qwen3_8b_swebench_verified_osl32k_lyris_pard2_eagle3_eagle3_offset0_n4_isl4096_osl32768_bs1_2_4_k3_20260611,4,4096,32768,final,metrics,docs/lyris_specdec_32k_metrics_20260612.csv,no,1,qwen8_eagle3_k3
SWE,Qwen/Qwen3-8B,,eagle3,3,eagle3_k3,swebench_full_test_prompts_all.jsonl | qwen8_swe_full_osl32k_bsweep_lyris_bs4_eagle3_offset0_n4_isl4096_osl32768_bs4_k3_20260612,4,4096,32768,final,metrics,docs/lyris_swebench_longosl_metrics_20260612.csv,no,1,full_osl32k_qwen8_eagle3_k3
SWE,Qwen/Qwen3-8B,,eagle3,3,eagle3_k3,swebench_verified_prompts_all.jsonl | qwen8_swe_verified_osl32k_bsweep_lyris_bs4_eagle3_offset0_n4_isl4096_osl32768_bs4_k3_20260612,4,4096,32768,final,metrics,docs/lyris_swebench_longosl_metrics_20260612.csv,no,1,verified_osl32k_qwen8_eagle3_k3
SWE,Qwen/Qwen3-8B,,eagle3,3,eagle3_k3,qwen8_eagle3_k3,4,4096,32768,manifest-only,manifest,docs/lyris_specdec_32k_manifest_20260612.csv,no,1,qwen8_eagle3_k3
SWE,Qwen/Qwen3-8B,,eagle3,3,eagle3_k3,full | full_osl32k_qwen8_eagle3_k3,4,4096,32768,manifest-only,manifest,docs/lyris_swebench_longosl_manifest_20260612.csv,no,1,full_osl32k_qwen8_eagle3_k3
SWE,Qwen/Qwen3-8B,,eagle3,3,eagle3_k3,verified | verified_osl32k_qwen8_eagle3_k3,4,4096,32768,manifest-only,manifest,docs/lyris_swebench_longosl_manifest_20260612.csv,no,1,verified_osl32k_qwen8_eagle3_k3
SWE,Qwen/Qwen3-8B,,eagle3,3,eagle3_k3,full | full_osl32k_qwen8_eagle3_k3,4,4096,32768,manifest-only,manifest,docs/lyris_swebench_osl32k_batch_sweep_manifest_20260612.csv,no,1,full_osl32k_qwen8_eagle3_k3
SWE,Qwen/Qwen3-8B,,eagle3,3,eagle3_k3,verified | verified_osl32k_qwen8_eagle3_k3,4,4096,32768,manifest-only,manifest,docs/lyris_swebench_osl32k_batch_sweep_manifest_20260612.csv,no,1,verified_osl32k_qwen8_eagle3_k3
SWE,Qwen/Qwen3-8B,,eagle3,3,eagle3_k3,swebench_full_test_prompts_all.jsonl | qwen8_swe_full_osl32k_bsweep_lyris_bs8_eagle3_offset0_n8_isl4096_osl32768_bs8_k3_20260612,8,4096,32768,final,metrics,docs/lyris_swebench_longosl_metrics_20260612.csv,no,1,full_osl32k_qwen8_eagle3_k3
SWE,Qwen/Qwen3-8B,,eagle3,3,eagle3_k3,swebench_verified_prompts_all.jsonl | qwen8_swe_verified_osl32k_bsweep_lyris_bs8_eagle3_offset0_n8_isl4096_osl32768_bs8_k3_20260612,8,4096,32768,final,metrics,docs/lyris_swebench_longosl_metrics_20260612.csv,no,1,verified_osl32k_qwen8_eagle3_k3
SWE,Qwen/Qwen3-8B,,eagle3,3,eagle3_k3,full | full_osl32k_qwen8_eagle3_k3,8,4096,32768,manifest-only,manifest,docs/lyris_swebench_longosl_manifest_20260612.csv,no,1,full_osl32k_qwen8_eagle3_k3
SWE,Qwen/Qwen3-8B,,eagle3,3,eagle3_k3,verified | verified_osl32k_qwen8_eagle3_k3,8,4096,32768,manifest-only,manifest,docs/lyris_swebench_longosl_manifest_20260612.csv,no,1,verified_osl32k_qwen8_eagle3_k3
SWE,Qwen/Qwen3-8B,,eagle3,3,eagle3_k3,full | full_osl32k_qwen8_eagle3_k3,8,4096,32768,manifest-only,manifest,docs/lyris_swebench_osl32k_batch_sweep_manifest_20260612.csv,no,1,full_osl32k_qwen8_eagle3_k3
SWE,Qwen/Qwen3-8B,,eagle3,3,eagle3_k3,verified | verified_osl32k_qwen8_eagle3_k3,8,4096,32768,manifest-only,manifest,docs/lyris_swebench_osl32k_batch_sweep_manifest_20260612.csv,no,1,verified_osl32k_qwen8_eagle3_k3
SWE,Qwen/Qwen3-8B,,eagle3,3,eagle3_k3,swebench_full_test_prompts_all.jsonl | qwen8_swe_full_osl32k_bsweep_lyris_bs16_eagle3_offset0_n16_isl4096_osl32768_bs16_k3_20260612,16,4096,32768,final,metrics,docs/lyris_swebench_longosl_metrics_20260612.csv,no,1,full_osl32k_qwen8_eagle3_k3
SWE,Qwen/Qwen3-8B,,eagle3,3,eagle3_k3,swebench_verified_prompts_all.jsonl | qwen8_swe_verified_osl32k_bsweep_lyris_bs16_eagle3_offset0_n16_isl4096_osl32768_bs16_k3_20260612,16,4096,32768,final,metrics,docs/lyris_swebench_longosl_metrics_20260612.csv,no,1,verified_osl32k_qwen8_eagle3_k3
SWE,Qwen/Qwen3-8B,,eagle3,3,eagle3_k3,full | full_osl32k_qwen8_eagle3_k3,16,4096,32768,manifest-only,manifest,docs/lyris_swebench_longosl_manifest_20260612.csv,no,1,full_osl32k_qwen8_eagle3_k3
SWE,Qwen/Qwen3-8B,,eagle3,3,eagle3_k3,verified | verified_osl32k_qwen8_eagle3_k3,16,4096,32768,manifest-only,manifest,docs/lyris_swebench_longosl_manifest_20260612.csv,no,1,verified_osl32k_qwen8_eagle3_k3
SWE,Qwen/Qwen3-8B,,eagle3,3,eagle3_k3,full | full_osl32k_qwen8_eagle3_k3,16,4096,32768,manifest-only,manifest,docs/lyris_swebench_osl32k_batch_sweep_manifest_20260612.csv,no,1,full_osl32k_qwen8_eagle3_k3
SWE,Qwen/Qwen3-8B,,eagle3,3,eagle3_k3,verified | verified_osl32k_qwen8_eagle3_k3,16,4096,32768,manifest-only,manifest,docs/lyris_swebench_osl32k_batch_sweep_manifest_20260612.csv,no,1,verified_osl32k_qwen8_eagle3_k3
SWE,Qwen/Qwen3-8B,,eagle3,3,eagle3_k3,swebench_full_test_prompts_all.jsonl | qwen8_swe_full_osl32k_bsweep_lyris_bs32_eagle3_offset0_n32_isl4096_osl32768_bs32_k3_20260612_lowmbt,32,4096,32768,final,metrics,docs/lyris_swebench_longosl_metrics_20260612.csv,no,1,full_osl32k_qwen8_eagle3_k3
SWE,Qwen/Qwen3-8B,,eagle3,3,eagle3_k3,swebench_verified_prompts_all.jsonl | qwen8_swe_verified_osl32k_bsweep_lyris_bs32_eagle3_offset0_n32_isl4096_osl32768_bs32_k3_20260612_lowmbt,32,4096,32768,final,metrics,docs/lyris_swebench_longosl_metrics_20260612.csv,no,1,verified_osl32k_qwen8_eagle3_k3
SWE,Qwen/Qwen3-8B,,eagle3,3,eagle3_k3,full | full_osl32k_qwen8_eagle3_k3,32,4096,32768,manifest-only,manifest,docs/lyris_swebench_longosl_manifest_20260612.csv,no,2,full_osl32k_qwen8_eagle3_k3
SWE,Qwen/Qwen3-8B,,eagle3,3,eagle3_k3,verified | verified_osl32k_qwen8_eagle3_k3,32,4096,32768,manifest-only,manifest,docs/lyris_swebench_longosl_manifest_20260612.csv,no,2,verified_osl32k_qwen8_eagle3_k3
SWE,Qwen/Qwen3-8B,,eagle3,3,eagle3_k3,full | full_osl32k_qwen8_eagle3_k3,32,4096,32768,manifest-only,manifest,docs/lyris_swebench_osl32k_batch_sweep_manifest_20260612.csv,no,2,full_osl32k_qwen8_eagle3_k3
SWE,Qwen/Qwen3-8B,,eagle3,3,eagle3_k3,verified | verified_osl32k_qwen8_eagle3_k3,32,4096,32768,manifest-only,manifest,docs/lyris_swebench_osl32k_batch_sweep_manifest_20260612.csv,no,2,verified_osl32k_qwen8_eagle3_k3
SWE,Qwen/Qwen3-8B,,eagle3,5,eagle3_k5,swebench_verified_prompts_all.jsonl | qwen3_8b_swebench_verified_osl32k_lyris_eagle3_highk_eagle3_offset0_n4_isl4096_osl32768_bs1_2_4_k5_20260611,1,4096,32768,final,metrics,docs/lyris_specdec_32k_metrics_20260612.csv,no,1,qwen8_eagle3_k5
SWE,Qwen/Qwen3-8B,,eagle3,5,eagle3_k5,qwen8_eagle3_k5,1,4096,32768,manifest-only,manifest,docs/lyris_specdec_32k_manifest_20260612.csv,no,1,qwen8_eagle3_k5
SWE,Qwen/Qwen3-8B,,eagle3,5,eagle3_k5,swebench_verified_prompts_all.jsonl | qwen3_8b_swebench_verified_osl32k_lyris_eagle3_highk_eagle3_offset0_n4_isl4096_osl32768_bs1_2_4_k5_20260611,2,4096,32768,final,metrics,docs/lyris_specdec_32k_metrics_20260612.csv,no,1,qwen8_eagle3_k5
SWE,Qwen/Qwen3-8B,,eagle3,5,eagle3_k5,qwen8_eagle3_k5,2,4096,32768,manifest-only,manifest,docs/lyris_specdec_32k_manifest_20260612.csv,no,1,qwen8_eagle3_k5
SWE,Qwen/Qwen3-8B,,eagle3,5,eagle3_k5,swebench_verified_prompts_all.jsonl | qwen3_8b_swebench_verified_osl32k_lyris_eagle3_highk_eagle3_offset0_n4_isl4096_osl32768_bs1_2_4_k5_20260611,4,4096,32768,final,metrics,docs/lyris_specdec_32k_metrics_20260612.csv,no,1,qwen8_eagle3_k5
SWE,Qwen/Qwen3-8B,,eagle3,5,eagle3_k5,qwen8_eagle3_k5,4,4096,32768,manifest-only,manifest,docs/lyris_specdec_32k_manifest_20260612.csv,no,1,qwen8_eagle3_k5
SWE,Qwen/Qwen3-8B,,eagle3,9,eagle3_k9,swebench_verified_prompts_all.jsonl | qwen3_8b_swebench_verified_osl32k_lyris_eagle3_highk_eagle3_offset0_n4_isl4096_osl32768_bs1_2_4_k9_20260611,1,4096,32768,final,metrics,docs/lyris_specdec_32k_metrics_20260612.csv,no,1,qwen8_eagle3_k9
SWE,Qwen/Qwen3-8B,,eagle3,9,eagle3_k9,qwen8_eagle3_k9,1,4096,32768,manifest-only,manifest,docs/lyris_specdec_32k_manifest_20260612.csv,no,1,qwen8_eagle3_k9
SWE,Qwen/Qwen3-8B,,eagle3,9,eagle3_k9,swebench_verified_prompts_all.jsonl | qwen3_8b_swebench_verified_osl32k_lyris_eagle3_highk_eagle3_offset0_n4_isl4096_osl32768_bs1_2_4_k9_20260611,2,4096,32768,final,metrics,docs/lyris_specdec_32k_metrics_20260612.csv,no,1,qwen8_eagle3_k9
SWE,Qwen/Qwen3-8B,,eagle3,9,eagle3_k9,qwen8_eagle3_k9,2,4096,32768,manifest-only,manifest,docs/lyris_specdec_32k_manifest_20260612.csv,no,1,qwen8_eagle3_k9
SWE,Qwen/Qwen3-8B,,eagle3,9,eagle3_k9,swebench_verified_prompts_all.jsonl | qwen3_8b_swebench_verified_osl32k_lyris_eagle3_highk_eagle3_offset0_n4_isl4096_osl32768_bs1_2_4_k9_20260611,4,4096,32768,final,metrics,docs/lyris_specdec_32k_metrics_20260612.csv,no,1,qwen8_eagle3_k9
SWE,Qwen/Qwen3-8B,,eagle3,9,eagle3_k9,qwen8_eagle3_k9,4,4096,32768,manifest-only,manifest,docs/lyris_specdec_32k_manifest_20260612.csv,no,1,qwen8_eagle3_k9
SWE,Qwen/Qwen3-8B,,pard2,11,pard2_k11,swebench_verified_prompts_all.jsonl | qwen3_8b_swebench_verified_osl32k_lyris_pard2_highk_pard2_offset0_n4_isl4096_osl32768_bs1_2_4_k11_20260611,1,4096,32768,final,metrics,docs/lyris_specdec_32k_metrics_20260612.csv,no,1,qwen8_pard2_k11
SWE,Qwen/Qwen3-8B,,pard2,11,pard2_k11,qwen8_pard2_k11,1,4096,32768,manifest-only,manifest,docs/lyris_specdec_32k_manifest_20260612.csv,no,1,qwen8_pard2_k11
SWE,Qwen/Qwen3-8B,,pard2,11,pard2_k11,swebench_verified_prompts_all.jsonl | qwen3_8b_swebench_verified_osl32k_lyris_pard2_highk_pard2_offset0_n4_isl4096_osl32768_bs1_2_4_k11_20260611,2,4096,32768,final,metrics,docs/lyris_specdec_32k_metrics_20260612.csv,no,1,qwen8_pard2_k11
SWE,Qwen/Qwen3-8B,,pard2,11,pard2_k11,qwen8_pard2_k11,2,4096,32768,manifest-only,manifest,docs/lyris_specdec_32k_manifest_20260612.csv,no,1,qwen8_pard2_k11
SWE,Qwen/Qwen3-8B,,pard2,11,pard2_k11,qwen8_pard2_k11,4,4096,32768,manifest-only,manifest,docs/lyris_specdec_32k_manifest_20260612.csv,no,1,qwen8_pard2_k11
SWE,Qwen/Qwen3-8B,,pard2,5,pard2_k5,swebench_verified_prompts_all.jsonl | qwen3_8b_swebench_verified_osl32k_lyris_pard2_eagle3_pard2_offset0_n4_isl4096_osl32768_bs1_2_4_k5_20260611,1,4096,32768,final,metrics,docs/lyris_specdec_32k_metrics_20260612.csv,no,1,qwen8_pard2_k5
SWE,Qwen/Qwen3-8B,,pard2,5,pard2_k5,swebench_full_test_prompts_all.jsonl | qwen8_swe_full_osl16k_lyris_pard2_offset0_n4_isl4096_osl16384_bs1_2_k5_20260611,1,4096,16384,final,metrics,docs/lyris_swebench_longosl_metrics_20260612.csv,no,1,full_osl16k_qwen8_pard2_k5
SWE,Qwen/Qwen3-8B,,pard2,5,pard2_k5,swebench_full_test_prompts_all.jsonl | qwen8_swe_full_osl32k_lyris_pard2_offset0_n4_isl4096_osl32768_bs1_2_k5_20260611,1,4096,32768,final,metrics,docs/lyris_swebench_longosl_metrics_20260612.csv,no,1,full_osl32k_qwen8_pard2_k5
SWE,Qwen/Qwen3-8B,,pard2,5,pard2_k5,swebench_full_test_prompts_all.jsonl | qwen8_swe_full_osl64k_lyris_pard2_offset0_n2_isl4096_osl65536_bs1_k5_20260611,1,4096,65536,final,metrics,docs/lyris_swebench_longosl_metrics_20260612.csv,no,1,full_osl64k_qwen8_pard2_k5
SWE,Qwen/Qwen3-8B,,pard2,5,pard2_k5,swebench_verified_prompts_all.jsonl | qwen8_swe_verified_osl16k_lyris_pard2_offset0_n4_isl4096_osl16384_bs1_2_k5_20260611,1,4096,16384,final,metrics,docs/lyris_swebench_longosl_metrics_20260612.csv,no,1,verified_osl16k_qwen8_pard2_k5
SWE,Qwen/Qwen3-8B,,pard2,5,pard2_k5,swebench_verified_prompts_all.jsonl | qwen8_swe_verified_osl64k_lyris_pard2_offset0_n2_isl4096_osl65536_bs1_k5_20260611,1,4096,65536,final,metrics,docs/lyris_swebench_longosl_metrics_20260612.csv,no,1,verified_osl64k_qwen8_pard2_k5
SWE,Qwen/Qwen3-8B,,pard2,5,pard2_k5,swebench_verified_prompts_all.jsonl | oci_swe_verified_osl16k_qwen8_pard2_k5_20260612,1,4096,16384,final,metrics,docs/oci_swebench_osl16k_smoke_metrics_20260612.csv,no,1,oci_verified_osl16k_qwen8_pard2_k5
SWE,Qwen/Qwen3-8B,,pard2,5,pard2_k5,qwen8_pard2_k5,1,4096,32768,manifest-only,manifest,docs/lyris_specdec_32k_manifest_20260612.csv,no,1,qwen8_pard2_k5
SWE,Qwen/Qwen3-8B,,pard2,5,pard2_k5,full | full_osl128k_qwen8_pard2_k5,1,4096,131072,manifest-only,manifest,docs/lyris_swebench_longosl_manifest_20260612.csv,no,1,full_osl128k_qwen8_pard2_k5
SWE,Qwen/Qwen3-8B,,pard2,5,pard2_k5,full | full_osl16k_qwen8_pard2_k5,1,4096,16384,manifest-only,manifest,docs/lyris_swebench_longosl_manifest_20260612.csv,no,1,full_osl16k_qwen8_pard2_k5
SWE,Qwen/Qwen3-8B,,pard2,5,pard2_k5,full | full_osl32k_qwen8_pard2_k5,1,4096,32768,manifest-only,manifest,docs/lyris_swebench_longosl_manifest_20260612.csv,no,1,full_osl32k_qwen8_pard2_k5
SWE,Qwen/Qwen3-8B,,pard2,5,pard2_k5,full | full_osl64k_qwen8_pard2_k5,1,4096,65536,manifest-only,manifest,docs/lyris_swebench_longosl_manifest_20260612.csv,no,1,full_osl64k_qwen8_pard2_k5
SWE,Qwen/Qwen3-8B,,pard2,5,pard2_k5,verified | verified_osl128k_qwen8_pard2_k5,1,4096,131072,manifest-only,manifest,docs/lyris_swebench_longosl_manifest_20260612.csv,no,1,verified_osl128k_qwen8_pard2_k5
SWE,Qwen/Qwen3-8B,,pard2,5,pard2_k5,verified | verified_osl16k_qwen8_pard2_k5,1,4096,16384,manifest-only,manifest,docs/lyris_swebench_longosl_manifest_20260612.csv,no,1,verified_osl16k_qwen8_pard2_k5
SWE,Qwen/Qwen3-8B,,pard2,5,pard2_k5,verified | verified_osl64k_qwen8_pard2_k5,1,4096,65536,manifest-only,manifest,docs/lyris_swebench_longosl_manifest_20260612.csv,no,1,verified_osl64k_qwen8_pard2_k5
SWE,Qwen/Qwen3-8B,,pard2,5,pard2_k5,verified | verified_osl96k_qwen8_pard2_k5,1,4096,98304,manifest-only,manifest,docs/lyris_swebench_longosl_manifest_20260612.csv,no,1,verified_osl96k_qwen8_pard2_k5
SWE,Qwen/Qwen3-8B,,pard2,5,pard2_k5,swebench_verified_prompts_all.jsonl | qwen3_8b_swebench_verified_osl32k_lyris_pard2_eagle3_pard2_offset0_n4_isl4096_osl32768_bs1_2_4_k5_20260611,2,4096,32768,final,metrics,docs/lyris_specdec_32k_metrics_20260612.csv,no,1,qwen8_pard2_k5
SWE,Qwen/Qwen3-8B,,pard2,5,pard2_k5,swebench_full_test_prompts_all.jsonl | qwen8_swe_full_osl16k_lyris_pard2_offset0_n4_isl4096_osl16384_bs1_2_k5_20260611,2,4096,16384,final,metrics,docs/lyris_swebench_longosl_metrics_20260612.csv,no,1,full_osl16k_qwen8_pard2_k5
SWE,Qwen/Qwen3-8B,,pard2,5,pard2_k5,swebench_full_test_prompts_all.jsonl | qwen8_swe_full_osl32k_lyris_pard2_offset0_n4_isl4096_osl32768_bs1_2_k5_20260611,2,4096,32768,final,metrics,docs/lyris_swebench_longosl_metrics_20260612.csv,no,1,full_osl32k_qwen8_pard2_k5
SWE,Qwen/Qwen3-8B,,pard2,5,pard2_k5,swebench_verified_prompts_all.jsonl | qwen8_swe_verified_osl16k_lyris_pard2_offset0_n4_isl4096_osl16384_bs1_2_k5_20260611,2,4096,16384,final,metrics,docs/lyris_swebench_longosl_metrics_20260612.csv,no,1,verified_osl16k_qwen8_pard2_k5
SWE,Qwen/Qwen3-8B,,pard2,5,pard2_k5,swebench_verified_prompts_all.jsonl | oci_swe_verified_osl16k_qwen8_pard2_k5_20260612,2,4096,16384,final,metrics,docs/oci_swebench_osl16k_smoke_metrics_20260612.csv,no,1,oci_verified_osl16k_qwen8_pard2_k5
SWE,Qwen/Qwen3-8B,,pard2,5,pard2_k5,qwen8_pard2_k5,2,4096,32768,manifest-only,manifest,docs/lyris_specdec_32k_manifest_20260612.csv,no,1,qwen8_pard2_k5
SWE,Qwen/Qwen3-8B,,pard2,5,pard2_k5,full | full_osl16k_qwen8_pard2_k5,2,4096,16384,manifest-only,manifest,docs/lyris_swebench_longosl_manifest_20260612.csv,no,1,full_osl16k_qwen8_pard2_k5
SWE,Qwen/Qwen3-8B,,pard2,5,pard2_k5,full | full_osl32k_qwen8_pard2_k5,2,4096,32768,manifest-only,manifest,docs/lyris_swebench_longosl_manifest_20260612.csv,no,1,full_osl32k_qwen8_pard2_k5
SWE,Qwen/Qwen3-8B,,pard2,5,pard2_k5,verified | verified_osl16k_qwen8_pard2_k5,2,4096,16384,manifest-only,manifest,docs/lyris_swebench_longosl_manifest_20260612.csv,no,1,verified_osl16k_qwen8_pard2_k5
SWE,Qwen/Qwen3-8B,,pard2,5,pard2_k5,qwen8_pard2_k5,4,4096,32768,manifest-only,manifest,docs/lyris_specdec_32k_manifest_20260612.csv,no,1,qwen8_pard2_k5
SWE,Qwen/Qwen3-8B,,pard2,5,pard2_k5,full | full_osl32k_qwen8_pard2_k5,4,4096,32768,manifest-only,manifest,docs/lyris_swebench_longosl_manifest_20260612.csv,no,1,full_osl32k_qwen8_pard2_k5
SWE,Qwen/Qwen3-8B,,pard2,5,pard2_k5,verified | verified_osl32k_qwen8_pard2_k5,4,4096,32768,manifest-only,manifest,docs/lyris_swebench_longosl_manifest_20260612.csv,no,1,verified_osl32k_qwen8_pard2_k5
SWE,Qwen/Qwen3-8B,,pard2,5,pard2_k5,full | full_osl32k_qwen8_pard2_k5,4,4096,32768,manifest-only,manifest,docs/lyris_swebench_osl32k_batch_sweep_manifest_20260612.csv,no,1,full_osl32k_qwen8_pard2_k5
SWE,Qwen/Qwen3-8B,,pard2,5,pard2_k5,verified | verified_osl32k_qwen8_pard2_k5,4,4096,32768,manifest-only,manifest,docs/lyris_swebench_osl32k_batch_sweep_manifest_20260612.csv,no,1,verified_osl32k_qwen8_pard2_k5
SWE,Qwen/Qwen3-8B,,pard2,5,pard2_k5,full | full_osl32k_qwen8_pard2_k5,8,4096,32768,manifest-only,manifest,docs/lyris_swebench_longosl_manifest_20260612.csv,no,1,full_osl32k_qwen8_pard2_k5
SWE,Qwen/Qwen3-8B,,pard2,5,pard2_k5,verified | verified_osl32k_qwen8_pard2_k5,8,4096,32768,manifest-only,manifest,docs/lyris_swebench_longosl_manifest_20260612.csv,no,1,verified_osl32k_qwen8_pard2_k5
SWE,Qwen/Qwen3-8B,,pard2,5,pard2_k5,full | full_osl32k_qwen8_pard2_k5,8,4096,32768,manifest-only,manifest,docs/lyris_swebench_osl32k_batch_sweep_manifest_20260612.csv,no,1,full_osl32k_qwen8_pard2_k5
SWE,Qwen/Qwen3-8B,,pard2,5,pard2_k5,verified | verified_osl32k_qwen8_pard2_k5,8,4096,32768,manifest-only,manifest,docs/lyris_swebench_osl32k_batch_sweep_manifest_20260612.csv,no,1,verified_osl32k_qwen8_pard2_k5
SWE,Qwen/Qwen3-8B,,pard2,5,pard2_k5,full | full_osl32k_qwen8_pard2_k5,16,4096,32768,manifest-only,manifest,docs/lyris_swebench_longosl_manifest_20260612.csv,no,1,full_osl32k_qwen8_pard2_k5
SWE,Qwen/Qwen3-8B,,pard2,5,pard2_k5,verified | verified_osl32k_qwen8_pard2_k5,16,4096,32768,manifest-only,manifest,docs/lyris_swebench_longosl_manifest_20260612.csv,no,1,verified_osl32k_qwen8_pard2_k5
SWE,Qwen/Qwen3-8B,,pard2,5,pard2_k5,full | full_osl32k_qwen8_pard2_k5,16,4096,32768,manifest-only,manifest,docs/lyris_swebench_osl32k_batch_sweep_manifest_20260612.csv,no,1,full_osl32k_qwen8_pard2_k5
SWE,Qwen/Qwen3-8B,,pard2,5,pard2_k5,verified | verified_osl32k_qwen8_pard2_k5,16,4096,32768,manifest-only,manifest,docs/lyris_swebench_osl32k_batch_sweep_manifest_20260612.csv,no,1,verified_osl32k_qwen8_pard2_k5
SWE,Qwen/Qwen3-8B,,pard2,5,pard2_k5,full | full_osl32k_qwen8_pard2_k5,32,4096,32768,manifest-only,manifest,docs/lyris_swebench_longosl_manifest_20260612.csv,no,2,full_osl32k_qwen8_pard2_k5
SWE,Qwen/Qwen3-8B,,pard2,5,pard2_k5,verified | verified_osl32k_qwen8_pard2_k5,32,4096,32768,manifest-only,manifest,docs/lyris_swebench_longosl_manifest_20260612.csv,no,2,verified_osl32k_qwen8_pard2_k5
SWE,Qwen/Qwen3-8B,,pard2,5,pard2_k5,full | full_osl32k_qwen8_pard2_k5,32,4096,32768,manifest-only,manifest,docs/lyris_swebench_osl32k_batch_sweep_manifest_20260612.csv,no,2,full_osl32k_qwen8_pard2_k5
SWE,Qwen/Qwen3-8B,,pard2,5,pard2_k5,verified | verified_osl32k_qwen8_pard2_k5,32,4096,32768,manifest-only,manifest,docs/lyris_swebench_osl32k_batch_sweep_manifest_20260612.csv,no,2,verified_osl32k_qwen8_pard2_k5
SWE,Qwen/Qwen3-8B,,pard2,9,pard2_k9,swebench_verified_prompts_all.jsonl | qwen3_8b_swebench_verified_osl32k_lyris_pard2_highk_pard2_offset0_n4_isl4096_osl32768_bs1_2_4_k9_20260611,1,4096,32768,final,metrics,docs/lyris_specdec_32k_metrics_20260612.csv,no,1,qwen8_pard2_k9
SWE,Qwen/Qwen3-8B,,pard2,9,pard2_k9,qwen8_pard2_k9,1,4096,32768,manifest-only,manifest,docs/lyris_specdec_32k_manifest_20260612.csv,no,1,qwen8_pard2_k9
SWE,Qwen/Qwen3-8B,,pard2,9,pard2_k9,swebench_verified_prompts_all.jsonl | qwen3_8b_swebench_verified_osl32k_lyris_pard2_highk_pard2_offset0_n4_isl4096_osl32768_bs1_2_4_k9_20260611,2,4096,32768,final,metrics,docs/lyris_specdec_32k_metrics_20260612.csv,no,1,qwen8_pard2_k9
SWE,Qwen/Qwen3-8B,,pard2,9,pard2_k9,qwen8_pard2_k9,2,4096,32768,manifest-only,manifest,docs/lyris_specdec_32k_manifest_20260612.csv,no,1,qwen8_pard2_k9
SWE,Qwen/Qwen3-8B,,pard2,9,pard2_k9,qwen8_pard2_k9,4,4096,32768,manifest-only,manifest,docs/lyris_specdec_32k_manifest_20260612.csv,no,1,qwen8_pard2_k9
SWE,Qwen/Qwen3-8B,,suffix,32,suffix_k32,swebench_full_test_prompts_all.jsonl | qwen8_swe_full_osl16k_lyris_suffix_offset0_n4_isl4096_osl16384_bs1_2_k32_arctic_20260611,1,4096,16384,final,metrics,docs/lyris_swebench_longosl_metrics_20260612.csv,no,1,full_osl16k_qwen8_suffix_k32
SWE,Qwen/Qwen3-8B,,suffix,32,suffix_k32,swebench_full_test_prompts_all.jsonl | qwen8_swe_full_osl32k_lyris_suffix_offset0_n4_isl4096_osl32768_bs1_2_k32_arctic_20260611,1,4096,32768,final,metrics,docs/lyris_swebench_longosl_metrics_20260612.csv,no,1,full_osl32k_qwen8_suffix_k32
SWE,Qwen/Qwen3-8B,,suffix,32,suffix_k32,swebench_full_test_prompts_all.jsonl | qwen8_swe_full_osl64k_lyris_suffix_offset0_n2_isl4096_osl65536_bs1_k32_arctic_20260611,1,4096,65536,final,metrics,docs/lyris_swebench_longosl_metrics_20260612.csv,no,1,full_osl64k_qwen8_suffix_k32
SWE,Qwen/Qwen3-8B,,suffix,32,suffix_k32,swebench_verified_prompts_all.jsonl | qwen8_swe_verified_osl16k_lyris_suffix_offset0_n4_isl4096_osl16384_bs1_2_k32_arctic_20260611,1,4096,16384,final,metrics,docs/lyris_swebench_longosl_metrics_20260612.csv,no,1,verified_osl16k_qwen8_suffix_k32
SWE,Qwen/Qwen3-8B,,suffix,32,suffix_k32,swebench_verified_prompts_all.jsonl | qwen8_swe_verified_osl64k_lyris_suffix_offset0_n2_isl4096_osl65536_bs1_k32_arctic_20260611,1,4096,65536,final,metrics,docs/lyris_swebench_longosl_metrics_20260612.csv,no,1,verified_osl64k_qwen8_suffix_k32
SWE,Qwen/Qwen3-8B,,suffix,32,suffix_k32,swebench_verified_prompts_all.jsonl | qwen8_swe_verified_osl96k_lyris_after2103166_suffix_offset0_n1_isl4096_osl98304_bs1_k32_arctic_20260612,1,4096,98304,final,metrics,docs/lyris_swebench_longosl_metrics_20260612.csv,no,1,verified_osl96k_qwen8_suffix_k32
SWE,Qwen/Qwen3-8B,,suffix,32,suffix_k32,swebench_verified_prompts_all.jsonl | oci_swe_verified_osl16k_qwen8_suffix_k32_20260612,1,4096,16384,final,metrics,docs/oci_swebench_osl16k_smoke_metrics_20260612.csv,no,1,oci_verified_osl16k_qwen8_suffix_k32
SWE,Qwen/Qwen3-8B,,suffix,32,suffix_k32,full | full_osl128k_qwen8_suffix_k32,1,4096,131072,manifest-only,manifest,docs/lyris_swebench_longosl_manifest_20260612.csv,no,2,full_osl128k_qwen8_suffix_k32
SWE,Qwen/Qwen3-8B,,suffix,32,suffix_k32,full | full_osl16k_qwen8_suffix_k32,1,4096,16384,manifest-only,manifest,docs/lyris_swebench_longosl_manifest_20260612.csv,no,1,full_osl16k_qwen8_suffix_k32
SWE,Qwen/Qwen3-8B,,suffix,32,suffix_k32,full | full_osl32k_qwen8_suffix_k32,1,4096,32768,manifest-only,manifest,docs/lyris_swebench_longosl_manifest_20260612.csv,no,1,full_osl32k_qwen8_suffix_k32
SWE,Qwen/Qwen3-8B,,suffix,32,suffix_k32,full | full_osl64k_qwen8_suffix_k32,1,4096,65536,manifest-only,manifest,docs/lyris_swebench_longosl_manifest_20260612.csv,no,1,full_osl64k_qwen8_suffix_k32
SWE,Qwen/Qwen3-8B,,suffix,32,suffix_k32,verified | verified_osl128k_qwen8_suffix_k32,1,4096,131072,manifest-only,manifest,docs/lyris_swebench_longosl_manifest_20260612.csv,no,2,verified_osl128k_qwen8_suffix_k32
SWE,Qwen/Qwen3-8B,,suffix,32,suffix_k32,verified | verified_osl16k_qwen8_suffix_k32,1,4096,16384,manifest-only,manifest,docs/lyris_swebench_longosl_manifest_20260612.csv,no,1,verified_osl16k_qwen8_suffix_k32
SWE,Qwen/Qwen3-8B,,suffix,32,suffix_k32,verified | verified_osl64k_qwen8_suffix_k32,1,4096,65536,manifest-only,manifest,docs/lyris_swebench_longosl_manifest_20260612.csv,no,1,verified_osl64k_qwen8_suffix_k32
SWE,Qwen/Qwen3-8B,,suffix,32,suffix_k32,verified | verified_osl96k_qwen8_suffix_k32,1,4096,98304,manifest-only,manifest,docs/lyris_swebench_longosl_manifest_20260612.csv,no,1,verified_osl96k_qwen8_suffix_k32
SWE,Qwen/Qwen3-8B,,suffix,32,suffix_k32,swebench_full_test_prompts_all.jsonl | qwen8_swe_full_osl16k_lyris_suffix_offset0_n4_isl4096_osl16384_bs1_2_k32_arctic_20260611,2,4096,16384,final,metrics,docs/lyris_swebench_longosl_metrics_20260612.csv,no,1,full_osl16k_qwen8_suffix_k32
SWE,Qwen/Qwen3-8B,,suffix,32,suffix_k32,swebench_full_test_prompts_all.jsonl | qwen8_swe_full_osl32k_lyris_suffix_offset0_n4_isl4096_osl32768_bs1_2_k32_arctic_20260611,2,4096,32768,final,metrics,docs/lyris_swebench_longosl_metrics_20260612.csv,no,1,full_osl32k_qwen8_suffix_k32
SWE,Qwen/Qwen3-8B,,suffix,32,suffix_k32,swebench_verified_prompts_all.jsonl | qwen8_swe_verified_osl16k_lyris_suffix_offset0_n4_isl4096_osl16384_bs1_2_k32_arctic_20260611,2,4096,16384,final,metrics,docs/lyris_swebench_longosl_metrics_20260612.csv,no,1,verified_osl16k_qwen8_suffix_k32
SWE,Qwen/Qwen3-8B,,suffix,32,suffix_k32,swebench_verified_prompts_all.jsonl | oci_swe_verified_osl16k_qwen8_suffix_k32_20260612,2,4096,16384,final,metrics,docs/oci_swebench_osl16k_smoke_metrics_20260612.csv,no,1,oci_verified_osl16k_qwen8_suffix_k32
SWE,Qwen/Qwen3-8B,,suffix,32,suffix_k32,full | full_osl16k_qwen8_suffix_k32,2,4096,16384,manifest-only,manifest,docs/lyris_swebench_longosl_manifest_20260612.csv,no,1,full_osl16k_qwen8_suffix_k32
SWE,Qwen/Qwen3-8B,,suffix,32,suffix_k32,full | full_osl32k_qwen8_suffix_k32,2,4096,32768,manifest-only,manifest,docs/lyris_swebench_longosl_manifest_20260612.csv,no,1,full_osl32k_qwen8_suffix_k32
SWE,Qwen/Qwen3-8B,,suffix,32,suffix_k32,verified | verified_osl16k_qwen8_suffix_k32,2,4096,16384,manifest-only,manifest,docs/lyris_swebench_longosl_manifest_20260612.csv,no,1,verified_osl16k_qwen8_suffix_k32
SWE,Qwen/Qwen3-8B,,suffix,32,suffix_k32,swebench_full_test_prompts_all.jsonl | qwen8_swe_full_osl32k_bsweep_lyris_bs4_suffix_offset0_n4_isl4096_osl32768_bs4_k32_arctic_20260612,4,4096,32768,final,metrics,docs/lyris_swebench_longosl_metrics_20260612.csv,no,1,full_osl32k_qwen8_suffix_k32
SWE,Qwen/Qwen3-8B,,suffix,32,suffix_k32,swebench_verified_prompts_all.jsonl | qwen8_swe_verified_osl32k_bsweep_lyris_bs4_suffix_offset0_n4_isl4096_osl32768_bs4_k32_arctic_20260612,4,4096,32768,final,metrics,docs/lyris_swebench_longosl_metrics_20260612.csv,no,1,verified_osl32k_qwen8_suffix_k32
SWE,Qwen/Qwen3-8B,,suffix,32,suffix_k32,swebench_full_test_prompts_all.jsonl | qwen8_swe_full_osl32k_bsweep_lyris_bs4_suffix_offset0_n4_isl4096_osl32768_bs4_k32_arctic_20260612,4,4096,32768,final,metrics,docs/lyris_swebench_osl32k_batch_sweep_metrics_20260612.csv,no,1,full_osl32k_qwen8_suffix_k32
SWE,Qwen/Qwen3-8B,,suffix,32,suffix_k32,swebench_verified_prompts_all.jsonl | qwen8_swe_verified_osl32k_bsweep_lyris_bs4_suffix_offset0_n4_isl4096_osl32768_bs4_k32_arctic_20260612,4,4096,32768,final,metrics,docs/lyris_swebench_osl32k_batch_sweep_metrics_20260612.csv,no,1,verified_osl32k_qwen8_suffix_k32
SWE,Qwen/Qwen3-8B,,suffix,32,suffix_k32,full | full_osl32k_qwen8_suffix_k32,4,4096,32768,manifest-only,manifest,docs/lyris_swebench_longosl_manifest_20260612.csv,no,1,full_osl32k_qwen8_suffix_k32
SWE,Qwen/Qwen3-8B,,suffix,32,suffix_k32,verified | verified_osl32k_qwen8_suffix_k32,4,4096,32768,manifest-only,manifest,docs/lyris_swebench_longosl_manifest_20260612.csv,no,1,verified_osl32k_qwen8_suffix_k32
SWE,Qwen/Qwen3-8B,,suffix,32,suffix_k32,full | full_osl32k_qwen8_suffix_k32,4,4096,32768,manifest-only,manifest,docs/lyris_swebench_osl32k_batch_sweep_manifest_20260612.csv,no,1,full_osl32k_qwen8_suffix_k32
SWE,Qwen/Qwen3-8B,,suffix,32,suffix_k32,verified | verified_osl32k_qwen8_suffix_k32,4,4096,32768,manifest-only,manifest,docs/lyris_swebench_osl32k_batch_sweep_manifest_20260612.csv,no,1,verified_osl32k_qwen8_suffix_k32
SWE,Qwen/Qwen3-8B,,suffix,32,suffix_k32,swebench_full_test_prompts_all.jsonl | qwen8_swe_full_osl32k_bsweep_lyris_bs8_suffix_offset0_n8_isl4096_osl32768_bs8_k32_arctic_20260612,8,4096,32768,final,metrics,docs/lyris_swebench_longosl_metrics_20260612.csv,no,1,full_osl32k_qwen8_suffix_k32
SWE,Qwen/Qwen3-8B,,suffix,32,suffix_k32,swebench_verified_prompts_all.jsonl | qwen8_swe_verified_osl32k_bsweep_lyris_bs8_suffix_offset0_n8_isl4096_osl32768_bs8_k32_arctic_20260612,8,4096,32768,final,metrics,docs/lyris_swebench_longosl_metrics_20260612.csv,no,1,verified_osl32k_qwen8_suffix_k32
SWE,Qwen/Qwen3-8B,,suffix,32,suffix_k32,swebench_verified_prompts_all.jsonl | qwen8_swe_verified_osl32k_bsweep_lyris_bs8_suffix_offset0_n8_isl4096_osl32768_bs8_k32_arctic_20260612,8,4096,32768,final,metrics,docs/lyris_swebench_osl32k_batch_sweep_metrics_20260612.csv,no,1,verified_osl32k_qwen8_suffix_k32
SWE,Qwen/Qwen3-8B,,suffix,32,suffix_k32,full | full_osl32k_qwen8_suffix_k32,8,4096,32768,manifest-only,manifest,docs/lyris_swebench_longosl_manifest_20260612.csv,no,1,full_osl32k_qwen8_suffix_k32
SWE,Qwen/Qwen3-8B,,suffix,32,suffix_k32,verified | verified_osl32k_qwen8_suffix_k32,8,4096,32768,manifest-only,manifest,docs/lyris_swebench_longosl_manifest_20260612.csv,no,1,verified_osl32k_qwen8_suffix_k32
SWE,Qwen/Qwen3-8B,,suffix,32,suffix_k32,full | full_osl32k_qwen8_suffix_k32,8,4096,32768,manifest-only,manifest,docs/lyris_swebench_osl32k_batch_sweep_manifest_20260612.csv,no,1,full_osl32k_qwen8_suffix_k32
SWE,Qwen/Qwen3-8B,,suffix,32,suffix_k32,verified | verified_osl32k_qwen8_suffix_k32,8,4096,32768,manifest-only,manifest,docs/lyris_swebench_osl32k_batch_sweep_manifest_20260612.csv,no,1,verified_osl32k_qwen8_suffix_k32
SWE,Qwen/Qwen3-8B,,suffix,32,suffix_k32,swebench_full_test_prompts_all.jsonl | qwen8_swe_full_osl32k_bsweep_lyris_bs16_suffix_offset0_n16_isl4096_osl32768_bs16_k32_arctic_20260612,16,4096,32768,final,metrics,docs/lyris_swebench_longosl_metrics_20260612.csv,no,1,full_osl32k_qwen8_suffix_k32
SWE,Qwen/Qwen3-8B,,suffix,32,suffix_k32,swebench_verified_prompts_all.jsonl | qwen8_swe_verified_osl32k_bsweep_lyris_bs16_suffix_offset0_n16_isl4096_osl32768_bs16_k32_arctic_20260612,16,4096,32768,final,metrics,docs/lyris_swebench_longosl_metrics_20260612.csv,no,1,verified_osl32k_qwen8_suffix_k32
SWE,Qwen/Qwen3-8B,,suffix,32,suffix_k32,swebench_verified_prompts_all.jsonl | qwen8_swe_verified_osl32k_bsweep_lyris_bs16_suffix_offset0_n16_isl4096_osl32768_bs16_k32_arctic_20260612,16,4096,32768,final,metrics,docs/lyris_swebench_osl32k_batch_sweep_metrics_20260612.csv,no,1,verified_osl32k_qwen8_suffix_k32
SWE,Qwen/Qwen3-8B,,suffix,32,suffix_k32,full | full_osl32k_qwen8_suffix_k32,16,4096,32768,manifest-only,manifest,docs/lyris_swebench_longosl_manifest_20260612.csv,no,1,full_osl32k_qwen8_suffix_k32
SWE,Qwen/Qwen3-8B,,suffix,32,suffix_k32,verified | verified_osl32k_qwen8_suffix_k32,16,4096,32768,manifest-only,manifest,docs/lyris_swebench_longosl_manifest_20260612.csv,no,1,verified_osl32k_qwen8_suffix_k32
SWE,Qwen/Qwen3-8B,,suffix,32,suffix_k32,full | full_osl32k_qwen8_suffix_k32,16,4096,32768,manifest-only,manifest,docs/lyris_swebench_osl32k_batch_sweep_manifest_20260612.csv,no,1,full_osl32k_qwen8_suffix_k32
SWE,Qwen/Qwen3-8B,,suffix,32,suffix_k32,verified | verified_osl32k_qwen8_suffix_k32,16,4096,32768,manifest-only,manifest,docs/lyris_swebench_osl32k_batch_sweep_manifest_20260612.csv,no,1,verified_osl32k_qwen8_suffix_k32
SWE,Qwen/Qwen3-8B,,suffix,32,suffix_k32,swebench_full_test_prompts_all.jsonl | qwen8_swe_full_osl32k_bsweep_lyris_bs32_suffix_offset0_n32_isl4096_osl32768_bs32_k32_arctic_20260612_lowmbt,32,4096,32768,final,metrics,docs/lyris_swebench_longosl_metrics_20260612.csv,no,1,full_osl32k_qwen8_suffix_k32
SWE,Qwen/Qwen3-8B,,suffix,32,suffix_k32,swebench_verified_prompts_all.jsonl | qwen8_swe_verified_osl32k_bsweep_lyris_bs32_suffix_offset0_n32_isl4096_osl32768_bs32_k32_arctic_20260612_lowmbt,32,4096,32768,final,metrics,docs/lyris_swebench_longosl_metrics_20260612.csv,no,1,verified_osl32k_qwen8_suffix_k32
SWE,Qwen/Qwen3-8B,,suffix,32,suffix_k32,full | full_osl32k_qwen8_suffix_k32,32,4096,32768,manifest-only,manifest,docs/lyris_swebench_longosl_manifest_20260612.csv,no,2,full_osl32k_qwen8_suffix_k32
SWE,Qwen/Qwen3-8B,,suffix,32,suffix_k32,verified | verified_osl32k_qwen8_suffix_k32,32,4096,32768,manifest-only,manifest,docs/lyris_swebench_longosl_manifest_20260612.csv,no,2,verified_osl32k_qwen8_suffix_k32
SWE,Qwen/Qwen3-8B,,suffix,32,suffix_k32,full | full_osl32k_qwen8_suffix_k32,32,4096,32768,manifest-only,manifest,docs/lyris_swebench_osl32k_batch_sweep_manifest_20260612.csv,no,2,full_osl32k_qwen8_suffix_k32
SWE,Qwen/Qwen3-8B,,suffix,32,suffix_k32,verified | verified_osl32k_qwen8_suffix_k32,32,4096,32768,manifest-only,manifest,docs/lyris_swebench_osl32k_batch_sweep_manifest_20260612.csv,no,2,verified_osl32k_qwen8_suffix_k32
SWE,Qwen/Qwen3-8B,,suffix,4,suffix_k4,verified | verified_osl128k_qwen8_suffix_k4,1,4096,131072,manifest-only,manifest,docs/lyris_swebench_longosl_manifest_20260612.csv,no,1,verified_osl128k_qwen8_suffix_k4
SWE,Qwen/Qwen3-8B,,suffix,5,suffix_k5,swebench_verified_prompts_all.jsonl | qwen3_8b_swebench_verified_osl32k_lyris_suffix_k5_control_suffix_offset0_n4_isl4096_osl32768_bs1_2_4_k5_arctic_20260611,1,4096,32768,final,metrics,docs/lyris_specdec_32k_metrics_20260612.csv,no,1,qwen8_suffix_k5
SWE,Qwen/Qwen3-8B,,suffix,5,suffix_k5,qwen8_suffix_k5,1,4096,32768,manifest-only,manifest,docs/lyris_specdec_32k_manifest_20260612.csv,no,1,qwen8_suffix_k5
SWE,Qwen/Qwen3-8B,,suffix,5,suffix_k5,swebench_verified_prompts_all.jsonl | qwen3_8b_swebench_verified_osl32k_lyris_suffix_k5_control_suffix_offset0_n4_isl4096_osl32768_bs1_2_4_k5_arctic_20260611,2,4096,32768,final,metrics,docs/lyris_specdec_32k_metrics_20260612.csv,no,1,qwen8_suffix_k5
SWE,Qwen/Qwen3-8B,,suffix,5,suffix_k5,qwen8_suffix_k5,2,4096,32768,manifest-only,manifest,docs/lyris_specdec_32k_manifest_20260612.csv,no,1,qwen8_suffix_k5
SWE,Qwen/Qwen3-8B,,suffix,5,suffix_k5,swebench_verified_prompts_all.jsonl | qwen3_8b_swebench_verified_osl32k_lyris_suffix_k5_control_suffix_offset0_n4_isl4096_osl32768_bs1_2_4_k5_arctic_20260611,4,4096,32768,final,metrics,docs/lyris_specdec_32k_metrics_20260612.csv,no,1,qwen8_suffix_k5
SWE,Qwen/Qwen3-8B,,suffix,5,suffix_k5,qwen8_suffix_k5,4,4096,32768,manifest-only,manifest,docs/lyris_specdec_32k_manifest_20260612.csv,no,1,qwen8_suffix_k5
SWE,Qwen/Qwen3-8B,,suffix,8,suffix_k8,verified | verified_osl128k_qwen8_suffix_k8,1,4096,131072,manifest-only,manifest,docs/lyris_swebench_longosl_manifest_20260612.csv,no,1,verified_osl128k_qwen8_suffix_k8
SWE,Qwen/Qwen3-8B,0.0,baseline,0,baseline,swebench_verified_prompts_all.jsonl | qwen8_swe_osl32k_oci_temp01_t00_baseline_pard1_k3_k5_offset0_n4_isl4096_osl32768_bs1_2_20260616,1,4096,32768,partial,metrics,docs/oci_hsg_qwen8_pard1_standalone_temp01_20260616_r3_metrics.csv,no,1,oci_qwen8_swe_t00_baseline_log_provisional
SWE,Qwen/Qwen3-8B,0.0,baseline,0,baseline,swebench_verified_prompts_all.jsonl | qwen8_swe_osl32k_oci_temp01_t00_baseline_pard1_k3_k5_offset0_n4_isl4096_osl32768_bs1_2_20260616_r4_noprof_baseline,1,4096,32768,partial,metrics,docs/oci_hsg_qwen8_pard1_standalone_temp01_20260616_r4_noprof_metrics.csv,no,1,oci_qwen8_swe_t00_baseline
SWE,Qwen/Qwen3-8B,0.0,baseline,0,baseline,swebench_verified_prompts_all.jsonl | qwen8_swe_osl32k_oci_temp01_t00_baseline_pard1_k3_k5_offset0_n4_isl4096_osl32768_bs1_2_20260616_r4_noprof_baseline,2,4096,32768,partial,metrics,docs/oci_hsg_qwen8_pard1_standalone_temp01_20260616_r4_noprof_metrics.csv,no,1,oci_qwen8_swe_t00_baseline
SWE,Qwen/Qwen3-8B,0.0,pard,3,pard_k3,swebench_verified_prompts_all.jsonl | qwen8_swe_osl32k_oci_temp01_t00_baseline_pard1_k3_k5_offset0_n4_isl4096_osl32768_bs1_2_20260616_r4_noprof_pard_k3,1,4096,32768,final,metrics,docs/oci_hsg_qwen8_pard1_standalone_temp01_20260616_r4_noprof_metrics.csv,no,1,oci_qwen8_swe_t00_pard3
SWE,Qwen/Qwen3-8B,0.0,pard,3,pard_k3,swebench_verified_prompts_all.jsonl | qwen8_swe_osl32k_oci_temp01_t00_baseline_pard1_k3_k5_offset0_n4_isl4096_osl32768_bs1_2_20260616,1,4096,32768,partial,metrics,docs/oci_hsg_qwen8_pard1_standalone_temp01_20260616_r3_metrics.csv,no,1,oci_qwen8_swe_t00_pard3_log_provisional
SWE,Qwen/Qwen3-8B,0.0,pard,3,pard_k3,swebench_verified_prompts_all.jsonl | qwen8_swe_osl32k_oci_temp01_t00_baseline_pard1_k3_k5_offset0_n4_isl4096_osl32768_bs1_2_20260616_r4_noprof_pard_k3,2,4096,32768,final,metrics,docs/oci_hsg_qwen8_pard1_standalone_temp01_20260616_r4_noprof_metrics.csv,no,1,oci_qwen8_swe_t00_pard3
SWE,Qwen/Qwen3-8B,0.0,pard,5,pard_k5,swebench_verified_prompts_all.jsonl | qwen8_swe_osl32k_oci_temp01_t00_baseline_pard1_k3_k5_offset0_n4_isl4096_osl32768_bs1_2_20260616_r4_noprof_pard_k5,1,4096,32768,final,metrics,docs/oci_hsg_qwen8_pard1_standalone_temp01_20260616_r4_noprof_metrics.csv,no,1,oci_qwen8_swe_t00_pard5
SWE,Qwen/Qwen3-8B,0.0,pard,5,pard_k5,swebench_verified_prompts_all.jsonl | qwen8_swe_osl32k_oci_temp01_t00_baseline_pard1_k3_k5_offset0_n4_isl4096_osl32768_bs1_2_20260616,1,4096,32768,partial,metrics,docs/oci_hsg_qwen8_pard1_standalone_temp01_20260616_r3_metrics.csv,no,1,oci_qwen8_swe_t00_pard5_log_provisional
SWE,Qwen/Qwen3-8B,0.0,pard,5,pard_k5,swebench_verified_prompts_all.jsonl | qwen8_swe_osl32k_oci_temp01_t00_baseline_pard1_k3_k5_offset0_n4_isl4096_osl32768_bs1_2_20260616_r4_noprof_pard_k5,2,4096,32768,final,metrics,docs/oci_hsg_qwen8_pard1_standalone_temp01_20260616_r4_noprof_metrics.csv,no,1,oci_qwen8_swe_t00_pard5
SWE,Qwen/Qwen3-8B,1.0,baseline,0,baseline,swebench_verified_prompts_all.jsonl | qwen8_swe_osl32k_oci_temp01_t10_baseline_pard1_k3_k5_offset0_n4_isl4096_osl32768_bs1_2_20260616,1,4096,32768,partial,metrics,docs/oci_hsg_qwen8_pard1_standalone_temp01_20260616_r3_metrics.csv,no,1,oci_qwen8_swe_t10_baseline_log_provisional
SWE,Qwen/Qwen3-8B,1.0,baseline,0,baseline,swebench_verified_prompts_all.jsonl | qwen8_swe_osl32k_oci_temp01_t10_baseline_pard1_k3_k5_offset0_n4_isl4096_osl32768_bs1_2_20260616_r4_noprof_baseline,1,4096,32768,partial,metrics,docs/oci_hsg_qwen8_pard1_standalone_temp01_20260616_r4_noprof_metrics.csv,no,1,oci_qwen8_swe_t10_baseline
SWE,Qwen/Qwen3-8B,1.0,baseline,0,baseline,swebench_verified_prompts_all.jsonl | qwen8_swe_osl32k_oci_temp01_t10_baseline_pard1_k3_k5_offset0_n4_isl4096_osl32768_bs1_2_20260616_r4_noprof_baseline,2,4096,32768,partial,metrics,docs/oci_hsg_qwen8_pard1_standalone_temp01_20260616_r4_noprof_metrics.csv,no,1,oci_qwen8_swe_t10_baseline
SWE,Qwen/Qwen3-8B,1.0,pard,3,pard_k3,swebench_verified_prompts_all.jsonl | qwen8_swe_osl32k_oci_temp01_t10_baseline_pard1_k3_k5_offset0_n4_isl4096_osl32768_bs1_2_20260616_r4_noprof_pard_k3,1,4096,32768,final,metrics,docs/oci_hsg_qwen8_pard1_standalone_temp01_20260616_r4_noprof_metrics.csv,no,1,oci_qwen8_swe_t10_pard3
SWE,Qwen/Qwen3-8B,1.0,pard,3,pard_k3,swebench_verified_prompts_all.jsonl | qwen8_swe_osl32k_oci_temp01_t10_baseline_pard1_k3_k5_offset0_n4_isl4096_osl32768_bs1_2_20260616,1,4096,32768,partial,metrics,docs/oci_hsg_qwen8_pard1_standalone_temp01_20260616_r3_metrics.csv,no,1,oci_qwen8_swe_t10_pard3_log_provisional
SWE,Qwen/Qwen3-8B,1.0,pard,3,pard_k3,swebench_verified_prompts_all.jsonl | qwen8_swe_osl32k_oci_temp01_t10_baseline_pard1_k3_k5_offset0_n4_isl4096_osl32768_bs1_2_20260616_r4_noprof_pard_k3,2,4096,32768,final,metrics,docs/oci_hsg_qwen8_pard1_standalone_temp01_20260616_r4_noprof_metrics.csv,no,1,oci_qwen8_swe_t10_pard3
SWE,Qwen/Qwen3-8B,1.0,pard,5,pard_k5,swebench_verified_prompts_all.jsonl | qwen8_swe_osl32k_oci_temp01_t10_baseline_pard1_k3_k5_offset0_n4_isl4096_osl32768_bs1_2_20260616_r4_noprof_pard_k5,1,4096,32768,final,metrics,docs/oci_hsg_qwen8_pard1_standalone_temp01_20260616_r4_noprof_metrics.csv,no,1,oci_qwen8_swe_t10_pard5
SWE,Qwen/Qwen3-8B,1.0,pard,5,pard_k5,swebench_verified_prompts_all.jsonl | qwen8_swe_osl32k_oci_temp01_t10_baseline_pard1_k3_k5_offset0_n4_isl4096_osl32768_bs1_2_20260616,1,4096,32768,partial,metrics,docs/oci_hsg_qwen8_pard1_standalone_temp01_20260616_r3_metrics.csv,no,1,oci_qwen8_swe_t10_pard5_log_provisional
SWE,Qwen/Qwen3-8B,1.0,pard,5,pard_k5,swebench_verified_prompts_all.jsonl | qwen8_swe_osl32k_oci_temp01_t10_baseline_pard1_k3_k5_offset0_n4_isl4096_osl32768_bs1_2_20260616_r4_noprof_pard_k5,2,4096,32768,final,metrics,docs/oci_hsg_qwen8_pard1_standalone_temp01_20260616_r4_noprof_metrics.csv,no,1,oci_qwen8_swe_t10_pard5
