domain,model,temperature,top_p,batch_size,isl,osl,method,job_id,state,tok_s_gpu,baseline_tok_s_gpu,speedup,acceptance_pct,mean_accept_len,basis,source,source_label,source_priority,logs_dir,valid_result
Math,Qwen3-235B-A22B,0.0,1.0,1,4096.0,32768.0,eagle3_k8,3459865.0,COMPLETED,4.8884,1.9126832781443956,2.5557812189075646,24.4342,1.9547,final breakdown,docs/oci_qmath_extra_k_live_log_metrics_20260620.csv,"OCI Math extra-K sweep, refreshed 2026-06-21",20,/lustre/fs1/portfolios/coreai/projects/coreai_dlalgo_nemorl/users/sna/SpecDec-RL-main-vllm020-20260606/vllm-runs/qmath_extra_k_20260620/qwen235b_math500_osl32k_eagle3_t00_offset0_n1_isl4096_osl32768_bs1_k8_20260620_qmath_extra_eagle3k8_pardk16_pard2k16_qwen235b_eagle3_k8,True
Math,Qwen3-235B-A22B,0.0,1.0,2,4096.0,32768.0,eagle3_k8,3459881.0,COMPLETED,9.7277,3.877196759719886,2.5089518543554115,24.2877,1.943,final breakdown,docs/oci_qmath_extra_k_live_log_metrics_20260620.csv,"OCI Math extra-K sweep, refreshed 2026-06-21",20,/lustre/fs1/portfolios/coreai/projects/coreai_dlalgo_nemorl/users/sna/SpecDec-RL-main-vllm020-20260606/vllm-runs/qmath_extra_k_20260620/qwen235b_math500_osl32k_eagle3_t00_offset0_n2_isl4096_osl32768_bs2_k8_20260620_qmath_extra_eagle3k8_pardk16_pard2k16_qwen235b_eagle3_k8,True
Math,Qwen3-235B-A22B,0.0,1.0,4,4096.0,32768.0,eagle3_k8,3459888.0,COMPLETED,18.6912,7.857254328451147,2.3788462506958816,26.5009,2.1201,final breakdown,docs/oci_qmath_extra_k_live_log_metrics_20260620.csv,"OCI Math extra-K sweep, refreshed 2026-06-21",20,/lustre/fs1/portfolios/coreai/projects/coreai_dlalgo_nemorl/users/sna/SpecDec-RL-main-vllm020-20260606/vllm-runs/qmath_extra_k_20260620/qwen235b_math500_osl32k_eagle3_t00_offset0_n4_isl4096_osl32768_bs4_k8_20260620_qmath_extra_eagle3k8_pardk16_pard2k16_qwen235b_eagle3_k8,True
Math,Qwen3-235B-A22B,0.0,1.0,8,4096.0,32768.0,eagle3_k8,3459894.0,COMPLETED,34.1986,15.52013014261271,2.203499563840829,25.1446,2.0116,final breakdown,docs/oci_qmath_extra_k_live_log_metrics_20260620.csv,"OCI Math extra-K sweep, refreshed 2026-06-21",20,/lustre/fs1/portfolios/coreai/projects/coreai_dlalgo_nemorl/users/sna/SpecDec-RL-main-vllm020-20260606/vllm-runs/qmath_extra_k_20260620/qwen235b_math500_osl32k_eagle3_t00_offset0_n8_isl4096_osl32768_bs8_k8_20260620_qmath_extra_eagle3k8_pardk16_pard2k16_qwen235b_eagle3_k8,True
Math,Qwen3-235B-A22B,0.0,1.0,16,4096.0,32768.0,eagle3_k8,3459908.0,COMPLETED,57.5647,23.52299106160737,2.4471675327868145,25.2184,2.0175,final breakdown,docs/oci_qmath_extra_k_live_log_metrics_20260620.csv,"OCI Math extra-K sweep, refreshed 2026-06-21",20,/lustre/fs1/portfolios/coreai/projects/coreai_dlalgo_nemorl/users/sna/SpecDec-RL-main-vllm020-20260606/vllm-runs/qmath_extra_k_20260620/qwen235b_math500_osl32k_eagle3_t00_offset0_n16_isl4096_osl32768_bs16_k8_20260620_qmath_extra_eagle3k8_pardk16_pard2k16_qwen235b_eagle3_k8,True
Math,Qwen3-235B-A22B,0.0,1.0,32,4096.0,32768.0,eagle3_k8,3459921.0,COMPLETED,97.6797,60.842495081365485,1.6054519110265222,24.374,1.9499,final breakdown,docs/oci_qmath_extra_k_live_log_metrics_20260620.csv,"OCI Math extra-K sweep, refreshed 2026-06-21",20,/lustre/fs1/portfolios/coreai/projects/coreai_dlalgo_nemorl/users/sna/SpecDec-RL-main-vllm020-20260606/vllm-runs/qmath_extra_k_20260620/qwen235b_math500_osl32k_eagle3_t00_offset0_n32_isl4096_osl32768_bs32_k8_20260620_qmath_extra_eagle3k8_pardk16_pard2k16_qwen235b_eagle3_k8,True
Math,Qwen3-235B-A22B,0.0,1.0,1,4096.0,32768.0,pard2_k11,3457300.0,COMPLETED,1.6206,1.9126832781443956,0.8472913516409458,0.1722,0.0189,final breakdown,docs/oci_qmath_pard2_k_sweep_live_log_metrics_20260620.csv,"OCI Math PARD-2 K sweep, refreshed 2026-06-21",10,/lustre/fs1/portfolios/coreai/projects/coreai_dlalgo_nemorl/users/sna/SpecDec-RL-main-vllm020-20260606/vllm-runs/qmath_pard2_ksweep_20260620/qwen235b_math500_osl32k_pard2_t00_offset0_n1_isl4096_osl32768_bs1_k11_20260620_qmath_pard2_ksweep_qwen235b_k11,True
Math,Qwen3-235B-A22B,0.0,1.0,2,4096.0,32768.0,pard2_k11,3457301.0,COMPLETED,3.2491,3.877196759719886,0.8380023510168042,0.251,0.0276,final breakdown,docs/oci_qmath_pard2_k_sweep_live_log_metrics_20260620.csv,"OCI Math PARD-2 K sweep, refreshed 2026-06-21",10,/lustre/fs1/portfolios/coreai/projects/coreai_dlalgo_nemorl/users/sna/SpecDec-RL-main-vllm020-20260606/vllm-runs/qmath_pard2_ksweep_20260620/qwen235b_math500_osl32k_pard2_t00_offset0_n2_isl4096_osl32768_bs2_k11_20260620_qmath_pard2_ksweep_qwen235b_k11,True
Math,Qwen3-235B-A22B,0.0,1.0,4,4096.0,32768.0,pard2_k11,3457305.0,COMPLETED,6.2033,7.857254328451147,0.789499708255316,0.1522,0.0167,final breakdown,docs/oci_qmath_pard2_k_sweep_live_log_metrics_20260620.csv,"OCI Math PARD-2 K sweep, refreshed 2026-06-21",10,/lustre/fs1/portfolios/coreai/projects/coreai_dlalgo_nemorl/users/sna/SpecDec-RL-main-vllm020-20260606/vllm-runs/qmath_pard2_ksweep_20260620/qwen235b_math500_osl32k_pard2_t00_offset0_n4_isl4096_osl32768_bs4_k11_20260620_qmath_pard2_ksweep_qwen235b_k11,True
Math,Qwen3-235B-A22B,0.0,1.0,8,4096.0,32768.0,pard2_k11,3457306.0,COMPLETED,12.555,15.52013014261271,0.8089494021399005,0.3974,0.0437,final breakdown,docs/oci_qmath_pard2_k_sweep_live_log_metrics_20260620.csv,"OCI Math PARD-2 K sweep, refreshed 2026-06-21",10,/lustre/fs1/portfolios/coreai/projects/coreai_dlalgo_nemorl/users/sna/SpecDec-RL-main-vllm020-20260606/vllm-runs/qmath_pard2_ksweep_20260620/qwen235b_math500_osl32k_pard2_t00_offset0_n8_isl4096_osl32768_bs8_k11_20260620_qmath_pard2_ksweep_qwen235b_k11,True
Math,Qwen3-235B-A22B,0.0,1.0,16,4096.0,32768.0,pard2_k11,3457307.0,COMPLETED,24.3536,23.52299106160737,1.0353105154109543,0.3691,0.0406,final breakdown,docs/oci_qmath_pard2_k_sweep_live_log_metrics_20260620.csv,"OCI Math PARD-2 K sweep, refreshed 2026-06-21",10,/lustre/fs1/portfolios/coreai/projects/coreai_dlalgo_nemorl/users/sna/SpecDec-RL-main-vllm020-20260606/vllm-runs/qmath_pard2_ksweep_20260620/qwen235b_math500_osl32k_pard2_t00_offset0_n16_isl4096_osl32768_bs16_k11_20260620_qmath_pard2_ksweep_qwen235b_k11,True
Math,Qwen3-235B-A22B,0.0,1.0,32,4096.0,32768.0,pard2_k11,3457978.0,COMPLETED,47.0049,60.842495081365485,0.7725669359407388,0.4735,0.0521,final breakdown,docs/oci_qmath_pard2_k_sweep_live_log_metrics_20260620.csv,"OCI Math PARD-2 K sweep, refreshed 2026-06-21",10,/lustre/fs1/portfolios/coreai/projects/coreai_dlalgo_nemorl/users/sna/SpecDec-RL-main-vllm020-20260606/vllm-runs/qmath_pard2_ksweep_retry_repo_offline_20260620/qwen235b_math500_osl32k_pard2_t00_offset0_n32_isl4096_osl32768_bs32_k11_repooffline_20260620,True
Math,Qwen3-235B-A22B,0.0,1.0,1,4096.0,32768.0,pard2_k16,3460387.0,COMPLETED,1.6249,1.9126832781443956,0.8495395022099055,0.2657,0.0425,final breakdown,docs/oci_qmath_extra_k_live_log_metrics_20260620.csv,"OCI Math extra-K sweep, refreshed 2026-06-21",20,/lustre/fs1/portfolios/coreai/projects/coreai_dlalgo_nemorl/users/sna/SpecDec-RL-main-vllm020-20260606/vllm-runs/qmath_extra_k_20260620/qwen235b_math500_osl32k_pard2_t00_offset0_n1_isl4096_osl32768_bs1_k16_20260620_qmath_extra_eagle3k8_pardk16_pard2k16_qwen235b_pard2_k16,True
Math,Qwen3-235B-A22B,0.0,1.0,2,4096.0,32768.0,pard2_k16,3460388.0,COMPLETED,3.31,3.877196759719886,0.853709575533416,0.2454,0.0393,final breakdown,docs/oci_qmath_extra_k_live_log_metrics_20260620.csv,"OCI Math extra-K sweep, refreshed 2026-06-21",20,/lustre/fs1/portfolios/coreai/projects/coreai_dlalgo_nemorl/users/sna/SpecDec-RL-main-vllm020-20260606/vllm-runs/qmath_extra_k_20260620/qwen235b_math500_osl32k_pard2_t00_offset0_n2_isl4096_osl32768_bs2_k16_20260620_qmath_extra_eagle3k8_pardk16_pard2k16_qwen235b_pard2_k16,True
Math,Qwen3-235B-A22B,0.0,1.0,4,4096.0,32768.0,pard2_k16,3460389.0,COMPLETED,6.3086,7.857254328451147,0.8029013363047873,0.1728,0.0276,final breakdown,docs/oci_qmath_extra_k_live_log_metrics_20260620.csv,"OCI Math extra-K sweep, refreshed 2026-06-21",20,/lustre/fs1/portfolios/coreai/projects/coreai_dlalgo_nemorl/users/sna/SpecDec-RL-main-vllm020-20260606/vllm-runs/qmath_extra_k_20260620/qwen235b_math500_osl32k_pard2_t00_offset0_n4_isl4096_osl32768_bs4_k16_20260620_qmath_extra_eagle3k8_pardk16_pard2k16_qwen235b_pard2_k16,True
Math,Qwen3-235B-A22B,0.0,1.0,8,4096.0,32768.0,pard2_k16,3460391.0,COMPLETED,12.7353,15.52013014261271,0.8205665727656133,0.3047,0.0487,final breakdown,docs/oci_qmath_extra_k_live_log_metrics_20260620.csv,"OCI Math extra-K sweep, refreshed 2026-06-21",20,/lustre/fs1/portfolios/coreai/projects/coreai_dlalgo_nemorl/users/sna/SpecDec-RL-main-vllm020-20260606/vllm-runs/qmath_extra_k_20260620/qwen235b_math500_osl32k_pard2_t00_offset0_n8_isl4096_osl32768_bs8_k16_20260620_qmath_extra_eagle3k8_pardk16_pard2k16_qwen235b_pard2_k16,True
Math,Qwen3-235B-A22B,0.0,1.0,16,4096.0,32768.0,pard2_k16,3460392.0,COMPLETED,24.5741,23.52299106160737,1.0446843233345515,0.3459,0.0553,final breakdown,docs/oci_qmath_extra_k_live_log_metrics_20260620.csv,"OCI Math extra-K sweep, refreshed 2026-06-21",20,/lustre/fs1/portfolios/coreai/projects/coreai_dlalgo_nemorl/users/sna/SpecDec-RL-main-vllm020-20260606/vllm-runs/qmath_extra_k_20260620/qwen235b_math500_osl32k_pard2_t00_offset0_n16_isl4096_osl32768_bs16_k16_20260620_qmath_extra_eagle3k8_pardk16_pard2k16_qwen235b_pard2_k16,True
Math,Qwen3-235B-A22B,0.0,1.0,32,4096.0,32768.0,pard2_k16,3460393.0,COMPLETED,43.6521,60.842495081365485,0.7174607146144065,0.2819,0.0451,final breakdown,docs/oci_qmath_extra_k_live_log_metrics_20260620.csv,"OCI Math extra-K sweep, refreshed 2026-06-21",20,/lustre/fs1/portfolios/coreai/projects/coreai_dlalgo_nemorl/users/sna/SpecDec-RL-main-vllm020-20260606/vllm-runs/qmath_extra_k_20260620/qwen235b_math500_osl32k_pard2_t00_offset0_n32_isl4096_osl32768_bs32_k16_20260620_qmath_extra_eagle3k8_pardk16_pard2k16_qwen235b_pard2_k16,True
Math,Qwen3-235B-A22B,0.0,1.0,1,4096.0,32768.0,pard2_k3,3457194.0,COMPLETED,1.7101,1.9126832781443956,0.8940842530181299,1.5534,0.0466,final breakdown,docs/oci_qmath_pard2_k_sweep_live_log_metrics_20260620.csv,"OCI Math PARD-2 K sweep, refreshed 2026-06-21",10,/lustre/fs1/portfolios/coreai/projects/coreai_dlalgo_nemorl/users/sna/SpecDec-RL-main-vllm020-20260606/vllm-runs/qmath_pard2_ksweep_20260620/qwen235b_math500_osl32k_pard2_t00_offset0_n1_isl4096_osl32768_bs1_k3_20260620_qmath_pard2_ksweep_qwen235b_k3,True
Math,Qwen3-235B-A22B,0.0,1.0,2,4096.0,32768.0,pard2_k3,3457197.0,COMPLETED,3.2777,3.877196759719886,0.8453788144186941,1.2754,0.0383,final breakdown,docs/oci_qmath_pard2_k_sweep_live_log_metrics_20260620.csv,"OCI Math PARD-2 K sweep, refreshed 2026-06-21",10,/lustre/fs1/portfolios/coreai/projects/coreai_dlalgo_nemorl/users/sna/SpecDec-RL-main-vllm020-20260606/vllm-runs/qmath_pard2_ksweep_20260620/qwen235b_math500_osl32k_pard2_t00_offset0_n2_isl4096_osl32768_bs2_k3_20260620_qmath_pard2_ksweep_qwen235b_k3,True
Math,Qwen3-235B-A22B,0.0,1.0,4,4096.0,32768.0,pard2_k3,3457199.0,COMPLETED,6.32,7.857254328451147,0.8043522248115677,1.2529,0.0376,final breakdown,docs/oci_qmath_pard2_k_sweep_live_log_metrics_20260620.csv,"OCI Math PARD-2 K sweep, refreshed 2026-06-21",10,/lustre/fs1/portfolios/coreai/projects/coreai_dlalgo_nemorl/users/sna/SpecDec-RL-main-vllm020-20260606/vllm-runs/qmath_pard2_ksweep_20260620/qwen235b_math500_osl32k_pard2_t00_offset0_n4_isl4096_osl32768_bs4_k3_20260620_qmath_pard2_ksweep_qwen235b_k3,True
Math,Qwen3-235B-A22B,0.0,1.0,8,4096.0,32768.0,pard2_k3,3457201.0,COMPLETED,12.6158,15.52013014261271,0.8128668950630471,1.5004,0.045,final breakdown,docs/oci_qmath_pard2_k_sweep_live_log_metrics_20260620.csv,"OCI Math PARD-2 K sweep, refreshed 2026-06-21",10,/lustre/fs1/portfolios/coreai/projects/coreai_dlalgo_nemorl/users/sna/SpecDec-RL-main-vllm020-20260606/vllm-runs/qmath_pard2_ksweep_20260620/qwen235b_math500_osl32k_pard2_t00_offset0_n8_isl4096_osl32768_bs8_k3_20260620_qmath_pard2_ksweep_qwen235b_k3,True
Math,Qwen3-235B-A22B,0.0,1.0,16,4096.0,32768.0,pard2_k3,3457203.0,COMPLETED,24.8853,23.52299106160737,1.0579139334289889,1.7695,0.0531,final breakdown,docs/oci_qmath_pard2_k_sweep_live_log_metrics_20260620.csv,"OCI Math PARD-2 K sweep, refreshed 2026-06-21",10,/lustre/fs1/portfolios/coreai/projects/coreai_dlalgo_nemorl/users/sna/SpecDec-RL-main-vllm020-20260606/vllm-runs/qmath_pard2_ksweep_20260620/qwen235b_math500_osl32k_pard2_t00_offset0_n16_isl4096_osl32768_bs16_k3_20260620_qmath_pard2_ksweep_qwen235b_k3,True
Math,Qwen3-235B-A22B,0.0,1.0,32,4096.0,32768.0,pard2_k3,3457205.0,COMPLETED,49.5729,60.842495081365485,0.8147742779730761,1.5788,0.0474,final breakdown,docs/oci_qmath_pard2_k_sweep_live_log_metrics_20260620.csv,"OCI Math PARD-2 K sweep, refreshed 2026-06-21",10,/lustre/fs1/portfolios/coreai/projects/coreai_dlalgo_nemorl/users/sna/SpecDec-RL-main-vllm020-20260606/vllm-runs/qmath_pard2_ksweep_20260620/qwen235b_math500_osl32k_pard2_t00_offset0_n32_isl4096_osl32768_bs32_k3_20260620_qmath_pard2_ksweep_qwen235b_k3,True
Math,Qwen3-235B-A22B,0.0,1.0,1,4096.0,32768.0,pard2_k5,3457221.0,COMPLETED,1.6687,1.9126832781443956,0.8724392684704716,0.9193,0.046,final breakdown,docs/oci_qmath_pard2_k_sweep_live_log_metrics_20260620.csv,"OCI Math PARD-2 K sweep, refreshed 2026-06-21",10,/lustre/fs1/portfolios/coreai/projects/coreai_dlalgo_nemorl/users/sna/SpecDec-RL-main-vllm020-20260606/vllm-runs/qmath_pard2_ksweep_20260620/qwen235b_math500_osl32k_pard2_t00_offset0_n1_isl4096_osl32768_bs1_k5_20260620_qmath_pard2_ksweep_qwen235b_k5,True
Math,Qwen3-235B-A22B,0.0,1.0,2,4096.0,32768.0,pard2_k5,3457223.0,COMPLETED,1.7997,3.877196759719886,0.4641755658874589,0.5807,0.029,final breakdown,docs/oci_qmath_pard2_k_sweep_live_log_metrics_20260620.csv,"OCI Math PARD-2 K sweep, refreshed 2026-06-21",10,/lustre/fs1/portfolios/coreai/projects/coreai_dlalgo_nemorl/users/sna/SpecDec-RL-main-vllm020-20260606/vllm-runs/qmath_pard2_ksweep_20260620/qwen235b_math500_osl32k_pard2_t00_offset0_n2_isl4096_osl32768_bs2_k5_20260620_qmath_pard2_ksweep_qwen235b_k5,True
Math,Qwen3-235B-A22B,0.0,1.0,4,4096.0,32768.0,pard2_k5,3457227.0,COMPLETED,6.2993,7.857254328451147,0.8017177167334664,0.5061,0.0253,final breakdown,docs/oci_qmath_pard2_k_sweep_live_log_metrics_20260620.csv,"OCI Math PARD-2 K sweep, refreshed 2026-06-21",10,/lustre/fs1/portfolios/coreai/projects/coreai_dlalgo_nemorl/users/sna/SpecDec-RL-main-vllm020-20260606/vllm-runs/qmath_pard2_ksweep_20260620/qwen235b_math500_osl32k_pard2_t00_offset0_n4_isl4096_osl32768_bs4_k5_20260620_qmath_pard2_ksweep_qwen235b_k5,True
Math,Qwen3-235B-A22B,0.0,1.0,8,4096.0,32768.0,pard2_k5,3457231.0,COMPLETED,11.796,15.52013014261271,0.7600451730499614,1.4395,0.072,final breakdown,docs/oci_qmath_pard2_k_sweep_live_log_metrics_20260620.csv,"OCI Math PARD-2 K sweep, refreshed 2026-06-21",10,/lustre/fs1/portfolios/coreai/projects/coreai_dlalgo_nemorl/users/sna/SpecDec-RL-main-vllm020-20260606/vllm-runs/qmath_pard2_ksweep_20260620/qwen235b_math500_osl32k_pard2_t00_offset0_n8_isl4096_osl32768_bs8_k5_20260620_qmath_pard2_ksweep_qwen235b_k5,True
Math,Qwen3-235B-A22B,0.0,1.0,16,4096.0,32768.0,pard2_k5,3457234.0,COMPLETED,24.6808,23.52299106160737,1.0492203111143603,0.808,0.0404,final breakdown,docs/oci_qmath_pard2_k_sweep_live_log_metrics_20260620.csv,"OCI Math PARD-2 K sweep, refreshed 2026-06-21",10,/lustre/fs1/portfolios/coreai/projects/coreai_dlalgo_nemorl/users/sna/SpecDec-RL-main-vllm020-20260606/vllm-runs/qmath_pard2_ksweep_20260620/qwen235b_math500_osl32k_pard2_t00_offset0_n16_isl4096_osl32768_bs16_k5_20260620_qmath_pard2_ksweep_qwen235b_k5,True
Math,Qwen3-235B-A22B,0.0,1.0,32,4096.0,32768.0,pard2_k5,3457236.0,COMPLETED,48.7263,60.842495081365485,0.800859661242322,0.9813,0.0491,final breakdown,docs/oci_qmath_pard2_k_sweep_live_log_metrics_20260620.csv,"OCI Math PARD-2 K sweep, refreshed 2026-06-21",10,/lustre/fs1/portfolios/coreai/projects/coreai_dlalgo_nemorl/users/sna/SpecDec-RL-main-vllm020-20260606/vllm-runs/qmath_pard2_ksweep_20260620/qwen235b_math500_osl32k_pard2_t00_offset0_n32_isl4096_osl32768_bs32_k5_20260620_qmath_pard2_ksweep_qwen235b_k5,True
Math,Qwen3-235B-A22B,0.0,1.0,1,4096.0,32768.0,pard2_k9,3457263.0,COMPLETED,1.6066,1.9126832781443956,0.8399717916489841,0.2196,0.0198,final breakdown,docs/oci_qmath_pard2_k_sweep_live_log_metrics_20260620.csv,"OCI Math PARD-2 K sweep, refreshed 2026-06-21",10,/lustre/fs1/portfolios/coreai/projects/coreai_dlalgo_nemorl/users/sna/SpecDec-RL-main-vllm020-20260606/vllm-runs/qmath_pard2_ksweep_20260620/qwen235b_math500_osl32k_pard2_t00_offset0_n1_isl4096_osl32768_bs1_k9_20260620_qmath_pard2_ksweep_qwen235b_k9,True
Math,Qwen3-235B-A22B,0.0,1.0,2,4096.0,32768.0,pard2_k9,3457279.0,COMPLETED,3.3716,3.877196759719886,0.8695973428605636,0.3854,0.0347,final breakdown,docs/oci_qmath_pard2_k_sweep_live_log_metrics_20260620.csv,"OCI Math PARD-2 K sweep, refreshed 2026-06-21",10,/lustre/fs1/portfolios/coreai/projects/coreai_dlalgo_nemorl/users/sna/SpecDec-RL-main-vllm020-20260606/vllm-runs/qmath_pard2_ksweep_20260620/qwen235b_math500_osl32k_pard2_t00_offset0_n2_isl4096_osl32768_bs2_k9_20260620_qmath_pard2_ksweep_qwen235b_k9,True
Math,Qwen3-235B-A22B,0.0,1.0,4,4096.0,32768.0,pard2_k9,3457280.0,COMPLETED,6.3246,7.857254328451147,0.8049376710511457,0.262,0.0236,final breakdown,docs/oci_qmath_pard2_k_sweep_live_log_metrics_20260620.csv,"OCI Math PARD-2 K sweep, refreshed 2026-06-21",10,/lustre/fs1/portfolios/coreai/projects/coreai_dlalgo_nemorl/users/sna/SpecDec-RL-main-vllm020-20260606/vllm-runs/qmath_pard2_ksweep_20260620/qwen235b_math500_osl32k_pard2_t00_offset0_n4_isl4096_osl32768_bs4_k9_20260620_qmath_pard2_ksweep_qwen235b_k9,True
Math,Qwen3-235B-A22B,0.0,1.0,8,4096.0,32768.0,pard2_k9,3457282.0,COMPLETED,12.3048,15.52013014261271,0.792828403301557,0.801,0.0721,final breakdown,docs/oci_qmath_pard2_k_sweep_live_log_metrics_20260620.csv,"OCI Math PARD-2 K sweep, refreshed 2026-06-21",10,/lustre/fs1/portfolios/coreai/projects/coreai_dlalgo_nemorl/users/sna/SpecDec-RL-main-vllm020-20260606/vllm-runs/qmath_pard2_ksweep_20260620/qwen235b_math500_osl32k_pard2_t00_offset0_n8_isl4096_osl32768_bs8_k9_20260620_qmath_pard2_ksweep_qwen235b_k9,True
Math,Qwen3-235B-A22B,0.0,1.0,16,4096.0,32768.0,pard2_k9,3457285.0,COMPLETED,24.4375,23.52299106160737,1.038877238697983,0.451,0.0406,final breakdown,docs/oci_qmath_pard2_k_sweep_live_log_metrics_20260620.csv,"OCI Math PARD-2 K sweep, refreshed 2026-06-21",10,/lustre/fs1/portfolios/coreai/projects/coreai_dlalgo_nemorl/users/sna/SpecDec-RL-main-vllm020-20260606/vllm-runs/qmath_pard2_ksweep_20260620/qwen235b_math500_osl32k_pard2_t00_offset0_n16_isl4096_osl32768_bs16_k9_20260620_qmath_pard2_ksweep_qwen235b_k9,True
Math,Qwen3-235B-A22B,0.0,1.0,32,4096.0,32768.0,pard2_k9,3457291.0,COMPLETED,44.1618,60.842495081365485,0.7258380830855446,0.5802,0.0522,final breakdown,docs/oci_qmath_pard2_k_sweep_live_log_metrics_20260620.csv,"OCI Math PARD-2 K sweep, refreshed 2026-06-21",10,/lustre/fs1/portfolios/coreai/projects/coreai_dlalgo_nemorl/users/sna/SpecDec-RL-main-vllm020-20260606/vllm-runs/qmath_pard2_ksweep_20260620/qwen235b_math500_osl32k_pard2_t00_offset0_n32_isl4096_osl32768_bs32_k9_20260620_qmath_pard2_ksweep_qwen235b_k9,True
Math,Qwen3-235B-A22B,0.0,1.0,1,4096.0,32768.0,pard_k16,3460281.0,COMPLETED,7.6069,1.9126832781443956,3.9770829216324266,23.6906,3.7905,final breakdown,docs/oci_qmath_extra_k_live_log_metrics_20260620.csv,"OCI Math extra-K sweep, refreshed 2026-06-21",20,/lustre/fs1/portfolios/coreai/projects/coreai_dlalgo_nemorl/users/sna/SpecDec-RL-main-vllm020-20260606/vllm-runs/qmath_extra_k_20260620/qwen235b_math500_osl32k_pard_t00_offset0_n1_isl4096_osl32768_bs1_k16_20260620_qmath_extra_eagle3k8_pardk16_pard2k16_qwen235b_pard_k16,True
Math,Qwen3-235B-A22B,0.0,1.0,2,4096.0,32768.0,pard_k16,3460282.0,COMPLETED,10.7068,3.877196759719886,2.761479662634797,16.9907,2.7185,final breakdown,docs/oci_qmath_extra_k_live_log_metrics_20260620.csv,"OCI Math extra-K sweep, refreshed 2026-06-21",20,/lustre/fs1/portfolios/coreai/projects/coreai_dlalgo_nemorl/users/sna/SpecDec-RL-main-vllm020-20260606/vllm-runs/qmath_extra_k_20260620/qwen235b_math500_osl32k_pard_t00_offset0_n2_isl4096_osl32768_bs2_k16_20260620_qmath_extra_eagle3k8_pardk16_pard2k16_qwen235b_pard_k16,True
Math,Qwen3-235B-A22B,0.0,1.0,4,4096.0,32768.0,pard_k16,3460283.0,COMPLETED,19.7447,7.857254328451147,2.5129261666514178,18.3441,2.9351,final breakdown,docs/oci_qmath_extra_k_live_log_metrics_20260620.csv,"OCI Math extra-K sweep, refreshed 2026-06-21",20,/lustre/fs1/portfolios/coreai/projects/coreai_dlalgo_nemorl/users/sna/SpecDec-RL-main-vllm020-20260606/vllm-runs/qmath_extra_k_20260620/qwen235b_math500_osl32k_pard_t00_offset0_n4_isl4096_osl32768_bs4_k16_20260620_qmath_extra_eagle3k8_pardk16_pard2k16_qwen235b_pard_k16,True
Math,Qwen3-235B-A22B,0.0,1.0,8,4096.0,32768.0,pard_k16,3460284.0,COMPLETED,38.9195,15.52013014261271,2.5076787141842978,16.8974,2.7036,final breakdown,docs/oci_qmath_extra_k_live_log_metrics_20260620.csv,"OCI Math extra-K sweep, refreshed 2026-06-21",20,/lustre/fs1/portfolios/coreai/projects/coreai_dlalgo_nemorl/users/sna/SpecDec-RL-main-vllm020-20260606/vllm-runs/qmath_extra_k_20260620/qwen235b_math500_osl32k_pard_t00_offset0_n8_isl4096_osl32768_bs8_k16_20260620_qmath_extra_eagle3k8_pardk16_pard2k16_qwen235b_pard_k16,True
Math,Qwen3-235B-A22B,0.0,1.0,16,4096.0,32768.0,pard_k16,3460287.0,COMPLETED,60.6383,23.52299106160737,2.5778311882696636,17.5098,2.8016,final breakdown,docs/oci_qmath_extra_k_live_log_metrics_20260620.csv,"OCI Math extra-K sweep, refreshed 2026-06-21",20,/lustre/fs1/portfolios/coreai/projects/coreai_dlalgo_nemorl/users/sna/SpecDec-RL-main-vllm020-20260606/vllm-runs/qmath_extra_k_20260620/qwen235b_math500_osl32k_pard_t00_offset0_n16_isl4096_osl32768_bs16_k16_20260620_qmath_extra_eagle3k8_pardk16_pard2k16_qwen235b_pard_k16,True
Math,Qwen3-235B-A22B,0.0,1.0,32,4096.0,32768.0,pard_k16,3460289.0,COMPLETED,99.1811,60.842495081365485,1.6301287425402884,17.4459,2.7913,final breakdown,docs/oci_qmath_extra_k_live_log_metrics_20260620.csv,"OCI Math extra-K sweep, refreshed 2026-06-21",20,/lustre/fs1/portfolios/coreai/projects/coreai_dlalgo_nemorl/users/sna/SpecDec-RL-main-vllm020-20260606/vllm-runs/qmath_extra_k_20260620/qwen235b_math500_osl32k_pard_t00_offset0_n32_isl4096_osl32768_bs32_k16_20260620_qmath_extra_eagle3k8_pardk16_pard2k16_qwen235b_pard_k16,True
Math,Qwen3-30B-A3B,0.0,1.0,1,4096.0,32768.0,baseline,2136607.0,COMPLETED,19.375239159323623,19.375239159323623,1.0,,,Lyris Math500 temp0/temp1 home-mount retry 2026-06-16,docs/lyris_math500_osl32k_temp01_home_retry_metrics_live_20260616.csv,Lyris Math500 temp0/temp1 home-mount retry 2026-06-16,55,/home/sna/vllm-runs/math_temp01_core_20260616_home_mount/qwen30ba3b_math500_osl32k_temp01_lyris_baseline_offset0_n4_isl4096_osl32768_bs1_2_20260616_math_temp0_core_home_mount_qwen30ba3b/breakdown.json,True
Math,Qwen3-30B-A3B,0.0,1.0,2,4096.0,32768.0,baseline,2136607.0,COMPLETED,38.99525996470601,38.99525996470601,1.0,,,Lyris Math500 temp0/temp1 home-mount retry 2026-06-16,docs/lyris_math500_osl32k_temp01_home_retry_metrics_live_20260616.csv,Lyris Math500 temp0/temp1 home-mount retry 2026-06-16,55,/home/sna/vllm-runs/math_temp01_core_20260616_home_mount/qwen30ba3b_math500_osl32k_temp01_lyris_baseline_offset0_n4_isl4096_osl32768_bs1_2_20260616_math_temp0_core_home_mount_qwen30ba3b/breakdown.json,True
Math,Qwen3-30B-A3B,0.0,1.0,1,4096.0,32768.0,eagle3_k3,2135739.0,COMPLETED,21.420175487944203,20.113413812196672,1.1055437980303089,10.087558015881692,1.3026267404764509,Lyris Math500 temp0/temp1 home-mount retry 2026-06-16,docs/lyris_math500_osl32k_temp01_home_retry_metrics_live_20260616.csv,Lyris Math500 temp0/temp1 home-mount retry 2026-06-16,55,/home/sna/vllm-runs/math_temp01_core_20260616_home/qwen30ba3b_math500_osl32k_temp01_lyris_eagle3_offset0_n4_isl4096_osl32768_bs1_2_k3_20260616_math_temp0_core_home_qwen30ba3b/breakdown.json,True
Math,Qwen3-30B-A3B,0.0,1.0,2,4096.0,32768.0,eagle3_k3,2135739.0,COMPLETED,40.73225710225996,40.122374908964915,1.044543801967882,10.250092275769878,1.3075027682730964,Lyris Math500 temp0/temp1 home-mount retry 2026-06-16,docs/lyris_math500_osl32k_temp01_home_retry_metrics_live_20260616.csv,Lyris Math500 temp0/temp1 home-mount retry 2026-06-16,55,/home/sna/vllm-runs/math_temp01_core_20260616_home/qwen30ba3b_math500_osl32k_temp01_lyris_eagle3_offset0_n4_isl4096_osl32768_bs1_2_k3_20260616_math_temp0_core_home_qwen30ba3b/breakdown.json,True
Math,Qwen3-30B-A3B,0.0,1.0,1,4096.0,32768.0,eagle3_k8,3460009.0,COMPLETED,17.4631,20.113413812196672,0.8682315276291122,3.7361,0.2989,final breakdown,docs/oci_qmath_extra_k_live_log_metrics_20260620.csv,"OCI Math extra-K sweep, refreshed 2026-06-21",20,/lustre/fs1/portfolios/coreai/projects/coreai_dlalgo_nemorl/users/sna/SpecDec-RL-main-vllm020-20260606/vllm-runs/qmath_extra_k_20260620/qwen30ba3b_math500_osl32k_eagle3_t00_offset0_n1_isl4096_osl32768_bs1_k8_20260620_qmath_extra_eagle3k8_pardk16_pard2k16_qwen30ba3b_eagle3_k8,True
Math,Qwen3-30B-A3B,0.0,1.0,2,4096.0,32768.0,eagle3_k8,3460022.0,COMPLETED,33.5462,40.122374908964915,0.8360970674371636,3.672,0.2938,final breakdown,docs/oci_qmath_extra_k_live_log_metrics_20260620.csv,"OCI Math extra-K sweep, refreshed 2026-06-21",20,/lustre/fs1/portfolios/coreai/projects/coreai_dlalgo_nemorl/users/sna/SpecDec-RL-main-vllm020-20260606/vllm-runs/qmath_extra_k_20260620/qwen30ba3b_math500_osl32k_eagle3_t00_offset0_n2_isl4096_osl32768_bs2_k8_20260620_qmath_extra_eagle3k8_pardk16_pard2k16_qwen30ba3b_eagle3_k8,True
Math,Qwen3-30B-A3B,0.0,1.0,4,4096.0,32768.0,eagle3_k8,3460038.0,COMPLETED,64.9559,,,3.7653,0.3012,final breakdown,docs/oci_qmath_extra_k_live_log_metrics_20260620.csv,"OCI Math extra-K sweep, refreshed 2026-06-21",20,/lustre/fs1/portfolios/coreai/projects/coreai_dlalgo_nemorl/users/sna/SpecDec-RL-main-vllm020-20260606/vllm-runs/qmath_extra_k_20260620/qwen30ba3b_math500_osl32k_eagle3_t00_offset0_n4_isl4096_osl32768_bs4_k8_20260620_qmath_extra_eagle3k8_pardk16_pard2k16_qwen30ba3b_eagle3_k8,True
Math,Qwen3-30B-A3B,0.0,1.0,8,4096.0,32768.0,eagle3_k8,3460163.0,COMPLETED,130.8613,,,4.1445,0.3316,final breakdown,docs/oci_qmath_extra_k_live_log_metrics_20260620.csv,"OCI Math extra-K sweep, refreshed 2026-06-21",20,/lustre/fs1/portfolios/coreai/projects/coreai_dlalgo_nemorl/users/sna/SpecDec-RL-main-vllm020-20260606/vllm-runs/qmath_extra_k_20260620/qwen30ba3b_math500_osl32k_eagle3_t00_offset0_n8_isl4096_osl32768_bs8_k8_20260620_qmath_extra_eagle3k8_pardk16_pard2k16_qwen30ba3b_eagle3_k8,True
Math,Qwen3-30B-A3B,0.0,1.0,16,4096.0,32768.0,eagle3_k8,3460179.0,COMPLETED,230.6107,,,3.983,0.3186,final breakdown,docs/oci_qmath_extra_k_live_log_metrics_20260620.csv,"OCI Math extra-K sweep, refreshed 2026-06-21",20,/lustre/fs1/portfolios/coreai/projects/coreai_dlalgo_nemorl/users/sna/SpecDec-RL-main-vllm020-20260606/vllm-runs/qmath_extra_k_20260620/qwen30ba3b_math500_osl32k_eagle3_t00_offset0_n16_isl4096_osl32768_bs16_k8_20260620_qmath_extra_eagle3k8_pardk16_pard2k16_qwen30ba3b_eagle3_k8,True
Math,Qwen3-30B-A3B,0.0,1.0,32,4096.0,32768.0,eagle3_k8,3460192.0,COMPLETED,418.9885,,,4.1535,0.3323,final breakdown,docs/oci_qmath_extra_k_live_log_metrics_20260620.csv,"OCI Math extra-K sweep, refreshed 2026-06-21",20,/lustre/fs1/portfolios/coreai/projects/coreai_dlalgo_nemorl/users/sna/SpecDec-RL-main-vllm020-20260606/vllm-runs/qmath_extra_k_20260620/qwen30ba3b_math500_osl32k_eagle3_t00_offset0_n32_isl4096_osl32768_bs32_k8_20260620_qmath_extra_eagle3k8_pardk16_pard2k16_qwen30ba3b_eagle3_k8,True
Math,Qwen3-30B-A3B,0.0,1.0,1,4096.0,32768.0,pard_k16,3460307.0,COMPLETED,39.7921,20.113413812196672,1.9783861840435195,15.6333,2.5013,final breakdown,docs/oci_qmath_extra_k_live_log_metrics_20260620.csv,"OCI Math extra-K sweep, refreshed 2026-06-21",20,/lustre/fs1/portfolios/coreai/projects/coreai_dlalgo_nemorl/users/sna/SpecDec-RL-main-vllm020-20260606/vllm-runs/qmath_extra_k_20260620/qwen30ba3b_math500_osl32k_pard_t00_offset0_n1_isl4096_osl32768_bs1_k16_20260620_qmath_extra_eagle3k8_pardk16_pard2k16_qwen30ba3b_pard_k16,True
Math,Qwen3-30B-A3B,0.0,1.0,2,4096.0,32768.0,pard_k16,3460308.0,COMPLETED,69.4206,40.122374908964915,1.730221607208219,17.4609,2.7937,final breakdown,docs/oci_qmath_extra_k_live_log_metrics_20260620.csv,"OCI Math extra-K sweep, refreshed 2026-06-21",20,/lustre/fs1/portfolios/coreai/projects/coreai_dlalgo_nemorl/users/sna/SpecDec-RL-main-vllm020-20260606/vllm-runs/qmath_extra_k_20260620/qwen30ba3b_math500_osl32k_pard_t00_offset0_n2_isl4096_osl32768_bs2_k16_20260620_qmath_extra_eagle3k8_pardk16_pard2k16_qwen30ba3b_pard_k16,True
Math,Qwen3-30B-A3B,0.0,1.0,4,4096.0,32768.0,pard_k16,3460309.0,COMPLETED,102.418,,,16.38,2.6208,final breakdown,docs/oci_qmath_extra_k_live_log_metrics_20260620.csv,"OCI Math extra-K sweep, refreshed 2026-06-21",20,/lustre/fs1/portfolios/coreai/projects/coreai_dlalgo_nemorl/users/sna/SpecDec-RL-main-vllm020-20260606/vllm-runs/qmath_extra_k_20260620/qwen30ba3b_math500_osl32k_pard_t00_offset0_n4_isl4096_osl32768_bs4_k16_20260620_qmath_extra_eagle3k8_pardk16_pard2k16_qwen30ba3b_pard_k16,True
Math,Qwen3-30B-A3B,0.0,1.0,8,4096.0,32768.0,pard_k16,3460310.0,COMPLETED,238.5302,,,15.2983,2.4477,final breakdown,docs/oci_qmath_extra_k_live_log_metrics_20260620.csv,"OCI Math extra-K sweep, refreshed 2026-06-21",20,/lustre/fs1/portfolios/coreai/projects/coreai_dlalgo_nemorl/users/sna/SpecDec-RL-main-vllm020-20260606/vllm-runs/qmath_extra_k_20260620/qwen30ba3b_math500_osl32k_pard_t00_offset0_n8_isl4096_osl32768_bs8_k16_20260620_qmath_extra_eagle3k8_pardk16_pard2k16_qwen30ba3b_pard_k16,True
Math,Qwen3-30B-A3B,0.0,1.0,16,4096.0,32768.0,pard_k16,3460312.0,COMPLETED,385.4529,,,16.6705,2.6673,final breakdown,docs/oci_qmath_extra_k_live_log_metrics_20260620.csv,"OCI Math extra-K sweep, refreshed 2026-06-21",20,/lustre/fs1/portfolios/coreai/projects/coreai_dlalgo_nemorl/users/sna/SpecDec-RL-main-vllm020-20260606/vllm-runs/qmath_extra_k_20260620/qwen30ba3b_math500_osl32k_pard_t00_offset0_n16_isl4096_osl32768_bs16_k16_20260620_qmath_extra_eagle3k8_pardk16_pard2k16_qwen30ba3b_pard_k16,True
Math,Qwen3-30B-A3B,0.0,1.0,32,4096.0,32768.0,pard_k16,3460313.0,COMPLETED,367.2712,,,15.1939,2.431,final breakdown,docs/oci_qmath_extra_k_live_log_metrics_20260620.csv,"OCI Math extra-K sweep, refreshed 2026-06-21",20,/lustre/fs1/portfolios/coreai/projects/coreai_dlalgo_nemorl/users/sna/SpecDec-RL-main-vllm020-20260606/vllm-runs/qmath_extra_k_20260620/qwen30ba3b_math500_osl32k_pard_t00_offset0_n32_isl4096_osl32768_bs32_k16_20260620_qmath_extra_eagle3k8_pardk16_pard2k16_qwen30ba3b_pard_k16,True
Math,Qwen3-30B-A3B,0.0,1.0,1,4096.0,32768.0,pard_k3,2139660.0,COMPLETED,37.27226286533422,20.113413812196672,1.9237059506126568,70.67225290420872,3.1201675871262617,Lyris Math500 temp0/temp1 home-mount retry 2026-06-16,docs/lyris_math500_osl32k_temp01_home_retry_metrics_live_20260616.csv,Lyris Math500 temp0/temp1 home-mount retry 2026-06-16,55,/project/coreai_dlalgo_llm/sna/vllm-runs/math_temp01_core_20260616_project_publicpard/qwen30ba3b_math500_osl32k_temp01_lyris_publicpard_pard_offset0_n4_isl4096_osl32768_bs1_2_k3_20260616_math_temp01_project_qwen30ba3b_t00_publicpard_k3/breakdown.json,True
Math,Qwen3-30B-A3B,0.0,1.0,2,4096.0,32768.0,pard_k3,,COMPLETED,68.86752922951163,40.122374908964915,1.7164370101662132,71.94779116465864,3.158433734939759,legacy final breakdown,remote:/lustre/fsw/coreai_dlalgo_llm/users/sna/vllm-benchmark/vllm-runs/qwen30ba3b_math500_osl32k_pardk3_lyris_pard_offset0_n4_isl4096_osl32768_bs1_2_k3_20260612_math/breakdown.json,Lyris legacy breakdowns refreshed 2026-06-25,40,/tmp/qwen_legacy_breakdowns/root/vllm-runs/qwen30ba3b_math500_osl32k_pardk3_lyris_pard_offset0_n4_isl4096_osl32768_bs1_2_k3_20260612_math,True
Math,Qwen3-30B-A3B,0.0,1.0,1,4096.0,32768.0,pard_k5,2139661.0,COMPLETED,42.534127057705525,20.113413812196672,2.1952826856972,52.15435853678677,3.6077179268393382,Lyris Math500 temp0/temp1 home-mount retry 2026-06-16,docs/lyris_math500_osl32k_temp01_home_retry_metrics_live_20260616.csv,Lyris Math500 temp0/temp1 home-mount retry 2026-06-16,55,/project/coreai_dlalgo_llm/sna/vllm-runs/math_temp01_core_20260616_project_publicpard/qwen30ba3b_math500_osl32k_temp01_lyris_publicpard_pard_offset0_n4_isl4096_osl32768_bs1_2_k5_20260616_math_temp01_project_qwen30ba3b_t00_publicpard_k5/breakdown.json,True
Math,Qwen3-30B-A3B,0.0,1.0,2,4096.0,32768.0,pard_k5,,COMPLETED,61.56877960925148,40.122374908964915,1.53452480689259,43.45007866392351,3.1725039331961757,legacy final breakdown,remote:/lustre/fsw/coreai_dlalgo_llm/users/sna/vllm-benchmark/vllm-runs/qwen30ba3b_math500_osl32k_lyris_pard_offset0_n4_isl4096_osl32768_bs1_2_k5_20260612_math/breakdown.json,Lyris legacy breakdowns refreshed 2026-06-25,40,/tmp/qwen_legacy_breakdowns/root/vllm-runs/qwen30ba3b_math500_osl32k_lyris_pard_offset0_n4_isl4096_osl32768_bs1_2_k5_20260612_math,True
Math,Qwen3-30B-A3B,0.0,1.0,1,4096.0,32768.0,suffix_k32,2136609.0,COMPLETED,143.19298798196962,20.113413812196672,7.390514604980411,88.43495145631069,7.845427764083449,Lyris Math500 temp0/temp1 home-mount retry 2026-06-16,docs/lyris_math500_osl32k_temp01_home_retry_metrics_live_20260616.csv,Lyris Math500 temp0/temp1 home-mount retry 2026-06-16,55,/home/sna/vllm-runs/math_temp01_core_20260616_home_mount/qwen30ba3b_math500_osl32k_temp01_lyris_suffix_offset0_n4_isl4096_osl32768_bs1_2_k32_arctic_20260616_math_temp0_core_home_mount_qwen30ba3b/breakdown.json,True
Math,Qwen3-30B-A3B,0.0,1.0,2,4096.0,32768.0,suffix_k32,2136609.0,COMPLETED,269.23441231696995,40.122374908964915,6.904285612165421,88.75055308890619,8.961675335340816,Lyris Math500 temp0/temp1 home-mount retry 2026-06-16,docs/lyris_math500_osl32k_temp01_home_retry_metrics_live_20260616.csv,Lyris Math500 temp0/temp1 home-mount retry 2026-06-16,55,/home/sna/vllm-runs/math_temp01_core_20260616_home_mount/qwen30ba3b_math500_osl32k_temp01_lyris_suffix_offset0_n4_isl4096_osl32768_bs1_2_k32_arctic_20260616_math_temp0_core_home_mount_qwen30ba3b/breakdown.json,True
Math,Qwen3-32B,0.0,1.0,1,4096.0,32768.0,eagle3_k8,3460244.0,COMPLETED,29.9202,6.544053992206331,4.572119978782814,87.7539,7.0203,final breakdown,docs/oci_qmath_extra_k_live_log_metrics_20260620.csv,"OCI Math extra-K sweep, refreshed 2026-06-21",20,/lustre/fs1/portfolios/coreai/projects/coreai_dlalgo_nemorl/users/sna/SpecDec-RL-main-vllm020-20260606/vllm-runs/qmath_extra_k_20260620/qwen32_math500_osl32k_eagle3_t00_offset0_n1_isl4096_osl32768_bs1_k8_20260620_qmath_extra_eagle3k8_pardk16_pard2k16_qwen32_eagle3_k8,True
Math,Qwen3-32B,0.0,1.0,2,4096.0,32768.0,eagle3_k8,3460245.0,COMPLETED,50.4235,15.301252337778818,3.295383860542205,49.2509,3.9401,final breakdown,docs/oci_qmath_extra_k_live_log_metrics_20260620.csv,"OCI Math extra-K sweep, refreshed 2026-06-21",20,/lustre/fs1/portfolios/coreai/projects/coreai_dlalgo_nemorl/users/sna/SpecDec-RL-main-vllm020-20260606/vllm-runs/qmath_extra_k_20260620/qwen32_math500_osl32k_eagle3_t00_offset0_n2_isl4096_osl32768_bs2_k8_20260620_qmath_extra_eagle3k8_pardk16_pard2k16_qwen32_eagle3_k8,True
Math,Qwen3-32B,0.0,1.0,4,4096.0,32768.0,eagle3_k8,3460247.0,COMPLETED,99.2461,32.20199981404923,3.08198560875404,64.1323,5.1306,final breakdown,docs/oci_qmath_extra_k_live_log_metrics_20260620.csv,"OCI Math extra-K sweep, refreshed 2026-06-21",20,/lustre/fs1/portfolios/coreai/projects/coreai_dlalgo_nemorl/users/sna/SpecDec-RL-main-vllm020-20260606/vllm-runs/qmath_extra_k_20260620/qwen32_math500_osl32k_eagle3_t00_offset0_n4_isl4096_osl32768_bs4_k8_20260620_qmath_extra_eagle3k8_pardk16_pard2k16_qwen32_eagle3_k8,True
Math,Qwen3-32B,0.0,1.0,8,4096.0,32768.0,eagle3_k8,3460248.0,COMPLETED,194.7035,62.39320631259151,3.1205881458396387,59.0164,4.7213,final breakdown,docs/oci_qmath_extra_k_live_log_metrics_20260620.csv,"OCI Math extra-K sweep, refreshed 2026-06-21",20,/lustre/fs1/portfolios/coreai/projects/coreai_dlalgo_nemorl/users/sna/SpecDec-RL-main-vllm020-20260606/vllm-runs/qmath_extra_k_20260620/qwen32_math500_osl32k_eagle3_t00_offset0_n8_isl4096_osl32768_bs8_k8_20260620_qmath_extra_eagle3k8_pardk16_pard2k16_qwen32_eagle3_k8,True
Math,Qwen3-32B,0.0,1.0,16,4096.0,32768.0,eagle3_k8,3460249.0,COMPLETED,241.8427,123.60896347553636,1.9565142623970264,50.7759,4.0621,final breakdown,docs/oci_qmath_extra_k_live_log_metrics_20260620.csv,"OCI Math extra-K sweep, refreshed 2026-06-21",20,/lustre/fs1/portfolios/coreai/projects/coreai_dlalgo_nemorl/users/sna/SpecDec-RL-main-vllm020-20260606/vllm-runs/qmath_extra_k_20260620/qwen32_math500_osl32k_eagle3_t00_offset0_n16_isl4096_osl32768_bs16_k8_20260620_qmath_extra_eagle3k8_pardk16_pard2k16_qwen32_eagle3_k8,True
Math,Qwen3-32B,0.0,1.0,32,4096.0,32768.0,eagle3_k8,3460250.0,COMPLETED,382.639,142.83327671519808,2.678920548486482,52.5138,4.2011,final breakdown,docs/oci_qmath_extra_k_live_log_metrics_20260620.csv,"OCI Math extra-K sweep, refreshed 2026-06-21",20,/lustre/fs1/portfolios/coreai/projects/coreai_dlalgo_nemorl/users/sna/SpecDec-RL-main-vllm020-20260606/vllm-runs/qmath_extra_k_20260620/qwen32_math500_osl32k_eagle3_t00_offset0_n32_isl4096_osl32768_bs32_k8_20260620_qmath_extra_eagle3k8_pardk16_pard2k16_qwen32_eagle3_k8,True
Math,Qwen3-32B,0.0,1.0,1,4096.0,32768.0,pard2_k16,3463104.0,FAILED,,6.544053992206331,,,,live log,docs/oci_qmath_pard_pard2_k16_focus_live_log_metrics_20260620.csv,"OCI Math Qwen32 PARD/PARD-2 K16 retry, refreshed 2026-06-21",30,/lustre/fs1/portfolios/coreai/projects/coreai_dlalgo_nemorl/users/sna/SpecDec-RL-main-vllm020-20260606/vllm-runs/qmath_pard_pard2_k16_focus_20260620/qwen32_math500_osl32k_pard2_t00_offset0_n1_isl4096_osl32768_bs1_k16_20260620_qmath_pard_pard2_k16_focus,False
Math,Qwen3-32B,0.0,1.0,2,4096.0,32768.0,pard2_k16,3463105.0,FAILED,,15.301252337778818,,,,live log,docs/oci_qmath_pard_pard2_k16_focus_live_log_metrics_20260620.csv,"OCI Math Qwen32 PARD/PARD-2 K16 retry, refreshed 2026-06-21",30,/lustre/fs1/portfolios/coreai/projects/coreai_dlalgo_nemorl/users/sna/SpecDec-RL-main-vllm020-20260606/vllm-runs/qmath_pard_pard2_k16_focus_20260620/qwen32_math500_osl32k_pard2_t00_offset0_n2_isl4096_osl32768_bs2_k16_20260620_qmath_pard_pard2_k16_focus,False
Math,Qwen3-32B,0.0,1.0,4,4096.0,32768.0,pard2_k16,3463106.0,FAILED,,32.20199981404923,,,,live log,docs/oci_qmath_pard_pard2_k16_focus_live_log_metrics_20260620.csv,"OCI Math Qwen32 PARD/PARD-2 K16 retry, refreshed 2026-06-21",30,/lustre/fs1/portfolios/coreai/projects/coreai_dlalgo_nemorl/users/sna/SpecDec-RL-main-vllm020-20260606/vllm-runs/qmath_pard_pard2_k16_focus_20260620/qwen32_math500_osl32k_pard2_t00_offset0_n4_isl4096_osl32768_bs4_k16_20260620_qmath_pard_pard2_k16_focus,False
Math,Qwen3-32B,0.0,1.0,8,4096.0,32768.0,pard2_k16,3463108.0,FAILED,,62.39320631259151,,,,live log,docs/oci_qmath_pard_pard2_k16_focus_live_log_metrics_20260620.csv,"OCI Math Qwen32 PARD/PARD-2 K16 retry, refreshed 2026-06-21",30,/lustre/fs1/portfolios/coreai/projects/coreai_dlalgo_nemorl/users/sna/SpecDec-RL-main-vllm020-20260606/vllm-runs/qmath_pard_pard2_k16_focus_20260620/qwen32_math500_osl32k_pard2_t00_offset0_n8_isl4096_osl32768_bs8_k16_20260620_qmath_pard_pard2_k16_focus,False
Math,Qwen3-32B,0.0,1.0,16,4096.0,32768.0,pard2_k16,3463110.0,FAILED,,123.60896347553636,,,,live log,docs/oci_qmath_pard_pard2_k16_focus_live_log_metrics_20260620.csv,"OCI Math Qwen32 PARD/PARD-2 K16 retry, refreshed 2026-06-21",30,/lustre/fs1/portfolios/coreai/projects/coreai_dlalgo_nemorl/users/sna/SpecDec-RL-main-vllm020-20260606/vllm-runs/qmath_pard_pard2_k16_focus_20260620/qwen32_math500_osl32k_pard2_t00_offset0_n16_isl4096_osl32768_bs16_k16_20260620_qmath_pard_pard2_k16_focus,False
Math,Qwen3-32B,0.0,1.0,32,4096.0,32768.0,pard2_k16,3463111.0,FAILED,,142.83327671519808,,,,live log,docs/oci_qmath_pard_pard2_k16_focus_live_log_metrics_20260620.csv,"OCI Math Qwen32 PARD/PARD-2 K16 retry, refreshed 2026-06-21",30,/lustre/fs1/portfolios/coreai/projects/coreai_dlalgo_nemorl/users/sna/SpecDec-RL-main-vllm020-20260606/vllm-runs/qmath_pard_pard2_k16_focus_20260620/qwen32_math500_osl32k_pard2_t00_offset0_n32_isl4096_osl32768_bs32_k16_20260620_qmath_pard_pard2_k16_focus,False
Math,Qwen3-32B,0.0,1.0,1,4096.0,32768.0,pard_k16,3460320.0,COMPLETED,21.6483,6.544053992206331,3.3080870093342956,22.1157,3.5385,final breakdown,docs/oci_qmath_extra_k_live_log_metrics_20260620.csv,"OCI Math extra-K sweep, refreshed 2026-06-21",20,/lustre/fs1/portfolios/coreai/projects/coreai_dlalgo_nemorl/users/sna/SpecDec-RL-main-vllm020-20260606/vllm-runs/qmath_extra_k_20260620/qwen32_math500_osl32k_pard_t00_offset0_n1_isl4096_osl32768_bs1_k16_20260620_qmath_extra_eagle3k8_pardk16_pard2k16_qwen32_pard_k16,True
Math,Qwen3-32B,0.0,1.0,2,4096.0,32768.0,pard_k16,3460321.0,COMPLETED,64.4241,15.301252337778818,4.210380861502217,51.3757,8.2201,final breakdown,docs/oci_qmath_extra_k_live_log_metrics_20260620.csv,"OCI Math extra-K sweep, refreshed 2026-06-21",20,/lustre/fs1/portfolios/coreai/projects/coreai_dlalgo_nemorl/users/sna/SpecDec-RL-main-vllm020-20260606/vllm-runs/qmath_extra_k_20260620/qwen32_math500_osl32k_pard_t00_offset0_n2_isl4096_osl32768_bs2_k16_20260620_qmath_extra_eagle3k8_pardk16_pard2k16_qwen32_pard_k16,True
Math,Qwen3-32B,0.0,1.0,4,4096.0,32768.0,pard_k16,3460322.0,COMPLETED,43.6794,32.20199981404923,1.356418863804333,15.1259,2.4201,final breakdown,docs/oci_qmath_extra_k_live_log_metrics_20260620.csv,"OCI Math extra-K sweep, refreshed 2026-06-21",20,/lustre/fs1/portfolios/coreai/projects/coreai_dlalgo_nemorl/users/sna/SpecDec-RL-main-vllm020-20260606/vllm-runs/qmath_extra_k_20260620/qwen32_math500_osl32k_pard_t00_offset0_n4_isl4096_osl32768_bs4_k16_20260620_qmath_extra_eagle3k8_pardk16_pard2k16_qwen32_pard_k16,True
Math,Qwen3-32B,0.0,1.0,8,4096.0,32768.0,pard_k16,3460325.0,COMPLETED,101.5217,62.39320631259151,1.627127471080325,34.1102,5.4576,final breakdown,docs/oci_qmath_extra_k_live_log_metrics_20260620.csv,"OCI Math extra-K sweep, refreshed 2026-06-21",20,/lustre/fs1/portfolios/coreai/projects/coreai_dlalgo_nemorl/users/sna/SpecDec-RL-main-vllm020-20260606/vllm-runs/qmath_extra_k_20260620/qwen32_math500_osl32k_pard_t00_offset0_n8_isl4096_osl32768_bs8_k16_20260620_qmath_extra_eagle3k8_pardk16_pard2k16_qwen32_pard_k16,True
Math,Qwen3-32B,0.0,1.0,16,4096.0,32768.0,pard_k16,3460327.0,COMPLETED,130.2311,123.60896347553636,1.053573271211632,20.9066,3.3451,final breakdown,docs/oci_qmath_extra_k_live_log_metrics_20260620.csv,"OCI Math extra-K sweep, refreshed 2026-06-21",20,/lustre/fs1/portfolios/coreai/projects/coreai_dlalgo_nemorl/users/sna/SpecDec-RL-main-vllm020-20260606/vllm-runs/qmath_extra_k_20260620/qwen32_math500_osl32k_pard_t00_offset0_n16_isl4096_osl32768_bs16_k16_20260620_qmath_extra_eagle3k8_pardk16_pard2k16_qwen32_pard_k16,True
Math,Qwen3-32B,0.0,1.0,32,4096.0,32768.0,pard_k16,3460344.0,COMPLETED,198.2569,142.83327671519808,1.3880301884785131,22.6118,3.6179,final breakdown,docs/oci_qmath_extra_k_live_log_metrics_20260620.csv,"OCI Math extra-K sweep, refreshed 2026-06-21",20,/lustre/fs1/portfolios/coreai/projects/coreai_dlalgo_nemorl/users/sna/SpecDec-RL-main-vllm020-20260606/vllm-runs/qmath_extra_k_20260620/qwen32_math500_osl32k_pard_t00_offset0_n32_isl4096_osl32768_bs32_k16_20260620_qmath_extra_eagle3k8_pardk16_pard2k16_qwen32_pard_k16,True
Math,Qwen3-8B,0.0,1.0,1,4096.0,32768.0,baseline,2136605.0,COMPLETED,37.20278108157336,37.20278108157336,1.0,,,Lyris Math500 temp0/temp1 home-mount retry 2026-06-16,docs/lyris_math500_osl32k_temp01_home_retry_metrics_live_20260616.csv,Lyris Math500 temp0/temp1 home-mount retry 2026-06-16,55,/home/sna/vllm-runs/math_temp01_core_20260616_home_mount/qwen8_math500_osl32k_temp01_lyris_baseline_offset0_n4_isl4096_osl32768_bs1_2_20260616_math_temp0_core_home_mount_qwen8/breakdown.json,True
Math,Qwen3-8B,0.0,1.0,2,4096.0,32768.0,baseline,2136605.0,COMPLETED,74.36314434363246,74.36314434363246,1.0,,,Lyris Math500 temp0/temp1 home-mount retry 2026-06-16,docs/lyris_math500_osl32k_temp01_home_retry_metrics_live_20260616.csv,Lyris Math500 temp0/temp1 home-mount retry 2026-06-16,55,/home/sna/vllm-runs/math_temp01_core_20260616_home_mount/qwen8_math500_osl32k_temp01_lyris_baseline_offset0_n4_isl4096_osl32768_bs1_2_20260616_math_temp0_core_home_mount_qwen8/breakdown.json,True
Math,Qwen3-8B,0.0,1.0,1,4096.0,32768.0,eagle3_k3,2136610.0,COMPLETED,73.00978024623701,36.792504897728755,1.9624817855995975,62.939050724957035,2.8881715217487107,Lyris Math500 temp0/temp1 home-mount retry 2026-06-16,docs/lyris_math500_osl32k_temp01_home_retry_metrics_live_20260616.csv,Lyris Math500 temp0/temp1 home-mount retry 2026-06-16,55,/home/sna/vllm-runs/math_temp01_core_20260616_home_mount/qwen8_math500_osl32k_temp01_lyris_eagle3_offset0_n4_isl4096_osl32768_bs1_2_k3_20260616_math_temp0_core_home_mount_qwen8/breakdown.json,True
Math,Qwen3-8B,0.0,1.0,2,4096.0,32768.0,eagle3_k3,2136610.0,COMPLETED,116.64632417522066,73.79091781954455,1.5686039798989324,63.61625799770702,2.9084877399312106,Lyris Math500 temp0/temp1 home-mount retry 2026-06-16,docs/lyris_math500_osl32k_temp01_home_retry_metrics_live_20260616.csv,Lyris Math500 temp0/temp1 home-mount retry 2026-06-16,55,/home/sna/vllm-runs/math_temp01_core_20260616_home_mount/qwen8_math500_osl32k_temp01_lyris_eagle3_offset0_n4_isl4096_osl32768_bs1_2_k3_20260616_math_temp0_core_home_mount_qwen8/breakdown.json,True
Math,Qwen3-8B,0.0,1.0,1,4096.0,32768.0,eagle3_k8,3460257.0,COMPLETED,90.9135,36.792504897728755,2.470978810839602,37.7438,3.0195,final breakdown,docs/oci_qmath_extra_k_live_log_metrics_20260620.csv,"OCI Math extra-K sweep, refreshed 2026-06-21",20,/lustre/fs1/portfolios/coreai/projects/coreai_dlalgo_nemorl/users/sna/SpecDec-RL-main-vllm020-20260606/vllm-runs/qmath_extra_k_20260620/qwen8_math500_osl32k_eagle3_t00_offset0_n1_isl4096_osl32768_bs1_k8_20260620_qmath_extra_eagle3k8_pardk16_pard2k16_qwen8_eagle3_k8,True
Math,Qwen3-8B,0.0,1.0,2,4096.0,32768.0,eagle3_k8,3460258.0,COMPLETED,156.7744,73.79091781954455,2.1245758235910728,36.6112,2.9289,final breakdown,docs/oci_qmath_extra_k_live_log_metrics_20260620.csv,"OCI Math extra-K sweep, refreshed 2026-06-21",20,/lustre/fs1/portfolios/coreai/projects/coreai_dlalgo_nemorl/users/sna/SpecDec-RL-main-vllm020-20260606/vllm-runs/qmath_extra_k_20260620/qwen8_math500_osl32k_eagle3_t00_offset0_n2_isl4096_osl32768_bs2_k8_20260620_qmath_extra_eagle3k8_pardk16_pard2k16_qwen8_eagle3_k8,True
Math,Qwen3-8B,0.0,1.0,4,4096.0,32768.0,eagle3_k8,3460259.0,COMPLETED,193.2427,,,32.7122,2.617,final breakdown,docs/oci_qmath_extra_k_live_log_metrics_20260620.csv,"OCI Math extra-K sweep, refreshed 2026-06-21",20,/lustre/fs1/portfolios/coreai/projects/coreai_dlalgo_nemorl/users/sna/SpecDec-RL-main-vllm020-20260606/vllm-runs/qmath_extra_k_20260620/qwen8_math500_osl32k_eagle3_t00_offset0_n4_isl4096_osl32768_bs4_k8_20260620_qmath_extra_eagle3k8_pardk16_pard2k16_qwen8_eagle3_k8,True
Math,Qwen3-8B,0.0,1.0,8,4096.0,32768.0,eagle3_k8,3460260.0,COMPLETED,468.6981,,,35.7338,2.8587,final breakdown,docs/oci_qmath_extra_k_live_log_metrics_20260620.csv,"OCI Math extra-K sweep, refreshed 2026-06-21",20,/lustre/fs1/portfolios/coreai/projects/coreai_dlalgo_nemorl/users/sna/SpecDec-RL-main-vllm020-20260606/vllm-runs/qmath_extra_k_20260620/qwen8_math500_osl32k_eagle3_t00_offset0_n8_isl4096_osl32768_bs8_k8_20260620_qmath_extra_eagle3k8_pardk16_pard2k16_qwen8_eagle3_k8,True
Math,Qwen3-8B,0.0,1.0,16,4096.0,32768.0,eagle3_k8,3460261.0,COMPLETED,745.7822,,,36.035,2.8828,final breakdown,docs/oci_qmath_extra_k_live_log_metrics_20260620.csv,"OCI Math extra-K sweep, refreshed 2026-06-21",20,/lustre/fs1/portfolios/coreai/projects/coreai_dlalgo_nemorl/users/sna/SpecDec-RL-main-vllm020-20260606/vllm-runs/qmath_extra_k_20260620/qwen8_math500_osl32k_eagle3_t00_offset0_n16_isl4096_osl32768_bs16_k8_20260620_qmath_extra_eagle3k8_pardk16_pard2k16_qwen8_eagle3_k8,True
Math,Qwen3-8B,0.0,1.0,32,4096.0,32768.0,eagle3_k8,3460265.0,COMPLETED,1105.7518,,,33.7542,2.7003,final breakdown,docs/oci_qmath_extra_k_live_log_metrics_20260620.csv,"OCI Math extra-K sweep, refreshed 2026-06-21",20,/lustre/fs1/portfolios/coreai/projects/coreai_dlalgo_nemorl/users/sna/SpecDec-RL-main-vllm020-20260606/vllm-runs/qmath_extra_k_20260620/qwen8_math500_osl32k_eagle3_t00_offset0_n32_isl4096_osl32768_bs32_k8_20260620_qmath_extra_eagle3k8_pardk16_pard2k16_qwen8_eagle3_k8,True
Math,Qwen3-8B,0.0,1.0,1,4096.0,32768.0,pard2_k1,3457985.0,COMPLETED,15.1104,36.792504897728755,0.4106923418778367,0.1436,0.0014,final breakdown,docs/oci_qmath_pard2_k_sweep_live_log_metrics_20260620.csv,"OCI Math PARD-2 K sweep, refreshed 2026-06-21",10,/lustre/fs1/portfolios/coreai/projects/coreai_dlalgo_nemorl/users/sna/SpecDec-RL-main-vllm020-20260606/vllm-runs/qmath_pard2_ksweep_retry_repo_offline_20260620/qwen8_math500_osl32k_pard2_t00_offset0_n1_isl4096_osl32768_bs1_k1_repooffline_20260620,True
Math,Qwen3-8B,0.0,1.0,2,4096.0,32768.0,pard2_k1,3457986.0,COMPLETED,31.3007,73.79091781954455,0.4241809280180761,0.2447,0.0024,final breakdown,docs/oci_qmath_pard2_k_sweep_live_log_metrics_20260620.csv,"OCI Math PARD-2 K sweep, refreshed 2026-06-21",10,/lustre/fs1/portfolios/coreai/projects/coreai_dlalgo_nemorl/users/sna/SpecDec-RL-main-vllm020-20260606/vllm-runs/qmath_pard2_ksweep_retry_repo_offline_20260620/qwen8_math500_osl32k_pard2_t00_offset0_n2_isl4096_osl32768_bs2_k1_repooffline_20260620,True
Math,Qwen3-8B,0.0,1.0,4,4096.0,32768.0,pard2_k1,3457987.0,COMPLETED,61.5194,,,1.2046,0.012,final breakdown,docs/oci_qmath_pard2_k_sweep_live_log_metrics_20260620.csv,"OCI Math PARD-2 K sweep, refreshed 2026-06-21",10,/lustre/fs1/portfolios/coreai/projects/coreai_dlalgo_nemorl/users/sna/SpecDec-RL-main-vllm020-20260606/vllm-runs/qmath_pard2_ksweep_retry_repo_offline_20260620/qwen8_math500_osl32k_pard2_t00_offset0_n4_isl4096_osl32768_bs4_k1_repooffline_20260620,True
Math,Qwen3-8B,0.0,1.0,8,4096.0,32768.0,pard2_k1,3457988.0,COMPLETED,120.4206,,,1.2444,0.0124,final breakdown,docs/oci_qmath_pard2_k_sweep_live_log_metrics_20260620.csv,"OCI Math PARD-2 K sweep, refreshed 2026-06-21",10,/lustre/fs1/portfolios/coreai/projects/coreai_dlalgo_nemorl/users/sna/SpecDec-RL-main-vllm020-20260606/vllm-runs/qmath_pard2_ksweep_retry_repo_offline_20260620/qwen8_math500_osl32k_pard2_t00_offset0_n8_isl4096_osl32768_bs8_k1_repooffline_20260620,True
Math,Qwen3-8B,0.0,1.0,16,4096.0,32768.0,pard2_k1,3457989.0,COMPLETED,223.8377,,,0.6041,0.006,final breakdown,docs/oci_qmath_pard2_k_sweep_live_log_metrics_20260620.csv,"OCI Math PARD-2 K sweep, refreshed 2026-06-21",10,/lustre/fs1/portfolios/coreai/projects/coreai_dlalgo_nemorl/users/sna/SpecDec-RL-main-vllm020-20260606/vllm-runs/qmath_pard2_ksweep_retry_repo_offline_20260620/qwen8_math500_osl32k_pard2_t00_offset0_n16_isl4096_osl32768_bs16_k1_repooffline_20260620,True
Math,Qwen3-8B,0.0,1.0,32,4096.0,32768.0,pard2_k1,3457990.0,COMPLETED,255.4516,,,1.116,0.0112,final breakdown,docs/oci_qmath_pard2_k_sweep_live_log_metrics_20260620.csv,"OCI Math PARD-2 K sweep, refreshed 2026-06-21",10,/lustre/fs1/portfolios/coreai/projects/coreai_dlalgo_nemorl/users/sna/SpecDec-RL-main-vllm020-20260606/vllm-runs/qmath_pard2_ksweep_retry_repo_offline_20260620/qwen8_math500_osl32k_pard2_t00_offset0_n32_isl4096_osl32768_bs32_k1_repooffline_20260620,True
Math,Qwen3-8B,0.0,1.0,1,4096.0,32768.0,pard2_k11,3457568.0,COMPLETED,15.3978,36.792504897728755,0.4185037154388073,0.0108,0.0012,final breakdown,docs/oci_qmath_pard2_k_sweep_live_log_metrics_20260620.csv,"OCI Math PARD-2 K sweep, refreshed 2026-06-21",10,/lustre/fs1/portfolios/coreai/projects/coreai_dlalgo_nemorl/users/sna/SpecDec-RL-main-vllm020-20260606/vllm-runs/qmath_pard2_ksweep_20260620/qwen8_math500_osl32k_pard2_t00_offset0_n1_isl4096_osl32768_bs1_k11_20260620_qmath_pard2_ksweep_qwen8_k11,True
Math,Qwen3-8B,0.0,1.0,2,4096.0,32768.0,pard2_k11,3457569.0,COMPLETED,30.2116,73.79091781954455,0.4094216590974294,0.0463,0.0051,final breakdown,docs/oci_qmath_pard2_k_sweep_live_log_metrics_20260620.csv,"OCI Math PARD-2 K sweep, refreshed 2026-06-21",10,/lustre/fs1/portfolios/coreai/projects/coreai_dlalgo_nemorl/users/sna/SpecDec-RL-main-vllm020-20260606/vllm-runs/qmath_pard2_ksweep_20260620/qwen8_math500_osl32k_pard2_t00_offset0_n2_isl4096_osl32768_bs2_k11_20260620_qmath_pard2_ksweep_qwen8_k11,True
Math,Qwen3-8B,0.0,1.0,4,4096.0,32768.0,pard2_k11,3457591.0,COMPLETED,60.1389,,,0.0546,0.006,final breakdown,docs/oci_qmath_pard2_k_sweep_live_log_metrics_20260620.csv,"OCI Math PARD-2 K sweep, refreshed 2026-06-21",10,/lustre/fs1/portfolios/coreai/projects/coreai_dlalgo_nemorl/users/sna/SpecDec-RL-main-vllm020-20260606/vllm-runs/qmath_pard2_ksweep_20260620/qwen8_math500_osl32k_pard2_t00_offset0_n4_isl4096_osl32768_bs4_k11_20260620_qmath_pard2_ksweep_qwen8_k11,True
Math,Qwen3-8B,0.0,1.0,8,4096.0,32768.0,pard2_k11,3457592.0,COMPLETED,111.3562,,,0.113,0.0124,final breakdown,docs/oci_qmath_pard2_k_sweep_live_log_metrics_20260620.csv,"OCI Math PARD-2 K sweep, refreshed 2026-06-21",10,/lustre/fs1/portfolios/coreai/projects/coreai_dlalgo_nemorl/users/sna/SpecDec-RL-main-vllm020-20260606/vllm-runs/qmath_pard2_ksweep_20260620/qwen8_math500_osl32k_pard2_t00_offset0_n8_isl4096_osl32768_bs8_k11_20260620_qmath_pard2_ksweep_qwen8_k11,True
Math,Qwen3-8B,0.0,1.0,16,4096.0,32768.0,pard2_k11,3457593.0,COMPLETED,199.4272,,,0.164,0.018,final breakdown,docs/oci_qmath_pard2_k_sweep_live_log_metrics_20260620.csv,"OCI Math PARD-2 K sweep, refreshed 2026-06-21",10,/lustre/fs1/portfolios/coreai/projects/coreai_dlalgo_nemorl/users/sna/SpecDec-RL-main-vllm020-20260606/vllm-runs/qmath_pard2_ksweep_20260620/qwen8_math500_osl32k_pard2_t00_offset0_n16_isl4096_osl32768_bs16_k11_20260620_qmath_pard2_ksweep_qwen8_k11,True
Math,Qwen3-8B,0.0,1.0,32,4096.0,32768.0,pard2_k11,3457594.0,COMPLETED,215.1625,,,0.1055,0.0116,final breakdown,docs/oci_qmath_pard2_k_sweep_live_log_metrics_20260620.csv,"OCI Math PARD-2 K sweep, refreshed 2026-06-21",10,/lustre/fs1/portfolios/coreai/projects/coreai_dlalgo_nemorl/users/sna/SpecDec-RL-main-vllm020-20260606/vllm-runs/qmath_pard2_ksweep_20260620/qwen8_math500_osl32k_pard2_t00_offset0_n32_isl4096_osl32768_bs32_k11_20260620_qmath_pard2_ksweep_qwen8_k11,True
Math,Qwen3-8B,0.0,1.0,1,4096.0,32768.0,pard2_k16,3460401.0,COMPLETED,15.6875,36.792504897728755,0.4263776017318247,0.0074,0.0012,final breakdown,docs/oci_qmath_extra_k_live_log_metrics_20260620.csv,"OCI Math extra-K sweep, refreshed 2026-06-21",20,/lustre/fs1/portfolios/coreai/projects/coreai_dlalgo_nemorl/users/sna/SpecDec-RL-main-vllm020-20260606/vllm-runs/qmath_extra_k_20260620/qwen8_math500_osl32k_pard2_t00_offset0_n1_isl4096_osl32768_bs1_k16_20260620_qmath_extra_eagle3k8_pardk16_pard2k16_qwen8_pard2_k16,True
Math,Qwen3-8B,0.0,1.0,2,4096.0,32768.0,pard2_k16,3460402.0,COMPLETED,30.141,73.79091781954455,0.4084649017879099,0.032,0.0051,final breakdown,docs/oci_qmath_extra_k_live_log_metrics_20260620.csv,"OCI Math extra-K sweep, refreshed 2026-06-21",20,/lustre/fs1/portfolios/coreai/projects/coreai_dlalgo_nemorl/users/sna/SpecDec-RL-main-vllm020-20260606/vllm-runs/qmath_extra_k_20260620/qwen8_math500_osl32k_pard2_t00_offset0_n2_isl4096_osl32768_bs2_k16_20260620_qmath_extra_eagle3k8_pardk16_pard2k16_qwen8_pard2_k16,True
Math,Qwen3-8B,0.0,1.0,4,4096.0,32768.0,pard2_k16,3460403.0,COMPLETED,58.7047,,,0.0372,0.006,final breakdown,docs/oci_qmath_extra_k_live_log_metrics_20260620.csv,"OCI Math extra-K sweep, refreshed 2026-06-21",20,/lustre/fs1/portfolios/coreai/projects/coreai_dlalgo_nemorl/users/sna/SpecDec-RL-main-vllm020-20260606/vllm-runs/qmath_extra_k_20260620/qwen8_math500_osl32k_pard2_t00_offset0_n4_isl4096_osl32768_bs4_k16_20260620_qmath_extra_eagle3k8_pardk16_pard2k16_qwen8_pard2_k16,True
Math,Qwen3-8B,0.0,1.0,8,4096.0,32768.0,pard2_k16,3460404.0,COMPLETED,109.0906,,,0.0476,0.0076,final breakdown,docs/oci_qmath_extra_k_live_log_metrics_20260620.csv,"OCI Math extra-K sweep, refreshed 2026-06-21",20,/lustre/fs1/portfolios/coreai/projects/coreai_dlalgo_nemorl/users/sna/SpecDec-RL-main-vllm020-20260606/vllm-runs/qmath_extra_k_20260620/qwen8_math500_osl32k_pard2_t00_offset0_n8_isl4096_osl32768_bs8_k16_20260620_qmath_extra_eagle3k8_pardk16_pard2k16_qwen8_pard2_k16,True
Math,Qwen3-8B,0.0,1.0,16,4096.0,32768.0,pard2_k16,3460405.0,COMPLETED,179.5415,,,0.049,0.0078,final breakdown,docs/oci_qmath_extra_k_live_log_metrics_20260620.csv,"OCI Math extra-K sweep, refreshed 2026-06-21",20,/lustre/fs1/portfolios/coreai/projects/coreai_dlalgo_nemorl/users/sna/SpecDec-RL-main-vllm020-20260606/vllm-runs/qmath_extra_k_20260620/qwen8_math500_osl32k_pard2_t00_offset0_n16_isl4096_osl32768_bs16_k16_20260620_qmath_extra_eagle3k8_pardk16_pard2k16_qwen8_pard2_k16,True
Math,Qwen3-8B,0.0,1.0,32,4096.0,32768.0,pard2_k16,3460406.0,COMPLETED,183.6793,,,0.0725,0.0116,final breakdown,docs/oci_qmath_extra_k_live_log_metrics_20260620.csv,"OCI Math extra-K sweep, refreshed 2026-06-21",20,/lustre/fs1/portfolios/coreai/projects/coreai_dlalgo_nemorl/users/sna/SpecDec-RL-main-vllm020-20260606/vllm-runs/qmath_extra_k_20260620/qwen8_math500_osl32k_pard2_t00_offset0_n32_isl4096_osl32768_bs32_k16_20260620_qmath_extra_eagle3k8_pardk16_pard2k16_qwen8_pard2_k16,True
Math,Qwen3-8B,0.0,1.0,1,4096.0,32768.0,pard2_k3,,COMPLETED,15.994343175598347,36.792504897728755,0.4347174300868462,0.0716177193961683,1.002148531581885,legacy final breakdown,remote:/lustre/fsw/coreai_dlalgo_llm/users/sna/vllm-benchmark/vllm-runs/qwen8_math500_osl32k_pard2_official_k3_20260612/breakdown.json,Lyris legacy breakdowns refreshed 2026-06-25,40,/tmp/qwen_legacy_breakdowns/root/vllm-runs/qwen8_math500_osl32k_pard2_official_k3_20260612,True
Math,Qwen3-8B,0.0,1.0,2,4096.0,32768.0,pard2_k3,3457472.0,COMPLETED,29.6781,73.79091781954455,0.4021917720630295,0.102,0.0031,final breakdown,docs/oci_qmath_pard2_k_sweep_live_log_metrics_20260620.csv,"OCI Math PARD-2 K sweep, refreshed 2026-06-21",10,/lustre/fs1/portfolios/coreai/projects/coreai_dlalgo_nemorl/users/sna/SpecDec-RL-main-vllm020-20260606/vllm-runs/qmath_pard2_ksweep_20260620/qwen8_math500_osl32k_pard2_t00_offset0_n2_isl4096_osl32768_bs2_k3_20260620_qmath_pard2_ksweep_qwen8_k3,True
Math,Qwen3-8B,0.0,1.0,4,4096.0,32768.0,pard2_k3,3457485.0,COMPLETED,62.0763,,,0.369,0.0111,final breakdown,docs/oci_qmath_pard2_k_sweep_live_log_metrics_20260620.csv,"OCI Math PARD-2 K sweep, refreshed 2026-06-21",10,/lustre/fs1/portfolios/coreai/projects/coreai_dlalgo_nemorl/users/sna/SpecDec-RL-main-vllm020-20260606/vllm-runs/qmath_pard2_ksweep_20260620/qwen8_math500_osl32k_pard2_t00_offset0_n4_isl4096_osl32768_bs4_k3_20260620_qmath_pard2_ksweep_qwen8_k3,True
Math,Qwen3-8B,0.0,1.0,8,4096.0,32768.0,pard2_k3,3457501.0,COMPLETED,117.5802,,,0.254,0.0076,final breakdown,docs/oci_qmath_pard2_k_sweep_live_log_metrics_20260620.csv,"OCI Math PARD-2 K sweep, refreshed 2026-06-21",10,/lustre/fs1/portfolios/coreai/projects/coreai_dlalgo_nemorl/users/sna/SpecDec-RL-main-vllm020-20260606/vllm-runs/qmath_pard2_ksweep_20260620/qwen8_math500_osl32k_pard2_t00_offset0_n8_isl4096_osl32768_bs8_k3_20260620_qmath_pard2_ksweep_qwen8_k3,True
Math,Qwen3-8B,0.0,1.0,16,4096.0,32768.0,pard2_k3,3457514.0,COMPLETED,229.3134,,,0.206,0.0062,final breakdown,docs/oci_qmath_pard2_k_sweep_live_log_metrics_20260620.csv,"OCI Math PARD-2 K sweep, refreshed 2026-06-21",10,/lustre/fs1/portfolios/coreai/projects/coreai_dlalgo_nemorl/users/sna/SpecDec-RL-main-vllm020-20260606/vllm-runs/qmath_pard2_ksweep_20260620/qwen8_math500_osl32k_pard2_t00_offset0_n16_isl4096_osl32768_bs16_k3_20260620_qmath_pard2_ksweep_qwen8_k3,True
Math,Qwen3-8B,0.0,1.0,32,4096.0,32768.0,pard2_k3,3457522.0,COMPLETED,250.437,,,0.3834,0.0115,final breakdown,docs/oci_qmath_pard2_k_sweep_live_log_metrics_20260620.csv,"OCI Math PARD-2 K sweep, refreshed 2026-06-21",10,/lustre/fs1/portfolios/coreai/projects/coreai_dlalgo_nemorl/users/sna/SpecDec-RL-main-vllm020-20260606/vllm-runs/qmath_pard2_ksweep_20260620/qwen8_math500_osl32k_pard2_t00_offset0_n32_isl4096_osl32768_bs32_k3_20260620_qmath_pard2_ksweep_qwen8_k3,True
Math,Qwen3-8B,0.0,1.0,1,4096.0,32768.0,pard2_k5,,COMPLETED,16.103276017934512,36.792504897728755,0.4376781646886071,0.042970631637701,1.002148531581885,legacy final breakdown,remote:/lustre/fsw/coreai_dlalgo_llm/users/sna/vllm-benchmark/vllm-runs/qwen8_math500_osl32k_pard2_official_k5_20260612/breakdown.json,Lyris legacy breakdowns refreshed 2026-06-25,40,/tmp/qwen_legacy_breakdowns/root/vllm-runs/qwen8_math500_osl32k_pard2_official_k5_20260612,True
Math,Qwen3-8B,0.0,1.0,1,4096.0,32768.0,pard2_k9,3457550.0,COMPLETED,16.3674,36.792504897728755,0.4448569089138146,0.0132,0.0012,final breakdown,docs/oci_qmath_pard2_k_sweep_live_log_metrics_20260620.csv,"OCI Math PARD-2 K sweep, refreshed 2026-06-21",10,/lustre/fs1/portfolios/coreai/projects/coreai_dlalgo_nemorl/users/sna/SpecDec-RL-main-vllm020-20260606/vllm-runs/qmath_pard2_ksweep_20260620/qwen8_math500_osl32k_pard2_t00_offset0_n1_isl4096_osl32768_bs1_k9_20260620_qmath_pard2_ksweep_qwen8_k9,True
Math,Qwen3-8B,0.0,1.0,2,4096.0,32768.0,pard2_k9,3457551.0,COMPLETED,30.6985,73.79091781954455,0.4160200321003335,0.0569,0.0051,final breakdown,docs/oci_qmath_pard2_k_sweep_live_log_metrics_20260620.csv,"OCI Math PARD-2 K sweep, refreshed 2026-06-21",10,/lustre/fs1/portfolios/coreai/projects/coreai_dlalgo_nemorl/users/sna/SpecDec-RL-main-vllm020-20260606/vllm-runs/qmath_pard2_ksweep_20260620/qwen8_math500_osl32k_pard2_t00_offset0_n2_isl4096_osl32768_bs2_k9_20260620_qmath_pard2_ksweep_qwen8_k9,True
Math,Qwen3-8B,0.0,1.0,4,4096.0,32768.0,pard2_k9,3457552.0,COMPLETED,59.7803,,,0.1602,0.0144,final breakdown,docs/oci_qmath_pard2_k_sweep_live_log_metrics_20260620.csv,"OCI Math PARD-2 K sweep, refreshed 2026-06-21",10,/lustre/fs1/portfolios/coreai/projects/coreai_dlalgo_nemorl/users/sna/SpecDec-RL-main-vllm020-20260606/vllm-runs/qmath_pard2_ksweep_20260620/qwen8_math500_osl32k_pard2_t00_offset0_n4_isl4096_osl32768_bs4_k9_20260620_qmath_pard2_ksweep_qwen8_k9,True
Math,Qwen3-8B,0.0,1.0,8,4096.0,32768.0,pard2_k9,3457553.0,COMPLETED,116.5737,,,0.0843,0.0076,final breakdown,docs/oci_qmath_pard2_k_sweep_live_log_metrics_20260620.csv,"OCI Math PARD-2 K sweep, refreshed 2026-06-21",10,/lustre/fs1/portfolios/coreai/projects/coreai_dlalgo_nemorl/users/sna/SpecDec-RL-main-vllm020-20260606/vllm-runs/qmath_pard2_ksweep_20260620/qwen8_math500_osl32k_pard2_t00_offset0_n8_isl4096_osl32768_bs8_k9_20260620_qmath_pard2_ksweep_qwen8_k9,True
Math,Qwen3-8B,0.0,1.0,16,4096.0,32768.0,pard2_k9,3457554.0,COMPLETED,217.7339,,,0.0956,0.0086,final breakdown,docs/oci_qmath_pard2_k_sweep_live_log_metrics_20260620.csv,"OCI Math PARD-2 K sweep, refreshed 2026-06-21",10,/lustre/fs1/portfolios/coreai/projects/coreai_dlalgo_nemorl/users/sna/SpecDec-RL-main-vllm020-20260606/vllm-runs/qmath_pard2_ksweep_20260620/qwen8_math500_osl32k_pard2_t00_offset0_n16_isl4096_osl32768_bs16_k9_20260620_qmath_pard2_ksweep_qwen8_k9,True
Math,Qwen3-8B,0.0,1.0,32,4096.0,32768.0,pard2_k9,3457555.0,COMPLETED,221.1975,,,0.129,0.0116,final breakdown,docs/oci_qmath_pard2_k_sweep_live_log_metrics_20260620.csv,"OCI Math PARD-2 K sweep, refreshed 2026-06-21",10,/lustre/fs1/portfolios/coreai/projects/coreai_dlalgo_nemorl/users/sna/SpecDec-RL-main-vllm020-20260606/vllm-runs/qmath_pard2_ksweep_20260620/qwen8_math500_osl32k_pard2_t00_offset0_n32_isl4096_osl32768_bs32_k9_20260620_qmath_pard2_ksweep_qwen8_k9,True
Math,Qwen3-8B,0.0,1.0,1,4096.0,32768.0,pard_k16,3460353.0,FAILED,,36.792504897728755,,,,live log,docs/oci_qmath_extra_k_live_log_metrics_20260620.csv,"OCI Math extra-K sweep, refreshed 2026-06-21",20,/lustre/fs1/portfolios/coreai/projects/coreai_dlalgo_nemorl/users/sna/SpecDec-RL-main-vllm020-20260606/vllm-runs/qmath_extra_k_20260620/qwen8_math500_osl32k_pard_t00_offset0_n1_isl4096_osl32768_bs1_k16_20260620_qmath_extra_eagle3k8_pardk16_pard2k16_qwen8_pard_k16,False
Math,Qwen3-8B,0.0,1.0,2,4096.0,32768.0,pard_k16,3460355.0,FAILED,,73.79091781954455,,,,live log,docs/oci_qmath_extra_k_live_log_metrics_20260620.csv,"OCI Math extra-K sweep, refreshed 2026-06-21",20,/lustre/fs1/portfolios/coreai/projects/coreai_dlalgo_nemorl/users/sna/SpecDec-RL-main-vllm020-20260606/vllm-runs/qmath_extra_k_20260620/qwen8_math500_osl32k_pard_t00_offset0_n2_isl4096_osl32768_bs2_k16_20260620_qmath_extra_eagle3k8_pardk16_pard2k16_qwen8_pard_k16,False
Math,Qwen3-8B,0.0,1.0,4,4096.0,32768.0,pard_k16,3460357.0,FAILED,,,,,,live log,docs/oci_qmath_extra_k_live_log_metrics_20260620.csv,"OCI Math extra-K sweep, refreshed 2026-06-21",20,/lustre/fs1/portfolios/coreai/projects/coreai_dlalgo_nemorl/users/sna/SpecDec-RL-main-vllm020-20260606/vllm-runs/qmath_extra_k_20260620/qwen8_math500_osl32k_pard_t00_offset0_n4_isl4096_osl32768_bs4_k16_20260620_qmath_extra_eagle3k8_pardk16_pard2k16_qwen8_pard_k16,False
Math,Qwen3-8B,0.0,1.0,8,4096.0,32768.0,pard_k16,3460359.0,FAILED,,,,,,live log,docs/oci_qmath_extra_k_live_log_metrics_20260620.csv,"OCI Math extra-K sweep, refreshed 2026-06-21",20,/lustre/fs1/portfolios/coreai/projects/coreai_dlalgo_nemorl/users/sna/SpecDec-RL-main-vllm020-20260606/vllm-runs/qmath_extra_k_20260620/qwen8_math500_osl32k_pard_t00_offset0_n8_isl4096_osl32768_bs8_k16_20260620_qmath_extra_eagle3k8_pardk16_pard2k16_qwen8_pard_k16,False
Math,Qwen3-8B,0.0,1.0,16,4096.0,32768.0,pard_k16,3460360.0,FAILED,,,,,,live log,docs/oci_qmath_extra_k_live_log_metrics_20260620.csv,"OCI Math extra-K sweep, refreshed 2026-06-21",20,/lustre/fs1/portfolios/coreai/projects/coreai_dlalgo_nemorl/users/sna/SpecDec-RL-main-vllm020-20260606/vllm-runs/qmath_extra_k_20260620/qwen8_math500_osl32k_pard_t00_offset0_n16_isl4096_osl32768_bs16_k16_20260620_qmath_extra_eagle3k8_pardk16_pard2k16_qwen8_pard_k16,False
Math,Qwen3-8B,0.0,1.0,32,4096.0,32768.0,pard_k16,3460361.0,FAILED,,,,,,live log,docs/oci_qmath_extra_k_live_log_metrics_20260620.csv,"OCI Math extra-K sweep, refreshed 2026-06-21",20,/lustre/fs1/portfolios/coreai/projects/coreai_dlalgo_nemorl/users/sna/SpecDec-RL-main-vllm020-20260606/vllm-runs/qmath_extra_k_20260620/qwen8_math500_osl32k_pard_t00_offset0_n32_isl4096_osl32768_bs32_k16_20260620_qmath_extra_eagle3k8_pardk16_pard2k16_qwen8_pard_k16,False
Math,Qwen3-8B,0.0,1.0,1,4096.0,32768.0,pard_k3,2139656.0,COMPLETED,38.189953469696626,36.792504897728755,1.0265349083972708,50.69428417570583,2.520828525271175,Lyris Math500 temp0/temp1 home-mount retry 2026-06-16,docs/lyris_math500_osl32k_temp01_home_retry_metrics_live_20260616.csv,Lyris Math500 temp0/temp1 home-mount retry 2026-06-16,55,/project/coreai_dlalgo_llm/sna/vllm-runs/math_temp01_core_20260616_project_publicpard/qwen8_math500_osl32k_temp01_lyris_publicpard_pard_offset0_n4_isl4096_osl32768_bs1_2_k3_20260616_math_temp01_project_qwen8_t00_publicpard_k3/breakdown.json,True
Math,Qwen3-8B,0.0,1.0,2,4096.0,32768.0,pard_k3,,COMPLETED,78.84784161043507,73.79091781954455,0.9375445744276312,66.76594802239177,3.002978440671753,local OCI-HSG Qwen8 PARD-1 temp0/temp1 final breakdown,docs/oci_hsg_qwen8_pard1_standalone_temp01_20260616_r4_noprof_metrics.csv,OCI-HSG Qwen8 PARD-1 temp0/temp1 r4 no-profiler 2026-06-16,50,/lustre/fs1/portfolios/coreai/projects/coreai_dlalgo_nemorl/users/sna/SpecDec-RL-main-vllm020-20260606/vllm-runs/oci_qwen8_pard1_temp01_20260616_r4_noprof/qwen8_math_osl32k_oci_temp01_t00_baseline_pard1_k3_k5_offset0_n4_isl4096_osl32768_bs1_2_20260616_r4_noprof/pard_k3/breakdown.json,True
Math,Qwen3-8B,0.0,1.0,1,4096.0,32768.0,pard_k5,2139657.0,COMPLETED,40.44638523554702,36.792504897728755,1.0871871419198882,34.521442535668236,2.7260721267834116,Lyris Math500 temp0/temp1 home-mount retry 2026-06-16,docs/lyris_math500_osl32k_temp01_home_retry_metrics_live_20260616.csv,Lyris Math500 temp0/temp1 home-mount retry 2026-06-16,55,/project/coreai_dlalgo_llm/sna/vllm-runs/math_temp01_core_20260616_project_publicpard/qwen8_math500_osl32k_temp01_lyris_publicpard_pard_offset0_n4_isl4096_osl32768_bs1_2_k5_20260616_math_temp01_project_qwen8_t00_publicpard_k5/breakdown.json,True
Math,Qwen3-8B,0.0,1.0,2,4096.0,32768.0,pard_k5,,COMPLETED,90.0875844808464,73.79091781954455,1.0711913519536398,48.75780307401773,3.4378901537008866,local OCI-HSG Qwen8 PARD-1 temp0/temp1 final breakdown,docs/oci_hsg_qwen8_pard1_standalone_temp01_20260616_r4_noprof_metrics.csv,OCI-HSG Qwen8 PARD-1 temp0/temp1 r4 no-profiler 2026-06-16,50,/lustre/fs1/portfolios/coreai/projects/coreai_dlalgo_nemorl/users/sna/SpecDec-RL-main-vllm020-20260606/vllm-runs/oci_qwen8_pard1_temp01_20260616_r4_noprof/qwen8_math_osl32k_oci_temp01_t00_baseline_pard1_k3_k5_offset0_n4_isl4096_osl32768_bs1_2_20260616_r4_noprof/pard_k5/breakdown.json,True
Math,Qwen3-8B,0.0,1.0,1,4096.0,32768.0,suffix_k32,2136608.0,COMPLETED,216.2685323603561,36.792504897728755,5.813235625749348,84.51370720054602,6.875678810565719,Lyris Math500 temp0/temp1 home-mount retry 2026-06-16,docs/lyris_math500_osl32k_temp01_home_retry_metrics_live_20260616.csv,Lyris Math500 temp0/temp1 home-mount retry 2026-06-16,55,/home/sna/vllm-runs/math_temp01_core_20260616_home_mount/qwen8_math500_osl32k_temp01_lyris_suffix_offset0_n4_isl4096_osl32768_bs1_2_k32_arctic_20260616_math_temp0_core_home_mount_qwen8/breakdown.json,True
Math,Qwen3-8B,0.0,1.0,2,4096.0,32768.0,suffix_k32,2136608.0,COMPLETED,409.4350444563749,73.79091781954455,5.505886660257042,87.38069434582756,9.310420813193062,Lyris Math500 temp0/temp1 home-mount retry 2026-06-16,docs/lyris_math500_osl32k_temp01_home_retry_metrics_live_20260616.csv,Lyris Math500 temp0/temp1 home-mount retry 2026-06-16,55,/home/sna/vllm-runs/math_temp01_core_20260616_home_mount/qwen8_math500_osl32k_temp01_lyris_suffix_offset0_n4_isl4096_osl32768_bs1_2_k32_arctic_20260616_math_temp0_core_home_mount_qwen8/breakdown.json,True
Math,Qwen3-235B-A22B,1.0,1.0,1,4096.0,32768.0,eagle3_k8,3459935.0,COMPLETED,4.008,1.9325440586386944,2.0739501291490763,16.799,1.3439,final breakdown,docs/oci_qmath_extra_k_live_log_metrics_20260620.csv,"OCI Math extra-K sweep, refreshed 2026-06-21",20,/lustre/fs1/portfolios/coreai/projects/coreai_dlalgo_nemorl/users/sna/SpecDec-RL-main-vllm020-20260606/vllm-runs/qmath_extra_k_20260620/qwen235b_math500_osl32k_eagle3_t10_offset0_n1_isl4096_osl32768_bs1_k8_20260620_qmath_extra_eagle3k8_pardk16_pard2k16_qwen235b_eagle3_k8,True
Math,Qwen3-235B-A22B,1.0,1.0,2,4096.0,32768.0,eagle3_k8,3459951.0,COMPLETED,8.013,3.9298626758296966,2.039002545631762,21.7584,1.7407,final breakdown,docs/oci_qmath_extra_k_live_log_metrics_20260620.csv,"OCI Math extra-K sweep, refreshed 2026-06-21",20,/lustre/fs1/portfolios/coreai/projects/coreai_dlalgo_nemorl/users/sna/SpecDec-RL-main-vllm020-20260606/vllm-runs/qmath_extra_k_20260620/qwen235b_math500_osl32k_eagle3_t10_offset0_n2_isl4096_osl32768_bs2_k8_20260620_qmath_extra_eagle3k8_pardk16_pard2k16_qwen235b_eagle3_k8,True
Math,Qwen3-235B-A22B,1.0,1.0,4,4096.0,32768.0,eagle3_k8,3459965.0,COMPLETED,13.4024,7.72670699575062,1.7345552260970662,17.1259,1.3701,final breakdown,docs/oci_qmath_extra_k_live_log_metrics_20260620.csv,"OCI Math extra-K sweep, refreshed 2026-06-21",20,/lustre/fs1/portfolios/coreai/projects/coreai_dlalgo_nemorl/users/sna/SpecDec-RL-main-vllm020-20260606/vllm-runs/qmath_extra_k_20260620/qwen235b_math500_osl32k_eagle3_t10_offset0_n4_isl4096_osl32768_bs4_k8_20260620_qmath_extra_eagle3k8_pardk16_pard2k16_qwen235b_eagle3_k8,True
Math,Qwen3-235B-A22B,1.0,1.0,8,4096.0,32768.0,eagle3_k8,3459974.0,COMPLETED,23.8943,14.719009309432536,1.623363332251415,21.6435,1.7315,final breakdown,docs/oci_qmath_extra_k_live_log_metrics_20260620.csv,"OCI Math extra-K sweep, refreshed 2026-06-21",20,/lustre/fs1/portfolios/coreai/projects/coreai_dlalgo_nemorl/users/sna/SpecDec-RL-main-vllm020-20260606/vllm-runs/qmath_extra_k_20260620/qwen235b_math500_osl32k_eagle3_t10_offset0_n8_isl4096_osl32768_bs8_k8_20260620_qmath_extra_eagle3k8_pardk16_pard2k16_qwen235b_eagle3_k8,True
Math,Qwen3-235B-A22B,1.0,1.0,16,4096.0,32768.0,eagle3_k8,3459984.0,COMPLETED,50.1044,29.69275289276811,1.6874285850472053,22.1991,1.7759,final breakdown,docs/oci_qmath_extra_k_live_log_metrics_20260620.csv,"OCI Math extra-K sweep, refreshed 2026-06-21",20,/lustre/fs1/portfolios/coreai/projects/coreai_dlalgo_nemorl/users/sna/SpecDec-RL-main-vllm020-20260606/vllm-runs/qmath_extra_k_20260620/qwen235b_math500_osl32k_eagle3_t10_offset0_n16_isl4096_osl32768_bs16_k8_20260620_qmath_extra_eagle3k8_pardk16_pard2k16_qwen235b_eagle3_k8,True
Math,Qwen3-235B-A22B,1.0,1.0,32,4096.0,32768.0,eagle3_k8,3459991.0,COMPLETED,85.6449,59.8297335837117,1.431477208237416,19.1392,1.5311,final breakdown,docs/oci_qmath_extra_k_live_log_metrics_20260620.csv,"OCI Math extra-K sweep, refreshed 2026-06-21",20,/lustre/fs1/portfolios/coreai/projects/coreai_dlalgo_nemorl/users/sna/SpecDec-RL-main-vllm020-20260606/vllm-runs/qmath_extra_k_20260620/qwen235b_math500_osl32k_eagle3_t10_offset0_n32_isl4096_osl32768_bs32_k8_20260620_qmath_extra_eagle3k8_pardk16_pard2k16_qwen235b_eagle3_k8,True
Math,Qwen3-235B-A22B,1.0,1.0,1,4096.0,32768.0,pard2_k11,3457979.0,COMPLETED,1.6142,1.9325440586386944,0.8352720305569957,0.0069,0.0008,final breakdown,docs/oci_qmath_pard2_k_sweep_live_log_metrics_20260620.csv,"OCI Math PARD-2 K sweep, refreshed 2026-06-21",10,/lustre/fs1/portfolios/coreai/projects/coreai_dlalgo_nemorl/users/sna/SpecDec-RL-main-vllm020-20260606/vllm-runs/qmath_pard2_ksweep_retry_repo_offline_20260620/qwen235b_math500_osl32k_pard2_t10_offset0_n1_isl4096_osl32768_bs1_k11_repooffline_20260620,True
Math,Qwen3-235B-A22B,1.0,1.0,2,4096.0,32768.0,pard2_k11,3457980.0,COMPLETED,3.1744,3.9298626758296966,0.807763594266001,0.1373,0.0151,final breakdown,docs/oci_qmath_pard2_k_sweep_live_log_metrics_20260620.csv,"OCI Math PARD-2 K sweep, refreshed 2026-06-21",10,/lustre/fs1/portfolios/coreai/projects/coreai_dlalgo_nemorl/users/sna/SpecDec-RL-main-vllm020-20260606/vllm-runs/qmath_pard2_ksweep_retry_repo_offline_20260620/qwen235b_math500_osl32k_pard2_t10_offset0_n2_isl4096_osl32768_bs2_k11_repooffline_20260620,True
Math,Qwen3-235B-A22B,1.0,1.0,4,4096.0,32768.0,pard2_k11,3457981.0,COMPLETED,6.2771,7.72670699575062,0.8123900651923457,0.1246,0.0137,final breakdown,docs/oci_qmath_pard2_k_sweep_live_log_metrics_20260620.csv,"OCI Math PARD-2 K sweep, refreshed 2026-06-21",10,/lustre/fs1/portfolios/coreai/projects/coreai_dlalgo_nemorl/users/sna/SpecDec-RL-main-vllm020-20260606/vllm-runs/qmath_pard2_ksweep_retry_repo_offline_20260620/qwen235b_math500_osl32k_pard2_t10_offset0_n4_isl4096_osl32768_bs4_k11_repooffline_20260620,True
Math,Qwen3-235B-A22B,1.0,1.0,8,4096.0,32768.0,pard2_k11,3457982.0,COMPLETED,12.5805,14.719009309432536,0.8547110566699558,0.1659,0.0182,final breakdown,docs/oci_qmath_pard2_k_sweep_live_log_metrics_20260620.csv,"OCI Math PARD-2 K sweep, refreshed 2026-06-21",10,/lustre/fs1/portfolios/coreai/projects/coreai_dlalgo_nemorl/users/sna/SpecDec-RL-main-vllm020-20260606/vllm-runs/qmath_pard2_ksweep_retry_repo_offline_20260620/qwen235b_math500_osl32k_pard2_t10_offset0_n8_isl4096_osl32768_bs8_k11_repooffline_20260620,True
Math,Qwen3-235B-A22B,1.0,1.0,16,4096.0,32768.0,pard2_k11,3457983.0,COMPLETED,24.3815,29.69275289276811,0.8211262892346467,0.163,0.0179,final breakdown,docs/oci_qmath_pard2_k_sweep_live_log_metrics_20260620.csv,"OCI Math PARD-2 K sweep, refreshed 2026-06-21",10,/lustre/fs1/portfolios/coreai/projects/coreai_dlalgo_nemorl/users/sna/SpecDec-RL-main-vllm020-20260606/vllm-runs/qmath_pard2_ksweep_retry_repo_offline_20260620/qwen235b_math500_osl32k_pard2_t10_offset0_n16_isl4096_osl32768_bs16_k11_repooffline_20260620,True
Math,Qwen3-235B-A22B,1.0,1.0,32,4096.0,32768.0,pard2_k11,3457984.0,COMPLETED,46.9934,59.8297335837117,0.7854522690502784,0.2839,0.0312,final breakdown,docs/oci_qmath_pard2_k_sweep_live_log_metrics_20260620.csv,"OCI Math PARD-2 K sweep, refreshed 2026-06-21",10,/lustre/fs1/portfolios/coreai/projects/coreai_dlalgo_nemorl/users/sna/SpecDec-RL-main-vllm020-20260606/vllm-runs/qmath_pard2_ksweep_retry_repo_offline_20260620/qwen235b_math500_osl32k_pard2_t10_offset0_n32_isl4096_osl32768_bs32_k11_repooffline_20260620,True
Math,Qwen3-235B-A22B,1.0,1.0,1,4096.0,32768.0,pard2_k16,3460394.0,COMPLETED,1.6218,1.9325440586386944,0.839204670522448,0.0843,0.0135,final breakdown,docs/oci_qmath_extra_k_live_log_metrics_20260620.csv,"OCI Math extra-K sweep, refreshed 2026-06-21",20,/lustre/fs1/portfolios/coreai/projects/coreai_dlalgo_nemorl/users/sna/SpecDec-RL-main-vllm020-20260606/vllm-runs/qmath_extra_k_20260620/qwen235b_math500_osl32k_pard2_t10_offset0_n1_isl4096_osl32768_bs1_k16_20260620_qmath_extra_eagle3k8_pardk16_pard2k16_qwen235b_pard2_k16,True
Math,Qwen3-235B-A22B,1.0,1.0,2,4096.0,32768.0,pard2_k16,3460395.0,COMPLETED,3.1589,3.9298626758296966,0.803819436090874,0.1292,0.0207,final breakdown,docs/oci_qmath_extra_k_live_log_metrics_20260620.csv,"OCI Math extra-K sweep, refreshed 2026-06-21",20,/lustre/fs1/portfolios/coreai/projects/coreai_dlalgo_nemorl/users/sna/SpecDec-RL-main-vllm020-20260606/vllm-runs/qmath_extra_k_20260620/qwen235b_math500_osl32k_pard2_t10_offset0_n2_isl4096_osl32768_bs2_k16_20260620_qmath_extra_eagle3k8_pardk16_pard2k16_qwen235b_pard2_k16,True
Math,Qwen3-235B-A22B,1.0,1.0,4,4096.0,32768.0,pard2_k16,3460397.0,COMPLETED,5.1509,7.72670699575062,0.6666358647782024,0.0474,0.0076,final breakdown,docs/oci_qmath_extra_k_live_log_metrics_20260620.csv,"OCI Math extra-K sweep, refreshed 2026-06-21",20,/lustre/fs1/portfolios/coreai/projects/coreai_dlalgo_nemorl/users/sna/SpecDec-RL-main-vllm020-20260606/vllm-runs/qmath_extra_k_20260620/qwen235b_math500_osl32k_pard2_t10_offset0_n4_isl4096_osl32768_bs4_k16_20260620_qmath_extra_eagle3k8_pardk16_pard2k16_qwen235b_pard2_k16,True
Math,Qwen3-235B-A22B,1.0,1.0,8,4096.0,32768.0,pard2_k16,3460398.0,COMPLETED,12.3553,14.719009309432536,0.8394111139044,0.2097,0.0336,final breakdown,docs/oci_qmath_extra_k_live_log_metrics_20260620.csv,"OCI Math extra-K sweep, refreshed 2026-06-21",20,/lustre/fs1/portfolios/coreai/projects/coreai_dlalgo_nemorl/users/sna/SpecDec-RL-main-vllm020-20260606/vllm-runs/qmath_extra_k_20260620/qwen235b_math500_osl32k_pard2_t10_offset0_n8_isl4096_osl32768_bs8_k16_20260620_qmath_extra_eagle3k8_pardk16_pard2k16_qwen235b_pard2_k16,True
Math,Qwen3-235B-A22B,1.0,1.0,16,4096.0,32768.0,pard2_k16,3460399.0,COMPLETED,22.8324,29.69275289276811,0.7689553098177367,0.2472,0.0395,final breakdown,docs/oci_qmath_extra_k_live_log_metrics_20260620.csv,"OCI Math extra-K sweep, refreshed 2026-06-21",20,/lustre/fs1/portfolios/coreai/projects/coreai_dlalgo_nemorl/users/sna/SpecDec-RL-main-vllm020-20260606/vllm-runs/qmath_extra_k_20260620/qwen235b_math500_osl32k_pard2_t10_offset0_n16_isl4096_osl32768_bs16_k16_20260620_qmath_extra_eagle3k8_pardk16_pard2k16_qwen235b_pard2_k16,True
Math,Qwen3-235B-A22B,1.0,1.0,32,4096.0,32768.0,pard2_k16,3460400.0,COMPLETED,43.4963,59.8297335837117,0.7270013987132581,0.1144,0.0183,final breakdown,docs/oci_qmath_extra_k_live_log_metrics_20260620.csv,"OCI Math extra-K sweep, refreshed 2026-06-21",20,/lustre/fs1/portfolios/coreai/projects/coreai_dlalgo_nemorl/users/sna/SpecDec-RL-main-vllm020-20260606/vllm-runs/qmath_extra_k_20260620/qwen235b_math500_osl32k_pard2_t10_offset0_n32_isl4096_osl32768_bs32_k16_20260620_qmath_extra_eagle3k8_pardk16_pard2k16_qwen235b_pard2_k16,True
Math,Qwen3-235B-A22B,1.0,1.0,1,4096.0,32768.0,pard2_k3,3457207.0,COMPLETED,1.6081,1.9325440586386944,0.8321155695320932,0.0193,0.0006,final breakdown,docs/oci_qmath_pard2_k_sweep_live_log_metrics_20260620.csv,"OCI Math PARD-2 K sweep, refreshed 2026-06-21",10,/lustre/fs1/portfolios/coreai/projects/coreai_dlalgo_nemorl/users/sna/SpecDec-RL-main-vllm020-20260606/vllm-runs/qmath_pard2_ksweep_20260620/qwen235b_math500_osl32k_pard2_t10_offset0_n1_isl4096_osl32768_bs1_k3_20260620_qmath_pard2_ksweep_qwen235b_k3,True
Math,Qwen3-235B-A22B,1.0,1.0,2,4096.0,32768.0,pard2_k3,3457209.0,COMPLETED,3.1473,3.9298626758296966,0.8008676790049726,0.2904,0.0087,final breakdown,docs/oci_qmath_pard2_k_sweep_live_log_metrics_20260620.csv,"OCI Math PARD-2 K sweep, refreshed 2026-06-21",10,/lustre/fs1/portfolios/coreai/projects/coreai_dlalgo_nemorl/users/sna/SpecDec-RL-main-vllm020-20260606/vllm-runs/qmath_pard2_ksweep_20260620/qwen235b_math500_osl32k_pard2_t10_offset0_n2_isl4096_osl32768_bs2_k3_20260620_qmath_pard2_ksweep_qwen235b_k3,True
Math,Qwen3-235B-A22B,1.0,1.0,4,4096.0,32768.0,pard2_k3,3457211.0,COMPLETED,6.3293,7.72670699575062,0.8191458539169224,0.6109,0.0183,final breakdown,docs/oci_qmath_pard2_k_sweep_live_log_metrics_20260620.csv,"OCI Math PARD-2 K sweep, refreshed 2026-06-21",10,/lustre/fs1/portfolios/coreai/projects/coreai_dlalgo_nemorl/users/sna/SpecDec-RL-main-vllm020-20260606/vllm-runs/qmath_pard2_ksweep_20260620/qwen235b_math500_osl32k_pard2_t10_offset0_n4_isl4096_osl32768_bs4_k3_20260620_qmath_pard2_ksweep_qwen235b_k3,True
Math,Qwen3-235B-A22B,1.0,1.0,8,4096.0,32768.0,pard2_k3,3457213.0,COMPLETED,12.2709,14.719009309432536,0.833677032335071,0.6383,0.0191,final breakdown,docs/oci_qmath_pard2_k_sweep_live_log_metrics_20260620.csv,"OCI Math PARD-2 K sweep, refreshed 2026-06-21",10,/lustre/fs1/portfolios/coreai/projects/coreai_dlalgo_nemorl/users/sna/SpecDec-RL-main-vllm020-20260606/vllm-runs/qmath_pard2_ksweep_20260620/qwen235b_math500_osl32k_pard2_t10_offset0_n8_isl4096_osl32768_bs8_k3_20260620_qmath_pard2_ksweep_qwen235b_k3,True
Math,Qwen3-235B-A22B,1.0,1.0,16,4096.0,32768.0,pard2_k3,3457214.0,COMPLETED,24.2043,29.69275289276811,0.815158503066758,1.7502,0.0525,final breakdown,docs/oci_qmath_pard2_k_sweep_live_log_metrics_20260620.csv,"OCI Math PARD-2 K sweep, refreshed 2026-06-21",10,/lustre/fs1/portfolios/coreai/projects/coreai_dlalgo_nemorl/users/sna/SpecDec-RL-main-vllm020-20260606/vllm-runs/qmath_pard2_ksweep_20260620/qwen235b_math500_osl32k_pard2_t10_offset0_n16_isl4096_osl32768_bs16_k3_20260620_qmath_pard2_ksweep_qwen235b_k3,True
Math,Qwen3-235B-A22B,1.0,1.0,32,4096.0,32768.0,pard2_k3,3457217.0,COMPLETED,47.2621,59.8297335837117,0.7899433470462056,1.3064,0.0392,final breakdown,docs/oci_qmath_pard2_k_sweep_live_log_metrics_20260620.csv,"OCI Math PARD-2 K sweep, refreshed 2026-06-21",10,/lustre/fs1/portfolios/coreai/projects/coreai_dlalgo_nemorl/users/sna/SpecDec-RL-main-vllm020-20260606/vllm-runs/qmath_pard2_ksweep_20260620/qwen235b_math500_osl32k_pard2_t10_offset0_n32_isl4096_osl32768_bs32_k3_20260620_qmath_pard2_ksweep_qwen235b_k3,True
Math,Qwen3-235B-A22B,1.0,1.0,1,4096.0,32768.0,pard2_k5,3457250.0,COMPLETED,1.4708,1.9325440586386944,0.7610693238404345,0.4666,0.0233,final breakdown,docs/oci_qmath_pard2_k_sweep_live_log_metrics_20260620.csv,"OCI Math PARD-2 K sweep, refreshed 2026-06-21",10,/lustre/fs1/portfolios/coreai/projects/coreai_dlalgo_nemorl/users/sna/SpecDec-RL-main-vllm020-20260606/vllm-runs/qmath_pard2_ksweep_20260620/qwen235b_math500_osl32k_pard2_t10_offset0_n1_isl4096_osl32768_bs1_k5_20260620_qmath_pard2_ksweep_qwen235b_k5,True
Math,Qwen3-235B-A22B,1.0,1.0,2,4096.0,32768.0,pard2_k5,3457252.0,COMPLETED,3.2413,3.9298626758296966,0.8247870898734844,0.3137,0.0157,final breakdown,docs/oci_qmath_pard2_k_sweep_live_log_metrics_20260620.csv,"OCI Math PARD-2 K sweep, refreshed 2026-06-21",10,/lustre/fs1/portfolios/coreai/projects/coreai_dlalgo_nemorl/users/sna/SpecDec-RL-main-vllm020-20260606/vllm-runs/qmath_pard2_ksweep_20260620/qwen235b_math500_osl32k_pard2_t10_offset0_n2_isl4096_osl32768_bs2_k5_20260620_qmath_pard2_ksweep_qwen235b_k5,True
Math,Qwen3-235B-A22B,1.0,1.0,4,4096.0,32768.0,pard2_k5,3457254.0,COMPLETED,6.3531,7.72670699575062,0.8222260794273617,0.2131,0.0107,final breakdown,docs/oci_qmath_pard2_k_sweep_live_log_metrics_20260620.csv,"OCI Math PARD-2 K sweep, refreshed 2026-06-21",10,/lustre/fs1/portfolios/coreai/projects/coreai_dlalgo_nemorl/users/sna/SpecDec-RL-main-vllm020-20260606/vllm-runs/qmath_pard2_ksweep_20260620/qwen235b_math500_osl32k_pard2_t10_offset0_n4_isl4096_osl32768_bs4_k5_20260620_qmath_pard2_ksweep_qwen235b_k5,True
Math,Qwen3-235B-A22B,1.0,1.0,8,4096.0,32768.0,pard2_k5,3457255.0,COMPLETED,12.8209,14.719009309432536,0.8710436776328315,0.641,0.0321,final breakdown,docs/oci_qmath_pard2_k_sweep_live_log_metrics_20260620.csv,"OCI Math PARD-2 K sweep, refreshed 2026-06-21",10,/lustre/fs1/portfolios/coreai/projects/coreai_dlalgo_nemorl/users/sna/SpecDec-RL-main-vllm020-20260606/vllm-runs/qmath_pard2_ksweep_20260620/qwen235b_math500_osl32k_pard2_t10_offset0_n8_isl4096_osl32768_bs8_k5_20260620_qmath_pard2_ksweep_qwen235b_k5,True
Math,Qwen3-235B-A22B,1.0,1.0,16,4096.0,32768.0,pard2_k5,3457258.0,COMPLETED,24.823,29.69275289276811,0.8359952372771009,0.5569,0.0278,final breakdown,docs/oci_qmath_pard2_k_sweep_live_log_metrics_20260620.csv,"OCI Math PARD-2 K sweep, refreshed 2026-06-21",10,/lustre/fs1/portfolios/coreai/projects/coreai_dlalgo_nemorl/users/sna/SpecDec-RL-main-vllm020-20260606/vllm-runs/qmath_pard2_ksweep_20260620/qwen235b_math500_osl32k_pard2_t10_offset0_n16_isl4096_osl32768_bs16_k5_20260620_qmath_pard2_ksweep_qwen235b_k5,True
Math,Qwen3-235B-A22B,1.0,1.0,32,4096.0,32768.0,pard2_k5,3457260.0,COMPLETED,48.7711,59.8297335837117,0.8151649201606616,0.5034,0.0252,final breakdown,docs/oci_qmath_pard2_k_sweep_live_log_metrics_20260620.csv,"OCI Math PARD-2 K sweep, refreshed 2026-06-21",10,/lustre/fs1/portfolios/coreai/projects/coreai_dlalgo_nemorl/users/sna/SpecDec-RL-main-vllm020-20260606/vllm-runs/qmath_pard2_ksweep_20260620/qwen235b_math500_osl32k_pard2_t10_offset0_n32_isl4096_osl32768_bs32_k5_20260620_qmath_pard2_ksweep_qwen235b_k5,True
Math,Qwen3-235B-A22B,1.0,1.0,1,4096.0,32768.0,pard2_k9,3457293.0,COMPLETED,1.5789,1.9325440586386944,0.8170059528227236,0.0034,0.0003,final breakdown,docs/oci_qmath_pard2_k_sweep_live_log_metrics_20260620.csv,"OCI Math PARD-2 K sweep, refreshed 2026-06-21",10,/lustre/fs1/portfolios/coreai/projects/coreai_dlalgo_nemorl/users/sna/SpecDec-RL-main-vllm020-20260606/vllm-runs/qmath_pard2_ksweep_20260620/qwen235b_math500_osl32k_pard2_t10_offset0_n1_isl4096_osl32768_bs1_k9_20260620_qmath_pard2_ksweep_qwen235b_k9,True
Math,Qwen3-235B-A22B,1.0,1.0,2,4096.0,32768.0,pard2_k9,3457294.0,COMPLETED,3.2416,3.9298626758296966,0.8248634284188094,0.1811,0.0163,final breakdown,docs/oci_qmath_pard2_k_sweep_live_log_metrics_20260620.csv,"OCI Math PARD-2 K sweep, refreshed 2026-06-21",10,/lustre/fs1/portfolios/coreai/projects/coreai_dlalgo_nemorl/users/sna/SpecDec-RL-main-vllm020-20260606/vllm-runs/qmath_pard2_ksweep_20260620/qwen235b_math500_osl32k_pard2_t10_offset0_n2_isl4096_osl32768_bs2_k9_20260620_qmath_pard2_ksweep_qwen235b_k9,True
Math,Qwen3-235B-A22B,1.0,1.0,4,4096.0,32768.0,pard2_k9,3457296.0,COMPLETED,5.1164,7.72670699575062,0.6621708320004648,0.2117,0.0191,final breakdown,docs/oci_qmath_pard2_k_sweep_live_log_metrics_20260620.csv,"OCI Math PARD-2 K sweep, refreshed 2026-06-21",10,/lustre/fs1/portfolios/coreai/projects/coreai_dlalgo_nemorl/users/sna/SpecDec-RL-main-vllm020-20260606/vllm-runs/qmath_pard2_ksweep_20260620/qwen235b_math500_osl32k_pard2_t10_offset0_n4_isl4096_osl32768_bs4_k9_20260620_qmath_pard2_ksweep_qwen235b_k9,True
Math,Qwen3-235B-A22B,1.0,1.0,8,4096.0,32768.0,pard2_k9,3457297.0,COMPLETED,12.8916,14.719009309432536,0.8758469900374709,0.1748,0.0157,final breakdown,docs/oci_qmath_pard2_k_sweep_live_log_metrics_20260620.csv,"OCI Math PARD-2 K sweep, refreshed 2026-06-21",10,/lustre/fs1/portfolios/coreai/projects/coreai_dlalgo_nemorl/users/sna/SpecDec-RL-main-vllm020-20260606/vllm-runs/qmath_pard2_ksweep_20260620/qwen235b_math500_osl32k_pard2_t10_offset0_n8_isl4096_osl32768_bs8_k9_20260620_qmath_pard2_ksweep_qwen235b_k9,True
Math,Qwen3-235B-A22B,1.0,1.0,16,4096.0,32768.0,pard2_k9,3457298.0,COMPLETED,24.0566,29.69275289276811,0.810184225318467,0.2419,0.0218,final breakdown,docs/oci_qmath_pard2_k_sweep_live_log_metrics_20260620.csv,"OCI Math PARD-2 K sweep, refreshed 2026-06-21",10,/lustre/fs1/portfolios/coreai/projects/coreai_dlalgo_nemorl/users/sna/SpecDec-RL-main-vllm020-20260606/vllm-runs/qmath_pard2_ksweep_20260620/qwen235b_math500_osl32k_pard2_t10_offset0_n16_isl4096_osl32768_bs16_k9_20260620_qmath_pard2_ksweep_qwen235b_k9,True
Math,Qwen3-235B-A22B,1.0,1.0,32,4096.0,32768.0,pard2_k9,3457299.0,COMPLETED,46.9709,59.8297335837117,0.7850762018567229,0.4218,0.038,final breakdown,docs/oci_qmath_pard2_k_sweep_live_log_metrics_20260620.csv,"OCI Math PARD-2 K sweep, refreshed 2026-06-21",10,/lustre/fs1/portfolios/coreai/projects/coreai_dlalgo_nemorl/users/sna/SpecDec-RL-main-vllm020-20260606/vllm-runs/qmath_pard2_ksweep_20260620/qwen235b_math500_osl32k_pard2_t10_offset0_n32_isl4096_osl32768_bs32_k9_20260620_qmath_pard2_ksweep_qwen235b_k9,True
Math,Qwen3-235B-A22B,1.0,1.0,1,4096.0,32768.0,pard_k16,3460295.0,COMPLETED,8.6454,1.9325440586386944,4.473584941752851,26.5863,4.2538,final breakdown,docs/oci_qmath_extra_k_live_log_metrics_20260620.csv,"OCI Math extra-K sweep, refreshed 2026-06-21",20,/lustre/fs1/portfolios/coreai/projects/coreai_dlalgo_nemorl/users/sna/SpecDec-RL-main-vllm020-20260606/vllm-runs/qmath_extra_k_20260620/qwen235b_math500_osl32k_pard_t10_offset0_n1_isl4096_osl32768_bs1_k16_20260620_qmath_extra_eagle3k8_pardk16_pard2k16_qwen235b_pard_k16,True
Math,Qwen3-235B-A22B,1.0,1.0,2,4096.0,32768.0,pard_k16,3460300.0,COMPLETED,8.3723,3.9298626758296966,2.1304306767493824,13.7458,2.1993,final breakdown,docs/oci_qmath_extra_k_live_log_metrics_20260620.csv,"OCI Math extra-K sweep, refreshed 2026-06-21",20,/lustre/fs1/portfolios/coreai/projects/coreai_dlalgo_nemorl/users/sna/SpecDec-RL-main-vllm020-20260606/vllm-runs/qmath_extra_k_20260620/qwen235b_math500_osl32k_pard_t10_offset0_n2_isl4096_osl32768_bs2_k16_20260620_qmath_extra_eagle3k8_pardk16_pard2k16_qwen235b_pard_k16,True
Math,Qwen3-235B-A22B,1.0,1.0,4,4096.0,32768.0,pard_k16,3460301.0,COMPLETED,7.813,7.72670699575062,1.0111681476076209,5.9579,0.9533,final breakdown,docs/oci_qmath_extra_k_live_log_metrics_20260620.csv,"OCI Math extra-K sweep, refreshed 2026-06-21",20,/lustre/fs1/portfolios/coreai/projects/coreai_dlalgo_nemorl/users/sna/SpecDec-RL-main-vllm020-20260606/vllm-runs/qmath_extra_k_20260620/qwen235b_math500_osl32k_pard_t10_offset0_n4_isl4096_osl32768_bs4_k16_20260620_qmath_extra_eagle3k8_pardk16_pard2k16_qwen235b_pard_k16,True
Math,Qwen3-235B-A22B,1.0,1.0,8,4096.0,32768.0,pard_k16,3460302.0,COMPLETED,21.5785,14.719009309432536,1.4660293737413173,11.4605,1.8337,final breakdown,docs/oci_qmath_extra_k_live_log_metrics_20260620.csv,"OCI Math extra-K sweep, refreshed 2026-06-21",20,/lustre/fs1/portfolios/coreai/projects/coreai_dlalgo_nemorl/users/sna/SpecDec-RL-main-vllm020-20260606/vllm-runs/qmath_extra_k_20260620/qwen235b_math500_osl32k_pard_t10_offset0_n8_isl4096_osl32768_bs8_k16_20260620_qmath_extra_eagle3k8_pardk16_pard2k16_qwen235b_pard_k16,True
Math,Qwen3-235B-A22B,1.0,1.0,16,4096.0,32768.0,pard_k16,3460303.0,COMPLETED,35.4438,29.69275289276811,1.1936852109334937,8.8623,1.418,final breakdown,docs/oci_qmath_extra_k_live_log_metrics_20260620.csv,"OCI Math extra-K sweep, refreshed 2026-06-21",20,/lustre/fs1/portfolios/coreai/projects/coreai_dlalgo_nemorl/users/sna/SpecDec-RL-main-vllm020-20260606/vllm-runs/qmath_extra_k_20260620/qwen235b_math500_osl32k_pard_t10_offset0_n16_isl4096_osl32768_bs16_k16_20260620_qmath_extra_eagle3k8_pardk16_pard2k16_qwen235b_pard_k16,True
Math,Qwen3-235B-A22B,1.0,1.0,32,4096.0,32768.0,pard_k16,3460305.0,COMPLETED,64.293,59.8297335837117,1.074599470011737,11.8869,1.9019,final breakdown,docs/oci_qmath_extra_k_live_log_metrics_20260620.csv,"OCI Math extra-K sweep, refreshed 2026-06-21",20,/lustre/fs1/portfolios/coreai/projects/coreai_dlalgo_nemorl/users/sna/SpecDec-RL-main-vllm020-20260606/vllm-runs/qmath_extra_k_20260620/qwen235b_math500_osl32k_pard_t10_offset0_n32_isl4096_osl32768_bs32_k16_20260620_qmath_extra_eagle3k8_pardk16_pard2k16_qwen235b_pard_k16,True
Math,Qwen3-30B-A3B,1.0,1.0,1,4096.0,32768.0,baseline,2135741.0,COMPLETED,19.36025250977819,19.36025250977819,1.0,,,Lyris Math500 temp0/temp1 home-mount retry 2026-06-16,docs/lyris_math500_osl32k_temp01_home_retry_metrics_live_20260616.csv,Lyris Math500 temp0/temp1 home-mount retry 2026-06-16,55,/home/sna/vllm-runs/math_temp01_core_20260616_home/qwen30ba3b_math500_osl32k_temp01_lyris_baseline_offset0_n4_isl4096_osl32768_bs1_2_20260616_math_temp1_core_home_qwen30ba3b/breakdown.json,True
Math,Qwen3-30B-A3B,1.0,1.0,2,4096.0,32768.0,baseline,2135741.0,COMPLETED,38.81936686254576,38.81936686254576,1.0,,,Lyris Math500 temp0/temp1 home-mount retry 2026-06-16,docs/lyris_math500_osl32k_temp01_home_retry_metrics_live_20260616.csv,Lyris Math500 temp0/temp1 home-mount retry 2026-06-16,55,/home/sna/vllm-runs/math_temp01_core_20260616_home/qwen30ba3b_math500_osl32k_temp01_lyris_baseline_offset0_n4_isl4096_osl32768_bs1_2_20260616_math_temp1_core_home_qwen30ba3b/breakdown.json,True
Math,Qwen3-30B-A3B,1.0,1.0,1,4096.0,32768.0,eagle3_k3,2135743.0,COMPLETED,22.021158197098025,19.36025250977819,1.1374416829520124,10.42031786726488,1.3126095360179464,Lyris Math500 temp0/temp1 home-mount retry 2026-06-16,docs/lyris_math500_osl32k_temp01_home_retry_metrics_live_20260616.csv,Lyris Math500 temp0/temp1 home-mount retry 2026-06-16,55,/home/sna/vllm-runs/math_temp01_core_20260616_home/qwen30ba3b_math500_osl32k_temp01_lyris_eagle3_offset0_n4_isl4096_osl32768_bs1_2_k3_20260616_math_temp1_core_home_qwen30ba3b/breakdown.json,True
Math,Qwen3-30B-A3B,1.0,1.0,2,4096.0,32768.0,eagle3_k3,2135743.0,COMPLETED,42.940114667610494,38.81936686254576,1.106151855069037,10.979930758411772,1.3293979227523531,Lyris Math500 temp0/temp1 home-mount retry 2026-06-16,docs/lyris_math500_osl32k_temp01_home_retry_metrics_live_20260616.csv,Lyris Math500 temp0/temp1 home-mount retry 2026-06-16,55,/home/sna/vllm-runs/math_temp01_core_20260616_home/qwen30ba3b_math500_osl32k_temp01_lyris_eagle3_offset0_n4_isl4096_osl32768_bs1_2_k3_20260616_math_temp1_core_home_qwen30ba3b/breakdown.json,True
Math,Qwen3-30B-A3B,1.0,1.0,1,4096.0,32768.0,eagle3_k8,3460203.0,COMPLETED,24.4483,19.36025250977819,1.2628089425823354,8.9799,0.7184,final breakdown,docs/oci_qmath_extra_k_live_log_metrics_20260620.csv,"OCI Math extra-K sweep, refreshed 2026-06-21",20,/lustre/fs1/portfolios/coreai/projects/coreai_dlalgo_nemorl/users/sna/SpecDec-RL-main-vllm020-20260606/vllm-runs/qmath_extra_k_20260620/qwen30ba3b_math500_osl32k_eagle3_t10_offset0_n1_isl4096_osl32768_bs1_k8_20260620_qmath_extra_eagle3k8_pardk16_pard2k16_qwen30ba3b_eagle3_k8,True
Math,Qwen3-30B-A3B,1.0,1.0,2,4096.0,32768.0,eagle3_k8,3460218.0,COMPLETED,33.9006,38.81936686254576,0.8732909045126246,3.9045,0.3124,final breakdown,docs/oci_qmath_extra_k_live_log_metrics_20260620.csv,"OCI Math extra-K sweep, refreshed 2026-06-21",20,/lustre/fs1/portfolios/coreai/projects/coreai_dlalgo_nemorl/users/sna/SpecDec-RL-main-vllm020-20260606/vllm-runs/qmath_extra_k_20260620/qwen30ba3b_math500_osl32k_eagle3_t10_offset0_n2_isl4096_osl32768_bs2_k8_20260620_qmath_extra_eagle3k8_pardk16_pard2k16_qwen30ba3b_eagle3_k8,True
Math,Qwen3-30B-A3B,1.0,1.0,4,4096.0,32768.0,eagle3_k8,3460228.0,COMPLETED,63.4188,,,5.8562,0.4685,final breakdown,docs/oci_qmath_extra_k_live_log_metrics_20260620.csv,"OCI Math extra-K sweep, refreshed 2026-06-21",20,/lustre/fs1/portfolios/coreai/projects/coreai_dlalgo_nemorl/users/sna/SpecDec-RL-main-vllm020-20260606/vllm-runs/qmath_extra_k_20260620/qwen30ba3b_math500_osl32k_eagle3_t10_offset0_n4_isl4096_osl32768_bs4_k8_20260620_qmath_extra_eagle3k8_pardk16_pard2k16_qwen30ba3b_eagle3_k8,True
Math,Qwen3-30B-A3B,1.0,1.0,8,4096.0,32768.0,eagle3_k8,3460241.0,COMPLETED,134.221,,,3.9717,0.3177,final breakdown,docs/oci_qmath_extra_k_live_log_metrics_20260620.csv,"OCI Math extra-K sweep, refreshed 2026-06-21",20,/lustre/fs1/portfolios/coreai/projects/coreai_dlalgo_nemorl/users/sna/SpecDec-RL-main-vllm020-20260606/vllm-runs/qmath_extra_k_20260620/qwen30ba3b_math500_osl32k_eagle3_t10_offset0_n8_isl4096_osl32768_bs8_k8_20260620_qmath_extra_eagle3k8_pardk16_pard2k16_qwen30ba3b_eagle3_k8,True
Math,Qwen3-30B-A3B,1.0,1.0,16,4096.0,32768.0,eagle3_k8,3460242.0,COMPLETED,250.6135,,,4.3867,0.3509,final breakdown,docs/oci_qmath_extra_k_live_log_metrics_20260620.csv,"OCI Math extra-K sweep, refreshed 2026-06-21",20,/lustre/fs1/portfolios/coreai/projects/coreai_dlalgo_nemorl/users/sna/SpecDec-RL-main-vllm020-20260606/vllm-runs/qmath_extra_k_20260620/qwen30ba3b_math500_osl32k_eagle3_t10_offset0_n16_isl4096_osl32768_bs16_k8_20260620_qmath_extra_eagle3k8_pardk16_pard2k16_qwen30ba3b_eagle3_k8,True
Math,Qwen3-30B-A3B,1.0,1.0,32,4096.0,32768.0,eagle3_k8,3460243.0,COMPLETED,340.9464,,,4.1445,0.3316,final breakdown,docs/oci_qmath_extra_k_live_log_metrics_20260620.csv,"OCI Math extra-K sweep, refreshed 2026-06-21",20,/lustre/fs1/portfolios/coreai/projects/coreai_dlalgo_nemorl/users/sna/SpecDec-RL-main-vllm020-20260606/vllm-runs/qmath_extra_k_20260620/qwen30ba3b_math500_osl32k_eagle3_t10_offset0_n32_isl4096_osl32768_bs32_k8_20260620_qmath_extra_eagle3k8_pardk16_pard2k16_qwen30ba3b_eagle3_k8,True
Math,Qwen3-30B-A3B,1.0,1.0,1,4096.0,32768.0,pard_k16,3460314.0,COMPLETED,60.2711,19.36025250977819,3.1131360486935367,26.9321,4.3091,final breakdown,docs/oci_qmath_extra_k_live_log_metrics_20260620.csv,"OCI Math extra-K sweep, refreshed 2026-06-21",20,/lustre/fs1/portfolios/coreai/projects/coreai_dlalgo_nemorl/users/sna/SpecDec-RL-main-vllm020-20260606/vllm-runs/qmath_extra_k_20260620/qwen30ba3b_math500_osl32k_pard_t10_offset0_n1_isl4096_osl32768_bs1_k16_20260620_qmath_extra_eagle3k8_pardk16_pard2k16_qwen30ba3b_pard_k16,True
Math,Qwen3-30B-A3B,1.0,1.0,2,4096.0,32768.0,pard_k16,3460315.0,COMPLETED,43.1762,38.81936686254576,1.1122334929593574,9.9733,1.5957,final breakdown,docs/oci_qmath_extra_k_live_log_metrics_20260620.csv,"OCI Math extra-K sweep, refreshed 2026-06-21",20,/lustre/fs1/portfolios/coreai/projects/coreai_dlalgo_nemorl/users/sna/SpecDec-RL-main-vllm020-20260606/vllm-runs/qmath_extra_k_20260620/qwen30ba3b_math500_osl32k_pard_t10_offset0_n2_isl4096_osl32768_bs2_k16_20260620_qmath_extra_eagle3k8_pardk16_pard2k16_qwen30ba3b_pard_k16,True
Math,Qwen3-30B-A3B,1.0,1.0,4,4096.0,32768.0,pard_k16,3460316.0,COMPLETED,137.3196,,,20.9384,3.3501,final breakdown,docs/oci_qmath_extra_k_live_log_metrics_20260620.csv,"OCI Math extra-K sweep, refreshed 2026-06-21",20,/lustre/fs1/portfolios/coreai/projects/coreai_dlalgo_nemorl/users/sna/SpecDec-RL-main-vllm020-20260606/vllm-runs/qmath_extra_k_20260620/qwen30ba3b_math500_osl32k_pard_t10_offset0_n4_isl4096_osl32768_bs4_k16_20260620_qmath_extra_eagle3k8_pardk16_pard2k16_qwen30ba3b_pard_k16,True
Math,Qwen3-30B-A3B,1.0,1.0,8,4096.0,32768.0,pard_k16,3460317.0,COMPLETED,223.4431,,,18.3412,2.9346,final breakdown,docs/oci_qmath_extra_k_live_log_metrics_20260620.csv,"OCI Math extra-K sweep, refreshed 2026-06-21",20,/lustre/fs1/portfolios/coreai/projects/coreai_dlalgo_nemorl/users/sna/SpecDec-RL-main-vllm020-20260606/vllm-runs/qmath_extra_k_20260620/qwen30ba3b_math500_osl32k_pard_t10_offset0_n8_isl4096_osl32768_bs8_k16_20260620_qmath_extra_eagle3k8_pardk16_pard2k16_qwen30ba3b_pard_k16,True
Math,Qwen3-30B-A3B,1.0,1.0,16,4096.0,32768.0,pard_k16,3460318.0,COMPLETED,365.8623,,,16.3445,2.6151,final breakdown,docs/oci_qmath_extra_k_live_log_metrics_20260620.csv,"OCI Math extra-K sweep, refreshed 2026-06-21",20,/lustre/fs1/portfolios/coreai/projects/coreai_dlalgo_nemorl/users/sna/SpecDec-RL-main-vllm020-20260606/vllm-runs/qmath_extra_k_20260620/qwen30ba3b_math500_osl32k_pard_t10_offset0_n16_isl4096_osl32768_bs16_k16_20260620_qmath_extra_eagle3k8_pardk16_pard2k16_qwen30ba3b_pard_k16,True
Math,Qwen3-30B-A3B,1.0,1.0,32,4096.0,32768.0,pard_k16,3460319.0,COMPLETED,383.9973,,,15.8549,2.5368,final breakdown,docs/oci_qmath_extra_k_live_log_metrics_20260620.csv,"OCI Math extra-K sweep, refreshed 2026-06-21",20,/lustre/fs1/portfolios/coreai/projects/coreai_dlalgo_nemorl/users/sna/SpecDec-RL-main-vllm020-20260606/vllm-runs/qmath_extra_k_20260620/qwen30ba3b_math500_osl32k_pard_t10_offset0_n32_isl4096_osl32768_bs32_k16_20260620_qmath_extra_eagle3k8_pardk16_pard2k16_qwen30ba3b_pard_k16,True
Math,Qwen3-30B-A3B,1.0,1.0,1,4096.0,32768.0,pard_k3,2139662.0,COMPLETED,36.29858869664507,19.36025250977819,1.8749026480058524,63.654257405228606,2.9096277221568583,Lyris Math500 temp0/temp1 home-mount retry 2026-06-16,docs/lyris_math500_osl32k_temp01_home_retry_metrics_live_20260616.csv,Lyris Math500 temp0/temp1 home-mount retry 2026-06-16,55,/project/coreai_dlalgo_llm/sna/vllm-runs/math_temp01_core_20260616_project_publicpard/qwen30ba3b_math500_osl32k_temp01_lyris_publicpard_pard_offset0_n4_isl4096_osl32768_bs1_2_k3_20260616_math_temp01_project_qwen30ba3b_t10_publicpard_k3/breakdown.json,True
Math,Qwen3-30B-A3B,1.0,1.0,1,4096.0,32768.0,pard_k5,2139663.0,COMPLETED,36.92239144421829,19.36025250977819,1.9071234440547755,41.09016336137587,3.0545081680687933,Lyris Math500 temp0/temp1 home-mount retry 2026-06-16,docs/lyris_math500_osl32k_temp01_home_retry_metrics_live_20260616.csv,Lyris Math500 temp0/temp1 home-mount retry 2026-06-16,55,/project/coreai_dlalgo_llm/sna/vllm-runs/math_temp01_core_20260616_project_publicpard/qwen30ba3b_math500_osl32k_temp01_lyris_publicpard_pard_offset0_n4_isl4096_osl32768_bs1_2_k5_20260616_math_temp01_project_qwen30ba3b_t10_publicpard_k5/breakdown.json,True
Math,Qwen3-30B-A3B,1.0,1.0,1,4096.0,32768.0,suffix_k32,2135742.0,COMPLETED,144.2315081618334,19.36025250977819,7.449877427424415,87.578853088107,7.663885788144057,Lyris Math500 temp0/temp1 home-mount retry 2026-06-16,docs/lyris_math500_osl32k_temp01_home_retry_metrics_live_20260616.csv,Lyris Math500 temp0/temp1 home-mount retry 2026-06-16,55,/home/sna/vllm-runs/math_temp01_core_20260616_home/qwen30ba3b_math500_osl32k_temp01_lyris_suffix_offset0_n4_isl4096_osl32768_bs1_2_k32_arctic_20260616_math_temp1_core_home_qwen30ba3b/breakdown.json,True
Math,Qwen3-30B-A3B,1.0,1.0,2,4096.0,32768.0,suffix_k32,2135742.0,COMPLETED,181.3872398059073,38.81936686254576,4.672596553369238,80.12142789947102,6.661059413027917,Lyris Math500 temp0/temp1 home-mount retry 2026-06-16,docs/lyris_math500_osl32k_temp01_home_retry_metrics_live_20260616.csv,Lyris Math500 temp0/temp1 home-mount retry 2026-06-16,55,/home/sna/vllm-runs/math_temp01_core_20260616_home/qwen30ba3b_math500_osl32k_temp01_lyris_suffix_offset0_n4_isl4096_osl32768_bs1_2_k32_arctic_20260616_math_temp1_core_home_qwen30ba3b/breakdown.json,True
Math,Qwen3-32B,1.0,1.0,1,4096.0,32768.0,eagle3_k8,3460251.0,COMPLETED,11.0631,7.326800295379499,1.509949712560983,11.4077,0.9126,final breakdown,docs/oci_qmath_extra_k_live_log_metrics_20260620.csv,"OCI Math extra-K sweep, refreshed 2026-06-21",20,/lustre/fs1/portfolios/coreai/projects/coreai_dlalgo_nemorl/users/sna/SpecDec-RL-main-vllm020-20260606/vllm-runs/qmath_extra_k_20260620/qwen32_math500_osl32k_eagle3_t10_offset0_n1_isl4096_osl32768_bs1_k8_20260620_qmath_extra_eagle3k8_pardk16_pard2k16_qwen32_eagle3_k8,True
Math,Qwen3-32B,1.0,1.0,2,4096.0,32768.0,eagle3_k8,3460252.0,COMPLETED,21.5824,15.46400301431412,1.395654151129073,14.6578,1.1726,final breakdown,docs/oci_qmath_extra_k_live_log_metrics_20260620.csv,"OCI Math extra-K sweep, refreshed 2026-06-21",20,/lustre/fs1/portfolios/coreai/projects/coreai_dlalgo_nemorl/users/sna/SpecDec-RL-main-vllm020-20260606/vllm-runs/qmath_extra_k_20260620/qwen32_math500_osl32k_eagle3_t10_offset0_n2_isl4096_osl32768_bs2_k8_20260620_qmath_extra_eagle3k8_pardk16_pard2k16_qwen32_eagle3_k8,True
Math,Qwen3-32B,1.0,1.0,4,4096.0,32768.0,eagle3_k8,3460253.0,COMPLETED,35.8902,31.175527107356316,1.1512299335439684,16.623,1.3298,final breakdown,docs/oci_qmath_extra_k_live_log_metrics_20260620.csv,"OCI Math extra-K sweep, refreshed 2026-06-21",20,/lustre/fs1/portfolios/coreai/projects/coreai_dlalgo_nemorl/users/sna/SpecDec-RL-main-vllm020-20260606/vllm-runs/qmath_extra_k_20260620/qwen32_math500_osl32k_eagle3_t10_offset0_n4_isl4096_osl32768_bs4_k8_20260620_qmath_extra_eagle3k8_pardk16_pard2k16_qwen32_eagle3_k8,True
Math,Qwen3-32B,1.0,1.0,8,4096.0,32768.0,eagle3_k8,3460254.0,COMPLETED,73.8494,62.33908580689244,1.184640407284172,27.7341,2.2187,final breakdown,docs/oci_qmath_extra_k_live_log_metrics_20260620.csv,"OCI Math extra-K sweep, refreshed 2026-06-21",20,/lustre/fs1/portfolios/coreai/projects/coreai_dlalgo_nemorl/users/sna/SpecDec-RL-main-vllm020-20260606/vllm-runs/qmath_extra_k_20260620/qwen32_math500_osl32k_eagle3_t10_offset0_n8_isl4096_osl32768_bs8_k8_20260620_qmath_extra_eagle3k8_pardk16_pard2k16_qwen32_eagle3_k8,True
Math,Qwen3-32B,1.0,1.0,16,4096.0,32768.0,eagle3_k8,3460255.0,COMPLETED,91.9059,124.94932148908092,0.7355454107690491,23.8034,1.9043,final breakdown,docs/oci_qmath_extra_k_live_log_metrics_20260620.csv,"OCI Math extra-K sweep, refreshed 2026-06-21",20,/lustre/fs1/portfolios/coreai/projects/coreai_dlalgo_nemorl/users/sna/SpecDec-RL-main-vllm020-20260606/vllm-runs/qmath_extra_k_20260620/qwen32_math500_osl32k_eagle3_t10_offset0_n16_isl4096_osl32768_bs16_k8_20260620_qmath_extra_eagle3k8_pardk16_pard2k16_qwen32_eagle3_k8,True
Math,Qwen3-32B,1.0,1.0,32,4096.0,32768.0,eagle3_k8,3460256.0,COMPLETED,196.777,208.0101600139665,0.9459970608492764,26.0296,2.0824,final breakdown,docs/oci_qmath_extra_k_live_log_metrics_20260620.csv,"OCI Math extra-K sweep, refreshed 2026-06-21",20,/lustre/fs1/portfolios/coreai/projects/coreai_dlalgo_nemorl/users/sna/SpecDec-RL-main-vllm020-20260606/vllm-runs/qmath_extra_k_20260620/qwen32_math500_osl32k_eagle3_t10_offset0_n32_isl4096_osl32768_bs32_k8_20260620_qmath_extra_eagle3k8_pardk16_pard2k16_qwen32_eagle3_k8,True
Math,Qwen3-32B,1.0,1.0,1,4096.0,32768.0,pard2_k16,3463112.0,FAILED,,7.326800295379499,,,,live log,docs/oci_qmath_pard_pard2_k16_focus_live_log_metrics_20260620.csv,"OCI Math Qwen32 PARD/PARD-2 K16 retry, refreshed 2026-06-21",30,/lustre/fs1/portfolios/coreai/projects/coreai_dlalgo_nemorl/users/sna/SpecDec-RL-main-vllm020-20260606/vllm-runs/qmath_pard_pard2_k16_focus_20260620/qwen32_math500_osl32k_pard2_t10_offset0_n1_isl4096_osl32768_bs1_k16_20260620_qmath_pard_pard2_k16_focus,False
Math,Qwen3-32B,1.0,1.0,2,4096.0,32768.0,pard2_k16,3463113.0,FAILED,,15.46400301431412,,,,live log,docs/oci_qmath_pard_pard2_k16_focus_live_log_metrics_20260620.csv,"OCI Math Qwen32 PARD/PARD-2 K16 retry, refreshed 2026-06-21",30,/lustre/fs1/portfolios/coreai/projects/coreai_dlalgo_nemorl/users/sna/SpecDec-RL-main-vllm020-20260606/vllm-runs/qmath_pard_pard2_k16_focus_20260620/qwen32_math500_osl32k_pard2_t10_offset0_n2_isl4096_osl32768_bs2_k16_20260620_qmath_pard_pard2_k16_focus,False
Math,Qwen3-32B,1.0,1.0,4,4096.0,32768.0,pard2_k16,3463115.0,FAILED,,31.175527107356316,,,,live log,docs/oci_qmath_pard_pard2_k16_focus_live_log_metrics_20260620.csv,"OCI Math Qwen32 PARD/PARD-2 K16 retry, refreshed 2026-06-21",30,/lustre/fs1/portfolios/coreai/projects/coreai_dlalgo_nemorl/users/sna/SpecDec-RL-main-vllm020-20260606/vllm-runs/qmath_pard_pard2_k16_focus_20260620/qwen32_math500_osl32k_pard2_t10_offset0_n4_isl4096_osl32768_bs4_k16_20260620_qmath_pard_pard2_k16_focus,False
Math,Qwen3-32B,1.0,1.0,8,4096.0,32768.0,pard2_k16,3463117.0,FAILED,,62.33908580689244,,,,live log,docs/oci_qmath_pard_pard2_k16_focus_live_log_metrics_20260620.csv,"OCI Math Qwen32 PARD/PARD-2 K16 retry, refreshed 2026-06-21",30,/lustre/fs1/portfolios/coreai/projects/coreai_dlalgo_nemorl/users/sna/SpecDec-RL-main-vllm020-20260606/vllm-runs/qmath_pard_pard2_k16_focus_20260620/qwen32_math500_osl32k_pard2_t10_offset0_n8_isl4096_osl32768_bs8_k16_20260620_qmath_pard_pard2_k16_focus,False
Math,Qwen3-32B,1.0,1.0,16,4096.0,32768.0,pard2_k16,3463118.0,FAILED,,124.94932148908092,,,,live log,docs/oci_qmath_pard_pard2_k16_focus_live_log_metrics_20260620.csv,"OCI Math Qwen32 PARD/PARD-2 K16 retry, refreshed 2026-06-21",30,/lustre/fs1/portfolios/coreai/projects/coreai_dlalgo_nemorl/users/sna/SpecDec-RL-main-vllm020-20260606/vllm-runs/qmath_pard_pard2_k16_focus_20260620/qwen32_math500_osl32k_pard2_t10_offset0_n16_isl4096_osl32768_bs16_k16_20260620_qmath_pard_pard2_k16_focus,False
Math,Qwen3-32B,1.0,1.0,32,4096.0,32768.0,pard2_k16,3463120.0,FAILED,,208.0101600139665,,,,live log,docs/oci_qmath_pard_pard2_k16_focus_live_log_metrics_20260620.csv,"OCI Math Qwen32 PARD/PARD-2 K16 retry, refreshed 2026-06-21",30,/lustre/fs1/portfolios/coreai/projects/coreai_dlalgo_nemorl/users/sna/SpecDec-RL-main-vllm020-20260606/vllm-runs/qmath_pard_pard2_k16_focus_20260620/qwen32_math500_osl32k_pard2_t10_offset0_n32_isl4096_osl32768_bs32_k16_20260620_qmath_pard_pard2_k16_focus,False
Math,Qwen3-32B,1.0,1.0,1,4096.0,32768.0,pard_k16,3460346.0,COMPLETED,14.2184,7.326800295379499,1.940601548668735,12.6529,2.0245,final breakdown,docs/oci_qmath_extra_k_live_log_metrics_20260620.csv,"OCI Math extra-K sweep, refreshed 2026-06-21",20,/lustre/fs1/portfolios/coreai/projects/coreai_dlalgo_nemorl/users/sna/SpecDec-RL-main-vllm020-20260606/vllm-runs/qmath_extra_k_20260620/qwen32_math500_osl32k_pard_t10_offset0_n1_isl4096_osl32768_bs1_k16_20260620_qmath_extra_eagle3k8_pardk16_pard2k16_qwen32_pard_k16,True
Math,Qwen3-32B,1.0,1.0,2,4096.0,32768.0,pard_k16,3463077.0,COMPLETED,18.7918,15.46400301431412,1.2151963487465394,11.4813,1.837,final breakdown,docs/oci_qmath_pard_pard2_k16_focus_live_log_metrics_20260620.csv,"OCI Math Qwen32 PARD/PARD-2 K16 retry, refreshed 2026-06-21",30,/lustre/fs1/portfolios/coreai/projects/coreai_dlalgo_nemorl/users/sna/SpecDec-RL-main-vllm020-20260606/vllm-runs/qmath_pard_pard2_k16_focus_20260620/qwen32_math500_osl32k_pard_t10_offset0_n2_isl4096_osl32768_bs2_k16_20260620_qmath_pard_pard2_k16_focus,True
Math,Qwen3-32B,1.0,1.0,4,4096.0,32768.0,pard_k16,3463079.0,COMPLETED,23.2253,31.175527107356316,0.7449849980088918,4.8716,0.7795,final breakdown,docs/oci_qmath_pard_pard2_k16_focus_live_log_metrics_20260620.csv,"OCI Math Qwen32 PARD/PARD-2 K16 retry, refreshed 2026-06-21",30,/lustre/fs1/portfolios/coreai/projects/coreai_dlalgo_nemorl/users/sna/SpecDec-RL-main-vllm020-20260606/vllm-runs/qmath_pard_pard2_k16_focus_20260620/qwen32_math500_osl32k_pard_t10_offset0_n4_isl4096_osl32768_bs4_k16_20260620_qmath_pard_pard2_k16_focus,True
Math,Qwen3-32B,1.0,1.0,8,4096.0,32768.0,pard_k16,3463085.0,COMPLETED,49.1491,62.33908580689244,0.7884154758420582,9.4058,1.5049,final breakdown,docs/oci_qmath_pard_pard2_k16_focus_live_log_metrics_20260620.csv,"OCI Math Qwen32 PARD/PARD-2 K16 retry, refreshed 2026-06-21",30,/lustre/fs1/portfolios/coreai/projects/coreai_dlalgo_nemorl/users/sna/SpecDec-RL-main-vllm020-20260606/vllm-runs/qmath_pard_pard2_k16_focus_20260620/qwen32_math500_osl32k_pard_t10_offset0_n8_isl4096_osl32768_bs8_k16_20260620_qmath_pard_pard2_k16_focus,True
Math,Qwen3-32B,1.0,1.0,16,4096.0,32768.0,pard_k16,3463087.0,COMPLETED,72.1916,124.94932148908092,0.5777670429871736,10.8988,1.7438,final breakdown,docs/oci_qmath_pard_pard2_k16_focus_live_log_metrics_20260620.csv,"OCI Math Qwen32 PARD/PARD-2 K16 retry, refreshed 2026-06-21",30,/lustre/fs1/portfolios/coreai/projects/coreai_dlalgo_nemorl/users/sna/SpecDec-RL-main-vllm020-20260606/vllm-runs/qmath_pard_pard2_k16_focus_20260620/qwen32_math500_osl32k_pard_t10_offset0_n16_isl4096_osl32768_bs16_k16_20260620_qmath_pard_pard2_k16_focus,True
Math,Qwen3-32B,1.0,1.0,32,4096.0,32768.0,pard_k16,3463089.0,COMPLETED,109.4968,208.0101600139665,0.5264012103670705,8.4613,1.3538,final breakdown,docs/oci_qmath_pard_pard2_k16_focus_live_log_metrics_20260620.csv,"OCI Math Qwen32 PARD/PARD-2 K16 retry, refreshed 2026-06-21",30,/lustre/fs1/portfolios/coreai/projects/coreai_dlalgo_nemorl/users/sna/SpecDec-RL-main-vllm020-20260606/vllm-runs/qmath_pard_pard2_k16_focus_20260620/qwen32_math500_osl32k_pard_t10_offset0_n32_isl4096_osl32768_bs32_k16_20260620_qmath_pard_pard2_k16_focus,True
Math,Qwen3-8B,1.0,1.0,1,4096.0,32768.0,baseline,2136606.0,COMPLETED,36.33346520830202,36.33346520830202,1.0,,,Lyris Math500 temp0/temp1 home-mount retry 2026-06-16,docs/lyris_math500_osl32k_temp01_home_retry_metrics_live_20260616.csv,Lyris Math500 temp0/temp1 home-mount retry 2026-06-16,55,/home/sna/vllm-runs/math_temp01_core_20260616_home_mount/qwen8_math500_osl32k_temp01_lyris_baseline_offset0_n4_isl4096_osl32768_bs1_2_20260616_math_temp1_core_home_mount_qwen8_baseline/breakdown.json,True
Math,Qwen3-8B,1.0,1.0,2,4096.0,32768.0,baseline,2136606.0,COMPLETED,72.38594162493035,72.38594162493035,1.0,,,Lyris Math500 temp0/temp1 home-mount retry 2026-06-16,docs/lyris_math500_osl32k_temp01_home_retry_metrics_live_20260616.csv,Lyris Math500 temp0/temp1 home-mount retry 2026-06-16,55,/home/sna/vllm-runs/math_temp01_core_20260616_home_mount/qwen8_math500_osl32k_temp01_lyris_baseline_offset0_n4_isl4096_osl32768_bs1_2_20260616_math_temp1_core_home_mount_qwen8_baseline/breakdown.json,True
Math,Qwen3-8B,1.0,1.0,1,4096.0,32768.0,eagle3_k3,2135747.0,COMPLETED,80.8726587496727,36.33346520830202,2.225844914214064,72.18170401854714,3.165451120556414,Lyris Math500 temp0/temp1 home-mount retry 2026-06-16,docs/lyris_math500_osl32k_temp01_home_retry_metrics_live_20260616.csv,Lyris Math500 temp0/temp1 home-mount retry 2026-06-16,55,/home/sna/vllm-runs/math_temp01_core_20260616_home/qwen8_math500_osl32k_temp01_lyris_eagle3_offset0_n4_isl4096_osl32768_bs1_2_k3_20260616_math_temp1_core_home_qwen8/breakdown.json,True
Math,Qwen3-8B,1.0,1.0,2,4096.0,32768.0,eagle3_k3,2135747.0,COMPLETED,118.357253605807,72.38594162493035,1.6350861914469277,65.03512247838617,2.951053674351585,Lyris Math500 temp0/temp1 home-mount retry 2026-06-16,docs/lyris_math500_osl32k_temp01_home_retry_metrics_live_20260616.csv,Lyris Math500 temp0/temp1 home-mount retry 2026-06-16,55,/home/sna/vllm-runs/math_temp01_core_20260616_home/qwen8_math500_osl32k_temp01_lyris_eagle3_offset0_n4_isl4096_osl32768_bs1_2_k3_20260616_math_temp1_core_home_qwen8/breakdown.json,True
Math,Qwen3-8B,1.0,1.0,1,4096.0,32768.0,eagle3_k8,3460268.0,COMPLETED,79.7124,36.33346520830202,2.1939113030646498,39.0853,3.1268,final breakdown,docs/oci_qmath_extra_k_live_log_metrics_20260620.csv,"OCI Math extra-K sweep, refreshed 2026-06-21",20,/lustre/fs1/portfolios/coreai/projects/coreai_dlalgo_nemorl/users/sna/SpecDec-RL-main-vllm020-20260606/vllm-runs/qmath_extra_k_20260620/qwen8_math500_osl32k_eagle3_t10_offset0_n1_isl4096_osl32768_bs1_k8_20260620_qmath_extra_eagle3k8_pardk16_pard2k16_qwen8_eagle3_k8,True
Math,Qwen3-8B,1.0,1.0,2,4096.0,32768.0,eagle3_k8,3460269.0,COMPLETED,125.9569,72.38594162493035,1.740074069252963,31.2757,2.5021,final breakdown,docs/oci_qmath_extra_k_live_log_metrics_20260620.csv,"OCI Math extra-K sweep, refreshed 2026-06-21",20,/lustre/fs1/portfolios/coreai/projects/coreai_dlalgo_nemorl/users/sna/SpecDec-RL-main-vllm020-20260606/vllm-runs/qmath_extra_k_20260620/qwen8_math500_osl32k_eagle3_t10_offset0_n2_isl4096_osl32768_bs2_k8_20260620_qmath_extra_eagle3k8_pardk16_pard2k16_qwen8_eagle3_k8,True
Math,Qwen3-8B,1.0,1.0,4,4096.0,32768.0,eagle3_k8,3460270.0,COMPLETED,79.3074,,,16.7147,1.3372,final breakdown,docs/oci_qmath_extra_k_live_log_metrics_20260620.csv,"OCI Math extra-K sweep, refreshed 2026-06-21",20,/lustre/fs1/portfolios/coreai/projects/coreai_dlalgo_nemorl/users/sna/SpecDec-RL-main-vllm020-20260606/vllm-runs/qmath_extra_k_20260620/qwen8_math500_osl32k_eagle3_t10_offset0_n4_isl4096_osl32768_bs4_k8_20260620_qmath_extra_eagle3k8_pardk16_pard2k16_qwen8_eagle3_k8,True
Math,Qwen3-8B,1.0,1.0,8,4096.0,32768.0,eagle3_k8,3460271.0,COMPLETED,369.9879,,,31.7596,2.5408,final breakdown,docs/oci_qmath_extra_k_live_log_metrics_20260620.csv,"OCI Math extra-K sweep, refreshed 2026-06-21",20,/lustre/fs1/portfolios/coreai/projects/coreai_dlalgo_nemorl/users/sna/SpecDec-RL-main-vllm020-20260606/vllm-runs/qmath_extra_k_20260620/qwen8_math500_osl32k_eagle3_t10_offset0_n8_isl4096_osl32768_bs8_k8_20260620_qmath_extra_eagle3k8_pardk16_pard2k16_qwen8_eagle3_k8,True
Math,Qwen3-8B,1.0,1.0,16,4096.0,32768.0,eagle3_k8,3460274.0,COMPLETED,448.2063,,,29.2557,2.3405,final breakdown,docs/oci_qmath_extra_k_live_log_metrics_20260620.csv,"OCI Math extra-K sweep, refreshed 2026-06-21",20,/lustre/fs1/portfolios/coreai/projects/coreai_dlalgo_nemorl/users/sna/SpecDec-RL-main-vllm020-20260606/vllm-runs/qmath_extra_k_20260620/qwen8_math500_osl32k_eagle3_t10_offset0_n16_isl4096_osl32768_bs16_k8_20260620_qmath_extra_eagle3k8_pardk16_pard2k16_qwen8_eagle3_k8,True
Math,Qwen3-8B,1.0,1.0,32,4096.0,32768.0,eagle3_k8,3460279.0,COMPLETED,887.4152,,,28.3518,2.2681,final breakdown,docs/oci_qmath_extra_k_live_log_metrics_20260620.csv,"OCI Math extra-K sweep, refreshed 2026-06-21",20,/lustre/fs1/portfolios/coreai/projects/coreai_dlalgo_nemorl/users/sna/SpecDec-RL-main-vllm020-20260606/vllm-runs/qmath_extra_k_20260620/qwen8_math500_osl32k_eagle3_t10_offset0_n32_isl4096_osl32768_bs32_k8_20260620_qmath_extra_eagle3k8_pardk16_pard2k16_qwen8_eagle3_k8,True
Math,Qwen3-8B,1.0,1.0,1,4096.0,32768.0,pard2_k1,3457991.0,COMPLETED,15.8728,36.33346520830202,0.436864469408581,3.1739,0.0317,final breakdown,docs/oci_qmath_pard2_k_sweep_live_log_metrics_20260620.csv,"OCI Math PARD-2 K sweep, refreshed 2026-06-21",10,/lustre/fs1/portfolios/coreai/projects/coreai_dlalgo_nemorl/users/sna/SpecDec-RL-main-vllm020-20260606/vllm-runs/qmath_pard2_ksweep_retry_repo_offline_20260620/qwen8_math500_osl32k_pard2_t10_offset0_n1_isl4096_osl32768_bs1_k1_repooffline_20260620,True
Math,Qwen3-8B,1.0,1.0,2,4096.0,32768.0,pard2_k1,3457992.0,COMPLETED,32.2629,72.38594162493035,0.4457067114933872,2.5587,0.0256,final breakdown,docs/oci_qmath_pard2_k_sweep_live_log_metrics_20260620.csv,"OCI Math PARD-2 K sweep, refreshed 2026-06-21",10,/lustre/fs1/portfolios/coreai/projects/coreai_dlalgo_nemorl/users/sna/SpecDec-RL-main-vllm020-20260606/vllm-runs/qmath_pard2_ksweep_retry_repo_offline_20260620/qwen8_math500_osl32k_pard2_t10_offset0_n2_isl4096_osl32768_bs2_k1_repooffline_20260620,True
Math,Qwen3-8B,1.0,1.0,4,4096.0,32768.0,pard2_k1,3457994.0,COMPLETED,52.484,,,9.3555,0.0936,final breakdown,docs/oci_qmath_pard2_k_sweep_live_log_metrics_20260620.csv,"OCI Math PARD-2 K sweep, refreshed 2026-06-21",10,/lustre/fs1/portfolios/coreai/projects/coreai_dlalgo_nemorl/users/sna/SpecDec-RL-main-vllm020-20260606/vllm-runs/qmath_pard2_ksweep_retry_repo_offline_20260620/qwen8_math500_osl32k_pard2_t10_offset0_n4_isl4096_osl32768_bs4_k1_repooffline_20260620,True
Math,Qwen3-8B,1.0,1.0,8,4096.0,32768.0,pard2_k1,3457411.0,COMPLETED,114.6851,,,0.8693,0.0087,final breakdown,docs/oci_qmath_pard2_k_sweep_live_log_metrics_20260620.csv,"OCI Math PARD-2 K sweep, refreshed 2026-06-21",10,/lustre/fs1/portfolios/coreai/projects/coreai_dlalgo_nemorl/users/sna/SpecDec-RL-main-vllm020-20260606/vllm-runs/qmath_pard2_ksweep_20260620/qwen8_math500_osl32k_pard2_t10_offset0_n8_isl4096_osl32768_bs8_k1_20260620_qmath_pard2_ksweep_qwen8_k1,True
Math,Qwen3-8B,1.0,1.0,16,4096.0,32768.0,pard2_k1,3457422.0,COMPLETED,230.9693,,,0.7712,0.0077,final breakdown,docs/oci_qmath_pard2_k_sweep_live_log_metrics_20260620.csv,"OCI Math PARD-2 K sweep, refreshed 2026-06-21",10,/lustre/fs1/portfolios/coreai/projects/coreai_dlalgo_nemorl/users/sna/SpecDec-RL-main-vllm020-20260606/vllm-runs/qmath_pard2_ksweep_20260620/qwen8_math500_osl32k_pard2_t10_offset0_n16_isl4096_osl32768_bs16_k1_20260620_qmath_pard2_ksweep_qwen8_k1,True
Math,Qwen3-8B,1.0,1.0,32,4096.0,32768.0,pard2_k1,3457436.0,COMPLETED,255.1883,,,2.0463,0.0205,final breakdown,docs/oci_qmath_pard2_k_sweep_live_log_metrics_20260620.csv,"OCI Math PARD-2 K sweep, refreshed 2026-06-21",10,/lustre/fs1/portfolios/coreai/projects/coreai_dlalgo_nemorl/users/sna/SpecDec-RL-main-vllm020-20260606/vllm-runs/qmath_pard2_ksweep_20260620/qwen8_math500_osl32k_pard2_t10_offset0_n32_isl4096_osl32768_bs32_k1_20260620_qmath_pard2_ksweep_qwen8_k1,True
Math,Qwen3-8B,1.0,1.0,1,4096.0,32768.0,pard2_k11,3457595.0,COMPLETED,14.9651,36.33346520830202,0.4118819912773017,0.0117,0.0013,final breakdown,docs/oci_qmath_pard2_k_sweep_live_log_metrics_20260620.csv,"OCI Math PARD-2 K sweep, refreshed 2026-06-21",10,/lustre/fs1/portfolios/coreai/projects/coreai_dlalgo_nemorl/users/sna/SpecDec-RL-main-vllm020-20260606/vllm-runs/qmath_pard2_ksweep_20260620/qwen8_math500_osl32k_pard2_t10_offset0_n1_isl4096_osl32768_bs1_k11_20260620_qmath_pard2_ksweep_qwen8_k11,True
Math,Qwen3-8B,1.0,1.0,2,4096.0,32768.0,pard2_k11,3457596.0,COMPLETED,30.1885,72.38594162493035,0.417049213180406,0.0598,0.0066,final breakdown,docs/oci_qmath_pard2_k_sweep_live_log_metrics_20260620.csv,"OCI Math PARD-2 K sweep, refreshed 2026-06-21",10,/lustre/fs1/portfolios/coreai/projects/coreai_dlalgo_nemorl/users/sna/SpecDec-RL-main-vllm020-20260606/vllm-runs/qmath_pard2_ksweep_20260620/qwen8_math500_osl32k_pard2_t10_offset0_n2_isl4096_osl32768_bs2_k11_20260620_qmath_pard2_ksweep_qwen8_k11,True
Math,Qwen3-8B,1.0,1.0,4,4096.0,32768.0,pard2_k11,3457597.0,COMPLETED,60.7891,,,0.0319,0.0035,final breakdown,docs/oci_qmath_pard2_k_sweep_live_log_metrics_20260620.csv,"OCI Math PARD-2 K sweep, refreshed 2026-06-21",10,/lustre/fs1/portfolios/coreai/projects/coreai_dlalgo_nemorl/users/sna/SpecDec-RL-main-vllm020-20260606/vllm-runs/qmath_pard2_ksweep_20260620/qwen8_math500_osl32k_pard2_t10_offset0_n4_isl4096_osl32768_bs4_k11_20260620_qmath_pard2_ksweep_qwen8_k11,True
Math,Qwen3-8B,1.0,1.0,8,4096.0,32768.0,pard2_k11,3457598.0,COMPLETED,113.7742,,,0.0753,0.0083,final breakdown,docs/oci_qmath_pard2_k_sweep_live_log_metrics_20260620.csv,"OCI Math PARD-2 K sweep, refreshed 2026-06-21",10,/lustre/fs1/portfolios/coreai/projects/coreai_dlalgo_nemorl/users/sna/SpecDec-RL-main-vllm020-20260606/vllm-runs/qmath_pard2_ksweep_20260620/qwen8_math500_osl32k_pard2_t10_offset0_n8_isl4096_osl32768_bs8_k11_20260620_qmath_pard2_ksweep_qwen8_k11,True
Math,Qwen3-8B,1.0,1.0,16,4096.0,32768.0,pard2_k11,3457599.0,COMPLETED,198.1791,,,0.1057,0.0116,final breakdown,docs/oci_qmath_pard2_k_sweep_live_log_metrics_20260620.csv,"OCI Math PARD-2 K sweep, refreshed 2026-06-21",10,/lustre/fs1/portfolios/coreai/projects/coreai_dlalgo_nemorl/users/sna/SpecDec-RL-main-vllm020-20260606/vllm-runs/qmath_pard2_ksweep_20260620/qwen8_math500_osl32k_pard2_t10_offset0_n16_isl4096_osl32768_bs16_k11_20260620_qmath_pard2_ksweep_qwen8_k11,True
Math,Qwen3-8B,1.0,1.0,32,4096.0,32768.0,pard2_k11,3457601.0,COMPLETED,210.5912,,,0.1133,0.0125,final breakdown,docs/oci_qmath_pard2_k_sweep_live_log_metrics_20260620.csv,"OCI Math PARD-2 K sweep, refreshed 2026-06-21",10,/lustre/fs1/portfolios/coreai/projects/coreai_dlalgo_nemorl/users/sna/SpecDec-RL-main-vllm020-20260606/vllm-runs/qmath_pard2_ksweep_20260620/qwen8_math500_osl32k_pard2_t10_offset0_n32_isl4096_osl32768_bs32_k11_20260620_qmath_pard2_ksweep_qwen8_k11,True
Math,Qwen3-8B,1.0,1.0,1,4096.0,32768.0,pard2_k16,3460408.0,COMPLETED,14.9464,36.33346520830202,0.4113673142462838,0.008,0.0013,final breakdown,docs/oci_qmath_extra_k_live_log_metrics_20260620.csv,"OCI Math extra-K sweep, refreshed 2026-06-21",20,/lustre/fs1/portfolios/coreai/projects/coreai_dlalgo_nemorl/users/sna/SpecDec-RL-main-vllm020-20260606/vllm-runs/qmath_extra_k_20260620/qwen8_math500_osl32k_pard2_t10_offset0_n1_isl4096_osl32768_bs1_k16_20260620_qmath_extra_eagle3k8_pardk16_pard2k16_qwen8_pard2_k16,True
Math,Qwen3-8B,1.0,1.0,2,4096.0,32768.0,pard2_k16,3460409.0,COMPLETED,30.6598,72.38594162493035,0.4235601459585144,0.0411,0.0066,final breakdown,docs/oci_qmath_extra_k_live_log_metrics_20260620.csv,"OCI Math extra-K sweep, refreshed 2026-06-21",20,/lustre/fs1/portfolios/coreai/projects/coreai_dlalgo_nemorl/users/sna/SpecDec-RL-main-vllm020-20260606/vllm-runs/qmath_extra_k_20260620/qwen8_math500_osl32k_pard2_t10_offset0_n2_isl4096_osl32768_bs2_k16_20260620_qmath_extra_eagle3k8_pardk16_pard2k16_qwen8_pard2_k16,True
Math,Qwen3-8B,1.0,1.0,4,4096.0,32768.0,pard2_k16,3460410.0,COMPLETED,59.6915,,,0.0226,0.0036,final breakdown,docs/oci_qmath_extra_k_live_log_metrics_20260620.csv,"OCI Math extra-K sweep, refreshed 2026-06-21",20,/lustre/fs1/portfolios/coreai/projects/coreai_dlalgo_nemorl/users/sna/SpecDec-RL-main-vllm020-20260606/vllm-runs/qmath_extra_k_20260620/qwen8_math500_osl32k_pard2_t10_offset0_n4_isl4096_osl32768_bs4_k16_20260620_qmath_extra_eagle3k8_pardk16_pard2k16_qwen8_pard2_k16,True
Math,Qwen3-8B,1.0,1.0,8,4096.0,32768.0,pard2_k16,3460411.0,COMPLETED,111.4822,,,0.0961,0.0154,final breakdown,docs/oci_qmath_extra_k_live_log_metrics_20260620.csv,"OCI Math extra-K sweep, refreshed 2026-06-21",20,/lustre/fs1/portfolios/coreai/projects/coreai_dlalgo_nemorl/users/sna/SpecDec-RL-main-vllm020-20260606/vllm-runs/qmath_extra_k_20260620/qwen8_math500_osl32k_pard2_t10_offset0_n8_isl4096_osl32768_bs8_k16_20260620_qmath_extra_eagle3k8_pardk16_pard2k16_qwen8_pard2_k16,True
Math,Qwen3-8B,1.0,1.0,16,4096.0,32768.0,pard2_k16,3460412.0,COMPLETED,183.1437,,,0.0445,0.0071,final breakdown,docs/oci_qmath_extra_k_live_log_metrics_20260620.csv,"OCI Math extra-K sweep, refreshed 2026-06-21",20,/lustre/fs1/portfolios/coreai/projects/coreai_dlalgo_nemorl/users/sna/SpecDec-RL-main-vllm020-20260606/vllm-runs/qmath_extra_k_20260620/qwen8_math500_osl32k_pard2_t10_offset0_n16_isl4096_osl32768_bs16_k16_20260620_qmath_extra_eagle3k8_pardk16_pard2k16_qwen8_pard2_k16,True
Math,Qwen3-8B,1.0,1.0,32,4096.0,32768.0,pard2_k16,3460413.0,COMPLETED,180.0199,,,0.0954,0.0153,final breakdown,docs/oci_qmath_extra_k_live_log_metrics_20260620.csv,"OCI Math extra-K sweep, refreshed 2026-06-21",20,/lustre/fs1/portfolios/coreai/projects/coreai_dlalgo_nemorl/users/sna/SpecDec-RL-main-vllm020-20260606/vllm-runs/qmath_extra_k_20260620/qwen8_math500_osl32k_pard2_t10_offset0_n32_isl4096_osl32768_bs32_k16_20260620_qmath_extra_eagle3k8_pardk16_pard2k16_qwen8_pard2_k16,True
Math,Qwen3-8B,1.0,1.0,1,4096.0,32768.0,pard2_k3,2135748.0,COMPLETED,28.13831945805976,36.33346520830202,0.7744463484762882,26.893015177205243,1.8067904553161571,Lyris Math500 temp0/temp1 home-mount retry 2026-06-16,docs/lyris_math500_osl32k_temp01_home_retry_metrics_live_20260616.csv,Lyris Math500 temp0/temp1 home-mount retry 2026-06-16,55,/home/sna/vllm-runs/math_temp01_core_20260616_home/qwen8_math500_osl32k_temp01_lyris_pard2_offset0_n4_isl4096_osl32768_bs1_2_k3_20260616_math_temp1_core_home_qwen8_pard2_k3/breakdown.json,True
Math,Qwen3-8B,1.0,1.0,2,4096.0,32768.0,pard2_k3,2135748.0,COMPLETED,44.91191976453368,72.38594162493035,0.6204508604342811,23.704583730433303,1.7111375119129992,Lyris Math500 temp0/temp1 home-mount retry 2026-06-16,docs/lyris_math500_osl32k_temp01_home_retry_metrics_live_20260616.csv,Lyris Math500 temp0/temp1 home-mount retry 2026-06-16,55,/home/sna/vllm-runs/math_temp01_core_20260616_home/qwen8_math500_osl32k_temp01_lyris_pard2_offset0_n4_isl4096_osl32768_bs1_2_k3_20260616_math_temp1_core_home_qwen8_pard2_k3/breakdown.json,True
Math,Qwen3-8B,1.0,1.0,4,4096.0,32768.0,pard2_k3,3457546.0,COMPLETED,62.0388,,,0.1159,0.0035,final breakdown,docs/oci_qmath_pard2_k_sweep_live_log_metrics_20260620.csv,"OCI Math PARD-2 K sweep, refreshed 2026-06-21",10,/lustre/fs1/portfolios/coreai/projects/coreai_dlalgo_nemorl/users/sna/SpecDec-RL-main-vllm020-20260606/vllm-runs/qmath_pard2_ksweep_20260620/qwen8_math500_osl32k_pard2_t10_offset0_n4_isl4096_osl32768_bs4_k3_20260620_qmath_pard2_ksweep_qwen8_k3,True
Math,Qwen3-8B,1.0,1.0,8,4096.0,32768.0,pard2_k3,3457547.0,COMPLETED,114.3615,,,0.5191,0.0156,final breakdown,docs/oci_qmath_pard2_k_sweep_live_log_metrics_20260620.csv,"OCI Math PARD-2 K sweep, refreshed 2026-06-21",10,/lustre/fs1/portfolios/coreai/projects/coreai_dlalgo_nemorl/users/sna/SpecDec-RL-main-vllm020-20260606/vllm-runs/qmath_pard2_ksweep_20260620/qwen8_math500_osl32k_pard2_t10_offset0_n8_isl4096_osl32768_bs8_k3_20260620_qmath_pard2_ksweep_qwen8_k3,True
Math,Qwen3-8B,1.0,1.0,16,4096.0,32768.0,pard2_k3,3457548.0,COMPLETED,230.5456,,,0.4694,0.0141,final breakdown,docs/oci_qmath_pard2_k_sweep_live_log_metrics_20260620.csv,"OCI Math PARD-2 K sweep, refreshed 2026-06-21",10,/lustre/fs1/portfolios/coreai/projects/coreai_dlalgo_nemorl/users/sna/SpecDec-RL-main-vllm020-20260606/vllm-runs/qmath_pard2_ksweep_20260620/qwen8_math500_osl32k_pard2_t10_offset0_n16_isl4096_osl32768_bs16_k3_20260620_qmath_pard2_ksweep_qwen8_k3,True
Math,Qwen3-8B,1.0,1.0,32,4096.0,32768.0,pard2_k3,3457549.0,COMPLETED,251.6168,,,0.29,0.0087,final breakdown,docs/oci_qmath_pard2_k_sweep_live_log_metrics_20260620.csv,"OCI Math PARD-2 K sweep, refreshed 2026-06-21",10,/lustre/fs1/portfolios/coreai/projects/coreai_dlalgo_nemorl/users/sna/SpecDec-RL-main-vllm020-20260606/vllm-runs/qmath_pard2_ksweep_20260620/qwen8_math500_osl32k_pard2_t10_offset0_n32_isl4096_osl32768_bs32_k3_20260620_qmath_pard2_ksweep_qwen8_k3,True
Math,Qwen3-8B,1.0,1.0,1,4096.0,32768.0,pard2_k5,2135749.0,COMPLETED,27.47472661335481,36.33346520830202,0.7561823915181359,16.26857411660533,1.8134287058302665,Lyris Math500 temp0/temp1 home-mount retry 2026-06-16,docs/lyris_math500_osl32k_temp01_home_retry_metrics_live_20260616.csv,Lyris Math500 temp0/temp1 home-mount retry 2026-06-16,55,/home/sna/vllm-runs/math_temp01_core_20260616_home/qwen8_math500_osl32k_temp01_lyris_pard2_offset0_n4_isl4096_osl32768_bs1_2_k5_20260616_math_temp1_core_home_qwen8_pard2_k5/breakdown.json,True
Math,Qwen3-8B,1.0,1.0,2,4096.0,32768.0,pard2_k5,2135749.0,COMPLETED,34.619756252124695,72.38594162493035,0.4782662969490383,8.446571388264914,1.4223285694132457,Lyris Math500 temp0/temp1 home-mount retry 2026-06-16,docs/lyris_math500_osl32k_temp01_home_retry_metrics_live_20260616.csv,Lyris Math500 temp0/temp1 home-mount retry 2026-06-16,55,/home/sna/vllm-runs/math_temp01_core_20260616_home/qwen8_math500_osl32k_temp01_lyris_pard2_offset0_n4_isl4096_osl32768_bs1_2_k5_20260616_math_temp1_core_home_qwen8_pard2_k5/breakdown.json,True
Math,Qwen3-8B,1.0,1.0,1,4096.0,32768.0,pard2_k9,3457556.0,COMPLETED,15.4004,36.33346520830202,0.4238626817373059,0.0143,0.0013,final breakdown,docs/oci_qmath_pard2_k_sweep_live_log_metrics_20260620.csv,"OCI Math PARD-2 K sweep, refreshed 2026-06-21",10,/lustre/fs1/portfolios/coreai/projects/coreai_dlalgo_nemorl/users/sna/SpecDec-RL-main-vllm020-20260606/vllm-runs/qmath_pard2_ksweep_20260620/qwen8_math500_osl32k_pard2_t10_offset0_n1_isl4096_osl32768_bs1_k9_20260620_qmath_pard2_ksweep_qwen8_k9,True
Math,Qwen3-8B,1.0,1.0,2,4096.0,32768.0,pard2_k9,3457561.0,COMPLETED,30.5367,72.38594162493035,0.4218595394976929,0.073,0.0066,final breakdown,docs/oci_qmath_pard2_k_sweep_live_log_metrics_20260620.csv,"OCI Math PARD-2 K sweep, refreshed 2026-06-21",10,/lustre/fs1/portfolios/coreai/projects/coreai_dlalgo_nemorl/users/sna/SpecDec-RL-main-vllm020-20260606/vllm-runs/qmath_pard2_ksweep_20260620/qwen8_math500_osl32k_pard2_t10_offset0_n2_isl4096_osl32768_bs2_k9_20260620_qmath_pard2_ksweep_qwen8_k9,True
Math,Qwen3-8B,1.0,1.0,4,4096.0,32768.0,pard2_k9,3457562.0,COMPLETED,62.5812,,,0.039,0.0035,final breakdown,docs/oci_qmath_pard2_k_sweep_live_log_metrics_20260620.csv,"OCI Math PARD-2 K sweep, refreshed 2026-06-21",10,/lustre/fs1/portfolios/coreai/projects/coreai_dlalgo_nemorl/users/sna/SpecDec-RL-main-vllm020-20260606/vllm-runs/qmath_pard2_ksweep_20260620/qwen8_math500_osl32k_pard2_t10_offset0_n4_isl4096_osl32768_bs4_k9_20260620_qmath_pard2_ksweep_qwen8_k9,True
Math,Qwen3-8B,1.0,1.0,8,4096.0,32768.0,pard2_k9,3457564.0,COMPLETED,111.0584,,,0.2295,0.0207,final breakdown,docs/oci_qmath_pard2_k_sweep_live_log_metrics_20260620.csv,"OCI Math PARD-2 K sweep, refreshed 2026-06-21",10,/lustre/fs1/portfolios/coreai/projects/coreai_dlalgo_nemorl/users/sna/SpecDec-RL-main-vllm020-20260606/vllm-runs/qmath_pard2_ksweep_20260620/qwen8_math500_osl32k_pard2_t10_offset0_n8_isl4096_osl32768_bs8_k9_20260620_qmath_pard2_ksweep_qwen8_k9,True
Math,Qwen3-8B,1.0,1.0,16,4096.0,32768.0,pard2_k9,3457566.0,COMPLETED,214.2245,,,0.0735,0.0066,final breakdown,docs/oci_qmath_pard2_k_sweep_live_log_metrics_20260620.csv,"OCI Math PARD-2 K sweep, refreshed 2026-06-21",10,/lustre/fs1/portfolios/coreai/projects/coreai_dlalgo_nemorl/users/sna/SpecDec-RL-main-vllm020-20260606/vllm-runs/qmath_pard2_ksweep_20260620/qwen8_math500_osl32k_pard2_t10_offset0_n16_isl4096_osl32768_bs16_k9_20260620_qmath_pard2_ksweep_qwen8_k9,True
Math,Qwen3-8B,1.0,1.0,32,4096.0,32768.0,pard2_k9,3457567.0,COMPLETED,216.2992,,,0.1234,0.0111,final breakdown,docs/oci_qmath_pard2_k_sweep_live_log_metrics_20260620.csv,"OCI Math PARD-2 K sweep, refreshed 2026-06-21",10,/lustre/fs1/portfolios/coreai/projects/coreai_dlalgo_nemorl/users/sna/SpecDec-RL-main-vllm020-20260606/vllm-runs/qmath_pard2_ksweep_20260620/qwen8_math500_osl32k_pard2_t10_offset0_n32_isl4096_osl32768_bs32_k9_20260620_qmath_pard2_ksweep_qwen8_k9,True
Math,Qwen3-8B,1.0,1.0,1,4096.0,32768.0,pard_k16,3460362.0,COMPLETED,75.3772,36.33346520830202,2.07459430494333,26.5118,4.2419,final breakdown,docs/oci_qmath_extra_k_live_log_metrics_20260620.csv,"OCI Math extra-K sweep, refreshed 2026-06-21",20,/lustre/fs1/portfolios/coreai/projects/coreai_dlalgo_nemorl/users/sna/SpecDec-RL-main-vllm020-20260606/vllm-runs/qmath_extra_k_20260620/qwen8_math500_osl32k_pard_t10_offset0_n1_isl4096_osl32768_bs1_k16_20260620_qmath_extra_eagle3k8_pardk16_pard2k16_qwen8_pard_k16,True
Math,Qwen3-8B,1.0,1.0,2,4096.0,32768.0,pard_k16,3460363.0,COMPLETED,80.6462,72.38594162493035,1.114114124782273,18.0607,2.8897,final breakdown,docs/oci_qmath_extra_k_live_log_metrics_20260620.csv,"OCI Math extra-K sweep, refreshed 2026-06-21",20,/lustre/fs1/portfolios/coreai/projects/coreai_dlalgo_nemorl/users/sna/SpecDec-RL-main-vllm020-20260606/vllm-runs/qmath_extra_k_20260620/qwen8_math500_osl32k_pard_t10_offset0_n2_isl4096_osl32768_bs2_k16_20260620_qmath_extra_eagle3k8_pardk16_pard2k16_qwen8_pard_k16,True
Math,Qwen3-8B,1.0,1.0,4,4096.0,32768.0,pard_k16,3460364.0,COMPLETED,120.6797,,,15.88,2.5408,final breakdown,docs/oci_qmath_extra_k_live_log_metrics_20260620.csv,"OCI Math extra-K sweep, refreshed 2026-06-21",20,/lustre/fs1/portfolios/coreai/projects/coreai_dlalgo_nemorl/users/sna/SpecDec-RL-main-vllm020-20260606/vllm-runs/qmath_extra_k_20260620/qwen8_math500_osl32k_pard_t10_offset0_n4_isl4096_osl32768_bs4_k16_20260620_qmath_extra_eagle3k8_pardk16_pard2k16_qwen8_pard_k16,True
Math,Qwen3-8B,1.0,1.0,8,4096.0,32768.0,pard_k16,3460365.0,COMPLETED,106.8046,,,12.6149,2.0184,final breakdown,docs/oci_qmath_extra_k_live_log_metrics_20260620.csv,"OCI Math extra-K sweep, refreshed 2026-06-21",20,/lustre/fs1/portfolios/coreai/projects/coreai_dlalgo_nemorl/users/sna/SpecDec-RL-main-vllm020-20260606/vllm-runs/qmath_extra_k_20260620/qwen8_math500_osl32k_pard_t10_offset0_n8_isl4096_osl32768_bs8_k16_20260620_qmath_extra_eagle3k8_pardk16_pard2k16_qwen8_pard_k16,True
Math,Qwen3-8B,1.0,1.0,16,4096.0,32768.0,pard_k16,3460368.0,COMPLETED,254.2543,,,12.3305,1.9729,final breakdown,docs/oci_qmath_extra_k_live_log_metrics_20260620.csv,"OCI Math extra-K sweep, refreshed 2026-06-21",20,/lustre/fs1/portfolios/coreai/projects/coreai_dlalgo_nemorl/users/sna/SpecDec-RL-main-vllm020-20260606/vllm-runs/qmath_extra_k_20260620/qwen8_math500_osl32k_pard_t10_offset0_n16_isl4096_osl32768_bs16_k16_20260620_qmath_extra_eagle3k8_pardk16_pard2k16_qwen8_pard_k16,True
Math,Qwen3-8B,1.0,1.0,32,4096.0,32768.0,pard_k16,3460385.0,COMPLETED,300.5659,,,10.5782,1.6925,final breakdown,docs/oci_qmath_extra_k_live_log_metrics_20260620.csv,"OCI Math extra-K sweep, refreshed 2026-06-21",20,/lustre/fs1/portfolios/coreai/projects/coreai_dlalgo_nemorl/users/sna/SpecDec-RL-main-vllm020-20260606/vllm-runs/qmath_extra_k_20260620/qwen8_math500_osl32k_pard_t10_offset0_n32_isl4096_osl32768_bs32_k16_20260620_qmath_extra_eagle3k8_pardk16_pard2k16_qwen8_pard_k16,True
Math,Qwen3-8B,1.0,1.0,1,4096.0,32768.0,pard_k3,2139658.0,COMPLETED,47.788192170613534,36.33346520830202,1.31526657027181,68.61660755397921,3.0584982266193763,Lyris Math500 temp0/temp1 home-mount retry 2026-06-16,docs/lyris_math500_osl32k_temp01_home_retry_metrics_live_20260616.csv,Lyris Math500 temp0/temp1 home-mount retry 2026-06-16,55,/project/coreai_dlalgo_llm/sna/vllm-runs/math_temp01_core_20260616_project_publicpard/qwen8_math500_osl32k_temp01_lyris_publicpard_pard_offset0_n4_isl4096_osl32768_bs1_2_k3_20260616_math_temp01_project_qwen8_t10_publicpard_k3/breakdown.json,True
Math,Qwen3-8B,1.0,1.0,2,4096.0,32768.0,pard_k3,2139658.0,COMPLETED,91.70731405045429,72.38594162493035,1.2669216147748428,72.75398212898213,3.182619463869464,Lyris Math500 temp0/temp1 home-mount retry 2026-06-16,docs/lyris_math500_osl32k_temp01_home_retry_metrics_live_20260616.csv,Lyris Math500 temp0/temp1 home-mount retry 2026-06-16,55,/project/coreai_dlalgo_llm/sna/vllm-runs/math_temp01_core_20260616_project_publicpard/qwen8_math500_osl32k_temp01_lyris_publicpard_pard_offset0_n4_isl4096_osl32768_bs1_2_k3_20260616_math_temp01_project_qwen8_t10_publicpard_k3/breakdown.json,True
Math,Qwen3-8B,1.0,1.0,1,4096.0,32768.0,pard_k5,2139659.0,COMPLETED,37.8859188150902,36.33346520830202,1.0427279258360815,29.08018647145826,2.454009323572913,Lyris Math500 temp0/temp1 home-mount retry 2026-06-16,docs/lyris_math500_osl32k_temp01_home_retry_metrics_live_20260616.csv,Lyris Math500 temp0/temp1 home-mount retry 2026-06-16,55,/project/coreai_dlalgo_llm/sna/vllm-runs/math_temp01_core_20260616_project_publicpard/qwen8_math500_osl32k_temp01_lyris_publicpard_pard_offset0_n4_isl4096_osl32768_bs1_2_k5_20260616_math_temp01_project_qwen8_t10_publicpard_k5/breakdown.json,True
Math,Qwen3-8B,1.0,1.0,2,4096.0,32768.0,pard_k5,2139659.0,COMPLETED,77.04731013773336,72.38594162493035,1.064396047190434,37.706209963237725,2.885310498161886,Lyris Math500 temp0/temp1 home-mount retry 2026-06-16,docs/lyris_math500_osl32k_temp01_home_retry_metrics_live_20260616.csv,Lyris Math500 temp0/temp1 home-mount retry 2026-06-16,55,/project/coreai_dlalgo_llm/sna/vllm-runs/math_temp01_core_20260616_project_publicpard/qwen8_math500_osl32k_temp01_lyris_publicpard_pard_offset0_n4_isl4096_osl32768_bs1_2_k5_20260616_math_temp01_project_qwen8_t10_publicpard_k5/breakdown.json,True
Math,Qwen3-8B,1.0,1.0,1,4096.0,32768.0,suffix_k32,2135746.0,COMPLETED,227.659467822103,36.33346520830202,6.26583417014912,86.79712810410238,7.429092567259462,Lyris Math500 temp0/temp1 home-mount retry 2026-06-16,docs/lyris_math500_osl32k_temp01_home_retry_metrics_live_20260616.csv,Lyris Math500 temp0/temp1 home-mount retry 2026-06-16,55,/home/sna/vllm-runs/math_temp01_core_20260616_home/qwen8_math500_osl32k_temp01_lyris_suffix_offset0_n4_isl4096_osl32768_bs1_2_k32_arctic_20260616_math_temp1_core_home_qwen8/breakdown.json,True
Math,Qwen3-8B,1.0,1.0,2,4096.0,32768.0,suffix_k32,2135746.0,COMPLETED,316.92023682226966,72.38594162493035,4.378201480950543,74.39036091730293,5.982556004406904,Lyris Math500 temp0/temp1 home-mount retry 2026-06-16,docs/lyris_math500_osl32k_temp01_home_retry_metrics_live_20260616.csv,Lyris Math500 temp0/temp1 home-mount retry 2026-06-16,55,/home/sna/vllm-runs/math_temp01_core_20260616_home/qwen8_math500_osl32k_temp01_lyris_suffix_offset0_n4_isl4096_osl32768_bs1_2_k32_arctic_20260616_math_temp1_core_home_qwen8/breakdown.json,True
Math,Qwen3-235B-A22B,,,1,,,dflash_k3,,COMPLETED,1.9175171226132033,,,1.21580547112462,1.0364741641337385,legacy DFlash OpenMath; no matched OSL32K baseline,docs/qwen3_235b_dflash_retry28_openmath_metrics.csv,DFlash OpenMath retry28,5,,True
Math,Qwen3-235B-A22B,,,2,,,dflash_k3,,COMPLETED,3.90117319487526,,,0.4457652303120356,1.013372956909361,legacy DFlash OpenMath; no matched OSL32K baseline,docs/qwen3_235b_dflash_retry28_openmath_metrics.csv,DFlash OpenMath retry28,5,,True
Math,Qwen3-235B-A22B,,,4,,,dflash_k3,,COMPLETED,7.665873375000475,,,0.3207500616827041,1.0096225018504812,legacy DFlash OpenMath; no matched OSL32K baseline,docs/qwen3_235b_dflash_retry28_openmath_metrics.csv,DFlash OpenMath retry28,5,,True
Math,Qwen3-235B-A22B,,,8,,,dflash_k3,,COMPLETED,15.370334664314566,,,0.7326007326007326,1.021978021978022,legacy DFlash OpenMath; no matched OSL32K baseline,docs/qwen3_235b_dflash_retry28_openmath_metrics.csv,DFlash OpenMath retry28,5,,True
Math,Qwen3-235B-A22B,,,16,,,dflash_k3,,COMPLETED,30.780140612261853,,,0.6117920321864825,1.0183537609655944,legacy DFlash OpenMath; no matched OSL32K baseline,docs/qwen3_235b_dflash_retry28_openmath_metrics.csv,DFlash OpenMath retry28,5,,True
Math,Qwen3-235B-A22B,,,32,,,dflash_k3,,COMPLETED,61.40800757715076,,,0.93156649710063,1.0279469949130189,legacy DFlash OpenMath; no matched OSL32K baseline,docs/qwen3_235b_dflash_retry28_openmath_metrics.csv,DFlash OpenMath retry28,5,,True
Math,Qwen3-235B-A22B,,,1,,,dflash_k5,,COMPLETED,2.0887307251197207,,,0.4395604395604395,1.021978021978022,legacy DFlash OpenMath; no matched OSL32K baseline,docs/qwen3_235b_dflash_retry28_openmath_metrics.csv,DFlash OpenMath retry28,5,,True
Math,Qwen3-235B-A22B,,,2,,,dflash_k5,,COMPLETED,3.879971691924405,,,0.2474022761009401,1.012370113805047,legacy DFlash OpenMath; no matched OSL32K baseline,docs/qwen3_235b_dflash_retry28_openmath_metrics.csv,DFlash OpenMath retry28,5,,True
Math,Qwen3-235B-A22B,,,4,,,dflash_k5,,COMPLETED,8.000536928347081,,,0.2775024777006937,1.0138751238850348,legacy DFlash OpenMath; no matched OSL32K baseline,docs/qwen3_235b_dflash_retry28_openmath_metrics.csv,DFlash OpenMath retry28,5,,True
Math,Qwen3-235B-A22B,,,8,,,dflash_k5,,COMPLETED,9.045287568412547,,,0.4293023836266068,1.0214651191813304,legacy DFlash OpenMath; no matched OSL32K baseline,docs/qwen3_235b_dflash_retry28_openmath_metrics.csv,DFlash OpenMath retry28,5,,True
Math,Qwen3-235B-A22B,,,16,,,dflash_k5,,COMPLETED,31.020431865926938,,,0.3493504071610617,1.017467520358053,legacy DFlash OpenMath; no matched OSL32K baseline,docs/qwen3_235b_dflash_retry28_openmath_metrics.csv,DFlash OpenMath retry28,5,,True
Math,Qwen3-235B-A22B,,,32,,,dflash_k5,,COMPLETED,64.6660674268986,,,0.5434236947791165,1.0271711847389555,legacy DFlash OpenMath; no matched OSL32K baseline,docs/qwen3_235b_dflash_retry28_openmath_metrics.csv,DFlash OpenMath retry28,5,,True
SWE,Qwen3-235B-A22B,0.0,1.0,1,4096.0,32768.0,baseline,,COMPLETED,2.055510589924779,2.055510589924779,1.0,,,Lyris SWE temp0/temp1 core matrix partial 2026-06-16,docs/lyris_swebench_osl32k_temp01_core_matrix_20260616_partial_metrics.csv,Lyris SWE temp0/temp1 core matrix partial 2026-06-16,45,/home/sna/vllm-runs/swe_temp01_core_20260616_home_retry/qwen235b_swe_verified_osl32k_temp01_baseline_offset0_n1_isl4096_osl32768_bs1_20260616_swe_temp01_core_home_mount_qwen235b_bs1_n1_t00/breakdown.json,True
SWE,Qwen3-235B-A22B,0.0,1.0,2,4096.0,32768.0,baseline,,COMPLETED,4.181686617697326,4.181686617697326,1.0,,,Lyris SWE temp0/temp1 core matrix partial 2026-06-16,docs/lyris_swebench_osl32k_temp01_core_matrix_20260616_partial_metrics.csv,Lyris SWE temp0/temp1 core matrix partial 2026-06-16,45,/home/sna/vllm-runs/swe_temp01_core_20260616_home_retry/qwen235b_swe_verified_osl32k_temp01_baseline_offset0_n4_isl4096_osl32768_bs2_20260616_swe_temp01_core_home_mount_qwen235b_baseline_bs2_qwen235b_t00/breakdown.json,True
SWE,Qwen3-235B-A22B,0.0,1.0,1,4096.0,32768.0,eagle3_k3,,COMPLETED,5.470850081561706,2.055510589924779,2.661552856199058,59.70979924468297,2.791293977340489,Lyris SWE temp0/temp1 core matrix partial 2026-06-16,docs/lyris_swebench_osl32k_temp01_core_matrix_20260616_partial_metrics.csv,Lyris SWE temp0/temp1 core matrix partial 2026-06-16,45,/home/sna/vllm-runs/swe_temp01_core_20260616_home_retry/qwen235b_swe_verified_osl32k_temp01_eagle3_offset0_n1_isl4096_osl32768_bs1_k3_20260616_swe_temp01_core_home_mount_qwen235b_bs1_n1_t00/breakdown.json,True
SWE,Qwen3-235B-A22B,0.0,1.0,2,4096.0,32768.0,eagle3_k3,,COMPLETED,8.326513318530438,4.181686617697326,1.991185394738042,49.44800232420074,2.483440069726022,Lyris SWE temp0/temp1 core matrix partial 2026-06-16,docs/lyris_swebench_osl32k_temp01_core_matrix_20260616_partial_metrics.csv,Lyris SWE temp0/temp1 core matrix partial 2026-06-16,45,/home/sna/vllm-runs/swe_temp01_core_20260616_home_retry/qwen235b_swe_verified_osl32k_temp01_eagle3_offset0_n4_isl4096_osl32768_bs1_2_k3_20260616_swe_temp01_core_home_retry2_qwen235b_t00/breakdown.json,True
SWE,Qwen3-235B-A22B,0.0,1.0,1,4096.0,32768.0,pard2_k1,2165312.0,COMPLETED,1.8625,2.055510589924779,0.9061009021939204,12.5202,0.1252,final breakdown,docs/lyris_qwen235b_swe_pard2_k_sweep_live_log_metrics_20260620.csv,Lyris SWE Qwen235B PARD-2 K sweep,15,/lustre/fsw/coreai_dlalgo_llm/users/sna/vllm-benchmark/vllm-runs/qwen235b_a22b_swe_verified_osl32k_bsweep_lyris_tp4_fp8kv_bs1_pard2_offset0_n1_isl4096_osl32768_bs1_k1_20260620_swe_pard2_ksweep_t00_k1,True
SWE,Qwen3-235B-A22B,0.0,1.0,1,4096.0,32768.0,pard2_k11,2165322.0,COMPLETED,1.9275,2.055510589924779,0.9377232155590772,1.4075,0.1548,final breakdown,docs/lyris_qwen235b_swe_pard2_k_sweep_live_log_metrics_20260620.csv,Lyris SWE Qwen235B PARD-2 K sweep,15,/lustre/fsw/coreai_dlalgo_llm/users/sna/vllm-benchmark/vllm-runs/qwen235b_a22b_swe_verified_osl32k_bsweep_lyris_tp4_fp8kv_bs1_pard2_offset0_n1_isl4096_osl32768_bs1_k11_20260620_swe_pard2_ksweep_t00_k11,True
SWE,Qwen3-235B-A22B,0.0,1.0,1,4096.0,32768.0,pard2_k3,2165286.0,COMPLETED,1.9083,2.055510589924779,0.9283824706881388,4.9933,0.1498,final breakdown,docs/lyris_qwen235b_swe_pard2_k_sweep_live_log_metrics_20260620.csv,Lyris SWE Qwen235B PARD-2 K sweep,15,/lustre/fsw/coreai_dlalgo_llm/users/sna/vllm-benchmark/vllm-runs/qwen235b_a22b_swe_verified_osl32k_bsweep_lyris_tp4_fp8kv_bs1_pard2_offset0_n1_isl4096_osl32768_bs1_k3_20260620_swe_pard2_ksweep_t00_k3,True
SWE,Qwen3-235B-A22B,0.0,1.0,2,4096.0,32768.0,pard2_k3,2165287.0,COMPLETED,3.6966,4.181686617697326,0.8839973766459711,4.5441,0.1363,final breakdown,docs/lyris_qwen235b_swe_pard2_k_sweep_live_log_metrics_20260620.csv,Lyris SWE Qwen235B PARD-2 K sweep,15,/lustre/fsw/coreai_dlalgo_llm/users/sna/vllm-benchmark/vllm-runs/qwen235b_a22b_swe_verified_osl32k_bsweep_lyris_tp4_fp8kv_bs2_pard2_offset0_n2_isl4096_osl32768_bs2_k3_20260620_swe_pard2_ksweep_t00_k3,True
SWE,Qwen3-235B-A22B,0.0,1.0,4,4096.0,32768.0,pard2_k3,2165288.0,COMPLETED,7.3051,7.686645935775346,0.950362493737412,5.2513,0.1575,final breakdown,docs/lyris_qwen235b_swe_pard2_k_sweep_live_log_metrics_20260620.csv,Lyris SWE Qwen235B PARD-2 K sweep,15,/lustre/fsw/coreai_dlalgo_llm/users/sna/vllm-benchmark/vllm-runs/qwen235b_a22b_swe_verified_osl32k_bsweep_lyris_tp4_fp8kv_bs4_pard2_offset0_n4_isl4096_osl32768_bs4_k3_20260620_swe_pard2_ksweep_t00_k3,True
SWE,Qwen3-235B-A22B,0.0,1.0,8,4096.0,32768.0,pard2_k3,2165289.0,COMPLETED,14.4123,15.39663105577196,0.9360684131349014,4.8336,0.145,final breakdown,docs/lyris_qwen235b_swe_pard2_k_sweep_live_log_metrics_20260620.csv,Lyris SWE Qwen235B PARD-2 K sweep,15,/lustre/fsw/coreai_dlalgo_llm/users/sna/vllm-benchmark/vllm-runs/qwen235b_a22b_swe_verified_osl32k_bsweep_lyris_tp4_fp8kv_bs8_pard2_offset0_n8_isl4096_osl32768_bs8_k3_20260620_swe_pard2_ksweep_t00_k3,True
SWE,Qwen3-235B-A22B,0.0,1.0,16,4096.0,32768.0,pard2_k3,2165290.0,COMPLETED,28.0011,31.65464490683899,0.8845810806726302,5.1835,0.1555,final breakdown,docs/lyris_qwen235b_swe_pard2_k_sweep_live_log_metrics_20260620.csv,Lyris SWE Qwen235B PARD-2 K sweep,15,/lustre/fsw/coreai_dlalgo_llm/users/sna/vllm-benchmark/vllm-runs/qwen235b_a22b_swe_verified_osl32k_bsweep_lyris_tp4_fp8kv_bs16_pard2_offset0_n16_isl4096_osl32768_bs16_k3_20260620_swe_pard2_ksweep_t00_k3,True
SWE,Qwen3-235B-A22B,0.0,1.0,32,4096.0,32768.0,pard2_k3,2165291.0,COMPLETED,52.527,58.7203160933287,0.8945285634449722,6.71,0.2013,final breakdown,docs/lyris_qwen235b_swe_pard2_k_sweep_live_log_metrics_20260620.csv,Lyris SWE Qwen235B PARD-2 K sweep,15,/lustre/fsw/coreai_dlalgo_llm/users/sna/vllm-benchmark/vllm-runs/qwen235b_a22b_swe_verified_osl32k_bsweep_lyris_tp4_fp8kv_bs32_pard2_offset0_n32_isl4096_osl32768_bs32_k3_20260620_swe_pard2_ksweep_t00_k3,True
SWE,Qwen3-235B-A22B,0.0,1.0,1,4096.0,32768.0,pard2_k5,2165298.0,COMPLETED,1.9268,2.055510589924779,0.9373826675689912,3.0672,0.1534,final breakdown,docs/lyris_qwen235b_swe_pard2_k_sweep_live_log_metrics_20260620.csv,Lyris SWE Qwen235B PARD-2 K sweep,15,/lustre/fsw/coreai_dlalgo_llm/users/sna/vllm-benchmark/vllm-runs/qwen235b_a22b_swe_verified_osl32k_bsweep_lyris_tp4_fp8kv_bs1_pard2_offset0_n1_isl4096_osl32768_bs1_k5_20260620_swe_pard2_ksweep_t00_k5,True
SWE,Qwen3-235B-A22B,0.0,1.0,2,4096.0,32768.0,pard2_k5,2165299.0,COMPLETED,3.7698,4.181686617697326,0.901502275193416,3.0093,0.1505,final breakdown,docs/lyris_qwen235b_swe_pard2_k_sweep_live_log_metrics_20260620.csv,Lyris SWE Qwen235B PARD-2 K sweep,15,/lustre/fsw/coreai_dlalgo_llm/users/sna/vllm-benchmark/vllm-runs/qwen235b_a22b_swe_verified_osl32k_bsweep_lyris_tp4_fp8kv_bs2_pard2_offset0_n2_isl4096_osl32768_bs2_k5_20260620_swe_pard2_ksweep_t00_k5,True
SWE,Qwen3-235B-A22B,0.0,1.0,4,4096.0,32768.0,pard2_k5,2165300.0,COMPLETED,7.393,7.686645935775346,0.9617979105283552,3.1207,0.156,final breakdown,docs/lyris_qwen235b_swe_pard2_k_sweep_live_log_metrics_20260620.csv,Lyris SWE Qwen235B PARD-2 K sweep,15,/lustre/fsw/coreai_dlalgo_llm/users/sna/vllm-benchmark/vllm-runs/qwen235b_a22b_swe_verified_osl32k_bsweep_lyris_tp4_fp8kv_bs4_pard2_offset0_n4_isl4096_osl32768_bs4_k5_20260620_swe_pard2_ksweep_t00_k5,True
SWE,Qwen3-235B-A22B,0.0,1.0,8,4096.0,32768.0,pard2_k5,2165302.0,COMPLETED,14.092,15.39663105577196,0.9152651608623904,4.1922,0.2096,final breakdown,docs/lyris_qwen235b_swe_pard2_k_sweep_live_log_metrics_20260620.csv,Lyris SWE Qwen235B PARD-2 K sweep,15,/lustre/fsw/coreai_dlalgo_llm/users/sna/vllm-benchmark/vllm-runs/qwen235b_a22b_swe_verified_osl32k_bsweep_lyris_tp4_fp8kv_bs8_pard2_offset0_n8_isl4096_osl32768_bs8_k5_20260620_swe_pard2_ksweep_t00_k5,True
SWE,Qwen3-235B-A22B,0.0,1.0,16,4096.0,32768.0,pard2_k5,2165304.0,COMPLETED,27.4034,31.65464490683899,0.8656991756075423,3.3788,0.1689,final breakdown,docs/lyris_qwen235b_swe_pard2_k_sweep_live_log_metrics_20260620.csv,Lyris SWE Qwen235B PARD-2 K sweep,15,/lustre/fsw/coreai_dlalgo_llm/users/sna/vllm-benchmark/vllm-runs/qwen235b_a22b_swe_verified_osl32k_bsweep_lyris_tp4_fp8kv_bs16_pard2_offset0_n16_isl4096_osl32768_bs16_k5_20260620_swe_pard2_ksweep_t00_k5,True
SWE,Qwen3-235B-A22B,0.0,1.0,32,4096.0,32768.0,pard2_k5,2165305.0,COMPLETED,52.8727,58.7203160933287,0.9004157933340373,3.5747,0.1787,final breakdown,docs/lyris_qwen235b_swe_pard2_k_sweep_live_log_metrics_20260620.csv,Lyris SWE Qwen235B PARD-2 K sweep,15,/lustre/fsw/coreai_dlalgo_llm/users/sna/vllm-benchmark/vllm-runs/qwen235b_a22b_swe_verified_osl32k_bsweep_lyris_tp4_fp8kv_bs32_pard2_offset0_n32_isl4096_osl32768_bs32_k5_20260620_swe_pard2_ksweep_t00_k5,True
SWE,Qwen3-235B-A22B,0.0,1.0,1,4096.0,32768.0,pard2_k9,2165320.0,COMPLETED,1.9089,2.055510589924779,0.9286743689653556,1.7194,0.1547,final breakdown,docs/lyris_qwen235b_swe_pard2_k_sweep_live_log_metrics_20260620.csv,Lyris SWE Qwen235B PARD-2 K sweep,15,/lustre/fsw/coreai_dlalgo_llm/users/sna/vllm-benchmark/vllm-runs/qwen235b_a22b_swe_verified_osl32k_bsweep_lyris_tp4_fp8kv_bs1_pard2_offset0_n1_isl4096_osl32768_bs1_k9_20260620_swe_pard2_ksweep_t00_k9,True
SWE,Qwen3-235B-A22B,0.0,1.0,1,4096.0,32768.0,suffix_k32,,COMPLETED,15.181752811094322,2.055510589924779,7.385879151150418,88.49310571240972,7.574772054126256,Lyris SWE temp0/temp1 home-retry 2026-06-16,docs/lyris_swebench_osl32k_temp01_home_retry_metrics_live_20260616.csv,Lyris SWE temp0/temp1 home-retry 2026-06-16,55,/home/sna/vllm-runs/swe_temp01_core_20260616_home_retry/qwen235b_swe_verified_osl32k_temp01_suffix_offset0_n4_isl4096_osl32768_bs1_2_k32_arctic_20260616_swe_temp01_core_home_retry_qwen235b_t00/breakdown.json,True
SWE,Qwen3-235B-A22B,0.0,1.0,2,4096.0,32768.0,suffix_k32,,COMPLETED,22.2817494661365,4.181686617697326,5.328412074648983,79.08144318116894,6.554702784048157,Lyris SWE temp0/temp1 home-retry 2026-06-16,docs/lyris_swebench_osl32k_temp01_home_retry_metrics_live_20260616.csv,Lyris SWE temp0/temp1 home-retry 2026-06-16,55,/home/sna/vllm-runs/swe_temp01_core_20260616_home_retry/qwen235b_swe_verified_osl32k_temp01_suffix_offset0_n4_isl4096_osl32768_bs1_2_k32_arctic_20260616_swe_temp01_core_home_retry_qwen235b_t00/breakdown.json,True
SWE,Qwen3-30B-A3B,0.0,1.0,1,4096.0,32768.0,baseline,,COMPLETED,19.88155182834212,19.88155182834212,1.0,,,Lyris SWE temp0/temp1 core matrix partial 2026-06-16,docs/lyris_swebench_osl32k_temp01_core_matrix_20260616_partial_metrics.csv,Lyris SWE temp0/temp1 core matrix partial 2026-06-16,45,/home/sna/vllm-runs/swe_temp01_core_20260616_home_retry/qwen30ba3b_swe_verified_osl32k_temp01_baseline_offset0_n4_isl4096_osl32768_bs1_2_20260616_swe_temp01_core_home_mount_qwen30ba3b_baseline_t00/breakdown.json,True
SWE,Qwen3-30B-A3B,0.0,1.0,2,4096.0,32768.0,baseline,,COMPLETED,39.68636954880795,39.68636954880795,1.0,,,Lyris SWE temp0/temp1 core matrix partial 2026-06-16,docs/lyris_swebench_osl32k_temp01_core_matrix_20260616_partial_metrics.csv,Lyris SWE temp0/temp1 core matrix partial 2026-06-16,45,/home/sna/vllm-runs/swe_temp01_core_20260616_home_retry/qwen30ba3b_swe_verified_osl32k_temp01_baseline_offset0_n4_isl4096_osl32768_bs1_2_20260616_swe_temp01_core_home_mount_qwen30ba3b_baseline_t00/breakdown.json,True
SWE,Qwen3-30B-A3B,0.0,1.0,4,4096.0,32768.0,baseline,,COMPLETED,77.39263525820533,77.39263525820533,1.0,,,legacy final breakdown,remote:/lustre/fsw/coreai_dlalgo_llm/users/sna/vllm-benchmark/vllm-runs/swe_qwen30ba3b_osl32k_temp01_bsweep_20260619/qwen30ba3b_swe_verified_osl32k_temp01_baseline_offset0_n4_isl4096_osl32768_bs4_20260619_swe_qwen30ba3b_osl32k_bs4_qwen30ba3b_t00/breakdown.json,Lyris legacy breakdowns refreshed 2026-06-25,40,/tmp/qwen_legacy_breakdowns/root/vllm-runs/swe_qwen30ba3b_osl32k_temp01_bsweep_20260619/qwen30ba3b_swe_verified_osl32k_temp01_baseline_offset0_n4_isl4096_osl32768_bs4_20260619_swe_qwen30ba3b_osl32k_bs4_qwen30ba3b_t00,True
SWE,Qwen3-30B-A3B,0.0,1.0,8,4096.0,32768.0,baseline,,COMPLETED,147.75566922324097,147.75566922324097,1.0,,,legacy final breakdown,remote:/lustre/fsw/coreai_dlalgo_llm/users/sna/vllm-benchmark/vllm-runs/swe_qwen30ba3b_osl32k_temp01_bsweep_20260619/qwen30ba3b_swe_verified_osl32k_temp01_baseline_offset0_n8_isl4096_osl32768_bs8_20260619_swe_qwen30ba3b_osl32k_bs8_qwen30ba3b_t00/breakdown.json,Lyris legacy breakdowns refreshed 2026-06-25,40,/tmp/qwen_legacy_breakdowns/root/vllm-runs/swe_qwen30ba3b_osl32k_temp01_bsweep_20260619/qwen30ba3b_swe_verified_osl32k_temp01_baseline_offset0_n8_isl4096_osl32768_bs8_20260619_swe_qwen30ba3b_osl32k_bs8_qwen30ba3b_t00,True
SWE,Qwen3-30B-A3B,0.0,1.0,16,4096.0,32768.0,baseline,,COMPLETED,301.00315521894197,301.00315521894197,1.0,,,legacy final breakdown,remote:/lustre/fsw/coreai_dlalgo_llm/users/sna/vllm-benchmark/vllm-runs/swe_qwen30ba3b_osl32k_temp01_bsweep_20260619/qwen30ba3b_swe_verified_osl32k_temp01_baseline_offset0_n16_isl4096_osl32768_bs16_20260619_swe_qwen30ba3b_osl32k_bs16_qwen30ba3b_t00/breakdown.json,Lyris legacy breakdowns refreshed 2026-06-25,40,/tmp/qwen_legacy_breakdowns/root/vllm-runs/swe_qwen30ba3b_osl32k_temp01_bsweep_20260619/qwen30ba3b_swe_verified_osl32k_temp01_baseline_offset0_n16_isl4096_osl32768_bs16_20260619_swe_qwen30ba3b_osl32k_bs16_qwen30ba3b_t00,True
SWE,Qwen3-30B-A3B,0.0,1.0,32,4096.0,32768.0,baseline,,COMPLETED,529.1993104607326,529.1993104607326,1.0,,,legacy final breakdown,remote:/lustre/fsw/coreai_dlalgo_llm/users/sna/vllm-benchmark/vllm-runs/swe_qwen30ba3b_osl32k_temp01_bsweep_20260619/qwen30ba3b_swe_verified_osl32k_temp01_baseline_offset0_n32_isl4096_osl32768_bs32_20260619_swe_qwen30ba3b_osl32k_bs32_qwen30ba3b_t00/breakdown.json,Lyris legacy breakdowns refreshed 2026-06-25,40,/tmp/qwen_legacy_breakdowns/root/vllm-runs/swe_qwen30ba3b_osl32k_temp01_bsweep_20260619/qwen30ba3b_swe_verified_osl32k_temp01_baseline_offset0_n32_isl4096_osl32768_bs32_20260619_swe_qwen30ba3b_osl32k_bs32_qwen30ba3b_t00,True
SWE,Qwen3-30B-A3B,0.0,1.0,1,4096.0,32768.0,eagle3_k3,,COMPLETED,22.41368369437666,19.88155182834212,1.1447865136523645,12.256646248778232,1.367699387463347,Lyris SWE temp0/temp1 home-retry 2026-06-16,docs/lyris_swebench_osl32k_temp01_home_retry_metrics_live_20260616.csv,Lyris SWE temp0/temp1 home-retry 2026-06-16,55,/home/sna/vllm-runs/swe_temp01_core_20260616_home_retry/qwen30ba3b_swe_verified_osl32k_temp01_eagle3_offset0_n4_isl4096_osl32768_bs1_2_k3_20260616_swe_temp01_core_home_retry_qwen30ba3b_t00/breakdown.json,True
SWE,Qwen3-30B-A3B,0.0,1.0,2,4096.0,32768.0,eagle3_k3,,COMPLETED,43.49920054220563,39.68636954880795,1.1215836742273204,12.362504227286832,1.370875126818605,Lyris SWE temp0/temp1 home-retry 2026-06-16,docs/lyris_swebench_osl32k_temp01_home_retry_metrics_live_20260616.csv,Lyris SWE temp0/temp1 home-retry 2026-06-16,55,/home/sna/vllm-runs/swe_temp01_core_20260616_home_retry/qwen30ba3b_swe_verified_osl32k_temp01_eagle3_offset0_n4_isl4096_osl32768_bs1_2_k3_20260616_swe_temp01_core_home_retry_qwen30ba3b_t00/breakdown.json,True
SWE,Qwen3-30B-A3B,0.0,1.0,4,4096.0,32768.0,eagle3_k3,,COMPLETED,81.9006983837879,77.39263525820533,1.0582492521483768,13.69096310328497,1.410728893098549,legacy final breakdown,remote:/lustre/fsw/coreai_dlalgo_llm/users/sna/vllm-benchmark/vllm-runs/swe_qwen30ba3b_osl32k_temp01_bsweep_20260619/qwen30ba3b_swe_verified_osl32k_temp01_eagle3_offset0_n4_isl4096_osl32768_bs4_k3_20260619_swe_qwen30ba3b_osl32k_bs4_qwen30ba3b_t00/breakdown.json,Lyris legacy breakdowns refreshed 2026-06-25,40,/tmp/qwen_legacy_breakdowns/root/vllm-runs/swe_qwen30ba3b_osl32k_temp01_bsweep_20260619/qwen30ba3b_swe_verified_osl32k_temp01_eagle3_offset0_n4_isl4096_osl32768_bs4_k3_20260619_swe_qwen30ba3b_osl32k_bs4_qwen30ba3b_t00,True
SWE,Qwen3-30B-A3B,0.0,1.0,8,4096.0,32768.0,eagle3_k3,,COMPLETED,157.6740497983602,147.75566922324097,1.0671269036732105,12.647452460011332,1.37942357380034,legacy final breakdown,remote:/lustre/fsw/coreai_dlalgo_llm/users/sna/vllm-benchmark/vllm-runs/swe_qwen30ba3b_osl32k_temp01_bsweep_20260619/qwen30ba3b_swe_verified_osl32k_temp01_eagle3_offset0_n8_isl4096_osl32768_bs8_k3_20260619_swe_qwen30ba3b_osl32k_bs8_qwen30ba3b_t00/breakdown.json,Lyris legacy breakdowns refreshed 2026-06-25,40,/tmp/qwen_legacy_breakdowns/root/vllm-runs/swe_qwen30ba3b_osl32k_temp01_bsweep_20260619/qwen30ba3b_swe_verified_osl32k_temp01_eagle3_offset0_n8_isl4096_osl32768_bs8_k3_20260619_swe_qwen30ba3b_osl32k_bs8_qwen30ba3b_t00,True
SWE,Qwen3-30B-A3B,0.0,1.0,16,4096.0,32768.0,eagle3_k3,,COMPLETED,304.5814224060962,301.00315521894197,1.0118878062409395,12.73278117822379,1.3819834353467138,legacy final breakdown,remote:/lustre/fsw/coreai_dlalgo_llm/users/sna/vllm-benchmark/vllm-runs/swe_qwen30ba3b_osl32k_temp01_bsweep_20260619/qwen30ba3b_swe_verified_osl32k_temp01_eagle3_offset0_n16_isl4096_osl32768_bs16_k3_20260619_swe_qwen30ba3b_osl32k_bs16_qwen30ba3b_t00/breakdown.json,Lyris legacy breakdowns refreshed 2026-06-25,40,/tmp/qwen_legacy_breakdowns/root/vllm-runs/swe_qwen30ba3b_osl32k_temp01_bsweep_20260619/qwen30ba3b_swe_verified_osl32k_temp01_eagle3_offset0_n16_isl4096_osl32768_bs16_k3_20260619_swe_qwen30ba3b_osl32k_bs16_qwen30ba3b_t00,True
SWE,Qwen3-30B-A3B,0.0,1.0,32,4096.0,32768.0,eagle3_k3,,COMPLETED,467.8816046153137,529.1993104607326,0.8841311682888733,12.859877395750042,1.3857963218725011,legacy final breakdown,remote:/lustre/fsw/coreai_dlalgo_llm/users/sna/vllm-benchmark/vllm-runs/swe_qwen30ba3b_osl32k_temp01_bsweep_20260619/qwen30ba3b_swe_verified_osl32k_temp01_eagle3_offset0_n32_isl4096_osl32768_bs32_k3_20260619_swe_qwen30ba3b_osl32k_bs32_qwen30ba3b_t00/breakdown.json,Lyris legacy breakdowns refreshed 2026-06-25,40,/tmp/qwen_legacy_breakdowns/root/vllm-runs/swe_qwen30ba3b_osl32k_temp01_bsweep_20260619/qwen30ba3b_swe_verified_osl32k_temp01_eagle3_offset0_n32_isl4096_osl32768_bs32_k3_20260619_swe_qwen30ba3b_osl32k_bs32_qwen30ba3b_t00,True
SWE,Qwen3-30B-A3B,0.0,1.0,1,4096.0,32768.0,eagle3_k8,,COMPLETED,21.461154656277795,19.88155182834212,1.079450680790615,4.745789473684211,1.379663157894737,legacy final breakdown,remote:/lustre/fsw/coreai_dlalgo_llm/users/sna/vllm-benchmark/vllm-runs/qwen30ba3b_swe_verified_osl32k_temp01_eagle3_offset0_n1_isl4096_osl32768_bs1_k8_20260620_swe_extra_eagle3k8_pardk16_pard2k16_eagle3k8_qwen30ba3b_t00_bs1_qwen30ba3b_t00/breakdown.json,Lyris legacy breakdowns refreshed 2026-06-25,40,/tmp/qwen_legacy_breakdowns/root/vllm-runs/qwen30ba3b_swe_verified_osl32k_temp01_eagle3_offset0_n1_isl4096_osl32768_bs1_k8_20260620_swe_extra_eagle3k8_pardk16_pard2k16_eagle3k8_qwen30ba3b_t00_bs1_qwen30ba3b_t00,True
SWE,Qwen3-30B-A3B,0.0,1.0,2,4096.0,32768.0,eagle3_k8,,COMPLETED,41.091119685788144,39.68636954880795,1.0353962872631262,5.898504177522235,1.4718803342017788,legacy final breakdown,remote:/lustre/fsw/coreai_dlalgo_llm/users/sna/vllm-benchmark/vllm-runs/qwen30ba3b_swe_verified_osl32k_temp01_eagle3_offset0_n2_isl4096_osl32768_bs2_k8_20260620_swe_extra_eagle3k8_pardk16_pard2k16_eagle3k8_qwen30ba3b_t00_bs2_qwen30ba3b_t00/breakdown.json,Lyris legacy breakdowns refreshed 2026-06-25,40,/tmp/qwen_legacy_breakdowns/root/vllm-runs/qwen30ba3b_swe_verified_osl32k_temp01_eagle3_offset0_n2_isl4096_osl32768_bs2_k8_20260620_swe_extra_eagle3k8_pardk16_pard2k16_eagle3k8_qwen30ba3b_t00_bs2_qwen30ba3b_t00,True
SWE,Qwen3-30B-A3B,0.0,1.0,4,4096.0,32768.0,eagle3_k8,,COMPLETED,76.797648612954,77.39263525820533,0.992312102524145,5.522661019745889,1.4418128815796711,legacy final breakdown,remote:/lustre/fsw/coreai_dlalgo_llm/users/sna/vllm-benchmark/vllm-runs/qwen30ba3b_swe_verified_osl32k_temp01_eagle3_offset0_n4_isl4096_osl32768_bs4_k8_20260620_swe_extra_eagle3k8_pardk16_pard2k16_eagle3k8_qwen30ba3b_t00_bs4_qwen30ba3b_t00/breakdown.json,Lyris legacy breakdowns refreshed 2026-06-25,40,/tmp/qwen_legacy_breakdowns/root/vllm-runs/qwen30ba3b_swe_verified_osl32k_temp01_eagle3_offset0_n4_isl4096_osl32768_bs4_k8_20260620_swe_extra_eagle3k8_pardk16_pard2k16_eagle3k8_qwen30ba3b_t00_bs4_qwen30ba3b_t00,True
SWE,Qwen3-30B-A3B,0.0,1.0,8,4096.0,32768.0,eagle3_k8,,COMPLETED,147.1835594875443,147.75566922324097,0.9961280014587306,4.993740223269819,1.3994992178615857,legacy final breakdown,remote:/lustre/fsw/coreai_dlalgo_llm/users/sna/vllm-benchmark/vllm-runs/qwen30ba3b_swe_verified_osl32k_temp01_eagle3_offset0_n8_isl4096_osl32768_bs8_k8_20260620_swe_extra_eagle3k8_pardk16_pard2k16_eagle3k8_qwen30ba3b_t00_bs8_qwen30ba3b_t00/breakdown.json,Lyris legacy breakdowns refreshed 2026-06-25,40,/tmp/qwen_legacy_breakdowns/root/vllm-runs/qwen30ba3b_swe_verified_osl32k_temp01_eagle3_offset0_n8_isl4096_osl32768_bs8_k8_20260620_swe_extra_eagle3k8_pardk16_pard2k16_eagle3k8_qwen30ba3b_t00_bs8_qwen30ba3b_t00,True
SWE,Qwen3-30B-A3B,0.0,1.0,16,4096.0,32768.0,eagle3_k8,,COMPLETED,275.92501085697114,301.00315521894197,0.9166847791222332,4.713898461797092,1.3771118769437674,legacy final breakdown,remote:/lustre/fsw/coreai_dlalgo_llm/users/sna/vllm-benchmark/vllm-runs/qwen30ba3b_swe_verified_osl32k_temp01_eagle3_offset0_n16_isl4096_osl32768_bs16_k8_20260620_swe_extra_eagle3k8_pardk16_pard2k16_eagle3k8_qwen30ba3b_t00_bs16_qwen30ba3b_t00/breakdown.json,Lyris legacy breakdowns refreshed 2026-06-25,40,/tmp/qwen_legacy_breakdowns/root/vllm-runs/qwen30ba3b_swe_verified_osl32k_temp01_eagle3_offset0_n16_isl4096_osl32768_bs16_k8_20260620_swe_extra_eagle3k8_pardk16_pard2k16_eagle3k8_qwen30ba3b_t00_bs16_qwen30ba3b_t00,True
SWE,Qwen3-30B-A3B,0.0,1.0,32,4096.0,32768.0,eagle3_k8,,COMPLETED,384.9043115297923,529.1993104607326,0.7273333580020845,5.281847066788044,1.4225477653430436,legacy final breakdown,remote:/lustre/fsw/coreai_dlalgo_llm/users/sna/vllm-benchmark/vllm-runs/qwen30ba3b_swe_verified_osl32k_temp01_eagle3_offset0_n32_isl4096_osl32768_bs32_k8_20260620_swe_extra_eagle3k8_pardk16_pard2k16_eagle3k8_qwen30ba3b_t00_bs32_qwen30ba3b_t00/breakdown.json,Lyris legacy breakdowns refreshed 2026-06-25,40,/tmp/qwen_legacy_breakdowns/root/vllm-runs/qwen30ba3b_swe_verified_osl32k_temp01_eagle3_offset0_n32_isl4096_osl32768_bs32_k8_20260620_swe_extra_eagle3k8_pardk16_pard2k16_eagle3k8_qwen30ba3b_t00_bs32_qwen30ba3b_t00,True
SWE,Qwen3-30B-A3B,0.0,1.0,1,4096.0,32768.0,pard_k11,,COMPLETED,35.379712957574334,19.88155182834212,1.7795247203560254,19.36075577041216,3.1296831347453375,legacy final breakdown,remote:/lustre/fsw/coreai_dlalgo_llm/users/sna/vllm-benchmark/vllm-runs/qwen30ba3b_swebench_verified_osl32k_lyris_publicpard_highk_pard_offset0_n4_isl4096_osl32768_bs1_2_k11_20260611/breakdown.json,Lyris legacy breakdowns refreshed 2026-06-25,40,/tmp/qwen_legacy_breakdowns/root/vllm-runs/qwen30ba3b_swebench_verified_osl32k_lyris_publicpard_highk_pard_offset0_n4_isl4096_osl32768_bs1_2_k11_20260611,True
SWE,Qwen3-30B-A3B,0.0,1.0,2,4096.0,32768.0,pard_k11,,COMPLETED,59.87616150332396,39.68636954880795,1.5087336580305173,22.96080560283272,3.525688616311599,legacy final breakdown,remote:/lustre/fsw/coreai_dlalgo_llm/users/sna/vllm-benchmark/vllm-runs/qwen30ba3b_swebench_verified_osl32k_lyris_publicpard_highk_pard_offset0_n4_isl4096_osl32768_bs1_2_k11_20260611/breakdown.json,Lyris legacy breakdowns refreshed 2026-06-25,40,/tmp/qwen_legacy_breakdowns/root/vllm-runs/qwen30ba3b_swebench_verified_osl32k_lyris_publicpard_highk_pard_offset0_n4_isl4096_osl32768_bs1_2_k11_20260611,True
SWE,Qwen3-30B-A3B,0.0,1.0,1,4096.0,32768.0,pard_k5,,COMPLETED,32.85413177585869,19.88155182834212,1.6524933294705662,38.50559064431896,2.9252795322159484,legacy final breakdown,remote:/lustre/fsw/coreai_dlalgo_llm/users/sna/vllm-benchmark/vllm-runs/qwen30ba3b_swebench_verified_osl32k_lyris_publicpard_pard_offset0_n4_isl4096_osl32768_bs1_2_k5_20260611/breakdown.json,Lyris legacy breakdowns refreshed 2026-06-25,40,/tmp/qwen_legacy_breakdowns/root/vllm-runs/qwen30ba3b_swebench_verified_osl32k_lyris_publicpard_pard_offset0_n4_isl4096_osl32768_bs1_2_k5_20260611,True
SWE,Qwen3-30B-A3B,0.0,1.0,2,4096.0,32768.0,pard_k5,,COMPLETED,57.26516277678443,39.68636954880795,1.442942839766619,44.574947653651925,3.2287473826825965,legacy final breakdown,remote:/lustre/fsw/coreai_dlalgo_llm/users/sna/vllm-benchmark/vllm-runs/qwen30ba3b_swebench_verified_osl32k_lyris_publicpard_pard_offset0_n4_isl4096_osl32768_bs1_2_k5_20260611/breakdown.json,Lyris legacy breakdowns refreshed 2026-06-25,40,/tmp/qwen_legacy_breakdowns/root/vllm-runs/qwen30ba3b_swebench_verified_osl32k_lyris_publicpard_pard_offset0_n4_isl4096_osl32768_bs1_2_k5_20260611,True
SWE,Qwen3-30B-A3B,0.0,1.0,4,4096.0,32768.0,pard_k5,,COMPLETED,88.44058397273889,77.39263525820533,1.1427519385749594,37.25749732433436,2.862874866216718,legacy final breakdown,remote:/lustre/fsw/coreai_dlalgo_llm/users/sna/vllm-benchmark/vllm-runs/qwen30ba3b_swe_verified_osl32k_bsweep_lyris_bs4_pard_offset0_n4_isl4096_osl32768_bs4_k5_20260612/breakdown.json,Lyris legacy breakdowns refreshed 2026-06-25,40,/tmp/qwen_legacy_breakdowns/root/vllm-runs/qwen30ba3b_swe_verified_osl32k_bsweep_lyris_bs4_pard_offset0_n4_isl4096_osl32768_bs4_k5_20260612,True
SWE,Qwen3-30B-A3B,0.0,1.0,8,4096.0,32768.0,pard_k5,,COMPLETED,157.63966836370977,147.75566922324097,1.0668942125363412,45.348689376659316,3.2674344688329655,legacy final breakdown,remote:/lustre/fsw/coreai_dlalgo_llm/users/sna/vllm-benchmark/vllm-runs/qwen30ba3b_swe_verified_osl32k_bsweep_lyris_bs8_pard_offset0_n8_isl4096_osl32768_bs8_k5_20260612/breakdown.json,Lyris legacy breakdowns refreshed 2026-06-25,40,/tmp/qwen_legacy_breakdowns/root/vllm-runs/qwen30ba3b_swe_verified_osl32k_bsweep_lyris_bs8_pard_offset0_n8_isl4096_osl32768_bs8_k5_20260612,True
SWE,Qwen3-30B-A3B,0.0,1.0,16,4096.0,32768.0,pard_k5,,COMPLETED,203.82882453282508,301.00315521894197,0.6771650761752488,44.300265531768765,3.215013276588438,legacy final breakdown,remote:/lustre/fsw/coreai_dlalgo_llm/users/sna/vllm-benchmark/vllm-runs/qwen30ba3b_swe_verified_osl32k_bsweep_lyris_bs16_pard_offset0_n16_isl4096_osl32768_bs16_k5_20260612/breakdown.json,Lyris legacy breakdowns refreshed 2026-06-25,40,/tmp/qwen_legacy_breakdowns/root/vllm-runs/qwen30ba3b_swe_verified_osl32k_bsweep_lyris_bs16_pard_offset0_n16_isl4096_osl32768_bs16_k5_20260612,True
SWE,Qwen3-30B-A3B,0.0,1.0,32,4096.0,32768.0,pard_k5,,COMPLETED,446.5290577681657,529.1993104607326,0.8437823877347982,44.771244050615714,3.2385622025307854,legacy final breakdown,remote:/lustre/fsw/coreai_dlalgo_llm/users/sna/vllm-benchmark/vllm-runs/qwen30ba3b_swe_verified_osl32k_bsweep_lyris_bs32_pard_offset0_n32_isl4096_osl32768_bs32_k5_20260612_lowmbt/breakdown.json,Lyris legacy breakdowns refreshed 2026-06-25,40,/tmp/qwen_legacy_breakdowns/root/vllm-runs/qwen30ba3b_swe_verified_osl32k_bsweep_lyris_bs32_pard_offset0_n32_isl4096_osl32768_bs32_k5_20260612_lowmbt,True
SWE,Qwen3-30B-A3B,0.0,1.0,1,4096.0,32768.0,pard_k9,,COMPLETED,34.9756175915406,19.88155182834212,1.7591995782583307,23.551408789662705,3.1196267910696434,legacy final breakdown,remote:/lustre/fsw/coreai_dlalgo_llm/users/sna/vllm-benchmark/vllm-runs/qwen30ba3b_swebench_verified_osl32k_lyris_publicpard_highk_pard_offset0_n4_isl4096_osl32768_bs1_2_k9_20260611/breakdown.json,Lyris legacy breakdowns refreshed 2026-06-25,40,/tmp/qwen_legacy_breakdowns/root/vllm-runs/qwen30ba3b_swebench_verified_osl32k_lyris_publicpard_highk_pard_offset0_n4_isl4096_osl32768_bs1_2_k9_20260611,True
SWE,Qwen3-30B-A3B,0.0,1.0,2,4096.0,32768.0,pard_k9,,COMPLETED,59.678052152782946,39.68636954880795,1.503741784175758,27.51256799684106,3.476131119715695,legacy final breakdown,remote:/lustre/fsw/coreai_dlalgo_llm/users/sna/vllm-benchmark/vllm-runs/qwen30ba3b_swebench_verified_osl32k_lyris_publicpard_highk_pard_offset0_n4_isl4096_osl32768_bs1_2_k9_20260611/breakdown.json,Lyris legacy breakdowns refreshed 2026-06-25,40,/tmp/qwen_legacy_breakdowns/root/vllm-runs/qwen30ba3b_swebench_verified_osl32k_lyris_publicpard_highk_pard_offset0_n4_isl4096_osl32768_bs1_2_k9_20260611,True
SWE,Qwen3-30B-A3B,0.0,1.0,1,4096.0,32768.0,suffix_k32,,COMPLETED,176.71788332291476,19.88155182834212,9.025925961470614,93.9247707008405,10.01050049819882,Lyris SWE temp0/temp1 home-retry 2026-06-16,docs/lyris_swebench_osl32k_temp01_home_retry_metrics_live_20260616.csv,Lyris SWE temp0/temp1 home-retry 2026-06-16,55,/home/sna/vllm-runs/swe_temp01_core_20260616_home_retry/qwen30ba3b_swe_verified_osl32k_temp01_suffix_offset0_n4_isl4096_osl32768_bs1_2_k32_arctic_20260616_swe_temp01_core_home_retry_qwen30ba3b_t00/breakdown.json,True
SWE,Qwen3-30B-A3B,0.0,1.0,2,4096.0,32768.0,suffix_k32,,COMPLETED,309.8629730526047,39.68636954880795,7.989508944794037,90.61628748786988,9.879178929892085,Lyris SWE temp0/temp1 home-retry 2026-06-16,docs/lyris_swebench_osl32k_temp01_home_retry_metrics_live_20260616.csv,Lyris SWE temp0/temp1 home-retry 2026-06-16,55,/home/sna/vllm-runs/swe_temp01_core_20260616_home_retry/qwen30ba3b_swe_verified_osl32k_temp01_suffix_offset0_n4_isl4096_osl32768_bs1_2_k32_arctic_20260616_swe_temp01_core_home_retry_qwen30ba3b_t00/breakdown.json,True
SWE,Qwen3-30B-A3B,0.0,1.0,4,4096.0,32768.0,suffix_k32,,COMPLETED,392.7585076487911,77.39263525820533,5.074882207311193,87.13509945696198,8.849989864180012,legacy final breakdown,remote:/lustre/fsw/coreai_dlalgo_llm/users/sna/vllm-benchmark/vllm-runs/swe_qwen30ba3b_osl32k_temp01_bsweep_20260619/qwen30ba3b_swe_verified_osl32k_temp01_suffix_offset0_n4_isl4096_osl32768_bs4_k32_arctic_20260619_swe_qwen30ba3b_osl32k_bs4_qwen30ba3b_t00/breakdown.json,Lyris legacy breakdowns refreshed 2026-06-25,40,/tmp/qwen_legacy_breakdowns/root/vllm-runs/swe_qwen30ba3b_osl32k_temp01_bsweep_20260619/qwen30ba3b_swe_verified_osl32k_temp01_suffix_offset0_n4_isl4096_osl32768_bs4_k32_arctic_20260619_swe_qwen30ba3b_osl32k_bs4_qwen30ba3b_t00,True
SWE,Qwen3-30B-A3B,0.0,1.0,8,4096.0,32768.0,suffix_k32,,COMPLETED,954.6107474838568,147.75566922324097,6.460738545615839,88.64318667203757,9.174271096159238,legacy final breakdown,remote:/lustre/fsw/coreai_dlalgo_llm/users/sna/vllm-benchmark/vllm-runs/swe_qwen30ba3b_osl32k_temp01_bsweep_20260619/qwen30ba3b_swe_verified_osl32k_temp01_suffix_offset0_n8_isl4096_osl32768_bs8_k32_arctic_20260619_swe_qwen30ba3b_osl32k_bs8_qwen30ba3b_t00/breakdown.json,Lyris legacy breakdowns refreshed 2026-06-25,40,/tmp/qwen_legacy_breakdowns/root/vllm-runs/swe_qwen30ba3b_osl32k_temp01_bsweep_20260619/qwen30ba3b_swe_verified_osl32k_temp01_suffix_offset0_n8_isl4096_osl32768_bs8_k32_arctic_20260619_swe_qwen30ba3b_osl32k_bs8_qwen30ba3b_t00,True
SWE,Qwen3-30B-A3B,0.0,1.0,16,4096.0,32768.0,suffix_k32,,COMPLETED,1737.451086696056,301.00315521894197,5.772202239648547,89.38390305923079,9.516300103521548,legacy final breakdown,remote:/lustre/fsw/coreai_dlalgo_llm/users/sna/vllm-benchmark/vllm-runs/swe_qwen30ba3b_osl32k_temp01_bsweep_20260619/qwen30ba3b_swe_verified_osl32k_temp01_suffix_offset0_n16_isl4096_osl32768_bs16_k32_arctic_20260619_swe_qwen30ba3b_osl32k_bs16_qwen30ba3b_t00/breakdown.json,Lyris legacy breakdowns refreshed 2026-06-25,40,/tmp/qwen_legacy_breakdowns/root/vllm-runs/swe_qwen30ba3b_osl32k_temp01_bsweep_20260619/qwen30ba3b_swe_verified_osl32k_temp01_suffix_offset0_n16_isl4096_osl32768_bs16_k32_arctic_20260619_swe_qwen30ba3b_osl32k_bs16_qwen30ba3b_t00,True
SWE,Qwen3-30B-A3B,0.0,1.0,32,4096.0,32768.0,suffix_k32,,COMPLETED,820.5770114015098,529.1993104607326,1.5506010593383,84.83549383055976,8.460467481315275,legacy final breakdown,remote:/lustre/fsw/coreai_dlalgo_llm/users/sna/vllm-benchmark/vllm-runs/swe_qwen30ba3b_osl32k_temp01_bsweep_20260619/qwen30ba3b_swe_verified_osl32k_temp01_suffix_offset0_n32_isl4096_osl32768_bs32_k32_arctic_20260619_swe_qwen30ba3b_osl32k_bs32_qwen30ba3b_t00/breakdown.json,Lyris legacy breakdowns refreshed 2026-06-25,40,/tmp/qwen_legacy_breakdowns/root/vllm-runs/swe_qwen30ba3b_osl32k_temp01_bsweep_20260619/qwen30ba3b_swe_verified_osl32k_temp01_suffix_offset0_n32_isl4096_osl32768_bs32_k32_arctic_20260619_swe_qwen30ba3b_osl32k_bs32_qwen30ba3b_t00,True
SWE,Qwen3-30B-A3B,0.0,1.0,1,4096.0,32768.0,suffix_k5,,COMPLETED,94.5683354624507,19.88155182834212,4.756587226135887,92.40661466677172,5.207469706632653,legacy final breakdown,remote:/lustre/fsw/coreai_dlalgo_llm/users/sna/vllm-benchmark/vllm-runs/qwen30ba3b_swebench_verified_osl32k_lyris_suffix_k5_control_suffix_offset0_n4_isl4096_osl32768_bs1_2_k5_arctic_20260611/breakdown.json,Lyris legacy breakdowns refreshed 2026-06-25,40,/tmp/qwen_legacy_breakdowns/root/vllm-runs/qwen30ba3b_swebench_verified_osl32k_lyris_suffix_k5_control_suffix_offset0_n4_isl4096_osl32768_bs1_2_k5_arctic_20260611,True
SWE,Qwen3-30B-A3B,0.0,1.0,2,4096.0,32768.0,suffix_k5,,COMPLETED,188.47637464879887,39.68636954880795,4.749146288551357,93.07668832018136,5.414416277242463,legacy final breakdown,remote:/lustre/fsw/coreai_dlalgo_llm/users/sna/vllm-benchmark/vllm-runs/qwen30ba3b_swebench_verified_osl32k_lyris_suffix_k5_control_suffix_offset0_n4_isl4096_osl32768_bs1_2_k5_arctic_20260611/breakdown.json,Lyris legacy breakdowns refreshed 2026-06-25,40,/tmp/qwen_legacy_breakdowns/root/vllm-runs/qwen30ba3b_swebench_verified_osl32k_lyris_suffix_k5_control_suffix_offset0_n4_isl4096_osl32768_bs1_2_k5_arctic_20260611,True
SWE,Qwen3-32B,0.0,1.0,1,4096.0,32768.0,baseline,,COMPLETED,8.235469320757359,8.235469320757359,1.0,,,Lyris SWE temp0/temp1 core matrix partial 2026-06-16,docs/lyris_swebench_osl32k_temp01_core_matrix_20260616_partial_metrics.csv,Lyris SWE temp0/temp1 core matrix partial 2026-06-16,45,/home/sna/vllm-runs/swe_temp01_core_20260616_home_retry/qwen32_swe_verified_osl32k_temp01_baseline_offset0_n4_isl4096_osl32768_bs1_2_20260616_swe_temp01_core_home_mount_qwen32_baseline_t00/breakdown.json,True
SWE,Qwen3-32B,0.0,1.0,2,4096.0,32768.0,baseline,,COMPLETED,16.352177242784446,16.352177242784446,1.0,,,Lyris SWE temp0/temp1 core matrix partial 2026-06-16,docs/lyris_swebench_osl32k_temp01_core_matrix_20260616_partial_metrics.csv,Lyris SWE temp0/temp1 core matrix partial 2026-06-16,45,/home/sna/vllm-runs/swe_temp01_core_20260616_home_retry/qwen32_swe_verified_osl32k_temp01_baseline_offset0_n4_isl4096_osl32768_bs1_2_20260616_swe_temp01_core_home_mount_qwen32_baseline_t00/breakdown.json,True
SWE,Qwen3-32B,0.0,1.0,1,4096.0,32768.0,eagle3_k3,,COMPLETED,19.439673473705135,8.235469320757359,2.3260684758986816,66.85853188708235,3.0057559566124703,Lyris SWE temp0/temp1 home-retry 2026-06-16,docs/lyris_swebench_osl32k_temp01_home_retry_metrics_live_20260616.csv,Lyris SWE temp0/temp1 home-retry 2026-06-16,55,/home/sna/vllm-runs/swe_temp01_core_20260616_home_retry/qwen32_swe_verified_osl32k_temp01_eagle3_offset0_n4_isl4096_osl32768_bs1_2_k3_20260616_swe_temp01_core_home_retry2_qwen32_t00/breakdown.json,True
SWE,Qwen3-32B,0.0,1.0,2,4096.0,32768.0,eagle3_k3,,COMPLETED,39.24110314917252,16.352177242784446,2.393316557373106,71.33320557046122,3.139996167113837,Lyris SWE temp0/temp1 home-retry 2026-06-16,docs/lyris_swebench_osl32k_temp01_home_retry_metrics_live_20260616.csv,Lyris SWE temp0/temp1 home-retry 2026-06-16,55,/home/sna/vllm-runs/swe_temp01_core_20260616_home_retry/qwen32_swe_verified_osl32k_temp01_eagle3_offset0_n4_isl4096_osl32768_bs1_2_k3_20260616_swe_temp01_core_home_retry2_qwen32_t00/breakdown.json,True
SWE,Qwen3-32B,0.0,1.0,1,4096.0,32768.0,suffix_k32,,COMPLETED,53.76158181694465,8.235469320757359,6.432881748142245,82.94290165217328,7.680037698062084,Lyris SWE temp0/temp1 home-retry 2026-06-16,docs/lyris_swebench_osl32k_temp01_home_retry_metrics_live_20260616.csv,Lyris SWE temp0/temp1 home-retry 2026-06-16,55,/home/sna/vllm-runs/swe_temp01_core_20260616_home_retry/qwen32_swe_verified_osl32k_temp01_suffix_offset0_n4_isl4096_osl32768_bs1_2_k32_arctic_20260616_swe_temp01_core_home_retry_qwen32_t00/breakdown.json,True
SWE,Qwen3-32B,0.0,1.0,2,4096.0,32768.0,suffix_k32,,COMPLETED,106.69867716108004,16.352177242784446,6.507556878018232,86.77304377904441,8.439623493004964,Lyris SWE temp0/temp1 home-retry 2026-06-16,docs/lyris_swebench_osl32k_temp01_home_retry_metrics_live_20260616.csv,Lyris SWE temp0/temp1 home-retry 2026-06-16,55,/home/sna/vllm-runs/swe_temp01_core_20260616_home_retry/qwen32_swe_verified_osl32k_temp01_suffix_offset0_n4_isl4096_osl32768_bs1_2_k32_arctic_20260616_swe_temp01_core_home_retry_qwen32_t00/breakdown.json,True
SWE,Qwen3-8B,0.0,1.0,1,4096.0,32768.0,baseline,,COMPLETED,42.26059745667141,42.26059745667141,1.0,,,local OCI-HSG Qwen8 PARD-1 temp0/temp1 final breakdown,docs/oci_hsg_qwen8_pard1_standalone_temp01_20260616_r4_noprof_metrics.csv,OCI-HSG Qwen8 PARD-1 temp0/temp1 r4 no-profiler 2026-06-16,50,/lustre/fs1/portfolios/coreai/projects/coreai_dlalgo_nemorl/users/sna/SpecDec-RL-main-vllm020-20260606/vllm-runs/oci_qwen8_pard1_temp01_20260616_r4_noprof/qwen8_swe_osl32k_oci_temp01_t00_baseline_pard1_k3_k5_offset0_n4_isl4096_osl32768_bs1_2_20260616_r4_noprof/baseline/breakdown.json,True
SWE,Qwen3-8B,0.0,1.0,2,4096.0,32768.0,baseline,,COMPLETED,74.13422078465126,74.13422078465126,1.0,,,local OCI-HSG Qwen8 PARD-1 temp0/temp1 final breakdown,docs/oci_hsg_qwen8_pard1_standalone_temp01_20260616_r4_noprof_metrics.csv,OCI-HSG Qwen8 PARD-1 temp0/temp1 r4 no-profiler 2026-06-16,50,/lustre/fs1/portfolios/coreai/projects/coreai_dlalgo_nemorl/users/sna/SpecDec-RL-main-vllm020-20260606/vllm-runs/oci_qwen8_pard1_temp01_20260616_r4_noprof/qwen8_swe_osl32k_oci_temp01_t00_baseline_pard1_k3_k5_offset0_n4_isl4096_osl32768_bs1_2_20260616_r4_noprof/baseline/breakdown.json,True
SWE,Qwen3-8B,0.0,1.0,4,4096.0,32768.0,baseline,,COMPLETED,148.8444000392892,148.8444000392892,1.0,,,legacy final breakdown,remote:/lustre/fsw/coreai_dlalgo_llm/users/sna/vllm-benchmark/vllm-runs/qwen8_swe_verified_osl32k_bsweep_lyris_bs4_baseline_offset0_n4_isl4096_osl32768_bs4_20260612/breakdown.json,Lyris legacy breakdowns refreshed 2026-06-25,40,/tmp/qwen_legacy_breakdowns/root/vllm-runs/qwen8_swe_verified_osl32k_bsweep_lyris_bs4_baseline_offset0_n4_isl4096_osl32768_bs4_20260612,True
SWE,Qwen3-8B,0.0,1.0,8,4096.0,32768.0,baseline,,COMPLETED,295.0859051455756,295.0859051455756,1.0,,,legacy final breakdown,remote:/lustre/fsw/coreai_dlalgo_llm/users/sna/vllm-benchmark/vllm-runs/qwen8_swe_verified_osl32k_bsweep_lyris_bs8_baseline_offset0_n8_isl4096_osl32768_bs8_20260612/breakdown.json,Lyris legacy breakdowns refreshed 2026-06-25,40,/tmp/qwen_legacy_breakdowns/root/vllm-runs/qwen8_swe_verified_osl32k_bsweep_lyris_bs8_baseline_offset0_n8_isl4096_osl32768_bs8_20260612,True
SWE,Qwen3-8B,0.0,1.0,16,4096.0,32768.0,baseline,,COMPLETED,601.2868745648346,601.2868745648346,1.0,,,legacy final breakdown,remote:/lustre/fsw/coreai_dlalgo_llm/users/sna/vllm-benchmark/vllm-runs/qwen8_swe_verified_osl32k_bsweep_lyris_bs16_baseline_offset0_n16_isl4096_osl32768_bs16_20260612/breakdown.json,Lyris legacy breakdowns refreshed 2026-06-25,40,/tmp/qwen_legacy_breakdowns/root/vllm-runs/qwen8_swe_verified_osl32k_bsweep_lyris_bs16_baseline_offset0_n16_isl4096_osl32768_bs16_20260612,True
SWE,Qwen3-8B,0.0,1.0,32,4096.0,32768.0,baseline,,COMPLETED,707.6417956351966,707.6417956351966,1.0,,,legacy final breakdown,remote:/lustre/fsw/coreai_dlalgo_llm/users/sna/vllm-benchmark/vllm-runs/qwen8_swe_verified_osl32k_bsweep_lyris_bs32_baseline_offset0_n32_isl4096_osl32768_bs32_20260612_lowmbt/breakdown.json,Lyris legacy breakdowns refreshed 2026-06-25,40,/tmp/qwen_legacy_breakdowns/root/vllm-runs/qwen8_swe_verified_osl32k_bsweep_lyris_bs32_baseline_offset0_n32_isl4096_osl32768_bs32_20260612_lowmbt,True
SWE,Qwen3-8B,0.0,1.0,4,4096.0,32768.0,eagle3_k3,,COMPLETED,229.50145388567796,148.8444000392892,1.5418884004040352,63.095553397486825,2.892866601924605,legacy final breakdown,remote:/lustre/fsw/coreai_dlalgo_llm/users/sna/vllm-benchmark/vllm-runs/qwen8_swe_verified_osl32k_bsweep_lyris_bs4_eagle3_offset0_n4_isl4096_osl32768_bs4_k3_20260612/breakdown.json,Lyris legacy breakdowns refreshed 2026-06-25,40,/tmp/qwen_legacy_breakdowns/root/vllm-runs/qwen8_swe_verified_osl32k_bsweep_lyris_bs4_eagle3_offset0_n4_isl4096_osl32768_bs4_k3_20260612,True
SWE,Qwen3-8B,0.0,1.0,8,4096.0,32768.0,eagle3_k3,,COMPLETED,462.77055560881263,295.0859051455756,1.5682570652790502,62.972678077435994,2.8891803423230797,legacy final breakdown,remote:/lustre/fsw/coreai_dlalgo_llm/users/sna/vllm-benchmark/vllm-runs/qwen8_swe_verified_osl32k_bsweep_lyris_bs8_eagle3_offset0_n8_isl4096_osl32768_bs8_k3_20260612/breakdown.json,Lyris legacy breakdowns refreshed 2026-06-25,40,/tmp/qwen_legacy_breakdowns/root/vllm-runs/qwen8_swe_verified_osl32k_bsweep_lyris_bs8_eagle3_offset0_n8_isl4096_osl32768_bs8_k3_20260612,True
SWE,Qwen3-8B,0.0,1.0,16,4096.0,32768.0,eagle3_k3,,COMPLETED,738.432423216089,601.2868745648346,1.2280867160962223,64.90458844868162,2.947137653460449,legacy final breakdown,remote:/lustre/fsw/coreai_dlalgo_llm/users/sna/vllm-benchmark/vllm-runs/qwen8_swe_verified_osl32k_bsweep_lyris_bs16_eagle3_offset0_n16_isl4096_osl32768_bs16_k3_20260612/breakdown.json,Lyris legacy breakdowns refreshed 2026-06-25,40,/tmp/qwen_legacy_breakdowns/root/vllm-runs/qwen8_swe_verified_osl32k_bsweep_lyris_bs16_eagle3_offset0_n16_isl4096_osl32768_bs16_k3_20260612,True
SWE,Qwen3-8B,0.0,1.0,32,4096.0,32768.0,eagle3_k3,,COMPLETED,1482.5797560807734,179.84541478043053,8.24363388908649,65.0818142739957,2.9524544282198706,legacy final breakdown,remote:/lustre/fsw/coreai_dlalgo_llm/users/sna/vllm-benchmark/vllm-runs/qwen8_swe_verified_osl32k_bsweep_lyris_bs32_eagle3_offset0_n32_isl4096_osl32768_bs32_k3_20260612_lowmbt/breakdown.json,Lyris legacy breakdowns refreshed 2026-06-25,40,/tmp/qwen_legacy_breakdowns/root/vllm-runs/qwen8_swe_verified_osl32k_bsweep_lyris_bs32_eagle3_offset0_n32_isl4096_osl32768_bs32_k3_20260612_lowmbt,True
SWE,Qwen3-8B,0.0,1.0,4,4096.0,32768.0,pard2_k5,,COMPLETED,60.795560447784126,148.8444000392892,0.4084504383889245,4.558596201950552,1.2279298100975276,legacy final breakdown,remote:/lustre/fsw/coreai_dlalgo_llm/users/sna/vllm-benchmark/vllm-runs/qwen8_swe_verified_osl32k_bsweep_lyris_bs4_pard2_offset0_n4_isl4096_osl32768_bs4_k5_20260612/breakdown.json,Lyris legacy breakdowns refreshed 2026-06-25,40,/tmp/qwen_legacy_breakdowns/root/vllm-runs/qwen8_swe_verified_osl32k_bsweep_lyris_bs4_pard2_offset0_n4_isl4096_osl32768_bs4_k5_20260612,True
SWE,Qwen3-8B,0.0,1.0,8,4096.0,32768.0,pard2_k5,,COMPLETED,110.46472245763871,295.0859051455756,0.3743476748004715,5.770983360778627,1.2885491680389314,legacy final breakdown,remote:/lustre/fsw/coreai_dlalgo_llm/users/sna/vllm-benchmark/vllm-runs/qwen8_swe_verified_osl32k_bsweep_lyris_bs8_pard2_offset0_n8_isl4096_osl32768_bs8_k5_20260612/breakdown.json,Lyris legacy breakdowns refreshed 2026-06-25,40,/tmp/qwen_legacy_breakdowns/root/vllm-runs/qwen8_swe_verified_osl32k_bsweep_lyris_bs8_pard2_offset0_n8_isl4096_osl32768_bs8_k5_20260612,True
SWE,Qwen3-8B,0.0,1.0,16,4096.0,32768.0,pard2_k5,,COMPLETED,142.69583158755069,601.2868745648346,0.237317389791392,5.510318282897586,1.2755159141448793,legacy final breakdown,remote:/lustre/fsw/coreai_dlalgo_llm/users/sna/vllm-benchmark/vllm-runs/qwen8_swe_verified_osl32k_bsweep_lyris_bs16_pard2_offset0_n16_isl4096_osl32768_bs16_k5_20260612/breakdown.json,Lyris legacy breakdowns refreshed 2026-06-25,40,/tmp/qwen_legacy_breakdowns/root/vllm-runs/qwen8_swe_verified_osl32k_bsweep_lyris_bs16_pard2_offset0_n16_isl4096_osl32768_bs16_k5_20260612,True
SWE,Qwen3-8B,0.0,1.0,32,4096.0,32768.0,pard2_k5,,COMPLETED,240.8931732286492,179.84541478043053,1.3394457318956428,6.009140801835602,1.30045704009178,legacy final breakdown,remote:/lustre/fsw/coreai_dlalgo_llm/users/sna/vllm-benchmark/vllm-runs/qwen8_swe_verified_osl32k_bsweep_lyris_bs32_pard2_offset0_n32_isl4096_osl32768_bs32_k5_20260612_lowmbt/breakdown.json,Lyris legacy breakdowns refreshed 2026-06-25,40,/tmp/qwen_legacy_breakdowns/root/vllm-runs/qwen8_swe_verified_osl32k_bsweep_lyris_bs32_pard2_offset0_n32_isl4096_osl32768_bs32_k5_20260612_lowmbt,True
SWE,Qwen3-8B,0.0,1.0,1,4096.0,32768.0,pard_k3,,COMPLETED,54.00336113279522,42.26059745667141,1.2778655386536677,78.41036002625813,3.352310800787744,local OCI-HSG Qwen8 PARD-1 temp0/temp1 final breakdown,docs/oci_hsg_qwen8_pard1_standalone_temp01_20260616_r4_noprof_metrics.csv,OCI-HSG Qwen8 PARD-1 temp0/temp1 r4 no-profiler 2026-06-16,50,/lustre/fs1/portfolios/coreai/projects/coreai_dlalgo_nemorl/users/sna/SpecDec-RL-main-vllm020-20260606/vllm-runs/oci_qwen8_pard1_temp01_20260616_r4_noprof/qwen8_swe_osl32k_oci_temp01_t00_baseline_pard1_k3_k5_offset0_n4_isl4096_osl32768_bs1_2_20260616_r4_noprof/pard_k3/breakdown.json,True
SWE,Qwen3-8B,0.0,1.0,2,4096.0,32768.0,pard_k3,,COMPLETED,82.18013176305921,74.13422078465126,1.1085316725966554,66.70559142739387,3.001167742821816,local OCI-HSG Qwen8 PARD-1 temp0/temp1 final breakdown,docs/oci_hsg_qwen8_pard1_standalone_temp01_20260616_r4_noprof_metrics.csv,OCI-HSG Qwen8 PARD-1 temp0/temp1 r4 no-profiler 2026-06-16,50,/lustre/fs1/portfolios/coreai/projects/coreai_dlalgo_nemorl/users/sna/SpecDec-RL-main-vllm020-20260606/vllm-runs/oci_qwen8_pard1_temp01_20260616_r4_noprof/qwen8_swe_osl32k_oci_temp01_t00_baseline_pard1_k3_k5_offset0_n4_isl4096_osl32768_bs1_2_20260616_r4_noprof/pard_k3/breakdown.json,True
SWE,Qwen3-8B,0.0,1.0,1,4096.0,32768.0,pard_k5,,COMPLETED,62.5349650709006,42.26059745667141,1.4797463555742656,60.55683599151839,4.02784179957592,local OCI-HSG Qwen8 PARD-1 temp0/temp1 final breakdown,docs/oci_hsg_qwen8_pard1_standalone_temp01_20260616_r4_noprof_metrics.csv,OCI-HSG Qwen8 PARD-1 temp0/temp1 r4 no-profiler 2026-06-16,50,/lustre/fs1/portfolios/coreai/projects/coreai_dlalgo_nemorl/users/sna/SpecDec-RL-main-vllm020-20260606/vllm-runs/oci_qwen8_pard1_temp01_20260616_r4_noprof/qwen8_swe_osl32k_oci_temp01_t00_baseline_pard1_k3_k5_offset0_n4_isl4096_osl32768_bs1_2_20260616_r4_noprof/pard_k5/breakdown.json,True
SWE,Qwen3-8B,0.0,1.0,2,4096.0,32768.0,pard_k5,,COMPLETED,70.67054388947791,74.13422078465126,0.95327829902961,40.51573285315234,3.025786642657617,local OCI-HSG Qwen8 PARD-1 temp0/temp1 final breakdown,docs/oci_hsg_qwen8_pard1_standalone_temp01_20260616_r4_noprof_metrics.csv,OCI-HSG Qwen8 PARD-1 temp0/temp1 r4 no-profiler 2026-06-16,50,/lustre/fs1/portfolios/coreai/projects/coreai_dlalgo_nemorl/users/sna/SpecDec-RL-main-vllm020-20260606/vllm-runs/oci_qwen8_pard1_temp01_20260616_r4_noprof/qwen8_swe_osl32k_oci_temp01_t00_baseline_pard1_k3_k5_offset0_n4_isl4096_osl32768_bs1_2_20260616_r4_noprof/pard_k5/breakdown.json,True
SWE,Qwen3-8B,0.0,1.0,4,4096.0,32768.0,suffix_k32,,COMPLETED,846.2243585255483,148.8444000392892,5.685295236516641,92.4559264816204,10.3877648179005,legacy final breakdown,remote:/lustre/fsw/coreai_dlalgo_llm/users/sna/vllm-benchmark/vllm-runs/qwen8_swe_verified_osl32k_bsweep_lyris_bs4_suffix_offset0_n4_isl4096_osl32768_bs4_k32_arctic_20260612/breakdown.json,Lyris legacy breakdowns refreshed 2026-06-25,40,/tmp/qwen_legacy_breakdowns/root/vllm-runs/qwen8_swe_verified_osl32k_bsweep_lyris_bs4_suffix_offset0_n4_isl4096_osl32768_bs4_k32_arctic_20260612,True
SWE,Qwen3-8B,0.0,1.0,8,4096.0,32768.0,suffix_k32,,COMPLETED,1397.793084346113,295.0859051455756,4.736902237524816,91.85459179708748,10.2433531435721,legacy final breakdown,remote:/lustre/fsw/coreai_dlalgo_llm/users/sna/vllm-benchmark/vllm-runs/qwen8_swe_verified_osl32k_bsweep_lyris_bs8_suffix_offset0_n8_isl4096_osl32768_bs8_k32_arctic_20260612/breakdown.json,Lyris legacy breakdowns refreshed 2026-06-25,40,/tmp/qwen_legacy_breakdowns/root/vllm-runs/qwen8_swe_verified_osl32k_bsweep_lyris_bs8_suffix_offset0_n8_isl4096_osl32768_bs8_k32_arctic_20260612,True
SWE,Qwen3-8B,0.0,1.0,16,4096.0,32768.0,suffix_k32,,COMPLETED,2597.428519433311,601.2868745648346,4.319782502009762,92.13326920043544,10.292532505794084,legacy final breakdown,remote:/lustre/fsw/coreai_dlalgo_llm/users/sna/vllm-benchmark/vllm-runs/qwen8_swe_verified_osl32k_bsweep_lyris_bs16_suffix_offset0_n16_isl4096_osl32768_bs16_k32_arctic_20260612/breakdown.json,Lyris legacy breakdowns refreshed 2026-06-25,40,/tmp/qwen_legacy_breakdowns/root/vllm-runs/qwen8_swe_verified_osl32k_bsweep_lyris_bs16_suffix_offset0_n16_isl4096_osl32768_bs16_k32_arctic_20260612,True
SWE,Qwen3-8B,0.0,1.0,32,4096.0,32768.0,suffix_k32,,COMPLETED,2405.2003063165257,179.84541478043053,13.373709356187836,88.14287632603734,9.55747210269127,legacy final breakdown,remote:/lustre/fsw/coreai_dlalgo_llm/users/sna/vllm-benchmark/vllm-runs/qwen8_swe_verified_osl32k_bsweep_lyris_bs32_suffix_offset0_n32_isl4096_osl32768_bs32_k32_arctic_20260612_lowmbt/breakdown.json,Lyris legacy breakdowns refreshed 2026-06-25,40,/tmp/qwen_legacy_breakdowns/root/vllm-runs/qwen8_swe_verified_osl32k_bsweep_lyris_bs32_suffix_offset0_n32_isl4096_osl32768_bs32_k32_arctic_20260612_lowmbt,True
SWE,Qwen3-235B-A22B,1.0,1.0,1,4096.0,32768.0,baseline,,COMPLETED,2.1345933246551825,2.1345933246551825,1.0,,,Lyris SWE temp0/temp1 core matrix partial 2026-06-16,docs/lyris_swebench_osl32k_temp01_core_matrix_20260616_partial_metrics.csv,Lyris SWE temp0/temp1 core matrix partial 2026-06-16,45,/home/sna/vllm-runs/swe_temp01_core_20260616_home_retry/qwen235b_swe_verified_osl32k_temp01_baseline_offset0_n1_isl4096_osl32768_bs1_20260616_swe_temp01_core_home_mount_qwen235b_bs1_n1_t10/breakdown.json,True
SWE,Qwen3-235B-A22B,1.0,1.0,2,4096.0,32768.0,baseline,,COMPLETED,4.1208614649423545,4.1208614649423545,1.0,,,Lyris SWE temp0/temp1 core matrix partial 2026-06-16,docs/lyris_swebench_osl32k_temp01_core_matrix_20260616_partial_metrics.csv,Lyris SWE temp0/temp1 core matrix partial 2026-06-16,45,/home/sna/vllm-runs/swe_temp01_core_20260616_home_retry/qwen235b_swe_verified_osl32k_temp01_baseline_offset0_n4_isl4096_osl32768_bs2_20260616_swe_temp01_core_home_mount_qwen235b_baseline_bs2_qwen235b_t10/breakdown.json,True
SWE,Qwen3-235B-A22B,1.0,1.0,1,4096.0,32768.0,eagle3_k3,,COMPLETED,3.2169325843250025,2.1345933246551825,1.507047055365761,21.075812484173735,1.632274374525212,Lyris SWE temp0/temp1 home-retry 2026-06-16,docs/lyris_swebench_osl32k_temp01_home_retry_metrics_live_20260616.csv,Lyris SWE temp0/temp1 home-retry 2026-06-16,55,/home/sna/vllm-runs/swe_temp01_core_20260616_home_retry/qwen235b_swe_verified_osl32k_temp01_eagle3_offset0_n4_isl4096_osl32768_bs1_2_k3_20260616_swe_temp01_core_home_retry_qwen235b_t10/breakdown.json,True
SWE,Qwen3-235B-A22B,1.0,1.0,2,4096.0,32768.0,eagle3_k3,,COMPLETED,6.140425077015267,4.1208614649423545,1.468408716001902,23.05729798566475,1.6917189395699426,Lyris SWE temp0/temp1 core matrix partial 2026-06-16,docs/lyris_swebench_osl32k_temp01_core_matrix_20260616_partial_metrics.csv,Lyris SWE temp0/temp1 core matrix partial 2026-06-16,45,/home/sna/vllm-runs/swe_temp01_core_20260616_home_retry/qwen235b_swe_verified_osl32k_temp01_eagle3_offset0_n4_isl4096_osl32768_bs2_k3_20260616_swe_temp01_core_home_mount_qwen235b_eagle3_t10_bs2_qwen235b_t10/breakdown.json,True
SWE,Qwen3-235B-A22B,1.0,1.0,1,4096.0,32768.0,pard2_k1,2165313.0,COMPLETED,1.7766,2.1345933246551825,0.8322896822920535,8.0741,0.0807,final breakdown,docs/lyris_qwen235b_swe_pard2_k_sweep_live_log_metrics_20260620.csv,Lyris SWE Qwen235B PARD-2 K sweep,15,/lustre/fsw/coreai_dlalgo_llm/users/sna/vllm-benchmark/vllm-runs/qwen235b_a22b_swe_verified_osl32k_bsweep_lyris_tp4_fp8kv_bs1_pard2_offset0_n1_isl4096_osl32768_bs1_k1_20260620_swe_pard2_ksweep_t10_k1,True
SWE,Qwen3-235B-A22B,1.0,1.0,2,4096.0,32768.0,pard2_k1,2165314.0,COMPLETED,3.595,4.1208614649423545,0.8723904044297421,7.6799,0.0768,final breakdown,docs/lyris_qwen235b_swe_pard2_k_sweep_live_log_metrics_20260620.csv,Lyris SWE Qwen235B PARD-2 K sweep,15,/lustre/fsw/coreai_dlalgo_llm/users/sna/vllm-benchmark/vllm-runs/qwen235b_a22b_swe_verified_osl32k_bsweep_lyris_tp4_fp8kv_bs2_pard2_offset0_n2_isl4096_osl32768_bs2_k1_20260620_swe_pard2_ksweep_t10_k1,True
SWE,Qwen3-235B-A22B,1.0,1.0,4,4096.0,32768.0,pard2_k1,2165315.0,COMPLETED,6.9856,7.923111303156699,0.8816738441143469,9.6106,0.0961,final breakdown,docs/lyris_qwen235b_swe_pard2_k_sweep_live_log_metrics_20260620.csv,Lyris SWE Qwen235B PARD-2 K sweep,15,/lustre/fsw/coreai_dlalgo_llm/users/sna/vllm-benchmark/vllm-runs/qwen235b_a22b_swe_verified_osl32k_bsweep_lyris_tp4_fp8kv_bs4_pard2_offset0_n4_isl4096_osl32768_bs4_k1_20260620_swe_pard2_ksweep_t10_k1,True
SWE,Qwen3-235B-A22B,1.0,1.0,8,4096.0,32768.0,pard2_k1,2165316.0,COMPLETED,13.3138,15.075989863776506,0.8831128251146834,20.4293,0.2043,final breakdown,docs/lyris_qwen235b_swe_pard2_k_sweep_live_log_metrics_20260620.csv,Lyris SWE Qwen235B PARD-2 K sweep,15,/lustre/fsw/coreai_dlalgo_llm/users/sna/vllm-benchmark/vllm-runs/qwen235b_a22b_swe_verified_osl32k_bsweep_lyris_tp4_fp8kv_bs8_pard2_offset0_n8_isl4096_osl32768_bs8_k1_20260620_swe_pard2_ksweep_t10_k1,True
SWE,Qwen3-235B-A22B,1.0,1.0,16,4096.0,32768.0,pard2_k1,2165317.0,COMPLETED,26.003,30.56043220920272,0.8508714740025721,13.1989,0.132,final breakdown,docs/lyris_qwen235b_swe_pard2_k_sweep_live_log_metrics_20260620.csv,Lyris SWE Qwen235B PARD-2 K sweep,15,/lustre/fsw/coreai_dlalgo_llm/users/sna/vllm-benchmark/vllm-runs/qwen235b_a22b_swe_verified_osl32k_bsweep_lyris_tp4_fp8kv_bs16_pard2_offset0_n16_isl4096_osl32768_bs16_k1_20260620_swe_pard2_ksweep_t10_k1,True
SWE,Qwen3-235B-A22B,1.0,1.0,32,4096.0,32768.0,pard2_k1,2165318.0,COMPLETED,50.225,60.25629688901522,0.8335228447992473,14.4944,0.1449,final breakdown,docs/lyris_qwen235b_swe_pard2_k_sweep_live_log_metrics_20260620.csv,Lyris SWE Qwen235B PARD-2 K sweep,15,/lustre/fsw/coreai_dlalgo_llm/users/sna/vllm-benchmark/vllm-runs/qwen235b_a22b_swe_verified_osl32k_bsweep_lyris_tp4_fp8kv_bs32_pard2_offset0_n32_isl4096_osl32768_bs32_k1_20260620_swe_pard2_ksweep_t10_k1,True
SWE,Qwen3-235B-A22B,1.0,1.0,1,4096.0,32768.0,pard2_k11,2165323.0,COMPLETED,1.8575,2.1345933246551825,0.8701891730594896,1.0778,0.1186,final breakdown,docs/lyris_qwen235b_swe_pard2_k_sweep_live_log_metrics_20260620.csv,Lyris SWE Qwen235B PARD-2 K sweep,15,/lustre/fsw/coreai_dlalgo_llm/users/sna/vllm-benchmark/vllm-runs/qwen235b_a22b_swe_verified_osl32k_bsweep_lyris_tp4_fp8kv_bs1_pard2_offset0_n1_isl4096_osl32768_bs1_k11_20260620_swe_pard2_ksweep_t10_k11,True
SWE,Qwen3-235B-A22B,1.0,1.0,1,4096.0,32768.0,pard2_k3,2165292.0,COMPLETED,1.834,2.1345933246551825,0.8591800502778488,3.679,0.1104,final breakdown,docs/lyris_qwen235b_swe_pard2_k_sweep_live_log_metrics_20260620.csv,Lyris SWE Qwen235B PARD-2 K sweep,15,/lustre/fsw/coreai_dlalgo_llm/users/sna/vllm-benchmark/vllm-runs/qwen235b_a22b_swe_verified_osl32k_bsweep_lyris_tp4_fp8kv_bs1_pard2_offset0_n1_isl4096_osl32768_bs1_k3_20260620_swe_pard2_ksweep_t10_k3,True
SWE,Qwen3-235B-A22B,1.0,1.0,2,4096.0,32768.0,pard2_k3,2165293.0,COMPLETED,3.5587,4.1208614649423545,0.8635815666882123,3.6157,0.1085,final breakdown,docs/lyris_qwen235b_swe_pard2_k_sweep_live_log_metrics_20260620.csv,Lyris SWE Qwen235B PARD-2 K sweep,15,/lustre/fsw/coreai_dlalgo_llm/users/sna/vllm-benchmark/vllm-runs/qwen235b_a22b_swe_verified_osl32k_bsweep_lyris_tp4_fp8kv_bs2_pard2_offset0_n2_isl4096_osl32768_bs2_k3_20260620_swe_pard2_ksweep_t10_k3,True
SWE,Qwen3-235B-A22B,1.0,1.0,4,4096.0,32768.0,pard2_k3,2165294.0,COMPLETED,7.0393,7.923111303156699,0.8884514846074958,4.1792,0.1254,final breakdown,docs/lyris_qwen235b_swe_pard2_k_sweep_live_log_metrics_20260620.csv,Lyris SWE Qwen235B PARD-2 K sweep,15,/lustre/fsw/coreai_dlalgo_llm/users/sna/vllm-benchmark/vllm-runs/qwen235b_a22b_swe_verified_osl32k_bsweep_lyris_tp4_fp8kv_bs4_pard2_offset0_n4_isl4096_osl32768_bs4_k3_20260620_swe_pard2_ksweep_t10_k3,True
SWE,Qwen3-235B-A22B,1.0,1.0,8,4096.0,32768.0,pard2_k3,2165295.0,COMPLETED,13.4002,15.075989863776506,0.8888437920880424,4.2757,0.1283,final breakdown,docs/lyris_qwen235b_swe_pard2_k_sweep_live_log_metrics_20260620.csv,Lyris SWE Qwen235B PARD-2 K sweep,15,/lustre/fsw/coreai_dlalgo_llm/users/sna/vllm-benchmark/vllm-runs/qwen235b_a22b_swe_verified_osl32k_bsweep_lyris_tp4_fp8kv_bs8_pard2_offset0_n8_isl4096_osl32768_bs8_k3_20260620_swe_pard2_ksweep_t10_k3,True
SWE,Qwen3-235B-A22B,1.0,1.0,16,4096.0,32768.0,pard2_k3,2165296.0,COMPLETED,26.3989,30.56043220920272,0.8638261337171289,4.1337,0.124,final breakdown,docs/lyris_qwen235b_swe_pard2_k_sweep_live_log_metrics_20260620.csv,Lyris SWE Qwen235B PARD-2 K sweep,15,/lustre/fsw/coreai_dlalgo_llm/users/sna/vllm-benchmark/vllm-runs/qwen235b_a22b_swe_verified_osl32k_bsweep_lyris_tp4_fp8kv_bs16_pard2_offset0_n16_isl4096_osl32768_bs16_k3_20260620_swe_pard2_ksweep_t10_k3,True
SWE,Qwen3-235B-A22B,1.0,1.0,32,4096.0,32768.0,pard2_k3,2165297.0,COMPLETED,48.5545,60.25629688901522,0.8057996011509219,5.107,0.1532,final breakdown,docs/lyris_qwen235b_swe_pard2_k_sweep_live_log_metrics_20260620.csv,Lyris SWE Qwen235B PARD-2 K sweep,15,/lustre/fsw/coreai_dlalgo_llm/users/sna/vllm-benchmark/vllm-runs/qwen235b_a22b_swe_verified_osl32k_bsweep_lyris_tp4_fp8kv_bs32_pard2_offset0_n32_isl4096_osl32768_bs32_k3_20260620_swe_pard2_ksweep_t10_k3,True
SWE,Qwen3-235B-A22B,1.0,1.0,1,4096.0,32768.0,pard2_k5,2165306.0,COMPLETED,1.9243,2.1345933246551825,0.9014831901579412,3.441,0.172,final breakdown,docs/lyris_qwen235b_swe_pard2_k_sweep_live_log_metrics_20260620.csv,Lyris SWE Qwen235B PARD-2 K sweep,15,/lustre/fsw/coreai_dlalgo_llm/users/sna/vllm-benchmark/vllm-runs/qwen235b_a22b_swe_verified_osl32k_bsweep_lyris_tp4_fp8kv_bs1_pard2_offset0_n1_isl4096_osl32768_bs1_k5_20260620_swe_pard2_ksweep_t10_k5,True
SWE,Qwen3-235B-A22B,1.0,1.0,2,4096.0,32768.0,pard2_k5,2165307.0,COMPLETED,3.5128,4.1208614649423545,0.8524431189654514,2.2315,0.1116,final breakdown,docs/lyris_qwen235b_swe_pard2_k_sweep_live_log_metrics_20260620.csv,Lyris SWE Qwen235B PARD-2 K sweep,15,/lustre/fsw/coreai_dlalgo_llm/users/sna/vllm-benchmark/vllm-runs/qwen235b_a22b_swe_verified_osl32k_bsweep_lyris_tp4_fp8kv_bs2_pard2_offset0_n2_isl4096_osl32768_bs2_k5_20260620_swe_pard2_ksweep_t10_k5,True
SWE,Qwen3-235B-A22B,1.0,1.0,4,4096.0,32768.0,pard2_k5,2165308.0,COMPLETED,6.8748,7.923111303156699,0.8676894387765277,3.5121,0.1756,final breakdown,docs/lyris_qwen235b_swe_pard2_k_sweep_live_log_metrics_20260620.csv,Lyris SWE Qwen235B PARD-2 K sweep,15,/lustre/fsw/coreai_dlalgo_llm/users/sna/vllm-benchmark/vllm-runs/qwen235b_a22b_swe_verified_osl32k_bsweep_lyris_tp4_fp8kv_bs4_pard2_offset0_n4_isl4096_osl32768_bs4_k5_20260620_swe_pard2_ksweep_t10_k5,True
SWE,Qwen3-235B-A22B,1.0,1.0,8,4096.0,32768.0,pard2_k5,2165309.0,COMPLETED,13.3737,15.075989863776506,0.8870860302270005,1.8703,0.0935,final breakdown,docs/lyris_qwen235b_swe_pard2_k_sweep_live_log_metrics_20260620.csv,Lyris SWE Qwen235B PARD-2 K sweep,15,/lustre/fsw/coreai_dlalgo_llm/users/sna/vllm-benchmark/vllm-runs/qwen235b_a22b_swe_verified_osl32k_bsweep_lyris_tp4_fp8kv_bs8_pard2_offset0_n8_isl4096_osl32768_bs8_k5_20260620_swe_pard2_ksweep_t10_k5,True
SWE,Qwen3-235B-A22B,1.0,1.0,16,4096.0,32768.0,pard2_k5,2165310.0,COMPLETED,25.8771,30.56043220920272,0.8467517678695519,3.6397,0.182,final breakdown,docs/lyris_qwen235b_swe_pard2_k_sweep_live_log_metrics_20260620.csv,Lyris SWE Qwen235B PARD-2 K sweep,15,/lustre/fsw/coreai_dlalgo_llm/users/sna/vllm-benchmark/vllm-runs/qwen235b_a22b_swe_verified_osl32k_bsweep_lyris_tp4_fp8kv_bs16_pard2_offset0_n16_isl4096_osl32768_bs16_k5_20260620_swe_pard2_ksweep_t10_k5,True
SWE,Qwen3-235B-A22B,1.0,1.0,32,4096.0,32768.0,pard2_k5,2165311.0,COMPLETED,49.933,60.25629688901522,0.8286768782351581,2.9528,0.1476,final breakdown,docs/lyris_qwen235b_swe_pard2_k_sweep_live_log_metrics_20260620.csv,Lyris SWE Qwen235B PARD-2 K sweep,15,/lustre/fsw/coreai_dlalgo_llm/users/sna/vllm-benchmark/vllm-runs/qwen235b_a22b_swe_verified_osl32k_bsweep_lyris_tp4_fp8kv_bs32_pard2_offset0_n32_isl4096_osl32768_bs32_k5_20260620_swe_pard2_ksweep_t10_k5,True
SWE,Qwen3-235B-A22B,1.0,1.0,1,4096.0,32768.0,pard2_k9,2165321.0,COMPLETED,1.8681,2.1345933246551825,0.8751549901439746,1.3173,0.1186,final breakdown,docs/lyris_qwen235b_swe_pard2_k_sweep_live_log_metrics_20260620.csv,Lyris SWE Qwen235B PARD-2 K sweep,15,/lustre/fsw/coreai_dlalgo_llm/users/sna/vllm-benchmark/vllm-runs/qwen235b_a22b_swe_verified_osl32k_bsweep_lyris_tp4_fp8kv_bs1_pard2_offset0_n1_isl4096_osl32768_bs1_k9_20260620_swe_pard2_ksweep_t10_k9,True
SWE,Qwen3-235B-A22B,1.0,1.0,1,4096.0,32768.0,suffix_k32,,COMPLETED,4.299701584554475,2.1345933246551825,2.0142954327138822,46.750070808320146,2.2804192761054245,Lyris SWE temp0/temp1 home-retry 2026-06-16,docs/lyris_swebench_osl32k_temp01_home_retry_metrics_live_20260616.csv,Lyris SWE temp0/temp1 home-retry 2026-06-16,55,/home/sna/vllm-runs/swe_temp01_core_20260616_home_retry/qwen235b_swe_verified_osl32k_temp01_suffix_offset0_n4_isl4096_osl32768_bs1_2_k32_arctic_20260616_swe_temp01_core_home_retry_qwen235b_t10/breakdown.json,True
SWE,Qwen3-235B-A22B,1.0,1.0,2,4096.0,32768.0,suffix_k32,,COMPLETED,7.798360299837465,4.1208614649423545,1.8924102074726148,50.560862297978346,2.659698752451287,Lyris SWE temp0/temp1 home-retry 2026-06-16,docs/lyris_swebench_osl32k_temp01_home_retry_metrics_live_20260616.csv,Lyris SWE temp0/temp1 home-retry 2026-06-16,55,/home/sna/vllm-runs/swe_temp01_core_20260616_home_retry/qwen235b_swe_verified_osl32k_temp01_suffix_offset0_n4_isl4096_osl32768_bs1_2_k32_arctic_20260616_swe_temp01_core_home_retry_qwen235b_t10/breakdown.json,True
SWE,Qwen3-30B-A3B,1.0,1.0,1,4096.0,32768.0,baseline,,COMPLETED,19.578920110499304,19.578920110499304,1.0,,,Lyris SWE temp0/temp1 home-retry 2026-06-16,docs/lyris_swebench_osl32k_temp01_home_retry_metrics_live_20260616.csv,Lyris SWE temp0/temp1 home-retry 2026-06-16,55,/home/sna/vllm-runs/swe_temp01_core_20260616_home_retry/qwen30ba3b_swe_verified_osl32k_temp01_baseline_offset0_n4_isl4096_osl32768_bs1_2_20260616_swe_temp01_core_home_retry_qwen30ba3b_t10/breakdown.json,True
SWE,Qwen3-30B-A3B,1.0,1.0,2,4096.0,32768.0,baseline,,COMPLETED,38.78373191565313,38.78373191565313,1.0,,,Lyris SWE temp0/temp1 home-retry 2026-06-16,docs/lyris_swebench_osl32k_temp01_home_retry_metrics_live_20260616.csv,Lyris SWE temp0/temp1 home-retry 2026-06-16,55,/home/sna/vllm-runs/swe_temp01_core_20260616_home_retry/qwen30ba3b_swe_verified_osl32k_temp01_baseline_offset0_n4_isl4096_osl32768_bs1_2_20260616_swe_temp01_core_home_retry_qwen30ba3b_t10/breakdown.json,True
SWE,Qwen3-30B-A3B,1.0,1.0,4,4096.0,32768.0,baseline,,COMPLETED,78.47392072840016,78.47392072840016,1.0,,,legacy final breakdown,remote:/lustre/fsw/coreai_dlalgo_llm/users/sna/vllm-benchmark/vllm-runs/swe_qwen30ba3b_osl32k_temp01_bsweep_20260619/qwen30ba3b_swe_verified_osl32k_temp01_baseline_offset0_n4_isl4096_osl32768_bs4_20260619_swe_qwen30ba3b_osl32k_bs4_qwen30ba3b_t10/breakdown.json,Lyris legacy breakdowns refreshed 2026-06-25,40,/tmp/qwen_legacy_breakdowns/root/vllm-runs/swe_qwen30ba3b_osl32k_temp01_bsweep_20260619/qwen30ba3b_swe_verified_osl32k_temp01_baseline_offset0_n4_isl4096_osl32768_bs4_20260619_swe_qwen30ba3b_osl32k_bs4_qwen30ba3b_t10,True
SWE,Qwen3-30B-A3B,1.0,1.0,8,4096.0,32768.0,baseline,,COMPLETED,152.0632394071262,152.0632394071262,1.0,,,legacy final breakdown,remote:/lustre/fsw/coreai_dlalgo_llm/users/sna/vllm-benchmark/vllm-runs/swe_qwen30ba3b_osl32k_temp01_bsweep_20260619/qwen30ba3b_swe_verified_osl32k_temp01_baseline_offset0_n8_isl4096_osl32768_bs8_20260619_swe_qwen30ba3b_osl32k_bs8_qwen30ba3b_t10/breakdown.json,Lyris legacy breakdowns refreshed 2026-06-25,40,/tmp/qwen_legacy_breakdowns/root/vllm-runs/swe_qwen30ba3b_osl32k_temp01_bsweep_20260619/qwen30ba3b_swe_verified_osl32k_temp01_baseline_offset0_n8_isl4096_osl32768_bs8_20260619_swe_qwen30ba3b_osl32k_bs8_qwen30ba3b_t10,True
SWE,Qwen3-30B-A3B,1.0,1.0,16,4096.0,32768.0,baseline,,COMPLETED,298.2729877169295,298.2729877169295,1.0,,,legacy final breakdown,remote:/lustre/fsw/coreai_dlalgo_llm/users/sna/vllm-benchmark/vllm-runs/swe_qwen30ba3b_osl32k_temp01_bsweep_20260619/qwen30ba3b_swe_verified_osl32k_temp01_baseline_offset0_n16_isl4096_osl32768_bs16_20260619_swe_qwen30ba3b_osl32k_bs16_qwen30ba3b_t10/breakdown.json,Lyris legacy breakdowns refreshed 2026-06-25,40,/tmp/qwen_legacy_breakdowns/root/vllm-runs/swe_qwen30ba3b_osl32k_temp01_bsweep_20260619/qwen30ba3b_swe_verified_osl32k_temp01_baseline_offset0_n16_isl4096_osl32768_bs16_20260619_swe_qwen30ba3b_osl32k_bs16_qwen30ba3b_t10,True
SWE,Qwen3-30B-A3B,1.0,1.0,32,4096.0,32768.0,baseline,,COMPLETED,533.3991489084059,533.3991489084059,1.0,,,legacy final breakdown,remote:/lustre/fsw/coreai_dlalgo_llm/users/sna/vllm-benchmark/vllm-runs/swe_qwen30ba3b_osl32k_temp01_bsweep_20260619/qwen30ba3b_swe_verified_osl32k_temp01_baseline_offset0_n32_isl4096_osl32768_bs32_20260619_swe_qwen30ba3b_osl32k_bs32_qwen30ba3b_t10/breakdown.json,Lyris legacy breakdowns refreshed 2026-06-25,40,/tmp/qwen_legacy_breakdowns/root/vllm-runs/swe_qwen30ba3b_osl32k_temp01_bsweep_20260619/qwen30ba3b_swe_verified_osl32k_temp01_baseline_offset0_n32_isl4096_osl32768_bs32_20260619_swe_qwen30ba3b_osl32k_bs32_qwen30ba3b_t10,True
SWE,Qwen3-30B-A3B,1.0,1.0,1,4096.0,32768.0,eagle3_k3,,COMPLETED,21.400454284469262,19.578920110499304,1.0930354771197597,11.211710287965143,1.3363513086389542,Lyris SWE temp0/temp1 home-retry 2026-06-16,docs/lyris_swebench_osl32k_temp01_home_retry_metrics_live_20260616.csv,Lyris SWE temp0/temp1 home-retry 2026-06-16,55,/home/sna/vllm-runs/swe_temp01_core_20260616_home_retry/qwen30ba3b_swe_verified_osl32k_temp01_eagle3_offset0_n4_isl4096_osl32768_bs1_2_k3_20260616_swe_temp01_core_home_retry_qwen30ba3b_t10/breakdown.json,True
SWE,Qwen3-30B-A3B,1.0,1.0,2,4096.0,32768.0,eagle3_k3,,COMPLETED,40.29682475333975,38.78373191565313,1.0390135957255815,10.766124962147977,1.3229837488644394,Lyris SWE temp0/temp1 home-retry 2026-06-16,docs/lyris_swebench_osl32k_temp01_home_retry_metrics_live_20260616.csv,Lyris SWE temp0/temp1 home-retry 2026-06-16,55,/home/sna/vllm-runs/swe_temp01_core_20260616_home_retry/qwen30ba3b_swe_verified_osl32k_temp01_eagle3_offset0_n4_isl4096_osl32768_bs1_2_k3_20260616_swe_temp01_core_home_retry_qwen30ba3b_t10/breakdown.json,True
SWE,Qwen3-30B-A3B,1.0,1.0,4,4096.0,32768.0,eagle3_k3,,COMPLETED,82.92108057168235,78.47392072840016,1.0566705448383789,11.556350135969147,1.3466905040790744,legacy final breakdown,remote:/lustre/fsw/coreai_dlalgo_llm/users/sna/vllm-benchmark/vllm-runs/swe_qwen30ba3b_osl32k_temp01_bsweep_20260619/qwen30ba3b_swe_verified_osl32k_temp01_eagle3_offset0_n4_isl4096_osl32768_bs4_k3_20260619_swe_qwen30ba3b_osl32k_bs4_qwen30ba3b_t10/breakdown.json,Lyris legacy breakdowns refreshed 2026-06-25,40,/tmp/qwen_legacy_breakdowns/root/vllm-runs/swe_qwen30ba3b_osl32k_temp01_bsweep_20260619/qwen30ba3b_swe_verified_osl32k_temp01_eagle3_offset0_n4_isl4096_osl32768_bs4_k3_20260619_swe_qwen30ba3b_osl32k_bs4_qwen30ba3b_t10,True
SWE,Qwen3-30B-A3B,1.0,1.0,8,4096.0,32768.0,eagle3_k3,,COMPLETED,158.35621044753444,152.0632394071262,1.0413839075436224,11.054610970284088,1.3316383291085223,legacy final breakdown,remote:/lustre/fsw/coreai_dlalgo_llm/users/sna/vllm-benchmark/vllm-runs/swe_qwen30ba3b_osl32k_temp01_bsweep_20260619/qwen30ba3b_swe_verified_osl32k_temp01_eagle3_offset0_n8_isl4096_osl32768_bs8_k3_20260619_swe_qwen30ba3b_osl32k_bs8_qwen30ba3b_t10/breakdown.json,Lyris legacy breakdowns refreshed 2026-06-25,40,/tmp/qwen_legacy_breakdowns/root/vllm-runs/swe_qwen30ba3b_osl32k_temp01_bsweep_20260619/qwen30ba3b_swe_verified_osl32k_temp01_eagle3_offset0_n8_isl4096_osl32768_bs8_k3_20260619_swe_qwen30ba3b_osl32k_bs8_qwen30ba3b_t10,True
SWE,Qwen3-30B-A3B,1.0,1.0,16,4096.0,32768.0,eagle3_k3,,COMPLETED,277.59986676442037,298.2729877169295,0.9306906028911724,10.48479909734846,1.3145439729204538,legacy final breakdown,remote:/lustre/fsw/coreai_dlalgo_llm/users/sna/vllm-benchmark/vllm-runs/swe_qwen30ba3b_osl32k_temp01_bsweep_20260619/qwen30ba3b_swe_verified_osl32k_temp01_eagle3_offset0_n16_isl4096_osl32768_bs16_k3_20260619_swe_qwen30ba3b_osl32k_bs16_qwen30ba3b_t10/breakdown.json,Lyris legacy breakdowns refreshed 2026-06-25,40,/tmp/qwen_legacy_breakdowns/root/vllm-runs/swe_qwen30ba3b_osl32k_temp01_bsweep_20260619/qwen30ba3b_swe_verified_osl32k_temp01_eagle3_offset0_n16_isl4096_osl32768_bs16_k3_20260619_swe_qwen30ba3b_osl32k_bs16_qwen30ba3b_t10,True
SWE,Qwen3-30B-A3B,1.0,1.0,32,4096.0,32768.0,eagle3_k3,,COMPLETED,515.4189329880679,533.3991489084059,0.966291254950192,11.943874812539644,1.3583162443761894,legacy final breakdown,remote:/lustre/fsw/coreai_dlalgo_llm/users/sna/vllm-benchmark/vllm-runs/swe_qwen30ba3b_osl32k_temp01_bsweep_20260619/qwen30ba3b_swe_verified_osl32k_temp01_eagle3_offset0_n32_isl4096_osl32768_bs32_k3_20260619_swe_qwen30ba3b_osl32k_bs32_qwen30ba3b_t10/breakdown.json,Lyris legacy breakdowns refreshed 2026-06-25,40,/tmp/qwen_legacy_breakdowns/root/vllm-runs/swe_qwen30ba3b_osl32k_temp01_bsweep_20260619/qwen30ba3b_swe_verified_osl32k_temp01_eagle3_offset0_n32_isl4096_osl32768_bs32_k3_20260619_swe_qwen30ba3b_osl32k_bs32_qwen30ba3b_t10,True
SWE,Qwen3-30B-A3B,1.0,1.0,1,4096.0,32768.0,eagle3_k8,,COMPLETED,20.093910430307425,19.578920110499304,1.0263033056420694,4.053671745544194,1.3242937396435357,legacy final breakdown,remote:/lustre/fsw/coreai_dlalgo_llm/users/sna/vllm-benchmark/vllm-runs/qwen30ba3b_swe_verified_osl32k_temp01_eagle3_offset0_n1_isl4096_osl32768_bs1_k8_20260620_swe_extra_eagle3k8_pardk16_pard2k16_eagle3k8_qwen30ba3b_t10_bs1_qwen30ba3b_t10/breakdown.json,Lyris legacy breakdowns refreshed 2026-06-25,40,/tmp/qwen_legacy_breakdowns/root/vllm-runs/qwen30ba3b_swe_verified_osl32k_temp01_eagle3_offset0_n1_isl4096_osl32768_bs1_k8_20260620_swe_extra_eagle3k8_pardk16_pard2k16_eagle3k8_qwen30ba3b_t10_bs1_qwen30ba3b_t10,True
SWE,Qwen3-30B-A3B,1.0,1.0,2,4096.0,32768.0,eagle3_k8,,COMPLETED,38.72503738750937,38.78373191565313,0.998486619898482,4.371768994706815,1.3497415195765452,legacy final breakdown,remote:/lustre/fsw/coreai_dlalgo_llm/users/sna/vllm-benchmark/vllm-runs/qwen30ba3b_swe_verified_osl32k_temp01_eagle3_offset0_n2_isl4096_osl32768_bs2_k8_20260620_swe_extra_eagle3k8_pardk16_pard2k16_eagle3k8_qwen30ba3b_t10_bs2_qwen30ba3b_t10/breakdown.json,Lyris legacy breakdowns refreshed 2026-06-25,40,/tmp/qwen_legacy_breakdowns/root/vllm-runs/qwen30ba3b_swe_verified_osl32k_temp01_eagle3_offset0_n2_isl4096_osl32768_bs2_k8_20260620_swe_extra_eagle3k8_pardk16_pard2k16_eagle3k8_qwen30ba3b_t10_bs2_qwen30ba3b_t10,True
SWE,Qwen3-30B-A3B,1.0,1.0,4,4096.0,32768.0,eagle3_k8,,COMPLETED,77.66468311804421,78.47392072840016,0.9896878147180036,4.647417447276152,1.3717933957820925,legacy final breakdown,remote:/lustre/fsw/coreai_dlalgo_llm/users/sna/vllm-benchmark/vllm-runs/qwen30ba3b_swe_verified_osl32k_temp01_eagle3_offset0_n4_isl4096_osl32768_bs4_k8_20260620_swe_extra_eagle3k8_pardk16_pard2k16_eagle3k8_qwen30ba3b_t10_bs4_qwen30ba3b_t10/breakdown.json,Lyris legacy breakdowns refreshed 2026-06-25,40,/tmp/qwen_legacy_breakdowns/root/vllm-runs/qwen30ba3b_swe_verified_osl32k_temp01_eagle3_offset0_n4_isl4096_osl32768_bs4_k8_20260620_swe_extra_eagle3k8_pardk16_pard2k16_eagle3k8_qwen30ba3b_t10_bs4_qwen30ba3b_t10,True
SWE,Qwen3-30B-A3B,1.0,1.0,8,4096.0,32768.0,eagle3_k8,,COMPLETED,126.6546186519786,152.0632394071262,0.8329075399536907,3.877031072726273,1.3101624858181018,legacy final breakdown,remote:/lustre/fsw/coreai_dlalgo_llm/users/sna/vllm-benchmark/vllm-runs/qwen30ba3b_swe_verified_osl32k_temp01_eagle3_offset0_n8_isl4096_osl32768_bs8_k8_20260620_swe_extra_eagle3k8_pardk16_pard2k16_eagle3k8_qwen30ba3b_t10_bs8_qwen30ba3b_t10/breakdown.json,Lyris legacy breakdowns refreshed 2026-06-25,40,/tmp/qwen_legacy_breakdowns/root/vllm-runs/qwen30ba3b_swe_verified_osl32k_temp01_eagle3_offset0_n8_isl4096_osl32768_bs8_k8_20260620_swe_extra_eagle3k8_pardk16_pard2k16_eagle3k8_qwen30ba3b_t10_bs8_qwen30ba3b_t10,True
SWE,Qwen3-30B-A3B,1.0,1.0,16,4096.0,32768.0,eagle3_k8,,COMPLETED,255.82201930686588,298.2729877169295,0.8576774627330621,4.668878683164659,1.3735102946531728,legacy final breakdown,remote:/lustre/fsw/coreai_dlalgo_llm/users/sna/vllm-benchmark/vllm-runs/qwen30ba3b_swe_verified_osl32k_temp01_eagle3_offset0_n16_isl4096_osl32768_bs16_k8_20260620_swe_extra_eagle3k8_pardk16_pard2k16_eagle3k8_qwen30ba3b_t10_bs16_qwen30ba3b_t10/breakdown.json,Lyris legacy breakdowns refreshed 2026-06-25,40,/tmp/qwen_legacy_breakdowns/root/vllm-runs/qwen30ba3b_swe_verified_osl32k_temp01_eagle3_offset0_n16_isl4096_osl32768_bs16_k8_20260620_swe_extra_eagle3k8_pardk16_pard2k16_eagle3k8_qwen30ba3b_t10_bs16_qwen30ba3b_t10,True
SWE,Qwen3-30B-A3B,1.0,1.0,32,4096.0,32768.0,eagle3_k8,,COMPLETED,415.6686298179128,533.3991489084059,0.77928251417081,4.765845754595812,1.381267660367665,legacy final breakdown,remote:/lustre/fsw/coreai_dlalgo_llm/users/sna/vllm-benchmark/vllm-runs/qwen30ba3b_swe_verified_osl32k_temp01_eagle3_offset0_n32_isl4096_osl32768_bs32_k8_20260620_swe_extra_eagle3k8_pardk16_pard2k16_eagle3k8_qwen30ba3b_t10_bs32_qwen30ba3b_t10/breakdown.json,Lyris legacy breakdowns refreshed 2026-06-25,40,/tmp/qwen_legacy_breakdowns/root/vllm-runs/qwen30ba3b_swe_verified_osl32k_temp01_eagle3_offset0_n32_isl4096_osl32768_bs32_k8_20260620_swe_extra_eagle3k8_pardk16_pard2k16_eagle3k8_qwen30ba3b_t10_bs32_qwen30ba3b_t10,True
SWE,Qwen3-30B-A3B,1.0,1.0,1,4096.0,32768.0,suffix_k32,,COMPLETED,168.52857801824285,19.578920110499304,8.607654409288306,91.15116052272283,9.456967064784656,Lyris SWE temp0/temp1 home-retry 2026-06-16,docs/lyris_swebench_osl32k_temp01_home_retry_metrics_live_20260616.csv,Lyris SWE temp0/temp1 home-retry 2026-06-16,55,/home/sna/vllm-runs/swe_temp01_core_20260616_home_retry/qwen30ba3b_swe_verified_osl32k_temp01_suffix_offset0_n4_isl4096_osl32768_bs1_2_k32_arctic_20260616_swe_temp01_core_home_retry_qwen30ba3b_t10/breakdown.json,True
SWE,Qwen3-30B-A3B,1.0,1.0,2,4096.0,32768.0,suffix_k32,,COMPLETED,306.9117083096725,38.78373191565313,7.913413515160022,90.41591460155396,9.290148448043183,Lyris SWE temp0/temp1 home-retry 2026-06-16,docs/lyris_swebench_osl32k_temp01_home_retry_metrics_live_20260616.csv,Lyris SWE temp0/temp1 home-retry 2026-06-16,55,/home/sna/vllm-runs/swe_temp01_core_20260616_home_retry/qwen30ba3b_swe_verified_osl32k_temp01_suffix_offset0_n4_isl4096_osl32768_bs1_2_k32_arctic_20260616_swe_temp01_core_home_retry_qwen30ba3b_t10/breakdown.json,True
SWE,Qwen3-30B-A3B,1.0,1.0,4,4096.0,32768.0,suffix_k32,,COMPLETED,572.8246320586514,78.47392072840016,7.299554128832293,92.76502939503128,9.7296252230815,legacy final breakdown,remote:/lustre/fsw/coreai_dlalgo_llm/users/sna/vllm-benchmark/vllm-runs/swe_qwen30ba3b_osl32k_temp01_bsweep_20260619/qwen30ba3b_swe_verified_osl32k_temp01_suffix_offset0_n4_isl4096_osl32768_bs4_k32_arctic_20260619_swe_qwen30ba3b_osl32k_bs4_qwen30ba3b_t10/breakdown.json,Lyris legacy breakdowns refreshed 2026-06-25,40,/tmp/qwen_legacy_breakdowns/root/vllm-runs/swe_qwen30ba3b_osl32k_temp01_bsweep_20260619/qwen30ba3b_swe_verified_osl32k_temp01_suffix_offset0_n4_isl4096_osl32768_bs4_k32_arctic_20260619_swe_qwen30ba3b_osl32k_bs4_qwen30ba3b_t10,True
SWE,Qwen3-30B-A3B,1.0,1.0,8,4096.0,32768.0,suffix_k32,,COMPLETED,549.6814423215682,152.0632394071262,3.614821336601147,81.40718336755869,7.409559406501303,legacy final breakdown,remote:/lustre/fsw/coreai_dlalgo_llm/users/sna/vllm-benchmark/vllm-runs/swe_qwen30ba3b_osl32k_temp01_bsweep_20260619/qwen30ba3b_swe_verified_osl32k_temp01_suffix_offset0_n8_isl4096_osl32768_bs8_k32_arctic_20260619_swe_qwen30ba3b_osl32k_bs8_qwen30ba3b_t10/breakdown.json,Lyris legacy breakdowns refreshed 2026-06-25,40,/tmp/qwen_legacy_breakdowns/root/vllm-runs/swe_qwen30ba3b_osl32k_temp01_bsweep_20260619/qwen30ba3b_swe_verified_osl32k_temp01_suffix_offset0_n8_isl4096_osl32768_bs8_k32_arctic_20260619_swe_qwen30ba3b_osl32k_bs8_qwen30ba3b_t10,True
SWE,Qwen3-30B-A3B,1.0,1.0,16,4096.0,32768.0,suffix_k32,,COMPLETED,912.3665250941428,298.2729877169295,3.058830543381312,87.50056850914163,8.449053011970445,legacy final breakdown,remote:/lustre/fsw/coreai_dlalgo_llm/users/sna/vllm-benchmark/vllm-runs/swe_qwen30ba3b_osl32k_temp01_bsweep_20260619/qwen30ba3b_swe_verified_osl32k_temp01_suffix_offset0_n16_isl4096_osl32768_bs16_k32_arctic_20260619_swe_qwen30ba3b_osl32k_bs16_qwen30ba3b_t10/breakdown.json,Lyris legacy breakdowns refreshed 2026-06-25,40,/tmp/qwen_legacy_breakdowns/root/vllm-runs/swe_qwen30ba3b_osl32k_temp01_bsweep_20260619/qwen30ba3b_swe_verified_osl32k_temp01_suffix_offset0_n16_isl4096_osl32768_bs16_k32_arctic_20260619_swe_qwen30ba3b_osl32k_bs16_qwen30ba3b_t10,True
SWE,Qwen3-30B-A3B,1.0,1.0,32,4096.0,32768.0,suffix_k32,,COMPLETED,653.1351770189738,533.3991489084059,1.2244773512586324,78.01305449914608,7.005443286835805,legacy final breakdown,remote:/lustre/fsw/coreai_dlalgo_llm/users/sna/vllm-benchmark/vllm-runs/swe_qwen30ba3b_osl32k_temp01_bsweep_20260619/qwen30ba3b_swe_verified_osl32k_temp01_suffix_offset0_n32_isl4096_osl32768_bs32_k32_arctic_20260619_swe_qwen30ba3b_osl32k_bs32_qwen30ba3b_t10/breakdown.json,Lyris legacy breakdowns refreshed 2026-06-25,40,/tmp/qwen_legacy_breakdowns/root/vllm-runs/swe_qwen30ba3b_osl32k_temp01_bsweep_20260619/qwen30ba3b_swe_verified_osl32k_temp01_suffix_offset0_n32_isl4096_osl32768_bs32_k32_arctic_20260619_swe_qwen30ba3b_osl32k_bs32_qwen30ba3b_t10,True
SWE,Qwen3-32B,1.0,1.0,1,4096.0,32768.0,baseline,,COMPLETED,8.357309200106233,8.357309200106233,1.0,,,Lyris SWE temp0/temp1 home-retry 2026-06-16,docs/lyris_swebench_osl32k_temp01_home_retry_metrics_live_20260616.csv,Lyris SWE temp0/temp1 home-retry 2026-06-16,55,/home/sna/vllm-runs/swe_temp01_core_20260616_home_retry/qwen32_swe_verified_osl32k_temp01_baseline_offset0_n4_isl4096_osl32768_bs1_2_20260616_swe_temp01_core_home_retry_qwen32_t10/breakdown.json,True
SWE,Qwen3-32B,1.0,1.0,2,4096.0,32768.0,baseline,,COMPLETED,16.396119029169874,16.396119029169874,1.0,,,Lyris SWE temp0/temp1 home-retry 2026-06-16,docs/lyris_swebench_osl32k_temp01_home_retry_metrics_live_20260616.csv,Lyris SWE temp0/temp1 home-retry 2026-06-16,55,/home/sna/vllm-runs/swe_temp01_core_20260616_home_retry/qwen32_swe_verified_osl32k_temp01_baseline_offset0_n4_isl4096_osl32768_bs1_2_20260616_swe_temp01_core_home_retry_qwen32_t10/breakdown.json,True
SWE,Qwen3-32B,1.0,1.0,1,4096.0,32768.0,eagle3_k3,,COMPLETED,15.930813579168936,8.357309200106233,1.906213255693164,49.257718966603655,2.4777315689981094,Lyris SWE temp0/temp1 home-retry 2026-06-16,docs/lyris_swebench_osl32k_temp01_home_retry_metrics_live_20260616.csv,Lyris SWE temp0/temp1 home-retry 2026-06-16,55,/home/sna/vllm-runs/swe_temp01_core_20260616_home_retry/qwen32_swe_verified_osl32k_temp01_eagle3_offset0_n4_isl4096_osl32768_bs1_2_k3_20260616_swe_temp01_core_home_retry_qwen32_t10/breakdown.json,True
SWE,Qwen3-32B,1.0,1.0,2,4096.0,32768.0,eagle3_k3,,COMPLETED,29.725902224223283,16.396119029169874,1.812984046489219,48.80404063191272,2.4641212189573816,Lyris SWE temp0/temp1 home-retry 2026-06-16,docs/lyris_swebench_osl32k_temp01_home_retry_metrics_live_20260616.csv,Lyris SWE temp0/temp1 home-retry 2026-06-16,55,/home/sna/vllm-runs/swe_temp01_core_20260616_home_retry/qwen32_swe_verified_osl32k_temp01_eagle3_offset0_n4_isl4096_osl32768_bs1_2_k3_20260616_swe_temp01_core_home_retry_qwen32_t10/breakdown.json,True
SWE,Qwen3-32B,1.0,1.0,1,4096.0,32768.0,suffix_k32,,COMPLETED,16.160134643093816,8.357309200106233,1.933652836835138,42.12352693238179,2.3677352830896137,Lyris SWE temp0/temp1 home-retry 2026-06-16,docs/lyris_swebench_osl32k_temp01_home_retry_metrics_live_20260616.csv,Lyris SWE temp0/temp1 home-retry 2026-06-16,55,/home/sna/vllm-runs/swe_temp01_core_20260616_home_retry/qwen32_swe_verified_osl32k_temp01_suffix_offset0_n4_isl4096_osl32768_bs1_2_k32_arctic_20260616_swe_temp01_core_home_retry_qwen32_t10/breakdown.json,True
SWE,Qwen3-32B,1.0,1.0,2,4096.0,32768.0,suffix_k32,,COMPLETED,39.59719572537346,16.396119029169874,2.415034658807197,62.33081798589964,4.057471622801547,Lyris SWE temp0/temp1 home-retry 2026-06-16,docs/lyris_swebench_osl32k_temp01_home_retry_metrics_live_20260616.csv,Lyris SWE temp0/temp1 home-retry 2026-06-16,55,/home/sna/vllm-runs/swe_temp01_core_20260616_home_retry/qwen32_swe_verified_osl32k_temp01_suffix_offset0_n4_isl4096_osl32768_bs1_2_k32_arctic_20260616_swe_temp01_core_home_retry_qwen32_t10/breakdown.json,True
SWE,Qwen3-8B,1.0,1.0,1,4096.0,32768.0,baseline,,COMPLETED,41.07325776834336,41.07325776834336,1.0,,,local OCI-HSG Qwen8 PARD-1 temp0/temp1 final breakdown,docs/oci_hsg_qwen8_pard1_standalone_temp01_20260616_r4_noprof_metrics.csv,OCI-HSG Qwen8 PARD-1 temp0/temp1 r4 no-profiler 2026-06-16,50,/lustre/fs1/portfolios/coreai/projects/coreai_dlalgo_nemorl/users/sna/SpecDec-RL-main-vllm020-20260606/vllm-runs/oci_qwen8_pard1_temp01_20260616_r4_noprof/qwen8_swe_osl32k_oci_temp01_t10_baseline_pard1_k3_k5_offset0_n4_isl4096_osl32768_bs1_2_20260616_r4_noprof/baseline/breakdown.json,True
SWE,Qwen3-8B,1.0,1.0,2,4096.0,32768.0,baseline,,COMPLETED,79.75734663992445,79.75734663992445,1.0,,,local OCI-HSG Qwen8 PARD-1 temp0/temp1 final breakdown,docs/oci_hsg_qwen8_pard1_standalone_temp01_20260616_r4_noprof_metrics.csv,OCI-HSG Qwen8 PARD-1 temp0/temp1 r4 no-profiler 2026-06-16,50,/lustre/fs1/portfolios/coreai/projects/coreai_dlalgo_nemorl/users/sna/SpecDec-RL-main-vllm020-20260606/vllm-runs/oci_qwen8_pard1_temp01_20260616_r4_noprof/qwen8_swe_osl32k_oci_temp01_t10_baseline_pard1_k3_k5_offset0_n4_isl4096_osl32768_bs1_2_20260616_r4_noprof/baseline/breakdown.json,True
SWE,Qwen3-8B,1.0,1.0,1,4096.0,32768.0,pard_k3,,COMPLETED,44.124743826601545,41.07325776834336,1.0742937430351598,60.320250369766995,2.80960751109301,local OCI-HSG Qwen8 PARD-1 temp0/temp1 final breakdown,docs/oci_hsg_qwen8_pard1_standalone_temp01_20260616_r4_noprof_metrics.csv,OCI-HSG Qwen8 PARD-1 temp0/temp1 r4 no-profiler 2026-06-16,50,/lustre/fs1/portfolios/coreai/projects/coreai_dlalgo_nemorl/users/sna/SpecDec-RL-main-vllm020-20260606/vllm-runs/oci_qwen8_pard1_temp01_20260616_r4_noprof/qwen8_swe_osl32k_oci_temp01_t10_baseline_pard1_k3_k5_offset0_n4_isl4096_osl32768_bs1_2_20260616_r4_noprof/pard_k3/breakdown.json,True
SWE,Qwen3-8B,1.0,1.0,2,4096.0,32768.0,pard_k3,,COMPLETED,68.99731219080493,79.75734663992445,0.8650903659358532,54.565939040337994,2.63697817121014,local OCI-HSG Qwen8 PARD-1 temp0/temp1 final breakdown,docs/oci_hsg_qwen8_pard1_standalone_temp01_20260616_r4_noprof_metrics.csv,OCI-HSG Qwen8 PARD-1 temp0/temp1 r4 no-profiler 2026-06-16,50,/lustre/fs1/portfolios/coreai/projects/coreai_dlalgo_nemorl/users/sna/SpecDec-RL-main-vllm020-20260606/vllm-runs/oci_qwen8_pard1_temp01_20260616_r4_noprof/qwen8_swe_osl32k_oci_temp01_t10_baseline_pard1_k3_k5_offset0_n4_isl4096_osl32768_bs1_2_20260616_r4_noprof/pard_k3/breakdown.json,True
SWE,Qwen3-8B,1.0,1.0,1,4096.0,32768.0,pard_k5,,COMPLETED,56.097350774200386,41.07325776834336,1.3657877125450866,52.448940109996414,3.62244700549982,local OCI-HSG Qwen8 PARD-1 temp0/temp1 final breakdown,docs/oci_hsg_qwen8_pard1_standalone_temp01_20260616_r4_noprof_metrics.csv,OCI-HSG Qwen8 PARD-1 temp0/temp1 r4 no-profiler 2026-06-16,50,/lustre/fs1/portfolios/coreai/projects/coreai_dlalgo_nemorl/users/sna/SpecDec-RL-main-vllm020-20260606/vllm-runs/oci_qwen8_pard1_temp01_20260616_r4_noprof/qwen8_swe_osl32k_oci_temp01_t10_baseline_pard1_k3_k5_offset0_n4_isl4096_osl32768_bs1_2_20260616_r4_noprof/pard_k5/breakdown.json,True
SWE,Qwen3-8B,1.0,1.0,2,4096.0,32768.0,pard_k5,,COMPLETED,79.59757189487043,79.75734663992445,0.9979967394630698,47.89308746212219,3.3946543731061096,local OCI-HSG Qwen8 PARD-1 temp0/temp1 final breakdown,docs/oci_hsg_qwen8_pard1_standalone_temp01_20260616_r4_noprof_metrics.csv,OCI-HSG Qwen8 PARD-1 temp0/temp1 r4 no-profiler 2026-06-16,50,/lustre/fs1/portfolios/coreai/projects/coreai_dlalgo_nemorl/users/sna/SpecDec-RL-main-vllm020-20260606/vllm-runs/oci_qwen8_pard1_temp01_20260616_r4_noprof/qwen8_swe_osl32k_oci_temp01_t10_baseline_pard1_k3_k5_offset0_n4_isl4096_osl32768_bs1_2_20260616_r4_noprof/pard_k5/breakdown.json,True
