domain,model,temperature,top_p,batch_size,isl,osl,method,job_id,state,tok_s_gpu,baseline_tok_s_gpu,speedup,acceptance_pct,mean_accept_len,basis,source,source_label,source_priority,logs_dir,valid_result
Math,Qwen3-30B-A3B,0.0,1.0,1,4096,32768,baseline,,COMPLETED,20.113413812196672,,,,,legacy final breakdown,remote:/lustre/fsw/coreai_dlalgo_llm/users/sna/vllm-benchmark/vllm-runs/qwen30ba3b_math500_osl32k_lyris_baseline_offset0_n4_isl4096_osl32768_bs1_2_20260612_math/breakdown.json,Lyris legacy breakdowns refreshed 2026-06-25,40,/tmp/qwen_legacy_breakdowns/root/vllm-runs/qwen30ba3b_math500_osl32k_lyris_baseline_offset0_n4_isl4096_osl32768_bs1_2_20260612_math,True
Math,Qwen3-30B-A3B,0.0,1.0,2,4096,32768,baseline,,COMPLETED,40.122374908964915,,,,,legacy final breakdown,remote:/lustre/fsw/coreai_dlalgo_llm/users/sna/vllm-benchmark/vllm-runs/qwen30ba3b_math500_osl32k_lyris_baseline_offset0_n4_isl4096_osl32768_bs1_2_20260612_math/breakdown.json,Lyris legacy breakdowns refreshed 2026-06-25,40,/tmp/qwen_legacy_breakdowns/root/vllm-runs/qwen30ba3b_math500_osl32k_lyris_baseline_offset0_n4_isl4096_osl32768_bs1_2_20260612_math,True
Math,Qwen3-30B-A3B,0.0,1.0,1,4096,32768,pard_k5,,COMPLETED,42.333389286590425,,,52.15435853678677,3.6077179268393382,legacy final breakdown,remote:/lustre/fsw/coreai_dlalgo_llm/users/sna/vllm-benchmark/vllm-runs/qwen30ba3b_math500_osl32k_lyris_pard_offset0_n4_isl4096_osl32768_bs1_2_k5_20260612_math/breakdown.json,Lyris legacy breakdowns refreshed 2026-06-25,40,/tmp/qwen_legacy_breakdowns/root/vllm-runs/qwen30ba3b_math500_osl32k_lyris_pard_offset0_n4_isl4096_osl32768_bs1_2_k5_20260612_math,True
Math,Qwen3-30B-A3B,0.0,1.0,2,4096,32768,pard_k5,,COMPLETED,61.56877960925148,,,43.45007866392351,3.1725039331961757,legacy final breakdown,remote:/lustre/fsw/coreai_dlalgo_llm/users/sna/vllm-benchmark/vllm-runs/qwen30ba3b_math500_osl32k_lyris_pard_offset0_n4_isl4096_osl32768_bs1_2_k5_20260612_math/breakdown.json,Lyris legacy breakdowns refreshed 2026-06-25,40,/tmp/qwen_legacy_breakdowns/root/vllm-runs/qwen30ba3b_math500_osl32k_lyris_pard_offset0_n4_isl4096_osl32768_bs1_2_k5_20260612_math,True
Math,Qwen3-30B-A3B,0.0,1.0,1,4096,32768,suffix_k32,,COMPLETED,146.74090361737424,,,88.43495145631069,7.845427764083449,legacy final breakdown,remote:/lustre/fsw/coreai_dlalgo_llm/users/sna/vllm-benchmark/vllm-runs/qwen30ba3b_math500_osl32k_lyris_suffix_offset0_n4_isl4096_osl32768_bs1_2_k32_arctic_20260612_math/breakdown.json,Lyris legacy breakdowns refreshed 2026-06-25,40,/tmp/qwen_legacy_breakdowns/root/vllm-runs/qwen30ba3b_math500_osl32k_lyris_suffix_offset0_n4_isl4096_osl32768_bs1_2_k32_arctic_20260612_math,True
Math,Qwen3-30B-A3B,0.0,1.0,2,4096,32768,suffix_k32,,COMPLETED,303.80628653369337,,,92.51909357622093,9.806978137166816,legacy final breakdown,remote:/lustre/fsw/coreai_dlalgo_llm/users/sna/vllm-benchmark/vllm-runs/qwen30ba3b_math500_osl32k_lyris_suffix_offset0_n4_isl4096_osl32768_bs1_2_k32_arctic_20260612_math/breakdown.json,Lyris legacy breakdowns refreshed 2026-06-25,40,/tmp/qwen_legacy_breakdowns/root/vllm-runs/qwen30ba3b_math500_osl32k_lyris_suffix_offset0_n4_isl4096_osl32768_bs1_2_k32_arctic_20260612_math,True
Math,Qwen3-30B-A3B,0.0,1.0,1,4096,32768,pard_k3,,COMPLETED,37.19917646013568,,,70.67225290420872,3.1201675871262617,legacy final breakdown,remote:/lustre/fsw/coreai_dlalgo_llm/users/sna/vllm-benchmark/vllm-runs/qwen30ba3b_math500_osl32k_pardk3_lyris_pard_offset0_n4_isl4096_osl32768_bs1_2_k3_20260612_math/breakdown.json,Lyris legacy breakdowns refreshed 2026-06-25,40,/tmp/qwen_legacy_breakdowns/root/vllm-runs/qwen30ba3b_math500_osl32k_pardk3_lyris_pard_offset0_n4_isl4096_osl32768_bs1_2_k3_20260612_math,True
Math,Qwen3-30B-A3B,0.0,1.0,2,4096,32768,pard_k3,,COMPLETED,68.86752922951163,,,71.94779116465864,3.158433734939759,legacy final breakdown,remote:/lustre/fsw/coreai_dlalgo_llm/users/sna/vllm-benchmark/vllm-runs/qwen30ba3b_math500_osl32k_pardk3_lyris_pard_offset0_n4_isl4096_osl32768_bs1_2_k3_20260612_math/breakdown.json,Lyris legacy breakdowns refreshed 2026-06-25,40,/tmp/qwen_legacy_breakdowns/root/vllm-runs/qwen30ba3b_math500_osl32k_pardk3_lyris_pard_offset0_n4_isl4096_osl32768_bs1_2_k3_20260612_math,True
SWE,Qwen3-30B-A3B,0.0,1.0,16,4096,32768,baseline,,COMPLETED,239.09084282358063,,,,,legacy final breakdown,remote:/lustre/fsw/coreai_dlalgo_llm/users/sna/vllm-benchmark/vllm-runs/qwen30ba3b_swe_verified_osl32k_bsweep_lyris_bs16_baseline_offset0_n16_isl4096_osl32768_bs16_20260612/breakdown.json,Lyris legacy breakdowns refreshed 2026-06-25,40,/tmp/qwen_legacy_breakdowns/root/vllm-runs/qwen30ba3b_swe_verified_osl32k_bsweep_lyris_bs16_baseline_offset0_n16_isl4096_osl32768_bs16_20260612,True
SWE,Qwen3-30B-A3B,0.0,1.0,16,4096,32768,pard_k5,,COMPLETED,203.82882453282508,,,44.300265531768765,3.215013276588438,legacy final breakdown,remote:/lustre/fsw/coreai_dlalgo_llm/users/sna/vllm-benchmark/vllm-runs/qwen30ba3b_swe_verified_osl32k_bsweep_lyris_bs16_pard_offset0_n16_isl4096_osl32768_bs16_k5_20260612/breakdown.json,Lyris legacy breakdowns refreshed 2026-06-25,40,/tmp/qwen_legacy_breakdowns/root/vllm-runs/qwen30ba3b_swe_verified_osl32k_bsweep_lyris_bs16_pard_offset0_n16_isl4096_osl32768_bs16_k5_20260612,True
SWE,Qwen3-30B-A3B,0.0,1.0,16,4096,32768,suffix_k32,,COMPLETED,1801.3611964606278,,,89.46713366395313,9.35815963850042,legacy final breakdown,remote:/lustre/fsw/coreai_dlalgo_llm/users/sna/vllm-benchmark/vllm-runs/qwen30ba3b_swe_verified_osl32k_bsweep_lyris_bs16_suffix_offset0_n16_isl4096_osl32768_bs16_k32_arctic_20260612_lowmbt_r2/breakdown.json,Lyris legacy breakdowns refreshed 2026-06-25,40,/tmp/qwen_legacy_breakdowns/root/vllm-runs/qwen30ba3b_swe_verified_osl32k_bsweep_lyris_bs16_suffix_offset0_n16_isl4096_osl32768_bs16_k32_arctic_20260612_lowmbt_r2,True
SWE,Qwen3-30B-A3B,0.0,1.0,32,4096,32768,baseline,,COMPLETED,537.1439783806956,,,,,legacy final breakdown,remote:/lustre/fsw/coreai_dlalgo_llm/users/sna/vllm-benchmark/vllm-runs/qwen30ba3b_swe_verified_osl32k_bsweep_lyris_bs32_baseline_offset0_n32_isl4096_osl32768_bs32_20260612_lowmbt/breakdown.json,Lyris legacy breakdowns refreshed 2026-06-25,40,/tmp/qwen_legacy_breakdowns/root/vllm-runs/qwen30ba3b_swe_verified_osl32k_bsweep_lyris_bs32_baseline_offset0_n32_isl4096_osl32768_bs32_20260612_lowmbt,True
SWE,Qwen3-30B-A3B,0.0,1.0,32,4096,32768,pard_k5,,COMPLETED,446.5290577681657,,,44.771244050615714,3.2385622025307854,legacy final breakdown,remote:/lustre/fsw/coreai_dlalgo_llm/users/sna/vllm-benchmark/vllm-runs/qwen30ba3b_swe_verified_osl32k_bsweep_lyris_bs32_pard_offset0_n32_isl4096_osl32768_bs32_k5_20260612_lowmbt/breakdown.json,Lyris legacy breakdowns refreshed 2026-06-25,40,/tmp/qwen_legacy_breakdowns/root/vllm-runs/qwen30ba3b_swe_verified_osl32k_bsweep_lyris_bs32_pard_offset0_n32_isl4096_osl32768_bs32_k5_20260612_lowmbt,True
SWE,Qwen3-30B-A3B,0.0,1.0,32,4096,32768,suffix_k32,,COMPLETED,619.0790427308109,,,82.72447031634313,7.783351279099989,legacy final breakdown,remote:/lustre/fsw/coreai_dlalgo_llm/users/sna/vllm-benchmark/vllm-runs/qwen30ba3b_swe_verified_osl32k_bsweep_lyris_bs32_suffix_offset0_n32_isl4096_osl32768_bs32_k32_arctic_20260612_lowmbt/breakdown.json,Lyris legacy breakdowns refreshed 2026-06-25,40,/tmp/qwen_legacy_breakdowns/root/vllm-runs/qwen30ba3b_swe_verified_osl32k_bsweep_lyris_bs32_suffix_offset0_n32_isl4096_osl32768_bs32_k32_arctic_20260612_lowmbt,True
SWE,Qwen3-30B-A3B,0.0,1.0,4,4096,32768,baseline,,COMPLETED,79.2637639213557,,,,,legacy final breakdown,remote:/lustre/fsw/coreai_dlalgo_llm/users/sna/vllm-benchmark/vllm-runs/qwen30ba3b_swe_verified_osl32k_bsweep_lyris_bs4_baseline_offset0_n4_isl4096_osl32768_bs4_20260612/breakdown.json,Lyris legacy breakdowns refreshed 2026-06-25,40,/tmp/qwen_legacy_breakdowns/root/vllm-runs/qwen30ba3b_swe_verified_osl32k_bsweep_lyris_bs4_baseline_offset0_n4_isl4096_osl32768_bs4_20260612,True
SWE,Qwen3-30B-A3B,0.0,1.0,4,4096,32768,pard_k5,,COMPLETED,88.44058397273889,,,37.25749732433436,2.862874866216718,legacy final breakdown,remote:/lustre/fsw/coreai_dlalgo_llm/users/sna/vllm-benchmark/vllm-runs/qwen30ba3b_swe_verified_osl32k_bsweep_lyris_bs4_pard_offset0_n4_isl4096_osl32768_bs4_k5_20260612/breakdown.json,Lyris legacy breakdowns refreshed 2026-06-25,40,/tmp/qwen_legacy_breakdowns/root/vllm-runs/qwen30ba3b_swe_verified_osl32k_bsweep_lyris_bs4_pard_offset0_n4_isl4096_osl32768_bs4_k5_20260612,True
SWE,Qwen3-30B-A3B,0.0,1.0,4,4096,32768,suffix_k32,,COMPLETED,390.60788760655976,,,87.13509945696198,8.849989864180012,legacy final breakdown,remote:/lustre/fsw/coreai_dlalgo_llm/users/sna/vllm-benchmark/vllm-runs/qwen30ba3b_swe_verified_osl32k_bsweep_lyris_bs4_suffix_offset0_n4_isl4096_osl32768_bs4_k32_arctic_20260612/breakdown.json,Lyris legacy breakdowns refreshed 2026-06-25,40,/tmp/qwen_legacy_breakdowns/root/vllm-runs/qwen30ba3b_swe_verified_osl32k_bsweep_lyris_bs4_suffix_offset0_n4_isl4096_osl32768_bs4_k32_arctic_20260612,True
SWE,Qwen3-30B-A3B,0.0,1.0,8,4096,32768,baseline,,COMPLETED,146.30841998387277,,,,,legacy final breakdown,remote:/lustre/fsw/coreai_dlalgo_llm/users/sna/vllm-benchmark/vllm-runs/qwen30ba3b_swe_verified_osl32k_bsweep_lyris_bs8_baseline_offset0_n8_isl4096_osl32768_bs8_20260612/breakdown.json,Lyris legacy breakdowns refreshed 2026-06-25,40,/tmp/qwen_legacy_breakdowns/root/vllm-runs/qwen30ba3b_swe_verified_osl32k_bsweep_lyris_bs8_baseline_offset0_n8_isl4096_osl32768_bs8_20260612,True
SWE,Qwen3-30B-A3B,0.0,1.0,8,4096,32768,pard_k5,,COMPLETED,157.63966836370975,,,45.348689376659316,3.2674344688329655,legacy final breakdown,remote:/lustre/fsw/coreai_dlalgo_llm/users/sna/vllm-benchmark/vllm-runs/qwen30ba3b_swe_verified_osl32k_bsweep_lyris_bs8_pard_offset0_n8_isl4096_osl32768_bs8_k5_20260612/breakdown.json,Lyris legacy breakdowns refreshed 2026-06-25,40,/tmp/qwen_legacy_breakdowns/root/vllm-runs/qwen30ba3b_swe_verified_osl32k_bsweep_lyris_bs8_pard_offset0_n8_isl4096_osl32768_bs8_k5_20260612,True
SWE,Qwen3-30B-A3B,0.0,1.0,8,4096,32768,suffix_k32,,COMPLETED,941.5872741310021,,,88.64318667203757,9.174271096159238,legacy final breakdown,remote:/lustre/fsw/coreai_dlalgo_llm/users/sna/vllm-benchmark/vllm-runs/qwen30ba3b_swe_verified_osl32k_bsweep_lyris_bs8_suffix_offset0_n8_isl4096_osl32768_bs8_k32_arctic_20260612/breakdown.json,Lyris legacy breakdowns refreshed 2026-06-25,40,/tmp/qwen_legacy_breakdowns/root/vllm-runs/qwen30ba3b_swe_verified_osl32k_bsweep_lyris_bs8_suffix_offset0_n8_isl4096_osl32768_bs8_k32_arctic_20260612,True
SWE,Qwen3-30B-A3B,0.0,1.0,16,4096,32768,eagle3_k8,,COMPLETED,275.92501085697114,,,4.713898461797092,1.3771118769437674,legacy final breakdown,remote:/lustre/fsw/coreai_dlalgo_llm/users/sna/vllm-benchmark/vllm-runs/qwen30ba3b_swe_verified_osl32k_temp01_eagle3_offset0_n16_isl4096_osl32768_bs16_k8_20260620_swe_extra_eagle3k8_pardk16_pard2k16_eagle3k8_qwen30ba3b_t00_bs16_qwen30ba3b_t00/breakdown.json,Lyris legacy breakdowns refreshed 2026-06-25,40,/tmp/qwen_legacy_breakdowns/root/vllm-runs/qwen30ba3b_swe_verified_osl32k_temp01_eagle3_offset0_n16_isl4096_osl32768_bs16_k8_20260620_swe_extra_eagle3k8_pardk16_pard2k16_eagle3k8_qwen30ba3b_t00_bs16_qwen30ba3b_t00,True
SWE,Qwen3-30B-A3B,1.0,1.0,16,4096,32768,eagle3_k8,,COMPLETED,255.82201930686588,,,4.668878683164659,1.3735102946531728,legacy final breakdown,remote:/lustre/fsw/coreai_dlalgo_llm/users/sna/vllm-benchmark/vllm-runs/qwen30ba3b_swe_verified_osl32k_temp01_eagle3_offset0_n16_isl4096_osl32768_bs16_k8_20260620_swe_extra_eagle3k8_pardk16_pard2k16_eagle3k8_qwen30ba3b_t10_bs16_qwen30ba3b_t10/breakdown.json,Lyris legacy breakdowns refreshed 2026-06-25,40,/tmp/qwen_legacy_breakdowns/root/vllm-runs/qwen30ba3b_swe_verified_osl32k_temp01_eagle3_offset0_n16_isl4096_osl32768_bs16_k8_20260620_swe_extra_eagle3k8_pardk16_pard2k16_eagle3k8_qwen30ba3b_t10_bs16_qwen30ba3b_t10,True
SWE,Qwen3-30B-A3B,0.0,1.0,1,4096,32768,eagle3_k8,,COMPLETED,21.461154656277795,,,4.745789473684211,1.379663157894737,legacy final breakdown,remote:/lustre/fsw/coreai_dlalgo_llm/users/sna/vllm-benchmark/vllm-runs/qwen30ba3b_swe_verified_osl32k_temp01_eagle3_offset0_n1_isl4096_osl32768_bs1_k8_20260620_swe_extra_eagle3k8_pardk16_pard2k16_eagle3k8_qwen30ba3b_t00_bs1_qwen30ba3b_t00/breakdown.json,Lyris legacy breakdowns refreshed 2026-06-25,40,/tmp/qwen_legacy_breakdowns/root/vllm-runs/qwen30ba3b_swe_verified_osl32k_temp01_eagle3_offset0_n1_isl4096_osl32768_bs1_k8_20260620_swe_extra_eagle3k8_pardk16_pard2k16_eagle3k8_qwen30ba3b_t00_bs1_qwen30ba3b_t00,True
SWE,Qwen3-30B-A3B,1.0,1.0,1,4096,32768,eagle3_k8,,COMPLETED,20.093910430307425,,,4.053671745544194,1.3242937396435355,legacy final breakdown,remote:/lustre/fsw/coreai_dlalgo_llm/users/sna/vllm-benchmark/vllm-runs/qwen30ba3b_swe_verified_osl32k_temp01_eagle3_offset0_n1_isl4096_osl32768_bs1_k8_20260620_swe_extra_eagle3k8_pardk16_pard2k16_eagle3k8_qwen30ba3b_t10_bs1_qwen30ba3b_t10/breakdown.json,Lyris legacy breakdowns refreshed 2026-06-25,40,/tmp/qwen_legacy_breakdowns/root/vllm-runs/qwen30ba3b_swe_verified_osl32k_temp01_eagle3_offset0_n1_isl4096_osl32768_bs1_k8_20260620_swe_extra_eagle3k8_pardk16_pard2k16_eagle3k8_qwen30ba3b_t10_bs1_qwen30ba3b_t10,True
SWE,Qwen3-30B-A3B,0.0,1.0,2,4096,32768,eagle3_k8,,COMPLETED,41.091119685788144,,,5.898504177522235,1.4718803342017788,legacy final breakdown,remote:/lustre/fsw/coreai_dlalgo_llm/users/sna/vllm-benchmark/vllm-runs/qwen30ba3b_swe_verified_osl32k_temp01_eagle3_offset0_n2_isl4096_osl32768_bs2_k8_20260620_swe_extra_eagle3k8_pardk16_pard2k16_eagle3k8_qwen30ba3b_t00_bs2_qwen30ba3b_t00/breakdown.json,Lyris legacy breakdowns refreshed 2026-06-25,40,/tmp/qwen_legacy_breakdowns/root/vllm-runs/qwen30ba3b_swe_verified_osl32k_temp01_eagle3_offset0_n2_isl4096_osl32768_bs2_k8_20260620_swe_extra_eagle3k8_pardk16_pard2k16_eagle3k8_qwen30ba3b_t00_bs2_qwen30ba3b_t00,True
SWE,Qwen3-30B-A3B,1.0,1.0,2,4096,32768,eagle3_k8,,COMPLETED,38.72503738750937,,,4.371768994706815,1.3497415195765452,legacy final breakdown,remote:/lustre/fsw/coreai_dlalgo_llm/users/sna/vllm-benchmark/vllm-runs/qwen30ba3b_swe_verified_osl32k_temp01_eagle3_offset0_n2_isl4096_osl32768_bs2_k8_20260620_swe_extra_eagle3k8_pardk16_pard2k16_eagle3k8_qwen30ba3b_t10_bs2_qwen30ba3b_t10/breakdown.json,Lyris legacy breakdowns refreshed 2026-06-25,40,/tmp/qwen_legacy_breakdowns/root/vllm-runs/qwen30ba3b_swe_verified_osl32k_temp01_eagle3_offset0_n2_isl4096_osl32768_bs2_k8_20260620_swe_extra_eagle3k8_pardk16_pard2k16_eagle3k8_qwen30ba3b_t10_bs2_qwen30ba3b_t10,True
SWE,Qwen3-30B-A3B,0.0,1.0,32,4096,32768,eagle3_k8,,COMPLETED,384.9043115297923,,,5.281847066788044,1.4225477653430436,legacy final breakdown,remote:/lustre/fsw/coreai_dlalgo_llm/users/sna/vllm-benchmark/vllm-runs/qwen30ba3b_swe_verified_osl32k_temp01_eagle3_offset0_n32_isl4096_osl32768_bs32_k8_20260620_swe_extra_eagle3k8_pardk16_pard2k16_eagle3k8_qwen30ba3b_t00_bs32_qwen30ba3b_t00/breakdown.json,Lyris legacy breakdowns refreshed 2026-06-25,40,/tmp/qwen_legacy_breakdowns/root/vllm-runs/qwen30ba3b_swe_verified_osl32k_temp01_eagle3_offset0_n32_isl4096_osl32768_bs32_k8_20260620_swe_extra_eagle3k8_pardk16_pard2k16_eagle3k8_qwen30ba3b_t00_bs32_qwen30ba3b_t00,True
SWE,Qwen3-30B-A3B,1.0,1.0,32,4096,32768,eagle3_k8,,COMPLETED,415.6686298179128,,,4.765845754595812,1.381267660367665,legacy final breakdown,remote:/lustre/fsw/coreai_dlalgo_llm/users/sna/vllm-benchmark/vllm-runs/qwen30ba3b_swe_verified_osl32k_temp01_eagle3_offset0_n32_isl4096_osl32768_bs32_k8_20260620_swe_extra_eagle3k8_pardk16_pard2k16_eagle3k8_qwen30ba3b_t10_bs32_qwen30ba3b_t10/breakdown.json,Lyris legacy breakdowns refreshed 2026-06-25,40,/tmp/qwen_legacy_breakdowns/root/vllm-runs/qwen30ba3b_swe_verified_osl32k_temp01_eagle3_offset0_n32_isl4096_osl32768_bs32_k8_20260620_swe_extra_eagle3k8_pardk16_pard2k16_eagle3k8_qwen30ba3b_t10_bs32_qwen30ba3b_t10,True
SWE,Qwen3-30B-A3B,0.0,1.0,4,4096,32768,eagle3_k8,,COMPLETED,76.797648612954,,,5.522661019745889,1.4418128815796711,legacy final breakdown,remote:/lustre/fsw/coreai_dlalgo_llm/users/sna/vllm-benchmark/vllm-runs/qwen30ba3b_swe_verified_osl32k_temp01_eagle3_offset0_n4_isl4096_osl32768_bs4_k8_20260620_swe_extra_eagle3k8_pardk16_pard2k16_eagle3k8_qwen30ba3b_t00_bs4_qwen30ba3b_t00/breakdown.json,Lyris legacy breakdowns refreshed 2026-06-25,40,/tmp/qwen_legacy_breakdowns/root/vllm-runs/qwen30ba3b_swe_verified_osl32k_temp01_eagle3_offset0_n4_isl4096_osl32768_bs4_k8_20260620_swe_extra_eagle3k8_pardk16_pard2k16_eagle3k8_qwen30ba3b_t00_bs4_qwen30ba3b_t00,True
SWE,Qwen3-30B-A3B,1.0,1.0,4,4096,32768,eagle3_k8,,COMPLETED,77.66468311804421,,,4.647417447276152,1.3717933957820923,legacy final breakdown,remote:/lustre/fsw/coreai_dlalgo_llm/users/sna/vllm-benchmark/vllm-runs/qwen30ba3b_swe_verified_osl32k_temp01_eagle3_offset0_n4_isl4096_osl32768_bs4_k8_20260620_swe_extra_eagle3k8_pardk16_pard2k16_eagle3k8_qwen30ba3b_t10_bs4_qwen30ba3b_t10/breakdown.json,Lyris legacy breakdowns refreshed 2026-06-25,40,/tmp/qwen_legacy_breakdowns/root/vllm-runs/qwen30ba3b_swe_verified_osl32k_temp01_eagle3_offset0_n4_isl4096_osl32768_bs4_k8_20260620_swe_extra_eagle3k8_pardk16_pard2k16_eagle3k8_qwen30ba3b_t10_bs4_qwen30ba3b_t10,True
SWE,Qwen3-30B-A3B,0.0,1.0,8,4096,32768,eagle3_k8,,COMPLETED,147.1835594875443,,,4.993740223269819,1.3994992178615855,legacy final breakdown,remote:/lustre/fsw/coreai_dlalgo_llm/users/sna/vllm-benchmark/vllm-runs/qwen30ba3b_swe_verified_osl32k_temp01_eagle3_offset0_n8_isl4096_osl32768_bs8_k8_20260620_swe_extra_eagle3k8_pardk16_pard2k16_eagle3k8_qwen30ba3b_t00_bs8_qwen30ba3b_t00/breakdown.json,Lyris legacy breakdowns refreshed 2026-06-25,40,/tmp/qwen_legacy_breakdowns/root/vllm-runs/qwen30ba3b_swe_verified_osl32k_temp01_eagle3_offset0_n8_isl4096_osl32768_bs8_k8_20260620_swe_extra_eagle3k8_pardk16_pard2k16_eagle3k8_qwen30ba3b_t00_bs8_qwen30ba3b_t00,True
SWE,Qwen3-30B-A3B,1.0,1.0,8,4096,32768,eagle3_k8,,COMPLETED,126.6546186519786,,,3.877031072726273,1.3101624858181018,legacy final breakdown,remote:/lustre/fsw/coreai_dlalgo_llm/users/sna/vllm-benchmark/vllm-runs/qwen30ba3b_swe_verified_osl32k_temp01_eagle3_offset0_n8_isl4096_osl32768_bs8_k8_20260620_swe_extra_eagle3k8_pardk16_pard2k16_eagle3k8_qwen30ba3b_t10_bs8_qwen30ba3b_t10/breakdown.json,Lyris legacy breakdowns refreshed 2026-06-25,40,/tmp/qwen_legacy_breakdowns/root/vllm-runs/qwen30ba3b_swe_verified_osl32k_temp01_eagle3_offset0_n8_isl4096_osl32768_bs8_k8_20260620_swe_extra_eagle3k8_pardk16_pard2k16_eagle3k8_qwen30ba3b_t10_bs8_qwen30ba3b_t10,True
SWE,Qwen3-30B-A3B,0.0,1.0,1,4096,32768,baseline,,COMPLETED,19.5753007832158,,,,,legacy final breakdown,remote:/lustre/fsw/coreai_dlalgo_llm/users/sna/vllm-benchmark/vllm-runs/qwen30ba3b_swebench_verified_osl32k_lyris_publicpard_baseline_offset0_n4_isl4096_osl32768_bs1_2_20260611/breakdown.json,Lyris legacy breakdowns refreshed 2026-06-25,40,/tmp/qwen_legacy_breakdowns/root/vllm-runs/qwen30ba3b_swebench_verified_osl32k_lyris_publicpard_baseline_offset0_n4_isl4096_osl32768_bs1_2_20260611,True
SWE,Qwen3-30B-A3B,0.0,1.0,2,4096,32768,baseline,,COMPLETED,39.23430753901102,,,,,legacy final breakdown,remote:/lustre/fsw/coreai_dlalgo_llm/users/sna/vllm-benchmark/vllm-runs/qwen30ba3b_swebench_verified_osl32k_lyris_publicpard_baseline_offset0_n4_isl4096_osl32768_bs1_2_20260611/breakdown.json,Lyris legacy breakdowns refreshed 2026-06-25,40,/tmp/qwen_legacy_breakdowns/root/vllm-runs/qwen30ba3b_swebench_verified_osl32k_lyris_publicpard_baseline_offset0_n4_isl4096_osl32768_bs1_2_20260611,True
SWE,Qwen3-30B-A3B,0.0,1.0,1,4096,32768,pard_k11,,COMPLETED,35.379712957574334,,,19.360755770412162,3.1296831347453375,legacy final breakdown,remote:/lustre/fsw/coreai_dlalgo_llm/users/sna/vllm-benchmark/vllm-runs/qwen30ba3b_swebench_verified_osl32k_lyris_publicpard_highk_pard_offset0_n4_isl4096_osl32768_bs1_2_k11_20260611/breakdown.json,Lyris legacy breakdowns refreshed 2026-06-25,40,/tmp/qwen_legacy_breakdowns/root/vllm-runs/qwen30ba3b_swebench_verified_osl32k_lyris_publicpard_highk_pard_offset0_n4_isl4096_osl32768_bs1_2_k11_20260611,True
SWE,Qwen3-30B-A3B,0.0,1.0,2,4096,32768,pard_k11,,COMPLETED,59.87616150332396,,,22.960805602832718,3.525688616311599,legacy final breakdown,remote:/lustre/fsw/coreai_dlalgo_llm/users/sna/vllm-benchmark/vllm-runs/qwen30ba3b_swebench_verified_osl32k_lyris_publicpard_highk_pard_offset0_n4_isl4096_osl32768_bs1_2_k11_20260611/breakdown.json,Lyris legacy breakdowns refreshed 2026-06-25,40,/tmp/qwen_legacy_breakdowns/root/vllm-runs/qwen30ba3b_swebench_verified_osl32k_lyris_publicpard_highk_pard_offset0_n4_isl4096_osl32768_bs1_2_k11_20260611,True
SWE,Qwen3-30B-A3B,0.0,1.0,1,4096,32768,pard_k9,,COMPLETED,34.9756175915406,,,23.551408789662705,3.1196267910696434,legacy final breakdown,remote:/lustre/fsw/coreai_dlalgo_llm/users/sna/vllm-benchmark/vllm-runs/qwen30ba3b_swebench_verified_osl32k_lyris_publicpard_highk_pard_offset0_n4_isl4096_osl32768_bs1_2_k9_20260611/breakdown.json,Lyris legacy breakdowns refreshed 2026-06-25,40,/tmp/qwen_legacy_breakdowns/root/vllm-runs/qwen30ba3b_swebench_verified_osl32k_lyris_publicpard_highk_pard_offset0_n4_isl4096_osl32768_bs1_2_k9_20260611,True
SWE,Qwen3-30B-A3B,0.0,1.0,2,4096,32768,pard_k9,,COMPLETED,59.678052152782946,,,27.51256799684106,3.476131119715695,legacy final breakdown,remote:/lustre/fsw/coreai_dlalgo_llm/users/sna/vllm-benchmark/vllm-runs/qwen30ba3b_swebench_verified_osl32k_lyris_publicpard_highk_pard_offset0_n4_isl4096_osl32768_bs1_2_k9_20260611/breakdown.json,Lyris legacy breakdowns refreshed 2026-06-25,40,/tmp/qwen_legacy_breakdowns/root/vllm-runs/qwen30ba3b_swebench_verified_osl32k_lyris_publicpard_highk_pard_offset0_n4_isl4096_osl32768_bs1_2_k9_20260611,True
SWE,Qwen3-30B-A3B,0.0,1.0,1,4096,32768,pard_k5,,COMPLETED,32.85413177585869,,,38.505590644318964,2.9252795322159484,legacy final breakdown,remote:/lustre/fsw/coreai_dlalgo_llm/users/sna/vllm-benchmark/vllm-runs/qwen30ba3b_swebench_verified_osl32k_lyris_publicpard_pard_offset0_n4_isl4096_osl32768_bs1_2_k5_20260611/breakdown.json,Lyris legacy breakdowns refreshed 2026-06-25,40,/tmp/qwen_legacy_breakdowns/root/vllm-runs/qwen30ba3b_swebench_verified_osl32k_lyris_publicpard_pard_offset0_n4_isl4096_osl32768_bs1_2_k5_20260611,True
SWE,Qwen3-30B-A3B,0.0,1.0,2,4096,32768,pard_k5,,COMPLETED,57.26516277678443,,,44.574947653651925,3.2287473826825965,legacy final breakdown,remote:/lustre/fsw/coreai_dlalgo_llm/users/sna/vllm-benchmark/vllm-runs/qwen30ba3b_swebench_verified_osl32k_lyris_publicpard_pard_offset0_n4_isl4096_osl32768_bs1_2_k5_20260611/breakdown.json,Lyris legacy breakdowns refreshed 2026-06-25,40,/tmp/qwen_legacy_breakdowns/root/vllm-runs/qwen30ba3b_swebench_verified_osl32k_lyris_publicpard_pard_offset0_n4_isl4096_osl32768_bs1_2_k5_20260611,True
SWE,Qwen3-30B-A3B,0.0,1.0,1,4096,32768,suffix_k32,,COMPLETED,177.2526596615964,,,93.9247707008405,10.01050049819882,legacy final breakdown,remote:/lustre/fsw/coreai_dlalgo_llm/users/sna/vllm-benchmark/vllm-runs/qwen30ba3b_swebench_verified_osl32k_lyris_publicpard_suffix_offset0_n4_isl4096_osl32768_bs1_2_k32_arctic_20260611/breakdown.json,Lyris legacy breakdowns refreshed 2026-06-25,40,/tmp/qwen_legacy_breakdowns/root/vllm-runs/qwen30ba3b_swebench_verified_osl32k_lyris_publicpard_suffix_offset0_n4_isl4096_osl32768_bs1_2_k32_arctic_20260611,True
SWE,Qwen3-30B-A3B,0.0,1.0,2,4096,32768,suffix_k32,,COMPLETED,311.28019753164153,,,90.61628748786987,9.879178929892083,legacy final breakdown,remote:/lustre/fsw/coreai_dlalgo_llm/users/sna/vllm-benchmark/vllm-runs/qwen30ba3b_swebench_verified_osl32k_lyris_publicpard_suffix_offset0_n4_isl4096_osl32768_bs1_2_k32_arctic_20260611/breakdown.json,Lyris legacy breakdowns refreshed 2026-06-25,40,/tmp/qwen_legacy_breakdowns/root/vllm-runs/qwen30ba3b_swebench_verified_osl32k_lyris_publicpard_suffix_offset0_n4_isl4096_osl32768_bs1_2_k32_arctic_20260611,True
SWE,Qwen3-30B-A3B,0.0,1.0,1,4096,32768,suffix_k5,,COMPLETED,94.5683354624507,,,92.40661466677172,5.207469706632653,legacy final breakdown,remote:/lustre/fsw/coreai_dlalgo_llm/users/sna/vllm-benchmark/vllm-runs/qwen30ba3b_swebench_verified_osl32k_lyris_suffix_k5_control_suffix_offset0_n4_isl4096_osl32768_bs1_2_k5_arctic_20260611/breakdown.json,Lyris legacy breakdowns refreshed 2026-06-25,40,/tmp/qwen_legacy_breakdowns/root/vllm-runs/qwen30ba3b_swebench_verified_osl32k_lyris_suffix_k5_control_suffix_offset0_n4_isl4096_osl32768_bs1_2_k5_arctic_20260611,True
SWE,Qwen3-30B-A3B,0.0,1.0,2,4096,32768,suffix_k5,,COMPLETED,188.47637464879887,,,93.07668832018136,5.414416277242463,legacy final breakdown,remote:/lustre/fsw/coreai_dlalgo_llm/users/sna/vllm-benchmark/vllm-runs/qwen30ba3b_swebench_verified_osl32k_lyris_suffix_k5_control_suffix_offset0_n4_isl4096_osl32768_bs1_2_k5_arctic_20260611/breakdown.json,Lyris legacy breakdowns refreshed 2026-06-25,40,/tmp/qwen_legacy_breakdowns/root/vllm-runs/qwen30ba3b_swebench_verified_osl32k_lyris_suffix_k5_control_suffix_offset0_n4_isl4096_osl32768_bs1_2_k5_arctic_20260611,True
Math,Qwen3-8B,0.0,1.0,1,4096,32768,baseline,,COMPLETED,36.792504897728755,,,,,legacy final breakdown,remote:/lustre/fsw/coreai_dlalgo_llm/users/sna/vllm-benchmark/vllm-runs/qwen8_math500_osl32k_lyris_baseline_offset0_n4_isl4096_osl32768_bs1_2_20260612_math/breakdown.json,Lyris legacy breakdowns refreshed 2026-06-25,40,/tmp/qwen_legacy_breakdowns/root/vllm-runs/qwen8_math500_osl32k_lyris_baseline_offset0_n4_isl4096_osl32768_bs1_2_20260612_math,True
Math,Qwen3-8B,0.0,1.0,2,4096,32768,baseline,,COMPLETED,73.79091781954455,,,,,legacy final breakdown,remote:/lustre/fsw/coreai_dlalgo_llm/users/sna/vllm-benchmark/vllm-runs/qwen8_math500_osl32k_lyris_baseline_offset0_n4_isl4096_osl32768_bs1_2_20260612_math/breakdown.json,Lyris legacy breakdowns refreshed 2026-06-25,40,/tmp/qwen_legacy_breakdowns/root/vllm-runs/qwen8_math500_osl32k_lyris_baseline_offset0_n4_isl4096_osl32768_bs1_2_20260612_math,True
Math,Qwen3-8B,0.0,1.0,1,4096,32768,eagle3_k3,,COMPLETED,74.37520408358706,,,62.939050724957035,2.8881715217487107,legacy final breakdown,remote:/lustre/fsw/coreai_dlalgo_llm/users/sna/vllm-benchmark/vllm-runs/qwen8_math500_osl32k_lyris_eagle3_offset0_n4_isl4096_osl32768_bs1_2_k3_20260612_math/breakdown.json,Lyris legacy breakdowns refreshed 2026-06-25,40,/tmp/qwen_legacy_breakdowns/root/vllm-runs/qwen8_math500_osl32k_lyris_eagle3_offset0_n4_isl4096_osl32768_bs1_2_k3_20260612_math,True
Math,Qwen3-8B,0.0,1.0,2,4096,32768,eagle3_k3,,COMPLETED,118.52748084249941,,,63.61625799770702,2.9084877399312106,legacy final breakdown,remote:/lustre/fsw/coreai_dlalgo_llm/users/sna/vllm-benchmark/vllm-runs/qwen8_math500_osl32k_lyris_eagle3_offset0_n4_isl4096_osl32768_bs1_2_k3_20260612_math/breakdown.json,Lyris legacy breakdowns refreshed 2026-06-25,40,/tmp/qwen_legacy_breakdowns/root/vllm-runs/qwen8_math500_osl32k_lyris_eagle3_offset0_n4_isl4096_osl32768_bs1_2_k3_20260612_math,True
Math,Qwen3-8B,0.0,1.0,1,4096,32768,suffix_k32,,COMPLETED,216.0161002501511,,,84.51370720054602,6.875678810565719,legacy final breakdown,remote:/lustre/fsw/coreai_dlalgo_llm/users/sna/vllm-benchmark/vllm-runs/qwen8_math500_osl32k_lyris_suffix_offset0_n4_isl4096_osl32768_bs1_2_k32_arctic_20260612_math/breakdown.json,Lyris legacy breakdowns refreshed 2026-06-25,40,/tmp/qwen_legacy_breakdowns/root/vllm-runs/qwen8_math500_osl32k_lyris_suffix_offset0_n4_isl4096_osl32768_bs1_2_k32_arctic_20260612_math,True
Math,Qwen3-8B,0.0,1.0,2,4096,32768,suffix_k32,,COMPLETED,469.82900160515635,,,91.2422515029748,9.48475631834311,legacy final breakdown,remote:/lustre/fsw/coreai_dlalgo_llm/users/sna/vllm-benchmark/vllm-runs/qwen8_math500_osl32k_lyris_suffix_offset0_n4_isl4096_osl32768_bs1_2_k32_arctic_20260612_math/breakdown.json,Lyris legacy breakdowns refreshed 2026-06-25,40,/tmp/qwen_legacy_breakdowns/root/vllm-runs/qwen8_math500_osl32k_lyris_suffix_offset0_n4_isl4096_osl32768_bs1_2_k32_arctic_20260612_math,True
Math,Qwen3-8B,0.0,1.0,1,4096,32768,pard2_k3,,COMPLETED,15.994343175598349,,,0.07161771939616832,1.002148531581885,legacy final breakdown,remote:/lustre/fsw/coreai_dlalgo_llm/users/sna/vllm-benchmark/vllm-runs/qwen8_math500_osl32k_pard2_official_k3_20260612/breakdown.json,Lyris legacy breakdowns refreshed 2026-06-25,40,/tmp/qwen_legacy_breakdowns/root/vllm-runs/qwen8_math500_osl32k_pard2_official_k3_20260612,True
Math,Qwen3-8B,0.0,1.0,1,4096,32768,pard2_k5,,COMPLETED,16.103276017934512,,,0.042970631637701,1.002148531581885,legacy final breakdown,remote:/lustre/fsw/coreai_dlalgo_llm/users/sna/vllm-benchmark/vllm-runs/qwen8_math500_osl32k_pard2_official_k5_20260612/breakdown.json,Lyris legacy breakdowns refreshed 2026-06-25,40,/tmp/qwen_legacy_breakdowns/root/vllm-runs/qwen8_math500_osl32k_pard2_official_k5_20260612,True
SWE,Qwen3-8B,0.0,1.0,16,4096,32768,baseline,,COMPLETED,601.2868745648346,,,,,legacy final breakdown,remote:/lustre/fsw/coreai_dlalgo_llm/users/sna/vllm-benchmark/vllm-runs/qwen8_swe_verified_osl32k_bsweep_lyris_bs16_baseline_offset0_n16_isl4096_osl32768_bs16_20260612/breakdown.json,Lyris legacy breakdowns refreshed 2026-06-25,40,/tmp/qwen_legacy_breakdowns/root/vllm-runs/qwen8_swe_verified_osl32k_bsweep_lyris_bs16_baseline_offset0_n16_isl4096_osl32768_bs16_20260612,True
SWE,Qwen3-8B,0.0,1.0,16,4096,32768,eagle3_k3,,COMPLETED,738.432423216089,,,64.90458844868162,2.947137653460449,legacy final breakdown,remote:/lustre/fsw/coreai_dlalgo_llm/users/sna/vllm-benchmark/vllm-runs/qwen8_swe_verified_osl32k_bsweep_lyris_bs16_eagle3_offset0_n16_isl4096_osl32768_bs16_k3_20260612/breakdown.json,Lyris legacy breakdowns refreshed 2026-06-25,40,/tmp/qwen_legacy_breakdowns/root/vllm-runs/qwen8_swe_verified_osl32k_bsweep_lyris_bs16_eagle3_offset0_n16_isl4096_osl32768_bs16_k3_20260612,True
SWE,Qwen3-8B,0.0,1.0,16,4096,32768,pard2_k5,,COMPLETED,142.69583158755069,,,5.510318282897586,1.2755159141448793,legacy final breakdown,remote:/lustre/fsw/coreai_dlalgo_llm/users/sna/vllm-benchmark/vllm-runs/qwen8_swe_verified_osl32k_bsweep_lyris_bs16_pard2_offset0_n16_isl4096_osl32768_bs16_k5_20260612/breakdown.json,Lyris legacy breakdowns refreshed 2026-06-25,40,/tmp/qwen_legacy_breakdowns/root/vllm-runs/qwen8_swe_verified_osl32k_bsweep_lyris_bs16_pard2_offset0_n16_isl4096_osl32768_bs16_k5_20260612,True
SWE,Qwen3-8B,0.0,1.0,16,4096,32768,suffix_k32,,COMPLETED,2597.428519433311,,,92.13326920043544,10.292532505794084,legacy final breakdown,remote:/lustre/fsw/coreai_dlalgo_llm/users/sna/vllm-benchmark/vllm-runs/qwen8_swe_verified_osl32k_bsweep_lyris_bs16_suffix_offset0_n16_isl4096_osl32768_bs16_k32_arctic_20260612/breakdown.json,Lyris legacy breakdowns refreshed 2026-06-25,40,/tmp/qwen_legacy_breakdowns/root/vllm-runs/qwen8_swe_verified_osl32k_bsweep_lyris_bs16_suffix_offset0_n16_isl4096_osl32768_bs16_k32_arctic_20260612,True
SWE,Qwen3-8B,0.0,1.0,32,4096,32768,baseline,,COMPLETED,179.84541478043053,,,,,legacy final breakdown,remote:/lustre/fsw/coreai_dlalgo_llm/users/sna/vllm-benchmark/vllm-runs/qwen8_swe_verified_osl32k_bsweep_lyris_bs32_baseline_offset0_n32_isl4096_osl32768_bs32_20260612/breakdown.json,Lyris legacy breakdowns refreshed 2026-06-25,40,/tmp/qwen_legacy_breakdowns/root/vllm-runs/qwen8_swe_verified_osl32k_bsweep_lyris_bs32_baseline_offset0_n32_isl4096_osl32768_bs32_20260612,True
SWE,Qwen3-8B,0.0,1.0,32,4096,32768,baseline,,COMPLETED,707.6417956351966,,,,,legacy final breakdown,remote:/lustre/fsw/coreai_dlalgo_llm/users/sna/vllm-benchmark/vllm-runs/qwen8_swe_verified_osl32k_bsweep_lyris_bs32_baseline_offset0_n32_isl4096_osl32768_bs32_20260612_lowmbt/breakdown.json,Lyris legacy breakdowns refreshed 2026-06-25,40,/tmp/qwen_legacy_breakdowns/root/vllm-runs/qwen8_swe_verified_osl32k_bsweep_lyris_bs32_baseline_offset0_n32_isl4096_osl32768_bs32_20260612_lowmbt,True
SWE,Qwen3-8B,0.0,1.0,32,4096,32768,eagle3_k3,,COMPLETED,1482.5797560807734,,,65.0818142739957,2.9524544282198706,legacy final breakdown,remote:/lustre/fsw/coreai_dlalgo_llm/users/sna/vllm-benchmark/vllm-runs/qwen8_swe_verified_osl32k_bsweep_lyris_bs32_eagle3_offset0_n32_isl4096_osl32768_bs32_k3_20260612_lowmbt/breakdown.json,Lyris legacy breakdowns refreshed 2026-06-25,40,/tmp/qwen_legacy_breakdowns/root/vllm-runs/qwen8_swe_verified_osl32k_bsweep_lyris_bs32_eagle3_offset0_n32_isl4096_osl32768_bs32_k3_20260612_lowmbt,True
SWE,Qwen3-8B,0.0,1.0,32,4096,32768,pard2_k5,,COMPLETED,240.8931732286492,,,6.009140801835602,1.30045704009178,legacy final breakdown,remote:/lustre/fsw/coreai_dlalgo_llm/users/sna/vllm-benchmark/vllm-runs/qwen8_swe_verified_osl32k_bsweep_lyris_bs32_pard2_offset0_n32_isl4096_osl32768_bs32_k5_20260612_lowmbt/breakdown.json,Lyris legacy breakdowns refreshed 2026-06-25,40,/tmp/qwen_legacy_breakdowns/root/vllm-runs/qwen8_swe_verified_osl32k_bsweep_lyris_bs32_pard2_offset0_n32_isl4096_osl32768_bs32_k5_20260612_lowmbt,True
SWE,Qwen3-8B,0.0,1.0,32,4096,32768,suffix_k32,,COMPLETED,929.2102430520902,,,86.22233403224992,8.396333734456478,legacy final breakdown,remote:/lustre/fsw/coreai_dlalgo_llm/users/sna/vllm-benchmark/vllm-runs/qwen8_swe_verified_osl32k_bsweep_lyris_bs32_suffix_offset0_n32_isl4096_osl32768_bs32_k32_arctic_20260612/breakdown.json,Lyris legacy breakdowns refreshed 2026-06-25,40,/tmp/qwen_legacy_breakdowns/root/vllm-runs/qwen8_swe_verified_osl32k_bsweep_lyris_bs32_suffix_offset0_n32_isl4096_osl32768_bs32_k32_arctic_20260612,True
SWE,Qwen3-8B,0.0,1.0,32,4096,32768,suffix_k32,,COMPLETED,2405.2003063165257,,,88.14287632603734,9.55747210269127,legacy final breakdown,remote:/lustre/fsw/coreai_dlalgo_llm/users/sna/vllm-benchmark/vllm-runs/qwen8_swe_verified_osl32k_bsweep_lyris_bs32_suffix_offset0_n32_isl4096_osl32768_bs32_k32_arctic_20260612_lowmbt/breakdown.json,Lyris legacy breakdowns refreshed 2026-06-25,40,/tmp/qwen_legacy_breakdowns/root/vllm-runs/qwen8_swe_verified_osl32k_bsweep_lyris_bs32_suffix_offset0_n32_isl4096_osl32768_bs32_k32_arctic_20260612_lowmbt,True
SWE,Qwen3-8B,0.0,1.0,4,4096,32768,baseline,,COMPLETED,148.8444000392892,,,,,legacy final breakdown,remote:/lustre/fsw/coreai_dlalgo_llm/users/sna/vllm-benchmark/vllm-runs/qwen8_swe_verified_osl32k_bsweep_lyris_bs4_baseline_offset0_n4_isl4096_osl32768_bs4_20260612/breakdown.json,Lyris legacy breakdowns refreshed 2026-06-25,40,/tmp/qwen_legacy_breakdowns/root/vllm-runs/qwen8_swe_verified_osl32k_bsweep_lyris_bs4_baseline_offset0_n4_isl4096_osl32768_bs4_20260612,True
SWE,Qwen3-8B,0.0,1.0,4,4096,32768,eagle3_k3,,COMPLETED,229.50145388567796,,,63.095553397486825,2.892866601924605,legacy final breakdown,remote:/lustre/fsw/coreai_dlalgo_llm/users/sna/vllm-benchmark/vllm-runs/qwen8_swe_verified_osl32k_bsweep_lyris_bs4_eagle3_offset0_n4_isl4096_osl32768_bs4_k3_20260612/breakdown.json,Lyris legacy breakdowns refreshed 2026-06-25,40,/tmp/qwen_legacy_breakdowns/root/vllm-runs/qwen8_swe_verified_osl32k_bsweep_lyris_bs4_eagle3_offset0_n4_isl4096_osl32768_bs4_k3_20260612,True
SWE,Qwen3-8B,0.0,1.0,4,4096,32768,pard2_k5,,COMPLETED,60.795560447784126,,,4.558596201950552,1.2279298100975276,legacy final breakdown,remote:/lustre/fsw/coreai_dlalgo_llm/users/sna/vllm-benchmark/vllm-runs/qwen8_swe_verified_osl32k_bsweep_lyris_bs4_pard2_offset0_n4_isl4096_osl32768_bs4_k5_20260612/breakdown.json,Lyris legacy breakdowns refreshed 2026-06-25,40,/tmp/qwen_legacy_breakdowns/root/vllm-runs/qwen8_swe_verified_osl32k_bsweep_lyris_bs4_pard2_offset0_n4_isl4096_osl32768_bs4_k5_20260612,True
SWE,Qwen3-8B,0.0,1.0,4,4096,32768,suffix_k32,,COMPLETED,846.2243585255483,,,92.45592648162041,10.3877648179005,legacy final breakdown,remote:/lustre/fsw/coreai_dlalgo_llm/users/sna/vllm-benchmark/vllm-runs/qwen8_swe_verified_osl32k_bsweep_lyris_bs4_suffix_offset0_n4_isl4096_osl32768_bs4_k32_arctic_20260612/breakdown.json,Lyris legacy breakdowns refreshed 2026-06-25,40,/tmp/qwen_legacy_breakdowns/root/vllm-runs/qwen8_swe_verified_osl32k_bsweep_lyris_bs4_suffix_offset0_n4_isl4096_osl32768_bs4_k32_arctic_20260612,True
SWE,Qwen3-8B,0.0,1.0,8,4096,32768,baseline,,COMPLETED,295.0859051455756,,,,,legacy final breakdown,remote:/lustre/fsw/coreai_dlalgo_llm/users/sna/vllm-benchmark/vllm-runs/qwen8_swe_verified_osl32k_bsweep_lyris_bs8_baseline_offset0_n8_isl4096_osl32768_bs8_20260612/breakdown.json,Lyris legacy breakdowns refreshed 2026-06-25,40,/tmp/qwen_legacy_breakdowns/root/vllm-runs/qwen8_swe_verified_osl32k_bsweep_lyris_bs8_baseline_offset0_n8_isl4096_osl32768_bs8_20260612,True
SWE,Qwen3-8B,0.0,1.0,8,4096,32768,eagle3_k3,,COMPLETED,462.77055560881263,,,62.972678077435994,2.8891803423230797,legacy final breakdown,remote:/lustre/fsw/coreai_dlalgo_llm/users/sna/vllm-benchmark/vllm-runs/qwen8_swe_verified_osl32k_bsweep_lyris_bs8_eagle3_offset0_n8_isl4096_osl32768_bs8_k3_20260612/breakdown.json,Lyris legacy breakdowns refreshed 2026-06-25,40,/tmp/qwen_legacy_breakdowns/root/vllm-runs/qwen8_swe_verified_osl32k_bsweep_lyris_bs8_eagle3_offset0_n8_isl4096_osl32768_bs8_k3_20260612,True
SWE,Qwen3-8B,0.0,1.0,8,4096,32768,pard2_k5,,COMPLETED,110.46472245763871,,,5.770983360778627,1.2885491680389314,legacy final breakdown,remote:/lustre/fsw/coreai_dlalgo_llm/users/sna/vllm-benchmark/vllm-runs/qwen8_swe_verified_osl32k_bsweep_lyris_bs8_pard2_offset0_n8_isl4096_osl32768_bs8_k5_20260612/breakdown.json,Lyris legacy breakdowns refreshed 2026-06-25,40,/tmp/qwen_legacy_breakdowns/root/vllm-runs/qwen8_swe_verified_osl32k_bsweep_lyris_bs8_pard2_offset0_n8_isl4096_osl32768_bs8_k5_20260612,True
SWE,Qwen3-8B,0.0,1.0,8,4096,32768,suffix_k32,,COMPLETED,1397.7930843461127,,,91.85459179708748,10.243353143572099,legacy final breakdown,remote:/lustre/fsw/coreai_dlalgo_llm/users/sna/vllm-benchmark/vllm-runs/qwen8_swe_verified_osl32k_bsweep_lyris_bs8_suffix_offset0_n8_isl4096_osl32768_bs8_k32_arctic_20260612/breakdown.json,Lyris legacy breakdowns refreshed 2026-06-25,40,/tmp/qwen_legacy_breakdowns/root/vllm-runs/qwen8_swe_verified_osl32k_bsweep_lyris_bs8_suffix_offset0_n8_isl4096_osl32768_bs8_k32_arctic_20260612,True
SWE,Qwen3-30B-A3B,0.0,1.0,16,4096,32768,baseline,,COMPLETED,301.00315521894197,,,,,legacy final breakdown,remote:/lustre/fsw/coreai_dlalgo_llm/users/sna/vllm-benchmark/vllm-runs/swe_qwen30ba3b_osl32k_temp01_bsweep_20260619/qwen30ba3b_swe_verified_osl32k_temp01_baseline_offset0_n16_isl4096_osl32768_bs16_20260619_swe_qwen30ba3b_osl32k_bs16_qwen30ba3b_t00/breakdown.json,Lyris legacy breakdowns refreshed 2026-06-25,40,/tmp/qwen_legacy_breakdowns/root/vllm-runs/swe_qwen30ba3b_osl32k_temp01_bsweep_20260619/qwen30ba3b_swe_verified_osl32k_temp01_baseline_offset0_n16_isl4096_osl32768_bs16_20260619_swe_qwen30ba3b_osl32k_bs16_qwen30ba3b_t00,True
SWE,Qwen3-30B-A3B,1.0,1.0,16,4096,32768,baseline,,COMPLETED,298.2729877169295,,,,,legacy final breakdown,remote:/lustre/fsw/coreai_dlalgo_llm/users/sna/vllm-benchmark/vllm-runs/swe_qwen30ba3b_osl32k_temp01_bsweep_20260619/qwen30ba3b_swe_verified_osl32k_temp01_baseline_offset0_n16_isl4096_osl32768_bs16_20260619_swe_qwen30ba3b_osl32k_bs16_qwen30ba3b_t10/breakdown.json,Lyris legacy breakdowns refreshed 2026-06-25,40,/tmp/qwen_legacy_breakdowns/root/vllm-runs/swe_qwen30ba3b_osl32k_temp01_bsweep_20260619/qwen30ba3b_swe_verified_osl32k_temp01_baseline_offset0_n16_isl4096_osl32768_bs16_20260619_swe_qwen30ba3b_osl32k_bs16_qwen30ba3b_t10,True
SWE,Qwen3-30B-A3B,0.0,1.0,32,4096,32768,baseline,,COMPLETED,529.1993104607326,,,,,legacy final breakdown,remote:/lustre/fsw/coreai_dlalgo_llm/users/sna/vllm-benchmark/vllm-runs/swe_qwen30ba3b_osl32k_temp01_bsweep_20260619/qwen30ba3b_swe_verified_osl32k_temp01_baseline_offset0_n32_isl4096_osl32768_bs32_20260619_swe_qwen30ba3b_osl32k_bs32_qwen30ba3b_t00/breakdown.json,Lyris legacy breakdowns refreshed 2026-06-25,40,/tmp/qwen_legacy_breakdowns/root/vllm-runs/swe_qwen30ba3b_osl32k_temp01_bsweep_20260619/qwen30ba3b_swe_verified_osl32k_temp01_baseline_offset0_n32_isl4096_osl32768_bs32_20260619_swe_qwen30ba3b_osl32k_bs32_qwen30ba3b_t00,True
SWE,Qwen3-30B-A3B,1.0,1.0,32,4096,32768,baseline,,COMPLETED,533.3991489084059,,,,,legacy final breakdown,remote:/lustre/fsw/coreai_dlalgo_llm/users/sna/vllm-benchmark/vllm-runs/swe_qwen30ba3b_osl32k_temp01_bsweep_20260619/qwen30ba3b_swe_verified_osl32k_temp01_baseline_offset0_n32_isl4096_osl32768_bs32_20260619_swe_qwen30ba3b_osl32k_bs32_qwen30ba3b_t10/breakdown.json,Lyris legacy breakdowns refreshed 2026-06-25,40,/tmp/qwen_legacy_breakdowns/root/vllm-runs/swe_qwen30ba3b_osl32k_temp01_bsweep_20260619/qwen30ba3b_swe_verified_osl32k_temp01_baseline_offset0_n32_isl4096_osl32768_bs32_20260619_swe_qwen30ba3b_osl32k_bs32_qwen30ba3b_t10,True
SWE,Qwen3-30B-A3B,0.0,1.0,4,4096,32768,baseline,,COMPLETED,77.39263525820533,,,,,legacy final breakdown,remote:/lustre/fsw/coreai_dlalgo_llm/users/sna/vllm-benchmark/vllm-runs/swe_qwen30ba3b_osl32k_temp01_bsweep_20260619/qwen30ba3b_swe_verified_osl32k_temp01_baseline_offset0_n4_isl4096_osl32768_bs4_20260619_swe_qwen30ba3b_osl32k_bs4_qwen30ba3b_t00/breakdown.json,Lyris legacy breakdowns refreshed 2026-06-25,40,/tmp/qwen_legacy_breakdowns/root/vllm-runs/swe_qwen30ba3b_osl32k_temp01_bsweep_20260619/qwen30ba3b_swe_verified_osl32k_temp01_baseline_offset0_n4_isl4096_osl32768_bs4_20260619_swe_qwen30ba3b_osl32k_bs4_qwen30ba3b_t00,True
SWE,Qwen3-30B-A3B,1.0,1.0,4,4096,32768,baseline,,COMPLETED,78.47392072840016,,,,,legacy final breakdown,remote:/lustre/fsw/coreai_dlalgo_llm/users/sna/vllm-benchmark/vllm-runs/swe_qwen30ba3b_osl32k_temp01_bsweep_20260619/qwen30ba3b_swe_verified_osl32k_temp01_baseline_offset0_n4_isl4096_osl32768_bs4_20260619_swe_qwen30ba3b_osl32k_bs4_qwen30ba3b_t10/breakdown.json,Lyris legacy breakdowns refreshed 2026-06-25,40,/tmp/qwen_legacy_breakdowns/root/vllm-runs/swe_qwen30ba3b_osl32k_temp01_bsweep_20260619/qwen30ba3b_swe_verified_osl32k_temp01_baseline_offset0_n4_isl4096_osl32768_bs4_20260619_swe_qwen30ba3b_osl32k_bs4_qwen30ba3b_t10,True
SWE,Qwen3-30B-A3B,0.0,1.0,8,4096,32768,baseline,,COMPLETED,147.75566922324097,,,,,legacy final breakdown,remote:/lustre/fsw/coreai_dlalgo_llm/users/sna/vllm-benchmark/vllm-runs/swe_qwen30ba3b_osl32k_temp01_bsweep_20260619/qwen30ba3b_swe_verified_osl32k_temp01_baseline_offset0_n8_isl4096_osl32768_bs8_20260619_swe_qwen30ba3b_osl32k_bs8_qwen30ba3b_t00/breakdown.json,Lyris legacy breakdowns refreshed 2026-06-25,40,/tmp/qwen_legacy_breakdowns/root/vllm-runs/swe_qwen30ba3b_osl32k_temp01_bsweep_20260619/qwen30ba3b_swe_verified_osl32k_temp01_baseline_offset0_n8_isl4096_osl32768_bs8_20260619_swe_qwen30ba3b_osl32k_bs8_qwen30ba3b_t00,True
SWE,Qwen3-30B-A3B,1.0,1.0,8,4096,32768,baseline,,COMPLETED,152.0632394071262,,,,,legacy final breakdown,remote:/lustre/fsw/coreai_dlalgo_llm/users/sna/vllm-benchmark/vllm-runs/swe_qwen30ba3b_osl32k_temp01_bsweep_20260619/qwen30ba3b_swe_verified_osl32k_temp01_baseline_offset0_n8_isl4096_osl32768_bs8_20260619_swe_qwen30ba3b_osl32k_bs8_qwen30ba3b_t10/breakdown.json,Lyris legacy breakdowns refreshed 2026-06-25,40,/tmp/qwen_legacy_breakdowns/root/vllm-runs/swe_qwen30ba3b_osl32k_temp01_bsweep_20260619/qwen30ba3b_swe_verified_osl32k_temp01_baseline_offset0_n8_isl4096_osl32768_bs8_20260619_swe_qwen30ba3b_osl32k_bs8_qwen30ba3b_t10,True
SWE,Qwen3-30B-A3B,0.0,1.0,16,4096,32768,eagle3_k3,,COMPLETED,304.5814224060962,,,12.73278117822379,1.3819834353467138,legacy final breakdown,remote:/lustre/fsw/coreai_dlalgo_llm/users/sna/vllm-benchmark/vllm-runs/swe_qwen30ba3b_osl32k_temp01_bsweep_20260619/qwen30ba3b_swe_verified_osl32k_temp01_eagle3_offset0_n16_isl4096_osl32768_bs16_k3_20260619_swe_qwen30ba3b_osl32k_bs16_qwen30ba3b_t00/breakdown.json,Lyris legacy breakdowns refreshed 2026-06-25,40,/tmp/qwen_legacy_breakdowns/root/vllm-runs/swe_qwen30ba3b_osl32k_temp01_bsweep_20260619/qwen30ba3b_swe_verified_osl32k_temp01_eagle3_offset0_n16_isl4096_osl32768_bs16_k3_20260619_swe_qwen30ba3b_osl32k_bs16_qwen30ba3b_t00,True
SWE,Qwen3-30B-A3B,1.0,1.0,16,4096,32768,eagle3_k3,,COMPLETED,277.59986676442037,,,10.48479909734846,1.3145439729204538,legacy final breakdown,remote:/lustre/fsw/coreai_dlalgo_llm/users/sna/vllm-benchmark/vllm-runs/swe_qwen30ba3b_osl32k_temp01_bsweep_20260619/qwen30ba3b_swe_verified_osl32k_temp01_eagle3_offset0_n16_isl4096_osl32768_bs16_k3_20260619_swe_qwen30ba3b_osl32k_bs16_qwen30ba3b_t10/breakdown.json,Lyris legacy breakdowns refreshed 2026-06-25,40,/tmp/qwen_legacy_breakdowns/root/vllm-runs/swe_qwen30ba3b_osl32k_temp01_bsweep_20260619/qwen30ba3b_swe_verified_osl32k_temp01_eagle3_offset0_n16_isl4096_osl32768_bs16_k3_20260619_swe_qwen30ba3b_osl32k_bs16_qwen30ba3b_t10,True
SWE,Qwen3-30B-A3B,0.0,1.0,32,4096,32768,eagle3_k3,,COMPLETED,467.8816046153137,,,12.859877395750042,1.3857963218725013,legacy final breakdown,remote:/lustre/fsw/coreai_dlalgo_llm/users/sna/vllm-benchmark/vllm-runs/swe_qwen30ba3b_osl32k_temp01_bsweep_20260619/qwen30ba3b_swe_verified_osl32k_temp01_eagle3_offset0_n32_isl4096_osl32768_bs32_k3_20260619_swe_qwen30ba3b_osl32k_bs32_qwen30ba3b_t00/breakdown.json,Lyris legacy breakdowns refreshed 2026-06-25,40,/tmp/qwen_legacy_breakdowns/root/vllm-runs/swe_qwen30ba3b_osl32k_temp01_bsweep_20260619/qwen30ba3b_swe_verified_osl32k_temp01_eagle3_offset0_n32_isl4096_osl32768_bs32_k3_20260619_swe_qwen30ba3b_osl32k_bs32_qwen30ba3b_t00,True
SWE,Qwen3-30B-A3B,1.0,1.0,32,4096,32768,eagle3_k3,,COMPLETED,515.4189329880679,,,11.943874812539645,1.3583162443761894,legacy final breakdown,remote:/lustre/fsw/coreai_dlalgo_llm/users/sna/vllm-benchmark/vllm-runs/swe_qwen30ba3b_osl32k_temp01_bsweep_20260619/qwen30ba3b_swe_verified_osl32k_temp01_eagle3_offset0_n32_isl4096_osl32768_bs32_k3_20260619_swe_qwen30ba3b_osl32k_bs32_qwen30ba3b_t10/breakdown.json,Lyris legacy breakdowns refreshed 2026-06-25,40,/tmp/qwen_legacy_breakdowns/root/vllm-runs/swe_qwen30ba3b_osl32k_temp01_bsweep_20260619/qwen30ba3b_swe_verified_osl32k_temp01_eagle3_offset0_n32_isl4096_osl32768_bs32_k3_20260619_swe_qwen30ba3b_osl32k_bs32_qwen30ba3b_t10,True
SWE,Qwen3-30B-A3B,0.0,1.0,4,4096,32768,eagle3_k3,,COMPLETED,81.9006983837879,,,13.69096310328497,1.410728893098549,legacy final breakdown,remote:/lustre/fsw/coreai_dlalgo_llm/users/sna/vllm-benchmark/vllm-runs/swe_qwen30ba3b_osl32k_temp01_bsweep_20260619/qwen30ba3b_swe_verified_osl32k_temp01_eagle3_offset0_n4_isl4096_osl32768_bs4_k3_20260619_swe_qwen30ba3b_osl32k_bs4_qwen30ba3b_t00/breakdown.json,Lyris legacy breakdowns refreshed 2026-06-25,40,/tmp/qwen_legacy_breakdowns/root/vllm-runs/swe_qwen30ba3b_osl32k_temp01_bsweep_20260619/qwen30ba3b_swe_verified_osl32k_temp01_eagle3_offset0_n4_isl4096_osl32768_bs4_k3_20260619_swe_qwen30ba3b_osl32k_bs4_qwen30ba3b_t00,True
SWE,Qwen3-30B-A3B,1.0,1.0,4,4096,32768,eagle3_k3,,COMPLETED,82.92108057168235,,,11.556350135969149,1.3466905040790744,legacy final breakdown,remote:/lustre/fsw/coreai_dlalgo_llm/users/sna/vllm-benchmark/vllm-runs/swe_qwen30ba3b_osl32k_temp01_bsweep_20260619/qwen30ba3b_swe_verified_osl32k_temp01_eagle3_offset0_n4_isl4096_osl32768_bs4_k3_20260619_swe_qwen30ba3b_osl32k_bs4_qwen30ba3b_t10/breakdown.json,Lyris legacy breakdowns refreshed 2026-06-25,40,/tmp/qwen_legacy_breakdowns/root/vllm-runs/swe_qwen30ba3b_osl32k_temp01_bsweep_20260619/qwen30ba3b_swe_verified_osl32k_temp01_eagle3_offset0_n4_isl4096_osl32768_bs4_k3_20260619_swe_qwen30ba3b_osl32k_bs4_qwen30ba3b_t10,True
SWE,Qwen3-30B-A3B,0.0,1.0,8,4096,32768,eagle3_k3,,COMPLETED,157.6740497983602,,,12.647452460011333,1.37942357380034,legacy final breakdown,remote:/lustre/fsw/coreai_dlalgo_llm/users/sna/vllm-benchmark/vllm-runs/swe_qwen30ba3b_osl32k_temp01_bsweep_20260619/qwen30ba3b_swe_verified_osl32k_temp01_eagle3_offset0_n8_isl4096_osl32768_bs8_k3_20260619_swe_qwen30ba3b_osl32k_bs8_qwen30ba3b_t00/breakdown.json,Lyris legacy breakdowns refreshed 2026-06-25,40,/tmp/qwen_legacy_breakdowns/root/vllm-runs/swe_qwen30ba3b_osl32k_temp01_bsweep_20260619/qwen30ba3b_swe_verified_osl32k_temp01_eagle3_offset0_n8_isl4096_osl32768_bs8_k3_20260619_swe_qwen30ba3b_osl32k_bs8_qwen30ba3b_t00,True
SWE,Qwen3-30B-A3B,1.0,1.0,8,4096,32768,eagle3_k3,,COMPLETED,158.35621044753444,,,11.054610970284088,1.3316383291085225,legacy final breakdown,remote:/lustre/fsw/coreai_dlalgo_llm/users/sna/vllm-benchmark/vllm-runs/swe_qwen30ba3b_osl32k_temp01_bsweep_20260619/qwen30ba3b_swe_verified_osl32k_temp01_eagle3_offset0_n8_isl4096_osl32768_bs8_k3_20260619_swe_qwen30ba3b_osl32k_bs8_qwen30ba3b_t10/breakdown.json,Lyris legacy breakdowns refreshed 2026-06-25,40,/tmp/qwen_legacy_breakdowns/root/vllm-runs/swe_qwen30ba3b_osl32k_temp01_bsweep_20260619/qwen30ba3b_swe_verified_osl32k_temp01_eagle3_offset0_n8_isl4096_osl32768_bs8_k3_20260619_swe_qwen30ba3b_osl32k_bs8_qwen30ba3b_t10,True
SWE,Qwen3-30B-A3B,0.0,1.0,16,4096,32768,suffix_k32,,COMPLETED,1737.451086696056,,,89.38390305923079,9.516300103521548,legacy final breakdown,remote:/lustre/fsw/coreai_dlalgo_llm/users/sna/vllm-benchmark/vllm-runs/swe_qwen30ba3b_osl32k_temp01_bsweep_20260619/qwen30ba3b_swe_verified_osl32k_temp01_suffix_offset0_n16_isl4096_osl32768_bs16_k32_arctic_20260619_swe_qwen30ba3b_osl32k_bs16_qwen30ba3b_t00/breakdown.json,Lyris legacy breakdowns refreshed 2026-06-25,40,/tmp/qwen_legacy_breakdowns/root/vllm-runs/swe_qwen30ba3b_osl32k_temp01_bsweep_20260619/qwen30ba3b_swe_verified_osl32k_temp01_suffix_offset0_n16_isl4096_osl32768_bs16_k32_arctic_20260619_swe_qwen30ba3b_osl32k_bs16_qwen30ba3b_t00,True
SWE,Qwen3-30B-A3B,1.0,1.0,16,4096,32768,suffix_k32,,COMPLETED,912.3665250941428,,,87.50056850914163,8.449053011970445,legacy final breakdown,remote:/lustre/fsw/coreai_dlalgo_llm/users/sna/vllm-benchmark/vllm-runs/swe_qwen30ba3b_osl32k_temp01_bsweep_20260619/qwen30ba3b_swe_verified_osl32k_temp01_suffix_offset0_n16_isl4096_osl32768_bs16_k32_arctic_20260619_swe_qwen30ba3b_osl32k_bs16_qwen30ba3b_t10/breakdown.json,Lyris legacy breakdowns refreshed 2026-06-25,40,/tmp/qwen_legacy_breakdowns/root/vllm-runs/swe_qwen30ba3b_osl32k_temp01_bsweep_20260619/qwen30ba3b_swe_verified_osl32k_temp01_suffix_offset0_n16_isl4096_osl32768_bs16_k32_arctic_20260619_swe_qwen30ba3b_osl32k_bs16_qwen30ba3b_t10,True
SWE,Qwen3-30B-A3B,0.0,1.0,32,4096,32768,suffix_k32,,COMPLETED,820.5770114015098,,,84.83549383055976,8.460467481315275,legacy final breakdown,remote:/lustre/fsw/coreai_dlalgo_llm/users/sna/vllm-benchmark/vllm-runs/swe_qwen30ba3b_osl32k_temp01_bsweep_20260619/qwen30ba3b_swe_verified_osl32k_temp01_suffix_offset0_n32_isl4096_osl32768_bs32_k32_arctic_20260619_swe_qwen30ba3b_osl32k_bs32_qwen30ba3b_t00/breakdown.json,Lyris legacy breakdowns refreshed 2026-06-25,40,/tmp/qwen_legacy_breakdowns/root/vllm-runs/swe_qwen30ba3b_osl32k_temp01_bsweep_20260619/qwen30ba3b_swe_verified_osl32k_temp01_suffix_offset0_n32_isl4096_osl32768_bs32_k32_arctic_20260619_swe_qwen30ba3b_osl32k_bs32_qwen30ba3b_t00,True
SWE,Qwen3-30B-A3B,1.0,1.0,32,4096,32768,suffix_k32,,COMPLETED,653.1351770189738,,,78.01305449914608,7.005443286835805,legacy final breakdown,remote:/lustre/fsw/coreai_dlalgo_llm/users/sna/vllm-benchmark/vllm-runs/swe_qwen30ba3b_osl32k_temp01_bsweep_20260619/qwen30ba3b_swe_verified_osl32k_temp01_suffix_offset0_n32_isl4096_osl32768_bs32_k32_arctic_20260619_swe_qwen30ba3b_osl32k_bs32_qwen30ba3b_t10/breakdown.json,Lyris legacy breakdowns refreshed 2026-06-25,40,/tmp/qwen_legacy_breakdowns/root/vllm-runs/swe_qwen30ba3b_osl32k_temp01_bsweep_20260619/qwen30ba3b_swe_verified_osl32k_temp01_suffix_offset0_n32_isl4096_osl32768_bs32_k32_arctic_20260619_swe_qwen30ba3b_osl32k_bs32_qwen30ba3b_t10,True
SWE,Qwen3-30B-A3B,0.0,1.0,4,4096,32768,suffix_k32,,COMPLETED,392.7585076487911,,,87.13509945696198,8.849989864180012,legacy final breakdown,remote:/lustre/fsw/coreai_dlalgo_llm/users/sna/vllm-benchmark/vllm-runs/swe_qwen30ba3b_osl32k_temp01_bsweep_20260619/qwen30ba3b_swe_verified_osl32k_temp01_suffix_offset0_n4_isl4096_osl32768_bs4_k32_arctic_20260619_swe_qwen30ba3b_osl32k_bs4_qwen30ba3b_t00/breakdown.json,Lyris legacy breakdowns refreshed 2026-06-25,40,/tmp/qwen_legacy_breakdowns/root/vllm-runs/swe_qwen30ba3b_osl32k_temp01_bsweep_20260619/qwen30ba3b_swe_verified_osl32k_temp01_suffix_offset0_n4_isl4096_osl32768_bs4_k32_arctic_20260619_swe_qwen30ba3b_osl32k_bs4_qwen30ba3b_t00,True
SWE,Qwen3-30B-A3B,1.0,1.0,4,4096,32768,suffix_k32,,COMPLETED,572.8246320586514,,,92.76502939503129,9.729625223081499,legacy final breakdown,remote:/lustre/fsw/coreai_dlalgo_llm/users/sna/vllm-benchmark/vllm-runs/swe_qwen30ba3b_osl32k_temp01_bsweep_20260619/qwen30ba3b_swe_verified_osl32k_temp01_suffix_offset0_n4_isl4096_osl32768_bs4_k32_arctic_20260619_swe_qwen30ba3b_osl32k_bs4_qwen30ba3b_t10/breakdown.json,Lyris legacy breakdowns refreshed 2026-06-25,40,/tmp/qwen_legacy_breakdowns/root/vllm-runs/swe_qwen30ba3b_osl32k_temp01_bsweep_20260619/qwen30ba3b_swe_verified_osl32k_temp01_suffix_offset0_n4_isl4096_osl32768_bs4_k32_arctic_20260619_swe_qwen30ba3b_osl32k_bs4_qwen30ba3b_t10,True
SWE,Qwen3-30B-A3B,0.0,1.0,8,4096,32768,suffix_k32,,COMPLETED,954.6107474838569,,,88.64318667203757,9.174271096159238,legacy final breakdown,remote:/lustre/fsw/coreai_dlalgo_llm/users/sna/vllm-benchmark/vllm-runs/swe_qwen30ba3b_osl32k_temp01_bsweep_20260619/qwen30ba3b_swe_verified_osl32k_temp01_suffix_offset0_n8_isl4096_osl32768_bs8_k32_arctic_20260619_swe_qwen30ba3b_osl32k_bs8_qwen30ba3b_t00/breakdown.json,Lyris legacy breakdowns refreshed 2026-06-25,40,/tmp/qwen_legacy_breakdowns/root/vllm-runs/swe_qwen30ba3b_osl32k_temp01_bsweep_20260619/qwen30ba3b_swe_verified_osl32k_temp01_suffix_offset0_n8_isl4096_osl32768_bs8_k32_arctic_20260619_swe_qwen30ba3b_osl32k_bs8_qwen30ba3b_t00,True
SWE,Qwen3-30B-A3B,1.0,1.0,8,4096,32768,suffix_k32,,COMPLETED,549.6814423215682,,,81.40718336755869,7.409559406501303,legacy final breakdown,remote:/lustre/fsw/coreai_dlalgo_llm/users/sna/vllm-benchmark/vllm-runs/swe_qwen30ba3b_osl32k_temp01_bsweep_20260619/qwen30ba3b_swe_verified_osl32k_temp01_suffix_offset0_n8_isl4096_osl32768_bs8_k32_arctic_20260619_swe_qwen30ba3b_osl32k_bs8_qwen30ba3b_t10/breakdown.json,Lyris legacy breakdowns refreshed 2026-06-25,40,/tmp/qwen_legacy_breakdowns/root/vllm-runs/swe_qwen30ba3b_osl32k_temp01_bsweep_20260619/qwen30ba3b_swe_verified_osl32k_temp01_suffix_offset0_n8_isl4096_osl32768_bs8_k32_arctic_20260619_swe_qwen30ba3b_osl32k_bs8_qwen30ba3b_t10,True
Math,Qwen3-30B-A3B,0.0,1.0,1,4096,32768,baseline,2136607,COMPLETED,19.375239159323623,,1.0,,,Lyris Math500 temp0/temp1 home-mount retry 2026-06-16,docs/lyris_math500_osl32k_temp01_home_retry_metrics_live_20260616.csv,Lyris Math500 temp0/temp1 home-mount retry 2026-06-16,55,/home/sna/vllm-runs/math_temp01_core_20260616_home_mount/qwen30ba3b_math500_osl32k_temp01_lyris_baseline_offset0_n4_isl4096_osl32768_bs1_2_20260616_math_temp0_core_home_mount_qwen30ba3b/breakdown.json,True
Math,Qwen3-30B-A3B,0.0,1.0,2,4096,32768,baseline,2136607,COMPLETED,38.99525996470601,,1.0,,,Lyris Math500 temp0/temp1 home-mount retry 2026-06-16,docs/lyris_math500_osl32k_temp01_home_retry_metrics_live_20260616.csv,Lyris Math500 temp0/temp1 home-mount retry 2026-06-16,55,/home/sna/vllm-runs/math_temp01_core_20260616_home_mount/qwen30ba3b_math500_osl32k_temp01_lyris_baseline_offset0_n4_isl4096_osl32768_bs1_2_20260616_math_temp0_core_home_mount_qwen30ba3b/breakdown.json,True
Math,Qwen3-30B-A3B,0.0,1.0,1,4096,32768,eagle3_k3,2135739,COMPLETED,21.420175487944203,,1.1055437980303089,10.087558015881692,1.3026267404764509,Lyris Math500 temp0/temp1 home-mount retry 2026-06-16,docs/lyris_math500_osl32k_temp01_home_retry_metrics_live_20260616.csv,Lyris Math500 temp0/temp1 home-mount retry 2026-06-16,55,/home/sna/vllm-runs/math_temp01_core_20260616_home/qwen30ba3b_math500_osl32k_temp01_lyris_eagle3_offset0_n4_isl4096_osl32768_bs1_2_k3_20260616_math_temp0_core_home_qwen30ba3b/breakdown.json,True
Math,Qwen3-30B-A3B,0.0,1.0,2,4096,32768,eagle3_k3,2135739,COMPLETED,40.73225710225996,,1.044543801967882,10.250092275769878,1.3075027682730964,Lyris Math500 temp0/temp1 home-mount retry 2026-06-16,docs/lyris_math500_osl32k_temp01_home_retry_metrics_live_20260616.csv,Lyris Math500 temp0/temp1 home-mount retry 2026-06-16,55,/home/sna/vllm-runs/math_temp01_core_20260616_home/qwen30ba3b_math500_osl32k_temp01_lyris_eagle3_offset0_n4_isl4096_osl32768_bs1_2_k3_20260616_math_temp0_core_home_qwen30ba3b/breakdown.json,True
Math,Qwen3-30B-A3B,0.0,1.0,1,4096,32768,pard_k3,2139660,COMPLETED,37.27226286533422,,1.9237059506126568,70.67225290420872,3.1201675871262617,Lyris Math500 temp0/temp1 home-mount retry 2026-06-16,docs/lyris_math500_osl32k_temp01_home_retry_metrics_live_20260616.csv,Lyris Math500 temp0/temp1 home-mount retry 2026-06-16,55,/project/coreai_dlalgo_llm/sna/vllm-runs/math_temp01_core_20260616_project_publicpard/qwen30ba3b_math500_osl32k_temp01_lyris_publicpard_pard_offset0_n4_isl4096_osl32768_bs1_2_k3_20260616_math_temp01_project_qwen30ba3b_t00_publicpard_k3/breakdown.json,True
Math,Qwen3-30B-A3B,0.0,1.0,1,4096,32768,pard_k5,2139661,COMPLETED,42.534127057705525,,2.1952826856972,52.15435853678677,3.6077179268393382,Lyris Math500 temp0/temp1 home-mount retry 2026-06-16,docs/lyris_math500_osl32k_temp01_home_retry_metrics_live_20260616.csv,Lyris Math500 temp0/temp1 home-mount retry 2026-06-16,55,/project/coreai_dlalgo_llm/sna/vllm-runs/math_temp01_core_20260616_project_publicpard/qwen30ba3b_math500_osl32k_temp01_lyris_publicpard_pard_offset0_n4_isl4096_osl32768_bs1_2_k5_20260616_math_temp01_project_qwen30ba3b_t00_publicpard_k5/breakdown.json,True
Math,Qwen3-30B-A3B,0.0,1.0,1,4096,32768,suffix_k32,2136609,COMPLETED,143.19298798196962,,7.390514604980411,88.43495145631069,7.845427764083449,Lyris Math500 temp0/temp1 home-mount retry 2026-06-16,docs/lyris_math500_osl32k_temp01_home_retry_metrics_live_20260616.csv,Lyris Math500 temp0/temp1 home-mount retry 2026-06-16,55,/home/sna/vllm-runs/math_temp01_core_20260616_home_mount/qwen30ba3b_math500_osl32k_temp01_lyris_suffix_offset0_n4_isl4096_osl32768_bs1_2_k32_arctic_20260616_math_temp0_core_home_mount_qwen30ba3b/breakdown.json,True
Math,Qwen3-30B-A3B,0.0,1.0,2,4096,32768,suffix_k32,2136609,COMPLETED,269.23441231696995,,6.904285612165421,88.75055308890619,8.961675335340816,Lyris Math500 temp0/temp1 home-mount retry 2026-06-16,docs/lyris_math500_osl32k_temp01_home_retry_metrics_live_20260616.csv,Lyris Math500 temp0/temp1 home-mount retry 2026-06-16,55,/home/sna/vllm-runs/math_temp01_core_20260616_home_mount/qwen30ba3b_math500_osl32k_temp01_lyris_suffix_offset0_n4_isl4096_osl32768_bs1_2_k32_arctic_20260616_math_temp0_core_home_mount_qwen30ba3b/breakdown.json,True
Math,Qwen3-8B,0.0,1.0,1,4096,32768,baseline,2136605,COMPLETED,37.20278108157336,,1.0,,,Lyris Math500 temp0/temp1 home-mount retry 2026-06-16,docs/lyris_math500_osl32k_temp01_home_retry_metrics_live_20260616.csv,Lyris Math500 temp0/temp1 home-mount retry 2026-06-16,55,/home/sna/vllm-runs/math_temp01_core_20260616_home_mount/qwen8_math500_osl32k_temp01_lyris_baseline_offset0_n4_isl4096_osl32768_bs1_2_20260616_math_temp0_core_home_mount_qwen8/breakdown.json,True
Math,Qwen3-8B,0.0,1.0,2,4096,32768,baseline,2136605,COMPLETED,74.36314434363246,,1.0,,,Lyris Math500 temp0/temp1 home-mount retry 2026-06-16,docs/lyris_math500_osl32k_temp01_home_retry_metrics_live_20260616.csv,Lyris Math500 temp0/temp1 home-mount retry 2026-06-16,55,/home/sna/vllm-runs/math_temp01_core_20260616_home_mount/qwen8_math500_osl32k_temp01_lyris_baseline_offset0_n4_isl4096_osl32768_bs1_2_20260616_math_temp0_core_home_mount_qwen8/breakdown.json,True
Math,Qwen3-8B,0.0,1.0,1,4096,32768,eagle3_k3,2136610,COMPLETED,73.00978024623701,,1.9624817855995975,62.939050724957035,2.8881715217487107,Lyris Math500 temp0/temp1 home-mount retry 2026-06-16,docs/lyris_math500_osl32k_temp01_home_retry_metrics_live_20260616.csv,Lyris Math500 temp0/temp1 home-mount retry 2026-06-16,55,/home/sna/vllm-runs/math_temp01_core_20260616_home_mount/qwen8_math500_osl32k_temp01_lyris_eagle3_offset0_n4_isl4096_osl32768_bs1_2_k3_20260616_math_temp0_core_home_mount_qwen8/breakdown.json,True
Math,Qwen3-8B,0.0,1.0,2,4096,32768,eagle3_k3,2136610,COMPLETED,116.64632417522066,,1.5686039798989324,63.61625799770702,2.9084877399312106,Lyris Math500 temp0/temp1 home-mount retry 2026-06-16,docs/lyris_math500_osl32k_temp01_home_retry_metrics_live_20260616.csv,Lyris Math500 temp0/temp1 home-mount retry 2026-06-16,55,/home/sna/vllm-runs/math_temp01_core_20260616_home_mount/qwen8_math500_osl32k_temp01_lyris_eagle3_offset0_n4_isl4096_osl32768_bs1_2_k3_20260616_math_temp0_core_home_mount_qwen8/breakdown.json,True
Math,Qwen3-8B,0.0,1.0,1,4096,32768,pard_k3,2139656,COMPLETED,38.189953469696626,,1.0265349083972708,50.69428417570583,2.520828525271175,Lyris Math500 temp0/temp1 home-mount retry 2026-06-16,docs/lyris_math500_osl32k_temp01_home_retry_metrics_live_20260616.csv,Lyris Math500 temp0/temp1 home-mount retry 2026-06-16,55,/project/coreai_dlalgo_llm/sna/vllm-runs/math_temp01_core_20260616_project_publicpard/qwen8_math500_osl32k_temp01_lyris_publicpard_pard_offset0_n4_isl4096_osl32768_bs1_2_k3_20260616_math_temp01_project_qwen8_t00_publicpard_k3/breakdown.json,True
Math,Qwen3-8B,0.0,1.0,1,4096,32768,pard_k5,2139657,COMPLETED,40.44638523554702,,1.0871871419198882,34.521442535668236,2.7260721267834116,Lyris Math500 temp0/temp1 home-mount retry 2026-06-16,docs/lyris_math500_osl32k_temp01_home_retry_metrics_live_20260616.csv,Lyris Math500 temp0/temp1 home-mount retry 2026-06-16,55,/project/coreai_dlalgo_llm/sna/vllm-runs/math_temp01_core_20260616_project_publicpard/qwen8_math500_osl32k_temp01_lyris_publicpard_pard_offset0_n4_isl4096_osl32768_bs1_2_k5_20260616_math_temp01_project_qwen8_t00_publicpard_k5/breakdown.json,True
Math,Qwen3-8B,0.0,1.0,1,4096,32768,suffix_k32,2136608,COMPLETED,216.2685323603561,,5.813235625749348,84.51370720054602,6.875678810565719,Lyris Math500 temp0/temp1 home-mount retry 2026-06-16,docs/lyris_math500_osl32k_temp01_home_retry_metrics_live_20260616.csv,Lyris Math500 temp0/temp1 home-mount retry 2026-06-16,55,/home/sna/vllm-runs/math_temp01_core_20260616_home_mount/qwen8_math500_osl32k_temp01_lyris_suffix_offset0_n4_isl4096_osl32768_bs1_2_k32_arctic_20260616_math_temp0_core_home_mount_qwen8/breakdown.json,True
Math,Qwen3-8B,0.0,1.0,2,4096,32768,suffix_k32,2136608,COMPLETED,409.4350444563749,,5.505886660257042,87.38069434582756,9.310420813193062,Lyris Math500 temp0/temp1 home-mount retry 2026-06-16,docs/lyris_math500_osl32k_temp01_home_retry_metrics_live_20260616.csv,Lyris Math500 temp0/temp1 home-mount retry 2026-06-16,55,/home/sna/vllm-runs/math_temp01_core_20260616_home_mount/qwen8_math500_osl32k_temp01_lyris_suffix_offset0_n4_isl4096_osl32768_bs1_2_k32_arctic_20260616_math_temp0_core_home_mount_qwen8/breakdown.json,True
Math,Qwen3-30B-A3B,1.0,1.0,1,4096,32768,baseline,2135741,COMPLETED,19.36025250977819,,1.0,,,Lyris Math500 temp0/temp1 home-mount retry 2026-06-16,docs/lyris_math500_osl32k_temp01_home_retry_metrics_live_20260616.csv,Lyris Math500 temp0/temp1 home-mount retry 2026-06-16,55,/home/sna/vllm-runs/math_temp01_core_20260616_home/qwen30ba3b_math500_osl32k_temp01_lyris_baseline_offset0_n4_isl4096_osl32768_bs1_2_20260616_math_temp1_core_home_qwen30ba3b/breakdown.json,True
Math,Qwen3-30B-A3B,1.0,1.0,2,4096,32768,baseline,2135741,COMPLETED,38.81936686254576,,1.0,,,Lyris Math500 temp0/temp1 home-mount retry 2026-06-16,docs/lyris_math500_osl32k_temp01_home_retry_metrics_live_20260616.csv,Lyris Math500 temp0/temp1 home-mount retry 2026-06-16,55,/home/sna/vllm-runs/math_temp01_core_20260616_home/qwen30ba3b_math500_osl32k_temp01_lyris_baseline_offset0_n4_isl4096_osl32768_bs1_2_20260616_math_temp1_core_home_qwen30ba3b/breakdown.json,True
Math,Qwen3-30B-A3B,1.0,1.0,1,4096,32768,eagle3_k3,2135743,COMPLETED,22.021158197098025,,1.1374416829520124,10.42031786726488,1.3126095360179464,Lyris Math500 temp0/temp1 home-mount retry 2026-06-16,docs/lyris_math500_osl32k_temp01_home_retry_metrics_live_20260616.csv,Lyris Math500 temp0/temp1 home-mount retry 2026-06-16,55,/home/sna/vllm-runs/math_temp01_core_20260616_home/qwen30ba3b_math500_osl32k_temp01_lyris_eagle3_offset0_n4_isl4096_osl32768_bs1_2_k3_20260616_math_temp1_core_home_qwen30ba3b/breakdown.json,True
Math,Qwen3-30B-A3B,1.0,1.0,2,4096,32768,eagle3_k3,2135743,COMPLETED,42.940114667610494,,1.106151855069037,10.979930758411772,1.3293979227523531,Lyris Math500 temp0/temp1 home-mount retry 2026-06-16,docs/lyris_math500_osl32k_temp01_home_retry_metrics_live_20260616.csv,Lyris Math500 temp0/temp1 home-mount retry 2026-06-16,55,/home/sna/vllm-runs/math_temp01_core_20260616_home/qwen30ba3b_math500_osl32k_temp01_lyris_eagle3_offset0_n4_isl4096_osl32768_bs1_2_k3_20260616_math_temp1_core_home_qwen30ba3b/breakdown.json,True
Math,Qwen3-30B-A3B,1.0,1.0,1,4096,32768,pard_k3,2139662,COMPLETED,36.29858869664507,,1.8749026480058524,63.654257405228606,2.9096277221568583,Lyris Math500 temp0/temp1 home-mount retry 2026-06-16,docs/lyris_math500_osl32k_temp01_home_retry_metrics_live_20260616.csv,Lyris Math500 temp0/temp1 home-mount retry 2026-06-16,55,/project/coreai_dlalgo_llm/sna/vllm-runs/math_temp01_core_20260616_project_publicpard/qwen30ba3b_math500_osl32k_temp01_lyris_publicpard_pard_offset0_n4_isl4096_osl32768_bs1_2_k3_20260616_math_temp01_project_qwen30ba3b_t10_publicpard_k3/breakdown.json,True
Math,Qwen3-30B-A3B,1.0,1.0,1,4096,32768,pard_k5,2139663,COMPLETED,36.92239144421829,,1.9071234440547755,41.09016336137587,3.0545081680687933,Lyris Math500 temp0/temp1 home-mount retry 2026-06-16,docs/lyris_math500_osl32k_temp01_home_retry_metrics_live_20260616.csv,Lyris Math500 temp0/temp1 home-mount retry 2026-06-16,55,/project/coreai_dlalgo_llm/sna/vllm-runs/math_temp01_core_20260616_project_publicpard/qwen30ba3b_math500_osl32k_temp01_lyris_publicpard_pard_offset0_n4_isl4096_osl32768_bs1_2_k5_20260616_math_temp01_project_qwen30ba3b_t10_publicpard_k5/breakdown.json,True
Math,Qwen3-30B-A3B,1.0,1.0,1,4096,32768,suffix_k32,2135742,COMPLETED,144.2315081618334,,7.449877427424415,87.578853088107,7.663885788144057,Lyris Math500 temp0/temp1 home-mount retry 2026-06-16,docs/lyris_math500_osl32k_temp01_home_retry_metrics_live_20260616.csv,Lyris Math500 temp0/temp1 home-mount retry 2026-06-16,55,/home/sna/vllm-runs/math_temp01_core_20260616_home/qwen30ba3b_math500_osl32k_temp01_lyris_suffix_offset0_n4_isl4096_osl32768_bs1_2_k32_arctic_20260616_math_temp1_core_home_qwen30ba3b/breakdown.json,True
Math,Qwen3-30B-A3B,1.0,1.0,2,4096,32768,suffix_k32,2135742,COMPLETED,181.3872398059073,,4.672596553369238,80.12142789947102,6.661059413027917,Lyris Math500 temp0/temp1 home-mount retry 2026-06-16,docs/lyris_math500_osl32k_temp01_home_retry_metrics_live_20260616.csv,Lyris Math500 temp0/temp1 home-mount retry 2026-06-16,55,/home/sna/vllm-runs/math_temp01_core_20260616_home/qwen30ba3b_math500_osl32k_temp01_lyris_suffix_offset0_n4_isl4096_osl32768_bs1_2_k32_arctic_20260616_math_temp1_core_home_qwen30ba3b/breakdown.json,True
Math,Qwen3-8B,1.0,1.0,1,4096,32768,baseline,2136606,COMPLETED,36.33346520830202,,1.0,,,Lyris Math500 temp0/temp1 home-mount retry 2026-06-16,docs/lyris_math500_osl32k_temp01_home_retry_metrics_live_20260616.csv,Lyris Math500 temp0/temp1 home-mount retry 2026-06-16,55,/home/sna/vllm-runs/math_temp01_core_20260616_home_mount/qwen8_math500_osl32k_temp01_lyris_baseline_offset0_n4_isl4096_osl32768_bs1_2_20260616_math_temp1_core_home_mount_qwen8_baseline/breakdown.json,True
Math,Qwen3-8B,1.0,1.0,2,4096,32768,baseline,2136606,COMPLETED,72.38594162493035,,1.0,,,Lyris Math500 temp0/temp1 home-mount retry 2026-06-16,docs/lyris_math500_osl32k_temp01_home_retry_metrics_live_20260616.csv,Lyris Math500 temp0/temp1 home-mount retry 2026-06-16,55,/home/sna/vllm-runs/math_temp01_core_20260616_home_mount/qwen8_math500_osl32k_temp01_lyris_baseline_offset0_n4_isl4096_osl32768_bs1_2_20260616_math_temp1_core_home_mount_qwen8_baseline/breakdown.json,True
Math,Qwen3-8B,1.0,1.0,1,4096,32768,eagle3_k3,2135747,COMPLETED,80.8726587496727,,2.225844914214064,72.18170401854714,3.165451120556414,Lyris Math500 temp0/temp1 home-mount retry 2026-06-16,docs/lyris_math500_osl32k_temp01_home_retry_metrics_live_20260616.csv,Lyris Math500 temp0/temp1 home-mount retry 2026-06-16,55,/home/sna/vllm-runs/math_temp01_core_20260616_home/qwen8_math500_osl32k_temp01_lyris_eagle3_offset0_n4_isl4096_osl32768_bs1_2_k3_20260616_math_temp1_core_home_qwen8/breakdown.json,True
Math,Qwen3-8B,1.0,1.0,2,4096,32768,eagle3_k3,2135747,COMPLETED,118.357253605807,,1.6350861914469277,65.03512247838617,2.951053674351585,Lyris Math500 temp0/temp1 home-mount retry 2026-06-16,docs/lyris_math500_osl32k_temp01_home_retry_metrics_live_20260616.csv,Lyris Math500 temp0/temp1 home-mount retry 2026-06-16,55,/home/sna/vllm-runs/math_temp01_core_20260616_home/qwen8_math500_osl32k_temp01_lyris_eagle3_offset0_n4_isl4096_osl32768_bs1_2_k3_20260616_math_temp1_core_home_qwen8/breakdown.json,True
Math,Qwen3-8B,1.0,1.0,1,4096,32768,pard_k3,2139658,COMPLETED,47.788192170613534,,1.31526657027181,68.61660755397921,3.0584982266193763,Lyris Math500 temp0/temp1 home-mount retry 2026-06-16,docs/lyris_math500_osl32k_temp01_home_retry_metrics_live_20260616.csv,Lyris Math500 temp0/temp1 home-mount retry 2026-06-16,55,/project/coreai_dlalgo_llm/sna/vllm-runs/math_temp01_core_20260616_project_publicpard/qwen8_math500_osl32k_temp01_lyris_publicpard_pard_offset0_n4_isl4096_osl32768_bs1_2_k3_20260616_math_temp01_project_qwen8_t10_publicpard_k3/breakdown.json,True
Math,Qwen3-8B,1.0,1.0,1,4096,32768,pard_k5,2139659,COMPLETED,37.8859188150902,,1.0427279258360815,29.08018647145826,2.454009323572913,Lyris Math500 temp0/temp1 home-mount retry 2026-06-16,docs/lyris_math500_osl32k_temp01_home_retry_metrics_live_20260616.csv,Lyris Math500 temp0/temp1 home-mount retry 2026-06-16,55,/project/coreai_dlalgo_llm/sna/vllm-runs/math_temp01_core_20260616_project_publicpard/qwen8_math500_osl32k_temp01_lyris_publicpard_pard_offset0_n4_isl4096_osl32768_bs1_2_k5_20260616_math_temp01_project_qwen8_t10_publicpard_k5/breakdown.json,True
Math,Qwen3-8B,1.0,1.0,2,4096,32768,pard_k3,2139658,COMPLETED,91.70731405045429,,1.2669216147748428,72.75398212898213,3.182619463869464,Lyris Math500 temp0/temp1 home-mount retry 2026-06-16,docs/lyris_math500_osl32k_temp01_home_retry_metrics_live_20260616.csv,Lyris Math500 temp0/temp1 home-mount retry 2026-06-16,55,/project/coreai_dlalgo_llm/sna/vllm-runs/math_temp01_core_20260616_project_publicpard/qwen8_math500_osl32k_temp01_lyris_publicpard_pard_offset0_n4_isl4096_osl32768_bs1_2_k3_20260616_math_temp01_project_qwen8_t10_publicpard_k3/breakdown.json,True
Math,Qwen3-8B,1.0,1.0,2,4096,32768,pard_k5,2139659,COMPLETED,77.04731013773336,,1.064396047190434,37.706209963237725,2.885310498161886,Lyris Math500 temp0/temp1 home-mount retry 2026-06-16,docs/lyris_math500_osl32k_temp01_home_retry_metrics_live_20260616.csv,Lyris Math500 temp0/temp1 home-mount retry 2026-06-16,55,/project/coreai_dlalgo_llm/sna/vllm-runs/math_temp01_core_20260616_project_publicpard/qwen8_math500_osl32k_temp01_lyris_publicpard_pard_offset0_n4_isl4096_osl32768_bs1_2_k5_20260616_math_temp01_project_qwen8_t10_publicpard_k5/breakdown.json,True
Math,Qwen3-8B,1.0,1.0,1,4096,32768,pard2_k3,2135748,COMPLETED,28.13831945805976,,0.7744463484762882,26.893015177205243,1.8067904553161571,Lyris Math500 temp0/temp1 home-mount retry 2026-06-16,docs/lyris_math500_osl32k_temp01_home_retry_metrics_live_20260616.csv,Lyris Math500 temp0/temp1 home-mount retry 2026-06-16,55,/home/sna/vllm-runs/math_temp01_core_20260616_home/qwen8_math500_osl32k_temp01_lyris_pard2_offset0_n4_isl4096_osl32768_bs1_2_k3_20260616_math_temp1_core_home_qwen8_pard2_k3/breakdown.json,True
Math,Qwen3-8B,1.0,1.0,1,4096,32768,pard2_k5,2135749,COMPLETED,27.47472661335481,,0.7561823915181359,16.26857411660533,1.8134287058302665,Lyris Math500 temp0/temp1 home-mount retry 2026-06-16,docs/lyris_math500_osl32k_temp01_home_retry_metrics_live_20260616.csv,Lyris Math500 temp0/temp1 home-mount retry 2026-06-16,55,/home/sna/vllm-runs/math_temp01_core_20260616_home/qwen8_math500_osl32k_temp01_lyris_pard2_offset0_n4_isl4096_osl32768_bs1_2_k5_20260616_math_temp1_core_home_qwen8_pard2_k5/breakdown.json,True
Math,Qwen3-8B,1.0,1.0,2,4096,32768,pard2_k3,2135748,COMPLETED,44.91191976453368,,0.6204508604342811,23.704583730433303,1.7111375119129992,Lyris Math500 temp0/temp1 home-mount retry 2026-06-16,docs/lyris_math500_osl32k_temp01_home_retry_metrics_live_20260616.csv,Lyris Math500 temp0/temp1 home-mount retry 2026-06-16,55,/home/sna/vllm-runs/math_temp01_core_20260616_home/qwen8_math500_osl32k_temp01_lyris_pard2_offset0_n4_isl4096_osl32768_bs1_2_k3_20260616_math_temp1_core_home_qwen8_pard2_k3/breakdown.json,True
Math,Qwen3-8B,1.0,1.0,2,4096,32768,pard2_k5,2135749,COMPLETED,34.619756252124695,,0.4782662969490383,8.446571388264914,1.4223285694132457,Lyris Math500 temp0/temp1 home-mount retry 2026-06-16,docs/lyris_math500_osl32k_temp01_home_retry_metrics_live_20260616.csv,Lyris Math500 temp0/temp1 home-mount retry 2026-06-16,55,/home/sna/vllm-runs/math_temp01_core_20260616_home/qwen8_math500_osl32k_temp01_lyris_pard2_offset0_n4_isl4096_osl32768_bs1_2_k5_20260616_math_temp1_core_home_qwen8_pard2_k5/breakdown.json,True
Math,Qwen3-8B,1.0,1.0,1,4096,32768,suffix_k32,2135746,COMPLETED,227.659467822103,,6.26583417014912,86.79712810410238,7.429092567259462,Lyris Math500 temp0/temp1 home-mount retry 2026-06-16,docs/lyris_math500_osl32k_temp01_home_retry_metrics_live_20260616.csv,Lyris Math500 temp0/temp1 home-mount retry 2026-06-16,55,/home/sna/vllm-runs/math_temp01_core_20260616_home/qwen8_math500_osl32k_temp01_lyris_suffix_offset0_n4_isl4096_osl32768_bs1_2_k32_arctic_20260616_math_temp1_core_home_qwen8/breakdown.json,True
Math,Qwen3-8B,1.0,1.0,2,4096,32768,suffix_k32,2135746,COMPLETED,316.92023682226966,,4.378201480950543,74.39036091730293,5.982556004406904,Lyris Math500 temp0/temp1 home-mount retry 2026-06-16,docs/lyris_math500_osl32k_temp01_home_retry_metrics_live_20260616.csv,Lyris Math500 temp0/temp1 home-mount retry 2026-06-16,55,/home/sna/vllm-runs/math_temp01_core_20260616_home/qwen8_math500_osl32k_temp01_lyris_suffix_offset0_n4_isl4096_osl32768_bs1_2_k32_arctic_20260616_math_temp1_core_home_qwen8/breakdown.json,True
SWE,Qwen3-235B-A22B,1.0,1.0,1,4096,32768,eagle3_k3,,COMPLETED,3.2169325843250025,,,21.075812484173735,1.632274374525212,Lyris SWE temp0/temp1 home-retry 2026-06-16,docs/lyris_swebench_osl32k_temp01_home_retry_metrics_live_20260616.csv,Lyris SWE temp0/temp1 home-retry 2026-06-16,55,/home/sna/vllm-runs/swe_temp01_core_20260616_home_retry/qwen235b_swe_verified_osl32k_temp01_eagle3_offset0_n4_isl4096_osl32768_bs1_2_k3_20260616_swe_temp01_core_home_retry_qwen235b_t10/breakdown.json,True
SWE,Qwen3-235B-A22B,0.0,1.0,1,4096,32768,suffix_k32,,COMPLETED,15.181752811094322,,,88.49310571240972,7.574772054126256,Lyris SWE temp0/temp1 home-retry 2026-06-16,docs/lyris_swebench_osl32k_temp01_home_retry_metrics_live_20260616.csv,Lyris SWE temp0/temp1 home-retry 2026-06-16,55,/home/sna/vllm-runs/swe_temp01_core_20260616_home_retry/qwen235b_swe_verified_osl32k_temp01_suffix_offset0_n4_isl4096_osl32768_bs1_2_k32_arctic_20260616_swe_temp01_core_home_retry_qwen235b_t00/breakdown.json,True
SWE,Qwen3-235B-A22B,1.0,1.0,1,4096,32768,suffix_k32,,COMPLETED,4.299701584554475,,,46.750070808320146,2.2804192761054245,Lyris SWE temp0/temp1 home-retry 2026-06-16,docs/lyris_swebench_osl32k_temp01_home_retry_metrics_live_20260616.csv,Lyris SWE temp0/temp1 home-retry 2026-06-16,55,/home/sna/vllm-runs/swe_temp01_core_20260616_home_retry/qwen235b_swe_verified_osl32k_temp01_suffix_offset0_n4_isl4096_osl32768_bs1_2_k32_arctic_20260616_swe_temp01_core_home_retry_qwen235b_t10/breakdown.json,True
SWE,Qwen3-30B-A3B,1.0,1.0,1,4096,32768,baseline,,COMPLETED,19.578920110499304,,1.0,,,Lyris SWE temp0/temp1 home-retry 2026-06-16,docs/lyris_swebench_osl32k_temp01_home_retry_metrics_live_20260616.csv,Lyris SWE temp0/temp1 home-retry 2026-06-16,55,/home/sna/vllm-runs/swe_temp01_core_20260616_home_retry/qwen30ba3b_swe_verified_osl32k_temp01_baseline_offset0_n4_isl4096_osl32768_bs1_2_20260616_swe_temp01_core_home_retry_qwen30ba3b_t10/breakdown.json,True
SWE,Qwen3-30B-A3B,0.0,1.0,1,4096,32768,eagle3_k3,,COMPLETED,22.41368369437666,,1.1447865136523645,12.256646248778232,1.367699387463347,Lyris SWE temp0/temp1 home-retry 2026-06-16,docs/lyris_swebench_osl32k_temp01_home_retry_metrics_live_20260616.csv,Lyris SWE temp0/temp1 home-retry 2026-06-16,55,/home/sna/vllm-runs/swe_temp01_core_20260616_home_retry/qwen30ba3b_swe_verified_osl32k_temp01_eagle3_offset0_n4_isl4096_osl32768_bs1_2_k3_20260616_swe_temp01_core_home_retry_qwen30ba3b_t00/breakdown.json,True
SWE,Qwen3-30B-A3B,1.0,1.0,1,4096,32768,eagle3_k3,,COMPLETED,21.400454284469262,,1.0930354771197597,11.211710287965143,1.3363513086389542,Lyris SWE temp0/temp1 home-retry 2026-06-16,docs/lyris_swebench_osl32k_temp01_home_retry_metrics_live_20260616.csv,Lyris SWE temp0/temp1 home-retry 2026-06-16,55,/home/sna/vllm-runs/swe_temp01_core_20260616_home_retry/qwen30ba3b_swe_verified_osl32k_temp01_eagle3_offset0_n4_isl4096_osl32768_bs1_2_k3_20260616_swe_temp01_core_home_retry_qwen30ba3b_t10/breakdown.json,True
SWE,Qwen3-30B-A3B,0.0,1.0,1,4096,32768,suffix_k32,,COMPLETED,176.71788332291476,,9.025925961470614,93.9247707008405,10.01050049819882,Lyris SWE temp0/temp1 home-retry 2026-06-16,docs/lyris_swebench_osl32k_temp01_home_retry_metrics_live_20260616.csv,Lyris SWE temp0/temp1 home-retry 2026-06-16,55,/home/sna/vllm-runs/swe_temp01_core_20260616_home_retry/qwen30ba3b_swe_verified_osl32k_temp01_suffix_offset0_n4_isl4096_osl32768_bs1_2_k32_arctic_20260616_swe_temp01_core_home_retry_qwen30ba3b_t00/breakdown.json,True
SWE,Qwen3-30B-A3B,1.0,1.0,1,4096,32768,suffix_k32,,COMPLETED,168.52857801824285,,8.607654409288306,91.15116052272283,9.456967064784656,Lyris SWE temp0/temp1 home-retry 2026-06-16,docs/lyris_swebench_osl32k_temp01_home_retry_metrics_live_20260616.csv,Lyris SWE temp0/temp1 home-retry 2026-06-16,55,/home/sna/vllm-runs/swe_temp01_core_20260616_home_retry/qwen30ba3b_swe_verified_osl32k_temp01_suffix_offset0_n4_isl4096_osl32768_bs1_2_k32_arctic_20260616_swe_temp01_core_home_retry_qwen30ba3b_t10/breakdown.json,True
SWE,Qwen3-32B,1.0,1.0,1,4096,32768,baseline,,COMPLETED,8.357309200106233,,1.0,,,Lyris SWE temp0/temp1 home-retry 2026-06-16,docs/lyris_swebench_osl32k_temp01_home_retry_metrics_live_20260616.csv,Lyris SWE temp0/temp1 home-retry 2026-06-16,55,/home/sna/vllm-runs/swe_temp01_core_20260616_home_retry/qwen32_swe_verified_osl32k_temp01_baseline_offset0_n4_isl4096_osl32768_bs1_2_20260616_swe_temp01_core_home_retry_qwen32_t10/breakdown.json,True
SWE,Qwen3-32B,0.0,1.0,1,4096,32768,eagle3_k3,,COMPLETED,19.439673473705135,,2.3260684758986816,66.85853188708235,3.0057559566124703,Lyris SWE temp0/temp1 home-retry 2026-06-16,docs/lyris_swebench_osl32k_temp01_home_retry_metrics_live_20260616.csv,Lyris SWE temp0/temp1 home-retry 2026-06-16,55,/home/sna/vllm-runs/swe_temp01_core_20260616_home_retry/qwen32_swe_verified_osl32k_temp01_eagle3_offset0_n4_isl4096_osl32768_bs1_2_k3_20260616_swe_temp01_core_home_retry2_qwen32_t00/breakdown.json,True
SWE,Qwen3-32B,1.0,1.0,1,4096,32768,eagle3_k3,,COMPLETED,15.930813579168936,,1.906213255693164,49.257718966603655,2.4777315689981094,Lyris SWE temp0/temp1 home-retry 2026-06-16,docs/lyris_swebench_osl32k_temp01_home_retry_metrics_live_20260616.csv,Lyris SWE temp0/temp1 home-retry 2026-06-16,55,/home/sna/vllm-runs/swe_temp01_core_20260616_home_retry/qwen32_swe_verified_osl32k_temp01_eagle3_offset0_n4_isl4096_osl32768_bs1_2_k3_20260616_swe_temp01_core_home_retry_qwen32_t10/breakdown.json,True
SWE,Qwen3-32B,0.0,1.0,1,4096,32768,suffix_k32,,COMPLETED,53.76158181694465,,6.432881748142245,82.94290165217328,7.680037698062084,Lyris SWE temp0/temp1 home-retry 2026-06-16,docs/lyris_swebench_osl32k_temp01_home_retry_metrics_live_20260616.csv,Lyris SWE temp0/temp1 home-retry 2026-06-16,55,/home/sna/vllm-runs/swe_temp01_core_20260616_home_retry/qwen32_swe_verified_osl32k_temp01_suffix_offset0_n4_isl4096_osl32768_bs1_2_k32_arctic_20260616_swe_temp01_core_home_retry_qwen32_t00/breakdown.json,True
SWE,Qwen3-32B,1.0,1.0,1,4096,32768,suffix_k32,,COMPLETED,16.160134643093816,,1.933652836835138,42.12352693238179,2.3677352830896137,Lyris SWE temp0/temp1 home-retry 2026-06-16,docs/lyris_swebench_osl32k_temp01_home_retry_metrics_live_20260616.csv,Lyris SWE temp0/temp1 home-retry 2026-06-16,55,/home/sna/vllm-runs/swe_temp01_core_20260616_home_retry/qwen32_swe_verified_osl32k_temp01_suffix_offset0_n4_isl4096_osl32768_bs1_2_k32_arctic_20260616_swe_temp01_core_home_retry_qwen32_t10/breakdown.json,True
SWE,Qwen3-235B-A22B,0.0,1.0,2,4096,32768,suffix_k32,,COMPLETED,22.2817494661365,,,79.08144318116894,6.554702784048157,Lyris SWE temp0/temp1 home-retry 2026-06-16,docs/lyris_swebench_osl32k_temp01_home_retry_metrics_live_20260616.csv,Lyris SWE temp0/temp1 home-retry 2026-06-16,55,/home/sna/vllm-runs/swe_temp01_core_20260616_home_retry/qwen235b_swe_verified_osl32k_temp01_suffix_offset0_n4_isl4096_osl32768_bs1_2_k32_arctic_20260616_swe_temp01_core_home_retry_qwen235b_t00/breakdown.json,True
SWE,Qwen3-235B-A22B,1.0,1.0,2,4096,32768,suffix_k32,,COMPLETED,7.798360299837465,,,50.560862297978346,2.659698752451287,Lyris SWE temp0/temp1 home-retry 2026-06-16,docs/lyris_swebench_osl32k_temp01_home_retry_metrics_live_20260616.csv,Lyris SWE temp0/temp1 home-retry 2026-06-16,55,/home/sna/vllm-runs/swe_temp01_core_20260616_home_retry/qwen235b_swe_verified_osl32k_temp01_suffix_offset0_n4_isl4096_osl32768_bs1_2_k32_arctic_20260616_swe_temp01_core_home_retry_qwen235b_t10/breakdown.json,True
SWE,Qwen3-30B-A3B,1.0,1.0,2,4096,32768,baseline,,COMPLETED,38.78373191565313,,1.0,,,Lyris SWE temp0/temp1 home-retry 2026-06-16,docs/lyris_swebench_osl32k_temp01_home_retry_metrics_live_20260616.csv,Lyris SWE temp0/temp1 home-retry 2026-06-16,55,/home/sna/vllm-runs/swe_temp01_core_20260616_home_retry/qwen30ba3b_swe_verified_osl32k_temp01_baseline_offset0_n4_isl4096_osl32768_bs1_2_20260616_swe_temp01_core_home_retry_qwen30ba3b_t10/breakdown.json,True
SWE,Qwen3-30B-A3B,0.0,1.0,2,4096,32768,eagle3_k3,,COMPLETED,43.49920054220563,,1.1215836742273204,12.362504227286832,1.370875126818605,Lyris SWE temp0/temp1 home-retry 2026-06-16,docs/lyris_swebench_osl32k_temp01_home_retry_metrics_live_20260616.csv,Lyris SWE temp0/temp1 home-retry 2026-06-16,55,/home/sna/vllm-runs/swe_temp01_core_20260616_home_retry/qwen30ba3b_swe_verified_osl32k_temp01_eagle3_offset0_n4_isl4096_osl32768_bs1_2_k3_20260616_swe_temp01_core_home_retry_qwen30ba3b_t00/breakdown.json,True
SWE,Qwen3-30B-A3B,1.0,1.0,2,4096,32768,eagle3_k3,,COMPLETED,40.29682475333975,,1.0390135957255815,10.766124962147977,1.3229837488644394,Lyris SWE temp0/temp1 home-retry 2026-06-16,docs/lyris_swebench_osl32k_temp01_home_retry_metrics_live_20260616.csv,Lyris SWE temp0/temp1 home-retry 2026-06-16,55,/home/sna/vllm-runs/swe_temp01_core_20260616_home_retry/qwen30ba3b_swe_verified_osl32k_temp01_eagle3_offset0_n4_isl4096_osl32768_bs1_2_k3_20260616_swe_temp01_core_home_retry_qwen30ba3b_t10/breakdown.json,True
SWE,Qwen3-30B-A3B,0.0,1.0,2,4096,32768,suffix_k32,,COMPLETED,309.8629730526047,,7.989508944794037,90.61628748786988,9.879178929892085,Lyris SWE temp0/temp1 home-retry 2026-06-16,docs/lyris_swebench_osl32k_temp01_home_retry_metrics_live_20260616.csv,Lyris SWE temp0/temp1 home-retry 2026-06-16,55,/home/sna/vllm-runs/swe_temp01_core_20260616_home_retry/qwen30ba3b_swe_verified_osl32k_temp01_suffix_offset0_n4_isl4096_osl32768_bs1_2_k32_arctic_20260616_swe_temp01_core_home_retry_qwen30ba3b_t00/breakdown.json,True
SWE,Qwen3-30B-A3B,1.0,1.0,2,4096,32768,suffix_k32,,COMPLETED,306.9117083096725,,7.913413515160022,90.41591460155396,9.290148448043183,Lyris SWE temp0/temp1 home-retry 2026-06-16,docs/lyris_swebench_osl32k_temp01_home_retry_metrics_live_20260616.csv,Lyris SWE temp0/temp1 home-retry 2026-06-16,55,/home/sna/vllm-runs/swe_temp01_core_20260616_home_retry/qwen30ba3b_swe_verified_osl32k_temp01_suffix_offset0_n4_isl4096_osl32768_bs1_2_k32_arctic_20260616_swe_temp01_core_home_retry_qwen30ba3b_t10/breakdown.json,True
SWE,Qwen3-32B,1.0,1.0,2,4096,32768,baseline,,COMPLETED,16.396119029169874,,1.0,,,Lyris SWE temp0/temp1 home-retry 2026-06-16,docs/lyris_swebench_osl32k_temp01_home_retry_metrics_live_20260616.csv,Lyris SWE temp0/temp1 home-retry 2026-06-16,55,/home/sna/vllm-runs/swe_temp01_core_20260616_home_retry/qwen32_swe_verified_osl32k_temp01_baseline_offset0_n4_isl4096_osl32768_bs1_2_20260616_swe_temp01_core_home_retry_qwen32_t10/breakdown.json,True
SWE,Qwen3-32B,0.0,1.0,2,4096,32768,eagle3_k3,,COMPLETED,39.24110314917252,,2.393316557373106,71.33320557046122,3.139996167113837,Lyris SWE temp0/temp1 home-retry 2026-06-16,docs/lyris_swebench_osl32k_temp01_home_retry_metrics_live_20260616.csv,Lyris SWE temp0/temp1 home-retry 2026-06-16,55,/home/sna/vllm-runs/swe_temp01_core_20260616_home_retry/qwen32_swe_verified_osl32k_temp01_eagle3_offset0_n4_isl4096_osl32768_bs1_2_k3_20260616_swe_temp01_core_home_retry2_qwen32_t00/breakdown.json,True
SWE,Qwen3-32B,1.0,1.0,2,4096,32768,eagle3_k3,,COMPLETED,29.725902224223283,,1.812984046489219,48.80404063191272,2.4641212189573816,Lyris SWE temp0/temp1 home-retry 2026-06-16,docs/lyris_swebench_osl32k_temp01_home_retry_metrics_live_20260616.csv,Lyris SWE temp0/temp1 home-retry 2026-06-16,55,/home/sna/vllm-runs/swe_temp01_core_20260616_home_retry/qwen32_swe_verified_osl32k_temp01_eagle3_offset0_n4_isl4096_osl32768_bs1_2_k3_20260616_swe_temp01_core_home_retry_qwen32_t10/breakdown.json,True
SWE,Qwen3-32B,0.0,1.0,2,4096,32768,suffix_k32,,COMPLETED,106.69867716108004,,6.507556878018232,86.77304377904441,8.439623493004964,Lyris SWE temp0/temp1 home-retry 2026-06-16,docs/lyris_swebench_osl32k_temp01_home_retry_metrics_live_20260616.csv,Lyris SWE temp0/temp1 home-retry 2026-06-16,55,/home/sna/vllm-runs/swe_temp01_core_20260616_home_retry/qwen32_swe_verified_osl32k_temp01_suffix_offset0_n4_isl4096_osl32768_bs1_2_k32_arctic_20260616_swe_temp01_core_home_retry_qwen32_t00/breakdown.json,True
SWE,Qwen3-32B,1.0,1.0,2,4096,32768,suffix_k32,,COMPLETED,39.59719572537346,,2.415034658807197,62.33081798589964,4.057471622801547,Lyris SWE temp0/temp1 home-retry 2026-06-16,docs/lyris_swebench_osl32k_temp01_home_retry_metrics_live_20260616.csv,Lyris SWE temp0/temp1 home-retry 2026-06-16,55,/home/sna/vllm-runs/swe_temp01_core_20260616_home_retry/qwen32_swe_verified_osl32k_temp01_suffix_offset0_n4_isl4096_osl32768_bs1_2_k32_arctic_20260616_swe_temp01_core_home_retry_qwen32_t10/breakdown.json,True
SWE,Qwen3-235B-A22B,0.0,1.0,1,4096,32768,baseline,,COMPLETED,2.055510589924779,,1.0,,,Lyris SWE temp0/temp1 core matrix partial 2026-06-16,docs/lyris_swebench_osl32k_temp01_core_matrix_20260616_partial_metrics.csv,Lyris SWE temp0/temp1 core matrix partial 2026-06-16,45,/home/sna/vllm-runs/swe_temp01_core_20260616_home_retry/qwen235b_swe_verified_osl32k_temp01_baseline_offset0_n1_isl4096_osl32768_bs1_20260616_swe_temp01_core_home_mount_qwen235b_bs1_n1_t00/breakdown.json,True
SWE,Qwen3-235B-A22B,0.0,1.0,1,4096,32768,eagle3_k3,,COMPLETED,5.354316554117969,,,57.24098375382659,2.717229512614798,Lyris SWE temp0/temp1 core matrix partial 2026-06-16,docs/lyris_swebench_osl32k_temp01_core_matrix_20260616_partial_metrics.csv,Lyris SWE temp0/temp1 core matrix partial 2026-06-16,45,/home/sna/vllm-runs/swe_temp01_core_20260616_home_retry/qwen235b_swe_verified_osl32k_temp01_eagle3_offset0_n4_isl4096_osl32768_bs1_2_k3_20260616_swe_temp01_core_home_retry2_qwen235b_t00/breakdown.json,True
SWE,Qwen3-235B-A22B,0.0,1.0,1,4096,32768,eagle3_k3,,COMPLETED,5.354316554117969,,,57.24098375382659,2.717229512614798,Lyris SWE temp0/temp1 core matrix partial 2026-06-16,docs/lyris_swebench_osl32k_temp01_core_matrix_20260616_partial_metrics.csv,Lyris SWE temp0/temp1 core matrix partial 2026-06-16,45,/home/sna/vllm-runs/swe_temp01_core_20260616_home_retry/qwen235b_swe_verified_osl32k_temp01_eagle3_offset0_n4_isl4096_osl32768_bs1_2_k3_20260616_swe_temp01_core_home_retry2_qwen235b_t00/breakdown.json,True
SWE,Qwen3-235B-A22B,0.0,1.0,1,4096,32768,eagle3_k3,,COMPLETED,5.354316554117969,,,57.24098375382659,2.717229512614798,Lyris SWE temp0/temp1 core matrix partial 2026-06-16,docs/lyris_swebench_osl32k_temp01_core_matrix_20260616_partial_metrics.csv,Lyris SWE temp0/temp1 core matrix partial 2026-06-16,45,/home/sna/vllm-runs/swe_temp01_core_20260616_home_retry/qwen235b_swe_verified_osl32k_temp01_eagle3_offset0_n4_isl4096_osl32768_bs1_2_k3_20260616_swe_temp01_core_home_retry2_qwen235b_t00/breakdown.json,True
SWE,Qwen3-235B-A22B,0.0,1.0,1,4096,32768,eagle3_k3,,COMPLETED,5.470850081561706,,2.661552856199058,59.70979924468297,2.791293977340489,Lyris SWE temp0/temp1 core matrix partial 2026-06-16,docs/lyris_swebench_osl32k_temp01_core_matrix_20260616_partial_metrics.csv,Lyris SWE temp0/temp1 core matrix partial 2026-06-16,45,/home/sna/vllm-runs/swe_temp01_core_20260616_home_retry/qwen235b_swe_verified_osl32k_temp01_eagle3_offset0_n1_isl4096_osl32768_bs1_k3_20260616_swe_temp01_core_home_mount_qwen235b_bs1_n1_t00/breakdown.json,True
SWE,Qwen3-235B-A22B,0.0,1.0,1,4096,32768,suffix_k32,,COMPLETED,15.181752811094322,,,88.49310571240972,7.574772054126256,Lyris SWE temp0/temp1 core matrix partial 2026-06-16,docs/lyris_swebench_osl32k_temp01_core_matrix_20260616_partial_metrics.csv,Lyris SWE temp0/temp1 core matrix partial 2026-06-16,45,/home/sna/vllm-runs/swe_temp01_core_20260616_home_retry/qwen235b_swe_verified_osl32k_temp01_suffix_offset0_n4_isl4096_osl32768_bs1_2_k32_arctic_20260616_swe_temp01_core_home_retry_qwen235b_t00/breakdown.json,True
SWE,Qwen3-235B-A22B,0.0,1.0,1,4096,32768,suffix_k32,,COMPLETED,12.245578580362857,,5.957438818552124,79.29583637691746,5.973245372915521,Lyris SWE temp0/temp1 core matrix partial 2026-06-16,docs/lyris_swebench_osl32k_temp01_core_matrix_20260616_partial_metrics.csv,Lyris SWE temp0/temp1 core matrix partial 2026-06-16,45,/home/sna/vllm-runs/swe_temp01_core_20260616_home_retry/qwen235b_swe_verified_osl32k_temp01_suffix_offset0_n1_isl4096_osl32768_bs1_k32_20260616_swe_temp01_core_home_mount_qwen235b_bs1_n1_t00/breakdown.json,True
SWE,Qwen3-235B-A22B,1.0,1.0,1,4096,32768,baseline,,COMPLETED,2.1345933246551825,,1.0384735233756677,,,Lyris SWE temp0/temp1 core matrix partial 2026-06-16,docs/lyris_swebench_osl32k_temp01_core_matrix_20260616_partial_metrics.csv,Lyris SWE temp0/temp1 core matrix partial 2026-06-16,45,/home/sna/vllm-runs/swe_temp01_core_20260616_home_retry/qwen235b_swe_verified_osl32k_temp01_baseline_offset0_n1_isl4096_osl32768_bs1_20260616_swe_temp01_core_home_mount_qwen235b_bs1_n1_t10/breakdown.json,True
SWE,Qwen3-235B-A22B,1.0,1.0,1,4096,32768,eagle3_k3,,COMPLETED,3.2169325843250025,,,21.075812484173735,1.632274374525212,Lyris SWE temp0/temp1 core matrix partial 2026-06-16,docs/lyris_swebench_osl32k_temp01_core_matrix_20260616_partial_metrics.csv,Lyris SWE temp0/temp1 core matrix partial 2026-06-16,45,/home/sna/vllm-runs/swe_temp01_core_20260616_home_retry/qwen235b_swe_verified_osl32k_temp01_eagle3_offset0_n4_isl4096_osl32768_bs1_2_k3_20260616_swe_temp01_core_home_retry_qwen235b_t10/breakdown.json,True
SWE,Qwen3-235B-A22B,1.0,1.0,1,4096,32768,eagle3_k3,,COMPLETED,3.2245729516129455,,,21.075812484173735,1.632274374525212,Lyris SWE temp0/temp1 core matrix partial 2026-06-16,docs/lyris_swebench_osl32k_temp01_core_matrix_20260616_partial_metrics.csv,Lyris SWE temp0/temp1 core matrix partial 2026-06-16,45,/home/sna/vllm-runs/swe_temp01_core_20260616_home_retry/qwen235b_swe_verified_osl32k_temp01_eagle3_offset0_n4_isl4096_osl32768_bs1_k3_20260616_swe_temp01_core_home_mount_qwen235b_eagle3_t10_bs1_qwen235b_t10/breakdown.json,True
SWE,Qwen3-235B-A22B,1.0,1.0,1,4096,32768,eagle3_k3,,COMPLETED,3.4370260426023003,,1.6721033009750037,25.059253319076895,1.7517775995723068,Lyris SWE temp0/temp1 core matrix partial 2026-06-16,docs/lyris_swebench_osl32k_temp01_core_matrix_20260616_partial_metrics.csv,Lyris SWE temp0/temp1 core matrix partial 2026-06-16,45,/home/sna/vllm-runs/swe_temp01_core_20260616_home_retry/qwen235b_swe_verified_osl32k_temp01_eagle3_offset0_n1_isl4096_osl32768_bs1_k3_20260616_swe_temp01_core_home_mount_qwen235b_bs1_n1_t10/breakdown.json,True
SWE,Qwen3-235B-A22B,1.0,1.0,1,4096,32768,suffix_k32,,COMPLETED,4.299701584554475,,,46.750070808320146,2.2804192761054245,Lyris SWE temp0/temp1 core matrix partial 2026-06-16,docs/lyris_swebench_osl32k_temp01_core_matrix_20260616_partial_metrics.csv,Lyris SWE temp0/temp1 core matrix partial 2026-06-16,45,/home/sna/vllm-runs/swe_temp01_core_20260616_home_retry/qwen235b_swe_verified_osl32k_temp01_suffix_offset0_n4_isl4096_osl32768_bs1_2_k32_arctic_20260616_swe_temp01_core_home_retry_qwen235b_t10/breakdown.json,True
SWE,Qwen3-235B-A22B,1.0,1.0,1,4096,32768,suffix_k32,,COMPLETED,6.095960556651891,,2.9656673074474265,55.12089590226521,3.118044009779951,Lyris SWE temp0/temp1 core matrix partial 2026-06-16,docs/lyris_swebench_osl32k_temp01_core_matrix_20260616_partial_metrics.csv,Lyris SWE temp0/temp1 core matrix partial 2026-06-16,45,/home/sna/vllm-runs/swe_temp01_core_20260616_home_retry/qwen235b_swe_verified_osl32k_temp01_suffix_offset0_n1_isl4096_osl32768_bs1_k32_20260616_swe_temp01_core_home_mount_qwen235b_bs1_n1_t10/breakdown.json,True
SWE,Qwen3-30B-A3B,0.0,1.0,1,4096,32768,baseline,,COMPLETED,19.88155182834212,,1.0154570178607822,,,Lyris SWE temp0/temp1 core matrix partial 2026-06-16,docs/lyris_swebench_osl32k_temp01_core_matrix_20260616_partial_metrics.csv,Lyris SWE temp0/temp1 core matrix partial 2026-06-16,45,/home/sna/vllm-runs/swe_temp01_core_20260616_home_retry/qwen30ba3b_swe_verified_osl32k_temp01_baseline_offset0_n4_isl4096_osl32768_bs1_2_20260616_swe_temp01_core_home_mount_qwen30ba3b_baseline_t00/breakdown.json,True
SWE,Qwen3-30B-A3B,0.0,1.0,1,4096,32768,eagle3_k3,,COMPLETED,22.41368369437666,,1.1447865136523645,12.256646248778232,1.367699387463347,Lyris SWE temp0/temp1 core matrix partial 2026-06-16,docs/lyris_swebench_osl32k_temp01_core_matrix_20260616_partial_metrics.csv,Lyris SWE temp0/temp1 core matrix partial 2026-06-16,45,/home/sna/vllm-runs/swe_temp01_core_20260616_home_retry/qwen30ba3b_swe_verified_osl32k_temp01_eagle3_offset0_n4_isl4096_osl32768_bs1_2_k3_20260616_swe_temp01_core_home_retry_qwen30ba3b_t00/breakdown.json,True
SWE,Qwen3-30B-A3B,0.0,1.0,1,4096,32768,suffix_k32,,COMPLETED,176.71788332291476,,9.025925961470614,93.9247707008405,10.01050049819882,Lyris SWE temp0/temp1 core matrix partial 2026-06-16,docs/lyris_swebench_osl32k_temp01_core_matrix_20260616_partial_metrics.csv,Lyris SWE temp0/temp1 core matrix partial 2026-06-16,45,/home/sna/vllm-runs/swe_temp01_core_20260616_home_retry/qwen30ba3b_swe_verified_osl32k_temp01_suffix_offset0_n4_isl4096_osl32768_bs1_2_k32_arctic_20260616_swe_temp01_core_home_retry_qwen30ba3b_t00/breakdown.json,True
SWE,Qwen3-30B-A3B,1.0,1.0,1,4096,32768,baseline,,COMPLETED,19.578920110499304,,1.0,,,Lyris SWE temp0/temp1 core matrix partial 2026-06-16,docs/lyris_swebench_osl32k_temp01_core_matrix_20260616_partial_metrics.csv,Lyris SWE temp0/temp1 core matrix partial 2026-06-16,45,/home/sna/vllm-runs/swe_temp01_core_20260616_home_retry/qwen30ba3b_swe_verified_osl32k_temp01_baseline_offset0_n4_isl4096_osl32768_bs1_2_20260616_swe_temp01_core_home_retry_qwen30ba3b_t10/breakdown.json,True
SWE,Qwen3-30B-A3B,1.0,1.0,1,4096,32768,eagle3_k3,,COMPLETED,21.400454284469262,,1.0930354771197597,11.211710287965143,1.3363513086389542,Lyris SWE temp0/temp1 core matrix partial 2026-06-16,docs/lyris_swebench_osl32k_temp01_core_matrix_20260616_partial_metrics.csv,Lyris SWE temp0/temp1 core matrix partial 2026-06-16,45,/home/sna/vllm-runs/swe_temp01_core_20260616_home_retry/qwen30ba3b_swe_verified_osl32k_temp01_eagle3_offset0_n4_isl4096_osl32768_bs1_2_k3_20260616_swe_temp01_core_home_retry_qwen30ba3b_t10/breakdown.json,True
SWE,Qwen3-30B-A3B,1.0,1.0,1,4096,32768,suffix_k32,,COMPLETED,168.52857801824285,,8.607654409288306,91.15116052272283,9.456967064784656,Lyris SWE temp0/temp1 core matrix partial 2026-06-16,docs/lyris_swebench_osl32k_temp01_core_matrix_20260616_partial_metrics.csv,Lyris SWE temp0/temp1 core matrix partial 2026-06-16,45,/home/sna/vllm-runs/swe_temp01_core_20260616_home_retry/qwen30ba3b_swe_verified_osl32k_temp01_suffix_offset0_n4_isl4096_osl32768_bs1_2_k32_arctic_20260616_swe_temp01_core_home_retry_qwen30ba3b_t10/breakdown.json,True
SWE,Qwen3-32B,0.0,1.0,1,4096,32768,baseline,,COMPLETED,8.235469320757359,,0.9854211593191592,,,Lyris SWE temp0/temp1 core matrix partial 2026-06-16,docs/lyris_swebench_osl32k_temp01_core_matrix_20260616_partial_metrics.csv,Lyris SWE temp0/temp1 core matrix partial 2026-06-16,45,/home/sna/vllm-runs/swe_temp01_core_20260616_home_retry/qwen32_swe_verified_osl32k_temp01_baseline_offset0_n4_isl4096_osl32768_bs1_2_20260616_swe_temp01_core_home_mount_qwen32_baseline_t00/breakdown.json,True
SWE,Qwen3-32B,0.0,1.0,1,4096,32768,eagle3_k3,,COMPLETED,19.439673473705135,,2.3260684758986816,66.85853188708235,3.0057559566124703,Lyris SWE temp0/temp1 core matrix partial 2026-06-16,docs/lyris_swebench_osl32k_temp01_core_matrix_20260616_partial_metrics.csv,Lyris SWE temp0/temp1 core matrix partial 2026-06-16,45,/home/sna/vllm-runs/swe_temp01_core_20260616_home_retry/qwen32_swe_verified_osl32k_temp01_eagle3_offset0_n4_isl4096_osl32768_bs1_2_k3_20260616_swe_temp01_core_home_retry2_qwen32_t00/breakdown.json,True
SWE,Qwen3-32B,0.0,1.0,1,4096,32768,eagle3_k3,,COMPLETED,19.439673473705135,,2.3260684758986816,66.85853188708235,3.0057559566124703,Lyris SWE temp0/temp1 core matrix partial 2026-06-16,docs/lyris_swebench_osl32k_temp01_core_matrix_20260616_partial_metrics.csv,Lyris SWE temp0/temp1 core matrix partial 2026-06-16,45,/home/sna/vllm-runs/swe_temp01_core_20260616_home_retry/qwen32_swe_verified_osl32k_temp01_eagle3_offset0_n4_isl4096_osl32768_bs1_2_k3_20260616_swe_temp01_core_home_retry2_qwen32_t00/breakdown.json,True
SWE,Qwen3-32B,0.0,1.0,1,4096,32768,eagle3_k3,,COMPLETED,19.439673473705135,,2.3260684758986816,66.85853188708235,3.0057559566124703,Lyris SWE temp0/temp1 core matrix partial 2026-06-16,docs/lyris_swebench_osl32k_temp01_core_matrix_20260616_partial_metrics.csv,Lyris SWE temp0/temp1 core matrix partial 2026-06-16,45,/home/sna/vllm-runs/swe_temp01_core_20260616_home_retry/qwen32_swe_verified_osl32k_temp01_eagle3_offset0_n4_isl4096_osl32768_bs1_2_k3_20260616_swe_temp01_core_home_retry2_qwen32_t00/breakdown.json,True
SWE,Qwen3-32B,0.0,1.0,1,4096,32768,suffix_k32,,COMPLETED,53.76158181694465,,6.432881748142245,82.94290165217328,7.680037698062084,Lyris SWE temp0/temp1 core matrix partial 2026-06-16,docs/lyris_swebench_osl32k_temp01_core_matrix_20260616_partial_metrics.csv,Lyris SWE temp0/temp1 core matrix partial 2026-06-16,45,/home/sna/vllm-runs/swe_temp01_core_20260616_home_retry/qwen32_swe_verified_osl32k_temp01_suffix_offset0_n4_isl4096_osl32768_bs1_2_k32_arctic_20260616_swe_temp01_core_home_retry_qwen32_t00/breakdown.json,True
SWE,Qwen3-32B,1.0,1.0,1,4096,32768,baseline,,COMPLETED,8.357309200106233,,1.0,,,Lyris SWE temp0/temp1 core matrix partial 2026-06-16,docs/lyris_swebench_osl32k_temp01_core_matrix_20260616_partial_metrics.csv,Lyris SWE temp0/temp1 core matrix partial 2026-06-16,45,/home/sna/vllm-runs/swe_temp01_core_20260616_home_retry/qwen32_swe_verified_osl32k_temp01_baseline_offset0_n4_isl4096_osl32768_bs1_2_20260616_swe_temp01_core_home_retry_qwen32_t10/breakdown.json,True
SWE,Qwen3-32B,1.0,1.0,1,4096,32768,eagle3_k3,,COMPLETED,15.930813579168936,,1.906213255693164,49.257718966603655,2.4777315689981094,Lyris SWE temp0/temp1 core matrix partial 2026-06-16,docs/lyris_swebench_osl32k_temp01_core_matrix_20260616_partial_metrics.csv,Lyris SWE temp0/temp1 core matrix partial 2026-06-16,45,/home/sna/vllm-runs/swe_temp01_core_20260616_home_retry/qwen32_swe_verified_osl32k_temp01_eagle3_offset0_n4_isl4096_osl32768_bs1_2_k3_20260616_swe_temp01_core_home_retry_qwen32_t10/breakdown.json,True
SWE,Qwen3-32B,1.0,1.0,1,4096,32768,suffix_k32,,COMPLETED,16.160134643093816,,1.933652836835138,42.12352693238179,2.3677352830896137,Lyris SWE temp0/temp1 core matrix partial 2026-06-16,docs/lyris_swebench_osl32k_temp01_core_matrix_20260616_partial_metrics.csv,Lyris SWE temp0/temp1 core matrix partial 2026-06-16,45,/home/sna/vllm-runs/swe_temp01_core_20260616_home_retry/qwen32_swe_verified_osl32k_temp01_suffix_offset0_n4_isl4096_osl32768_bs1_2_k32_arctic_20260616_swe_temp01_core_home_retry_qwen32_t10/breakdown.json,True
SWE,Qwen3-235B-A22B,0.0,1.0,2,4096,32768,baseline,,COMPLETED,4.181686617697326,,1.0,,,Lyris SWE temp0/temp1 core matrix partial 2026-06-16,docs/lyris_swebench_osl32k_temp01_core_matrix_20260616_partial_metrics.csv,Lyris SWE temp0/temp1 core matrix partial 2026-06-16,45,/home/sna/vllm-runs/swe_temp01_core_20260616_home_retry/qwen235b_swe_verified_osl32k_temp01_baseline_offset0_n4_isl4096_osl32768_bs2_20260616_swe_temp01_core_home_mount_qwen235b_baseline_bs2_qwen235b_t00/breakdown.json,True
SWE,Qwen3-235B-A22B,0.0,1.0,2,4096,32768,eagle3_k3,,COMPLETED,8.326513318530438,,1.991185394738042,49.44800232420074,2.483440069726022,Lyris SWE temp0/temp1 core matrix partial 2026-06-16,docs/lyris_swebench_osl32k_temp01_core_matrix_20260616_partial_metrics.csv,Lyris SWE temp0/temp1 core matrix partial 2026-06-16,45,/home/sna/vllm-runs/swe_temp01_core_20260616_home_retry/qwen235b_swe_verified_osl32k_temp01_eagle3_offset0_n4_isl4096_osl32768_bs1_2_k3_20260616_swe_temp01_core_home_retry2_qwen235b_t00/breakdown.json,True
SWE,Qwen3-235B-A22B,0.0,1.0,2,4096,32768,eagle3_k3,,COMPLETED,8.326513318530438,,1.991185394738042,49.44800232420074,2.483440069726022,Lyris SWE temp0/temp1 core matrix partial 2026-06-16,docs/lyris_swebench_osl32k_temp01_core_matrix_20260616_partial_metrics.csv,Lyris SWE temp0/temp1 core matrix partial 2026-06-16,45,/home/sna/vllm-runs/swe_temp01_core_20260616_home_retry/qwen235b_swe_verified_osl32k_temp01_eagle3_offset0_n4_isl4096_osl32768_bs1_2_k3_20260616_swe_temp01_core_home_retry2_qwen235b_t00/breakdown.json,True
SWE,Qwen3-235B-A22B,0.0,1.0,2,4096,32768,eagle3_k3,,COMPLETED,8.326513318530438,,1.991185394738042,49.44800232420074,2.483440069726022,Lyris SWE temp0/temp1 core matrix partial 2026-06-16,docs/lyris_swebench_osl32k_temp01_core_matrix_20260616_partial_metrics.csv,Lyris SWE temp0/temp1 core matrix partial 2026-06-16,45,/home/sna/vllm-runs/swe_temp01_core_20260616_home_retry/qwen235b_swe_verified_osl32k_temp01_eagle3_offset0_n4_isl4096_osl32768_bs1_2_k3_20260616_swe_temp01_core_home_retry2_qwen235b_t00/breakdown.json,True
SWE,Qwen3-235B-A22B,0.0,1.0,2,4096,32768,suffix_k32,,COMPLETED,22.2817494661365,,5.328412074648983,79.08144318116894,6.554702784048157,Lyris SWE temp0/temp1 core matrix partial 2026-06-16,docs/lyris_swebench_osl32k_temp01_core_matrix_20260616_partial_metrics.csv,Lyris SWE temp0/temp1 core matrix partial 2026-06-16,45,/home/sna/vllm-runs/swe_temp01_core_20260616_home_retry/qwen235b_swe_verified_osl32k_temp01_suffix_offset0_n4_isl4096_osl32768_bs1_2_k32_arctic_20260616_swe_temp01_core_home_retry_qwen235b_t00/breakdown.json,True
SWE,Qwen3-235B-A22B,1.0,1.0,2,4096,32768,baseline,,COMPLETED,4.1208614649423545,,0.985454397156986,,,Lyris SWE temp0/temp1 core matrix partial 2026-06-16,docs/lyris_swebench_osl32k_temp01_core_matrix_20260616_partial_metrics.csv,Lyris SWE temp0/temp1 core matrix partial 2026-06-16,45,/home/sna/vllm-runs/swe_temp01_core_20260616_home_retry/qwen235b_swe_verified_osl32k_temp01_baseline_offset0_n4_isl4096_osl32768_bs2_20260616_swe_temp01_core_home_mount_qwen235b_baseline_bs2_qwen235b_t10/breakdown.json,True
SWE,Qwen3-235B-A22B,1.0,1.0,2,4096,32768,eagle3_k3,,COMPLETED,6.140425077015267,,1.468408716001902,23.05729798566475,1.6917189395699426,Lyris SWE temp0/temp1 core matrix partial 2026-06-16,docs/lyris_swebench_osl32k_temp01_core_matrix_20260616_partial_metrics.csv,Lyris SWE temp0/temp1 core matrix partial 2026-06-16,45,/home/sna/vllm-runs/swe_temp01_core_20260616_home_retry/qwen235b_swe_verified_osl32k_temp01_eagle3_offset0_n4_isl4096_osl32768_bs2_k3_20260616_swe_temp01_core_home_mount_qwen235b_eagle3_t10_bs2_qwen235b_t10/breakdown.json,True
SWE,Qwen3-235B-A22B,1.0,1.0,2,4096,32768,suffix_k32,,COMPLETED,7.798360299837465,,1.8648839601786529,50.560862297978346,2.659698752451287,Lyris SWE temp0/temp1 core matrix partial 2026-06-16,docs/lyris_swebench_osl32k_temp01_core_matrix_20260616_partial_metrics.csv,Lyris SWE temp0/temp1 core matrix partial 2026-06-16,45,/home/sna/vllm-runs/swe_temp01_core_20260616_home_retry/qwen235b_swe_verified_osl32k_temp01_suffix_offset0_n4_isl4096_osl32768_bs1_2_k32_arctic_20260616_swe_temp01_core_home_retry_qwen235b_t10/breakdown.json,True
SWE,Qwen3-30B-A3B,0.0,1.0,2,4096,32768,baseline,,COMPLETED,39.68636954880795,,1.0232736146979842,,,Lyris SWE temp0/temp1 core matrix partial 2026-06-16,docs/lyris_swebench_osl32k_temp01_core_matrix_20260616_partial_metrics.csv,Lyris SWE temp0/temp1 core matrix partial 2026-06-16,45,/home/sna/vllm-runs/swe_temp01_core_20260616_home_retry/qwen30ba3b_swe_verified_osl32k_temp01_baseline_offset0_n4_isl4096_osl32768_bs1_2_20260616_swe_temp01_core_home_mount_qwen30ba3b_baseline_t00/breakdown.json,True
SWE,Qwen3-30B-A3B,0.0,1.0,2,4096,32768,eagle3_k3,,COMPLETED,43.49920054220563,,1.1215836742273204,12.362504227286832,1.370875126818605,Lyris SWE temp0/temp1 core matrix partial 2026-06-16,docs/lyris_swebench_osl32k_temp01_core_matrix_20260616_partial_metrics.csv,Lyris SWE temp0/temp1 core matrix partial 2026-06-16,45,/home/sna/vllm-runs/swe_temp01_core_20260616_home_retry/qwen30ba3b_swe_verified_osl32k_temp01_eagle3_offset0_n4_isl4096_osl32768_bs1_2_k3_20260616_swe_temp01_core_home_retry_qwen30ba3b_t00/breakdown.json,True
SWE,Qwen3-30B-A3B,0.0,1.0,2,4096,32768,suffix_k32,,COMPLETED,309.8629730526047,,7.989508944794037,90.61628748786988,9.879178929892085,Lyris SWE temp0/temp1 core matrix partial 2026-06-16,docs/lyris_swebench_osl32k_temp01_core_matrix_20260616_partial_metrics.csv,Lyris SWE temp0/temp1 core matrix partial 2026-06-16,45,/home/sna/vllm-runs/swe_temp01_core_20260616_home_retry/qwen30ba3b_swe_verified_osl32k_temp01_suffix_offset0_n4_isl4096_osl32768_bs1_2_k32_arctic_20260616_swe_temp01_core_home_retry_qwen30ba3b_t00/breakdown.json,True
SWE,Qwen3-30B-A3B,1.0,1.0,2,4096,32768,baseline,,COMPLETED,38.78373191565313,,1.0,,,Lyris SWE temp0/temp1 core matrix partial 2026-06-16,docs/lyris_swebench_osl32k_temp01_core_matrix_20260616_partial_metrics.csv,Lyris SWE temp0/temp1 core matrix partial 2026-06-16,45,/home/sna/vllm-runs/swe_temp01_core_20260616_home_retry/qwen30ba3b_swe_verified_osl32k_temp01_baseline_offset0_n4_isl4096_osl32768_bs1_2_20260616_swe_temp01_core_home_retry_qwen30ba3b_t10/breakdown.json,True
SWE,Qwen3-30B-A3B,1.0,1.0,2,4096,32768,eagle3_k3,,COMPLETED,40.29682475333975,,1.0390135957255815,10.766124962147977,1.3229837488644394,Lyris SWE temp0/temp1 core matrix partial 2026-06-16,docs/lyris_swebench_osl32k_temp01_core_matrix_20260616_partial_metrics.csv,Lyris SWE temp0/temp1 core matrix partial 2026-06-16,45,/home/sna/vllm-runs/swe_temp01_core_20260616_home_retry/qwen30ba3b_swe_verified_osl32k_temp01_eagle3_offset0_n4_isl4096_osl32768_bs1_2_k3_20260616_swe_temp01_core_home_retry_qwen30ba3b_t10/breakdown.json,True
SWE,Qwen3-30B-A3B,1.0,1.0,2,4096,32768,suffix_k32,,COMPLETED,306.9117083096725,,7.913413515160022,90.41591460155396,9.290148448043183,Lyris SWE temp0/temp1 core matrix partial 2026-06-16,docs/lyris_swebench_osl32k_temp01_core_matrix_20260616_partial_metrics.csv,Lyris SWE temp0/temp1 core matrix partial 2026-06-16,45,/home/sna/vllm-runs/swe_temp01_core_20260616_home_retry/qwen30ba3b_swe_verified_osl32k_temp01_suffix_offset0_n4_isl4096_osl32768_bs1_2_k32_arctic_20260616_swe_temp01_core_home_retry_qwen30ba3b_t10/breakdown.json,True
SWE,Qwen3-32B,0.0,1.0,2,4096,32768,baseline,,COMPLETED,16.352177242784446,,0.9973199885712436,,,Lyris SWE temp0/temp1 core matrix partial 2026-06-16,docs/lyris_swebench_osl32k_temp01_core_matrix_20260616_partial_metrics.csv,Lyris SWE temp0/temp1 core matrix partial 2026-06-16,45,/home/sna/vllm-runs/swe_temp01_core_20260616_home_retry/qwen32_swe_verified_osl32k_temp01_baseline_offset0_n4_isl4096_osl32768_bs1_2_20260616_swe_temp01_core_home_mount_qwen32_baseline_t00/breakdown.json,True
SWE,Qwen3-32B,0.0,1.0,2,4096,32768,eagle3_k3,,COMPLETED,39.24110314917252,,2.393316557373106,71.33320557046122,3.139996167113837,Lyris SWE temp0/temp1 core matrix partial 2026-06-16,docs/lyris_swebench_osl32k_temp01_core_matrix_20260616_partial_metrics.csv,Lyris SWE temp0/temp1 core matrix partial 2026-06-16,45,/home/sna/vllm-runs/swe_temp01_core_20260616_home_retry/qwen32_swe_verified_osl32k_temp01_eagle3_offset0_n4_isl4096_osl32768_bs1_2_k3_20260616_swe_temp01_core_home_retry2_qwen32_t00/breakdown.json,True
SWE,Qwen3-32B,0.0,1.0,2,4096,32768,eagle3_k3,,COMPLETED,39.24110314917252,,2.393316557373106,71.33320557046122,3.139996167113837,Lyris SWE temp0/temp1 core matrix partial 2026-06-16,docs/lyris_swebench_osl32k_temp01_core_matrix_20260616_partial_metrics.csv,Lyris SWE temp0/temp1 core matrix partial 2026-06-16,45,/home/sna/vllm-runs/swe_temp01_core_20260616_home_retry/qwen32_swe_verified_osl32k_temp01_eagle3_offset0_n4_isl4096_osl32768_bs1_2_k3_20260616_swe_temp01_core_home_retry2_qwen32_t00/breakdown.json,True
SWE,Qwen3-32B,0.0,1.0,2,4096,32768,eagle3_k3,,COMPLETED,39.24110314917252,,2.393316557373106,71.33320557046122,3.139996167113837,Lyris SWE temp0/temp1 core matrix partial 2026-06-16,docs/lyris_swebench_osl32k_temp01_core_matrix_20260616_partial_metrics.csv,Lyris SWE temp0/temp1 core matrix partial 2026-06-16,45,/home/sna/vllm-runs/swe_temp01_core_20260616_home_retry/qwen32_swe_verified_osl32k_temp01_eagle3_offset0_n4_isl4096_osl32768_bs1_2_k3_20260616_swe_temp01_core_home_retry2_qwen32_t00/breakdown.json,True
SWE,Qwen3-32B,0.0,1.0,2,4096,32768,suffix_k32,,COMPLETED,106.69867716108004,,6.507556878018232,86.77304377904441,8.439623493004964,Lyris SWE temp0/temp1 core matrix partial 2026-06-16,docs/lyris_swebench_osl32k_temp01_core_matrix_20260616_partial_metrics.csv,Lyris SWE temp0/temp1 core matrix partial 2026-06-16,45,/home/sna/vllm-runs/swe_temp01_core_20260616_home_retry/qwen32_swe_verified_osl32k_temp01_suffix_offset0_n4_isl4096_osl32768_bs1_2_k32_arctic_20260616_swe_temp01_core_home_retry_qwen32_t00/breakdown.json,True
SWE,Qwen3-32B,1.0,1.0,2,4096,32768,baseline,,COMPLETED,16.396119029169874,,1.0,,,Lyris SWE temp0/temp1 core matrix partial 2026-06-16,docs/lyris_swebench_osl32k_temp01_core_matrix_20260616_partial_metrics.csv,Lyris SWE temp0/temp1 core matrix partial 2026-06-16,45,/home/sna/vllm-runs/swe_temp01_core_20260616_home_retry/qwen32_swe_verified_osl32k_temp01_baseline_offset0_n4_isl4096_osl32768_bs1_2_20260616_swe_temp01_core_home_retry_qwen32_t10/breakdown.json,True
SWE,Qwen3-32B,1.0,1.0,2,4096,32768,eagle3_k3,,COMPLETED,29.725902224223283,,1.812984046489219,48.80404063191272,2.4641212189573816,Lyris SWE temp0/temp1 core matrix partial 2026-06-16,docs/lyris_swebench_osl32k_temp01_core_matrix_20260616_partial_metrics.csv,Lyris SWE temp0/temp1 core matrix partial 2026-06-16,45,/home/sna/vllm-runs/swe_temp01_core_20260616_home_retry/qwen32_swe_verified_osl32k_temp01_eagle3_offset0_n4_isl4096_osl32768_bs1_2_k3_20260616_swe_temp01_core_home_retry_qwen32_t10/breakdown.json,True
SWE,Qwen3-32B,1.0,1.0,2,4096,32768,suffix_k32,,COMPLETED,39.59719572537346,,2.415034658807197,62.33081798589964,4.057471622801547,Lyris SWE temp0/temp1 core matrix partial 2026-06-16,docs/lyris_swebench_osl32k_temp01_core_matrix_20260616_partial_metrics.csv,Lyris SWE temp0/temp1 core matrix partial 2026-06-16,45,/home/sna/vllm-runs/swe_temp01_core_20260616_home_retry/qwen32_swe_verified_osl32k_temp01_suffix_offset0_n4_isl4096_osl32768_bs1_2_k32_arctic_20260616_swe_temp01_core_home_retry_qwen32_t10/breakdown.json,True
Math,Qwen3-8B,0.0,1.0,1,4096,32768,baseline,,COMPLETED,41.49459504670476,,1.0,,,local OCI-HSG Qwen8 PARD-1 temp0/temp1 final breakdown,docs/oci_hsg_qwen8_pard1_standalone_temp01_20260616_r4_noprof_metrics.csv,OCI-HSG Qwen8 PARD-1 temp0/temp1 r4 no-profiler 2026-06-16,50,/lustre/fs1/portfolios/coreai/projects/coreai_dlalgo_nemorl/users/sna/SpecDec-RL-main-vllm020-20260606/vllm-runs/oci_qwen8_pard1_temp01_20260616_r4_noprof/qwen8_math_osl32k_oci_temp01_t00_baseline_pard1_k3_k5_offset0_n4_isl4096_osl32768_bs1_2_20260616_r4_noprof/baseline/breakdown.json,True
Math,Qwen3-8B,0.0,1.0,1,4096,32768,pard_k3,,COMPLETED,47.08771936377879,,1.1347916351702825,62.28033701717912,2.8684101105153736,local OCI-HSG Qwen8 PARD-1 temp0/temp1 final breakdown,docs/oci_hsg_qwen8_pard1_standalone_temp01_20260616_r4_noprof_metrics.csv,OCI-HSG Qwen8 PARD-1 temp0/temp1 r4 no-profiler 2026-06-16,50,/lustre/fs1/portfolios/coreai/projects/coreai_dlalgo_nemorl/users/sna/SpecDec-RL-main-vllm020-20260606/vllm-runs/oci_qwen8_pard1_temp01_20260616_r4_noprof/qwen8_math_osl32k_oci_temp01_t00_baseline_pard1_k3_k5_offset0_n4_isl4096_osl32768_bs1_2_20260616_r4_noprof/pard_k3/breakdown.json,True
Math,Qwen3-8B,0.0,1.0,1,4096,32768,pard_k5,,COMPLETED,50.93984462618893,,1.227626021385507,43.66272433640139,3.1831362168200696,local OCI-HSG Qwen8 PARD-1 temp0/temp1 final breakdown,docs/oci_hsg_qwen8_pard1_standalone_temp01_20260616_r4_noprof_metrics.csv,OCI-HSG Qwen8 PARD-1 temp0/temp1 r4 no-profiler 2026-06-16,50,/lustre/fs1/portfolios/coreai/projects/coreai_dlalgo_nemorl/users/sna/SpecDec-RL-main-vllm020-20260606/vllm-runs/oci_qwen8_pard1_temp01_20260616_r4_noprof/qwen8_math_osl32k_oci_temp01_t00_baseline_pard1_k3_k5_offset0_n4_isl4096_osl32768_bs1_2_20260616_r4_noprof/pard_k5/breakdown.json,True
Math,Qwen3-8B,0.0,1.0,2,4096,32768,baseline,,COMPLETED,84.10036574375304,,1.0,,,local OCI-HSG Qwen8 PARD-1 temp0/temp1 final breakdown,docs/oci_hsg_qwen8_pard1_standalone_temp01_20260616_r4_noprof_metrics.csv,OCI-HSG Qwen8 PARD-1 temp0/temp1 r4 no-profiler 2026-06-16,50,/lustre/fs1/portfolios/coreai/projects/coreai_dlalgo_nemorl/users/sna/SpecDec-RL-main-vllm020-20260606/vllm-runs/oci_qwen8_pard1_temp01_20260616_r4_noprof/qwen8_math_osl32k_oci_temp01_t00_baseline_pard1_k3_k5_offset0_n4_isl4096_osl32768_bs1_2_20260616_r4_noprof/baseline/breakdown.json,True
Math,Qwen3-8B,0.0,1.0,2,4096,32768,pard_k3,,COMPLETED,78.84784161043507,,0.9375445744276312,66.76594802239177,3.002978440671753,local OCI-HSG Qwen8 PARD-1 temp0/temp1 final breakdown,docs/oci_hsg_qwen8_pard1_standalone_temp01_20260616_r4_noprof_metrics.csv,OCI-HSG Qwen8 PARD-1 temp0/temp1 r4 no-profiler 2026-06-16,50,/lustre/fs1/portfolios/coreai/projects/coreai_dlalgo_nemorl/users/sna/SpecDec-RL-main-vllm020-20260606/vllm-runs/oci_qwen8_pard1_temp01_20260616_r4_noprof/qwen8_math_osl32k_oci_temp01_t00_baseline_pard1_k3_k5_offset0_n4_isl4096_osl32768_bs1_2_20260616_r4_noprof/pard_k3/breakdown.json,True
Math,Qwen3-8B,0.0,1.0,2,4096,32768,pard_k5,,COMPLETED,90.0875844808464,,1.0711913519536398,48.75780307401773,3.4378901537008866,local OCI-HSG Qwen8 PARD-1 temp0/temp1 final breakdown,docs/oci_hsg_qwen8_pard1_standalone_temp01_20260616_r4_noprof_metrics.csv,OCI-HSG Qwen8 PARD-1 temp0/temp1 r4 no-profiler 2026-06-16,50,/lustre/fs1/portfolios/coreai/projects/coreai_dlalgo_nemorl/users/sna/SpecDec-RL-main-vllm020-20260606/vllm-runs/oci_qwen8_pard1_temp01_20260616_r4_noprof/qwen8_math_osl32k_oci_temp01_t00_baseline_pard1_k3_k5_offset0_n4_isl4096_osl32768_bs1_2_20260616_r4_noprof/pard_k5/breakdown.json,True
Math,Qwen3-8B,1.0,1.0,1,4096,32768,baseline,,COMPLETED,41.80279582974137,,1.0,,,local OCI-HSG Qwen8 PARD-1 temp0/temp1 final breakdown,docs/oci_hsg_qwen8_pard1_standalone_temp01_20260616_r4_noprof_metrics.csv,OCI-HSG Qwen8 PARD-1 temp0/temp1 r4 no-profiler 2026-06-16,50,/lustre/fs1/portfolios/coreai/projects/coreai_dlalgo_nemorl/users/sna/SpecDec-RL-main-vllm020-20260606/vllm-runs/oci_qwen8_pard1_temp01_20260616_r4_noprof/qwen8_math_osl32k_oci_temp01_t10_baseline_pard1_k3_k5_offset0_n4_isl4096_osl32768_bs1_2_20260616_r4_noprof/baseline/breakdown.json,True
Math,Qwen3-8B,1.0,1.0,1,4096,32768,pard_k3,,COMPLETED,38.433501778810566,,0.9194002701481117,47.578305369334664,2.42734916108004,local OCI-HSG Qwen8 PARD-1 temp0/temp1 final breakdown,docs/oci_hsg_qwen8_pard1_standalone_temp01_20260616_r4_noprof_metrics.csv,OCI-HSG Qwen8 PARD-1 temp0/temp1 r4 no-profiler 2026-06-16,50,/lustre/fs1/portfolios/coreai/projects/coreai_dlalgo_nemorl/users/sna/SpecDec-RL-main-vllm020-20260606/vllm-runs/oci_qwen8_pard1_temp01_20260616_r4_noprof/qwen8_math_osl32k_oci_temp01_t10_baseline_pard1_k3_k5_offset0_n4_isl4096_osl32768_bs1_2_20260616_r4_noprof/pard_k3/breakdown.json,True
Math,Qwen3-8B,1.0,1.0,1,4096,32768,pard_k5,,COMPLETED,51.95564863038211,,1.2428749704204545,46.31083679044824,3.315541839522412,local OCI-HSG Qwen8 PARD-1 temp0/temp1 final breakdown,docs/oci_hsg_qwen8_pard1_standalone_temp01_20260616_r4_noprof_metrics.csv,OCI-HSG Qwen8 PARD-1 temp0/temp1 r4 no-profiler 2026-06-16,50,/lustre/fs1/portfolios/coreai/projects/coreai_dlalgo_nemorl/users/sna/SpecDec-RL-main-vllm020-20260606/vllm-runs/oci_qwen8_pard1_temp01_20260616_r4_noprof/qwen8_math_osl32k_oci_temp01_t10_baseline_pard1_k3_k5_offset0_n4_isl4096_osl32768_bs1_2_20260616_r4_noprof/pard_k5/breakdown.json,True
Math,Qwen3-8B,1.0,1.0,2,4096,32768,baseline,,COMPLETED,83.73957226766403,,1.0,,,local OCI-HSG Qwen8 PARD-1 temp0/temp1 final breakdown,docs/oci_hsg_qwen8_pard1_standalone_temp01_20260616_r4_noprof_metrics.csv,OCI-HSG Qwen8 PARD-1 temp0/temp1 r4 no-profiler 2026-06-16,50,/lustre/fs1/portfolios/coreai/projects/coreai_dlalgo_nemorl/users/sna/SpecDec-RL-main-vllm020-20260606/vllm-runs/oci_qwen8_pard1_temp01_20260616_r4_noprof/qwen8_math_osl32k_oci_temp01_t10_baseline_pard1_k3_k5_offset0_n4_isl4096_osl32768_bs1_2_20260616_r4_noprof/baseline/breakdown.json,True
Math,Qwen3-8B,1.0,1.0,2,4096,32768,pard_k3,,COMPLETED,72.02663030473587,,0.8601265608870192,46.32171963025762,2.389651588907729,local OCI-HSG Qwen8 PARD-1 temp0/temp1 final breakdown,docs/oci_hsg_qwen8_pard1_standalone_temp01_20260616_r4_noprof_metrics.csv,OCI-HSG Qwen8 PARD-1 temp0/temp1 r4 no-profiler 2026-06-16,50,/lustre/fs1/portfolios/coreai/projects/coreai_dlalgo_nemorl/users/sna/SpecDec-RL-main-vllm020-20260606/vllm-runs/oci_qwen8_pard1_temp01_20260616_r4_noprof/qwen8_math_osl32k_oci_temp01_t10_baseline_pard1_k3_k5_offset0_n4_isl4096_osl32768_bs1_2_20260616_r4_noprof/pard_k3/breakdown.json,True
Math,Qwen3-8B,1.0,1.0,2,4096,32768,pard_k5,,COMPLETED,80.81415085074033,,0.9650652452872232,39.44712792253441,2.9723563961267203,local OCI-HSG Qwen8 PARD-1 temp0/temp1 final breakdown,docs/oci_hsg_qwen8_pard1_standalone_temp01_20260616_r4_noprof_metrics.csv,OCI-HSG Qwen8 PARD-1 temp0/temp1 r4 no-profiler 2026-06-16,50,/lustre/fs1/portfolios/coreai/projects/coreai_dlalgo_nemorl/users/sna/SpecDec-RL-main-vllm020-20260606/vllm-runs/oci_qwen8_pard1_temp01_20260616_r4_noprof/qwen8_math_osl32k_oci_temp01_t10_baseline_pard1_k3_k5_offset0_n4_isl4096_osl32768_bs1_2_20260616_r4_noprof/pard_k5/breakdown.json,True
SWE,Qwen3-8B,0.0,1.0,1,4096,32768,baseline,,COMPLETED,42.26059745667141,,1.0,,,local OCI-HSG Qwen8 PARD-1 temp0/temp1 final breakdown,docs/oci_hsg_qwen8_pard1_standalone_temp01_20260616_r4_noprof_metrics.csv,OCI-HSG Qwen8 PARD-1 temp0/temp1 r4 no-profiler 2026-06-16,50,/lustre/fs1/portfolios/coreai/projects/coreai_dlalgo_nemorl/users/sna/SpecDec-RL-main-vllm020-20260606/vllm-runs/oci_qwen8_pard1_temp01_20260616_r4_noprof/qwen8_swe_osl32k_oci_temp01_t00_baseline_pard1_k3_k5_offset0_n4_isl4096_osl32768_bs1_2_20260616_r4_noprof/baseline/breakdown.json,True
SWE,Qwen3-8B,0.0,1.0,1,4096,32768,pard_k3,,COMPLETED,54.00336113279522,,1.2778655386536677,78.41036002625813,3.352310800787744,local OCI-HSG Qwen8 PARD-1 temp0/temp1 final breakdown,docs/oci_hsg_qwen8_pard1_standalone_temp01_20260616_r4_noprof_metrics.csv,OCI-HSG Qwen8 PARD-1 temp0/temp1 r4 no-profiler 2026-06-16,50,/lustre/fs1/portfolios/coreai/projects/coreai_dlalgo_nemorl/users/sna/SpecDec-RL-main-vllm020-20260606/vllm-runs/oci_qwen8_pard1_temp01_20260616_r4_noprof/qwen8_swe_osl32k_oci_temp01_t00_baseline_pard1_k3_k5_offset0_n4_isl4096_osl32768_bs1_2_20260616_r4_noprof/pard_k3/breakdown.json,True
SWE,Qwen3-8B,0.0,1.0,1,4096,32768,pard_k5,,COMPLETED,62.5349650709006,,1.4797463555742656,60.55683599151839,4.02784179957592,local OCI-HSG Qwen8 PARD-1 temp0/temp1 final breakdown,docs/oci_hsg_qwen8_pard1_standalone_temp01_20260616_r4_noprof_metrics.csv,OCI-HSG Qwen8 PARD-1 temp0/temp1 r4 no-profiler 2026-06-16,50,/lustre/fs1/portfolios/coreai/projects/coreai_dlalgo_nemorl/users/sna/SpecDec-RL-main-vllm020-20260606/vllm-runs/oci_qwen8_pard1_temp01_20260616_r4_noprof/qwen8_swe_osl32k_oci_temp01_t00_baseline_pard1_k3_k5_offset0_n4_isl4096_osl32768_bs1_2_20260616_r4_noprof/pard_k5/breakdown.json,True
SWE,Qwen3-8B,0.0,1.0,2,4096,32768,baseline,,COMPLETED,74.13422078465126,,1.0,,,local OCI-HSG Qwen8 PARD-1 temp0/temp1 final breakdown,docs/oci_hsg_qwen8_pard1_standalone_temp01_20260616_r4_noprof_metrics.csv,OCI-HSG Qwen8 PARD-1 temp0/temp1 r4 no-profiler 2026-06-16,50,/lustre/fs1/portfolios/coreai/projects/coreai_dlalgo_nemorl/users/sna/SpecDec-RL-main-vllm020-20260606/vllm-runs/oci_qwen8_pard1_temp01_20260616_r4_noprof/qwen8_swe_osl32k_oci_temp01_t00_baseline_pard1_k3_k5_offset0_n4_isl4096_osl32768_bs1_2_20260616_r4_noprof/baseline/breakdown.json,True
SWE,Qwen3-8B,0.0,1.0,2,4096,32768,pard_k3,,COMPLETED,82.18013176305921,,1.1085316725966554,66.70559142739387,3.001167742821816,local OCI-HSG Qwen8 PARD-1 temp0/temp1 final breakdown,docs/oci_hsg_qwen8_pard1_standalone_temp01_20260616_r4_noprof_metrics.csv,OCI-HSG Qwen8 PARD-1 temp0/temp1 r4 no-profiler 2026-06-16,50,/lustre/fs1/portfolios/coreai/projects/coreai_dlalgo_nemorl/users/sna/SpecDec-RL-main-vllm020-20260606/vllm-runs/oci_qwen8_pard1_temp01_20260616_r4_noprof/qwen8_swe_osl32k_oci_temp01_t00_baseline_pard1_k3_k5_offset0_n4_isl4096_osl32768_bs1_2_20260616_r4_noprof/pard_k3/breakdown.json,True
SWE,Qwen3-8B,0.0,1.0,2,4096,32768,pard_k5,,COMPLETED,70.67054388947791,,0.95327829902961,40.51573285315234,3.025786642657617,local OCI-HSG Qwen8 PARD-1 temp0/temp1 final breakdown,docs/oci_hsg_qwen8_pard1_standalone_temp01_20260616_r4_noprof_metrics.csv,OCI-HSG Qwen8 PARD-1 temp0/temp1 r4 no-profiler 2026-06-16,50,/lustre/fs1/portfolios/coreai/projects/coreai_dlalgo_nemorl/users/sna/SpecDec-RL-main-vllm020-20260606/vllm-runs/oci_qwen8_pard1_temp01_20260616_r4_noprof/qwen8_swe_osl32k_oci_temp01_t00_baseline_pard1_k3_k5_offset0_n4_isl4096_osl32768_bs1_2_20260616_r4_noprof/pard_k5/breakdown.json,True
SWE,Qwen3-8B,1.0,1.0,1,4096,32768,baseline,,COMPLETED,41.07325776834336,,1.0,,,local OCI-HSG Qwen8 PARD-1 temp0/temp1 final breakdown,docs/oci_hsg_qwen8_pard1_standalone_temp01_20260616_r4_noprof_metrics.csv,OCI-HSG Qwen8 PARD-1 temp0/temp1 r4 no-profiler 2026-06-16,50,/lustre/fs1/portfolios/coreai/projects/coreai_dlalgo_nemorl/users/sna/SpecDec-RL-main-vllm020-20260606/vllm-runs/oci_qwen8_pard1_temp01_20260616_r4_noprof/qwen8_swe_osl32k_oci_temp01_t10_baseline_pard1_k3_k5_offset0_n4_isl4096_osl32768_bs1_2_20260616_r4_noprof/baseline/breakdown.json,True
SWE,Qwen3-8B,1.0,1.0,1,4096,32768,pard_k3,,COMPLETED,44.124743826601545,,1.0742937430351598,60.320250369766995,2.80960751109301,local OCI-HSG Qwen8 PARD-1 temp0/temp1 final breakdown,docs/oci_hsg_qwen8_pard1_standalone_temp01_20260616_r4_noprof_metrics.csv,OCI-HSG Qwen8 PARD-1 temp0/temp1 r4 no-profiler 2026-06-16,50,/lustre/fs1/portfolios/coreai/projects/coreai_dlalgo_nemorl/users/sna/SpecDec-RL-main-vllm020-20260606/vllm-runs/oci_qwen8_pard1_temp01_20260616_r4_noprof/qwen8_swe_osl32k_oci_temp01_t10_baseline_pard1_k3_k5_offset0_n4_isl4096_osl32768_bs1_2_20260616_r4_noprof/pard_k3/breakdown.json,True
SWE,Qwen3-8B,1.0,1.0,1,4096,32768,pard_k5,,COMPLETED,56.097350774200386,,1.3657877125450866,52.448940109996414,3.62244700549982,local OCI-HSG Qwen8 PARD-1 temp0/temp1 final breakdown,docs/oci_hsg_qwen8_pard1_standalone_temp01_20260616_r4_noprof_metrics.csv,OCI-HSG Qwen8 PARD-1 temp0/temp1 r4 no-profiler 2026-06-16,50,/lustre/fs1/portfolios/coreai/projects/coreai_dlalgo_nemorl/users/sna/SpecDec-RL-main-vllm020-20260606/vllm-runs/oci_qwen8_pard1_temp01_20260616_r4_noprof/qwen8_swe_osl32k_oci_temp01_t10_baseline_pard1_k3_k5_offset0_n4_isl4096_osl32768_bs1_2_20260616_r4_noprof/pard_k5/breakdown.json,True
SWE,Qwen3-8B,1.0,1.0,2,4096,32768,baseline,,COMPLETED,79.75734663992445,,1.0,,,local OCI-HSG Qwen8 PARD-1 temp0/temp1 final breakdown,docs/oci_hsg_qwen8_pard1_standalone_temp01_20260616_r4_noprof_metrics.csv,OCI-HSG Qwen8 PARD-1 temp0/temp1 r4 no-profiler 2026-06-16,50,/lustre/fs1/portfolios/coreai/projects/coreai_dlalgo_nemorl/users/sna/SpecDec-RL-main-vllm020-20260606/vllm-runs/oci_qwen8_pard1_temp01_20260616_r4_noprof/qwen8_swe_osl32k_oci_temp01_t10_baseline_pard1_k3_k5_offset0_n4_isl4096_osl32768_bs1_2_20260616_r4_noprof/baseline/breakdown.json,True
SWE,Qwen3-8B,1.0,1.0,2,4096,32768,pard_k3,,COMPLETED,68.99731219080493,,0.8650903659358532,54.565939040337994,2.63697817121014,local OCI-HSG Qwen8 PARD-1 temp0/temp1 final breakdown,docs/oci_hsg_qwen8_pard1_standalone_temp01_20260616_r4_noprof_metrics.csv,OCI-HSG Qwen8 PARD-1 temp0/temp1 r4 no-profiler 2026-06-16,50,/lustre/fs1/portfolios/coreai/projects/coreai_dlalgo_nemorl/users/sna/SpecDec-RL-main-vllm020-20260606/vllm-runs/oci_qwen8_pard1_temp01_20260616_r4_noprof/qwen8_swe_osl32k_oci_temp01_t10_baseline_pard1_k3_k5_offset0_n4_isl4096_osl32768_bs1_2_20260616_r4_noprof/pard_k3/breakdown.json,True
SWE,Qwen3-8B,1.0,1.0,2,4096,32768,pard_k5,,COMPLETED,79.59757189487043,,0.9979967394630698,47.89308746212219,3.3946543731061096,local OCI-HSG Qwen8 PARD-1 temp0/temp1 final breakdown,docs/oci_hsg_qwen8_pard1_standalone_temp01_20260616_r4_noprof_metrics.csv,OCI-HSG Qwen8 PARD-1 temp0/temp1 r4 no-profiler 2026-06-16,50,/lustre/fs1/portfolios/coreai/projects/coreai_dlalgo_nemorl/users/sna/SpecDec-RL-main-vllm020-20260606/vllm-runs/oci_qwen8_pard1_temp01_20260616_r4_noprof/qwen8_swe_osl32k_oci_temp01_t10_baseline_pard1_k3_k5_offset0_n4_isl4096_osl32768_bs1_2_20260616_r4_noprof/pard_k5/breakdown.json,True
