model,bench,variant,k,sample_method,tp,tag,step,finished_s,output_tokens
Nemotron3-Super-120B (FP8) (40K),openmath,baseline,0,-,4,nemotron3_super_32k_openmath_rollout_baseline_20260713,0,12.535702027998923,14159
Nemotron3-Super-120B (FP8) (40K),openmath,baseline,0,-,4,nemotron3_super_32k_openmath_rollout_baseline_20260713,0,79.50290085699817,132791
Nemotron3-Super-120B (FP8) (40K),openmath,baseline,0,-,4,nemotron3_super_32k_openmath_rollout_baseline_20260713,0,188.09165645699977,373673
Nemotron3-Super-120B (FP8) (40K),openmath,baseline,0,-,4,nemotron3_super_32k_openmath_rollout_baseline_20260713,0,41.281557428999804,62280
Nemotron3-Super-120B (FP8) (40K),openmath,baseline,0,-,4,nemotron3_super_32k_openmath_rollout_baseline_20260713,1,292.32608786700075,984609
Nemotron3-Super-120B (FP8) (40K),openmath,baseline,0,-,4,nemotron3_super_32k_openmath_rollout_baseline_20260713,1,19.702467979001085,38097
Nemotron3-Super-120B (FP8) (40K),openmath,baseline,0,-,4,nemotron3_super_32k_openmath_rollout_baseline_20260713,1,292.32608786700075,219492
Nemotron3-Super-120B (FP8) (40K),openmath,baseline,0,-,4,nemotron3_super_32k_openmath_rollout_baseline_20260713,1,292.32608786700075,345817
Nemotron3-Super-120B (FP8) (40K),openmath,dynamic,3,greedy,4,nemotron3_super_32k_openmath_rollout_dynamic_20260713,0,6.565623346999928,13274
Nemotron3-Super-120B (FP8) (40K),openmath,dynamic,3,greedy,4,nemotron3_super_32k_openmath_rollout_dynamic_20260713,0,51.6858950800015,118745
Nemotron3-Super-120B (FP8) (40K),openmath,dynamic,3,greedy,4,nemotron3_super_32k_openmath_rollout_dynamic_20260713,0,224.14874205100205,463523
Nemotron3-Super-120B (FP8) (40K),openmath,dynamic,3,greedy,4,nemotron3_super_32k_openmath_rollout_dynamic_20260713,0,22.48014384900307,61959
Nemotron3-Super-120B (FP8) (40K),openmath,dynamic,3,greedy,4,nemotron3_super_32k_openmath_rollout_dynamic_20260713,1,256.96642485499615,969973
Nemotron3-Super-120B (FP8) (40K),openmath,dynamic,3,greedy,4,nemotron3_super_32k_openmath_rollout_dynamic_20260713,1,12.548894907995418,33183
Nemotron3-Super-120B (FP8) (40K),openmath,dynamic,3,greedy,4,nemotron3_super_32k_openmath_rollout_dynamic_20260713,1,148.81107033199805,201169
Nemotron3-Super-120B (FP8) (40K),openmath,dynamic,3,greedy,4,nemotron3_super_32k_openmath_rollout_dynamic_20260713,1,256.8864215939975,397565
Nemotron3-Super-120B (FP8) (40K),openmath,fixed_k3,3,greedy,4,nemotron3_super_32k_openmath_rollout_fixed_k3_20260713,0,7.6401967630008585,13741
Nemotron3-Super-120B (FP8) (40K),openmath,fixed_k3,3,greedy,4,nemotron3_super_32k_openmath_rollout_fixed_k3_20260713,0,222.69230546399922,196180
Nemotron3-Super-120B (FP8) (40K),openmath,fixed_k3,3,greedy,4,nemotron3_super_32k_openmath_rollout_fixed_k3_20260713,0,222.42883950400574,436413
Nemotron3-Super-120B (FP8) (40K),openmath,fixed_k3,3,greedy,4,nemotron3_super_32k_openmath_rollout_fixed_k3_20260713,0,23.936447758002032,59985
Nemotron3-Super-120B (FP8) (40K),openmath,fixed_k3,3,greedy,4,nemotron3_super_32k_openmath_rollout_fixed_k3_20260713,1,252.56947513100022,894347
Nemotron3-Super-120B (FP8) (40K),openmath,fixed_k3,3,greedy,4,nemotron3_super_32k_openmath_rollout_fixed_k3_20260713,1,12.019618820995674,36667
Nemotron3-Super-120B (FP8) (40K),openmath,fixed_k3,3,greedy,4,nemotron3_super_32k_openmath_rollout_fixed_k3_20260713,1,252.4499962789996,219726
Nemotron3-Super-120B (FP8) (40K),openmath,fixed_k3,3,greedy,4,nemotron3_super_32k_openmath_rollout_fixed_k3_20260713,1,252.77846582599886,362022
Nemotron3-Super-120B (FP8) (40K),openmath,baseline,0,-,4,nemotron3_super_64k_openmath_rollout_baseline_20260713r2,0,4.310987126002146,368
Nemotron3-Super-120B (FP8) (40K),openmath,baseline,0,-,4,nemotron3_super_64k_openmath_rollout_baseline_20260713r2,0,6.397892773002241,613
Nemotron3-Super-120B (FP8) (40K),openmath,baseline,0,-,4,nemotron3_super_64k_openmath_rollout_baseline_20260713r2,0,4.233175301000301,357
Nemotron3-Super-120B (FP8) (40K),openmath,baseline,0,-,4,nemotron3_super_64k_openmath_rollout_baseline_20260713r2,0,6.59810501299944,637
Nemotron3-Super-120B (FP8) (40K),openmath,baseline,0,-,4,nemotron3_super_64k_openmath_rollout_baseline_20260713r2,0,3.615314288999798,288
Nemotron3-Super-120B (FP8) (40K),openmath,baseline,0,-,4,nemotron3_super_64k_openmath_rollout_baseline_20260713r2,0,3.3845428570020886,263
Nemotron3-Super-120B (FP8) (40K),openmath,baseline,0,-,4,nemotron3_super_64k_openmath_rollout_baseline_20260713r2,0,3.778880689002108,306
Nemotron3-Super-120B (FP8) (40K),openmath,baseline,0,-,4,nemotron3_super_64k_openmath_rollout_baseline_20260713r2,0,4.215580063999369,355
Nemotron3-Super-120B (FP8) (40K),openmath,baseline,0,-,4,nemotron3_super_64k_openmath_rollout_baseline_20260713r2,0,2.9411454719993344,215
Nemotron3-Super-120B (FP8) (40K),openmath,baseline,0,-,4,nemotron3_super_64k_openmath_rollout_baseline_20260713r2,0,3.787965876999806,307
Nemotron3-Super-120B (FP8) (40K),openmath,baseline,0,-,4,nemotron3_super_64k_openmath_rollout_baseline_20260713r2,0,3.8331800060004753,312
Nemotron3-Super-120B (FP8) (40K),openmath,baseline,0,-,4,nemotron3_super_64k_openmath_rollout_baseline_20260713r2,0,3.787965876999806,307
Nemotron3-Super-120B (FP8) (40K),openmath,baseline,0,-,4,nemotron3_super_64k_openmath_rollout_baseline_20260713r2,0,3.1539980490015296,238
Nemotron3-Super-120B (FP8) (40K),openmath,baseline,0,-,4,nemotron3_super_64k_openmath_rollout_baseline_20260713r2,0,3.412150197000301,266
Nemotron3-Super-120B (FP8) (40K),openmath,baseline,0,-,4,nemotron3_super_64k_openmath_rollout_baseline_20260713r2,0,4.397709482000209,376
Nemotron3-Super-120B (FP8) (40K),openmath,baseline,0,-,4,nemotron3_super_64k_openmath_rollout_baseline_20260713r2,0,6.8884118140013015,672
Nemotron3-Super-120B (FP8) (40K),openmath,baseline,0,-,4,nemotron3_super_64k_openmath_rollout_baseline_20260713r2,0,3.412150197000301,266
Nemotron3-Super-120B (FP8) (40K),openmath,baseline,0,-,4,nemotron3_super_64k_openmath_rollout_baseline_20260713r2,0,3.393753932999971,264
Nemotron3-Super-120B (FP8) (40K),openmath,baseline,0,-,4,nemotron3_super_64k_openmath_rollout_baseline_20260713r2,0,3.0153481620000093,223
Nemotron3-Super-120B (FP8) (40K),openmath,baseline,0,-,4,nemotron3_super_64k_openmath_rollout_baseline_20260713r2,0,3.9501802080012567,325
Nemotron3-Super-120B (FP8) (40K),openmath,baseline,0,-,4,nemotron3_super_64k_openmath_rollout_baseline_20260713r2,0,10.33664870800203,1092
Nemotron3-Super-120B (FP8) (40K),openmath,baseline,0,-,4,nemotron3_super_64k_openmath_rollout_baseline_20260713r2,0,3.9592052360021626,326
Nemotron3-Super-120B (FP8) (40K),openmath,baseline,0,-,4,nemotron3_super_64k_openmath_rollout_baseline_20260713r2,0,5.4525832460021775,500
Nemotron3-Super-120B (FP8) (40K),openmath,baseline,0,-,4,nemotron3_super_64k_openmath_rollout_baseline_20260713r2,0,6.5814480840017495,635
Nemotron3-Super-120B (FP8) (40K),openmath,baseline,0,-,4,nemotron3_super_64k_openmath_rollout_baseline_20260713r2,0,4.11920839099912,344
Nemotron3-Super-120B (FP8) (40K),openmath,baseline,0,-,4,nemotron3_super_64k_openmath_rollout_baseline_20260713r2,0,4.82767865400092,426
Nemotron3-Super-120B (FP8) (40K),openmath,baseline,0,-,4,nemotron3_super_64k_openmath_rollout_baseline_20260713r2,0,3.540619116000016,280
Nemotron3-Super-120B (FP8) (40K),openmath,baseline,0,-,4,nemotron3_super_64k_openmath_rollout_baseline_20260713r2,0,4.501134558999183,388
Nemotron3-Super-120B (FP8) (40K),openmath,baseline,0,-,4,nemotron3_super_64k_openmath_rollout_baseline_20260713r2,0,5.309078460002638,483
Nemotron3-Super-120B (FP8) (40K),openmath,baseline,0,-,4,nemotron3_super_64k_openmath_rollout_baseline_20260713r2,0,3.923132454001461,322
Nemotron3-Super-120B (FP8) (40K),openmath,baseline,0,-,4,nemotron3_super_64k_openmath_rollout_baseline_20260713r2,0,4.224372515000141,356
Nemotron3-Super-120B (FP8) (40K),openmath,baseline,0,-,4,nemotron3_super_64k_openmath_rollout_baseline_20260713r2,0,8.166003664002346,827
Nemotron3-Super-120B (FP8) (40K),openmath,baseline,0,-,4,nemotron3_super_64k_openmath_rollout_baseline_20260713r2,0,64.19009162500151,9970
Nemotron3-Super-120B (FP8) (40K),openmath,baseline,0,-,4,nemotron3_super_64k_openmath_rollout_baseline_20260713r2,0,20.351436540000577,2373
Nemotron3-Super-120B (FP8) (40K),openmath,baseline,0,-,4,nemotron3_super_64k_openmath_rollout_baseline_20260713r2,0,18.45127363500069,2130
Nemotron3-Super-120B (FP8) (40K),openmath,baseline,0,-,4,nemotron3_super_64k_openmath_rollout_baseline_20260713r2,0,39.46671867999976,5065
Nemotron3-Super-120B (FP8) (40K),openmath,baseline,0,-,4,nemotron3_super_64k_openmath_rollout_baseline_20260713r2,0,35.503954358002375,4447
Nemotron3-Super-120B (FP8) (40K),openmath,baseline,0,-,4,nemotron3_super_64k_openmath_rollout_baseline_20260713r2,0,35.61566318599944,4464
Nemotron3-Super-120B (FP8) (40K),openmath,baseline,0,-,4,nemotron3_super_64k_openmath_rollout_baseline_20260713r2,0,33.4759611010013,4141
Nemotron3-Super-120B (FP8) (40K),openmath,baseline,0,-,4,nemotron3_super_64k_openmath_rollout_baseline_20260713r2,0,51.23086480400161,7173
Nemotron3-Super-120B (FP8) (40K),openmath,baseline,0,-,4,nemotron3_super_64k_openmath_rollout_baseline_20260713r2,0,47.5664844540006,6440
Nemotron3-Super-120B (FP8) (40K),openmath,baseline,0,-,4,nemotron3_super_64k_openmath_rollout_baseline_20260713r2,0,27.731714875000762,3340
Nemotron3-Super-120B (FP8) (40K),openmath,baseline,0,-,4,nemotron3_super_64k_openmath_rollout_baseline_20260713r2,0,29.994114402001287,3650
Nemotron3-Super-120B (FP8) (40K),openmath,baseline,0,-,4,nemotron3_super_64k_openmath_rollout_baseline_20260713r2,0,24.6513026850007,2926
Nemotron3-Super-120B (FP8) (40K),openmath,baseline,0,-,4,nemotron3_super_64k_openmath_rollout_baseline_20260713r2,0,44.8133168610002,5963
Nemotron3-Super-120B (FP8) (40K),openmath,baseline,0,-,4,nemotron3_super_64k_openmath_rollout_baseline_20260713r2,0,33.17536922200088,4096
Nemotron3-Super-120B (FP8) (40K),openmath,baseline,0,-,4,nemotron3_super_64k_openmath_rollout_baseline_20260713r2,0,27.047729180001625,3248
Nemotron3-Super-120B (FP8) (40K),openmath,baseline,0,-,4,nemotron3_super_64k_openmath_rollout_baseline_20260713r2,0,19.764348414002598,2298
Nemotron3-Super-120B (FP8) (40K),openmath,baseline,0,-,4,nemotron3_super_64k_openmath_rollout_baseline_20260713r2,0,51.91308912200111,7309
Nemotron3-Super-120B (FP8) (40K),openmath,baseline,0,-,4,nemotron3_super_64k_openmath_rollout_baseline_20260713r2,0,55.617659366002044,8088
Nemotron3-Super-120B (FP8) (40K),openmath,baseline,0,-,4,nemotron3_super_64k_openmath_rollout_baseline_20260713r2,0,24.697485586002585,2932
Nemotron3-Super-120B (FP8) (40K),openmath,baseline,0,-,4,nemotron3_super_64k_openmath_rollout_baseline_20260713r2,0,29.104471538001235,3527
Nemotron3-Super-120B (FP8) (40K),openmath,baseline,0,-,4,nemotron3_super_64k_openmath_rollout_baseline_20260713r2,0,39.41050523599915,5056
Nemotron3-Super-120B (FP8) (40K),openmath,baseline,0,-,4,nemotron3_super_64k_openmath_rollout_baseline_20260713r2,0,29.184513037002034,3538
Nemotron3-Super-120B (FP8) (40K),openmath,baseline,0,-,4,nemotron3_super_64k_openmath_rollout_baseline_20260713r2,0,27.731714875000762,3340
Nemotron3-Super-120B (FP8) (40K),openmath,baseline,0,-,4,nemotron3_super_64k_openmath_rollout_baseline_20260713r2,0,33.06635618200016,4080
Nemotron3-Super-120B (FP8) (40K),openmath,baseline,0,-,4,nemotron3_super_64k_openmath_rollout_baseline_20260713r2,0,38.80590975800078,4959
Nemotron3-Super-120B (FP8) (40K),openmath,baseline,0,-,4,nemotron3_super_64k_openmath_rollout_baseline_20260713r2,0,24.411672433001513,2895
Nemotron3-Super-120B (FP8) (40K),openmath,baseline,0,-,4,nemotron3_super_64k_openmath_rollout_baseline_20260713r2,0,37.17524479600252,4704
Nemotron3-Super-120B (FP8) (40K),openmath,baseline,0,-,4,nemotron3_super_64k_openmath_rollout_baseline_20260713r2,0,38.19237323800189,4862
Nemotron3-Super-120B (FP8) (40K),openmath,baseline,0,-,4,nemotron3_super_64k_openmath_rollout_baseline_20260713r2,0,16.1541519650018,1837
Nemotron3-Super-120B (FP8) (40K),openmath,baseline,0,-,4,nemotron3_super_64k_openmath_rollout_baseline_20260713r2,0,24.233794326999487,2872
Nemotron3-Super-120B (FP8) (40K),openmath,baseline,0,-,4,nemotron3_super_64k_openmath_rollout_baseline_20260713r2,0,45.28123603300264,6043
Nemotron3-Super-120B (FP8) (40K),openmath,baseline,0,-,4,nemotron3_super_64k_openmath_rollout_baseline_20260713r2,0,31.151443418999406,3811
Nemotron3-Super-120B (FP8) (40K),openmath,baseline,0,-,4,nemotron3_super_64k_openmath_rollout_baseline_20260713r2,1,86.68034939100107,10765
Nemotron3-Super-120B (FP8) (40K),openmath,baseline,0,-,4,nemotron3_super_64k_openmath_rollout_baseline_20260713r2,1,89.74576177999916,11230
Nemotron3-Super-120B (FP8) (40K),openmath,baseline,0,-,4,nemotron3_super_64k_openmath_rollout_baseline_20260713r2,1,40.90529526699902,4606
Nemotron3-Super-120B (FP8) (40K),openmath,baseline,0,-,4,nemotron3_super_64k_openmath_rollout_baseline_20260713r2,1,47.108909817001404,5395
Nemotron3-Super-120B (FP8) (40K),openmath,baseline,0,-,4,nemotron3_super_64k_openmath_rollout_baseline_20260713r2,1,128.15384006100066,17691
Nemotron3-Super-120B (FP8) (40K),openmath,baseline,0,-,4,nemotron3_super_64k_openmath_rollout_baseline_20260713r2,1,37.114932255000895,4129
Nemotron3-Super-120B (FP8) (40K),openmath,baseline,0,-,4,nemotron3_super_64k_openmath_rollout_baseline_20260713r2,1,138.75067636200038,19798
Nemotron3-Super-120B (FP8) (40K),openmath,baseline,0,-,4,nemotron3_super_64k_openmath_rollout_baseline_20260713r2,1,66.84504347099937,7961
Nemotron3-Super-120B (FP8) (40K),openmath,baseline,0,-,4,nemotron3_super_64k_openmath_rollout_baseline_20260713r2,1,85.70329338399824,10616
Nemotron3-Super-120B (FP8) (40K),openmath,baseline,0,-,4,nemotron3_super_64k_openmath_rollout_baseline_20260713r2,1,123.38736238899946,16768
Nemotron3-Super-120B (FP8) (40K),openmath,baseline,0,-,4,nemotron3_super_64k_openmath_rollout_baseline_20260713r2,1,120.49535968800046,16278
Nemotron3-Super-120B (FP8) (40K),openmath,baseline,0,-,4,nemotron3_super_64k_openmath_rollout_baseline_20260713r2,1,71.7212543200003,8619
Nemotron3-Super-120B (FP8) (40K),openmath,baseline,0,-,4,nemotron3_super_64k_openmath_rollout_baseline_20260713r2,1,56.12120400799904,6545
Nemotron3-Super-120B (FP8) (40K),openmath,baseline,0,-,4,nemotron3_super_64k_openmath_rollout_baseline_20260713r2,1,124.37990485499904,16940
Nemotron3-Super-120B (FP8) (40K),openmath,baseline,0,-,4,nemotron3_super_64k_openmath_rollout_baseline_20260713r2,1,80.06794793000154,9782
Nemotron3-Super-120B (FP8) (40K),openmath,baseline,0,-,4,nemotron3_super_64k_openmath_rollout_baseline_20260713r2,1,181.37663381200036,29048
Nemotron3-Super-120B (FP8) (40K),openmath,baseline,0,-,4,nemotron3_super_64k_openmath_rollout_baseline_20260713r2,1,71.18454312199901,8546
Nemotron3-Super-120B (FP8) (40K),openmath,baseline,0,-,4,nemotron3_super_64k_openmath_rollout_baseline_20260713r2,1,98.6436455740004,12625
Nemotron3-Super-120B (FP8) (40K),openmath,baseline,0,-,4,nemotron3_super_64k_openmath_rollout_baseline_20260713r2,1,69.23385066099945,8282
Nemotron3-Super-120B (FP8) (40K),openmath,baseline,0,-,4,nemotron3_super_64k_openmath_rollout_baseline_20260713r2,1,79.31958752300125,9671
Nemotron3-Super-120B (FP8) (40K),openmath,baseline,0,-,4,nemotron3_super_64k_openmath_rollout_baseline_20260713r2,1,91.09837484899981,11439
Nemotron3-Super-120B (FP8) (40K),openmath,baseline,0,-,4,nemotron3_super_64k_openmath_rollout_baseline_20260713r2,1,58.96011730600003,6913
Nemotron3-Super-120B (FP8) (40K),openmath,baseline,0,-,4,nemotron3_super_64k_openmath_rollout_baseline_20260713r2,1,72.15112950099865,8678
Nemotron3-Super-120B (FP8) (40K),openmath,baseline,0,-,4,nemotron3_super_64k_openmath_rollout_baseline_20260713r2,1,38.78770457700011,4339
Nemotron3-Super-120B (FP8) (40K),openmath,baseline,0,-,4,nemotron3_super_64k_openmath_rollout_baseline_20260713r2,1,99.58801721399868,12776
Nemotron3-Super-120B (FP8) (40K),openmath,baseline,0,-,4,nemotron3_super_64k_openmath_rollout_baseline_20260713r2,1,84.8394380360005,10487
Nemotron3-Super-120B (FP8) (40K),openmath,baseline,0,-,4,nemotron3_super_64k_openmath_rollout_baseline_20260713r2,1,138.53417978500147,19753
Nemotron3-Super-120B (FP8) (40K),openmath,baseline,0,-,4,nemotron3_super_64k_openmath_rollout_baseline_20260713r2,1,58.154717551999056,6806
Nemotron3-Super-120B (FP8) (40K),openmath,baseline,0,-,4,nemotron3_super_64k_openmath_rollout_baseline_20260713r2,1,42.39840963900133,4795
Nemotron3-Super-120B (FP8) (40K),openmath,baseline,0,-,4,nemotron3_super_64k_openmath_rollout_baseline_20260713r2,1,65.96326025799863,7843
Nemotron3-Super-120B (FP8) (40K),openmath,baseline,0,-,4,nemotron3_super_64k_openmath_rollout_baseline_20260713r2,1,121.51550090800083,16449
Nemotron3-Super-120B (FP8) (40K),openmath,baseline,0,-,4,nemotron3_super_64k_openmath_rollout_baseline_20260713r2,1,56.54472976800025,6599
Nemotron3-Super-120B (FP8) (40K),openmath,baseline,0,-,4,nemotron3_super_64k_openmath_rollout_baseline_20260713r2,1,15.821235240000533,1632
Nemotron3-Super-120B (FP8) (40K),openmath,baseline,0,-,4,nemotron3_super_64k_openmath_rollout_baseline_20260713r2,1,30.177861448999465,3284
Nemotron3-Super-120B (FP8) (40K),openmath,baseline,0,-,4,nemotron3_super_64k_openmath_rollout_baseline_20260713r2,1,14.741438996999932,1515
Nemotron3-Super-120B (FP8) (40K),openmath,baseline,0,-,4,nemotron3_super_64k_openmath_rollout_baseline_20260713r2,1,16.460524463000183,1702
Nemotron3-Super-120B (FP8) (40K),openmath,baseline,0,-,4,nemotron3_super_64k_openmath_rollout_baseline_20260713r2,1,29.95819283899982,3258
Nemotron3-Super-120B (FP8) (40K),openmath,baseline,0,-,4,nemotron3_super_64k_openmath_rollout_baseline_20260713r2,1,16.39669836399844,1695
Nemotron3-Super-120B (FP8) (40K),openmath,baseline,0,-,4,nemotron3_super_64k_openmath_rollout_baseline_20260713r2,1,15.985850798999309,1650
Nemotron3-Super-120B (FP8) (40K),openmath,baseline,0,-,4,nemotron3_super_64k_openmath_rollout_baseline_20260713r2,1,22.033718112001225,2326
Nemotron3-Super-120B (FP8) (40K),openmath,baseline,0,-,4,nemotron3_super_64k_openmath_rollout_baseline_20260713r2,1,34.061699433998,3747
Nemotron3-Super-120B (FP8) (40K),openmath,baseline,0,-,4,nemotron3_super_64k_openmath_rollout_baseline_20260713r2,1,24.61403590500049,2627
Nemotron3-Super-120B (FP8) (40K),openmath,baseline,0,-,4,nemotron3_super_64k_openmath_rollout_baseline_20260713r2,1,21.963014959001157,2318
Nemotron3-Super-120B (FP8) (40K),openmath,baseline,0,-,4,nemotron3_super_64k_openmath_rollout_baseline_20260713r2,1,11.929812567999761,1216
Nemotron3-Super-120B (FP8) (40K),openmath,baseline,0,-,4,nemotron3_super_64k_openmath_rollout_baseline_20260713r2,1,17.942887567998696,1866
Nemotron3-Super-120B (FP8) (40K),openmath,baseline,0,-,4,nemotron3_super_64k_openmath_rollout_baseline_20260713r2,1,13.983001804997912,1434
Nemotron3-Super-120B (FP8) (40K),openmath,baseline,0,-,4,nemotron3_super_64k_openmath_rollout_baseline_20260713r2,1,13.419702447001328,1374
Nemotron3-Super-120B (FP8) (40K),openmath,baseline,0,-,4,nemotron3_super_64k_openmath_rollout_baseline_20260713r2,1,34.50411222600087,3800
Nemotron3-Super-120B (FP8) (40K),openmath,baseline,0,-,4,nemotron3_super_64k_openmath_rollout_baseline_20260713r2,1,15.351631869998528,1581
Nemotron3-Super-120B (FP8) (40K),openmath,baseline,0,-,4,nemotron3_super_64k_openmath_rollout_baseline_20260713r2,1,15.747865739998815,1624
Nemotron3-Super-120B (FP8) (40K),openmath,baseline,0,-,4,nemotron3_super_64k_openmath_rollout_baseline_20260713r2,1,22.015987539998605,2324
Nemotron3-Super-120B (FP8) (40K),openmath,baseline,0,-,4,nemotron3_super_64k_openmath_rollout_baseline_20260713r2,1,21.741746994001005,2293
Nemotron3-Super-120B (FP8) (40K),openmath,baseline,0,-,4,nemotron3_super_64k_openmath_rollout_baseline_20260713r2,1,21.662034361001133,2284
Nemotron3-Super-120B (FP8) (40K),openmath,baseline,0,-,4,nemotron3_super_64k_openmath_rollout_baseline_20260713r2,1,23.053878588998487,2444
Nemotron3-Super-120B (FP8) (40K),openmath,baseline,0,-,4,nemotron3_super_64k_openmath_rollout_baseline_20260713r2,1,12.28818947200125,1254
Nemotron3-Super-120B (FP8) (40K),openmath,baseline,0,-,4,nemotron3_super_64k_openmath_rollout_baseline_20260713r2,1,22.550943165999342,2385
Nemotron3-Super-120B (FP8) (40K),openmath,baseline,0,-,4,nemotron3_super_64k_openmath_rollout_baseline_20260713r2,1,15.074116111998592,1551
Nemotron3-Super-120B (FP8) (40K),openmath,baseline,0,-,4,nemotron3_super_64k_openmath_rollout_baseline_20260713r2,1,8.639656531999208,867
Nemotron3-Super-120B (FP8) (40K),openmath,baseline,0,-,4,nemotron3_super_64k_openmath_rollout_baseline_20260713r2,1,23.771454048001033,2528
Nemotron3-Super-120B (FP8) (40K),openmath,baseline,0,-,4,nemotron3_super_64k_openmath_rollout_baseline_20260713r2,1,9.535495656000421,962
Nemotron3-Super-120B (FP8) (40K),openmath,baseline,0,-,4,nemotron3_super_64k_openmath_rollout_baseline_20260713r2,1,30.967965611998807,3378
Nemotron3-Super-120B (FP8) (40K),openmath,baseline,0,-,4,nemotron3_super_64k_openmath_rollout_baseline_20260713r2,1,21.5910755900004,2276
Nemotron3-Super-120B (FP8) (40K),openmath,baseline,0,-,4,nemotron3_super_64k_openmath_rollout_baseline_20260713r2,1,13.983001804997912,1434
Nemotron3-Super-120B (FP8) (40K),openmath,baseline,0,-,4,nemotron3_super_64k_openmath_rollout_baseline_20260713r2,1,17.47946918299931,1814
Nemotron3-Super-120B (FP8) (40K),openmath,baseline,0,-,4,nemotron3_super_64k_openmath_rollout_baseline_20260713r2,2,288.32865107999896,36066
Nemotron3-Super-120B (FP8) (40K),openmath,baseline,0,-,4,nemotron3_super_64k_openmath_rollout_baseline_20260713r2,2,280.5006848669982,34910
Nemotron3-Super-120B (FP8) (40K),openmath,baseline,0,-,4,nemotron3_super_64k_openmath_rollout_baseline_20260713r2,2,245.58582622500035,30182
Nemotron3-Super-120B (FP8) (40K),openmath,baseline,0,-,4,nemotron3_super_64k_openmath_rollout_baseline_20260713r2,2,254.50391838900032,31360
Nemotron3-Super-120B (FP8) (40K),openmath,baseline,0,-,4,nemotron3_super_64k_openmath_rollout_baseline_20260713r2,2,316.2543880089979,40518
Nemotron3-Super-120B (FP8) (40K),openmath,baseline,0,-,4,nemotron3_super_64k_openmath_rollout_baseline_20260713r2,2,244.80615476299863,30080
Nemotron3-Super-120B (FP8) (40K),openmath,baseline,0,-,4,nemotron3_super_64k_openmath_rollout_baseline_20260713r2,2,254.65390132099856,31380
Nemotron3-Super-120B (FP8) (40K),openmath,baseline,0,-,4,nemotron3_super_64k_openmath_rollout_baseline_20260713r2,2,216.35794013199848,26495
Nemotron3-Super-120B (FP8) (40K),openmath,baseline,0,-,4,nemotron3_super_64k_openmath_rollout_baseline_20260713r2,2,301.7381678599995,38119
Nemotron3-Super-120B (FP8) (40K),openmath,baseline,0,-,4,nemotron3_super_64k_openmath_rollout_baseline_20260713r2,2,383.002658428999,51611
Nemotron3-Super-120B (FP8) (40K),openmath,baseline,0,-,4,nemotron3_super_64k_openmath_rollout_baseline_20260713r2,2,197.46239668999988,24174
Nemotron3-Super-120B (FP8) (40K),openmath,baseline,0,-,4,nemotron3_super_64k_openmath_rollout_baseline_20260713r2,2,218.7891852419998,26797
Nemotron3-Super-120B (FP8) (40K),openmath,baseline,0,-,4,nemotron3_super_64k_openmath_rollout_baseline_20260713r2,2,235.9391115699982,28936
Nemotron3-Super-120B (FP8) (40K),openmath,baseline,0,-,4,nemotron3_super_64k_openmath_rollout_baseline_20260713r2,2,242.28651028999957,29755
Nemotron3-Super-120B (FP8) (40K),openmath,baseline,0,-,4,nemotron3_super_64k_openmath_rollout_baseline_20260713r2,2,284.07050753899966,35433
Nemotron3-Super-120B (FP8) (40K),openmath,baseline,0,-,4,nemotron3_super_64k_openmath_rollout_baseline_20260713r2,2,298.00128330999723,37531
Nemotron3-Super-120B (FP8) (40K),openmath,baseline,0,-,4,nemotron3_super_64k_openmath_rollout_baseline_20260713r2,2,444.37570176699955,63690
Nemotron3-Super-120B (FP8) (40K),openmath,baseline,0,-,4,nemotron3_super_64k_openmath_rollout_baseline_20260713r2,2,295.7893549839973,37189
Nemotron3-Super-120B (FP8) (40K),openmath,baseline,0,-,4,nemotron3_super_64k_openmath_rollout_baseline_20260713r2,2,257.9563928770003,31824
Nemotron3-Super-120B (FP8) (40K),openmath,baseline,0,-,4,nemotron3_super_64k_openmath_rollout_baseline_20260713r2,2,451.86824986099964,65242
Nemotron3-Super-120B (FP8) (40K),openmath,baseline,0,-,4,nemotron3_super_64k_openmath_rollout_baseline_20260713r2,2,211.79655474899846,25931
Nemotron3-Super-120B (FP8) (40K),openmath,baseline,0,-,4,nemotron3_super_64k_openmath_rollout_baseline_20260713r2,2,132.62273696299962,16195
Nemotron3-Super-120B (FP8) (40K),openmath,baseline,0,-,4,nemotron3_super_64k_openmath_rollout_baseline_20260713r2,2,58.20859934100008,6983
Nemotron3-Super-120B (FP8) (40K),openmath,baseline,0,-,4,nemotron3_super_64k_openmath_rollout_baseline_20260713r2,2,389.9605869139996,52945
Nemotron3-Super-120B (FP8) (40K),openmath,baseline,0,-,4,nemotron3_super_64k_openmath_rollout_baseline_20260713r2,2,384.4378870569999,51857
Nemotron3-Super-120B (FP8) (40K),openmath,baseline,0,-,4,nemotron3_super_64k_openmath_rollout_baseline_20260713r2,2,280.039216571,34843
Nemotron3-Super-120B (FP8) (40K),openmath,baseline,0,-,4,nemotron3_super_64k_openmath_rollout_baseline_20260713r2,2,243.45686590200057,29906
Nemotron3-Super-120B (FP8) (40K),openmath,baseline,0,-,4,nemotron3_super_64k_openmath_rollout_baseline_20260713r2,2,292.70739865299765,36721
Nemotron3-Super-120B (FP8) (40K),openmath,baseline,0,-,4,nemotron3_super_64k_openmath_rollout_baseline_20260713r2,2,355.54941430599865,47017
Nemotron3-Super-120B (FP8) (40K),openmath,baseline,0,-,4,nemotron3_super_64k_openmath_rollout_baseline_20260713r2,2,231.95044208699983,28437
Nemotron3-Super-120B (FP8) (40K),openmath,baseline,0,-,4,nemotron3_super_64k_openmath_rollout_baseline_20260713r2,2,273.10622677100037,33839
Nemotron3-Super-120B (FP8) (40K),openmath,baseline,0,-,4,nemotron3_super_64k_openmath_rollout_baseline_20260713r2,2,453.2381474499998,65536
Nemotron3-Super-120B (FP8) (40K),openmath,baseline,0,-,4,nemotron3_super_64k_openmath_rollout_baseline_20260713r2,2,8.389410088999284,839
Nemotron3-Super-120B (FP8) (40K),openmath,baseline,0,-,4,nemotron3_super_64k_openmath_rollout_baseline_20260713r2,2,7.52297261700005,747
Nemotron3-Super-120B (FP8) (40K),openmath,baseline,0,-,4,nemotron3_super_64k_openmath_rollout_baseline_20260713r2,2,8.915607495000586,895
Nemotron3-Super-120B (FP8) (40K),openmath,baseline,0,-,4,nemotron3_super_64k_openmath_rollout_baseline_20260713r2,2,9.322728989998723,939
Nemotron3-Super-120B (FP8) (40K),openmath,baseline,0,-,4,nemotron3_super_64k_openmath_rollout_baseline_20260713r2,2,15.99401809399933,1707
Nemotron3-Super-120B (FP8) (40K),openmath,baseline,0,-,4,nemotron3_super_64k_openmath_rollout_baseline_20260713r2,2,8.605741103998298,862
Nemotron3-Super-120B (FP8) (40K),openmath,baseline,0,-,4,nemotron3_super_64k_openmath_rollout_baseline_20260713r2,2,22.72128019899901,2523
Nemotron3-Super-120B (FP8) (40K),openmath,baseline,0,-,4,nemotron3_super_64k_openmath_rollout_baseline_20260713r2,2,11.638871598999685,1196
Nemotron3-Super-120B (FP8) (40K),openmath,baseline,0,-,4,nemotron3_super_64k_openmath_rollout_baseline_20260713r2,2,9.507938965998619,959
Nemotron3-Super-120B (FP8) (40K),openmath,baseline,0,-,4,nemotron3_super_64k_openmath_rollout_baseline_20260713r2,2,10.98582690100011,1122
Nemotron3-Super-120B (FP8) (40K),openmath,baseline,0,-,4,nemotron3_super_64k_openmath_rollout_baseline_20260713r2,2,11.88377842099726,1224
Nemotron3-Super-120B (FP8) (40K),openmath,baseline,0,-,4,nemotron3_super_64k_openmath_rollout_baseline_20260713r2,2,9.738561885998934,984
Nemotron3-Super-120B (FP8) (40K),openmath,baseline,0,-,4,nemotron3_super_64k_openmath_rollout_baseline_20260713r2,2,9.581729162000556,967
Nemotron3-Super-120B (FP8) (40K),openmath,baseline,0,-,4,nemotron3_super_64k_openmath_rollout_baseline_20260713r2,2,13.744471838999743,1439
Nemotron3-Super-120B (FP8) (40K),openmath,baseline,0,-,4,nemotron3_super_64k_openmath_rollout_baseline_20260713r2,2,13.089604605000204,1362
Nemotron3-Super-120B (FP8) (40K),openmath,baseline,0,-,4,nemotron3_super_64k_openmath_rollout_baseline_20260713r2,2,9.775396360000741,988
Nemotron3-Super-120B (FP8) (40K),openmath,baseline,0,-,4,nemotron3_super_64k_openmath_rollout_baseline_20260713r2,2,13.66809318399828,1430
Nemotron3-Super-120B (FP8) (40K),openmath,baseline,0,-,4,nemotron3_super_64k_openmath_rollout_baseline_20260713r2,2,10.495925191000424,1067
Nemotron3-Super-120B (FP8) (40K),openmath,baseline,0,-,4,nemotron3_super_64k_openmath_rollout_baseline_20260713r2,2,5.927825152997684,578
Nemotron3-Super-120B (FP8) (40K),openmath,baseline,0,-,4,nemotron3_super_64k_openmath_rollout_baseline_20260713r2,2,14.040392880000581,1474
Nemotron3-Super-120B (FP8) (40K),openmath,baseline,0,-,4,nemotron3_super_64k_openmath_rollout_baseline_20260713r2,2,7.107326985998952,703
Nemotron3-Super-120B (FP8) (40K),openmath,baseline,0,-,4,nemotron3_super_64k_openmath_rollout_baseline_20260713r2,2,11.454475487000309,1175
Nemotron3-Super-120B (FP8) (40K),openmath,baseline,0,-,4,nemotron3_super_64k_openmath_rollout_baseline_20260713r2,2,14.318081131998042,1507
Nemotron3-Super-120B (FP8) (40K),openmath,baseline,0,-,4,nemotron3_super_64k_openmath_rollout_baseline_20260713r2,2,9.885318532000383,1000
Nemotron3-Super-120B (FP8) (40K),openmath,baseline,0,-,4,nemotron3_super_64k_openmath_rollout_baseline_20260713r2,2,11.419124348998594,1171
Nemotron3-Super-120B (FP8) (40K),openmath,baseline,0,-,4,nemotron3_super_64k_openmath_rollout_baseline_20260713r2,2,7.6451201569980185,760
Nemotron3-Super-120B (FP8) (40K),openmath,baseline,0,-,4,nemotron3_super_64k_openmath_rollout_baseline_20260713r2,2,10.914724109999952,1114
Nemotron3-Super-120B (FP8) (40K),openmath,baseline,0,-,4,nemotron3_super_64k_openmath_rollout_baseline_20260713r2,2,8.981370038000023,902
Nemotron3-Super-120B (FP8) (40K),openmath,baseline,0,-,4,nemotron3_super_64k_openmath_rollout_baseline_20260713r2,2,11.603803245998279,1192
Nemotron3-Super-120B (FP8) (40K),openmath,baseline,0,-,4,nemotron3_super_64k_openmath_rollout_baseline_20260713r2,2,9.68331606299762,978
Nemotron3-Super-120B (FP8) (40K),openmath,baseline,0,-,4,nemotron3_super_64k_openmath_rollout_baseline_20260713r2,2,16.500336315999448,1768
Nemotron3-Super-120B (FP8) (40K),openmath,baseline,0,-,4,nemotron3_super_64k_openmath_rollout_baseline_20260713r2,2,15.617875474999892,1662
Nemotron3-Super-120B (FP8) (40K),openmath,baseline,0,-,4,nemotron3_super_64k_openmath_rollout_baseline_20260713r2,3,29.9138007549991,3065
Nemotron3-Super-120B (FP8) (40K),openmath,baseline,0,-,4,nemotron3_super_64k_openmath_rollout_baseline_20260713r2,3,47.61328004999814,4985
Nemotron3-Super-120B (FP8) (40K),openmath,baseline,0,-,4,nemotron3_super_64k_openmath_rollout_baseline_20260713r2,3,111.4438439939986,13270
Nemotron3-Super-120B (FP8) (40K),openmath,baseline,0,-,4,nemotron3_super_64k_openmath_rollout_baseline_20260713r2,3,43.72617163299947,4551
Nemotron3-Super-120B (FP8) (40K),openmath,baseline,0,-,4,nemotron3_super_64k_openmath_rollout_baseline_20260713r2,3,23.57531673899939,2394
Nemotron3-Super-120B (FP8) (40K),openmath,baseline,0,-,4,nemotron3_super_64k_openmath_rollout_baseline_20260713r2,3,128.638170410999,16034
Nemotron3-Super-120B (FP8) (40K),openmath,baseline,0,-,4,nemotron3_super_64k_openmath_rollout_baseline_20260713r2,3,42.58982398899752,4425
Nemotron3-Super-120B (FP8) (40K),openmath,baseline,0,-,4,nemotron3_super_64k_openmath_rollout_baseline_20260713r2,3,78.80257795099897,8735
Nemotron3-Super-120B (FP8) (40K),openmath,baseline,0,-,4,nemotron3_super_64k_openmath_rollout_baseline_20260713r2,3,12.398752809000143,1206
Nemotron3-Super-120B (FP8) (40K),openmath,baseline,0,-,4,nemotron3_super_64k_openmath_rollout_baseline_20260713r2,3,134.04281711899966,16967
Nemotron3-Super-120B (FP8) (40K),openmath,baseline,0,-,4,nemotron3_super_64k_openmath_rollout_baseline_20260713r2,3,93.16895249899972,10654
Nemotron3-Super-120B (FP8) (40K),openmath,baseline,0,-,4,nemotron3_super_64k_openmath_rollout_baseline_20260713r2,3,104.7771799459988,12280
Nemotron3-Super-120B (FP8) (40K),openmath,baseline,0,-,4,nemotron3_super_64k_openmath_rollout_baseline_20260713r2,3,65.50792160399942,7044
Nemotron3-Super-120B (FP8) (40K),openmath,baseline,0,-,4,nemotron3_super_64k_openmath_rollout_baseline_20260713r2,3,22.65920654999718,2297
Nemotron3-Super-120B (FP8) (40K),openmath,baseline,0,-,4,nemotron3_super_64k_openmath_rollout_baseline_20260713r2,3,17.41868316599721,1741
Nemotron3-Super-120B (FP8) (40K),openmath,baseline,0,-,4,nemotron3_super_64k_openmath_rollout_baseline_20260713r2,3,44.66216341999825,4655
Nemotron3-Super-120B (FP8) (40K),openmath,baseline,0,-,4,nemotron3_super_64k_openmath_rollout_baseline_20260713r2,3,59.06604278999657,6284
Nemotron3-Super-120B (FP8) (40K),openmath,baseline,0,-,4,nemotron3_super_64k_openmath_rollout_baseline_20260713r2,3,69.06947160599884,7486
Nemotron3-Super-120B (FP8) (40K),openmath,baseline,0,-,4,nemotron3_super_64k_openmath_rollout_baseline_20260713r2,3,35.811142425998696,3694
Nemotron3-Super-120B (FP8) (40K),openmath,baseline,0,-,4,nemotron3_super_64k_openmath_rollout_baseline_20260713r2,3,199.15648352099743,30039
Nemotron3-Super-120B (FP8) (40K),openmath,baseline,0,-,4,nemotron3_super_64k_openmath_rollout_baseline_20260713r2,3,33.1544549350001,3409
Nemotron3-Super-120B (FP8) (40K),openmath,baseline,0,-,4,nemotron3_super_64k_openmath_rollout_baseline_20260713r2,3,55.46448043899727,5867
Nemotron3-Super-120B (FP8) (40K),openmath,baseline,0,-,4,nemotron3_super_64k_openmath_rollout_baseline_20260713r2,3,64.19212654799776,6882
Nemotron3-Super-120B (FP8) (40K),openmath,baseline,0,-,4,nemotron3_super_64k_openmath_rollout_baseline_20260713r2,3,199.32791426499898,30076
Nemotron3-Super-120B (FP8) (40K),openmath,baseline,0,-,4,nemotron3_super_64k_openmath_rollout_baseline_20260713r2,3,72.59459320999667,7930
Nemotron3-Super-120B (FP8) (40K),openmath,baseline,0,-,4,nemotron3_super_64k_openmath_rollout_baseline_20260713r2,3,68.52603847299906,7418
Nemotron3-Super-120B (FP8) (40K),openmath,baseline,0,-,4,nemotron3_super_64k_openmath_rollout_baseline_20260713r2,3,15.914771338997525,1581
Nemotron3-Super-120B (FP8) (40K),openmath,baseline,0,-,4,nemotron3_super_64k_openmath_rollout_baseline_20260713r2,3,30.577030788997945,3133
Nemotron3-Super-120B (FP8) (40K),openmath,baseline,0,-,4,nemotron3_super_64k_openmath_rollout_baseline_20260713r2,3,38.799428470996645,4015
Nemotron3-Super-120B (FP8) (40K),openmath,baseline,0,-,4,nemotron3_super_64k_openmath_rollout_baseline_20260713r2,3,28.075815349999175,2869
Nemotron3-Super-120B (FP8) (40K),openmath,baseline,0,-,4,nemotron3_super_64k_openmath_rollout_baseline_20260713r2,3,31.20189349499924,3200
Nemotron3-Super-120B (FP8) (40K),openmath,baseline,0,-,4,nemotron3_super_64k_openmath_rollout_baseline_20260713r2,3,41.77791273399998,4337
Nemotron3-Super-120B (FP8) (40K),openmath,baseline,0,-,4,nemotron3_super_64k_openmath_rollout_baseline_20260713r2,3,121.25170558299942,14804
Nemotron3-Super-120B (FP8) (40K),openmath,baseline,0,-,4,nemotron3_super_64k_openmath_rollout_baseline_20260713r2,3,45.649239182999736,4765
Nemotron3-Super-120B (FP8) (40K),openmath,baseline,0,-,4,nemotron3_super_64k_openmath_rollout_baseline_20260713r2,3,103.9058415019972,12151
Nemotron3-Super-120B (FP8) (40K),openmath,baseline,0,-,4,nemotron3_super_64k_openmath_rollout_baseline_20260713r2,3,39.895756190999236,4133
Nemotron3-Super-120B (FP8) (40K),openmath,baseline,0,-,4,nemotron3_super_64k_openmath_rollout_baseline_20260713r2,3,121.811428822999,14897
Nemotron3-Super-120B (FP8) (40K),openmath,baseline,0,-,4,nemotron3_super_64k_openmath_rollout_baseline_20260713r2,3,74.78577127699828,8207
Nemotron3-Super-120B (FP8) (40K),openmath,baseline,0,-,4,nemotron3_super_64k_openmath_rollout_baseline_20260713r2,3,111.63675109299948,13299
Nemotron3-Super-120B (FP8) (40K),openmath,baseline,0,-,4,nemotron3_super_64k_openmath_rollout_baseline_20260713r2,3,76.01953919299922,8369
Nemotron3-Super-120B (FP8) (40K),openmath,baseline,0,-,4,nemotron3_super_64k_openmath_rollout_baseline_20260713r2,3,100.5703936409991,11663
Nemotron3-Super-120B (FP8) (40K),openmath,baseline,0,-,4,nemotron3_super_64k_openmath_rollout_baseline_20260713r2,3,47.070469622998644,4924
Nemotron3-Super-120B (FP8) (40K),openmath,baseline,0,-,4,nemotron3_super_64k_openmath_rollout_baseline_20260713r2,3,56.27237218799928,5960
Nemotron3-Super-120B (FP8) (40K),openmath,baseline,0,-,4,nemotron3_super_64k_openmath_rollout_baseline_20260713r2,3,56.11615565199827,5942
Nemotron3-Super-120B (FP8) (40K),openmath,baseline,0,-,4,nemotron3_super_64k_openmath_rollout_baseline_20260713r2,3,59.771984562998114,6366
Nemotron3-Super-120B (FP8) (40K),openmath,baseline,0,-,4,nemotron3_super_64k_openmath_rollout_baseline_20260713r2,3,64.24122401599743,6888
Nemotron3-Super-120B (FP8) (40K),openmath,baseline,0,-,4,nemotron3_super_64k_openmath_rollout_baseline_20260713r2,3,114.1456075850001,13681
Nemotron3-Super-120B (FP8) (40K),openmath,baseline,0,-,4,nemotron3_super_64k_openmath_rollout_baseline_20260713r2,3,93.7438399269995,10732
Nemotron3-Super-120B (FP8) (40K),openmath,baseline,0,-,4,nemotron3_super_64k_openmath_rollout_baseline_20260713r2,3,46.269039140999666,4834
Nemotron3-Super-120B (FP8) (40K),openmath,baseline,0,-,4,nemotron3_super_64k_openmath_rollout_baseline_20260713r2,3,66.9990926069986,7228
Nemotron3-Super-120B (FP8) (40K),openmath,baseline,0,-,4,nemotron3_super_64k_openmath_rollout_baseline_20260713r2,3,39.58026292499926,4099
Nemotron3-Super-120B (FP8) (40K),openmath,baseline,0,-,4,nemotron3_super_64k_openmath_rollout_baseline_20260713r2,3,82.743519929998,9255
Nemotron3-Super-120B (FP8) (40K),openmath,baseline,0,-,4,nemotron3_super_64k_openmath_rollout_baseline_20260713r2,3,70.25460465200013,7635
Nemotron3-Super-120B (FP8) (40K),openmath,baseline,0,-,4,nemotron3_super_64k_openmath_rollout_baseline_20260713r2,3,115.99263374699876,13969
Nemotron3-Super-120B (FP8) (40K),openmath,baseline,0,-,4,nemotron3_super_64k_openmath_rollout_baseline_20260713r2,3,56.15098059599768,5946
Nemotron3-Super-120B (FP8) (40K),openmath,baseline,0,-,4,nemotron3_super_64k_openmath_rollout_baseline_20260713r2,3,181.85010219799733,26438
Nemotron3-Super-120B (FP8) (40K),openmath,baseline,0,-,4,nemotron3_super_64k_openmath_rollout_baseline_20260713r2,3,128.57911931599665,16024
Nemotron3-Super-120B (FP8) (40K),openmath,baseline,0,-,4,nemotron3_super_64k_openmath_rollout_baseline_20260713r2,3,83.61441646599997,9371
Nemotron3-Super-120B (FP8) (40K),openmath,baseline,0,-,4,nemotron3_super_64k_openmath_rollout_baseline_20260713r2,3,143.1365407279991,18769
Nemotron3-Super-120B (FP8) (40K),openmath,baseline,0,-,4,nemotron3_super_64k_openmath_rollout_baseline_20260713r2,3,63.50031922999915,6801
Nemotron3-Super-120B (FP8) (40K),openmath,baseline,0,-,4,nemotron3_super_64k_openmath_rollout_baseline_20260713r2,3,114.48341231099766,13733
Nemotron3-Super-120B (FP8) (40K),openmath,baseline,0,-,4,nemotron3_super_64k_openmath_rollout_baseline_20260713r2,3,100.92050139999992,11711
Nemotron3-Super-120B (FP8) (40K),openmath,baseline,0,-,4,nemotron3_super_64k_openmath_rollout_baseline_20260713r2,3,62.67850231899865,6705
Nemotron3-Super-120B (FP8) (40K),openmath,baseline,0,-,4,nemotron3_super_64k_openmath_rollout_baseline_20260713r2,3,53.26626753599703,5620
Nemotron3-Super-120B (FP8) (40K),openmath,dynamic,3,greedy,4,nemotron3_super_64k_openmath_rollout_dynamic_20260713r2,0,2.9821351309983584,331
Nemotron3-Super-120B (FP8) (40K),openmath,dynamic,3,greedy,4,nemotron3_super_64k_openmath_rollout_dynamic_20260713r2,0,2.405100420997769,242
Nemotron3-Super-120B (FP8) (40K),openmath,dynamic,3,greedy,4,nemotron3_super_64k_openmath_rollout_dynamic_20260713r2,0,2.264503716996842,229
Nemotron3-Super-120B (FP8) (40K),openmath,dynamic,3,greedy,4,nemotron3_super_64k_openmath_rollout_dynamic_20260713r2,0,4.01575371799845,588
Nemotron3-Super-120B (FP8) (40K),openmath,dynamic,3,greedy,4,nemotron3_super_64k_openmath_rollout_dynamic_20260713r2,0,3.9051997869974002,592
Nemotron3-Super-120B (FP8) (40K),openmath,dynamic,3,greedy,4,nemotron3_super_64k_openmath_rollout_dynamic_20260713r2,0,2.2502776779983833,216
Nemotron3-Super-120B (FP8) (40K),openmath,dynamic,3,greedy,4,nemotron3_super_64k_openmath_rollout_dynamic_20260713r2,0,2.3209320309979375,236
Nemotron3-Super-120B (FP8) (40K),openmath,dynamic,3,greedy,4,nemotron3_super_64k_openmath_rollout_dynamic_20260713r2,0,3.1557170819978637,431
Nemotron3-Super-120B (FP8) (40K),openmath,dynamic,3,greedy,4,nemotron3_super_64k_openmath_rollout_dynamic_20260713r2,0,4.242178273998434,623
Nemotron3-Super-120B (FP8) (40K),openmath,dynamic,3,greedy,4,nemotron3_super_64k_openmath_rollout_dynamic_20260713r2,0,2.6019704619975528,296
Nemotron3-Super-120B (FP8) (40K),openmath,dynamic,3,greedy,4,nemotron3_super_64k_openmath_rollout_dynamic_20260713r2,0,2.363158978998399,249
Nemotron3-Super-120B (FP8) (40K),openmath,dynamic,3,greedy,4,nemotron3_super_64k_openmath_rollout_dynamic_20260713r2,0,3.5259722089977004,494
Nemotron3-Super-120B (FP8) (40K),openmath,dynamic,3,greedy,4,nemotron3_super_64k_openmath_rollout_dynamic_20260713r2,0,3.2504684559971793,437
Nemotron3-Super-120B (FP8) (40K),openmath,dynamic,3,greedy,4,nemotron3_super_64k_openmath_rollout_dynamic_20260713r2,0,3.4595443039979727,380
Nemotron3-Super-120B (FP8) (40K),openmath,dynamic,3,greedy,4,nemotron3_super_64k_openmath_rollout_dynamic_20260713r2,0,3.7937924759971793,560
Nemotron3-Super-120B (FP8) (40K),openmath,dynamic,3,greedy,4,nemotron3_super_64k_openmath_rollout_dynamic_20260713r2,0,3.653303324997978,527
Nemotron3-Super-120B (FP8) (40K),openmath,dynamic,3,greedy,4,nemotron3_super_64k_openmath_rollout_dynamic_20260713r2,0,2.6292732549991342,284
Nemotron3-Super-120B (FP8) (40K),openmath,dynamic,3,greedy,4,nemotron3_super_64k_openmath_rollout_dynamic_20260713r2,0,4.0037741839987575,609
Nemotron3-Super-120B (FP8) (40K),openmath,dynamic,3,greedy,4,nemotron3_super_64k_openmath_rollout_dynamic_20260713r2,0,3.741440017998684,515
Nemotron3-Super-120B (FP8) (40K),openmath,dynamic,3,greedy,4,nemotron3_super_64k_openmath_rollout_dynamic_20260713r2,0,2.9533263159974013,387
Nemotron3-Super-120B (FP8) (40K),openmath,dynamic,3,greedy,4,nemotron3_super_64k_openmath_rollout_dynamic_20260713r2,0,3.843352795996907,570
Nemotron3-Super-120B (FP8) (40K),openmath,dynamic,3,greedy,4,nemotron3_super_64k_openmath_rollout_dynamic_20260713r2,0,3.142369957997289,444
Nemotron3-Super-120B (FP8) (40K),openmath,dynamic,3,greedy,4,nemotron3_super_64k_openmath_rollout_dynamic_20260713r2,0,3.741440017998684,479
Nemotron3-Super-120B (FP8) (40K),openmath,dynamic,3,greedy,4,nemotron3_super_64k_openmath_rollout_dynamic_20260713r2,0,2.476504472997476,260
Nemotron3-Super-120B (FP8) (40K),openmath,dynamic,3,greedy,4,nemotron3_super_64k_openmath_rollout_dynamic_20260713r2,0,3.1956529159979254,435
Nemotron3-Super-120B (FP8) (40K),openmath,dynamic,3,greedy,4,nemotron3_super_64k_openmath_rollout_dynamic_20260713r2,0,3.9315702249987226,559
Nemotron3-Super-120B (FP8) (40K),openmath,dynamic,3,greedy,4,nemotron3_super_64k_openmath_rollout_dynamic_20260713r2,0,3.4853522759985935,454
Nemotron3-Super-120B (FP8) (40K),openmath,dynamic,3,greedy,4,nemotron3_super_64k_openmath_rollout_dynamic_20260713r2,0,2.6835467129967583,304
Nemotron3-Super-120B (FP8) (40K),openmath,dynamic,3,greedy,4,nemotron3_super_64k_openmath_rollout_dynamic_20260713r2,0,2.4348419119996834,273
Nemotron3-Super-120B (FP8) (40K),openmath,dynamic,3,greedy,4,nemotron3_super_64k_openmath_rollout_dynamic_20260713r2,0,3.2089915919968917,438
Nemotron3-Super-120B (FP8) (40K),openmath,dynamic,3,greedy,4,nemotron3_super_64k_openmath_rollout_dynamic_20260713r2,0,3.6153482669978985,477
Nemotron3-Super-120B (FP8) (40K),openmath,dynamic,3,greedy,4,nemotron3_super_64k_openmath_rollout_dynamic_20260713r2,0,2.363158978998399,235
Nemotron3-Super-120B (FP8) (40K),openmath,dynamic,3,greedy,4,nemotron3_super_64k_openmath_rollout_dynamic_20260713r2,0,23.114276042997517,5279
Nemotron3-Super-120B (FP8) (40K),openmath,dynamic,3,greedy,4,nemotron3_super_64k_openmath_rollout_dynamic_20260713r2,0,22.721859757999482,5046
Nemotron3-Super-120B (FP8) (40K),openmath,dynamic,3,greedy,4,nemotron3_super_64k_openmath_rollout_dynamic_20260713r2,0,21.48143821999838,5027
Nemotron3-Super-120B (FP8) (40K),openmath,dynamic,3,greedy,4,nemotron3_super_64k_openmath_rollout_dynamic_20260713r2,0,12.068149642997014,2256
Nemotron3-Super-120B (FP8) (40K),openmath,dynamic,3,greedy,4,nemotron3_super_64k_openmath_rollout_dynamic_20260713r2,0,12.32249911100007,2434
Nemotron3-Super-120B (FP8) (40K),openmath,dynamic,3,greedy,4,nemotron3_super_64k_openmath_rollout_dynamic_20260713r2,0,14.748807674997806,2935
Nemotron3-Super-120B (FP8) (40K),openmath,dynamic,3,greedy,4,nemotron3_super_64k_openmath_rollout_dynamic_20260713r2,0,20.36386289499933,4478
Nemotron3-Super-120B (FP8) (40K),openmath,dynamic,3,greedy,4,nemotron3_super_64k_openmath_rollout_dynamic_20260713r2,0,17.157685586997104,3450
Nemotron3-Super-120B (FP8) (40K),openmath,dynamic,3,greedy,4,nemotron3_super_64k_openmath_rollout_dynamic_20260713r2,0,18.379011520999484,3623
Nemotron3-Super-120B (FP8) (40K),openmath,dynamic,3,greedy,4,nemotron3_super_64k_openmath_rollout_dynamic_20260713r2,0,18.854881884999486,3934
Nemotron3-Super-120B (FP8) (40K),openmath,dynamic,3,greedy,4,nemotron3_super_64k_openmath_rollout_dynamic_20260713r2,0,26.77675620699665,6656
Nemotron3-Super-120B (FP8) (40K),openmath,dynamic,3,greedy,4,nemotron3_super_64k_openmath_rollout_dynamic_20260713r2,0,365.065175017,65536
Nemotron3-Super-120B (FP8) (40K),openmath,dynamic,3,greedy,4,nemotron3_super_64k_openmath_rollout_dynamic_20260713r2,0,15.505629657996906,3162
Nemotron3-Super-120B (FP8) (40K),openmath,dynamic,3,greedy,4,nemotron3_super_64k_openmath_rollout_dynamic_20260713r2,0,18.2185604649967,3638
Nemotron3-Super-120B (FP8) (40K),openmath,dynamic,3,greedy,4,nemotron3_super_64k_openmath_rollout_dynamic_20260713r2,0,17.38198799499878,3730
Nemotron3-Super-120B (FP8) (40K),openmath,dynamic,3,greedy,4,nemotron3_super_64k_openmath_rollout_dynamic_20260713r2,0,15.178032959996926,2916
Nemotron3-Super-120B (FP8) (40K),openmath,dynamic,3,greedy,4,nemotron3_super_64k_openmath_rollout_dynamic_20260713r2,0,14.113041458997031,2777
Nemotron3-Super-120B (FP8) (40K),openmath,dynamic,3,greedy,4,nemotron3_super_64k_openmath_rollout_dynamic_20260713r2,0,23.768003811997914,5483
Nemotron3-Super-120B (FP8) (40K),openmath,dynamic,3,greedy,4,nemotron3_super_64k_openmath_rollout_dynamic_20260713r2,0,12.379919045997667,2277
Nemotron3-Super-120B (FP8) (40K),openmath,dynamic,3,greedy,4,nemotron3_super_64k_openmath_rollout_dynamic_20260713r2,0,17.9559547079989,3801
Nemotron3-Super-120B (FP8) (40K),openmath,dynamic,3,greedy,4,nemotron3_super_64k_openmath_rollout_dynamic_20260713r2,0,14.63830606099873,2900
Nemotron3-Super-120B (FP8) (40K),openmath,dynamic,3,greedy,4,nemotron3_super_64k_openmath_rollout_dynamic_20260713r2,0,21.88837634799711,5075
Nemotron3-Super-120B (FP8) (40K),openmath,dynamic,3,greedy,4,nemotron3_super_64k_openmath_rollout_dynamic_20260713r2,0,13.576207309997699,2566
Nemotron3-Super-120B (FP8) (40K),openmath,dynamic,3,greedy,4,nemotron3_super_64k_openmath_rollout_dynamic_20260713r2,0,18.389051783997274,3707
Nemotron3-Super-120B (FP8) (40K),openmath,dynamic,3,greedy,4,nemotron3_super_64k_openmath_rollout_dynamic_20260713r2,0,17.549941672998102,3518
Nemotron3-Super-120B (FP8) (40K),openmath,dynamic,3,greedy,4,nemotron3_super_64k_openmath_rollout_dynamic_20260713r2,0,12.482264563997887,2396
Nemotron3-Super-120B (FP8) (40K),openmath,dynamic,3,greedy,4,nemotron3_super_64k_openmath_rollout_dynamic_20260713r2,0,25.764280024999607,6079
Nemotron3-Super-120B (FP8) (40K),openmath,dynamic,3,greedy,4,nemotron3_super_64k_openmath_rollout_dynamic_20260713r2,0,18.14793849399939,3692
Nemotron3-Super-120B (FP8) (40K),openmath,dynamic,3,greedy,4,nemotron3_super_64k_openmath_rollout_dynamic_20260713r2,0,23.106242091998865,5164
Nemotron3-Super-120B (FP8) (40K),openmath,dynamic,3,greedy,4,nemotron3_super_64k_openmath_rollout_dynamic_20260713r2,0,13.09251631099687,2529
Nemotron3-Super-120B (FP8) (40K),openmath,dynamic,3,greedy,4,nemotron3_super_64k_openmath_rollout_dynamic_20260713r2,0,11.75241273699794,2317
Nemotron3-Super-120B (FP8) (40K),openmath,dynamic,3,greedy,4,nemotron3_super_64k_openmath_rollout_dynamic_20260713r2,0,13.94591613800003,2857
Nemotron3-Super-120B (FP8) (40K),openmath,dynamic,3,greedy,4,nemotron3_super_64k_openmath_rollout_dynamic_20260713r2,1,426.50199284599876,65536
Nemotron3-Super-120B (FP8) (40K),openmath,dynamic,3,greedy,4,nemotron3_super_64k_openmath_rollout_dynamic_20260713r2,1,426.3663117569995,65536
Nemotron3-Super-120B (FP8) (40K),openmath,dynamic,3,greedy,4,nemotron3_super_64k_openmath_rollout_dynamic_20260713r2,1,426.38420979799776,65536
Nemotron3-Super-120B (FP8) (40K),openmath,dynamic,3,greedy,4,nemotron3_super_64k_openmath_rollout_dynamic_20260713r2,1,82.93457563300035,23548
Nemotron3-Super-120B (FP8) (40K),openmath,dynamic,3,greedy,4,nemotron3_super_64k_openmath_rollout_dynamic_20260713r2,1,48.74592857400057,12113
Nemotron3-Super-120B (FP8) (40K),openmath,dynamic,3,greedy,4,nemotron3_super_64k_openmath_rollout_dynamic_20260713r2,1,55.63809767999919,13824
Nemotron3-Super-120B (FP8) (40K),openmath,dynamic,3,greedy,4,nemotron3_super_64k_openmath_rollout_dynamic_20260713r2,1,71.88969396299944,20417
Nemotron3-Super-120B (FP8) (40K),openmath,dynamic,3,greedy,4,nemotron3_super_64k_openmath_rollout_dynamic_20260713r2,1,27.35313440900063,6249
Nemotron3-Super-120B (FP8) (40K),openmath,dynamic,3,greedy,4,nemotron3_super_64k_openmath_rollout_dynamic_20260713r2,1,86.56092590499975,25839
Nemotron3-Super-120B (FP8) (40K),openmath,dynamic,3,greedy,4,nemotron3_super_64k_openmath_rollout_dynamic_20260713r2,1,27.203923246997874,6063
Nemotron3-Super-120B (FP8) (40K),openmath,dynamic,3,greedy,4,nemotron3_super_64k_openmath_rollout_dynamic_20260713r2,1,56.12299687399718,14124
Nemotron3-Super-120B (FP8) (40K),openmath,dynamic,3,greedy,4,nemotron3_super_64k_openmath_rollout_dynamic_20260713r2,1,81.52103834899754,22895
Nemotron3-Super-120B (FP8) (40K),openmath,dynamic,3,greedy,4,nemotron3_super_64k_openmath_rollout_dynamic_20260713r2,1,27.592942357998254,5959
Nemotron3-Super-120B (FP8) (40K),openmath,dynamic,3,greedy,4,nemotron3_super_64k_openmath_rollout_dynamic_20260713r2,1,37.03454678199705,8480
Nemotron3-Super-120B (FP8) (40K),openmath,dynamic,3,greedy,4,nemotron3_super_64k_openmath_rollout_dynamic_20260713r2,1,426.4552629179998,65536
Nemotron3-Super-120B (FP8) (40K),openmath,dynamic,3,greedy,4,nemotron3_super_64k_openmath_rollout_dynamic_20260713r2,1,38.71007692999774,8855
Nemotron3-Super-120B (FP8) (40K),openmath,dynamic,3,greedy,4,nemotron3_super_64k_openmath_rollout_dynamic_20260713r2,1,41.81886593899981,9576
Nemotron3-Super-120B (FP8) (40K),openmath,dynamic,3,greedy,4,nemotron3_super_64k_openmath_rollout_dynamic_20260713r2,1,38.862266570999054,8913
Nemotron3-Super-120B (FP8) (40K),openmath,dynamic,3,greedy,4,nemotron3_super_64k_openmath_rollout_dynamic_20260713r2,1,20.70179232800001,4234
Nemotron3-Super-120B (FP8) (40K),openmath,dynamic,3,greedy,4,nemotron3_super_64k_openmath_rollout_dynamic_20260713r2,1,64.00519886599795,16239
Nemotron3-Super-120B (FP8) (40K),openmath,dynamic,3,greedy,4,nemotron3_super_64k_openmath_rollout_dynamic_20260713r2,1,27.547774093000044,6184
Nemotron3-Super-120B (FP8) (40K),openmath,dynamic,3,greedy,4,nemotron3_super_64k_openmath_rollout_dynamic_20260713r2,1,35.07193976199778,7923
Nemotron3-Super-120B (FP8) (40K),openmath,dynamic,3,greedy,4,nemotron3_super_64k_openmath_rollout_dynamic_20260713r2,1,42.07311913999729,10182
Nemotron3-Super-120B (FP8) (40K),openmath,dynamic,3,greedy,4,nemotron3_super_64k_openmath_rollout_dynamic_20260713r2,1,409.1297541399981,65536
Nemotron3-Super-120B (FP8) (40K),openmath,dynamic,3,greedy,4,nemotron3_super_64k_openmath_rollout_dynamic_20260713r2,1,55.985676647997025,13332
Nemotron3-Super-120B (FP8) (40K),openmath,dynamic,3,greedy,4,nemotron3_super_64k_openmath_rollout_dynamic_20260713r2,1,72.01779795899711,18768
Nemotron3-Super-120B (FP8) (40K),openmath,dynamic,3,greedy,4,nemotron3_super_64k_openmath_rollout_dynamic_20260713r2,1,68.22316937799769,18972
Nemotron3-Super-120B (FP8) (40K),openmath,dynamic,3,greedy,4,nemotron3_super_64k_openmath_rollout_dynamic_20260713r2,1,426.55843728499894,65536
Nemotron3-Super-120B (FP8) (40K),openmath,dynamic,3,greedy,4,nemotron3_super_64k_openmath_rollout_dynamic_20260713r2,1,64.51023908099887,16786
Nemotron3-Super-120B (FP8) (40K),openmath,dynamic,3,greedy,4,nemotron3_super_64k_openmath_rollout_dynamic_20260713r2,1,12.805683581998892,2410
Nemotron3-Super-120B (FP8) (40K),openmath,dynamic,3,greedy,4,nemotron3_super_64k_openmath_rollout_dynamic_20260713r2,1,19.690370345997508,3954
Nemotron3-Super-120B (FP8) (40K),openmath,dynamic,3,greedy,4,nemotron3_super_64k_openmath_rollout_dynamic_20260713r2,1,55.48255487300048,13848
Nemotron3-Super-120B (FP8) (40K),openmath,dynamic,3,greedy,4,nemotron3_super_64k_openmath_rollout_dynamic_20260713r2,1,8.763781811998342,1635
Nemotron3-Super-120B (FP8) (40K),openmath,dynamic,3,greedy,4,nemotron3_super_64k_openmath_rollout_dynamic_20260713r2,1,10.33073945599972,2011
Nemotron3-Super-120B (FP8) (40K),openmath,dynamic,3,greedy,4,nemotron3_super_64k_openmath_rollout_dynamic_20260713r2,1,18.084973394998087,3596
Nemotron3-Super-120B (FP8) (40K),openmath,dynamic,3,greedy,4,nemotron3_super_64k_openmath_rollout_dynamic_20260713r2,1,7.740841889997682,1433
Nemotron3-Super-120B (FP8) (40K),openmath,dynamic,3,greedy,4,nemotron3_super_64k_openmath_rollout_dynamic_20260713r2,1,7.698959430999821,1295
Nemotron3-Super-120B (FP8) (40K),openmath,dynamic,3,greedy,4,nemotron3_super_64k_openmath_rollout_dynamic_20260713r2,1,10.045439399997122,1810
Nemotron3-Super-120B (FP8) (40K),openmath,dynamic,3,greedy,4,nemotron3_super_64k_openmath_rollout_dynamic_20260713r2,1,6.414460293999582,1182
Nemotron3-Super-120B (FP8) (40K),openmath,dynamic,3,greedy,4,nemotron3_super_64k_openmath_rollout_dynamic_20260713r2,1,14.080870419998973,2712
Nemotron3-Super-120B (FP8) (40K),openmath,dynamic,3,greedy,4,nemotron3_super_64k_openmath_rollout_dynamic_20260713r2,1,8.924919842997042,1644
Nemotron3-Super-120B (FP8) (40K),openmath,dynamic,3,greedy,4,nemotron3_super_64k_openmath_rollout_dynamic_20260713r2,1,10.8392962839971,2070
Nemotron3-Super-120B (FP8) (40K),openmath,dynamic,3,greedy,4,nemotron3_super_64k_openmath_rollout_dynamic_20260713r2,1,12.71816024799773,2576
Nemotron3-Super-120B (FP8) (40K),openmath,dynamic,3,greedy,4,nemotron3_super_64k_openmath_rollout_dynamic_20260713r2,1,11.257440645000315,2142
Nemotron3-Super-120B (FP8) (40K),openmath,dynamic,3,greedy,4,nemotron3_super_64k_openmath_rollout_dynamic_20260713r2,1,7.446695361999446,1275
Nemotron3-Super-120B (FP8) (40K),openmath,dynamic,3,greedy,4,nemotron3_super_64k_openmath_rollout_dynamic_20260713r2,1,7.933522780997009,1473
Nemotron3-Super-120B (FP8) (40K),openmath,dynamic,3,greedy,4,nemotron3_super_64k_openmath_rollout_dynamic_20260713r2,1,10.877392422000412,2102
Nemotron3-Super-120B (FP8) (40K),openmath,dynamic,3,greedy,4,nemotron3_super_64k_openmath_rollout_dynamic_20260713r2,1,7.600935889997345,1393
Nemotron3-Super-120B (FP8) (40K),openmath,dynamic,3,greedy,4,nemotron3_super_64k_openmath_rollout_dynamic_20260713r2,1,8.790764972000034,1515
Nemotron3-Super-120B (FP8) (40K),openmath,dynamic,3,greedy,4,nemotron3_super_64k_openmath_rollout_dynamic_20260713r2,1,9.253577531999326,1645
Nemotron3-Super-120B (FP8) (40K),openmath,dynamic,3,greedy,4,nemotron3_super_64k_openmath_rollout_dynamic_20260713r2,1,10.356426930997259,2048
Nemotron3-Super-120B (FP8) (40K),openmath,dynamic,3,greedy,4,nemotron3_super_64k_openmath_rollout_dynamic_20260713r2,1,13.012723192998237,2639
Nemotron3-Super-120B (FP8) (40K),openmath,dynamic,3,greedy,4,nemotron3_super_64k_openmath_rollout_dynamic_20260713r2,1,8.844520987997385,1584
Nemotron3-Super-120B (FP8) (40K),openmath,dynamic,3,greedy,4,nemotron3_super_64k_openmath_rollout_dynamic_20260713r2,1,6.35733744800018,1070
Nemotron3-Super-120B (FP8) (40K),openmath,dynamic,3,greedy,4,nemotron3_super_64k_openmath_rollout_dynamic_20260713r2,1,7.76867030199719,1351
Nemotron3-Super-120B (FP8) (40K),openmath,dynamic,3,greedy,4,nemotron3_super_64k_openmath_rollout_dynamic_20260713r2,1,10.29197537899745,1931
Nemotron3-Super-120B (FP8) (40K),openmath,dynamic,3,greedy,4,nemotron3_super_64k_openmath_rollout_dynamic_20260713r2,1,8.66933175899976,1612
Nemotron3-Super-120B (FP8) (40K),openmath,dynamic,3,greedy,4,nemotron3_super_64k_openmath_rollout_dynamic_20260713r2,1,7.8100345819984796,1456
Nemotron3-Super-120B (FP8) (40K),openmath,dynamic,3,greedy,4,nemotron3_super_64k_openmath_rollout_dynamic_20260713r2,1,13.085588477999408,2502
Nemotron3-Super-120B (FP8) (40K),openmath,dynamic,3,greedy,4,nemotron3_super_64k_openmath_rollout_dynamic_20260713r2,1,9.266758423000283,1679
Nemotron3-Super-120B (FP8) (40K),openmath,dynamic,3,greedy,4,nemotron3_super_64k_openmath_rollout_dynamic_20260713r2,1,8.58760918599728,1571
Nemotron3-Super-120B (FP8) (40K),openmath,dynamic,3,greedy,4,nemotron3_super_64k_openmath_rollout_dynamic_20260713r2,1,14.847553646999586,3034
Nemotron3-Super-120B (FP8) (40K),openmath,dynamic,3,greedy,4,nemotron3_super_64k_openmath_rollout_dynamic_20260713r2,1,11.004133178998018,2063
Nemotron3-Super-120B (FP8) (40K),openmath,dynamic,3,greedy,4,nemotron3_super_64k_openmath_rollout_dynamic_20260713r2,1,7.418412099999841,1345
Nemotron3-Super-120B (FP8) (40K),openmath,dynamic,3,greedy,4,nemotron3_super_64k_openmath_rollout_dynamic_20260713r2,2,103.74674448199949,25774
Nemotron3-Super-120B (FP8) (40K),openmath,dynamic,3,greedy,4,nemotron3_super_64k_openmath_rollout_dynamic_20260713r2,2,405.96810382999683,65536
Nemotron3-Super-120B (FP8) (40K),openmath,dynamic,3,greedy,4,nemotron3_super_64k_openmath_rollout_dynamic_20260713r2,2,495.5204794389974,65536
Nemotron3-Super-120B (FP8) (40K),openmath,dynamic,3,greedy,4,nemotron3_super_64k_openmath_rollout_dynamic_20260713r2,2,443.488607973999,65536
Nemotron3-Super-120B (FP8) (40K),openmath,dynamic,3,greedy,4,nemotron3_super_64k_openmath_rollout_dynamic_20260713r2,2,97.3165671099996,24241
Nemotron3-Super-120B (FP8) (40K),openmath,dynamic,3,greedy,4,nemotron3_super_64k_openmath_rollout_dynamic_20260713r2,2,151.93266310299805,40362
Nemotron3-Super-120B (FP8) (40K),openmath,dynamic,3,greedy,4,nemotron3_super_64k_openmath_rollout_dynamic_20260713r2,2,387.5340473269971,65536
Nemotron3-Super-120B (FP8) (40K),openmath,dynamic,3,greedy,4,nemotron3_super_64k_openmath_rollout_dynamic_20260713r2,2,70.13535749099901,17550
Nemotron3-Super-120B (FP8) (40K),openmath,dynamic,3,greedy,4,nemotron3_super_64k_openmath_rollout_dynamic_20260713r2,2,136.93789827699948,35526
Nemotron3-Super-120B (FP8) (40K),openmath,dynamic,3,greedy,4,nemotron3_super_64k_openmath_rollout_dynamic_20260713r2,2,130.4959674979982,32546
Nemotron3-Super-120B (FP8) (40K),openmath,dynamic,3,greedy,4,nemotron3_super_64k_openmath_rollout_dynamic_20260713r2,2,461.2101327789969,65536
Nemotron3-Super-120B (FP8) (40K),openmath,dynamic,3,greedy,4,nemotron3_super_64k_openmath_rollout_dynamic_20260713r2,2,95.65271711199966,23365
Nemotron3-Super-120B (FP8) (40K),openmath,dynamic,3,greedy,4,nemotron3_super_64k_openmath_rollout_dynamic_20260713r2,2,106.94336545299666,25972
Nemotron3-Super-120B (FP8) (40K),openmath,dynamic,3,greedy,4,nemotron3_super_64k_openmath_rollout_dynamic_20260713r2,2,422.9616655849968,65536
Nemotron3-Super-120B (FP8) (40K),openmath,dynamic,3,greedy,4,nemotron3_super_64k_openmath_rollout_dynamic_20260713r2,2,168.5559848289995,44590
Nemotron3-Super-120B (FP8) (40K),openmath,dynamic,3,greedy,4,nemotron3_super_64k_openmath_rollout_dynamic_20260713r2,2,179.4335437919981,50544
Nemotron3-Super-120B (FP8) (40K),openmath,dynamic,3,greedy,4,nemotron3_super_64k_openmath_rollout_dynamic_20260713r2,2,124.83579871999973,30693
Nemotron3-Super-120B (FP8) (40K),openmath,dynamic,3,greedy,4,nemotron3_super_64k_openmath_rollout_dynamic_20260713r2,2,101.6645685629992,25718
Nemotron3-Super-120B (FP8) (40K),openmath,dynamic,3,greedy,4,nemotron3_super_64k_openmath_rollout_dynamic_20260713r2,2,126.52123425499667,31135
Nemotron3-Super-120B (FP8) (40K),openmath,dynamic,3,greedy,4,nemotron3_super_64k_openmath_rollout_dynamic_20260713r2,2,120.13295462999668,29704
Nemotron3-Super-120B (FP8) (40K),openmath,dynamic,3,greedy,4,nemotron3_super_64k_openmath_rollout_dynamic_20260713r2,2,161.3893423699992,43721
Nemotron3-Super-120B (FP8) (40K),openmath,dynamic,3,greedy,4,nemotron3_super_64k_openmath_rollout_dynamic_20260713r2,2,67.3842394969979,16029
Nemotron3-Super-120B (FP8) (40K),openmath,dynamic,3,greedy,4,nemotron3_super_64k_openmath_rollout_dynamic_20260713r2,2,461.7350519949978,65536
Nemotron3-Super-120B (FP8) (40K),openmath,dynamic,3,greedy,4,nemotron3_super_64k_openmath_rollout_dynamic_20260713r2,2,105.43185876599819,26230
Nemotron3-Super-120B (FP8) (40K),openmath,dynamic,3,greedy,4,nemotron3_super_64k_openmath_rollout_dynamic_20260713r2,2,178.89202469599695,49947
Nemotron3-Super-120B (FP8) (40K),openmath,dynamic,3,greedy,4,nemotron3_super_64k_openmath_rollout_dynamic_20260713r2,2,479.23495514899696,65536
Nemotron3-Super-120B (FP8) (40K),openmath,dynamic,3,greedy,4,nemotron3_super_64k_openmath_rollout_dynamic_20260713r2,2,56.627272423997056,13167
Nemotron3-Super-120B (FP8) (40K),openmath,dynamic,3,greedy,4,nemotron3_super_64k_openmath_rollout_dynamic_20260713r2,2,495.7387113320001,65536
Nemotron3-Super-120B (FP8) (40K),openmath,dynamic,3,greedy,4,nemotron3_super_64k_openmath_rollout_dynamic_20260713r2,2,495.6256743579979,65536
Nemotron3-Super-120B (FP8) (40K),openmath,dynamic,3,greedy,4,nemotron3_super_64k_openmath_rollout_dynamic_20260713r2,2,191.7011986419966,53688
Nemotron3-Super-120B (FP8) (40K),openmath,dynamic,3,greedy,4,nemotron3_super_64k_openmath_rollout_dynamic_20260713r2,2,140.59450377899702,37615
Nemotron3-Super-120B (FP8) (40K),openmath,dynamic,3,greedy,4,nemotron3_super_64k_openmath_rollout_dynamic_20260713r2,2,185.22272276500007,50999
Nemotron3-Super-120B (FP8) (40K),openmath,dynamic,3,greedy,4,nemotron3_super_64k_openmath_rollout_dynamic_20260713r2,2,7.6679844339996635,1355
Nemotron3-Super-120B (FP8) (40K),openmath,dynamic,3,greedy,4,nemotron3_super_64k_openmath_rollout_dynamic_20260713r2,2,7.006956505996641,1234
Nemotron3-Super-120B (FP8) (40K),openmath,dynamic,3,greedy,4,nemotron3_super_64k_openmath_rollout_dynamic_20260713r2,2,3.0633270789985545,450
Nemotron3-Super-120B (FP8) (40K),openmath,dynamic,3,greedy,4,nemotron3_super_64k_openmath_rollout_dynamic_20260713r2,2,7.944100544998946,1512
Nemotron3-Super-120B (FP8) (40K),openmath,dynamic,3,greedy,4,nemotron3_super_64k_openmath_rollout_dynamic_20260713r2,2,4.864690990998497,761
Nemotron3-Super-120B (FP8) (40K),openmath,dynamic,3,greedy,4,nemotron3_super_64k_openmath_rollout_dynamic_20260713r2,2,4.836726020999777,813
Nemotron3-Super-120B (FP8) (40K),openmath,dynamic,3,greedy,4,nemotron3_super_64k_openmath_rollout_dynamic_20260713r2,2,6.016182501996809,1051
Nemotron3-Super-120B (FP8) (40K),openmath,dynamic,3,greedy,4,nemotron3_super_64k_openmath_rollout_dynamic_20260713r2,2,12.443645458999526,2523
Nemotron3-Super-120B (FP8) (40K),openmath,dynamic,3,greedy,4,nemotron3_super_64k_openmath_rollout_dynamic_20260713r2,2,6.4063396279998415,1183
Nemotron3-Super-120B (FP8) (40K),openmath,dynamic,3,greedy,4,nemotron3_super_64k_openmath_rollout_dynamic_20260713r2,2,6.151009535999037,1095
Nemotron3-Super-120B (FP8) (40K),openmath,dynamic,3,greedy,4,nemotron3_super_64k_openmath_rollout_dynamic_20260713r2,2,4.7664972899983695,841
Nemotron3-Super-120B (FP8) (40K),openmath,dynamic,3,greedy,4,nemotron3_super_64k_openmath_rollout_dynamic_20260713r2,2,4.229503980997833,671
Nemotron3-Super-120B (FP8) (40K),openmath,dynamic,3,greedy,4,nemotron3_super_64k_openmath_rollout_dynamic_20260713r2,2,5.5800793879971025,906
Nemotron3-Super-120B (FP8) (40K),openmath,dynamic,3,greedy,4,nemotron3_super_64k_openmath_rollout_dynamic_20260713r2,2,13.648055053999997,2763
Nemotron3-Super-120B (FP8) (40K),openmath,dynamic,3,greedy,4,nemotron3_super_64k_openmath_rollout_dynamic_20260713r2,2,4.906432796997251,748
Nemotron3-Super-120B (FP8) (40K),openmath,dynamic,3,greedy,4,nemotron3_super_64k_openmath_rollout_dynamic_20260713r2,2,6.839746785997704,1205
Nemotron3-Super-120B (FP8) (40K),openmath,dynamic,3,greedy,4,nemotron3_super_64k_openmath_rollout_dynamic_20260713r2,2,10.772336682999594,2009
Nemotron3-Super-120B (FP8) (40K),openmath,dynamic,3,greedy,4,nemotron3_super_64k_openmath_rollout_dynamic_20260713r2,2,5.566330071997072,1027
Nemotron3-Super-120B (FP8) (40K),openmath,dynamic,3,greedy,4,nemotron3_super_64k_openmath_rollout_dynamic_20260713r2,2,4.568938041997171,747
Nemotron3-Super-120B (FP8) (40K),openmath,dynamic,3,greedy,4,nemotron3_super_64k_openmath_rollout_dynamic_20260713r2,2,7.236548420998588,1346
Nemotron3-Super-120B (FP8) (40K),openmath,dynamic,3,greedy,4,nemotron3_super_64k_openmath_rollout_dynamic_20260713r2,2,6.002560706998338,1005
Nemotron3-Super-120B (FP8) (40K),openmath,dynamic,3,greedy,4,nemotron3_super_64k_openmath_rollout_dynamic_20260713r2,2,6.709685185996932,1227
Nemotron3-Super-120B (FP8) (40K),openmath,dynamic,3,greedy,4,nemotron3_super_64k_openmath_rollout_dynamic_20260713r2,2,13.33440352999969,2641
Nemotron3-Super-120B (FP8) (40K),openmath,dynamic,3,greedy,4,nemotron3_super_64k_openmath_rollout_dynamic_20260713r2,2,5.839058171997749,946
Nemotron3-Super-120B (FP8) (40K),openmath,dynamic,3,greedy,4,nemotron3_super_64k_openmath_rollout_dynamic_20260713r2,2,6.761811522999778,1153
Nemotron3-Super-120B (FP8) (40K),openmath,dynamic,3,greedy,4,nemotron3_super_64k_openmath_rollout_dynamic_20260713r2,2,6.365999780999118,1129
Nemotron3-Super-120B (FP8) (40K),openmath,dynamic,3,greedy,4,nemotron3_super_64k_openmath_rollout_dynamic_20260713r2,2,5.05872247699881,837
Nemotron3-Super-120B (FP8) (40K),openmath,dynamic,3,greedy,4,nemotron3_super_64k_openmath_rollout_dynamic_20260713r2,2,7.071141685999464,1295
Nemotron3-Super-120B (FP8) (40K),openmath,dynamic,3,greedy,4,nemotron3_super_64k_openmath_rollout_dynamic_20260713r2,2,7.731339689999004,1447
Nemotron3-Super-120B (FP8) (40K),openmath,dynamic,3,greedy,4,nemotron3_super_64k_openmath_rollout_dynamic_20260713r2,2,15.437404825999693,3160
Nemotron3-Super-120B (FP8) (40K),openmath,dynamic,3,greedy,4,nemotron3_super_64k_openmath_rollout_dynamic_20260713r2,2,7.249247650997859,1222
Nemotron3-Super-120B (FP8) (40K),openmath,dynamic,3,greedy,4,nemotron3_super_64k_openmath_rollout_dynamic_20260713r2,2,6.6307390369984205,1200
Nemotron3-Super-120B (FP8) (40K),openmath,dynamic,3,greedy,4,nemotron3_super_64k_openmath_rollout_dynamic_20260713r2,3,51.47036936800214,11194
Nemotron3-Super-120B (FP8) (40K),openmath,dynamic,3,greedy,4,nemotron3_super_64k_openmath_rollout_dynamic_20260713r2,3,40.39318431599895,8260
Nemotron3-Super-120B (FP8) (40K),openmath,dynamic,3,greedy,4,nemotron3_super_64k_openmath_rollout_dynamic_20260713r2,3,42.4329643380006,9067
Nemotron3-Super-120B (FP8) (40K),openmath,dynamic,3,greedy,4,nemotron3_super_64k_openmath_rollout_dynamic_20260713r2,3,47.76289454899961,9694
Nemotron3-Super-120B (FP8) (40K),openmath,dynamic,3,greedy,4,nemotron3_super_64k_openmath_rollout_dynamic_20260713r2,3,20.098855012998683,3558
Nemotron3-Super-120B (FP8) (40K),openmath,dynamic,3,greedy,4,nemotron3_super_64k_openmath_rollout_dynamic_20260713r2,3,421.21429677700144,65536
Nemotron3-Super-120B (FP8) (40K),openmath,dynamic,3,greedy,4,nemotron3_super_64k_openmath_rollout_dynamic_20260713r2,3,30.617796449001617,5845
Nemotron3-Super-120B (FP8) (40K),openmath,dynamic,3,greedy,4,nemotron3_super_64k_openmath_rollout_dynamic_20260713r2,3,8.595073504999164,1297
Nemotron3-Super-120B (FP8) (40K),openmath,dynamic,3,greedy,4,nemotron3_super_64k_openmath_rollout_dynamic_20260713r2,3,30.011708049001754,5707
Nemotron3-Super-120B (FP8) (40K),openmath,dynamic,3,greedy,4,nemotron3_super_64k_openmath_rollout_dynamic_20260713r2,3,15.592005626000173,2560
Nemotron3-Super-120B (FP8) (40K),openmath,dynamic,3,greedy,4,nemotron3_super_64k_openmath_rollout_dynamic_20260713r2,3,41.01958411600208,8355
Nemotron3-Super-120B (FP8) (40K),openmath,dynamic,3,greedy,4,nemotron3_super_64k_openmath_rollout_dynamic_20260713r2,3,31.012954847999936,5754
Nemotron3-Super-120B (FP8) (40K),openmath,dynamic,3,greedy,4,nemotron3_super_64k_openmath_rollout_dynamic_20260713r2,3,13.139543106000929,2093
Nemotron3-Super-120B (FP8) (40K),openmath,dynamic,3,greedy,4,nemotron3_super_64k_openmath_rollout_dynamic_20260713r2,3,37.18850606699925,7313
Nemotron3-Super-120B (FP8) (40K),openmath,dynamic,3,greedy,4,nemotron3_super_64k_openmath_rollout_dynamic_20260713r2,3,26.996689661002165,5157
Nemotron3-Super-120B (FP8) (40K),openmath,dynamic,3,greedy,4,nemotron3_super_64k_openmath_rollout_dynamic_20260713r2,3,14.641779501998826,2424
Nemotron3-Super-120B (FP8) (40K),openmath,dynamic,3,greedy,4,nemotron3_super_64k_openmath_rollout_dynamic_20260713r2,3,49.80075239600046,10767
Nemotron3-Super-120B (FP8) (40K),openmath,dynamic,3,greedy,4,nemotron3_super_64k_openmath_rollout_dynamic_20260713r2,3,25.44108996200157,4647
Nemotron3-Super-120B (FP8) (40K),openmath,dynamic,3,greedy,4,nemotron3_super_64k_openmath_rollout_dynamic_20260713r2,3,17.998406073002116,3207
Nemotron3-Super-120B (FP8) (40K),openmath,dynamic,3,greedy,4,nemotron3_super_64k_openmath_rollout_dynamic_20260713r2,3,35.45013438100068,6881
Nemotron3-Super-120B (FP8) (40K),openmath,dynamic,3,greedy,4,nemotron3_super_64k_openmath_rollout_dynamic_20260713r2,3,27.1406571539992,5173
Nemotron3-Super-120B (FP8) (40K),openmath,dynamic,3,greedy,4,nemotron3_super_64k_openmath_rollout_dynamic_20260713r2,3,13.334241088999988,2269
Nemotron3-Super-120B (FP8) (40K),openmath,dynamic,3,greedy,4,nemotron3_super_64k_openmath_rollout_dynamic_20260713r2,3,7.398933461001434,1048
Nemotron3-Super-120B (FP8) (40K),openmath,dynamic,3,greedy,4,nemotron3_super_64k_openmath_rollout_dynamic_20260713r2,3,30.77207317799912,5545
Nemotron3-Super-120B (FP8) (40K),openmath,dynamic,3,greedy,4,nemotron3_super_64k_openmath_rollout_dynamic_20260713r2,3,21.6791961179988,4155
Nemotron3-Super-120B (FP8) (40K),openmath,dynamic,3,greedy,4,nemotron3_super_64k_openmath_rollout_dynamic_20260713r2,3,26.060565623000002,4945
Nemotron3-Super-120B (FP8) (40K),openmath,dynamic,3,greedy,4,nemotron3_super_64k_openmath_rollout_dynamic_20260713r2,3,8.15893564200087,1246
Nemotron3-Super-120B (FP8) (40K),openmath,dynamic,3,greedy,4,nemotron3_super_64k_openmath_rollout_dynamic_20260713r2,3,12.062357507998968,1992
Nemotron3-Super-120B (FP8) (40K),openmath,dynamic,3,greedy,4,nemotron3_super_64k_openmath_rollout_dynamic_20260713r2,3,20.27521274299943,3569
Nemotron3-Super-120B (FP8) (40K),openmath,dynamic,3,greedy,4,nemotron3_super_64k_openmath_rollout_dynamic_20260713r2,3,17.0409840909997,2836
Nemotron3-Super-120B (FP8) (40K),openmath,dynamic,3,greedy,4,nemotron3_super_64k_openmath_rollout_dynamic_20260713r2,3,49.591800097001396,10808
Nemotron3-Super-120B (FP8) (40K),openmath,dynamic,3,greedy,4,nemotron3_super_64k_openmath_rollout_dynamic_20260713r2,3,15.37202047699975,2555
Nemotron3-Super-120B (FP8) (40K),openmath,dynamic,3,greedy,4,nemotron3_super_64k_openmath_rollout_dynamic_20260713r2,3,58.66751324100187,13540
Nemotron3-Super-120B (FP8) (40K),openmath,dynamic,3,greedy,4,nemotron3_super_64k_openmath_rollout_dynamic_20260713r2,3,421.93083021799976,65536
Nemotron3-Super-120B (FP8) (40K),openmath,dynamic,3,greedy,4,nemotron3_super_64k_openmath_rollout_dynamic_20260713r2,3,34.486716616000194,6517
Nemotron3-Super-120B (FP8) (40K),openmath,dynamic,3,greedy,4,nemotron3_super_64k_openmath_rollout_dynamic_20260713r2,3,38.20254014300008,7504
Nemotron3-Super-120B (FP8) (40K),openmath,dynamic,3,greedy,4,nemotron3_super_64k_openmath_rollout_dynamic_20260713r2,3,28.812055182999757,5488
Nemotron3-Super-120B (FP8) (40K),openmath,dynamic,3,greedy,4,nemotron3_super_64k_openmath_rollout_dynamic_20260713r2,3,44.72977910600093,9664
Nemotron3-Super-120B (FP8) (40K),openmath,dynamic,3,greedy,4,nemotron3_super_64k_openmath_rollout_dynamic_20260713r2,3,41.52286332600124,8091
Nemotron3-Super-120B (FP8) (40K),openmath,dynamic,3,greedy,4,nemotron3_super_64k_openmath_rollout_dynamic_20260713r2,3,72.35571912100204,17830
Nemotron3-Super-120B (FP8) (40K),openmath,dynamic,3,greedy,4,nemotron3_super_64k_openmath_rollout_dynamic_20260713r2,3,57.40803586900074,12854
Nemotron3-Super-120B (FP8) (40K),openmath,dynamic,3,greedy,4,nemotron3_super_64k_openmath_rollout_dynamic_20260713r2,3,27.506145387000288,5119
Nemotron3-Super-120B (FP8) (40K),openmath,dynamic,3,greedy,4,nemotron3_super_64k_openmath_rollout_dynamic_20260713r2,3,33.74513554200166,6237
Nemotron3-Super-120B (FP8) (40K),openmath,dynamic,3,greedy,4,nemotron3_super_64k_openmath_rollout_dynamic_20260713r2,3,5.643419361000269,655
Nemotron3-Super-120B (FP8) (40K),openmath,dynamic,3,greedy,4,nemotron3_super_64k_openmath_rollout_dynamic_20260713r2,3,35.51091430000088,6908
Nemotron3-Super-120B (FP8) (40K),openmath,dynamic,3,greedy,4,nemotron3_super_64k_openmath_rollout_dynamic_20260713r2,3,56.4060842200015,12745
Nemotron3-Super-120B (FP8) (40K),openmath,dynamic,3,greedy,4,nemotron3_super_64k_openmath_rollout_dynamic_20260713r2,3,21.086317141998734,3809
Nemotron3-Super-120B (FP8) (40K),openmath,dynamic,3,greedy,4,nemotron3_super_64k_openmath_rollout_dynamic_20260713r2,3,36.23069804999977,6937
Nemotron3-Super-120B (FP8) (40K),openmath,dynamic,3,greedy,4,nemotron3_super_64k_openmath_rollout_dynamic_20260713r2,3,48.27870936299951,10696
Nemotron3-Super-120B (FP8) (40K),openmath,dynamic,3,greedy,4,nemotron3_super_64k_openmath_rollout_dynamic_20260713r2,3,67.94102145700163,16959
Nemotron3-Super-120B (FP8) (40K),openmath,dynamic,3,greedy,4,nemotron3_super_64k_openmath_rollout_dynamic_20260713r2,3,47.15169360499931,10151
Nemotron3-Super-120B (FP8) (40K),openmath,dynamic,3,greedy,4,nemotron3_super_64k_openmath_rollout_dynamic_20260713r2,3,51.65757572900111,11390
Nemotron3-Super-120B (FP8) (40K),openmath,dynamic,3,greedy,4,nemotron3_super_64k_openmath_rollout_dynamic_20260713r2,3,22.434429459000967,4149
Nemotron3-Super-120B (FP8) (40K),openmath,dynamic,3,greedy,4,nemotron3_super_64k_openmath_rollout_dynamic_20260713r2,3,38.02623582999877,7313
Nemotron3-Super-120B (FP8) (40K),openmath,dynamic,3,greedy,4,nemotron3_super_64k_openmath_rollout_dynamic_20260713r2,3,421.76124401500056,65536
Nemotron3-Super-120B (FP8) (40K),openmath,dynamic,3,greedy,4,nemotron3_super_64k_openmath_rollout_dynamic_20260713r2,3,71.1712800360001,18706
Nemotron3-Super-120B (FP8) (40K),openmath,dynamic,3,greedy,4,nemotron3_super_64k_openmath_rollout_dynamic_20260713r2,3,33.75783477400182,6298
Nemotron3-Super-120B (FP8) (40K),openmath,dynamic,3,greedy,4,nemotron3_super_64k_openmath_rollout_dynamic_20260713r2,3,39.37505921100092,7611
Nemotron3-Super-120B (FP8) (40K),openmath,dynamic,3,greedy,4,nemotron3_super_64k_openmath_rollout_dynamic_20260713r2,3,51.93924089000211,11687
Nemotron3-Super-120B (FP8) (40K),openmath,dynamic,3,greedy,4,nemotron3_super_64k_openmath_rollout_dynamic_20260713r2,3,421.7262389870011,65536
Nemotron3-Super-120B (FP8) (40K),openmath,dynamic,3,greedy,4,nemotron3_super_64k_openmath_rollout_dynamic_20260713r2,3,421.51870828499887,65536
Nemotron3-Super-120B (FP8) (40K),openmath,dynamic,3,greedy,4,nemotron3_super_64k_openmath_rollout_dynamic_20260713r2,3,39.00331154300147,7488
Nemotron3-Super-120B (FP8) (40K),openmath,dynamic,3,greedy,4,nemotron3_super_64k_openmath_rollout_dynamic_20260713r2,3,55.355733693999355,12390
Nemotron3-Super-120B (FP8) (40K),openmath,dynamic,3,greedy,4,nemotron3_super_64k_openmath_rollout_dynamic_20260713r2,3,40.22235206199912,7971
Nemotron3-Super-120B (FP8) (40K),openmath,fixed_k3,3,greedy,4,nemotron3_super_64k_openmath_rollout_fixed_k3_20260713r2,0,3.2523750149994157,472
Nemotron3-Super-120B (FP8) (40K),openmath,fixed_k3,3,greedy,4,nemotron3_super_64k_openmath_rollout_fixed_k3_20260713r2,0,1.926315352000529,220
Nemotron3-Super-120B (FP8) (40K),openmath,fixed_k3,3,greedy,4,nemotron3_super_64k_openmath_rollout_fixed_k3_20260713r2,0,3.405741828995815,520
Nemotron3-Super-120B (FP8) (40K),openmath,fixed_k3,3,greedy,4,nemotron3_super_64k_openmath_rollout_fixed_k3_20260713r2,0,2.2217632760002743,265
Nemotron3-Super-120B (FP8) (40K),openmath,fixed_k3,3,greedy,4,nemotron3_super_64k_openmath_rollout_fixed_k3_20260713r2,0,2.391469763999339,280
Nemotron3-Super-120B (FP8) (40K),openmath,fixed_k3,3,greedy,4,nemotron3_super_64k_openmath_rollout_fixed_k3_20260713r2,0,3.3153425009950297,471
Nemotron3-Super-120B (FP8) (40K),openmath,fixed_k3,3,greedy,4,nemotron3_super_64k_openmath_rollout_fixed_k3_20260713r2,0,1.9687728459975915,220
Nemotron3-Super-120B (FP8) (40K),openmath,fixed_k3,3,greedy,4,nemotron3_super_64k_openmath_rollout_fixed_k3_20260713r2,0,2.431802130995493,286
Nemotron3-Super-120B (FP8) (40K),openmath,fixed_k3,3,greedy,4,nemotron3_super_64k_openmath_rollout_fixed_k3_20260713r2,0,2.2636639369957265,262
Nemotron3-Super-120B (FP8) (40K),openmath,fixed_k3,3,greedy,4,nemotron3_super_64k_openmath_rollout_fixed_k3_20260713r2,0,3.212106552993646,492
Nemotron3-Super-120B (FP8) (40K),openmath,fixed_k3,3,greedy,4,nemotron3_super_64k_openmath_rollout_fixed_k3_20260713r2,0,2.3074861069981125,284
Nemotron3-Super-120B (FP8) (40K),openmath,fixed_k3,3,greedy,4,nemotron3_super_64k_openmath_rollout_fixed_k3_20260713r2,0,2.6999684869952034,381
Nemotron3-Super-120B (FP8) (40K),openmath,fixed_k3,3,greedy,4,nemotron3_super_64k_openmath_rollout_fixed_k3_20260713r2,0,2.9247011209954508,366
Nemotron3-Super-120B (FP8) (40K),openmath,fixed_k3,3,greedy,4,nemotron3_super_64k_openmath_rollout_fixed_k3_20260713r2,0,3.095878365995304,442
Nemotron3-Super-120B (FP8) (40K),openmath,fixed_k3,3,greedy,4,nemotron3_super_64k_openmath_rollout_fixed_k3_20260713r2,0,4.143801301994245,684
Nemotron3-Super-120B (FP8) (40K),openmath,fixed_k3,3,greedy,4,nemotron3_super_64k_openmath_rollout_fixed_k3_20260713r2,0,2.418409730998974,293
Nemotron3-Super-120B (FP8) (40K),openmath,fixed_k3,3,greedy,4,nemotron3_super_64k_openmath_rollout_fixed_k3_20260713r2,0,2.3369330919958884,283
Nemotron3-Super-120B (FP8) (40K),openmath,fixed_k3,3,greedy,4,nemotron3_super_64k_openmath_rollout_fixed_k3_20260713r2,0,2.3643786609973176,294
Nemotron3-Super-120B (FP8) (40K),openmath,fixed_k3,3,greedy,4,nemotron3_super_64k_openmath_rollout_fixed_k3_20260713r2,0,2.2776410739970743,256
Nemotron3-Super-120B (FP8) (40K),openmath,fixed_k3,3,greedy,4,nemotron3_super_64k_openmath_rollout_fixed_k3_20260713r2,0,3.2396781699935673,456
Nemotron3-Super-120B (FP8) (40K),openmath,fixed_k3,3,greedy,4,nemotron3_super_64k_openmath_rollout_fixed_k3_20260713r2,0,3.517624079999223,561
Nemotron3-Super-120B (FP8) (40K),openmath,fixed_k3,3,greedy,4,nemotron3_super_64k_openmath_rollout_fixed_k3_20260713r2,0,2.1094872319954447,262
Nemotron3-Super-120B (FP8) (40K),openmath,fixed_k3,3,greedy,4,nemotron3_super_64k_openmath_rollout_fixed_k3_20260713r2,0,3.7136452849954367,609
Nemotron3-Super-120B (FP8) (40K),openmath,fixed_k3,3,greedy,4,nemotron3_super_64k_openmath_rollout_fixed_k3_20260713r2,0,3.3153425009950297,487
Nemotron3-Super-120B (FP8) (40K),openmath,fixed_k3,3,greedy,4,nemotron3_super_64k_openmath_rollout_fixed_k3_20260713r2,0,2.165747045997705,251
Nemotron3-Super-120B (FP8) (40K),openmath,fixed_k3,3,greedy,4,nemotron3_super_64k_openmath_rollout_fixed_k3_20260713r2,0,2.391469763999339,300
Nemotron3-Super-120B (FP8) (40K),openmath,fixed_k3,3,greedy,4,nemotron3_super_64k_openmath_rollout_fixed_k3_20260713r2,0,3.3806829239983927,459
Nemotron3-Super-120B (FP8) (40K),openmath,fixed_k3,3,greedy,4,nemotron3_super_64k_openmath_rollout_fixed_k3_20260713r2,0,2.3213397879953845,269
Nemotron3-Super-120B (FP8) (40K),openmath,fixed_k3,3,greedy,4,nemotron3_super_64k_openmath_rollout_fixed_k3_20260713r2,0,3.199179658993671,446
Nemotron3-Super-120B (FP8) (40K),openmath,fixed_k3,3,greedy,4,nemotron3_super_64k_openmath_rollout_fixed_k3_20260713r2,0,3.0680762199990568,446
Nemotron3-Super-120B (FP8) (40K),openmath,fixed_k3,3,greedy,4,nemotron3_super_64k_openmath_rollout_fixed_k3_20260713r2,0,4.451427444997535,742
Nemotron3-Super-120B (FP8) (40K),openmath,fixed_k3,3,greedy,4,nemotron3_super_64k_openmath_rollout_fixed_k3_20260713r2,0,3.50517382799444,551
Nemotron3-Super-120B (FP8) (40K),openmath,fixed_k3,3,greedy,4,nemotron3_super_64k_openmath_rollout_fixed_k3_20260713r2,0,13.420119791997422,2862
Nemotron3-Super-120B (FP8) (40K),openmath,fixed_k3,3,greedy,4,nemotron3_super_64k_openmath_rollout_fixed_k3_20260713r2,0,15.501191191993712,3295
Nemotron3-Super-120B (FP8) (40K),openmath,fixed_k3,3,greedy,4,nemotron3_super_64k_openmath_rollout_fixed_k3_20260713r2,0,21.82505988799676,5078
Nemotron3-Super-120B (FP8) (40K),openmath,fixed_k3,3,greedy,4,nemotron3_super_64k_openmath_rollout_fixed_k3_20260713r2,0,19.78908143800072,4437
Nemotron3-Super-120B (FP8) (40K),openmath,fixed_k3,3,greedy,4,nemotron3_super_64k_openmath_rollout_fixed_k3_20260713r2,0,15.769847670999297,3383
Nemotron3-Super-120B (FP8) (40K),openmath,fixed_k3,3,greedy,4,nemotron3_super_64k_openmath_rollout_fixed_k3_20260713r2,0,17.81866078999883,3807
Nemotron3-Super-120B (FP8) (40K),openmath,fixed_k3,3,greedy,4,nemotron3_super_64k_openmath_rollout_fixed_k3_20260713r2,0,15.568021798993868,3372
Nemotron3-Super-120B (FP8) (40K),openmath,fixed_k3,3,greedy,4,nemotron3_super_64k_openmath_rollout_fixed_k3_20260713r2,0,9.921479426993756,1851
Nemotron3-Super-120B (FP8) (40K),openmath,fixed_k3,3,greedy,4,nemotron3_super_64k_openmath_rollout_fixed_k3_20260713r2,0,18.432815018997644,4170
Nemotron3-Super-120B (FP8) (40K),openmath,fixed_k3,3,greedy,4,nemotron3_super_64k_openmath_rollout_fixed_k3_20260713r2,0,17.905787309995503,3712
Nemotron3-Super-120B (FP8) (40K),openmath,fixed_k3,3,greedy,4,nemotron3_super_64k_openmath_rollout_fixed_k3_20260713r2,0,20.242520530999172,4491
Nemotron3-Super-120B (FP8) (40K),openmath,fixed_k3,3,greedy,4,nemotron3_super_64k_openmath_rollout_fixed_k3_20260713r2,0,16.16620860799594,3216
Nemotron3-Super-120B (FP8) (40K),openmath,fixed_k3,3,greedy,4,nemotron3_super_64k_openmath_rollout_fixed_k3_20260713r2,0,27.75651692199608,7340
Nemotron3-Super-120B (FP8) (40K),openmath,fixed_k3,3,greedy,4,nemotron3_super_64k_openmath_rollout_fixed_k3_20260713r2,0,19.10181433899561,4075
Nemotron3-Super-120B (FP8) (40K),openmath,fixed_k3,3,greedy,4,nemotron3_super_64k_openmath_rollout_fixed_k3_20260713r2,0,18.460577229998307,4059
Nemotron3-Super-120B (FP8) (40K),openmath,fixed_k3,3,greedy,4,nemotron3_super_64k_openmath_rollout_fixed_k3_20260713r2,0,18.3858213459971,4030
Nemotron3-Super-120B (FP8) (40K),openmath,fixed_k3,3,greedy,4,nemotron3_super_64k_openmath_rollout_fixed_k3_20260713r2,0,5.148328467999818,871
Nemotron3-Super-120B (FP8) (40K),openmath,fixed_k3,3,greedy,4,nemotron3_super_64k_openmath_rollout_fixed_k3_20260713r2,0,23.636946847997024,5918
Nemotron3-Super-120B (FP8) (40K),openmath,fixed_k3,3,greedy,4,nemotron3_super_64k_openmath_rollout_fixed_k3_20260713r2,0,19.746467428994947,4341
Nemotron3-Super-120B (FP8) (40K),openmath,fixed_k3,3,greedy,4,nemotron3_super_64k_openmath_rollout_fixed_k3_20260713r2,0,14.68454670799838,3019
Nemotron3-Super-120B (FP8) (40K),openmath,fixed_k3,3,greedy,4,nemotron3_super_64k_openmath_rollout_fixed_k3_20260713r2,0,27.713925121999637,7476
Nemotron3-Super-120B (FP8) (40K),openmath,fixed_k3,3,greedy,4,nemotron3_super_64k_openmath_rollout_fixed_k3_20260713r2,0,14.11797009199654,3100
Nemotron3-Super-120B (FP8) (40K),openmath,fixed_k3,3,greedy,4,nemotron3_super_64k_openmath_rollout_fixed_k3_20260713r2,0,16.702064571996743,3703
Nemotron3-Super-120B (FP8) (40K),openmath,fixed_k3,3,greedy,4,nemotron3_super_64k_openmath_rollout_fixed_k3_20260713r2,0,9.221450558994547,1657
Nemotron3-Super-120B (FP8) (40K),openmath,fixed_k3,3,greedy,4,nemotron3_super_64k_openmath_rollout_fixed_k3_20260713r2,0,11.143152524993639,2161
Nemotron3-Super-120B (FP8) (40K),openmath,fixed_k3,3,greedy,4,nemotron3_super_64k_openmath_rollout_fixed_k3_20260713r2,0,10.37399649899453,1959
Nemotron3-Super-120B (FP8) (40K),openmath,fixed_k3,3,greedy,4,nemotron3_super_64k_openmath_rollout_fixed_k3_20260713r2,0,13.819844259996898,2773
Nemotron3-Super-120B (FP8) (40K),openmath,fixed_k3,3,greedy,4,nemotron3_super_64k_openmath_rollout_fixed_k3_20260713r2,0,12.568550063995644,2437
Nemotron3-Super-120B (FP8) (40K),openmath,fixed_k3,3,greedy,4,nemotron3_super_64k_openmath_rollout_fixed_k3_20260713r2,0,8.899858658995072,1674
Nemotron3-Super-120B (FP8) (40K),openmath,fixed_k3,3,greedy,4,nemotron3_super_64k_openmath_rollout_fixed_k3_20260713r2,0,16.661975148999773,3680
Nemotron3-Super-120B (FP8) (40K),openmath,fixed_k3,3,greedy,4,nemotron3_super_64k_openmath_rollout_fixed_k3_20260713r2,0,16.113384194999526,3364
Nemotron3-Super-120B (FP8) (40K),openmath,fixed_k3,3,greedy,4,nemotron3_super_64k_openmath_rollout_fixed_k3_20260713r2,0,16.26818305199413,3331
Nemotron3-Super-120B (FP8) (40K),openmath,fixed_k3,3,greedy,4,nemotron3_super_64k_openmath_rollout_fixed_k3_20260713r2,1,33.895272407004086,7725
Nemotron3-Super-120B (FP8) (40K),openmath,fixed_k3,3,greedy,4,nemotron3_super_64k_openmath_rollout_fixed_k3_20260713r2,1,49.694817492003494,12849
Nemotron3-Super-120B (FP8) (40K),openmath,fixed_k3,3,greedy,4,nemotron3_super_64k_openmath_rollout_fixed_k3_20260713r2,1,68.46403476400155,18495
Nemotron3-Super-120B (FP8) (40K),openmath,fixed_k3,3,greedy,4,nemotron3_super_64k_openmath_rollout_fixed_k3_20260713r2,1,407.75948570200126,65536
Nemotron3-Super-120B (FP8) (40K),openmath,fixed_k3,3,greedy,4,nemotron3_super_64k_openmath_rollout_fixed_k3_20260713r2,1,41.7332186700005,10450
Nemotron3-Super-120B (FP8) (40K),openmath,fixed_k3,3,greedy,4,nemotron3_super_64k_openmath_rollout_fixed_k3_20260713r2,1,18.001937859000464,3385
Nemotron3-Super-120B (FP8) (40K),openmath,fixed_k3,3,greedy,4,nemotron3_super_64k_openmath_rollout_fixed_k3_20260713r2,1,55.94152305400348,15107
Nemotron3-Super-120B (FP8) (40K),openmath,fixed_k3,3,greedy,4,nemotron3_super_64k_openmath_rollout_fixed_k3_20260713r2,1,28.32842951999919,6230
Nemotron3-Super-120B (FP8) (40K),openmath,fixed_k3,3,greedy,4,nemotron3_super_64k_openmath_rollout_fixed_k3_20260713r2,1,33.31230419700296,7346
Nemotron3-Super-120B (FP8) (40K),openmath,fixed_k3,3,greedy,4,nemotron3_super_64k_openmath_rollout_fixed_k3_20260713r2,1,20.814591264999763,4181
Nemotron3-Super-120B (FP8) (40K),openmath,fixed_k3,3,greedy,4,nemotron3_super_64k_openmath_rollout_fixed_k3_20260713r2,1,22.157060907004052,4529
Nemotron3-Super-120B (FP8) (40K),openmath,fixed_k3,3,greedy,4,nemotron3_super_64k_openmath_rollout_fixed_k3_20260713r2,1,35.27699464100442,8030
Nemotron3-Super-120B (FP8) (40K),openmath,fixed_k3,3,greedy,4,nemotron3_super_64k_openmath_rollout_fixed_k3_20260713r2,1,53.106360971003596,13457
Nemotron3-Super-120B (FP8) (40K),openmath,fixed_k3,3,greedy,4,nemotron3_super_64k_openmath_rollout_fixed_k3_20260713r2,1,48.16092597500392,12315
Nemotron3-Super-120B (FP8) (40K),openmath,fixed_k3,3,greedy,4,nemotron3_super_64k_openmath_rollout_fixed_k3_20260713r2,1,61.5033126749986,16227
Nemotron3-Super-120B (FP8) (40K),openmath,fixed_k3,3,greedy,4,nemotron3_super_64k_openmath_rollout_fixed_k3_20260713r2,1,61.12565805000486,16325
Nemotron3-Super-120B (FP8) (40K),openmath,fixed_k3,3,greedy,4,nemotron3_super_64k_openmath_rollout_fixed_k3_20260713r2,1,59.4725780880035,14663
Nemotron3-Super-120B (FP8) (40K),openmath,fixed_k3,3,greedy,4,nemotron3_super_64k_openmath_rollout_fixed_k3_20260713r2,1,407.15734621100273,65536
Nemotron3-Super-120B (FP8) (40K),openmath,fixed_k3,3,greedy,4,nemotron3_super_64k_openmath_rollout_fixed_k3_20260713r2,1,38.43385683100496,8552
Nemotron3-Super-120B (FP8) (40K),openmath,fixed_k3,3,greedy,4,nemotron3_super_64k_openmath_rollout_fixed_k3_20260713r2,1,46.647642023002845,12083
Nemotron3-Super-120B (FP8) (40K),openmath,fixed_k3,3,greedy,4,nemotron3_super_64k_openmath_rollout_fixed_k3_20260713r2,1,28.634319370998128,6322
Nemotron3-Super-120B (FP8) (40K),openmath,fixed_k3,3,greedy,4,nemotron3_super_64k_openmath_rollout_fixed_k3_20260713r2,1,21.114448869004264,4278
Nemotron3-Super-120B (FP8) (40K),openmath,fixed_k3,3,greedy,4,nemotron3_super_64k_openmath_rollout_fixed_k3_20260713r2,1,12.289326003003225,2290
Nemotron3-Super-120B (FP8) (40K),openmath,fixed_k3,3,greedy,4,nemotron3_super_64k_openmath_rollout_fixed_k3_20260713r2,1,35.550994951001485,7812
Nemotron3-Super-120B (FP8) (40K),openmath,fixed_k3,3,greedy,4,nemotron3_super_64k_openmath_rollout_fixed_k3_20260713r2,1,16.88062863200321,3472
Nemotron3-Super-120B (FP8) (40K),openmath,fixed_k3,3,greedy,4,nemotron3_super_64k_openmath_rollout_fixed_k3_20260713r2,1,47.99503660600021,11776
Nemotron3-Super-120B (FP8) (40K),openmath,fixed_k3,3,greedy,4,nemotron3_super_64k_openmath_rollout_fixed_k3_20260713r2,1,47.974875949003035,11612
Nemotron3-Super-120B (FP8) (40K),openmath,fixed_k3,3,greedy,4,nemotron3_super_64k_openmath_rollout_fixed_k3_20260713r2,1,73.3880935499983,21088
Nemotron3-Super-120B (FP8) (40K),openmath,fixed_k3,3,greedy,4,nemotron3_super_64k_openmath_rollout_fixed_k3_20260713r2,1,45.61963480000122,11020
Nemotron3-Super-120B (FP8) (40K),openmath,fixed_k3,3,greedy,4,nemotron3_super_64k_openmath_rollout_fixed_k3_20260713r2,1,40.23019834799925,9454
Nemotron3-Super-120B (FP8) (40K),openmath,fixed_k3,3,greedy,4,nemotron3_super_64k_openmath_rollout_fixed_k3_20260713r2,1,389.55754703099956,65536
Nemotron3-Super-120B (FP8) (40K),openmath,fixed_k3,3,greedy,4,nemotron3_super_64k_openmath_rollout_fixed_k3_20260713r2,1,67.41933913400135,19041
Nemotron3-Super-120B (FP8) (40K),openmath,fixed_k3,3,greedy,4,nemotron3_super_64k_openmath_rollout_fixed_k3_20260713r2,1,8.023115611998946,1403
Nemotron3-Super-120B (FP8) (40K),openmath,fixed_k3,3,greedy,4,nemotron3_super_64k_openmath_rollout_fixed_k3_20260713r2,1,9.08367021199956,1602
Nemotron3-Super-120B (FP8) (40K),openmath,fixed_k3,3,greedy,4,nemotron3_super_64k_openmath_rollout_fixed_k3_20260713r2,1,18.11876420400222,3701
Nemotron3-Super-120B (FP8) (40K),openmath,fixed_k3,3,greedy,4,nemotron3_super_64k_openmath_rollout_fixed_k3_20260713r2,1,5.239372187003028,851
Nemotron3-Super-120B (FP8) (40K),openmath,fixed_k3,3,greedy,4,nemotron3_super_64k_openmath_rollout_fixed_k3_20260713r2,1,10.430876915001136,1963
Nemotron3-Super-120B (FP8) (40K),openmath,fixed_k3,3,greedy,4,nemotron3_super_64k_openmath_rollout_fixed_k3_20260713r2,1,9.539602987999388,1909
Nemotron3-Super-120B (FP8) (40K),openmath,fixed_k3,3,greedy,4,nemotron3_super_64k_openmath_rollout_fixed_k3_20260713r2,1,13.663779372000135,2700
Nemotron3-Super-120B (FP8) (40K),openmath,fixed_k3,3,greedy,4,nemotron3_super_64k_openmath_rollout_fixed_k3_20260713r2,1,8.530057980002312,1579
Nemotron3-Super-120B (FP8) (40K),openmath,fixed_k3,3,greedy,4,nemotron3_super_64k_openmath_rollout_fixed_k3_20260713r2,1,12.75982165500318,2679
Nemotron3-Super-120B (FP8) (40K),openmath,fixed_k3,3,greedy,4,nemotron3_super_64k_openmath_rollout_fixed_k3_20260713r2,1,12.974252994004928,2551
Nemotron3-Super-120B (FP8) (40K),openmath,fixed_k3,3,greedy,4,nemotron3_super_64k_openmath_rollout_fixed_k3_20260713r2,1,14.59053909299837,2880
Nemotron3-Super-120B (FP8) (40K),openmath,fixed_k3,3,greedy,4,nemotron3_super_64k_openmath_rollout_fixed_k3_20260713r2,1,10.977049152999825,2089
Nemotron3-Super-120B (FP8) (40K),openmath,fixed_k3,3,greedy,4,nemotron3_super_64k_openmath_rollout_fixed_k3_20260713r2,1,8.97581708800135,1702
Nemotron3-Super-120B (FP8) (40K),openmath,fixed_k3,3,greedy,4,nemotron3_super_64k_openmath_rollout_fixed_k3_20260713r2,1,9.043311923000147,1762
Nemotron3-Super-120B (FP8) (40K),openmath,fixed_k3,3,greedy,4,nemotron3_super_64k_openmath_rollout_fixed_k3_20260713r2,1,10.039942996998434,1829
Nemotron3-Super-120B (FP8) (40K),openmath,fixed_k3,3,greedy,4,nemotron3_super_64k_openmath_rollout_fixed_k3_20260713r2,1,15.410816730000079,2932
Nemotron3-Super-120B (FP8) (40K),openmath,fixed_k3,3,greedy,4,nemotron3_super_64k_openmath_rollout_fixed_k3_20260713r2,1,6.319659209999372,1115
Nemotron3-Super-120B (FP8) (40K),openmath,fixed_k3,3,greedy,4,nemotron3_super_64k_openmath_rollout_fixed_k3_20260713r2,1,5.908793219998188,1062
Nemotron3-Super-120B (FP8) (40K),openmath,fixed_k3,3,greedy,4,nemotron3_super_64k_openmath_rollout_fixed_k3_20260713r2,1,8.366389807000814,1568
Nemotron3-Super-120B (FP8) (40K),openmath,fixed_k3,3,greedy,4,nemotron3_super_64k_openmath_rollout_fixed_k3_20260713r2,1,12.226042287002201,2376
Nemotron3-Super-120B (FP8) (40K),openmath,fixed_k3,3,greedy,4,nemotron3_super_64k_openmath_rollout_fixed_k3_20260713r2,1,11.105684431000554,2124
Nemotron3-Super-120B (FP8) (40K),openmath,fixed_k3,3,greedy,4,nemotron3_super_64k_openmath_rollout_fixed_k3_20260713r2,1,17.3539577440024,3310
Nemotron3-Super-120B (FP8) (40K),openmath,fixed_k3,3,greedy,4,nemotron3_super_64k_openmath_rollout_fixed_k3_20260713r2,1,7.235050376002619,1224
Nemotron3-Super-120B (FP8) (40K),openmath,fixed_k3,3,greedy,4,nemotron3_super_64k_openmath_rollout_fixed_k3_20260713r2,1,11.05435935100104,2202
Nemotron3-Super-120B (FP8) (40K),openmath,fixed_k3,3,greedy,4,nemotron3_super_64k_openmath_rollout_fixed_k3_20260713r2,1,8.33896516400273,1558
Nemotron3-Super-120B (FP8) (40K),openmath,fixed_k3,3,greedy,4,nemotron3_super_64k_openmath_rollout_fixed_k3_20260713r2,1,7.583727438999631,1377
Nemotron3-Super-120B (FP8) (40K),openmath,fixed_k3,3,greedy,4,nemotron3_super_64k_openmath_rollout_fixed_k3_20260713r2,1,13.688479301999905,2648
Nemotron3-Super-120B (FP8) (40K),openmath,fixed_k3,3,greedy,4,nemotron3_super_64k_openmath_rollout_fixed_k3_20260713r2,1,7.555846890005341,1362
Nemotron3-Super-120B (FP8) (40K),openmath,fixed_k3,3,greedy,4,nemotron3_super_64k_openmath_rollout_fixed_k3_20260713r2,1,6.673287650999555,1158
Nemotron3-Super-120B (FP8) (40K),openmath,fixed_k3,3,greedy,4,nemotron3_super_64k_openmath_rollout_fixed_k3_20260713r2,1,7.333229417003167,1266
Nemotron3-Super-120B (FP8) (40K),openmath,fixed_k3,3,greedy,4,nemotron3_super_64k_openmath_rollout_fixed_k3_20260713r2,1,12.823384542003623,2490
Nemotron3-Super-120B (FP8) (40K),openmath,fixed_k3,3,greedy,4,nemotron3_super_64k_openmath_rollout_fixed_k3_20260713r2,1,9.579541947998223,1821
Nemotron3-Super-120B (FP8) (40K),openmath,fixed_k3,3,greedy,4,nemotron3_super_64k_openmath_rollout_fixed_k3_20260713r2,2,214.8421167270062,64280
Nemotron3-Super-120B (FP8) (40K),openmath,fixed_k3,3,greedy,4,nemotron3_super_64k_openmath_rollout_fixed_k3_20260713r2,2,78.36072097400029,19285
Nemotron3-Super-120B (FP8) (40K),openmath,fixed_k3,3,greedy,4,nemotron3_super_64k_openmath_rollout_fixed_k3_20260713r2,2,71.02423406300659,16421
Nemotron3-Super-120B (FP8) (40K),openmath,fixed_k3,3,greedy,4,nemotron3_super_64k_openmath_rollout_fixed_k3_20260713r2,2,121.27787545600586,29812
Nemotron3-Super-120B (FP8) (40K),openmath,fixed_k3,3,greedy,4,nemotron3_super_64k_openmath_rollout_fixed_k3_20260713r2,2,107.87760791600158,26118
Nemotron3-Super-120B (FP8) (40K),openmath,fixed_k3,3,greedy,4,nemotron3_super_64k_openmath_rollout_fixed_k3_20260713r2,2,451.14097078400664,65536
Nemotron3-Super-120B (FP8) (40K),openmath,fixed_k3,3,greedy,4,nemotron3_super_64k_openmath_rollout_fixed_k3_20260713r2,2,172.26400777600065,45339
Nemotron3-Super-120B (FP8) (40K),openmath,fixed_k3,3,greedy,4,nemotron3_super_64k_openmath_rollout_fixed_k3_20260713r2,2,112.63051465800527,27513
Nemotron3-Super-120B (FP8) (40K),openmath,fixed_k3,3,greedy,4,nemotron3_super_64k_openmath_rollout_fixed_k3_20260713r2,2,152.29354978300398,40011
Nemotron3-Super-120B (FP8) (40K),openmath,fixed_k3,3,greedy,4,nemotron3_super_64k_openmath_rollout_fixed_k3_20260713r2,2,113.90165746600542,30145
Nemotron3-Super-120B (FP8) (40K),openmath,fixed_k3,3,greedy,4,nemotron3_super_64k_openmath_rollout_fixed_k3_20260713r2,2,380.4508051360026,65536
Nemotron3-Super-120B (FP8) (40K),openmath,fixed_k3,3,greedy,4,nemotron3_super_64k_openmath_rollout_fixed_k3_20260713r2,2,138.11319910699967,34488
Nemotron3-Super-120B (FP8) (40K),openmath,fixed_k3,3,greedy,4,nemotron3_super_64k_openmath_rollout_fixed_k3_20260713r2,2,206.92451790199993,59284
Nemotron3-Super-120B (FP8) (40K),openmath,fixed_k3,3,greedy,4,nemotron3_super_64k_openmath_rollout_fixed_k3_20260713r2,2,120.15249238300021,29969
Nemotron3-Super-120B (FP8) (40K),openmath,fixed_k3,3,greedy,4,nemotron3_super_64k_openmath_rollout_fixed_k3_20260713r2,2,135.44307602100162,35055
Nemotron3-Super-120B (FP8) (40K),openmath,fixed_k3,3,greedy,4,nemotron3_super_64k_openmath_rollout_fixed_k3_20260713r2,2,90.96059927100578,21898
Nemotron3-Super-120B (FP8) (40K),openmath,fixed_k3,3,greedy,4,nemotron3_super_64k_openmath_rollout_fixed_k3_20260713r2,2,152.46532663800463,41007
Nemotron3-Super-120B (FP8) (40K),openmath,fixed_k3,3,greedy,4,nemotron3_super_64k_openmath_rollout_fixed_k3_20260713r2,2,416.359921056006,65536
Nemotron3-Super-120B (FP8) (40K),openmath,fixed_k3,3,greedy,4,nemotron3_super_64k_openmath_rollout_fixed_k3_20260713r2,2,171.34618688699993,44722
Nemotron3-Super-120B (FP8) (40K),openmath,fixed_k3,3,greedy,4,nemotron3_super_64k_openmath_rollout_fixed_k3_20260713r2,2,160.21476958700077,45529
Nemotron3-Super-120B (FP8) (40K),openmath,fixed_k3,3,greedy,4,nemotron3_super_64k_openmath_rollout_fixed_k3_20260713r2,2,108.27244542900007,26368
Nemotron3-Super-120B (FP8) (40K),openmath,fixed_k3,3,greedy,4,nemotron3_super_64k_openmath_rollout_fixed_k3_20260713r2,2,141.08225062300335,37526
Nemotron3-Super-120B (FP8) (40K),openmath,fixed_k3,3,greedy,4,nemotron3_super_64k_openmath_rollout_fixed_k3_20260713r2,2,116.10972997800127,29589
Nemotron3-Super-120B (FP8) (40K),openmath,fixed_k3,3,greedy,4,nemotron3_super_64k_openmath_rollout_fixed_k3_20260713r2,2,102.93704470200464,25411
Nemotron3-Super-120B (FP8) (40K),openmath,fixed_k3,3,greedy,4,nemotron3_super_64k_openmath_rollout_fixed_k3_20260713r2,2,137.42250489500293,33542
Nemotron3-Super-120B (FP8) (40K),openmath,fixed_k3,3,greedy,4,nemotron3_super_64k_openmath_rollout_fixed_k3_20260713r2,2,187.4275580330068,54228
Nemotron3-Super-120B (FP8) (40K),openmath,fixed_k3,3,greedy,4,nemotron3_super_64k_openmath_rollout_fixed_k3_20260713r2,2,117.18693594500655,29632
Nemotron3-Super-120B (FP8) (40K),openmath,fixed_k3,3,greedy,4,nemotron3_super_64k_openmath_rollout_fixed_k3_20260713r2,2,140.70396077600162,35518
Nemotron3-Super-120B (FP8) (40K),openmath,fixed_k3,3,greedy,4,nemotron3_super_64k_openmath_rollout_fixed_k3_20260713r2,2,160.03503205100424,43021
Nemotron3-Super-120B (FP8) (40K),openmath,fixed_k3,3,greedy,4,nemotron3_super_64k_openmath_rollout_fixed_k3_20260713r2,2,467.74095453100017,65536
Nemotron3-Super-120B (FP8) (40K),openmath,fixed_k3,3,greedy,4,nemotron3_super_64k_openmath_rollout_fixed_k3_20260713r2,2,123.51537021100376,32560
Nemotron3-Super-120B (FP8) (40K),openmath,fixed_k3,3,greedy,4,nemotron3_super_64k_openmath_rollout_fixed_k3_20260713r2,2,81.90146231499966,19787
Nemotron3-Super-120B (FP8) (40K),openmath,fixed_k3,3,greedy,4,nemotron3_super_64k_openmath_rollout_fixed_k3_20260713r2,2,5.039757054000802,803
Nemotron3-Super-120B (FP8) (40K),openmath,fixed_k3,3,greedy,4,nemotron3_super_64k_openmath_rollout_fixed_k3_20260713r2,2,6.37173559400253,1167
Nemotron3-Super-120B (FP8) (40K),openmath,fixed_k3,3,greedy,4,nemotron3_super_64k_openmath_rollout_fixed_k3_20260713r2,2,6.51664597200579,1218
Nemotron3-Super-120B (FP8) (40K),openmath,fixed_k3,3,greedy,4,nemotron3_super_64k_openmath_rollout_fixed_k3_20260713r2,2,2.592656053006067,353
Nemotron3-Super-120B (FP8) (40K),openmath,fixed_k3,3,greedy,4,nemotron3_super_64k_openmath_rollout_fixed_k3_20260713r2,2,4.083679876006499,665
Nemotron3-Super-120B (FP8) (40K),openmath,fixed_k3,3,greedy,4,nemotron3_super_64k_openmath_rollout_fixed_k3_20260713r2,2,5.833032007001748,1040
Nemotron3-Super-120B (FP8) (40K),openmath,fixed_k3,3,greedy,4,nemotron3_super_64k_openmath_rollout_fixed_k3_20260713r2,2,6.568426437006565,1199
Nemotron3-Super-120B (FP8) (40K),openmath,fixed_k3,3,greedy,4,nemotron3_super_64k_openmath_rollout_fixed_k3_20260713r2,2,5.012186191001092,822
Nemotron3-Super-120B (FP8) (40K),openmath,fixed_k3,3,greedy,4,nemotron3_super_64k_openmath_rollout_fixed_k3_20260713r2,2,6.529713736003032,1152
Nemotron3-Super-120B (FP8) (40K),openmath,fixed_k3,3,greedy,4,nemotron3_super_64k_openmath_rollout_fixed_k3_20260713r2,2,6.451194155000849,1120
Nemotron3-Super-120B (FP8) (40K),openmath,fixed_k3,3,greedy,4,nemotron3_super_64k_openmath_rollout_fixed_k3_20260713r2,2,4.886711795006704,832
Nemotron3-Super-120B (FP8) (40K),openmath,fixed_k3,3,greedy,4,nemotron3_super_64k_openmath_rollout_fixed_k3_20260713r2,2,8.1151161470043,1527
Nemotron3-Super-120B (FP8) (40K),openmath,fixed_k3,3,greedy,4,nemotron3_super_64k_openmath_rollout_fixed_k3_20260713r2,2,7.628174307006702,1310
Nemotron3-Super-120B (FP8) (40K),openmath,fixed_k3,3,greedy,4,nemotron3_super_64k_openmath_rollout_fixed_k3_20260713r2,2,8.261952963999647,1511
Nemotron3-Super-120B (FP8) (40K),openmath,fixed_k3,3,greedy,4,nemotron3_super_64k_openmath_rollout_fixed_k3_20260713r2,2,9.542976958000509,1766
Nemotron3-Super-120B (FP8) (40K),openmath,fixed_k3,3,greedy,4,nemotron3_super_64k_openmath_rollout_fixed_k3_20260713r2,2,4.423119489001692,742
Nemotron3-Super-120B (FP8) (40K),openmath,fixed_k3,3,greedy,4,nemotron3_super_64k_openmath_rollout_fixed_k3_20260713r2,2,7.0389775240037125,1280
Nemotron3-Super-120B (FP8) (40K),openmath,fixed_k3,3,greedy,4,nemotron3_super_64k_openmath_rollout_fixed_k3_20260713r2,2,5.981556831000489,1117
Nemotron3-Super-120B (FP8) (40K),openmath,fixed_k3,3,greedy,4,nemotron3_super_64k_openmath_rollout_fixed_k3_20260713r2,2,6.5555791210063035,1230
Nemotron3-Super-120B (FP8) (40K),openmath,fixed_k3,3,greedy,4,nemotron3_super_64k_openmath_rollout_fixed_k3_20260713r2,2,4.928550237003947,844
Nemotron3-Super-120B (FP8) (40K),openmath,fixed_k3,3,greedy,4,nemotron3_super_64k_openmath_rollout_fixed_k3_20260713r2,2,6.848222705004446,1182
Nemotron3-Super-120B (FP8) (40K),openmath,fixed_k3,3,greedy,4,nemotron3_super_64k_openmath_rollout_fixed_k3_20260713r2,2,7.127670683003089,1225
Nemotron3-Super-120B (FP8) (40K),openmath,fixed_k3,3,greedy,4,nemotron3_super_64k_openmath_rollout_fixed_k3_20260713r2,2,5.751822558006097,1011
Nemotron3-Super-120B (FP8) (40K),openmath,fixed_k3,3,greedy,4,nemotron3_super_64k_openmath_rollout_fixed_k3_20260713r2,2,3.6453361510066316,636
Nemotron3-Super-120B (FP8) (40K),openmath,fixed_k3,3,greedy,4,nemotron3_super_64k_openmath_rollout_fixed_k3_20260713r2,2,5.601844832002826,1029
Nemotron3-Super-120B (FP8) (40K),openmath,fixed_k3,3,greedy,4,nemotron3_super_64k_openmath_rollout_fixed_k3_20260713r2,2,8.477703308002674,1621
Nemotron3-Super-120B (FP8) (40K),openmath,fixed_k3,3,greedy,4,nemotron3_super_64k_openmath_rollout_fixed_k3_20260713r2,2,6.464404512000328,1191
Nemotron3-Super-120B (FP8) (40K),openmath,fixed_k3,3,greedy,4,nemotron3_super_64k_openmath_rollout_fixed_k3_20260713r2,2,5.465451704003499,873
Nemotron3-Super-120B (FP8) (40K),openmath,fixed_k3,3,greedy,4,nemotron3_super_64k_openmath_rollout_fixed_k3_20260713r2,2,4.844607785002154,808
Nemotron3-Super-120B (FP8) (40K),openmath,fixed_k3,3,greedy,4,nemotron3_super_64k_openmath_rollout_fixed_k3_20260713r2,2,7.0389775240037125,1234
Nemotron3-Super-120B (FP8) (40K),openmath,fixed_k3,3,greedy,4,nemotron3_super_64k_openmath_rollout_fixed_k3_20260713r2,2,6.1970867270065355,1141
Nemotron3-Super-120B (FP8) (40K),openmath,fixed_k3,3,greedy,4,nemotron3_super_64k_openmath_rollout_fixed_k3_20260713r2,2,8.152166025000042,1596
Nemotron3-Super-120B (FP8) (40K),openmath,fixed_k3,3,greedy,4,nemotron3_super_64k_openmath_rollout_fixed_k3_20260713r2,3,22.474155791998783,4192
Nemotron3-Super-120B (FP8) (40K),openmath,fixed_k3,3,greedy,4,nemotron3_super_64k_openmath_rollout_fixed_k3_20260713r2,3,13.802214408999134,2251
Nemotron3-Super-120B (FP8) (40K),openmath,fixed_k3,3,greedy,4,nemotron3_super_64k_openmath_rollout_fixed_k3_20260713r2,3,19.015716926995083,3294
Nemotron3-Super-120B (FP8) (40K),openmath,fixed_k3,3,greedy,4,nemotron3_super_64k_openmath_rollout_fixed_k3_20260713r2,3,57.475530080999306,12765
Nemotron3-Super-120B (FP8) (40K),openmath,fixed_k3,3,greedy,4,nemotron3_super_64k_openmath_rollout_fixed_k3_20260713r2,3,30.140072572001372,5535
Nemotron3-Super-120B (FP8) (40K),openmath,fixed_k3,3,greedy,4,nemotron3_super_64k_openmath_rollout_fixed_k3_20260713r2,3,29.71150278899586,5772
Nemotron3-Super-120B (FP8) (40K),openmath,fixed_k3,3,greedy,4,nemotron3_super_64k_openmath_rollout_fixed_k3_20260713r2,3,39.34634530299809,7873
Nemotron3-Super-120B (FP8) (40K),openmath,fixed_k3,3,greedy,4,nemotron3_super_64k_openmath_rollout_fixed_k3_20260713r2,3,12.972363436994783,2161
Nemotron3-Super-120B (FP8) (40K),openmath,fixed_k3,3,greedy,4,nemotron3_super_64k_openmath_rollout_fixed_k3_20260713r2,3,27.549265795998508,4994
Nemotron3-Super-120B (FP8) (40K),openmath,fixed_k3,3,greedy,4,nemotron3_super_64k_openmath_rollout_fixed_k3_20260713r2,3,22.883075988997007,4117
Nemotron3-Super-120B (FP8) (40K),openmath,fixed_k3,3,greedy,4,nemotron3_super_64k_openmath_rollout_fixed_k3_20260713r2,3,43.393244676000904,8769
Nemotron3-Super-120B (FP8) (40K),openmath,fixed_k3,3,greedy,4,nemotron3_super_64k_openmath_rollout_fixed_k3_20260713r2,3,10.379590251999616,1603
Nemotron3-Super-120B (FP8) (40K),openmath,fixed_k3,3,greedy,4,nemotron3_super_64k_openmath_rollout_fixed_k3_20260713r2,3,38.0222010159996,7365
Nemotron3-Super-120B (FP8) (40K),openmath,fixed_k3,3,greedy,4,nemotron3_super_64k_openmath_rollout_fixed_k3_20260713r2,3,29.737730353997904,5422
Nemotron3-Super-120B (FP8) (40K),openmath,fixed_k3,3,greedy,4,nemotron3_super_64k_openmath_rollout_fixed_k3_20260713r2,3,51.930344895001326,10830
Nemotron3-Super-120B (FP8) (40K),openmath,fixed_k3,3,greedy,4,nemotron3_super_64k_openmath_rollout_fixed_k3_20260713r2,3,11.582768729000236,1816
Nemotron3-Super-120B (FP8) (40K),openmath,fixed_k3,3,greedy,4,nemotron3_super_64k_openmath_rollout_fixed_k3_20260713r2,3,17.08510339199711,2858
Nemotron3-Super-120B (FP8) (40K),openmath,fixed_k3,3,greedy,4,nemotron3_super_64k_openmath_rollout_fixed_k3_20260713r2,3,26.21219207499962,4838
Nemotron3-Super-120B (FP8) (40K),openmath,fixed_k3,3,greedy,4,nemotron3_super_64k_openmath_rollout_fixed_k3_20260713r2,3,88.25701317800122,23757
Nemotron3-Super-120B (FP8) (40K),openmath,fixed_k3,3,greedy,4,nemotron3_super_64k_openmath_rollout_fixed_k3_20260713r2,3,22.815044889997807,3872
Nemotron3-Super-120B (FP8) (40K),openmath,fixed_k3,3,greedy,4,nemotron3_super_64k_openmath_rollout_fixed_k3_20260713r2,3,20.280785260998528,3642
Nemotron3-Super-120B (FP8) (40K),openmath,fixed_k3,3,greedy,4,nemotron3_super_64k_openmath_rollout_fixed_k3_20260713r2,3,14.97044566799741,2507
Nemotron3-Super-120B (FP8) (40K),openmath,fixed_k3,3,greedy,4,nemotron3_super_64k_openmath_rollout_fixed_k3_20260713r2,3,37.2065467739958,7322
Nemotron3-Super-120B (FP8) (40K),openmath,fixed_k3,3,greedy,4,nemotron3_super_64k_openmath_rollout_fixed_k3_20260713r2,3,30.475457551001455,5760
Nemotron3-Super-120B (FP8) (40K),openmath,fixed_k3,3,greedy,4,nemotron3_super_64k_openmath_rollout_fixed_k3_20260713r2,3,45.85195739999472,9393
Nemotron3-Super-120B (FP8) (40K),openmath,fixed_k3,3,greedy,4,nemotron3_super_64k_openmath_rollout_fixed_k3_20260713r2,3,52.16515627699846,11058
Nemotron3-Super-120B (FP8) (40K),openmath,fixed_k3,3,greedy,4,nemotron3_super_64k_openmath_rollout_fixed_k3_20260713r2,3,37.79438867599674,7614
Nemotron3-Super-120B (FP8) (40K),openmath,fixed_k3,3,greedy,4,nemotron3_super_64k_openmath_rollout_fixed_k3_20260713r2,3,7.168766335998953,1014
Nemotron3-Super-120B (FP8) (40K),openmath,fixed_k3,3,greedy,4,nemotron3_super_64k_openmath_rollout_fixed_k3_20260713r2,3,35.93372538199765,6918
Nemotron3-Super-120B (FP8) (40K),openmath,fixed_k3,3,greedy,4,nemotron3_super_64k_openmath_rollout_fixed_k3_20260713r2,3,46.295109558996046,9271
Nemotron3-Super-120B (FP8) (40K),openmath,fixed_k3,3,greedy,4,nemotron3_super_64k_openmath_rollout_fixed_k3_20260713r2,3,29.46094661099778,5575
Nemotron3-Super-120B (FP8) (40K),openmath,fixed_k3,3,greedy,4,nemotron3_super_64k_openmath_rollout_fixed_k3_20260713r2,3,17.770707555995614,3095
Nemotron3-Super-120B (FP8) (40K),openmath,fixed_k3,3,greedy,4,nemotron3_super_64k_openmath_rollout_fixed_k3_20260713r2,3,32.38721232099488,6309
Nemotron3-Super-120B (FP8) (40K),openmath,fixed_k3,3,greedy,4,nemotron3_super_64k_openmath_rollout_fixed_k3_20260713r2,3,84.7013842209999,22389
Nemotron3-Super-120B (FP8) (40K),openmath,fixed_k3,3,greedy,4,nemotron3_super_64k_openmath_rollout_fixed_k3_20260713r2,3,47.89132622699981,10089
Nemotron3-Super-120B (FP8) (40K),openmath,fixed_k3,3,greedy,4,nemotron3_super_64k_openmath_rollout_fixed_k3_20260713r2,3,48.101376093996805,10018
Nemotron3-Super-120B (FP8) (40K),openmath,fixed_k3,3,greedy,4,nemotron3_super_64k_openmath_rollout_fixed_k3_20260713r2,3,49.7431449479991,10443
Nemotron3-Super-120B (FP8) (40K),openmath,fixed_k3,3,greedy,4,nemotron3_super_64k_openmath_rollout_fixed_k3_20260713r2,3,34.35744435899687,6466
Nemotron3-Super-120B (FP8) (40K),openmath,fixed_k3,3,greedy,4,nemotron3_super_64k_openmath_rollout_fixed_k3_20260713r2,3,55.284833337995224,11270
Nemotron3-Super-120B (FP8) (40K),openmath,fixed_k3,3,greedy,4,nemotron3_super_64k_openmath_rollout_fixed_k3_20260713r2,3,28.509985759999836,5066
Nemotron3-Super-120B (FP8) (40K),openmath,fixed_k3,3,greedy,4,nemotron3_super_64k_openmath_rollout_fixed_k3_20260713r2,3,65.21992040400073,14850
Nemotron3-Super-120B (FP8) (40K),openmath,fixed_k3,3,greedy,4,nemotron3_super_64k_openmath_rollout_fixed_k3_20260713r2,3,66.24022789100127,15709
Nemotron3-Super-120B (FP8) (40K),openmath,fixed_k3,3,greedy,4,nemotron3_super_64k_openmath_rollout_fixed_k3_20260713r2,3,46.08046770100191,9039
Nemotron3-Super-120B (FP8) (40K),openmath,fixed_k3,3,greedy,4,nemotron3_super_64k_openmath_rollout_fixed_k3_20260713r2,3,53.29992070099979,11283
Nemotron3-Super-120B (FP8) (40K),openmath,fixed_k3,3,greedy,4,nemotron3_super_64k_openmath_rollout_fixed_k3_20260713r2,3,416.51723059899814,65536
Nemotron3-Super-120B (FP8) (40K),openmath,fixed_k3,3,greedy,4,nemotron3_super_64k_openmath_rollout_fixed_k3_20260713r2,3,48.59031721499923,10066
Nemotron3-Super-120B (FP8) (40K),openmath,fixed_k3,3,greedy,4,nemotron3_super_64k_openmath_rollout_fixed_k3_20260713r2,3,36.05664314099704,6722
Nemotron3-Super-120B (FP8) (40K),openmath,fixed_k3,3,greedy,4,nemotron3_super_64k_openmath_rollout_fixed_k3_20260713r2,3,48.34289806599554,9955
Nemotron3-Super-120B (FP8) (40K),openmath,fixed_k3,3,greedy,4,nemotron3_super_64k_openmath_rollout_fixed_k3_20260713r2,3,26.348073376000684,4943
Nemotron3-Super-120B (FP8) (40K),openmath,fixed_k3,3,greedy,4,nemotron3_super_64k_openmath_rollout_fixed_k3_20260713r2,3,84.927664128998,22757
Nemotron3-Super-120B (FP8) (40K),openmath,fixed_k3,3,greedy,4,nemotron3_super_64k_openmath_rollout_fixed_k3_20260713r2,3,40.107287368999096,7998
Nemotron3-Super-120B (FP8) (40K),openmath,fixed_k3,3,greedy,4,nemotron3_super_64k_openmath_rollout_fixed_k3_20260713r2,3,34.432465088000754,6600
Nemotron3-Super-120B (FP8) (40K),openmath,fixed_k3,3,greedy,4,nemotron3_super_64k_openmath_rollout_fixed_k3_20260713r2,3,48.76082771200163,10073
Nemotron3-Super-120B (FP8) (40K),openmath,fixed_k3,3,greedy,4,nemotron3_super_64k_openmath_rollout_fixed_k3_20260713r2,3,416.72760069099604,65536
Nemotron3-Super-120B (FP8) (40K),openmath,fixed_k3,3,greedy,4,nemotron3_super_64k_openmath_rollout_fixed_k3_20260713r2,3,399.1582437440011,65536
Nemotron3-Super-120B (FP8) (40K),openmath,fixed_k3,3,greedy,4,nemotron3_super_64k_openmath_rollout_fixed_k3_20260713r2,3,19.375242422000156,3240
Nemotron3-Super-120B (FP8) (40K),openmath,fixed_k3,3,greedy,4,nemotron3_super_64k_openmath_rollout_fixed_k3_20260713r2,3,399.3806716199979,65536
Nemotron3-Super-120B (FP8) (40K),openmath,fixed_k3,3,greedy,4,nemotron3_super_64k_openmath_rollout_fixed_k3_20260713r2,3,49.87026428099489,10654
Nemotron3-Super-120B (FP8) (40K),openmath,fixed_k3,3,greedy,4,nemotron3_super_64k_openmath_rollout_fixed_k3_20260713r2,3,61.43627971800015,14233
Nemotron3-Super-120B (FP8) (40K),openmath,fixed_k3,3,greedy,4,nemotron3_super_64k_openmath_rollout_fixed_k3_20260713r2,3,33.12163025699556,5791
Nemotron3-Super-120B (FP8) (40K),openmath,fixed_k3,3,greedy,4,nemotron3_super_64k_openmath_rollout_fixed_k3_20260713r2,3,39.71198552200076,7738
Nemotron3-Super-120B (FP8) (40K),openmath,fixed_k3,3,greedy,4,nemotron3_super_64k_openmath_rollout_fixed_k3_20260713r2,3,30.861305364000145,5619
Nemotron3-Super-120B (FP8) (40K),openmath,fixed_k3,3,greedy,4,nemotron3_super_64k_openmath_rollout_fixed_k3_20260713r2,3,34.25544582300063,6703
Nemotron3-Super-120B (FP8) (40K),openmath,fixed_k3,3,greedy,4,nemotron3_super_64k_openmath_rollout_fixed_k3_20260713r2,3,50.81211852699926,10387
Nemotron3-Super-120B (FP8),openmath,baseline,0,-,4,nemotron3_super_openmath_rollout_baseline_20260713,0,11.122726664994843,14727
Nemotron3-Super-120B (FP8),openmath,baseline,0,-,4,nemotron3_super_openmath_rollout_baseline_20260713,0,40.622241769997345,111339
Nemotron3-Super-120B (FP8),openmath,baseline,0,-,4,nemotron3_super_openmath_rollout_baseline_20260713,0,40.622241769997345,125497
Nemotron3-Super-120B (FP8),openmath,baseline,0,-,4,nemotron3_super_openmath_rollout_baseline_20260713,0,40.622241769997345,58694
Nemotron3-Super-120B (FP8),openmath,baseline,0,-,4,nemotron3_super_openmath_rollout_baseline_20260713,1,42.76805700799741,131072
Nemotron3-Super-120B (FP8),openmath,baseline,0,-,4,nemotron3_super_openmath_rollout_baseline_20260713,1,21.466793675994268,39294
Nemotron3-Super-120B (FP8),openmath,baseline,0,-,4,nemotron3_super_openmath_rollout_baseline_20260713,1,42.76805700799741,118229
Nemotron3-Super-120B (FP8),openmath,baseline,0,-,4,nemotron3_super_openmath_rollout_baseline_20260713,1,42.77655710399995,128767
Nemotron3-Super-120B (FP8),openmath,baseline,0,-,4,nemotron3_super_openmath_rollout_baseline_20260713,2,26.327714790000755,26972
Nemotron3-Super-120B (FP8),openmath,baseline,0,-,4,nemotron3_super_openmath_rollout_baseline_20260713,2,5.3980339679983445,7151
Nemotron3-Super-120B (FP8),openmath,baseline,0,-,4,nemotron3_super_openmath_rollout_baseline_20260713,2,27.244441793998703,60850
Nemotron3-Super-120B (FP8),openmath,baseline,0,-,4,nemotron3_super_openmath_rollout_baseline_20260713,2,14.882465382004739,25832
Nemotron3-Super-120B (FP8),openmath,baseline,0,-,4,nemotron3_super_openmath_rollout_baseline_20260713,3,38.20510376499442,88407
Nemotron3-Super-120B (FP8),openmath,baseline,0,-,4,nemotron3_super_openmath_rollout_baseline_20260713,3,38.20510376499442,128616
Nemotron3-Super-120B (FP8),openmath,baseline,0,-,4,nemotron3_super_openmath_rollout_baseline_20260713,3,7.394427035993431,9446
Nemotron3-Super-120B (FP8),openmath,baseline,0,-,4,nemotron3_super_openmath_rollout_baseline_20260713,3,12.560265228996286,20418
Nemotron3-Super-120B (FP8),openmath,dynamic,3,greedy,4,nemotron3_super_openmath_rollout_dynamic_20260713c,0,7.55436539099901,14812
Nemotron3-Super-120B (FP8),openmath,dynamic,3,greedy,4,nemotron3_super_openmath_rollout_dynamic_20260713c,0,26.980167950998293,106934
Nemotron3-Super-120B (FP8),openmath,dynamic,3,greedy,4,nemotron3_super_openmath_rollout_dynamic_20260713c,0,27.125284959001874,128708
Nemotron3-Super-120B (FP8),openmath,dynamic,3,greedy,4,nemotron3_super_openmath_rollout_dynamic_20260713c,0,25.523871156001405,63286
Nemotron3-Super-120B (FP8),openmath,dynamic,3,greedy,4,nemotron3_super_openmath_rollout_dynamic_20260713c,1,30.513611080001283,131072
Nemotron3-Super-120B (FP8),openmath,dynamic,3,greedy,4,nemotron3_super_openmath_rollout_dynamic_20260713c,1,15.563589595003577,35972
Nemotron3-Super-120B (FP8),openmath,dynamic,3,greedy,4,nemotron3_super_openmath_rollout_dynamic_20260713c,1,30.269252947997302,123939
Nemotron3-Super-120B (FP8),openmath,dynamic,3,greedy,4,nemotron3_super_openmath_rollout_dynamic_20260713c,1,30.333717763001914,130655
Nemotron3-Super-120B (FP8),openmath,dynamic,3,greedy,4,nemotron3_super_openmath_rollout_dynamic_20260713c,2,8.275644000998,18608
Nemotron3-Super-120B (FP8),openmath,dynamic,3,greedy,4,nemotron3_super_openmath_rollout_dynamic_20260713c,2,4.4215351679958985,7843
Nemotron3-Super-120B (FP8),openmath,dynamic,3,greedy,4,nemotron3_super_openmath_rollout_dynamic_20260713c,2,15.16205120599625,67781
Nemotron3-Super-120B (FP8),openmath,dynamic,3,greedy,4,nemotron3_super_openmath_rollout_dynamic_20260713c,2,10.111405526993622,26037
Nemotron3-Super-120B (FP8),openmath,dynamic,3,greedy,4,nemotron3_super_openmath_rollout_dynamic_20260713c,3,23.536872564000078,87794
Nemotron3-Super-120B (FP8),openmath,dynamic,3,greedy,4,nemotron3_super_openmath_rollout_dynamic_20260713c,3,24.22053039599996,129624
Nemotron3-Super-120B (FP8),openmath,dynamic,3,greedy,4,nemotron3_super_openmath_rollout_dynamic_20260713c,3,5.153495111000666,8662
Nemotron3-Super-120B (FP8),openmath,dynamic,3,greedy,4,nemotron3_super_openmath_rollout_dynamic_20260713c,3,8.432248057004472,19310
Nemotron3-Super-120B (FP8),openmath,fixed_k3,3,greedy,4,nemotron3_super_openmath_rollout_fixed_k3_20260713,0,7.507638852999662,14860
Nemotron3-Super-120B (FP8),openmath,fixed_k3,3,greedy,4,nemotron3_super_openmath_rollout_fixed_k3_20260713,0,27.13840404200164,110015
Nemotron3-Super-120B (FP8),openmath,fixed_k3,3,greedy,4,nemotron3_super_openmath_rollout_fixed_k3_20260713,0,27.07066576500074,126866
Nemotron3-Super-120B (FP8),openmath,fixed_k3,3,greedy,4,nemotron3_super_openmath_rollout_fixed_k3_20260713,0,18.631519694004965,57049
Nemotron3-Super-120B (FP8),openmath,fixed_k3,3,greedy,4,nemotron3_super_openmath_rollout_fixed_k3_20260713,1,31.11744402399927,131072
Nemotron3-Super-120B (FP8),openmath,fixed_k3,3,greedy,4,nemotron3_super_openmath_rollout_fixed_k3_20260713,1,15.586548518003838,38680
Nemotron3-Super-120B (FP8),openmath,fixed_k3,3,greedy,4,nemotron3_super_openmath_rollout_fixed_k3_20260713,1,30.716857496001467,119350
Nemotron3-Super-120B (FP8),openmath,fixed_k3,3,greedy,4,nemotron3_super_openmath_rollout_fixed_k3_20260713,1,31.59430141300254,129850
Nemotron3-Super-120B (FP8),openmath,fixed_k3,3,greedy,4,nemotron3_super_openmath_rollout_fixed_k3_20260713,2,10.204567910994228,20481
Nemotron3-Super-120B (FP8),openmath,fixed_k3,3,greedy,4,nemotron3_super_openmath_rollout_fixed_k3_20260713,2,5.866649880998011,6948
Nemotron3-Super-120B (FP8),openmath,fixed_k3,3,greedy,4,nemotron3_super_openmath_rollout_fixed_k3_20260713,2,16.62062569799309,64262
Nemotron3-Super-120B (FP8),openmath,fixed_k3,3,greedy,4,nemotron3_super_openmath_rollout_fixed_k3_20260713,2,8.498822062996624,23812
Nemotron3-Super-120B (FP8),openmath,fixed_k3,3,greedy,4,nemotron3_super_openmath_rollout_fixed_k3_20260713,3,23.473231157004193,93628
Nemotron3-Super-120B (FP8),openmath,fixed_k3,3,greedy,4,nemotron3_super_openmath_rollout_fixed_k3_20260713,3,24.03482092700142,130341
Nemotron3-Super-120B (FP8),openmath,fixed_k3,3,greedy,4,nemotron3_super_openmath_rollout_fixed_k3_20260713,3,4.027624059999653,8778
Nemotron3-Super-120B (FP8),openmath,fixed_k3,3,greedy,4,nemotron3_super_openmath_rollout_fixed_k3_20260713,3,12.56324972800212,21540
Nemotron3-Super-120B (FP8),swe_verified,baseline,0,-,4,nemotron3_super_swe_verified_rollout_baseline_20260713,0,47.77558127400698,131072
Nemotron3-Super-120B (FP8),swe_verified,baseline,0,-,4,nemotron3_super_swe_verified_rollout_baseline_20260713,0,47.79844544100342,131072
Nemotron3-Super-120B (FP8),swe_verified,baseline,0,-,4,nemotron3_super_swe_verified_rollout_baseline_20260713,0,47.81860969100671,111663
Nemotron3-Super-120B (FP8),swe_verified,baseline,0,-,4,nemotron3_super_swe_verified_rollout_baseline_20260713,0,47.84361662000447,131072
Nemotron3-Super-120B (FP8),swe_verified,baseline,0,-,4,nemotron3_super_swe_verified_rollout_baseline_20260713,1,49.05598833399563,127911
Nemotron3-Super-120B (FP8),swe_verified,baseline,0,-,4,nemotron3_super_swe_verified_rollout_baseline_20260713,1,49.0954058310017,131072
Nemotron3-Super-120B (FP8),swe_verified,baseline,0,-,4,nemotron3_super_swe_verified_rollout_baseline_20260713,1,49.1124764289998,121090
Nemotron3-Super-120B (FP8),swe_verified,baseline,0,-,4,nemotron3_super_swe_verified_rollout_baseline_20260713,1,49.11887765899883,131072
Nemotron3-Super-120B (FP8),swe_verified,baseline,0,-,4,nemotron3_super_swe_verified_rollout_baseline_20260713,2,47.87466055299592,128947
Nemotron3-Super-120B (FP8),swe_verified,baseline,0,-,4,nemotron3_super_swe_verified_rollout_baseline_20260713,2,47.904777871997794,109123
Nemotron3-Super-120B (FP8),swe_verified,baseline,0,-,4,nemotron3_super_swe_verified_rollout_baseline_20260713,2,47.9141207749999,129877
Nemotron3-Super-120B (FP8),swe_verified,baseline,0,-,4,nemotron3_super_swe_verified_rollout_baseline_20260713,2,47.928906025998,131072
Nemotron3-Super-120B (FP8),swe_verified,baseline,0,-,4,nemotron3_super_swe_verified_rollout_baseline_20260713,3,48.21427303599921,127266
Nemotron3-Super-120B (FP8),swe_verified,baseline,0,-,4,nemotron3_super_swe_verified_rollout_baseline_20260713,3,48.23461459200189,129956
Nemotron3-Super-120B (FP8),swe_verified,baseline,0,-,4,nemotron3_super_swe_verified_rollout_baseline_20260713,3,48.252153900997655,131072
Nemotron3-Super-120B (FP8),swe_verified,baseline,0,-,4,nemotron3_super_swe_verified_rollout_baseline_20260713,3,48.26487358199665,130348
Nemotron3-Super-120B (FP8),swe_verified,dynamic,3,greedy,4,nemotron3_super_swe_verified_rollout_dynamic_20260713c,0,32.950152255012654,131072
Nemotron3-Super-120B (FP8),swe_verified,dynamic,3,greedy,4,nemotron3_super_swe_verified_rollout_dynamic_20260713c,0,30.543908397026826,130331
Nemotron3-Super-120B (FP8),swe_verified,dynamic,3,greedy,4,nemotron3_super_swe_verified_rollout_dynamic_20260713c,0,32.59908842999721,117859
Nemotron3-Super-120B (FP8),swe_verified,dynamic,3,greedy,4,nemotron3_super_swe_verified_rollout_dynamic_20260713c,0,31.179434645047877,131072
Nemotron3-Super-120B (FP8),swe_verified,dynamic,3,greedy,4,nemotron3_super_swe_verified_rollout_dynamic_20260713c,1,34.11196073197061,123755
Nemotron3-Super-120B (FP8),swe_verified,dynamic,3,greedy,4,nemotron3_super_swe_verified_rollout_dynamic_20260713c,1,31.415197184018325,131072
Nemotron3-Super-120B (FP8),swe_verified,dynamic,3,greedy,4,nemotron3_super_swe_verified_rollout_dynamic_20260713c,1,33.697294269979466,119699
Nemotron3-Super-120B (FP8),swe_verified,dynamic,3,greedy,4,nemotron3_super_swe_verified_rollout_dynamic_20260713c,1,34.84332237200579,131072
Nemotron3-Super-120B (FP8),swe_verified,dynamic,3,greedy,4,nemotron3_super_swe_verified_rollout_dynamic_20260713c,2,32.93575979897287,130520
Nemotron3-Super-120B (FP8),swe_verified,dynamic,3,greedy,4,nemotron3_super_swe_verified_rollout_dynamic_20260713c,2,30.260759727971163,111188
Nemotron3-Super-120B (FP8),swe_verified,dynamic,3,greedy,4,nemotron3_super_swe_verified_rollout_dynamic_20260713c,2,32.81582174199866,130010
Nemotron3-Super-120B (FP8),swe_verified,dynamic,3,greedy,4,nemotron3_super_swe_verified_rollout_dynamic_20260713c,2,33.024657338974066,131072
Nemotron3-Super-120B (FP8),swe_verified,dynamic,3,greedy,4,nemotron3_super_swe_verified_rollout_dynamic_20260713c,3,32.49337568599731,129776
Nemotron3-Super-120B (FP8),swe_verified,dynamic,3,greedy,4,nemotron3_super_swe_verified_rollout_dynamic_20260713c,3,33.4447238619905,130218
Nemotron3-Super-120B (FP8),swe_verified,dynamic,3,greedy,4,nemotron3_super_swe_verified_rollout_dynamic_20260713c,3,33.823409537028056,131072
Nemotron3-Super-120B (FP8),swe_verified,dynamic,3,greedy,4,nemotron3_super_swe_verified_rollout_dynamic_20260713c,3,32.79265504301293,131063
Nemotron3-Super-120B (FP8),swe_verified,fixed_k3,3,greedy,4,nemotron3_super_swe_verified_rollout_fixed_k3_20260713,0,33.38278770599936,131072
Nemotron3-Super-120B (FP8),swe_verified,fixed_k3,3,greedy,4,nemotron3_super_swe_verified_rollout_fixed_k3_20260713,0,30.642654108996794,130130
Nemotron3-Super-120B (FP8),swe_verified,fixed_k3,3,greedy,4,nemotron3_super_swe_verified_rollout_fixed_k3_20260713,0,31.69834364199778,110408
Nemotron3-Super-120B (FP8),swe_verified,fixed_k3,3,greedy,4,nemotron3_super_swe_verified_rollout_fixed_k3_20260713,0,29.97558449099961,131072
Nemotron3-Super-120B (FP8),swe_verified,fixed_k3,3,greedy,4,nemotron3_super_swe_verified_rollout_fixed_k3_20260713,1,30.183675871998275,126955
Nemotron3-Super-120B (FP8),swe_verified,fixed_k3,3,greedy,4,nemotron3_super_swe_verified_rollout_fixed_k3_20260713,1,29.71625077399949,131072
Nemotron3-Super-120B (FP8),swe_verified,fixed_k3,3,greedy,4,nemotron3_super_swe_verified_rollout_fixed_k3_20260713,1,32.69886919599958,114722
Nemotron3-Super-120B (FP8),swe_verified,fixed_k3,3,greedy,4,nemotron3_super_swe_verified_rollout_fixed_k3_20260713,1,33.68108767299782,131072
Nemotron3-Super-120B (FP8),swe_verified,fixed_k3,3,greedy,4,nemotron3_super_swe_verified_rollout_fixed_k3_20260713,2,31.86359510300099,128844
Nemotron3-Super-120B (FP8),swe_verified,fixed_k3,3,greedy,4,nemotron3_super_swe_verified_rollout_fixed_k3_20260713,2,28.93662085699907,108344
Nemotron3-Super-120B (FP8),swe_verified,fixed_k3,3,greedy,4,nemotron3_super_swe_verified_rollout_fixed_k3_20260713,2,32.011249972998485,129779
Nemotron3-Super-120B (FP8),swe_verified,fixed_k3,3,greedy,4,nemotron3_super_swe_verified_rollout_fixed_k3_20260713,2,31.961866434998228,131072
Nemotron3-Super-120B (FP8),swe_verified,fixed_k3,3,greedy,4,nemotron3_super_swe_verified_rollout_fixed_k3_20260713,3,30.876719234998745,127847
Nemotron3-Super-120B (FP8),swe_verified,fixed_k3,3,greedy,4,nemotron3_super_swe_verified_rollout_fixed_k3_20260713,3,32.63845018600114,129716
Nemotron3-Super-120B (FP8),swe_verified,fixed_k3,3,greedy,4,nemotron3_super_swe_verified_rollout_fixed_k3_20260713,3,32.61363103199983,131072
Nemotron3-Super-120B (FP8),swe_verified,fixed_k3,3,greedy,4,nemotron3_super_swe_verified_rollout_fixed_k3_20260713,3,31.37257288500041,131072
Nemotron3-Ultra-550B (NVFP4),openmath,baseline,0,-,4,nemotron3_ultra_openmath_rollout_baseline_20260713,0,14.888915077997808,19806
Nemotron3-Ultra-550B (NVFP4),openmath,baseline,0,-,4,nemotron3_ultra_openmath_rollout_baseline_20260713,0,60.26057340799889,131072
Nemotron3-Ultra-550B (NVFP4),openmath,baseline,0,-,4,nemotron3_ultra_openmath_rollout_baseline_20260713,1,69.44966392599963,131072
Nemotron3-Ultra-550B (NVFP4),openmath,baseline,0,-,4,nemotron3_ultra_openmath_rollout_baseline_20260713,1,69.44966392599963,104429
Nemotron3-Ultra-550B (NVFP4),openmath,baseline,0,-,4,nemotron3_ultra_openmath_rollout_baseline_20260713,2,71.17502251100086,131072
Nemotron3-Ultra-550B (NVFP4),openmath,baseline,0,-,4,nemotron3_ultra_openmath_rollout_baseline_20260713,2,71.17502251100086,127047
Nemotron3-Ultra-550B (NVFP4),openmath,baseline,0,-,4,nemotron3_ultra_openmath_rollout_baseline_20260713,3,70.22942635100117,131072
Nemotron3-Ultra-550B (NVFP4),openmath,baseline,0,-,4,nemotron3_ultra_openmath_rollout_baseline_20260713,3,70.22942635100117,131072
Nemotron3-Ultra-550B (NVFP4),openmath,dynamic,3,greedy,4,nemotron3_ultra_openmath_rollout_dynamic_20260713,0,8.591160400999797,21262
Nemotron3-Ultra-550B (NVFP4),openmath,dynamic,3,greedy,4,nemotron3_ultra_openmath_rollout_dynamic_20260713,0,34.509401177001564,131072
Nemotron3-Ultra-550B (NVFP4),openmath,dynamic,3,greedy,4,nemotron3_ultra_openmath_rollout_dynamic_20260713,1,38.780771441997786,131072
Nemotron3-Ultra-550B (NVFP4),openmath,dynamic,3,greedy,4,nemotron3_ultra_openmath_rollout_dynamic_20260713,1,38.60152671000105,114878
Nemotron3-Ultra-550B (NVFP4),openmath,dynamic,3,greedy,4,nemotron3_ultra_openmath_rollout_dynamic_20260713,2,39.85512520699922,131072
Nemotron3-Ultra-550B (NVFP4),openmath,dynamic,3,greedy,4,nemotron3_ultra_openmath_rollout_dynamic_20260713,2,39.5256528769969,129565
Nemotron3-Ultra-550B (NVFP4),openmath,dynamic,3,greedy,4,nemotron3_ultra_openmath_rollout_dynamic_20260713,3,41.52980282499993,131072
Nemotron3-Ultra-550B (NVFP4),openmath,dynamic,3,greedy,4,nemotron3_ultra_openmath_rollout_dynamic_20260713,3,42.121854041000915,131072
Nemotron3-Ultra-550B (NVFP4),openmath,fixed_k3,3,greedy,4,nemotron3_ultra_openmath_rollout_fixed_k3_20260713,0,8.83027572300125,20267
Nemotron3-Ultra-550B (NVFP4),openmath,fixed_k3,3,greedy,4,nemotron3_ultra_openmath_rollout_fixed_k3_20260713,0,34.52707032200124,130400
Nemotron3-Ultra-550B (NVFP4),openmath,fixed_k3,3,greedy,4,nemotron3_ultra_openmath_rollout_fixed_k3_20260713,1,38.69267206999939,131072
Nemotron3-Ultra-550B (NVFP4),openmath,fixed_k3,3,greedy,4,nemotron3_ultra_openmath_rollout_fixed_k3_20260713,1,38.24024156299856,107429
Nemotron3-Ultra-550B (NVFP4),openmath,fixed_k3,3,greedy,4,nemotron3_ultra_openmath_rollout_fixed_k3_20260713,2,39.826063013999374,131072
Nemotron3-Ultra-550B (NVFP4),openmath,fixed_k3,3,greedy,4,nemotron3_ultra_openmath_rollout_fixed_k3_20260713,2,39.424776239000494,129744
Nemotron3-Ultra-550B (NVFP4),openmath,fixed_k3,3,greedy,4,nemotron3_ultra_openmath_rollout_fixed_k3_20260713,3,42.19880478199775,131072
Nemotron3-Ultra-550B (NVFP4),openmath,fixed_k3,3,greedy,4,nemotron3_ultra_openmath_rollout_fixed_k3_20260713,3,42.053067937999,131072
Nemotron3-Ultra-550B (NVFP4),swe_verified,baseline,0,-,4,nemotron3_ultra_swe_verified_rollout_baseline_20260713,0,70.95951016799881,124290
Nemotron3-Ultra-550B (NVFP4),swe_verified,baseline,0,-,4,nemotron3_ultra_swe_verified_rollout_baseline_20260713,0,70.98616286600009,123670
Nemotron3-Ultra-550B (NVFP4),swe_verified,baseline,0,-,4,nemotron3_ultra_swe_verified_rollout_baseline_20260713,1,69.09744994900029,92071
Nemotron3-Ultra-550B (NVFP4),swe_verified,baseline,0,-,4,nemotron3_ultra_swe_verified_rollout_baseline_20260713,1,69.12919272799991,128943
Nemotron3-Ultra-550B (NVFP4),swe_verified,baseline,0,-,4,nemotron3_ultra_swe_verified_rollout_baseline_20260713,2,74.41755795900099,122975
Nemotron3-Ultra-550B (NVFP4),swe_verified,baseline,0,-,4,nemotron3_ultra_swe_verified_rollout_baseline_20260713,2,74.45261269700131,131072
Nemotron3-Ultra-550B (NVFP4),swe_verified,baseline,0,-,4,nemotron3_ultra_swe_verified_rollout_baseline_20260713,3,68.16149514099743,94006
Nemotron3-Ultra-550B (NVFP4),swe_verified,baseline,0,-,4,nemotron3_ultra_swe_verified_rollout_baseline_20260713,3,68.17483129599714,131072
Nemotron3-Ultra-550B (NVFP4),swe_verified,dynamic,3,greedy,4,nemotron3_ultra_swe_verified_rollout_dynamic_20260713,0,38.63938195300216,128299
Nemotron3-Ultra-550B (NVFP4),swe_verified,dynamic,3,greedy,4,nemotron3_ultra_swe_verified_rollout_dynamic_20260713,0,38.283295961002295,127000
Nemotron3-Ultra-550B (NVFP4),swe_verified,dynamic,3,greedy,4,nemotron3_ultra_swe_verified_rollout_dynamic_20260713,1,36.620184971001436,83627
Nemotron3-Ultra-550B (NVFP4),swe_verified,dynamic,3,greedy,4,nemotron3_ultra_swe_verified_rollout_dynamic_20260713,1,36.630465191999974,131072
Nemotron3-Ultra-550B (NVFP4),swe_verified,dynamic,3,greedy,4,nemotron3_ultra_swe_verified_rollout_dynamic_20260713,2,71.2514030099992,114644
Nemotron3-Ultra-550B (NVFP4),swe_verified,dynamic,3,greedy,4,nemotron3_ultra_swe_verified_rollout_dynamic_20260713,2,40.11472837100155,131072
Nemotron3-Ultra-550B (NVFP4),swe_verified,dynamic,3,greedy,4,nemotron3_ultra_swe_verified_rollout_dynamic_20260713,3,35.50191685099708,96281
Nemotron3-Ultra-550B (NVFP4),swe_verified,dynamic,3,greedy,4,nemotron3_ultra_swe_verified_rollout_dynamic_20260713,3,35.731416708000324,131072
Nemotron3-Ultra-550B (NVFP4),swe_verified,fixed_k3,3,greedy,4,nemotron3_ultra_swe_verified_rollout_fixed_k3_20260713,0,38.14616524000303,130986
Nemotron3-Ultra-550B (NVFP4),swe_verified,fixed_k3,3,greedy,4,nemotron3_ultra_swe_verified_rollout_fixed_k3_20260713,0,38.11414060300012,116603
Nemotron3-Ultra-550B (NVFP4),swe_verified,fixed_k3,3,greedy,4,nemotron3_ultra_swe_verified_rollout_fixed_k3_20260713,1,37.125085070998466,102608
Nemotron3-Ultra-550B (NVFP4),swe_verified,fixed_k3,3,greedy,4,nemotron3_ultra_swe_verified_rollout_fixed_k3_20260713,1,37.29511076500057,131072
Nemotron3-Ultra-550B (NVFP4),swe_verified,fixed_k3,3,greedy,4,nemotron3_ultra_swe_verified_rollout_fixed_k3_20260713,2,70.23425442999724,108580
Nemotron3-Ultra-550B (NVFP4),swe_verified,fixed_k3,3,greedy,4,nemotron3_ultra_swe_verified_rollout_fixed_k3_20260713,2,40.25235619700106,131072
Nemotron3-Ultra-550B (NVFP4),swe_verified,fixed_k3,3,greedy,4,nemotron3_ultra_swe_verified_rollout_fixed_k3_20260713,3,34.772912104999705,96471
Nemotron3-Ultra-550B (NVFP4),swe_verified,fixed_k3,3,greedy,4,nemotron3_ultra_swe_verified_rollout_fixed_k3_20260713,3,35.377116708994436,131072
Qwen3-235B-A22B,dapo,baseline,0,-,4,qwen3_235b_dapo_rollout_baseline_20260712,0,155.15517233707942,262144
Qwen3-235B-A22B,dapo,baseline,0,-,4,qwen3_235b_dapo_rollout_baseline_20260712,0,155.15517233707942,262144
Qwen3-235B-A22B,dapo,baseline,0,-,4,qwen3_235b_dapo_rollout_baseline_20260712,1,159.49337835097685,259246
Qwen3-235B-A22B,dapo,baseline,0,-,4,qwen3_235b_dapo_rollout_baseline_20260712,1,159.49337835097685,243859
Qwen3-235B-A22B,dapo,baseline,0,-,4,qwen3_235b_dapo_rollout_baseline_20260712,2,158.06278705503792,179316
Qwen3-235B-A22B,dapo,baseline,0,-,4,qwen3_235b_dapo_rollout_baseline_20260712,2,158.06278705503792,262144
Qwen3-235B-A22B,dapo,baseline,0,-,4,qwen3_235b_dapo_rollout_baseline_20260712,3,158.89005005802028,213118
Qwen3-235B-A22B,dapo,baseline,0,-,4,qwen3_235b_dapo_rollout_baseline_20260712,3,158.89005005802028,262144
Qwen3-235B-A22B,dapo,dynamic,5,greedy,4,qwen3_235b_dapo_rollout_dynamic_20260712,0,163.4965448579751,262144
Qwen3-235B-A22B,dapo,dynamic,5,greedy,4,qwen3_235b_dapo_rollout_dynamic_20260712,0,163.4965448579751,262144
Qwen3-235B-A22B,dapo,dynamic,5,greedy,4,qwen3_235b_dapo_rollout_dynamic_20260712,1,285.7398550759535,260569
Qwen3-235B-A22B,dapo,dynamic,5,greedy,4,qwen3_235b_dapo_rollout_dynamic_20260712,1,286.96793298679404,242340
Qwen3-235B-A22B,dapo,dynamic,5,greedy,4,qwen3_235b_dapo_rollout_dynamic_20260712,2,368.81086185993627,183173
Qwen3-235B-A22B,dapo,dynamic,5,greedy,4,qwen3_235b_dapo_rollout_dynamic_20260712,2,377.7814412978478,262144
Qwen3-235B-A22B,dapo,dynamic,5,greedy,4,qwen3_235b_dapo_rollout_dynamic_20260712,3,349.0105799390003,221271
Qwen3-235B-A22B,dapo,dynamic,5,greedy,4,qwen3_235b_dapo_rollout_dynamic_20260712,3,359.0629343078472,262144
Qwen3-235B-A22B,dapo,fixed_k3,3,greedy,4,qwen3_235b_dapo_rollout_fixed_k3_20260712,0,425.33829008298926,262144
Qwen3-235B-A22B,dapo,fixed_k3,3,greedy,4,qwen3_235b_dapo_rollout_fixed_k3_20260712,0,426.4430252179736,262144
Qwen3-235B-A22B,dapo,fixed_k3,3,greedy,4,qwen3_235b_dapo_rollout_fixed_k3_20260712,1,425.72338806599146,258015
Qwen3-235B-A22B,dapo,fixed_k3,3,greedy,4,qwen3_235b_dapo_rollout_fixed_k3_20260712,1,430.89733635197626,245011
Qwen3-235B-A22B,dapo,fixed_k3,3,greedy,4,qwen3_235b_dapo_rollout_fixed_k3_20260712,2,375.6401803769986,192530
Qwen3-235B-A22B,dapo,fixed_k3,3,greedy,4,qwen3_235b_dapo_rollout_fixed_k3_20260712,2,381.01157873601187,262144
Qwen3-235B-A22B,dapo,fixed_k3,3,greedy,4,qwen3_235b_dapo_rollout_fixed_k3_20260712,3,431.7592297310475,222449
Qwen3-235B-A22B,dapo,fixed_k3,3,greedy,4,qwen3_235b_dapo_rollout_fixed_k3_20260712,3,493.50459493801463,262144
Qwen3-235B-A22B,math500,baseline,0,-,4,qwen3_235b_math500_rollout_baseline_20260712,0,56.92526320298202,60661
Qwen3-235B-A22B,math500,baseline,0,-,4,qwen3_235b_math500_rollout_baseline_20260712,0,138.09523000195622,220043
Qwen3-235B-A22B,math500,baseline,0,-,4,qwen3_235b_math500_rollout_baseline_20260712,1,61.86283373599872,77039
Qwen3-235B-A22B,math500,baseline,0,-,4,qwen3_235b_math500_rollout_baseline_20260712,1,60.19199452199973,80092
Qwen3-235B-A22B,math500,baseline,0,-,4,qwen3_235b_math500_rollout_baseline_20260712,2,146.44231276703067,209431
Qwen3-235B-A22B,math500,baseline,0,-,4,qwen3_235b_math500_rollout_baseline_20260712,2,83.16634499101201,106410
Qwen3-235B-A22B,math500,baseline,0,-,4,qwen3_235b_math500_rollout_baseline_20260712,3,113.63273703795858,160393
Qwen3-235B-A22B,math500,baseline,0,-,4,qwen3_235b_math500_rollout_baseline_20260712,3,126.62923585897079,151352
Qwen3-235B-A22B,math500,dynamic,5,greedy,4,qwen3_235b_math500_rollout_dynamic_20260712,0,107.07264205399952,59951
Qwen3-235B-A22B,math500,dynamic,5,greedy,4,qwen3_235b_math500_rollout_dynamic_20260712,0,246.21088965299987,220310
Qwen3-235B-A22B,math500,dynamic,5,greedy,4,qwen3_235b_math500_rollout_dynamic_20260712,1,102.89744246800001,70444
Qwen3-235B-A22B,math500,dynamic,5,greedy,4,qwen3_235b_math500_rollout_dynamic_20260712,1,103.4369675429989,80597
Qwen3-235B-A22B,math500,dynamic,5,greedy,4,qwen3_235b_math500_rollout_dynamic_20260712,2,385.7021103650004,226789
Qwen3-235B-A22B,math500,dynamic,5,greedy,4,qwen3_235b_math500_rollout_dynamic_20260712,2,246.35838683399925,102371
Qwen3-235B-A22B,math500,dynamic,5,greedy,4,qwen3_235b_math500_rollout_dynamic_20260712,3,196.03331206599978,148330
Qwen3-235B-A22B,math500,dynamic,5,greedy,4,qwen3_235b_math500_rollout_dynamic_20260712,3,190.7651884120005,140652
Qwen3-235B-A22B,math500,fixed_k3,3,greedy,4,qwen3_235b_math500_rollout_fixed_k3_20260712,0,110.16758923698217,59257
Qwen3-235B-A22B,math500,fixed_k3,3,greedy,4,qwen3_235b_math500_rollout_fixed_k3_20260712,0,304.9911968559027,221022
Qwen3-235B-A22B,math500,fixed_k3,3,greedy,4,qwen3_235b_math500_rollout_fixed_k3_20260712,1,116.63664175500162,77581
Qwen3-235B-A22B,math500,fixed_k3,3,greedy,4,qwen3_235b_math500_rollout_fixed_k3_20260712,1,115.44160091597587,76383
Qwen3-235B-A22B,math500,fixed_k3,3,greedy,4,qwen3_235b_math500_rollout_fixed_k3_20260712,2,425.4739336192142,221738
Qwen3-235B-A22B,math500,fixed_k3,3,greedy,4,qwen3_235b_math500_rollout_fixed_k3_20260712,2,284.2978629160207,113209
Qwen3-235B-A22B,math500,fixed_k3,3,greedy,4,qwen3_235b_math500_rollout_fixed_k3_20260712,3,240.07707600481808,139045
Qwen3-235B-A22B,math500,fixed_k3,3,greedy,4,qwen3_235b_math500_rollout_fixed_k3_20260712,3,234.91928774490952,147622
Qwen3-235B-A22B,openmath,baseline,0,-,4,qwen3_235b_openmath_rollout_baseline_20260712c,0,120.59393692499725,135817
Qwen3-235B-A22B,openmath,baseline,0,-,4,qwen3_235b_openmath_rollout_baseline_20260712c,0,153.98132700496353,262144
Qwen3-235B-A22B,openmath,baseline,0,-,4,qwen3_235b_openmath_rollout_baseline_20260712c,1,151.24924586899579,241067
Qwen3-235B-A22B,openmath,baseline,0,-,4,qwen3_235b_openmath_rollout_baseline_20260712c,1,140.25086346501485,151725
Qwen3-235B-A22B,openmath,baseline,0,-,4,qwen3_235b_openmath_rollout_baseline_20260712c,2,161.58253708400298,262144
Qwen3-235B-A22B,openmath,baseline,0,-,4,qwen3_235b_openmath_rollout_baseline_20260712c,2,161.58253708400298,222851
Qwen3-235B-A22B,openmath,baseline,0,-,4,qwen3_235b_openmath_rollout_baseline_20260712c,3,159.73617813899182,248301
Qwen3-235B-A22B,openmath,baseline,0,-,4,qwen3_235b_openmath_rollout_baseline_20260712c,3,159.73617813899182,262144
Qwen3-235B-A22B,openmath,dynamic,5,greedy,4,qwen3_235b_openmath_rollout_dynamic_20260712,0,350.614686720015,139933
Qwen3-235B-A22B,openmath,dynamic,5,greedy,4,qwen3_235b_openmath_rollout_dynamic_20260712,0,379.48780264297966,262144
Qwen3-235B-A22B,openmath,dynamic,5,greedy,4,qwen3_235b_openmath_rollout_dynamic_20260712,1,304.50535407004645,232955
Qwen3-235B-A22B,openmath,dynamic,5,greedy,4,qwen3_235b_openmath_rollout_dynamic_20260712,1,242.1238930860418,156675
Qwen3-235B-A22B,openmath,dynamic,5,greedy,4,qwen3_235b_openmath_rollout_dynamic_20260712,2,371.7770335910027,262144
Qwen3-235B-A22B,openmath,dynamic,5,greedy,4,qwen3_235b_openmath_rollout_dynamic_20260712,2,374.18526504497277,219391
Qwen3-235B-A22B,openmath,dynamic,5,greedy,4,qwen3_235b_openmath_rollout_dynamic_20260712,3,274.4730035010143,251859
Qwen3-235B-A22B,openmath,dynamic,5,greedy,4,qwen3_235b_openmath_rollout_dynamic_20260712,3,274.9959812450106,262144
Qwen3-235B-A22B,openmath,fixed_k3,3,greedy,4,qwen3_235b_openmath_rollout_fixed_k3_20260712,0,305.6798259639763,132494
Qwen3-235B-A22B,openmath,fixed_k3,3,greedy,4,qwen3_235b_openmath_rollout_fixed_k3_20260712,0,422.480731336982,262144
Qwen3-235B-A22B,openmath,fixed_k3,3,greedy,4,qwen3_235b_openmath_rollout_fixed_k3_20260712,1,386.05761261301814,243290
Qwen3-235B-A22B,openmath,fixed_k3,3,greedy,4,qwen3_235b_openmath_rollout_fixed_k3_20260712,1,290.8558614489739,158389
Qwen3-235B-A22B,openmath,fixed_k3,3,greedy,4,qwen3_235b_openmath_rollout_fixed_k3_20260712,2,399.6206447229488,262144
Qwen3-235B-A22B,openmath,fixed_k3,3,greedy,4,qwen3_235b_openmath_rollout_fixed_k3_20260712,2,406.8898589289747,218735
Qwen3-235B-A22B,openmath,fixed_k3,3,greedy,4,qwen3_235b_openmath_rollout_fixed_k3_20260712,3,465.792602194997,247780
Qwen3-235B-A22B,openmath,fixed_k3,3,greedy,4,qwen3_235b_openmath_rollout_fixed_k3_20260712,3,474.43528262298787,262144
Qwen3-235B-A22B,swe_verified,baseline,0,-,4,qwen3_235b_swe_verified_rollout_baseline_20260712,0,158.42882590997033,196157
Qwen3-235B-A22B,swe_verified,baseline,0,-,4,qwen3_235b_swe_verified_rollout_baseline_20260712,0,158.42882590997033,188768
Qwen3-235B-A22B,swe_verified,baseline,0,-,4,qwen3_235b_swe_verified_rollout_baseline_20260712,1,107.13925826898776,113139
Qwen3-235B-A22B,swe_verified,baseline,0,-,4,qwen3_235b_swe_verified_rollout_baseline_20260712,1,107.16804751893505,98182
Qwen3-235B-A22B,swe_verified,baseline,0,-,4,qwen3_235b_swe_verified_rollout_baseline_20260712,2,139.14207997289486,99970
Qwen3-235B-A22B,swe_verified,baseline,0,-,4,qwen3_235b_swe_verified_rollout_baseline_20260712,2,154.687166986987,234656
Qwen3-235B-A22B,swe_verified,baseline,0,-,4,qwen3_235b_swe_verified_rollout_baseline_20260712,3,128.53837169706821,104791
Qwen3-235B-A22B,swe_verified,baseline,0,-,4,qwen3_235b_swe_verified_rollout_baseline_20260712,3,149.80633099004626,246020
Qwen3-235B-A22B,swe_verified,dynamic,5,greedy,4,qwen3_235b_swe_verified_rollout_dynamic_20260712,0,557.7610735749986,209048
Qwen3-235B-A22B,swe_verified,dynamic,5,greedy,4,qwen3_235b_swe_verified_rollout_dynamic_20260712,0,554.5713522110018,210554
Qwen3-235B-A22B,swe_verified,dynamic,5,greedy,4,qwen3_235b_swe_verified_rollout_dynamic_20260712,1,278.4183585209976,123021
Qwen3-235B-A22B,swe_verified,dynamic,5,greedy,4,qwen3_235b_swe_verified_rollout_dynamic_20260712,1,249.40835899399826,96802
Qwen3-235B-A22B,swe_verified,dynamic,5,greedy,4,qwen3_235b_swe_verified_rollout_dynamic_20260712,2,358.66694719899533,88095
Qwen3-235B-A22B,swe_verified,dynamic,5,greedy,4,qwen3_235b_swe_verified_rollout_dynamic_20260712,2,535.1528751779988,225191
Qwen3-235B-A22B,swe_verified,dynamic,5,greedy,4,qwen3_235b_swe_verified_rollout_dynamic_20260712,3,501.19263279399456,87993
Qwen3-235B-A22B,swe_verified,dynamic,5,greedy,4,qwen3_235b_swe_verified_rollout_dynamic_20260712,3,544.8672162009971,254255
Qwen3-235B-A22B,swe_verified,fixed_k3,3,greedy,4,qwen3_235b_swe_verified_rollout_fixed_k3_20260712,0,504.5712451870786,201513
Qwen3-235B-A22B,swe_verified,fixed_k3,3,greedy,4,qwen3_235b_swe_verified_rollout_fixed_k3_20260712,0,499.3766210480826,207600
Qwen3-235B-A22B,swe_verified,fixed_k3,3,greedy,4,qwen3_235b_swe_verified_rollout_fixed_k3_20260712,1,261.6768957930617,116876
Qwen3-235B-A22B,swe_verified,fixed_k3,3,greedy,4,qwen3_235b_swe_verified_rollout_fixed_k3_20260712,1,275.6036496059969,95324
Qwen3-235B-A22B,swe_verified,fixed_k3,3,greedy,4,qwen3_235b_swe_verified_rollout_fixed_k3_20260712,2,354.6208092920715,97088
Qwen3-235B-A22B,swe_verified,fixed_k3,3,greedy,4,qwen3_235b_swe_verified_rollout_fixed_k3_20260712,2,528.9344619690673,229795
Qwen3-235B-A22B,swe_verified,fixed_k3,3,greedy,4,qwen3_235b_swe_verified_rollout_fixed_k3_20260712,3,510.6593856350519,93672
Qwen3-235B-A22B,swe_verified,fixed_k3,3,greedy,4,qwen3_235b_swe_verified_rollout_fixed_k3_20260712,3,513.552257274976,248405
Qwen3-30B-A3B (40K),openmath,baseline,0,-,2,qwen3_30ba3b_40k_openmath_rollout_baseline_20260712,0,52.11297996388748,108973
Qwen3-30B-A3B (40K),openmath,baseline,0,-,2,qwen3_30ba3b_40k_openmath_rollout_baseline_20260712,0,105.64035223284736,343303
Qwen3-30B-A3B (40K),openmath,baseline,0,-,2,qwen3_30ba3b_40k_openmath_rollout_baseline_20260712,0,104.98317468096502,284872
Qwen3-30B-A3B (40K),openmath,baseline,0,-,2,qwen3_30ba3b_40k_openmath_rollout_baseline_20260712,0,77.44311569980346,198866
Qwen3-30B-A3B (40K),openmath,baseline,0,-,2,qwen3_30ba3b_40k_openmath_rollout_baseline_20260712,1,206.17072615306824,605781
Qwen3-30B-A3B (40K),openmath,baseline,0,-,2,qwen3_30ba3b_40k_openmath_rollout_baseline_20260712,1,67.80961109790951,141871
Qwen3-30B-A3B (40K),openmath,baseline,0,-,2,qwen3_30ba3b_40k_openmath_rollout_baseline_20260712,1,101.1265657718759,226441
Qwen3-30B-A3B (40K),openmath,baseline,0,-,2,qwen3_30ba3b_40k_openmath_rollout_baseline_20260712,1,165.61163612408563,393576
Qwen3-30B-A3B (40K),openmath,dynamic,5,greedy,2,qwen3_30ba3b_40k_openmath_rollout_dynamic_20260712,0,38.86662439198699,94002
Qwen3-30B-A3B (40K),openmath,dynamic,5,greedy,2,qwen3_30ba3b_40k_openmath_rollout_dynamic_20260712,0,144.21987628599163,341921
Qwen3-30B-A3B (40K),openmath,dynamic,5,greedy,2,qwen3_30ba3b_40k_openmath_rollout_dynamic_20260712,0,119.34997254301561,284424
Qwen3-30B-A3B (40K),openmath,dynamic,5,greedy,2,qwen3_30ba3b_40k_openmath_rollout_dynamic_20260712,0,68.44721290899906,197198
Qwen3-30B-A3B (40K),openmath,dynamic,5,greedy,2,qwen3_30ba3b_40k_openmath_rollout_dynamic_20260712,1,347.3047329870169,597103
Qwen3-30B-A3B (40K),openmath,dynamic,5,greedy,2,qwen3_30ba3b_40k_openmath_rollout_dynamic_20260712,1,52.964479469985235,145016
Qwen3-30B-A3B (40K),openmath,dynamic,5,greedy,2,qwen3_30ba3b_40k_openmath_rollout_dynamic_20260712,1,114.07686372002354,226380
Qwen3-30B-A3B (40K),openmath,dynamic,5,greedy,2,qwen3_30ba3b_40k_openmath_rollout_dynamic_20260712,1,188.5600216020248,397651
Qwen3-30B-A3B (40K),openmath,fixed_k3,3,greedy,2,qwen3_30ba3b_40k_openmath_rollout_fixed_k3_20260712,0,33.152908459014725,98568
Qwen3-30B-A3B (40K),openmath,fixed_k3,3,greedy,2,qwen3_30ba3b_40k_openmath_rollout_fixed_k3_20260712,0,77.06848567002453,335599
Qwen3-30B-A3B (40K),openmath,fixed_k3,3,greedy,2,qwen3_30ba3b_40k_openmath_rollout_fixed_k3_20260712,0,68.54841236700304,284750
Qwen3-30B-A3B (40K),openmath,fixed_k3,3,greedy,2,qwen3_30ba3b_40k_openmath_rollout_fixed_k3_20260712,0,44.59121778100962,200591
Qwen3-30B-A3B (40K),openmath,fixed_k3,3,greedy,2,qwen3_30ba3b_40k_openmath_rollout_fixed_k3_20260712,1,185.8138116929913,623265
Qwen3-30B-A3B (40K),openmath,fixed_k3,3,greedy,2,qwen3_30ba3b_40k_openmath_rollout_fixed_k3_20260712,1,27.14225075399736,142587
Qwen3-30B-A3B (40K),openmath,fixed_k3,3,greedy,2,qwen3_30ba3b_40k_openmath_rollout_fixed_k3_20260712,1,79.62072304903995,238213
Qwen3-30B-A3B (40K),openmath,fixed_k3,3,greedy,2,qwen3_30ba3b_40k_openmath_rollout_fixed_k3_20260712,1,129.13367188203847,376201
Qwen3-30B-A3B,dapo,baseline,0,-,1,qwen3_30ba3b_dapo_rollout_baseline_20260712b,0,54.01948442496359,131072
Qwen3-30B-A3B,dapo,baseline,0,-,1,qwen3_30ba3b_dapo_rollout_baseline_20260712b,0,54.01948442496359,131072
Qwen3-30B-A3B,dapo,baseline,0,-,1,qwen3_30ba3b_dapo_rollout_baseline_20260712b,0,54.01948442496359,131072
Qwen3-30B-A3B,dapo,baseline,0,-,1,qwen3_30ba3b_dapo_rollout_baseline_20260712b,0,54.01948442496359,131072
Qwen3-30B-A3B,dapo,baseline,0,-,1,qwen3_30ba3b_dapo_rollout_baseline_20260712b,1,54.18080343102338,131072
Qwen3-30B-A3B,dapo,baseline,0,-,1,qwen3_30ba3b_dapo_rollout_baseline_20260712b,1,54.18080343102338,131072
Qwen3-30B-A3B,dapo,baseline,0,-,1,qwen3_30ba3b_dapo_rollout_baseline_20260712b,1,54.18080343102338,131072
Qwen3-30B-A3B,dapo,baseline,0,-,1,qwen3_30ba3b_dapo_rollout_baseline_20260712b,1,54.18080343102338,131072
Qwen3-30B-A3B,dapo,baseline,0,-,1,qwen3_30ba3b_dapo_rollout_baseline_20260712b,2,53.69296497903997,131072
Qwen3-30B-A3B,dapo,baseline,0,-,1,qwen3_30ba3b_dapo_rollout_baseline_20260712b,2,53.69296497903997,131072
Qwen3-30B-A3B,dapo,baseline,0,-,1,qwen3_30ba3b_dapo_rollout_baseline_20260712b,2,53.69296497903997,131072
Qwen3-30B-A3B,dapo,baseline,0,-,1,qwen3_30ba3b_dapo_rollout_baseline_20260712b,2,53.69296497903997,131072
Qwen3-30B-A3B,dapo,baseline,0,-,1,qwen3_30ba3b_dapo_rollout_baseline_20260712b,3,55.09678125096252,130112
Qwen3-30B-A3B,dapo,baseline,0,-,1,qwen3_30ba3b_dapo_rollout_baseline_20260712b,3,55.09678125096252,131072
Qwen3-30B-A3B,dapo,baseline,0,-,1,qwen3_30ba3b_dapo_rollout_baseline_20260712b,3,55.09678125096252,131072
Qwen3-30B-A3B,dapo,baseline,0,-,1,qwen3_30ba3b_dapo_rollout_baseline_20260712b,3,55.09678125096252,131072
Qwen3-30B-A3B,dapo,dynamic,5,greedy,1,qwen3_30ba3b_dapo_rollout_dynamic_20260712b,0,31.30940411303891,131072
Qwen3-30B-A3B,dapo,dynamic,5,greedy,1,qwen3_30ba3b_dapo_rollout_dynamic_20260712b,0,32.06342043902259,131072
Qwen3-30B-A3B,dapo,dynamic,5,greedy,1,qwen3_30ba3b_dapo_rollout_dynamic_20260712b,0,30.15547672403045,131072
Qwen3-30B-A3B,dapo,dynamic,5,greedy,1,qwen3_30ba3b_dapo_rollout_dynamic_20260712b,0,31.090239136014134,131072
Qwen3-30B-A3B,dapo,dynamic,5,greedy,1,qwen3_30ba3b_dapo_rollout_dynamic_20260712b,1,27.519030202995054,131072
Qwen3-30B-A3B,dapo,dynamic,5,greedy,1,qwen3_30ba3b_dapo_rollout_dynamic_20260712b,1,26.91934746300103,131072
Qwen3-30B-A3B,dapo,dynamic,5,greedy,1,qwen3_30ba3b_dapo_rollout_dynamic_20260712b,1,28.293558505014516,131072
Qwen3-30B-A3B,dapo,dynamic,5,greedy,1,qwen3_30ba3b_dapo_rollout_dynamic_20260712b,1,31.933488602982834,131072
Qwen3-30B-A3B,dapo,dynamic,5,greedy,1,qwen3_30ba3b_dapo_rollout_dynamic_20260712b,2,28.270907318976242,131072
Qwen3-30B-A3B,dapo,dynamic,5,greedy,1,qwen3_30ba3b_dapo_rollout_dynamic_20260712b,2,29.12704713299172,131072
Qwen3-30B-A3B,dapo,dynamic,5,greedy,1,qwen3_30ba3b_dapo_rollout_dynamic_20260712b,2,31.55119631695561,131072
Qwen3-30B-A3B,dapo,dynamic,5,greedy,1,qwen3_30ba3b_dapo_rollout_dynamic_20260712b,2,29.207345981965773,131072
Qwen3-30B-A3B,dapo,dynamic,5,greedy,1,qwen3_30ba3b_dapo_rollout_dynamic_20260712b,3,25.813729493995197,130916
Qwen3-30B-A3B,dapo,dynamic,5,greedy,1,qwen3_30ba3b_dapo_rollout_dynamic_20260712b,3,31.14375814696541,131072
Qwen3-30B-A3B,dapo,dynamic,5,greedy,1,qwen3_30ba3b_dapo_rollout_dynamic_20260712b,3,28.639867811987642,131072
Qwen3-30B-A3B,dapo,dynamic,5,greedy,1,qwen3_30ba3b_dapo_rollout_dynamic_20260712b,3,28.9625702239573,131072
Qwen3-30B-A3B,dapo,fixed_k3,3,greedy,1,qwen3_30ba3b_dapo_rollout_fixed_k3_20260712b,0,29.134608434978873,131072
Qwen3-30B-A3B,dapo,fixed_k3,3,greedy,1,qwen3_30ba3b_dapo_rollout_fixed_k3_20260712b,0,29.586720851017162,131072
Qwen3-30B-A3B,dapo,fixed_k3,3,greedy,1,qwen3_30ba3b_dapo_rollout_fixed_k3_20260712b,0,28.085788943979423,131072
Qwen3-30B-A3B,dapo,fixed_k3,3,greedy,1,qwen3_30ba3b_dapo_rollout_fixed_k3_20260712b,0,28.90938061400084,131072
Qwen3-30B-A3B,dapo,fixed_k3,3,greedy,1,qwen3_30ba3b_dapo_rollout_fixed_k3_20260712b,1,25.98927958199056,131072
Qwen3-30B-A3B,dapo,fixed_k3,3,greedy,1,qwen3_30ba3b_dapo_rollout_fixed_k3_20260712b,1,25.513331455993466,131072
Qwen3-30B-A3B,dapo,fixed_k3,3,greedy,1,qwen3_30ba3b_dapo_rollout_fixed_k3_20260712b,1,26.893220519996248,131072
Qwen3-30B-A3B,dapo,fixed_k3,3,greedy,1,qwen3_30ba3b_dapo_rollout_fixed_k3_20260712b,1,29.343439593038056,131072
Qwen3-30B-A3B,dapo,fixed_k3,3,greedy,1,qwen3_30ba3b_dapo_rollout_fixed_k3_20260712b,2,26.343042024993338,131072
Qwen3-30B-A3B,dapo,fixed_k3,3,greedy,1,qwen3_30ba3b_dapo_rollout_fixed_k3_20260712b,2,27.173619623994455,131072
Qwen3-30B-A3B,dapo,fixed_k3,3,greedy,1,qwen3_30ba3b_dapo_rollout_fixed_k3_20260712b,2,28.75012137601152,131072
Qwen3-30B-A3B,dapo,fixed_k3,3,greedy,1,qwen3_30ba3b_dapo_rollout_fixed_k3_20260712b,2,27.16212492599152,131072
Qwen3-30B-A3B,dapo,fixed_k3,3,greedy,1,qwen3_30ba3b_dapo_rollout_fixed_k3_20260712b,3,24.040755973022897,130916
Qwen3-30B-A3B,dapo,fixed_k3,3,greedy,1,qwen3_30ba3b_dapo_rollout_fixed_k3_20260712b,3,28.699250532023143,131072
Qwen3-30B-A3B,dapo,fixed_k3,3,greedy,1,qwen3_30ba3b_dapo_rollout_fixed_k3_20260712b,3,26.631328682997264,131072
Qwen3-30B-A3B,dapo,fixed_k3,3,greedy,1,qwen3_30ba3b_dapo_rollout_fixed_k3_20260712b,3,27.41479338501813,131072
Qwen3-30B-A3B,math500,baseline,0,-,1,qwen3_30ba3b_math500_rollout_baseline_20260712,0,25.714997313916683,55370
Qwen3-30B-A3B,math500,baseline,0,-,1,qwen3_30ba3b_math500_rollout_baseline_20260712,0,42.7708676350303,131072
Qwen3-30B-A3B,math500,baseline,0,-,1,qwen3_30ba3b_math500_rollout_baseline_20260712,0,36.31892144191079,74499
Qwen3-30B-A3B,math500,baseline,0,-,1,qwen3_30ba3b_math500_rollout_baseline_20260712,0,31.4018859770149,66926
Qwen3-30B-A3B,math500,baseline,0,-,1,qwen3_30ba3b_math500_rollout_baseline_20260712,1,51.56705141393468,124289
Qwen3-30B-A3B,math500,baseline,0,-,1,qwen3_30ba3b_math500_rollout_baseline_20260712,1,51.56705141393468,71372
Qwen3-30B-A3B,math500,baseline,0,-,1,qwen3_30ba3b_math500_rollout_baseline_20260712,1,51.56705141393468,127155
Qwen3-30B-A3B,math500,baseline,0,-,1,qwen3_30ba3b_math500_rollout_baseline_20260712,1,51.56705141393468,126778
Qwen3-30B-A3B,math500,baseline,0,-,1,qwen3_30ba3b_math500_rollout_baseline_20260712,2,27.789202939951792,54616
Qwen3-30B-A3B,math500,baseline,0,-,1,qwen3_30ba3b_math500_rollout_baseline_20260712,2,50.05245220498182,131072
Qwen3-30B-A3B,math500,baseline,0,-,1,qwen3_30ba3b_math500_rollout_baseline_20260712,2,50.05245220498182,131072
Qwen3-30B-A3B,math500,baseline,0,-,1,qwen3_30ba3b_math500_rollout_baseline_20260712,2,50.05245220498182,131072
Qwen3-30B-A3B,math500,baseline,0,-,1,qwen3_30ba3b_math500_rollout_baseline_20260712,3,48.32058665412478,124914
Qwen3-30B-A3B,math500,baseline,0,-,1,qwen3_30ba3b_math500_rollout_baseline_20260712,3,18.867418077075854,35685
Qwen3-30B-A3B,math500,baseline,0,-,1,qwen3_30ba3b_math500_rollout_baseline_20260712,3,40.18989666714333,89737
Qwen3-30B-A3B,math500,baseline,0,-,1,qwen3_30ba3b_math500_rollout_baseline_20260712,3,48.32058665412478,130149
Qwen3-30B-A3B,math500,dynamic,5,greedy,1,qwen3_30ba3b_math500_rollout_dynamic_20260712b,0,17.156235138005286,55623
Qwen3-30B-A3B,math500,dynamic,5,greedy,1,qwen3_30ba3b_math500_rollout_dynamic_20260712b,0,24.046432086004643,131072
Qwen3-30B-A3B,math500,dynamic,5,greedy,1,qwen3_30ba3b_math500_rollout_dynamic_20260712b,0,19.006083152999054,72083
Qwen3-30B-A3B,math500,dynamic,5,greedy,1,qwen3_30ba3b_math500_rollout_dynamic_20260712b,0,17.957968423004786,71160
Qwen3-30B-A3B,math500,dynamic,5,greedy,1,qwen3_30ba3b_math500_rollout_dynamic_20260712b,1,27.782380422999267,126678
Qwen3-30B-A3B,math500,dynamic,5,greedy,1,qwen3_30ba3b_math500_rollout_dynamic_20260712b,1,26.327568914006406,77328
Qwen3-30B-A3B,math500,dynamic,5,greedy,1,qwen3_30ba3b_math500_rollout_dynamic_20260712b,1,26.518637282999407,123888
Qwen3-30B-A3B,math500,dynamic,5,greedy,1,qwen3_30ba3b_math500_rollout_dynamic_20260712b,1,25.66030082400539,124012
Qwen3-30B-A3B,math500,dynamic,5,greedy,1,qwen3_30ba3b_math500_rollout_dynamic_20260712b,2,16.78755982599978,57800
Qwen3-30B-A3B,math500,dynamic,5,greedy,1,qwen3_30ba3b_math500_rollout_dynamic_20260712b,2,27.40107058799913,131072
Qwen3-30B-A3B,math500,dynamic,5,greedy,1,qwen3_30ba3b_math500_rollout_dynamic_20260712b,2,25.864604636000877,130972
Qwen3-30B-A3B,math500,dynamic,5,greedy,1,qwen3_30ba3b_math500_rollout_dynamic_20260712b,2,23.91578724500141,131072
Qwen3-30B-A3B,math500,dynamic,5,greedy,1,qwen3_30ba3b_math500_rollout_dynamic_20260712b,3,21.843966929998714,126127
Qwen3-30B-A3B,math500,dynamic,5,greedy,1,qwen3_30ba3b_math500_rollout_dynamic_20260712b,3,14.627004501999181,38674
Qwen3-30B-A3B,math500,dynamic,5,greedy,1,qwen3_30ba3b_math500_rollout_dynamic_20260712b,3,23.512948730996868,90125
Qwen3-30B-A3B,math500,dynamic,5,greedy,1,qwen3_30ba3b_math500_rollout_dynamic_20260712b,3,23.719179558996984,128944
Qwen3-30B-A3B,math500,fixed_k3,3,greedy,1,qwen3_30ba3b_math500_rollout_fixed_k3_20260712,0,14.260724443010986,55067
Qwen3-30B-A3B,math500,fixed_k3,3,greedy,1,qwen3_30ba3b_math500_rollout_fixed_k3_20260712,0,21.827936368994415,131072
Qwen3-30B-A3B,math500,fixed_k3,3,greedy,1,qwen3_30ba3b_math500_rollout_fixed_k3_20260712,0,16.805805847980082,72253
Qwen3-30B-A3B,math500,fixed_k3,3,greedy,1,qwen3_30ba3b_math500_rollout_fixed_k3_20260712,0,17.935863207967486,69878
Qwen3-30B-A3B,math500,fixed_k3,3,greedy,1,qwen3_30ba3b_math500_rollout_fixed_k3_20260712,1,26.40036476502428,125140
Qwen3-30B-A3B,math500,fixed_k3,3,greedy,1,qwen3_30ba3b_math500_rollout_fixed_k3_20260712,1,24.933572080975864,77468
Qwen3-30B-A3B,math500,fixed_k3,3,greedy,1,qwen3_30ba3b_math500_rollout_fixed_k3_20260712,1,25.45439265202731,123878
Qwen3-30B-A3B,math500,fixed_k3,3,greedy,1,qwen3_30ba3b_math500_rollout_fixed_k3_20260712,1,24.50759295397438,123944
Qwen3-30B-A3B,math500,fixed_k3,3,greedy,1,qwen3_30ba3b_math500_rollout_fixed_k3_20260712,2,13.283420067979023,56305
Qwen3-30B-A3B,math500,fixed_k3,3,greedy,1,qwen3_30ba3b_math500_rollout_fixed_k3_20260712,2,25.623119639989454,131072
Qwen3-30B-A3B,math500,fixed_k3,3,greedy,1,qwen3_30ba3b_math500_rollout_fixed_k3_20260712,2,24.875959653989412,131072
Qwen3-30B-A3B,math500,fixed_k3,3,greedy,1,qwen3_30ba3b_math500_rollout_fixed_k3_20260712,2,23.19744058995275,131072
Qwen3-30B-A3B,math500,fixed_k3,3,greedy,1,qwen3_30ba3b_math500_rollout_fixed_k3_20260712,3,21.708716157998424,125725
Qwen3-30B-A3B,math500,fixed_k3,3,greedy,1,qwen3_30ba3b_math500_rollout_fixed_k3_20260712,3,14.130837371980306,39063
Qwen3-30B-A3B,math500,fixed_k3,3,greedy,1,qwen3_30ba3b_math500_rollout_fixed_k3_20260712,3,20.73171972198179,85924
Qwen3-30B-A3B,math500,fixed_k3,3,greedy,1,qwen3_30ba3b_math500_rollout_fixed_k3_20260712,3,22.71749655500753,129310
Qwen3-30B-A3B,openmath,baseline,0,-,1,qwen3_30ba3b_openmath_rollout_baseline_20260712,0,53.593861385999844,102987
Qwen3-30B-A3B,openmath,baseline,0,-,1,qwen3_30ba3b_openmath_rollout_baseline_20260712,0,53.593861385999844,131072
Qwen3-30B-A3B,openmath,baseline,0,-,1,qwen3_30ba3b_openmath_rollout_baseline_20260712,0,53.593861385999844,131072
Qwen3-30B-A3B,openmath,baseline,0,-,1,qwen3_30ba3b_openmath_rollout_baseline_20260712,0,53.593861385999844,131072
Qwen3-30B-A3B,openmath,baseline,0,-,1,qwen3_30ba3b_openmath_rollout_baseline_20260712,1,55.32819549499982,131072
Qwen3-30B-A3B,openmath,baseline,0,-,1,qwen3_30ba3b_openmath_rollout_baseline_20260712,1,55.32819549499982,126504
Qwen3-30B-A3B,openmath,baseline,0,-,1,qwen3_30ba3b_openmath_rollout_baseline_20260712,1,55.32819549499982,131072
Qwen3-30B-A3B,openmath,baseline,0,-,1,qwen3_30ba3b_openmath_rollout_baseline_20260712,1,55.32819549499982,131072
Qwen3-30B-A3B,openmath,baseline,0,-,1,qwen3_30ba3b_openmath_rollout_baseline_20260712,2,45.49335999300001,102946
Qwen3-30B-A3B,openmath,baseline,0,-,1,qwen3_30ba3b_openmath_rollout_baseline_20260712,2,8.293839028000548,17394
Qwen3-30B-A3B,openmath,baseline,0,-,1,qwen3_30ba3b_openmath_rollout_baseline_20260712,2,45.49335999300001,130790
Qwen3-30B-A3B,openmath,baseline,0,-,1,qwen3_30ba3b_openmath_rollout_baseline_20260712,2,40.450578725000014,83286
Qwen3-30B-A3B,openmath,baseline,0,-,1,qwen3_30ba3b_openmath_rollout_baseline_20260712,3,49.098112196999864,131072
Qwen3-30B-A3B,openmath,baseline,0,-,1,qwen3_30ba3b_openmath_rollout_baseline_20260712,3,49.098112196999864,131072
Qwen3-30B-A3B,openmath,baseline,0,-,1,qwen3_30ba3b_openmath_rollout_baseline_20260712,3,34.68802289300038,68749
Qwen3-30B-A3B,openmath,baseline,0,-,1,qwen3_30ba3b_openmath_rollout_baseline_20260712,3,47.594699678000325,86848
Qwen3-30B-A3B,openmath,dynamic,5,greedy,1,qwen3_30ba3b_openmath_rollout_dynamic_20260712b,0,28.06406253197929,108059
Qwen3-30B-A3B,openmath,dynamic,5,greedy,1,qwen3_30ba3b_openmath_rollout_dynamic_20260712b,0,29.692013891006354,131072
Qwen3-30B-A3B,openmath,dynamic,5,greedy,1,qwen3_30ba3b_openmath_rollout_dynamic_20260712b,0,27.953336798003875,131072
Qwen3-30B-A3B,openmath,dynamic,5,greedy,1,qwen3_30ba3b_openmath_rollout_dynamic_20260712b,0,27.703323182999156,131072
Qwen3-30B-A3B,openmath,dynamic,5,greedy,1,qwen3_30ba3b_openmath_rollout_dynamic_20260712b,1,28.547883874038234,131072
Qwen3-30B-A3B,openmath,dynamic,5,greedy,1,qwen3_30ba3b_openmath_rollout_dynamic_20260712b,1,27.84797794604674,128459
Qwen3-30B-A3B,openmath,dynamic,5,greedy,1,qwen3_30ba3b_openmath_rollout_dynamic_20260712b,1,29.625548021052964,131072
Qwen3-30B-A3B,openmath,dynamic,5,greedy,1,qwen3_30ba3b_openmath_rollout_dynamic_20260712b,1,29.785263284051325,131072
Qwen3-30B-A3B,openmath,dynamic,5,greedy,1,qwen3_30ba3b_openmath_rollout_dynamic_20260712b,2,21.523584351001773,103880
Qwen3-30B-A3B,openmath,dynamic,5,greedy,1,qwen3_30ba3b_openmath_rollout_dynamic_20260712b,2,7.367467878037132,21797
Qwen3-30B-A3B,openmath,dynamic,5,greedy,1,qwen3_30ba3b_openmath_rollout_dynamic_20260712b,2,23.008073268050794,131072
Qwen3-30B-A3B,openmath,dynamic,5,greedy,1,qwen3_30ba3b_openmath_rollout_dynamic_20260712b,2,21.04431458102772,81249
Qwen3-30B-A3B,openmath,dynamic,5,greedy,1,qwen3_30ba3b_openmath_rollout_dynamic_20260712b,3,24.8080946309492,130753
Qwen3-30B-A3B,openmath,dynamic,5,greedy,1,qwen3_30ba3b_openmath_rollout_dynamic_20260712b,3,23.459101415995974,131072
Qwen3-30B-A3B,openmath,dynamic,5,greedy,1,qwen3_30ba3b_openmath_rollout_dynamic_20260712b,3,15.17581699200673,66664
Qwen3-30B-A3B,openmath,dynamic,5,greedy,1,qwen3_30ba3b_openmath_rollout_dynamic_20260712b,3,20.23877325496869,87097
Qwen3-30B-A3B,openmath,fixed_k3,3,greedy,1,qwen3_30ba3b_openmath_rollout_fixed_k3_20260712,0,26.831548993941396,107789
Qwen3-30B-A3B,openmath,fixed_k3,3,greedy,1,qwen3_30ba3b_openmath_rollout_fixed_k3_20260712,0,27.59236285695806,131072
Qwen3-30B-A3B,openmath,fixed_k3,3,greedy,1,qwen3_30ba3b_openmath_rollout_fixed_k3_20260712,0,26.626625417964533,131072
Qwen3-30B-A3B,openmath,fixed_k3,3,greedy,1,qwen3_30ba3b_openmath_rollout_fixed_k3_20260712,0,26.328069527167827,131072
Qwen3-30B-A3B,openmath,fixed_k3,3,greedy,1,qwen3_30ba3b_openmath_rollout_fixed_k3_20260712,1,27.18545358395204,131072
Qwen3-30B-A3B,openmath,fixed_k3,3,greedy,1,qwen3_30ba3b_openmath_rollout_fixed_k3_20260712,1,26.597837763139978,128467
Qwen3-30B-A3B,openmath,fixed_k3,3,greedy,1,qwen3_30ba3b_openmath_rollout_fixed_k3_20260712,1,28.62818455696106,131072
Qwen3-30B-A3B,openmath,fixed_k3,3,greedy,1,qwen3_30ba3b_openmath_rollout_fixed_k3_20260712,1,28.31740284198895,131072
Qwen3-30B-A3B,openmath,fixed_k3,3,greedy,1,qwen3_30ba3b_openmath_rollout_fixed_k3_20260712,2,21.055425780126825,101273
Qwen3-30B-A3B,openmath,fixed_k3,3,greedy,1,qwen3_30ba3b_openmath_rollout_fixed_k3_20260712,2,7.421489011030644,21852
Qwen3-30B-A3B,openmath,fixed_k3,3,greedy,1,qwen3_30ba3b_openmath_rollout_fixed_k3_20260712,2,22.02281614509411,131072
Qwen3-30B-A3B,openmath,fixed_k3,3,greedy,1,qwen3_30ba3b_openmath_rollout_fixed_k3_20260712,2,21.13794197817333,78891
Qwen3-30B-A3B,openmath,fixed_k3,3,greedy,1,qwen3_30ba3b_openmath_rollout_fixed_k3_20260712,3,23.313424453139305,131072
Qwen3-30B-A3B,openmath,fixed_k3,3,greedy,1,qwen3_30ba3b_openmath_rollout_fixed_k3_20260712,3,22.81338447215967,131072
Qwen3-30B-A3B,openmath,fixed_k3,3,greedy,1,qwen3_30ba3b_openmath_rollout_fixed_k3_20260712,3,14.391734396107495,66706
Qwen3-30B-A3B,openmath,fixed_k3,3,greedy,1,qwen3_30ba3b_openmath_rollout_fixed_k3_20260712,3,18.4494259969797,86306
Qwen3-30B-A3B,swe_verified,baseline,0,-,1,qwen3_30ba3b_swe_verified_rollout_baseline_20260712,0,33.21591713302769,47500
Qwen3-30B-A3B,swe_verified,baseline,0,-,1,qwen3_30ba3b_swe_verified_rollout_baseline_20260712,0,34.50169029599056,46217
Qwen3-30B-A3B,swe_verified,baseline,0,-,1,qwen3_30ba3b_swe_verified_rollout_baseline_20260712,0,34.02976379892789,68148
Qwen3-30B-A3B,swe_verified,baseline,0,-,1,qwen3_30ba3b_swe_verified_rollout_baseline_20260712,0,22.88911600294523,50500
Qwen3-30B-A3B,swe_verified,baseline,0,-,1,qwen3_30ba3b_swe_verified_rollout_baseline_20260712,1,39.84884739713743,32163
Qwen3-30B-A3B,swe_verified,baseline,0,-,1,qwen3_30ba3b_swe_verified_rollout_baseline_20260712,1,47.96432787319645,105104
Qwen3-30B-A3B,swe_verified,baseline,0,-,1,qwen3_30ba3b_swe_verified_rollout_baseline_20260712,1,47.96432787319645,63802
Qwen3-30B-A3B,swe_verified,baseline,0,-,1,qwen3_30ba3b_swe_verified_rollout_baseline_20260712,1,47.96432787319645,131072
Qwen3-30B-A3B,swe_verified,baseline,0,-,1,qwen3_30ba3b_swe_verified_rollout_baseline_20260712,2,40.326141234021634,67659
Qwen3-30B-A3B,swe_verified,baseline,0,-,1,qwen3_30ba3b_swe_verified_rollout_baseline_20260712,2,42.70823874301277,45097
Qwen3-30B-A3B,swe_verified,baseline,0,-,1,qwen3_30ba3b_swe_verified_rollout_baseline_20260712,2,42.70823874301277,47573
Qwen3-30B-A3B,swe_verified,baseline,0,-,1,qwen3_30ba3b_swe_verified_rollout_baseline_20260712,2,42.70823874301277,97027
Qwen3-30B-A3B,swe_verified,baseline,0,-,1,qwen3_30ba3b_swe_verified_rollout_baseline_20260712,3,44.89868813985959,77454
Qwen3-30B-A3B,swe_verified,baseline,0,-,1,qwen3_30ba3b_swe_verified_rollout_baseline_20260712,3,44.89868813985959,56028
Qwen3-30B-A3B,swe_verified,baseline,0,-,1,qwen3_30ba3b_swe_verified_rollout_baseline_20260712,3,44.89868813985959,115633
Qwen3-30B-A3B,swe_verified,baseline,0,-,1,qwen3_30ba3b_swe_verified_rollout_baseline_20260712,3,30.7884397378657,50132
Qwen3-30B-A3B,swe_verified,dynamic,5,greedy,1,qwen3_30ba3b_swe_verified_rollout_dynamic_20260712,0,21.73325432499405,45691
Qwen3-30B-A3B,swe_verified,dynamic,5,greedy,1,qwen3_30ba3b_swe_verified_rollout_dynamic_20260712,0,18.42953975198907,37475
Qwen3-30B-A3B,swe_verified,dynamic,5,greedy,1,qwen3_30ba3b_swe_verified_rollout_dynamic_20260712,0,21.136622874008026,61904
Qwen3-30B-A3B,swe_verified,dynamic,5,greedy,1,qwen3_30ba3b_swe_verified_rollout_dynamic_20260712,0,15.81356365699321,49853
Qwen3-30B-A3B,swe_verified,dynamic,5,greedy,1,qwen3_30ba3b_swe_verified_rollout_dynamic_20260712,1,15.951637523976387,34035
Qwen3-30B-A3B,swe_verified,dynamic,5,greedy,1,qwen3_30ba3b_swe_verified_rollout_dynamic_20260712,1,28.16056732099969,102505
Qwen3-30B-A3B,swe_verified,dynamic,5,greedy,1,qwen3_30ba3b_swe_verified_rollout_dynamic_20260712,1,21.128523444000166,55294
Qwen3-30B-A3B,swe_verified,dynamic,5,greedy,1,qwen3_30ba3b_swe_verified_rollout_dynamic_20260712,1,26.26460357400356,130720
Qwen3-30B-A3B,swe_verified,dynamic,5,greedy,1,qwen3_30ba3b_swe_verified_rollout_dynamic_20260712,2,21.492401169991354,65445
Qwen3-30B-A3B,swe_verified,dynamic,5,greedy,1,qwen3_30ba3b_swe_verified_rollout_dynamic_20260712,2,22.397466242982773,54828
Qwen3-30B-A3B,swe_verified,dynamic,5,greedy,1,qwen3_30ba3b_swe_verified_rollout_dynamic_20260712,2,18.462212370999623,50463
Qwen3-30B-A3B,swe_verified,dynamic,5,greedy,1,qwen3_30ba3b_swe_verified_rollout_dynamic_20260712,2,24.400913388992194,79122
Qwen3-30B-A3B,swe_verified,dynamic,5,greedy,1,qwen3_30ba3b_swe_verified_rollout_dynamic_20260712,3,22.443977057992015,74170
Qwen3-30B-A3B,swe_verified,dynamic,5,greedy,1,qwen3_30ba3b_swe_verified_rollout_dynamic_20260712,3,25.86026489501819,53589
Qwen3-30B-A3B,swe_verified,dynamic,5,greedy,1,qwen3_30ba3b_swe_verified_rollout_dynamic_20260712,3,26.887454828014597,114710
Qwen3-30B-A3B,swe_verified,dynamic,5,greedy,1,qwen3_30ba3b_swe_verified_rollout_dynamic_20260712,3,22.35590608601342,56394
Qwen3-30B-A3B,swe_verified,fixed_k3,3,greedy,1,qwen3_30ba3b_swe_verified_rollout_fixed_k3_20260712,0,18.309578595995845,44236
Qwen3-30B-A3B,swe_verified,fixed_k3,3,greedy,1,qwen3_30ba3b_swe_verified_rollout_fixed_k3_20260712,0,14.852253171993652,36820
Qwen3-30B-A3B,swe_verified,fixed_k3,3,greedy,1,qwen3_30ba3b_swe_verified_rollout_fixed_k3_20260712,0,17.677392988000065,60704
Qwen3-30B-A3B,swe_verified,fixed_k3,3,greedy,1,qwen3_30ba3b_swe_verified_rollout_fixed_k3_20260712,0,15.52669864899508,50540
Qwen3-30B-A3B,swe_verified,fixed_k3,3,greedy,1,qwen3_30ba3b_swe_verified_rollout_fixed_k3_20260712,1,15.088239401004103,34035
Qwen3-30B-A3B,swe_verified,fixed_k3,3,greedy,1,qwen3_30ba3b_swe_verified_rollout_fixed_k3_20260712,1,26.719718478001596,102959
Qwen3-30B-A3B,swe_verified,fixed_k3,3,greedy,1,qwen3_30ba3b_swe_verified_rollout_fixed_k3_20260712,1,23.692663255002117,57201
Qwen3-30B-A3B,swe_verified,fixed_k3,3,greedy,1,qwen3_30ba3b_swe_verified_rollout_fixed_k3_20260712,1,25.454826660003164,131072
Qwen3-30B-A3B,swe_verified,fixed_k3,3,greedy,1,qwen3_30ba3b_swe_verified_rollout_fixed_k3_20260712,2,20.626762998996128,66824
Qwen3-30B-A3B,swe_verified,fixed_k3,3,greedy,1,qwen3_30ba3b_swe_verified_rollout_fixed_k3_20260712,2,20.573136167993653,52917
Qwen3-30B-A3B,swe_verified,fixed_k3,3,greedy,1,qwen3_30ba3b_swe_verified_rollout_fixed_k3_20260712,2,16.83715426499839,50275
Qwen3-30B-A3B,swe_verified,fixed_k3,3,greedy,1,qwen3_30ba3b_swe_verified_rollout_fixed_k3_20260712,2,21.935798162994615,75482
Qwen3-30B-A3B,swe_verified,fixed_k3,3,greedy,1,qwen3_30ba3b_swe_verified_rollout_fixed_k3_20260712,3,22.054879994997464,74146
Qwen3-30B-A3B,swe_verified,fixed_k3,3,greedy,1,qwen3_30ba3b_swe_verified_rollout_fixed_k3_20260712,3,20.45751295900118,53865
Qwen3-30B-A3B,swe_verified,fixed_k3,3,greedy,1,qwen3_30ba3b_swe_verified_rollout_fixed_k3_20260712,3,25.0167099149985,118320
Qwen3-30B-A3B,swe_verified,fixed_k3,3,greedy,1,qwen3_30ba3b_swe_verified_rollout_fixed_k3_20260712,3,21.845708255998034,56402
Qwen3-32B,dapo,baseline,0,-,2,qwen3_32b_dapo_rollout_baseline_20260712c,0,83.25283964909613,131072
Qwen3-32B,dapo,baseline,0,-,2,qwen3_32b_dapo_rollout_baseline_20260712c,0,83.25283964909613,131072
Qwen3-32B,dapo,baseline,0,-,2,qwen3_32b_dapo_rollout_baseline_20260712c,0,83.25283964909613,131072
Qwen3-32B,dapo,baseline,0,-,2,qwen3_32b_dapo_rollout_baseline_20260712c,0,83.25283964909613,130828
Qwen3-32B,dapo,baseline,0,-,2,qwen3_32b_dapo_rollout_baseline_20260712c,0,83.25283964909613,129865
Qwen3-32B,dapo,baseline,0,-,2,qwen3_32b_dapo_rollout_baseline_20260712c,0,83.28299307799898,131072
Qwen3-32B,dapo,baseline,0,-,2,qwen3_32b_dapo_rollout_baseline_20260712c,0,83.28299307799898,130349
Qwen3-32B,dapo,baseline,0,-,2,qwen3_32b_dapo_rollout_baseline_20260712c,0,84.9965474801138,131072
Qwen3-32B,dapo,baseline,0,-,2,qwen3_32b_dapo_rollout_baseline_20260712c,1,83.52221833402291,131072
Qwen3-32B,dapo,baseline,0,-,2,qwen3_32b_dapo_rollout_baseline_20260712c,1,83.52221833402291,131072
Qwen3-32B,dapo,baseline,0,-,2,qwen3_32b_dapo_rollout_baseline_20260712c,1,83.52221833402291,131072
Qwen3-32B,dapo,baseline,0,-,2,qwen3_32b_dapo_rollout_baseline_20260712c,1,83.52221833402291,131072
Qwen3-32B,dapo,baseline,0,-,2,qwen3_32b_dapo_rollout_baseline_20260712c,1,83.52221833402291,130671
Qwen3-32B,dapo,baseline,0,-,2,qwen3_32b_dapo_rollout_baseline_20260712c,1,83.52221833402291,131072
Qwen3-32B,dapo,baseline,0,-,2,qwen3_32b_dapo_rollout_baseline_20260712c,1,83.6515573579818,131072
Qwen3-32B,dapo,baseline,0,-,2,qwen3_32b_dapo_rollout_baseline_20260712c,1,85.67498974618502,131072
Qwen3-32B,dapo,baseline,0,-,2,qwen3_32b_dapo_rollout_baseline_20260712c,2,83.3381277420558,131072
Qwen3-32B,dapo,baseline,0,-,2,qwen3_32b_dapo_rollout_baseline_20260712c,2,83.3381277420558,127252
Qwen3-32B,dapo,baseline,0,-,2,qwen3_32b_dapo_rollout_baseline_20260712c,2,83.3381277420558,130332
Qwen3-32B,dapo,baseline,0,-,2,qwen3_32b_dapo_rollout_baseline_20260712c,2,83.3381277420558,131072
Qwen3-32B,dapo,baseline,0,-,2,qwen3_32b_dapo_rollout_baseline_20260712c,2,83.3381277420558,131072
Qwen3-32B,dapo,baseline,0,-,2,qwen3_32b_dapo_rollout_baseline_20260712c,2,83.36295186192729,129245
Qwen3-32B,dapo,baseline,0,-,2,qwen3_32b_dapo_rollout_baseline_20260712c,2,83.37592359096743,131072
Qwen3-32B,dapo,baseline,0,-,2,qwen3_32b_dapo_rollout_baseline_20260712c,2,83.37592359096743,131072
Qwen3-32B,dapo,baseline,0,-,2,qwen3_32b_dapo_rollout_baseline_20260712c,3,83.79997518006712,131072
Qwen3-32B,dapo,baseline,0,-,2,qwen3_32b_dapo_rollout_baseline_20260712c,3,83.79997518006712,131072
Qwen3-32B,dapo,baseline,0,-,2,qwen3_32b_dapo_rollout_baseline_20260712c,3,83.79997518006712,131072
Qwen3-32B,dapo,baseline,0,-,2,qwen3_32b_dapo_rollout_baseline_20260712c,3,83.79997518006712,131072
Qwen3-32B,dapo,baseline,0,-,2,qwen3_32b_dapo_rollout_baseline_20260712c,3,83.79997518006712,131072
Qwen3-32B,dapo,baseline,0,-,2,qwen3_32b_dapo_rollout_baseline_20260712c,3,83.79997518006712,131072
Qwen3-32B,dapo,baseline,0,-,2,qwen3_32b_dapo_rollout_baseline_20260712c,3,83.79997518006712,131072
Qwen3-32B,dapo,baseline,0,-,2,qwen3_32b_dapo_rollout_baseline_20260712c,3,86.33536169701256,131072
Qwen3-32B,dapo,dynamic,5,greedy,2,qwen3_32b_dapo_rollout_dynamic_20260712,0,80.34314834000543,131072
Qwen3-32B,dapo,dynamic,5,greedy,2,qwen3_32b_dapo_rollout_dynamic_20260712,0,80.73920947598526,131072
Qwen3-32B,dapo,dynamic,5,greedy,2,qwen3_32b_dapo_rollout_dynamic_20260712,0,79.4312784980284,131072
Qwen3-32B,dapo,dynamic,5,greedy,2,qwen3_32b_dapo_rollout_dynamic_20260712,0,80.40766263002297,130845
Qwen3-32B,dapo,dynamic,5,greedy,2,qwen3_32b_dapo_rollout_dynamic_20260712,0,78.40470129298046,129690
Qwen3-32B,dapo,dynamic,5,greedy,2,qwen3_32b_dapo_rollout_dynamic_20260712,0,77.01574792002793,131072
Qwen3-32B,dapo,dynamic,5,greedy,2,qwen3_32b_dapo_rollout_dynamic_20260712,0,79.45925660099601,130814
Qwen3-32B,dapo,dynamic,5,greedy,2,qwen3_32b_dapo_rollout_dynamic_20260712,0,82.76246093201917,131072
Qwen3-32B,dapo,dynamic,5,greedy,2,qwen3_32b_dapo_rollout_dynamic_20260712,1,77.59181564301252,131072
Qwen3-32B,dapo,dynamic,5,greedy,2,qwen3_32b_dapo_rollout_dynamic_20260712,1,78.29119354602881,131072
Qwen3-32B,dapo,dynamic,5,greedy,2,qwen3_32b_dapo_rollout_dynamic_20260712,1,80.26325985701988,131072
Qwen3-32B,dapo,dynamic,5,greedy,2,qwen3_32b_dapo_rollout_dynamic_20260712,1,78.53765337599907,131072
Qwen3-32B,dapo,dynamic,5,greedy,2,qwen3_32b_dapo_rollout_dynamic_20260712,1,75.63647988799494,130777
Qwen3-32B,dapo,dynamic,5,greedy,2,qwen3_32b_dapo_rollout_dynamic_20260712,1,79.37472719402285,131072
Qwen3-32B,dapo,dynamic,5,greedy,2,qwen3_32b_dapo_rollout_dynamic_20260712,1,78.46288633398945,131072
Qwen3-32B,dapo,dynamic,5,greedy,2,qwen3_32b_dapo_rollout_dynamic_20260712,1,79.45572153100511,131072
Qwen3-32B,dapo,dynamic,5,greedy,2,qwen3_32b_dapo_rollout_dynamic_20260712,2,79.70339099300327,131072
Qwen3-32B,dapo,dynamic,5,greedy,2,qwen3_32b_dapo_rollout_dynamic_20260712,2,76.83937724801945,129935
Qwen3-32B,dapo,dynamic,5,greedy,2,qwen3_32b_dapo_rollout_dynamic_20260712,2,79.11834215099225,131072
Qwen3-32B,dapo,dynamic,5,greedy,2,qwen3_32b_dapo_rollout_dynamic_20260712,2,78.23756027797936,131072
Qwen3-32B,dapo,dynamic,5,greedy,2,qwen3_32b_dapo_rollout_dynamic_20260712,2,79.70339099300327,131072
Qwen3-32B,dapo,dynamic,5,greedy,2,qwen3_32b_dapo_rollout_dynamic_20260712,2,77.11888667399762,128518
Qwen3-32B,dapo,dynamic,5,greedy,2,qwen3_32b_dapo_rollout_dynamic_20260712,2,77.4312672590022,130711
Qwen3-32B,dapo,dynamic,5,greedy,2,qwen3_32b_dapo_rollout_dynamic_20260712,2,79.83276377402944,131072
Qwen3-32B,dapo,dynamic,5,greedy,2,qwen3_32b_dapo_rollout_dynamic_20260712,3,78.12371575500583,131072
Qwen3-32B,dapo,dynamic,5,greedy,2,qwen3_32b_dapo_rollout_dynamic_20260712,3,78.47101584798656,131072
Qwen3-32B,dapo,dynamic,5,greedy,2,qwen3_32b_dapo_rollout_dynamic_20260712,3,79.66084664600203,131072
Qwen3-32B,dapo,dynamic,5,greedy,2,qwen3_32b_dapo_rollout_dynamic_20260712,3,79.23571655200794,131072
Qwen3-32B,dapo,dynamic,5,greedy,2,qwen3_32b_dapo_rollout_dynamic_20260712,3,78.33483825199073,131072
Qwen3-32B,dapo,dynamic,5,greedy,2,qwen3_32b_dapo_rollout_dynamic_20260712,3,78.57224060798762,131072
Qwen3-32B,dapo,dynamic,5,greedy,2,qwen3_32b_dapo_rollout_dynamic_20260712,3,79.56804910203209,131072
Qwen3-32B,dapo,dynamic,5,greedy,2,qwen3_32b_dapo_rollout_dynamic_20260712,3,78.59659876098158,131072
Qwen3-32B,dapo,fixed_k3,3,greedy,2,qwen3_32b_dapo_rollout_fixed_k3_20260712,0,70.61637690896168,131072
Qwen3-32B,dapo,fixed_k3,3,greedy,2,qwen3_32b_dapo_rollout_fixed_k3_20260712,0,71.37361279595643,131072
Qwen3-32B,dapo,fixed_k3,3,greedy,2,qwen3_32b_dapo_rollout_fixed_k3_20260712,0,68.88554764701985,131072
Qwen3-32B,dapo,fixed_k3,3,greedy,2,qwen3_32b_dapo_rollout_fixed_k3_20260712,0,71.36105714295991,130574
Qwen3-32B,dapo,fixed_k3,3,greedy,2,qwen3_32b_dapo_rollout_fixed_k3_20260712,0,69.07652277383022,130186
Qwen3-32B,dapo,fixed_k3,3,greedy,2,qwen3_32b_dapo_rollout_fixed_k3_20260712,0,65.75365370884538,131072
Qwen3-32B,dapo,fixed_k3,3,greedy,2,qwen3_32b_dapo_rollout_fixed_k3_20260712,0,69.6827250639908,130971
Qwen3-32B,dapo,fixed_k3,3,greedy,2,qwen3_32b_dapo_rollout_fixed_k3_20260712,0,72.91063966788352,131072
Qwen3-32B,dapo,fixed_k3,3,greedy,2,qwen3_32b_dapo_rollout_fixed_k3_20260712,1,68.76457001897506,131072
Qwen3-32B,dapo,fixed_k3,3,greedy,2,qwen3_32b_dapo_rollout_fixed_k3_20260712,1,70.23888219799846,131072
Qwen3-32B,dapo,fixed_k3,3,greedy,2,qwen3_32b_dapo_rollout_fixed_k3_20260712,1,74.05674141389318,131072
Qwen3-32B,dapo,fixed_k3,3,greedy,2,qwen3_32b_dapo_rollout_fixed_k3_20260712,1,70.98795639700256,131072
Qwen3-32B,dapo,fixed_k3,3,greedy,2,qwen3_32b_dapo_rollout_fixed_k3_20260712,1,63.652004312956706,131072
Qwen3-32B,dapo,fixed_k3,3,greedy,2,qwen3_32b_dapo_rollout_fixed_k3_20260712,1,72.6542659108527,131072
Qwen3-32B,dapo,fixed_k3,3,greedy,2,qwen3_32b_dapo_rollout_fixed_k3_20260712,1,70.45442821690813,131072
Qwen3-32B,dapo,fixed_k3,3,greedy,2,qwen3_32b_dapo_rollout_fixed_k3_20260712,1,70.9553776779212,131072
Qwen3-32B,dapo,fixed_k3,3,greedy,2,qwen3_32b_dapo_rollout_fixed_k3_20260712,2,74.30702820792794,131072
Qwen3-32B,dapo,fixed_k3,3,greedy,2,qwen3_32b_dapo_rollout_fixed_k3_20260712,2,66.15941410092637,125686
Qwen3-32B,dapo,fixed_k3,3,greedy,2,qwen3_32b_dapo_rollout_fixed_k3_20260712,2,73.51990415295586,131072
Qwen3-32B,dapo,fixed_k3,3,greedy,2,qwen3_32b_dapo_rollout_fixed_k3_20260712,2,69.78476275899448,131072
Qwen3-32B,dapo,fixed_k3,3,greedy,2,qwen3_32b_dapo_rollout_fixed_k3_20260712,2,73.89624954899773,131072
Qwen3-32B,dapo,fixed_k3,3,greedy,2,qwen3_32b_dapo_rollout_fixed_k3_20260712,2,67.98251480190083,127114
Qwen3-32B,dapo,fixed_k3,3,greedy,2,qwen3_32b_dapo_rollout_fixed_k3_20260712,2,68.438038690947,130050
Qwen3-32B,dapo,fixed_k3,3,greedy,2,qwen3_32b_dapo_rollout_fixed_k3_20260712,2,73.37397659593262,131072
Qwen3-32B,dapo,fixed_k3,3,greedy,2,qwen3_32b_dapo_rollout_fixed_k3_20260712,3,68.31480395817198,131072
Qwen3-32B,dapo,fixed_k3,3,greedy,2,qwen3_32b_dapo_rollout_fixed_k3_20260712,3,69.96719165006652,131072
Qwen3-32B,dapo,fixed_k3,3,greedy,2,qwen3_32b_dapo_rollout_fixed_k3_20260712,3,72.40179797098972,131072
Qwen3-32B,dapo,fixed_k3,3,greedy,2,qwen3_32b_dapo_rollout_fixed_k3_20260712,3,72.13545497902669,131072
Qwen3-32B,dapo,fixed_k3,3,greedy,2,qwen3_32b_dapo_rollout_fixed_k3_20260712,3,70.70271431701258,131072
Qwen3-32B,dapo,fixed_k3,3,greedy,2,qwen3_32b_dapo_rollout_fixed_k3_20260712,3,71.20567953400314,131072
Qwen3-32B,dapo,fixed_k3,3,greedy,2,qwen3_32b_dapo_rollout_fixed_k3_20260712,3,72.71389708505012,131072
Qwen3-32B,dapo,fixed_k3,3,greedy,2,qwen3_32b_dapo_rollout_fixed_k3_20260712,3,70.37282305001281,131072
Qwen3-32B,math500,baseline,0,-,2,qwen3_32b_math500_rollout_baseline_20260712,0,33.6984317600145,51205
Qwen3-32B,math500,baseline,0,-,2,qwen3_32b_math500_rollout_baseline_20260712,0,62.41186413500691,130800
Qwen3-32B,math500,baseline,0,-,2,qwen3_32b_math500_rollout_baseline_20260712,0,59.30818962701596,64673
Qwen3-32B,math500,baseline,0,-,2,qwen3_32b_math500_rollout_baseline_20260712,0,62.41186413500691,77985
Qwen3-32B,math500,baseline,0,-,2,qwen3_32b_math500_rollout_baseline_20260712,0,62.41186413500691,111821
Qwen3-32B,math500,baseline,0,-,2,qwen3_32b_math500_rollout_baseline_20260712,0,46.78577178105479,60788
Qwen3-32B,math500,baseline,0,-,2,qwen3_32b_math500_rollout_baseline_20260712,0,62.41186413500691,106268
Qwen3-32B,math500,baseline,0,-,2,qwen3_32b_math500_rollout_baseline_20260712,0,62.41690092300996,118946
Qwen3-32B,math500,baseline,0,-,2,qwen3_32b_math500_rollout_baseline_20260712,1,44.38479600701248,58294
Qwen3-32B,math500,baseline,0,-,2,qwen3_32b_math500_rollout_baseline_20260712,1,71.19090495601995,131072
Qwen3-32B,math500,baseline,0,-,2,qwen3_32b_math500_rollout_baseline_20260712,1,71.19090495601995,131072
Qwen3-32B,math500,baseline,0,-,2,qwen3_32b_math500_rollout_baseline_20260712,1,71.19090495601995,131072
Qwen3-32B,math500,baseline,0,-,2,qwen3_32b_math500_rollout_baseline_20260712,1,71.19090495601995,124601
Qwen3-32B,math500,baseline,0,-,2,qwen3_32b_math500_rollout_baseline_20260712,1,23.122744745982345,35027
Qwen3-32B,math500,baseline,0,-,2,qwen3_32b_math500_rollout_baseline_20260712,1,48.421681881998666,75845
Qwen3-32B,math500,baseline,0,-,2,qwen3_32b_math500_rollout_baseline_20260712,1,71.19090495601995,127804
Qwen3-32B,math500,baseline,0,-,2,qwen3_32b_math500_rollout_baseline_20260712,2,73.11077514203498,111032
Qwen3-32B,math500,baseline,0,-,2,qwen3_32b_math500_rollout_baseline_20260712,2,73.11077514203498,131072
Qwen3-32B,math500,baseline,0,-,2,qwen3_32b_math500_rollout_baseline_20260712,2,73.11077514203498,131072
Qwen3-32B,math500,baseline,0,-,2,qwen3_32b_math500_rollout_baseline_20260712,2,73.11077514203498,130645
Qwen3-32B,math500,baseline,0,-,2,qwen3_32b_math500_rollout_baseline_20260712,2,73.11077514203498,76495
Qwen3-32B,math500,baseline,0,-,2,qwen3_32b_math500_rollout_baseline_20260712,2,73.11077514203498,131072
Qwen3-32B,math500,baseline,0,-,2,qwen3_32b_math500_rollout_baseline_20260712,2,54.67014289001236,75110
Qwen3-32B,math500,baseline,0,-,2,qwen3_32b_math500_rollout_baseline_20260712,2,69.77566605503671,87678
Qwen3-32B,math500,baseline,0,-,2,qwen3_32b_math500_rollout_baseline_20260712,3,64.39490986004239,109806
Qwen3-32B,math500,baseline,0,-,2,qwen3_32b_math500_rollout_baseline_20260712,3,64.39490986004239,128612
Qwen3-32B,math500,baseline,0,-,2,qwen3_32b_math500_rollout_baseline_20260712,3,64.39490986004239,131072
Qwen3-32B,math500,baseline,0,-,2,qwen3_32b_math500_rollout_baseline_20260712,3,31.401639875024557,50933
Qwen3-32B,math500,baseline,0,-,2,qwen3_32b_math500_rollout_baseline_20260712,3,64.39490986004239,67933
Qwen3-32B,math500,baseline,0,-,2,qwen3_32b_math500_rollout_baseline_20260712,3,45.917018563020974,65325
Qwen3-32B,math500,baseline,0,-,2,qwen3_32b_math500_rollout_baseline_20260712,3,64.39490986004239,121332
Qwen3-32B,math500,baseline,0,-,2,qwen3_32b_math500_rollout_baseline_20260712,3,42.9964318239945,66604
Qwen3-32B,math500,dynamic,5,greedy,2,qwen3_32b_math500_rollout_dynamic_20260712,0,32.16046391101554,52643
Qwen3-32B,math500,dynamic,5,greedy,2,qwen3_32b_math500_rollout_dynamic_20260712,0,53.2744164490141,128857
Qwen3-32B,math500,dynamic,5,greedy,2,qwen3_32b_math500_rollout_dynamic_20260712,0,44.8032466499717,65060
Qwen3-32B,math500,dynamic,5,greedy,2,qwen3_32b_math500_rollout_dynamic_20260712,0,51.14014950499404,79286
Qwen3-32B,math500,dynamic,5,greedy,2,qwen3_32b_math500_rollout_dynamic_20260712,0,55.174983064993285,109254
Qwen3-32B,math500,dynamic,5,greedy,2,qwen3_32b_math500_rollout_dynamic_20260712,0,46.66055670497008,61127
Qwen3-32B,math500,dynamic,5,greedy,2,qwen3_32b_math500_rollout_dynamic_20260712,0,54.22036684397608,111333
Qwen3-32B,math500,dynamic,5,greedy,2,qwen3_32b_math500_rollout_dynamic_20260712,0,52.634232926007826,116440
Qwen3-32B,math500,dynamic,5,greedy,2,qwen3_32b_math500_rollout_dynamic_20260712,1,36.72663787996862,55130
Qwen3-32B,math500,dynamic,5,greedy,2,qwen3_32b_math500_rollout_dynamic_20260712,1,61.11166506295558,131072
Qwen3-32B,math500,dynamic,5,greedy,2,qwen3_32b_math500_rollout_dynamic_20260712,1,59.900946760957595,130811
Qwen3-32B,math500,dynamic,5,greedy,2,qwen3_32b_math500_rollout_dynamic_20260712,1,58.95554261497455,131065
Qwen3-32B,math500,dynamic,5,greedy,2,qwen3_32b_math500_rollout_dynamic_20260712,1,58.50819940096699,125667
Qwen3-32B,math500,dynamic,5,greedy,2,qwen3_32b_math500_rollout_dynamic_20260712,1,23.48393854999449,32952
Qwen3-32B,math500,dynamic,5,greedy,2,qwen3_32b_math500_rollout_dynamic_20260712,1,46.18207400594838,78527
Qwen3-32B,math500,dynamic,5,greedy,2,qwen3_32b_math500_rollout_dynamic_20260712,1,59.357555763970595,126218
Qwen3-32B,math500,dynamic,5,greedy,2,qwen3_32b_math500_rollout_dynamic_20260712,2,62.75718616798986,109537
Qwen3-32B,math500,dynamic,5,greedy,2,qwen3_32b_math500_rollout_dynamic_20260712,2,63.862359738966916,131072
Qwen3-32B,math500,dynamic,5,greedy,2,qwen3_32b_math500_rollout_dynamic_20260712,2,63.95826811197912,131072
Qwen3-32B,math500,dynamic,5,greedy,2,qwen3_32b_math500_rollout_dynamic_20260712,2,62.939953039982356,131072
Qwen3-32B,math500,dynamic,5,greedy,2,qwen3_32b_math500_rollout_dynamic_20260712,2,63.5030876249657,77062
Qwen3-32B,math500,dynamic,5,greedy,2,qwen3_32b_math500_rollout_dynamic_20260712,2,62.58320014300989,131072
Qwen3-32B,math500,dynamic,5,greedy,2,qwen3_32b_math500_rollout_dynamic_20260712,2,48.80029167601606,77384
Qwen3-32B,math500,dynamic,5,greedy,2,qwen3_32b_math500_rollout_dynamic_20260712,2,62.467016978014726,95671
Qwen3-32B,math500,dynamic,5,greedy,2,qwen3_32b_math500_rollout_dynamic_20260712,3,50.860346018977,112483
Qwen3-32B,math500,dynamic,5,greedy,2,qwen3_32b_math500_rollout_dynamic_20260712,3,53.430791638966184,128993
Qwen3-32B,math500,dynamic,5,greedy,2,qwen3_32b_math500_rollout_dynamic_20260712,3,53.54691778100096,131072
Qwen3-32B,math500,dynamic,5,greedy,2,qwen3_32b_math500_rollout_dynamic_20260712,3,32.70642017497448,51004
Qwen3-32B,math500,dynamic,5,greedy,2,qwen3_32b_math500_rollout_dynamic_20260712,3,41.877571461955085,66621
Qwen3-32B,math500,dynamic,5,greedy,2,qwen3_32b_math500_rollout_dynamic_20260712,3,40.031174980977084,61773
Qwen3-32B,math500,dynamic,5,greedy,2,qwen3_32b_math500_rollout_dynamic_20260712,3,52.014790105982684,122285
Qwen3-32B,math500,dynamic,5,greedy,2,qwen3_32b_math500_rollout_dynamic_20260712,3,43.380091276951134,63185
Qwen3-32B,math500,fixed_k3,3,greedy,2,qwen3_32b_math500_rollout_fixed_k3_20260712c,0,48.5841055859928,53339
Qwen3-32B,math500,fixed_k3,3,greedy,2,qwen3_32b_math500_rollout_fixed_k3_20260712c,0,53.992906529980246,128565
Qwen3-32B,math500,fixed_k3,3,greedy,2,qwen3_32b_math500_rollout_fixed_k3_20260712c,0,42.96487145096762,66261
Qwen3-32B,math500,fixed_k3,3,greedy,2,qwen3_32b_math500_rollout_fixed_k3_20260712c,0,52.85035246500047,74501
Qwen3-32B,math500,fixed_k3,3,greedy,2,qwen3_32b_math500_rollout_fixed_k3_20260712c,0,55.609175466990564,115339
Qwen3-32B,math500,fixed_k3,3,greedy,2,qwen3_32b_math500_rollout_fixed_k3_20260712c,0,49.87473887996748,58651
Qwen3-32B,math500,fixed_k3,3,greedy,2,qwen3_32b_math500_rollout_fixed_k3_20260712c,0,54.7950023249723,113515
Qwen3-32B,math500,fixed_k3,3,greedy,2,qwen3_32b_math500_rollout_fixed_k3_20260712c,0,53.94366947200615,115170
Qwen3-32B,math500,fixed_k3,3,greedy,2,qwen3_32b_math500_rollout_fixed_k3_20260712c,1,33.534290247014724,55710
Qwen3-32B,math500,fixed_k3,3,greedy,2,qwen3_32b_math500_rollout_fixed_k3_20260712c,1,63.95215069601545,131072
Qwen3-32B,math500,fixed_k3,3,greedy,2,qwen3_32b_math500_rollout_fixed_k3_20260712c,1,62.368527695012745,131010
Qwen3-32B,math500,fixed_k3,3,greedy,2,qwen3_32b_math500_rollout_fixed_k3_20260712c,1,60.736787876987364,131072
Qwen3-32B,math500,fixed_k3,3,greedy,2,qwen3_32b_math500_rollout_fixed_k3_20260712c,1,59.34941601002356,125195
Qwen3-32B,math500,fixed_k3,3,greedy,2,qwen3_32b_math500_rollout_fixed_k3_20260712c,1,30.23065059602959,34331
Qwen3-32B,math500,fixed_k3,3,greedy,2,qwen3_32b_math500_rollout_fixed_k3_20260712c,1,50.13674536603503,75045
Qwen3-32B,math500,fixed_k3,3,greedy,2,qwen3_32b_math500_rollout_fixed_k3_20260712c,1,61.457648597017396,129361
Qwen3-32B,math500,fixed_k3,3,greedy,2,qwen3_32b_math500_rollout_fixed_k3_20260712c,2,62.22670005803229,113717
Qwen3-32B,math500,fixed_k3,3,greedy,2,qwen3_32b_math500_rollout_fixed_k3_20260712c,2,63.800810270011425,131072
Qwen3-32B,math500,fixed_k3,3,greedy,2,qwen3_32b_math500_rollout_fixed_k3_20260712c,2,64.67666597804055,131072
Qwen3-32B,math500,fixed_k3,3,greedy,2,qwen3_32b_math500_rollout_fixed_k3_20260712c,2,61.954080437019,130317
Qwen3-32B,math500,fixed_k3,3,greedy,2,qwen3_32b_math500_rollout_fixed_k3_20260712c,2,59.66710342402803,76199
Qwen3-32B,math500,fixed_k3,3,greedy,2,qwen3_32b_math500_rollout_fixed_k3_20260712c,2,61.99274812603835,131072
Qwen3-32B,math500,fixed_k3,3,greedy,2,qwen3_32b_math500_rollout_fixed_k3_20260712c,2,49.911577469029,77605
Qwen3-32B,math500,fixed_k3,3,greedy,2,qwen3_32b_math500_rollout_fixed_k3_20260712c,2,63.000139603042044,99680
Qwen3-32B,math500,fixed_k3,3,greedy,2,qwen3_32b_math500_rollout_fixed_k3_20260712c,3,52.439032480993774,108821
Qwen3-32B,math500,fixed_k3,3,greedy,2,qwen3_32b_math500_rollout_fixed_k3_20260712c,3,54.91241890296806,128177
Qwen3-32B,math500,fixed_k3,3,greedy,2,qwen3_32b_math500_rollout_fixed_k3_20260712c,3,55.94189677096438,131072
Qwen3-32B,math500,fixed_k3,3,greedy,2,qwen3_32b_math500_rollout_fixed_k3_20260712c,3,40.25205800001277,50917
Qwen3-32B,math500,fixed_k3,3,greedy,2,qwen3_32b_math500_rollout_fixed_k3_20260712c,3,48.13656983699184,66116
Qwen3-32B,math500,fixed_k3,3,greedy,2,qwen3_32b_math500_rollout_fixed_k3_20260712c,3,39.00100684200879,59116
Qwen3-32B,math500,fixed_k3,3,greedy,2,qwen3_32b_math500_rollout_fixed_k3_20260712c,3,54.8887112949742,124344
Qwen3-32B,math500,fixed_k3,3,greedy,2,qwen3_32b_math500_rollout_fixed_k3_20260712c,3,42.87606867199065,62234
Qwen3-32B,openmath,baseline,0,-,2,qwen3_32b_openmath_rollout_baseline_20260712,0,79.50076695399912,93818
Qwen3-32B,openmath,baseline,0,-,2,qwen3_32b_openmath_rollout_baseline_20260712,0,79.50076695399912,131072
Qwen3-32B,openmath,baseline,0,-,2,qwen3_32b_openmath_rollout_baseline_20260712,0,79.50076695399912,131072
Qwen3-32B,openmath,baseline,0,-,2,qwen3_32b_openmath_rollout_baseline_20260712,0,79.50076695399912,128540
Qwen3-32B,openmath,baseline,0,-,2,qwen3_32b_openmath_rollout_baseline_20260712,0,79.50076695399912,131072
Qwen3-32B,openmath,baseline,0,-,2,qwen3_32b_openmath_rollout_baseline_20260712,0,79.50076695399912,130946
Qwen3-32B,openmath,baseline,0,-,2,qwen3_32b_openmath_rollout_baseline_20260712,0,79.52434767200612,131072
Qwen3-32B,openmath,baseline,0,-,2,qwen3_32b_openmath_rollout_baseline_20260712,0,79.52434767200612,131072
Qwen3-32B,openmath,baseline,0,-,2,qwen3_32b_openmath_rollout_baseline_20260712,1,64.84245187300257,96975
Qwen3-32B,openmath,baseline,0,-,2,qwen3_32b_openmath_rollout_baseline_20260712,1,20.695750095997937,27044
Qwen3-32B,openmath,baseline,0,-,2,qwen3_32b_openmath_rollout_baseline_20260712,1,64.84245187300257,126072
Qwen3-32B,openmath,baseline,0,-,2,qwen3_32b_openmath_rollout_baseline_20260712,1,56.58144671100308,77942
Qwen3-32B,openmath,baseline,0,-,2,qwen3_32b_openmath_rollout_baseline_20260712,1,64.84245187300257,130902
Qwen3-32B,openmath,baseline,0,-,2,qwen3_32b_openmath_rollout_baseline_20260712,1,64.84245187300257,131072
Qwen3-32B,openmath,baseline,0,-,2,qwen3_32b_openmath_rollout_baseline_20260712,1,49.40572756500478,68725
Qwen3-32B,openmath,baseline,0,-,2,qwen3_32b_openmath_rollout_baseline_20260712,1,53.758891306002624,83466
Qwen3-32B,openmath,baseline,0,-,2,qwen3_32b_openmath_rollout_baseline_20260712,2,57.45984055599547,65826
Qwen3-32B,openmath,baseline,0,-,2,qwen3_32b_openmath_rollout_baseline_20260712,2,69.56125322499429,131072
Qwen3-32B,openmath,baseline,0,-,2,qwen3_32b_openmath_rollout_baseline_20260712,2,69.56125322499429,131072
Qwen3-32B,openmath,baseline,0,-,2,qwen3_32b_openmath_rollout_baseline_20260712,2,51.789952913997695,64955
Qwen3-32B,openmath,baseline,0,-,2,qwen3_32b_openmath_rollout_baseline_20260712,2,69.56125322499429,131072
Qwen3-32B,openmath,baseline,0,-,2,qwen3_32b_openmath_rollout_baseline_20260712,2,69.56125322499429,99240
Qwen3-32B,openmath,baseline,0,-,2,qwen3_32b_openmath_rollout_baseline_20260712,2,26.758500648000336,27009
Qwen3-32B,openmath,baseline,0,-,2,qwen3_32b_openmath_rollout_baseline_20260712,2,69.5753404749994,131072
Qwen3-32B,openmath,baseline,0,-,2,qwen3_32b_openmath_rollout_baseline_20260712,3,62.85858260199893,131072
Qwen3-32B,openmath,baseline,0,-,2,qwen3_32b_openmath_rollout_baseline_20260712,3,62.85858260199893,131072
Qwen3-32B,openmath,baseline,0,-,2,qwen3_32b_openmath_rollout_baseline_20260712,3,10.417415228999744,19394
Qwen3-32B,openmath,baseline,0,-,2,qwen3_32b_openmath_rollout_baseline_20260712,3,28.955421669001225,47376
Qwen3-32B,openmath,baseline,0,-,2,qwen3_32b_openmath_rollout_baseline_20260712,3,62.85858260199893,131072
Qwen3-32B,openmath,baseline,0,-,2,qwen3_32b_openmath_rollout_baseline_20260712,3,62.85858260199893,131072
Qwen3-32B,openmath,baseline,0,-,2,qwen3_32b_openmath_rollout_baseline_20260712,3,33.39629159899778,47631
Qwen3-32B,openmath,baseline,0,-,2,qwen3_32b_openmath_rollout_baseline_20260712,3,16.92635872199753,26795
Qwen3-32B,openmath,dynamic,5,greedy,2,qwen3_32b_openmath_rollout_dynamic_20260712,0,71.2757361450349,96416
Qwen3-32B,openmath,dynamic,5,greedy,2,qwen3_32b_openmath_rollout_dynamic_20260712,0,77.59485565702198,131072
Qwen3-32B,openmath,dynamic,5,greedy,2,qwen3_32b_openmath_rollout_dynamic_20260712,0,76.83612532098778,131072
Qwen3-32B,openmath,dynamic,5,greedy,2,qwen3_32b_openmath_rollout_dynamic_20260712,0,75.58090944599826,128601
Qwen3-32B,openmath,dynamic,5,greedy,2,qwen3_32b_openmath_rollout_dynamic_20260712,0,77.00886335899122,131072
Qwen3-32B,openmath,dynamic,5,greedy,2,qwen3_32b_openmath_rollout_dynamic_20260712,0,77.99192235298688,130735
Qwen3-32B,openmath,dynamic,5,greedy,2,qwen3_32b_openmath_rollout_dynamic_20260712,0,78.12790717603639,131072
Qwen3-32B,openmath,dynamic,5,greedy,2,qwen3_32b_openmath_rollout_dynamic_20260712,0,79.4553114210139,131072
Qwen3-32B,openmath,dynamic,5,greedy,2,qwen3_32b_openmath_rollout_dynamic_20260712,1,54.602246498980094,100508
Qwen3-32B,openmath,dynamic,5,greedy,2,qwen3_32b_openmath_rollout_dynamic_20260712,1,22.803564848960377,26865
Qwen3-32B,openmath,dynamic,5,greedy,2,qwen3_32b_openmath_rollout_dynamic_20260712,1,55.00776355294511,123001
Qwen3-32B,openmath,dynamic,5,greedy,2,qwen3_32b_openmath_rollout_dynamic_20260712,1,50.714613978983834,77968
Qwen3-32B,openmath,dynamic,5,greedy,2,qwen3_32b_openmath_rollout_dynamic_20260712,1,56.03843695099931,129636
Qwen3-32B,openmath,dynamic,5,greedy,2,qwen3_32b_openmath_rollout_dynamic_20260712,1,56.230655002989806,131072
Qwen3-32B,openmath,dynamic,5,greedy,2,qwen3_32b_openmath_rollout_dynamic_20260712,1,40.65241331694415,68776
Qwen3-32B,openmath,dynamic,5,greedy,2,qwen3_32b_openmath_rollout_dynamic_20260712,1,49.01560308696935,87297
Qwen3-32B,openmath,dynamic,5,greedy,2,qwen3_32b_openmath_rollout_dynamic_20260712,2,46.931713441968895,64955
Qwen3-32B,openmath,dynamic,5,greedy,2,qwen3_32b_openmath_rollout_dynamic_20260712,2,60.42830549099017,131072
Qwen3-32B,openmath,dynamic,5,greedy,2,qwen3_32b_openmath_rollout_dynamic_20260712,2,59.94669618998887,131072
Qwen3-32B,openmath,dynamic,5,greedy,2,qwen3_32b_openmath_rollout_dynamic_20260712,2,49.79257608897751,62516
Qwen3-32B,openmath,dynamic,5,greedy,2,qwen3_32b_openmath_rollout_dynamic_20260712,2,61.705176970979664,131072
Qwen3-32B,openmath,dynamic,5,greedy,2,qwen3_32b_openmath_rollout_dynamic_20260712,2,59.64626369101461,93950
Qwen3-32B,openmath,dynamic,5,greedy,2,qwen3_32b_openmath_rollout_dynamic_20260712,2,19.52623705199221,25732
Qwen3-32B,openmath,dynamic,5,greedy,2,qwen3_32b_openmath_rollout_dynamic_20260712,2,61.06211522902595,131072
Qwen3-32B,openmath,dynamic,5,greedy,2,qwen3_32b_openmath_rollout_dynamic_20260712,3,51.78639911999926,131072
Qwen3-32B,openmath,dynamic,5,greedy,2,qwen3_32b_openmath_rollout_dynamic_20260712,3,51.445895673008636,131072
Qwen3-32B,openmath,dynamic,5,greedy,2,qwen3_32b_openmath_rollout_dynamic_20260712,3,11.352064622042235,19202
Qwen3-32B,openmath,dynamic,5,greedy,2,qwen3_32b_openmath_rollout_dynamic_20260712,3,28.77581843099324,45757
Qwen3-32B,openmath,dynamic,5,greedy,2,qwen3_32b_openmath_rollout_dynamic_20260712,3,53.51989322301233,131072
Qwen3-32B,openmath,dynamic,5,greedy,2,qwen3_32b_openmath_rollout_dynamic_20260712,3,52.06647330103442,131072
Qwen3-32B,openmath,dynamic,5,greedy,2,qwen3_32b_openmath_rollout_dynamic_20260712,3,34.83706750400597,48314
Qwen3-32B,openmath,dynamic,5,greedy,2,qwen3_32b_openmath_rollout_dynamic_20260712,3,18.83209193503717,26755
Qwen3-32B,openmath,fixed_k3,3,greedy,2,qwen3_32b_openmath_rollout_fixed_k3_20260712,0,60.32124358485453,97113
Qwen3-32B,openmath,fixed_k3,3,greedy,2,qwen3_32b_openmath_rollout_fixed_k3_20260712,0,71.39452701993287,131072
Qwen3-32B,openmath,fixed_k3,3,greedy,2,qwen3_32b_openmath_rollout_fixed_k3_20260712,0,69.25517512997612,131072
Qwen3-32B,openmath,fixed_k3,3,greedy,2,qwen3_32b_openmath_rollout_fixed_k3_20260712,0,66.66432304284535,128390
Qwen3-32B,openmath,fixed_k3,3,greedy,2,qwen3_32b_openmath_rollout_fixed_k3_20260712,0,69.97114351391792,131072
Qwen3-32B,openmath,fixed_k3,3,greedy,2,qwen3_32b_openmath_rollout_fixed_k3_20260712,0,71.59648464783095,131072
Qwen3-32B,openmath,fixed_k3,3,greedy,2,qwen3_32b_openmath_rollout_fixed_k3_20260712,0,72.00483084493317,131072
Qwen3-32B,openmath,fixed_k3,3,greedy,2,qwen3_32b_openmath_rollout_fixed_k3_20260712,0,73.15042771794833,131072
Qwen3-32B,openmath,fixed_k3,3,greedy,2,qwen3_32b_openmath_rollout_fixed_k3_20260712,1,54.4264325320255,95809
Qwen3-32B,openmath,fixed_k3,3,greedy,2,qwen3_32b_openmath_rollout_fixed_k3_20260712,1,19.810131710022688,26182
Qwen3-32B,openmath,fixed_k3,3,greedy,2,qwen3_32b_openmath_rollout_fixed_k3_20260712,1,54.76609424687922,127021
Qwen3-32B,openmath,fixed_k3,3,greedy,2,qwen3_32b_openmath_rollout_fixed_k3_20260712,1,48.90301172295585,77605
Qwen3-32B,openmath,fixed_k3,3,greedy,2,qwen3_32b_openmath_rollout_fixed_k3_20260712,1,55.95841538789682,131072
Qwen3-32B,openmath,fixed_k3,3,greedy,2,qwen3_32b_openmath_rollout_fixed_k3_20260712,1,55.60886575188488,131072
Qwen3-32B,openmath,fixed_k3,3,greedy,2,qwen3_32b_openmath_rollout_fixed_k3_20260712,1,46.17530799587257,66556
Qwen3-32B,openmath,fixed_k3,3,greedy,2,qwen3_32b_openmath_rollout_fixed_k3_20260712,1,51.06506590987556,87616
Qwen3-32B,openmath,fixed_k3,3,greedy,2,qwen3_32b_openmath_rollout_fixed_k3_20260712,2,54.01558874291368,65594
Qwen3-32B,openmath,fixed_k3,3,greedy,2,qwen3_32b_openmath_rollout_fixed_k3_20260712,2,61.344953424995765,131072
Qwen3-32B,openmath,fixed_k3,3,greedy,2,qwen3_32b_openmath_rollout_fixed_k3_20260712,2,59.81891735084355,131072
Qwen3-32B,openmath,fixed_k3,3,greedy,2,qwen3_32b_openmath_rollout_fixed_k3_20260712,2,51.72960741980933,62863
Qwen3-32B,openmath,fixed_k3,3,greedy,2,qwen3_32b_openmath_rollout_fixed_k3_20260712,2,63.640690739033744,131072
Qwen3-32B,openmath,fixed_k3,3,greedy,2,qwen3_32b_openmath_rollout_fixed_k3_20260712,2,61.07361621782184,97226
Qwen3-32B,openmath,fixed_k3,3,greedy,2,qwen3_32b_openmath_rollout_fixed_k3_20260712,2,25.097959673963487,26293
Qwen3-32B,openmath,fixed_k3,3,greedy,2,qwen3_32b_openmath_rollout_fixed_k3_20260712,2,62.44542110688053,131072
Qwen3-32B,openmath,fixed_k3,3,greedy,2,qwen3_32b_openmath_rollout_fixed_k3_20260712,3,52.927071704063565,131072
Qwen3-32B,openmath,fixed_k3,3,greedy,2,qwen3_32b_openmath_rollout_fixed_k3_20260712,3,51.92032501799986,131072
Qwen3-32B,openmath,fixed_k3,3,greedy,2,qwen3_32b_openmath_rollout_fixed_k3_20260712,3,11.43296205601655,18815
Qwen3-32B,openmath,fixed_k3,3,greedy,2,qwen3_32b_openmath_rollout_fixed_k3_20260712,3,28.25152543000877,45814
Qwen3-32B,openmath,fixed_k3,3,greedy,2,qwen3_32b_openmath_rollout_fixed_k3_20260712,3,55.348391951061785,131072
Qwen3-32B,openmath,fixed_k3,3,greedy,2,qwen3_32b_openmath_rollout_fixed_k3_20260712,3,53.119376950198784,131072
Qwen3-32B,openmath,fixed_k3,3,greedy,2,qwen3_32b_openmath_rollout_fixed_k3_20260712,3,36.06470345822163,46050
Qwen3-32B,openmath,fixed_k3,3,greedy,2,qwen3_32b_openmath_rollout_fixed_k3_20260712,3,19.42939708614722,26803
Qwen3-32B,swe_verified,baseline,0,-,2,qwen3_32b_swe_verified_rollout_baseline_20260712,0,67.87439670499953,88914
Qwen3-32B,swe_verified,baseline,0,-,2,qwen3_32b_swe_verified_rollout_baseline_20260712,0,67.87439670499953,96878
Qwen3-32B,swe_verified,baseline,0,-,2,qwen3_32b_swe_verified_rollout_baseline_20260712,0,67.87439670499953,75843
Qwen3-32B,swe_verified,baseline,0,-,2,qwen3_32b_swe_verified_rollout_baseline_20260712,0,67.88580189599998,66787
Qwen3-32B,swe_verified,baseline,0,-,2,qwen3_32b_swe_verified_rollout_baseline_20260712,0,67.90403856500052,51628
Qwen3-32B,swe_verified,baseline,0,-,2,qwen3_32b_swe_verified_rollout_baseline_20260712,0,67.90403856500052,109258
Qwen3-32B,swe_verified,baseline,0,-,2,qwen3_32b_swe_verified_rollout_baseline_20260712,0,67.90403856500052,77164
Qwen3-32B,swe_verified,baseline,0,-,2,qwen3_32b_swe_verified_rollout_baseline_20260712,0,67.90403856500052,131072
Qwen3-32B,swe_verified,baseline,0,-,2,qwen3_32b_swe_verified_rollout_baseline_20260712,1,71.3143308689996,107855
Qwen3-32B,swe_verified,baseline,0,-,2,qwen3_32b_swe_verified_rollout_baseline_20260712,1,71.3143308689996,33600
Qwen3-32B,swe_verified,baseline,0,-,2,qwen3_32b_swe_verified_rollout_baseline_20260712,1,71.3143308689996,56594
Qwen3-32B,swe_verified,baseline,0,-,2,qwen3_32b_swe_verified_rollout_baseline_20260712,1,71.3143308689996,128754
Qwen3-32B,swe_verified,baseline,0,-,2,qwen3_32b_swe_verified_rollout_baseline_20260712,1,71.3143308689996,71019
Qwen3-32B,swe_verified,baseline,0,-,2,qwen3_32b_swe_verified_rollout_baseline_20260712,1,71.3143308689996,104806
Qwen3-32B,swe_verified,baseline,0,-,2,qwen3_32b_swe_verified_rollout_baseline_20260712,1,71.3143308689996,125009
Qwen3-32B,swe_verified,baseline,0,-,2,qwen3_32b_swe_verified_rollout_baseline_20260712,1,71.3143308689996,96612
Qwen3-32B,swe_verified,baseline,0,-,2,qwen3_32b_swe_verified_rollout_baseline_20260712,2,64.26479527900119,66165
Qwen3-32B,swe_verified,baseline,0,-,2,qwen3_32b_swe_verified_rollout_baseline_20260712,2,61.81570682700112,60725
Qwen3-32B,swe_verified,baseline,0,-,2,qwen3_32b_swe_verified_rollout_baseline_20260712,2,37.14044374200057,26650
Qwen3-32B,swe_verified,baseline,0,-,2,qwen3_32b_swe_verified_rollout_baseline_20260712,2,64.29843469400112,99762
Qwen3-32B,swe_verified,baseline,0,-,2,qwen3_32b_swe_verified_rollout_baseline_20260712,2,64.29843469400112,76112
Qwen3-32B,swe_verified,baseline,0,-,2,qwen3_32b_swe_verified_rollout_baseline_20260712,2,64.29843469400112,107557
Qwen3-32B,swe_verified,baseline,0,-,2,qwen3_32b_swe_verified_rollout_baseline_20260712,2,64.29843469400112,125183
Qwen3-32B,swe_verified,baseline,0,-,2,qwen3_32b_swe_verified_rollout_baseline_20260712,2,64.29843469400112,92296
Qwen3-32B,swe_verified,baseline,0,-,2,qwen3_32b_swe_verified_rollout_baseline_20260712,3,54.536181690000376,105284
Qwen3-32B,swe_verified,baseline,0,-,2,qwen3_32b_swe_verified_rollout_baseline_20260712,3,54.2714386610005,49598
Qwen3-32B,swe_verified,baseline,0,-,2,qwen3_32b_swe_verified_rollout_baseline_20260712,3,54.536181690000376,68821
Qwen3-32B,swe_verified,baseline,0,-,2,qwen3_32b_swe_verified_rollout_baseline_20260712,3,54.536181690000376,32014
Qwen3-32B,swe_verified,baseline,0,-,2,qwen3_32b_swe_verified_rollout_baseline_20260712,3,26.215780874999837,20455
Qwen3-32B,swe_verified,baseline,0,-,2,qwen3_32b_swe_verified_rollout_baseline_20260712,3,54.555527025999254,90467
Qwen3-32B,swe_verified,baseline,0,-,2,qwen3_32b_swe_verified_rollout_baseline_20260712,3,54.555527025999254,45994
Qwen3-32B,swe_verified,baseline,0,-,2,qwen3_32b_swe_verified_rollout_baseline_20260712,3,54.555527025999254,43263
Qwen3-32B,swe_verified,dynamic,5,greedy,2,qwen3_32b_swe_verified_rollout_dynamic_20260712,0,65.11444685608149,87367
Qwen3-32B,swe_verified,dynamic,5,greedy,2,qwen3_32b_swe_verified_rollout_dynamic_20260712,0,64.76457899413072,98813
Qwen3-32B,swe_verified,dynamic,5,greedy,2,qwen3_32b_swe_verified_rollout_dynamic_20260712,0,64.33452656306326,69774
Qwen3-32B,swe_verified,dynamic,5,greedy,2,qwen3_32b_swe_verified_rollout_dynamic_20260712,0,51.7667154551018,64581
Qwen3-32B,swe_verified,dynamic,5,greedy,2,qwen3_32b_swe_verified_rollout_dynamic_20260712,0,65.58932786202058,58664
Qwen3-32B,swe_verified,dynamic,5,greedy,2,qwen3_32b_swe_verified_rollout_dynamic_20260712,0,65.19302354310639,117347
Qwen3-32B,swe_verified,dynamic,5,greedy,2,qwen3_32b_swe_verified_rollout_dynamic_20260712,0,64.89655720302835,81639
Qwen3-32B,swe_verified,dynamic,5,greedy,2,qwen3_32b_swe_verified_rollout_dynamic_20260712,0,64.68355394201353,131072
Qwen3-32B,swe_verified,dynamic,5,greedy,2,qwen3_32b_swe_verified_rollout_dynamic_20260712,1,64.43047883291729,93505
Qwen3-32B,swe_verified,dynamic,5,greedy,2,qwen3_32b_swe_verified_rollout_dynamic_20260712,1,31.145813059061766,27271
Qwen3-32B,swe_verified,dynamic,5,greedy,2,qwen3_32b_swe_verified_rollout_dynamic_20260712,1,63.614656074903905,58047
Qwen3-32B,swe_verified,dynamic,5,greedy,2,qwen3_32b_swe_verified_rollout_dynamic_20260712,1,63.96077335998416,130877
Qwen3-32B,swe_verified,dynamic,5,greedy,2,qwen3_32b_swe_verified_rollout_dynamic_20260712,1,63.1110764159821,82544
Qwen3-32B,swe_verified,dynamic,5,greedy,2,qwen3_32b_swe_verified_rollout_dynamic_20260712,1,64.98599418997765,109318
Qwen3-32B,swe_verified,dynamic,5,greedy,2,qwen3_32b_swe_verified_rollout_dynamic_20260712,1,64.66390479309484,127758
Qwen3-32B,swe_verified,dynamic,5,greedy,2,qwen3_32b_swe_verified_rollout_dynamic_20260712,1,64.26876360201277,99408
Qwen3-32B,swe_verified,dynamic,5,greedy,2,qwen3_32b_swe_verified_rollout_dynamic_20260712,2,58.31168690486811,76852
Qwen3-32B,swe_verified,dynamic,5,greedy,2,qwen3_32b_swe_verified_rollout_dynamic_20260712,2,53.04838621802628,53140
Qwen3-32B,swe_verified,dynamic,5,greedy,2,qwen3_32b_swe_verified_rollout_dynamic_20260712,2,44.4646058359649,24882
Qwen3-32B,swe_verified,dynamic,5,greedy,2,qwen3_32b_swe_verified_rollout_dynamic_20260712,2,59.11801522690803,101062
Qwen3-32B,swe_verified,dynamic,5,greedy,2,qwen3_32b_swe_verified_rollout_dynamic_20260712,2,58.657914062961936,66175
Qwen3-32B,swe_verified,dynamic,5,greedy,2,qwen3_32b_swe_verified_rollout_dynamic_20260712,2,59.03000055602752,113218
Qwen3-32B,swe_verified,dynamic,5,greedy,2,qwen3_32b_swe_verified_rollout_dynamic_20260712,2,59.94275899697095,108129
Qwen3-32B,swe_verified,dynamic,5,greedy,2,qwen3_32b_swe_verified_rollout_dynamic_20260712,2,59.779164229054004,111908
Qwen3-32B,swe_verified,dynamic,5,greedy,2,qwen3_32b_swe_verified_rollout_dynamic_20260712,3,47.563389512943104,105622
Qwen3-32B,swe_verified,dynamic,5,greedy,2,qwen3_32b_swe_verified_rollout_dynamic_20260712,3,44.82041469588876,40835
Qwen3-32B,swe_verified,dynamic,5,greedy,2,qwen3_32b_swe_verified_rollout_dynamic_20260712,3,45.98323638900183,73787
Qwen3-32B,swe_verified,dynamic,5,greedy,2,qwen3_32b_swe_verified_rollout_dynamic_20260712,3,20.22330835997127,25311
Qwen3-32B,swe_verified,dynamic,5,greedy,2,qwen3_32b_swe_verified_rollout_dynamic_20260712,3,26.673050354933366,19136
Qwen3-32B,swe_verified,dynamic,5,greedy,2,qwen3_32b_swe_verified_rollout_dynamic_20260712,3,49.42752218898386,84508
Qwen3-32B,swe_verified,dynamic,5,greedy,2,qwen3_32b_swe_verified_rollout_dynamic_20260712,3,44.23462675185874,40456
Qwen3-32B,swe_verified,dynamic,5,greedy,2,qwen3_32b_swe_verified_rollout_dynamic_20260712,3,35.750830518780276,36322
Qwen3-32B,swe_verified,fixed_k3,3,greedy,2,qwen3_32b_swe_verified_rollout_fixed_k3_20260712,0,71.4240262659996,72388
Qwen3-32B,swe_verified,fixed_k3,3,greedy,2,qwen3_32b_swe_verified_rollout_fixed_k3_20260712,0,69.96456133999982,91881
Qwen3-32B,swe_verified,fixed_k3,3,greedy,2,qwen3_32b_swe_verified_rollout_fixed_k3_20260712,0,61.814169285999924,67124
Qwen3-32B,swe_verified,fixed_k3,3,greedy,2,qwen3_32b_swe_verified_rollout_fixed_k3_20260712,0,71.73292998899979,69352
Qwen3-32B,swe_verified,fixed_k3,3,greedy,2,qwen3_32b_swe_verified_rollout_fixed_k3_20260712,0,71.0392763939999,58857
Qwen3-32B,swe_verified,fixed_k3,3,greedy,2,qwen3_32b_swe_verified_rollout_fixed_k3_20260712,0,71.38701135300016,123302
Qwen3-32B,swe_verified,fixed_k3,3,greedy,2,qwen3_32b_swe_verified_rollout_fixed_k3_20260712,0,70.64238483000008,83509
Qwen3-32B,swe_verified,fixed_k3,3,greedy,2,qwen3_32b_swe_verified_rollout_fixed_k3_20260712,0,70.63095779200012,131072
Qwen3-32B,swe_verified,fixed_k3,3,greedy,2,qwen3_32b_swe_verified_rollout_fixed_k3_20260712,1,73.53491454399955,86467
Qwen3-32B,swe_verified,fixed_k3,3,greedy,2,qwen3_32b_swe_verified_rollout_fixed_k3_20260712,1,27.253797645000304,29435
Qwen3-32B,swe_verified,fixed_k3,3,greedy,2,qwen3_32b_swe_verified_rollout_fixed_k3_20260712,1,71.48458279400074,57282
Qwen3-32B,swe_verified,fixed_k3,3,greedy,2,qwen3_32b_swe_verified_rollout_fixed_k3_20260712,1,72.56783242399979,127082
Qwen3-32B,swe_verified,fixed_k3,3,greedy,2,qwen3_32b_swe_verified_rollout_fixed_k3_20260712,1,71.6780529660009,76751
Qwen3-32B,swe_verified,fixed_k3,3,greedy,2,qwen3_32b_swe_verified_rollout_fixed_k3_20260712,1,74.17218643399974,96706
Qwen3-32B,swe_verified,fixed_k3,3,greedy,2,qwen3_32b_swe_verified_rollout_fixed_k3_20260712,1,73.71100337400094,131072
Qwen3-32B,swe_verified,fixed_k3,3,greedy,2,qwen3_32b_swe_verified_rollout_fixed_k3_20260712,1,73.20047582400002,95386
Qwen3-32B,swe_verified,fixed_k3,3,greedy,2,qwen3_32b_swe_verified_rollout_fixed_k3_20260712,2,66.97183354299887,73082
Qwen3-32B,swe_verified,fixed_k3,3,greedy,2,qwen3_32b_swe_verified_rollout_fixed_k3_20260712,2,66.97183354299887,60306
Qwen3-32B,swe_verified,fixed_k3,3,greedy,2,qwen3_32b_swe_verified_rollout_fixed_k3_20260712,2,65.56440242099961,25460
Qwen3-32B,swe_verified,fixed_k3,3,greedy,2,qwen3_32b_swe_verified_rollout_fixed_k3_20260712,2,71.39493584699994,99225
Qwen3-32B,swe_verified,fixed_k3,3,greedy,2,qwen3_32b_swe_verified_rollout_fixed_k3_20260712,2,65.52006868499848,69259
Qwen3-32B,swe_verified,fixed_k3,3,greedy,2,qwen3_32b_swe_verified_rollout_fixed_k3_20260712,2,70.0056577209998,104655
Qwen3-32B,swe_verified,fixed_k3,3,greedy,2,qwen3_32b_swe_verified_rollout_fixed_k3_20260712,2,71.5421423709995,116782
Qwen3-32B,swe_verified,fixed_k3,3,greedy,2,qwen3_32b_swe_verified_rollout_fixed_k3_20260712,2,72.26942212799986,112147
Qwen3-32B,swe_verified,fixed_k3,3,greedy,2,qwen3_32b_swe_verified_rollout_fixed_k3_20260712,3,51.38407384399943,101902
Qwen3-32B,swe_verified,fixed_k3,3,greedy,2,qwen3_32b_swe_verified_rollout_fixed_k3_20260712,3,46.32472927900017,48873
Qwen3-32B,swe_verified,fixed_k3,3,greedy,2,qwen3_32b_swe_verified_rollout_fixed_k3_20260712,3,48.81346745799965,60742
Qwen3-32B,swe_verified,fixed_k3,3,greedy,2,qwen3_32b_swe_verified_rollout_fixed_k3_20260712,3,34.51628569599961,26541
Qwen3-32B,swe_verified,fixed_k3,3,greedy,2,qwen3_32b_swe_verified_rollout_fixed_k3_20260712,3,24.710280540000895,19710
Qwen3-32B,swe_verified,fixed_k3,3,greedy,2,qwen3_32b_swe_verified_rollout_fixed_k3_20260712,3,50.49260907000098,85861
Qwen3-32B,swe_verified,fixed_k3,3,greedy,2,qwen3_32b_swe_verified_rollout_fixed_k3_20260712,3,44.88554843400016,42262
Qwen3-32B,swe_verified,fixed_k3,3,greedy,2,qwen3_32b_swe_verified_rollout_fixed_k3_20260712,3,34.55002452000008,35118
